shortID,siteID,basin,state,siteName,siteUse,destinationCode,destinationFlag,dataSource,usbrID,usgsID,cdssID,wyseoID,utdwrID,nmoseID,historicalRecord,decLat,decLong,dest_decLat,dest_decLong,notes,startDate,endDate,no_fill_years
1,div_0001_irrigation,cms,co,cms_co_a_b_coats_ditch,irrigation,102,,CDSS,,,2800719,,,,,38.446497,-106.646579,,,,,,
2,div_0002_irrigation,cms,co,cms_co_a_c_jarvis_no_1_ditch,irrigation,100,,CDSS,,,5900500,,,,,38.91135,-106.928359,,,,,,
3,div_0003_irrigation,cms,co,cms_co_acme_ditch,irrigation,101,,CDSS,,,5900501,,,,,38.769473,-107.077461,,,,,,
4,div_0004_irrigation,cms,co,cms_co_adams_no_1_ditch,irrigation,102;105,,CDSS,,,2800500,,,,,38.538421,-106.905554,,,,,,
5,div_0005_irrigation,cms,co,cms_co_adams_no_2_ditch,irrigation,102;105,,CDSS,,,2800501,,,,,38.53524,-106.910553,,,,,,
6,div_0006_irrigation,cms,co,cms_co_adobe_ditch,irrigation,111,,CDSS,,,4001425,,,,,38.668117,-108.105146,,,,,,
7,div_0007_irrigation,cms,co,cms_co_alber_ditch,irrigation,75,,CDSS,,,3600507,,,,,39.782148,-106.170772,,,,,,
8,div_0008_irrigation,cms,co,cms_co_alexander_ditch,irrigation,115,,CDSS,,,6000507,,,,,37.883892,-107.961715,,,,,,
9,div_0009_irrigation,cms,co,cms_co_alexis_arbaney_ditch,irrigation,93,,CDSS,,,3801121,,,,,39.329249,-106.985649,,,,,,
10,div_0010_intrabasin,cms,co,cms_co_alfalfa_ditch,intrabasin,1730,,CDSS,,,4000751,,,,,38.891272,-107.923585,38.84082,-107.935681,Feeds Fruit Growers Reservoir. Water is also applied to irrigated lands along the canal's path. Water stored in the reservoir is also applied to irrigated lands,,,
11,div_0011_irrigation,cms,co,cms_co_alfred_ditch,irrigation,105,,CDSS,,,5900505,,,,,38.502844,-107.120483,,,,,,
12,div_0012_irrigation,cms,co,cms_co_alkali_ditch,irrigation,129,,CDSS,,,2800505,,,,,38.288348,-106.777344,,,,,,
13,div_0013_irrigation,cms,co,cms_co_alkali_ditch_d_no_80,irrigation,109,,CDSS,,,6800501,,,,,38.1628,-107.648226,,,,,,
14,div_0014_irrigation,cms,co,cms_co_alkali_no_2_ditch,irrigation,109,,CDSS,,,6800502,,,,,38.181241,-107.658345,,,,,,
15,div_0015_irrigation,cms,co,cms_co_alum_gulch_ditch,irrigation,107,,CDSS,,,4000506,,,,,38.737061,-107.708021,,,,,,
16,div_0016_irrigation,cms,co,cms_co_amended_laura_ditch,irrigation,114,,CDSS,,,6100512,,,,,38.332191,-108.900748,,,,,,
17,div_0017_hydropower,cms,co,cms_co_ames_ilium_hydro_proj,hydropower,2302,,CDSS,,,6000511,,,,,37.828516,-107.887333,37.864477,-107.881812,"unclear where actual POD is, but documents on CDSS page indicate water is sourced from Trout Lake. Coordinates near Trout Lake dam used as POD estimate",,,
18,div_0018_irrigation,cms,co,cms_co_andrews_ditch,irrigation,105,,CDSS,,,6200506,,,,,38.26721,-107.082121,,,,,,
19,div_0019_irrigation,cms,co,cms_co_anna_no_1_ditch,irrigation,102,,CDSS,,,2800507,,,,,38.361854,-106.669438,,,,,,
20,div_0020_irrigation,cms,co,cms_co_anna_rozman_ditch,irrigation,100,,CDSS,,,5900510,,,,,38.83915,-106.943552,,,,,,
21,div_0021_irrigation,cms,co,cms_co_april_ditch,irrigation,105,,CDSS,,,5900512,,,,,38.527799,-106.956745,,,,,,
22,div_0022_irrigation,cms,co,cms_co_arbogast_pumping_plant,irrigation,112,,CDSS,,,7201072,,,,,39.157946,-108.781152,,,,,,
23,div_0023_irrigation,cms,co,cms_co_arch_irrigating_ditch,irrigation,102,,CDSS,,,2800510,,,,,38.414652,-106.526727,,,,,,
24,div_0024_irrigation,cms,co,cms_co_arkansas_ditch,irrigation,131,,CDSS,,,7200514,,,,,39.105444,-108.155444,,,,,,
25,div_0025_irrigation,cms,co,cms_co_aspen_canal,irrigation,107,,CDSS,,,4000509,,,,,38.700742,-107.619534,,,,,,
26,div_0026_irrigation,cms,co,cms_co_aspen_ditch,irrigation,107,,CDSS,,,4000508,,,,,38.691723,-107.606249,,,,,,
27,div_0027_irrigation,cms,co,cms_co_atkinson_ditch,irrigation,93,,CDSS,,,3800516,,,,,39.462361,-107.324201,,,,,,
28,div_0028_irrigation,cms,co,cms_co_bartholomew_and_hatch_d,irrigation,117,,CDSS,,,6300501,,,,,38.685258,-108.966919,,,,,,
29,div_0029_irrigation,cms,co,cms_co_basin_ditch,irrigation,93,,CDSS,,,3800528,,,,,39.399821,-107.119928,,,,,,
30,div_0030_irrigation,cms,co,cms_co_battlement_ditch,irrigation,98,,CDSS,,,4500514,,,,,39.436068,-107.978424,,,,,,
31,div_0031_irrigation,cms,co,cms_co_bear_creek_ditch,irrigation,113,,CDSS,,,7100504,,,,,37.567807,-108.185575,,,,,,
32,div_0032_irrigation,cms,co,cms_co_beaver_mesa_ditch,irrigation,116,,CDSS,,,6000521,,,,,37.942823,-108.133554,,,,,,
33,div_0033_irrigation,cms,co,cms_co_becker_no_3_ditch,irrigation,122,,CDSS,,,5000517,,,,,40.119357,-106.286271,,,,,,
34,div_0034_irrigation,cms,co,cms_co_bennett_no_2_ditch,irrigation,102,,CDSS,,,2800514,,,,,38.443282,-106.600926,,,,,,
35,div_0035_irrigation,cms,co,cms_co_bertholf_lanham_updike_d,irrigation,131,,CDSS,,,7200533,,,,,39.182966,-107.952645,,,,,,
36,div_0036_interbasin,cms,co,cms_co_berthoud_canal_and_reservoir_tunnel,interbasin,N/A,-1,CDSS,,,5104625,,,,,39.82716,-105.785302,,,,,,
37,div_0037_irrigation,cms,co,cms_co_biebel_ditches_nos_1&2,irrigation,102,,CDSS,,,2800515,,,,,38.53613,-106.854613,,,,,,
38,div_0038_irrigation,cms,co,cms_co_biebel_no_3_ditch,irrigation,101,,CDSS,,,5900520,,,,,38.612492,-106.926359,,,,,,
39,div_0039_irrigation,cms,co,cms_co_big_blue_ditch,irrigation,105,,CDSS,,,6200528,,,,,38.34618,-107.421904,,,,,,
40,div_0040_irrigation,cms,co,cms_co_big_ditch,irrigation,105,,CDSS,,,6200529,,,,,38.247991,-107.071438,,,,,,
41,div_0041_irrigation,cms,co,cms_co_big_lake_ditch,irrigation,121,,CDSS,,,5100529,,,,,39.970037,-106.158983,,,,,,
42,div_0042_irrigation,cms,co,cms_co_big_monitor_ditch_no_1,irrigation,111,,CDSS,,,4001426,,,,,38.499759,-108.324989,,,,,,
43,div_0043_irrigation,cms,co,cms_co_billy_sanderson_ditch,irrigation,129,,CDSS,,,2800517,,,,,38.197328,-106.839019,,,,,,
44,div_0044_irrigation,cms,co,cms_co_blickley_ditch,irrigation,122,,CDSS,,,5000526,,,,,40.076498,-106.2946,,,,,,
45,div_0045_interbasin,cms,co,cms_co_blue_river_diversion_project,interbasin,N/A,-1,CDSS,,,3604684,,,,,39.616986,-106.044239,,,daily records spotty from 1984-1988,,,
46,div_0046_irrigation,cms,co,cms_co_bluestone_valley_ditch,irrigation,98,,CDSS,,,4500969,,,,,39.382594,-108.13,,,,,,
47,div_0047_irrigation,cms,co,cms_co_bocker_ditch,irrigation,100,,CDSS,,,5900522,,,,,38.81542,-106.909449,,,,,,
48,div_0048_irrigation,cms,co,cms_co_boles_&_manney_d,irrigation,110,,CDSS,,,4100508,,,,,38.687694,-108.019854,,,,,,
49,div_0049_irrigation,cms,co,cms_co_bona_fide_ditch,irrigation,107,,CDSS,,,4000863,,,,,38.774011,-107.957872,,,,,,
50,div_0050_irrigation,cms,co,cms_co_bonham_branch_pipeline,irrigation,131,,CDSS,,,7200542,,,,,39.105339,-107.904943,,,diverted water stored in offstream reservoir (likely Jerry Creek Reservoir or Vega Reservoir) before application to irrigated lands. Part of Collbran Project. May also carry water to Molina Power Plant,,,
51,div_0051_irrigation,cms,co,cms_co_bonita_ditch,irrigation,107,,CDSS,,,4000753,,,,,38.859756,-107.95337,,,,,,
52,div_0052_irrigation,cms,co,cms_co_boram_and_white_ditch,irrigation,93,,CDSS,,,3800545,,,,,39.283781,-107.014773,,,,,,
53,div_0053_interbasin,cms,co,cms_co_boreas_no_2_ditch,interbasin,N/A,-1,CDSS,,,3604685,,,,,39.427071,-105.973119,,,,,,
54,div_0054_irrigation,cms,co,cms_co_bourne_ditch,irrigation,101,,CDSS,,,5900524,,,,,38.751142,-107.024333,,,,,,
55,div_0055_irrigation,cms,co,cms_co_bowles_and_holland_ditch,irrigation,93,,CDSS,,,3800547,,,,,39.367171,-107.202859,,,,,,
56,div_0056_irrigation,cms,co,cms_co_bragg_no_1_ditch,irrigation,126,,CDSS,,,3700519,,,,,39.575918,-106.571055,,,,,,
57,div_0057_irrigation,cms,co,cms_co_brown_&_campion_d,irrigation,111,,CDSS,,,4200510,,,,,38.931429,-108.362325,,,,,,
58,div_0058_irrigation,cms,co,cms_co_buckey_ditch,irrigation,101,,CDSS,,,5900527,,,,,38.697039,-107.05139,,,,,,
59,div_0059_irrigation,cms,co,cms_co_buckey_lehman_ditch,irrigation,101,,CDSS,,,5900528,,,,,38.677689,-106.987466,,,,,,
60,div_0060_irrigation,cms,co,cms_co_bull_basin_highline_d,irrigation,131,,CDSS,,,7200557,,,,,39.122265,-108.037771,,,,,,
61,div_0061_irrigation,cms,co,cms_co_bull_creek_ditch,irrigation,131,,CDSS,,,7200558,,,,,39.167086,-108.071639,,,,,,
62,div_0062_irrigation,cms,co,cms_co_bunte_highline_ditch,irrigation,82,,CDSS,,,5100546,,,,,40.136722,-105.928877,,,,,,
63,div_0063_irrigation,cms,co,cms_co_burkhart_eddy_ditch,irrigation,109,,CDSS,,,6800514,,,,,38.106084,-107.841147,,,,,,
64,div_0064_irrigation,cms,co,cms_co_butte_&_butte_ex_ditch,irrigation,105,,CDSS,,,6200542,,,,,38.337719,-107.477507,,,,,,
65,div_0065_irrigation,cms,co,cms_co_buttes_ditch,irrigation,107,,CDSS,,,4000754,,,,,38.852868,-107.957486,,,,,,
66,div_0066_irrigation,cms,co,cms_co_c_and_m_ditch,irrigation,93,,CDSS,,,3800569,,,,,39.462783,-107.10982,,,,,,
67,div_0067_irrigation,cms,co,cms_co_c_k_p_ditch,irrigation,126,,CDSS,,,3700545,,,,,39.645215,-106.835025,,,,,,
68,div_0068_irrigation,cms,co,cms_co_c_m_stremme_gates_ditch,irrigation,126,,CDSS,,,3700548,,,,,39.647309,-106.878737,,,,,,
69,div_0069_irrigation,cms,co,cms_co_cain_borsum_ditch,irrigation,102,,CDSS,,,2800520,,,,,38.479169,-106.666605,,,,,,
70,div_0070_irrigation,cms,co,cms_co_capitol_falls_ditch,irrigation,93,,CDSS,,,3800572,,,,,39.225722,-107.087376,,,,,,
71,div_0071_irrigation,cms,co,cms_co_capitol_park_ditch,irrigation,93,,CDSS,,,3800573,,,,,39.265305,-107.028083,,,,,,
72,div_0072_irrigation,cms,co,cms_co_carbon_ditch,irrigation,101,,CDSS,,,5900529,,,,,38.780824,-107.023169,,,,,,
73,div_0073_irrigation,cms,co,cms_co_carbondale_ditch,irrigation,93,,CDSS,,,3800574,,,,,39.375101,-107.20182,,,,,,
74,div_0074_municipal,cms,co,cms_co_carbondale_wtr_sys_&_pl,municipal,N/A,,CDSS,,,3801052,,,,,39.291702,-107.202648,,,,,,
75,div_0075_irrigation,cms,co,cms_co_carriere_ditch,irrigation,115,,CDSS,,,6000550,,,,,37.876696,-107.977636,,,,,,
76,div_0076_municipal,cms,co,cms_co_carver_ranch_pipeline,municipal,N/A,,CDSS,,,7201334,,,,,39.157229,-108.142242,,,,,,
77,div_0077_irrigation,cms,co,cms_co_castleton_ditch,irrigation,101,,CDSS,,,5900535,,,,,38.7479,-107.025794,,,,,,
78,div_0078_interbasin,cms,co,cms_co_cbt_alva_b_adams_tunnel,interbasin,N/A,-1,CDSS,,,5104634,,,,,40.241643,-105.801388,,,,,,
79,div_0079_intrabasin,cms,co,cms_co_cbt_willow_creek_feeder,intrabasin,937,,CDSS,,,5100958,,,,,40.148237,-105.940911,40.143063,-105.888679,,,,
80,div_0080_irrigation,cms,co,cms_co_cedar_canyon_iron_springs_ditch,irrigation,107,,CDSS,,,4000504,,,,,38.553608,-107.518328,,,,,,
81,div_0081_irrigation,cms,co,cms_co_cedar_mesa_ditch,irrigation,106;107,,CDSS,,,4000675,,,,,38.979591,-107.86534,,,,,,
82,div_0082_irrigation,cms,co,cms_co_cedar_park_ditch,irrigation,107,,CDSS,,,4000701,,,,,38.944474,-108.028281,,,,,,
83,div_0083_irrigation,cms,co,cms_co_cement_creek_ditch,irrigation,100,,CDSS,,,5900537,,,,,38.812734,-106.878927,,,,,,
84,div_0084_irrigation,cms,co,cms_co_charley_logan_ditch,irrigation,108,,CDSS,,,6800526,,,,,38.085608,-107.707134,,,,,,
85,div_0085_irrigation,cms,co,cms_co_chatfield_bartholomew_d,irrigation,127,,CDSS,,,3700539,,,,,39.614509,-106.963491,,,,,,
86,div_0086_irrigation,cms,co,cms_co_childs_ditch,irrigation,107,,CDSS,,,4000632,,,,,38.94982,-107.920742,,,,,,
87,div_0087_irrigation,cms,co,cms_co_chipeta_beaudry_ditch,irrigation,110,,CDSS,,,4100515,,,,,38.670053,-108.002449,,,,,,
88,div_0088_irrigation,cms,co,cms_co_chittenden_ditch,irrigation,102,,CDSS,,,2800526,,,,,38.517736,-106.675523,,,,,,
89,div_0089_irrigation,cms,co,cms_co_cimarron_canal,irrigation,105,,CDSS,,,6200560,,,,,38.266205,-107.542264,,,,,,
90,div_0090_irrigation,cms,co,cms_co_clark_no_2_ditch,irrigation,102,,CDSS,,,2800528,,,,,38.41312,-106.413235,,,,,,
91,div_0091_irrigation,cms,co,cms_co_clark_no_3_ditch,irrigation,102,,CDSS,,,2800529,,,,,38.416264,-106.51636,,,,,,
92,div_0092_irrigation,cms,co,cms_co_clear_creek_ditch,irrigation,98,,CDSS,,,7000521,,,,,39.49045,-108.321926,,,,,,
93,div_0093_irrigation,cms,co,cms_co_cliff_ditch,irrigation,122,,CDSS,,,5000539,,,,,40.168941,-106.298668,,,,,,
94,div_0094_irrigation,cms,co,cms_co_cliff_ditch_headgate_no_2,irrigation,122,,CDSS,,,5000731,,,,,40.150733,-106.297922,,,,,,
95,div_0095_irrigation,cms,co,cms_co_clough_no_1_ditch,irrigation,98,,CDSS,,,3900532,,,,,39.511602,-107.856862,,,,,,
96,div_0096_irrigation,cms,co,cms_co_clovis_metroz_no_1_ditch,irrigation,102,,CDSS,,,2800530,,,,,38.612428,-106.525799,,,,,,
97,div_0097_irrigation,cms,co,cms_co_coakley_kiggins_ditch,irrigation,131,,CDSS,,,7200574,,,,,39.197583,-107.963434,,,,,,
98,div_0098_irrigation,cms,co,cms_co_coats_bros_ditch,irrigation,102,,CDSS,,,2800532,,,,,38.449004,-106.619341,,,,,,
99,div_0099_irrigation,cms,co,cms_co_cobb_cebolla_cr_d,irrigation,105,,CDSS,,,6200565,,,,,38.22155,-107.073389,,,,,,
100,div_0100_irrigation,cms,co,cms_co_coffee_mcqueary_ditch,irrigation,82,,CDSS,,,5100585,,,,,40.127217,-105.889852,,,,,,
101,div_0101_irrigation,cms,co,cms_co_coffman_&_ww_mutual_d_pl,irrigation,111;112,,CDSS,,,4200635,,,,,38.981611,-108.451443,,,,,,
102,div_0102_irrigation,cms,co,cms_co_cole_ditch,irrigation,102,,CDSS,,,2800534,,,,,38.393514,-106.472259,,,,,,
103,div_0103_irrigation,cms,co,cms_co_cole_nos_1_2_&_3_ditches,irrigation,102,,CDSS,,,2800535,,,,,38.392426,-106.462733,,,,,,
104,div_0104_irrigation,cms,co,cms_co_collier_ditch,irrigation,105,,CDSS,,,6200567,,,,,38.375809,-107.496468,,,,,,
105,div_0105_irrigation,cms,co,cms_co_collins_creek_ditch,irrigation,93,,CDSS,,,3800606,,,,,39.256196,-106.848955,,,,,,
106,div_0106_interbasin,cms,co,cms_co_columbine_ditch_hdg_3,interbasin,N/A,-1,CDSS,,,3704641,,,,,39.381648,-106.24599,,,,,,
107,div_0107_interbasin,cms,co,cms_co_con_hoosier_sys_blue_river_ditch,interbasin,N/A,-1,CDSS,,,3604683,,,,,39.382959,-106.077166,,,,,,
108,div_0108_interbasin,cms,co,cms_co_con_hoosier_tunnel,interbasin,N/A,-1,CDSS,,,3604699,,,,,39.380778,-106.07135,,,"Based on comments in CDSS, diversion records for this site prior to 2011 appear to be included with records for site 3604683. StartDate assigned as 1/1/2011 to prevent double-counting/autofilling in previous years.",1/1/2011,,
109,div_0109_irrigation,cms,co,cms_co_cook_ditch,irrigation,131,,CDSS,,,7200580,,,,,39.277668,-107.955669,,,,,,
110,div_0110_irrigation,cms,co,cms_co_cooper_no_2_d,irrigation,105,,CDSS,,,6200569,,,,,38.517872,-106.992892,,,,,,
111,div_0111_irrigation,cms,co,cms_co_cornell_ditch,irrigation,98,,CDSS,,,3900537,,,,,39.468787,-108.078284,,,,,,
112,div_0112_irrigation,cms,co,cms_co_coryell_ditch,irrigation,98,,CDSS,,,3900539,,,,,39.596535,-107.55734,,,,,,
113,div_0113_irrigation,cms,co,cms_co_coryell_joint_stock_irri,irrigation,98,,CDSS,,,3900540,,,,,39.652209,-107.499851,,,,,,
114,div_0114_irrigation,cms,co,cms_co_cottonwood_branch_pl,irrigation,131,,CDSS,,,7200583,,,,,39.125523,-107.967302,,,diverted water stored in offstream reservoir (likely Jerry Creek Reservoir or Vega Reservoir) before application to irrigated lands. Part of Collbran Project. May also carry water to Molina Power Plant,,,
115,div_0115_irrigation,cms,co,cms_co_cow_creek_ditch,irrigation,107,,CDSS,,,4000918,,,,,38.925516,-107.793397,,,,,,
116,div_0116_irrigation,cms,co,cms_co_cox_and_mcconnell_ditch,irrigation,102,,CDSS,,,2800536,,,,,38.439811,-106.575826,,,,,,
117,div_0117_irrigation,cms,co,cms_co_coyote_ditch,irrigation,130,,CDSS,,,4001105,,,,,38.98304,-107.389591,,,,,,
118,div_0118_irrigation,cms,co,cms_co_crane_and_peebles_ditch,irrigation,93,,CDSS,,,3800618,,,,,39.414734,-107.218828,,,,,,
119,div_0119_irrigation,cms,co,cms_co_crarys_los_pinos_ditch,irrigation,129,,CDSS,,,2800539,,,,,38.228276,-106.774418,,,,,,
120,div_0120_irrigation,cms,co,cms_co_craver_ditch,irrigation,116,,CDSS,,,6000569,,,,,37.947573,-108.451213,,,,,,
121,div_0121_irrigation,cms,co,cms_co_crawford_clipper_ditch,irrigation,107,,CDSS,,,4000500,,,,,38.706566,-107.591472,,,,,,
122,div_0122_irrigation,cms,co,cms_co_creamery_ditch,irrigation,126,,CDSS,,,3700560,,,,,39.615491,-106.614865,,,,,,
123,div_0123_irrigation,cms,co,cms_co_creek_and_newman_ditch,irrigation,98,,CDSS,,,7000530,,,,,39.435757,-108.288622,,,,,,
124,div_0124_irrigation,cms,co,cms_co_cronenberg_ditch,irrigation,109,,CDSS,,,6800538,,,,,38.037252,-107.861724,,,,,,
125,div_0125_irrigation,cms,co,cms_co_crooked_creek_ditch_no_1,irrigation,122,,CDSS,,,5100594,,,,,39.947683,-105.87811,,,,,,
126,div_0126_irrigation,cms,co,cms_co_crystal_valley_ditch,irrigation,105,,CDSS,,,4000533,,,,,38.553574,-107.500622,,,,,,
127,div_0127_irrigation,cms,co,cms_co_cunningham_ditch,irrigation,101,,CDSS,,,5900542,,,,,38.695402,-107.064566,,,,,,
128,div_0128_irrigation,cms,co,cms_co_cunningham_wastewater_d,irrigation,101,,CDSS,,,5900847,,,,,38.599801,-106.917798,,,,,,
129,div_0129_irrigation,cms,co,cms_co_currant_creek_ditch,irrigation,107,,CDSS,,,4000919,,,,,38.917632,-107.795324,,,,,,
130,div_0130_irrigation,cms,co,cms_co_cutjo_ditch,irrigation,102,,CDSS,,,2800542,,,,,38.562615,-106.63061,,,,,,
131,div_0131_irrigation,cms,co,cms_co_daggett_and_parker_ditch,irrigation,127,,CDSS,,,3700561,,,,,39.595286,-106.96969,,,,,,
132,div_0132_irrigation,cms,co,cms_co_daisy_ditch,irrigation,107,,CDSS,,,4000536,,,,,38.714341,-107.559611,,,,,,
133,div_0133_irrigation,cms,co,cms_co_dallas_ditch,irrigation,109,,CDSS,,,6800543,,,,,38.135115,-107.816811,,,,,,
134,div_0134_irrigation,cms,co,cms_co_davenport_ditch,irrigation,98,,CDSS,,,3900546,,,,,39.587659,-108.108317,,,,,,
135,div_0135_irrigation,cms,co,cms_co_davie_ditch,irrigation,98,,CDSS,,,3900547,,,,,39.626524,-107.757663,,,,,,
136,div_0136_irrigation,cms,co,cms_co_davis_brothers_ditch,irrigation,111,,CDSS,,,4001428,,,,,38.469974,-108.422554,,,,,,
137,div_0137_irrigation,cms,co,cms_co_dean_irrigating_ditch,irrigation,105,,CDSS,,,5900544,,,,,38.542162,-107.049437,,,,,,
138,div_0138_irrigation,cms,co,cms_co_deberard_ditch_overflow_system,irrigation,122,,CDSS,,,5000734,,,,,40.062842,-106.393737,,,"start of record in CDSS is 1996, but water rights associated with this diversion are quite old. Assuming diversion was active throughout entire model period ",,,
139,div_0139_irrigation,cms,co,cms_co_derby_ditch,irrigation,127,,CDSS,,,5300555,,,,,39.942839,-107.066632,,,,,,
140,div_0140_irrigation,cms,co,cms_co_desert_ditch,irrigation,93,,CDSS,,,3800639,,,,,39.24544,-107.036757,,,,,,
141,div_0141_irrigation,cms,co,cms_co_deweese_ditch,irrigation,98,,CDSS,,,3900548,,,,,39.644328,-107.446499,,,,,,
142,div_0142_irrigation,cms,co,cms_co_dillsworth_ditch,irrigation,100,,CDSS,,,5900546,,,,,38.837406,-106.938435,,,,,,
143,div_0143_irrigation,cms,co,cms_co_disappointment_ditch,irrigation,114,,CDSS,,,6900503,,,,,37.908539,-108.647185,,,,,,
144,div_0144_irrigation,cms,co,cms_co_ditch_no_3_ditch,irrigation,130,,CDSS,,,4001115,,,,,39.125983,-107.422975,,,,,,
145,div_0145_irrigation,cms,co,cms_co_divide_creek_highline_d,irrigation,98,,CDSS,,,4500576,,,,,39.34696,-107.588777,,,,,,
146,div_0146_irrigation,cms,co,cms_co_doc_wade_ditch,irrigation,109,,CDSS,,,6800559,,,,,38.095954,-107.813596,,,,,,
147,div_0147_irrigation,cms,co,cms_co_dolores_tunnel,irrigation,134;137;138,-996,CDSS,,,7104675,,,,,37.477114,-108.541475,,,"Major structure associated with Dolores Project. Transbasin water directly applied to irrigated lands. Start date listed as 1/1/1985, since tunnel began operation in 1985 (https://www.usbr.gov/projects/pdf.php?id=113)",1/1/1985,,
148,div_0148_irrigation,cms,co,cms_co_dow_ditch,irrigation,98,,CDSS,,,4500572,,,,,39.508305,-107.518885,,,,,,
149,div_0149_irrigation,cms,co,cms_co_duber_ditch,irrigation,102,,CDSS,,,2800548,,,,,38.436282,-106.762772,,,,,,
150,div_0150_irrigation,cms,co,cms_co_dunn_and_watters_ditch,irrigation,102,,CDSS,,,2800550,,,,,38.416155,-106.51574,,,,,,
151,div_0151_irrigation,cms,co,cms_co_durkee_ditch,irrigation,107,,CDSS,,,4000797,,,,,38.884931,-107.846638,,,,,,
152,div_0152_irrigation,cms,co,cms_co_dyer_fork_ditch,irrigation,105,,CDSS,,,4000543,,,,,38.569298,-107.489989,,,,,,
153,div_0153_irrigation,cms,co,cms_co_dyke_creek_ditch,irrigation,130,,CDSS,,,4001121,,,,,39.115207,-107.573389,,,,,,
154,div_0154_irrigation,cms,co,cms_co_eagle_ditch_1,irrigation,107,,CDSS,,,4000703,,,,,38.949425,-108.035714,,,,,,
155,div_0155_irrigation,cms,co,cms_co_eagle_ditch_2,irrigation,115,,CDSS,,,6000583,,,,,38.07014,-107.904993,,,,,,
156,div_0156_irrigation,cms,co,cms_co_east_canal,irrigation,110,,CDSS,,,4100520,,,,,38.590558,-107.978401,,,,,,
157,div_0157_irrigation,cms,co,cms_co_east_divide_creek_ditch,irrigation,98,,CDSS,,,4500584,,,,,39.444091,-107.603829,,,,,,
158,div_0158_irrigation,cms,co,cms_co_east_krueger_ditch,irrigation,102,,CDSS,,,2800551,,,,,38.436737,-106.762486,,,,,,
159,div_0159_irrigation,cms,co,cms_co_east_mesa_ditch,irrigation,93,,CDSS,,,3800651,,,,,39.293953,-107.215531,,,,,,
160,div_0160_irrigation,cms,co,cms_co_east_river_no_1_ditch,irrigation,100,,CDSS,,,5900549,,,,,38.778782,-106.870484,,,,,,
161,div_0161_irrigation,cms,co,cms_co_east_river_no_2_ditch,irrigation,100,,CDSS,,,5900550,,,,,38.838585,-106.914469,,,,,,
162,div_0162_municipal,cms,co,cms_co_east_snowmass_brush_c_pl,municipal,N/A,,CDSS,,,3801441,,,,,39.18949,-106.985552,,,,,,
163,div_0163_irrigation,cms,co,cms_co_easton_ditch,irrigation,116,,CDSS,,,6000585,,,,,38.269373,-108.246088,,,,,,
164,div_0164_irrigation,cms,co,cms_co_ed_ward_ditch,irrigation,75,,CDSS,,,3600603,,,,,39.702608,-106.106556,,,,,,
165,div_0165_irrigation,cms,co,cms_co_eli_cerise_ditch,irrigation,93,,CDSS,,,3800659,,,,,39.290885,-106.910288,,,,,,
166,div_0166_irrigation,cms,co,cms_co_elk_creek_ditch_1,irrigation,93,,CDSS,,,3800660,,,,,39.225337,-107.018244,,,,,,
167,div_0167_irrigation,cms,co,cms_co_elk_creek_ditch_2,irrigation,115,,CDSS,,,6000588,,,,,37.88432,-108.021734,,,,,,
168,div_0168_irrigation,cms,co,cms_co_elk_horn_stomp_ditch,irrigation,130,,CDSS,,,4001126,,,,,38.99497,-107.289384,,,,,,
169,div_0169_irrigation,cms,co,cms_co_ella_ditch,irrigation,93,,CDSS,,,3800663,,,,,39.339813,-107.207847,,,,,,
170,div_0170_intrabasin,cms,co,cms_co_elliott_creek_feeder,intrabasin,1143,,CDSS,,,3600606,,,,,39.876806,-106.341926,39.875424,-106.329262,,,,1999;2000;2001;2002
171,div_0171_irrigation,cms,co,cms_co_elsen_cochetopa_ditch,irrigation,102,,CDSS,,,2800553,,,,,38.509862,-106.778029,,,,,,
172,div_0172_irrigation,cms,co,cms_co_elsen_vader_ditch,irrigation,102,,CDSS,,,2800554,,,,,38.50511,-106.750711,,,,,,
173,div_0173_irrigation,cms,co,cms_co_elze_webber_ditch,irrigation,101,,CDSS,,,5900554,,,,,38.768777,-107.097767,,,,,,
174,div_0174_irrigation,cms,co,cms_co_ernest_vouga_ditch,irrigation,102,,CDSS,,,2800781,,,,,38.356368,-106.664849,,,,,,
175,div_0175_irrigation,cms,co,cms_co_eureka_no_1_ditch,irrigation,93,,CDSS,,,3800667,,,,,39.468412,-107.073374,,,,,,
176,div_0176_irrigation,cms,co,cms_co_everlasting_ditch,irrigation,111,,CDSS,,,4001435,,,,,38.511241,-108.361726,,,,,,
177,div_0177_interbasin,cms,co,cms_co_ewing_ditch,interbasin,N/A,-1,CDSS,,,3704642,,,,,39.365157,-106.292021,,,,,,
178,div_0178_irrigation,cms,co,cms_co_farris_south_side_ditch,irrigation,122,,CDSS,,,5100629,,,,,40.061009,-106.21494,,,,,,
179,div_0179_irrigation,cms,co,cms_co_field_and_vader_ditch,irrigation,102,,CDSS,,,2800557,,,,,38.530478,-106.662235,,,,,,
180,div_0180_irrigation,cms,co,cms_co_filmore_ditch,irrigation,130,,CDSS,,,4001132,,,,,38.992002,-107.293283,,,,,,
181,div_0181_irrigation,cms,co,cms_co_fire_mountain_canal,irrigation,107,,CDSS,,,4001133,,,,,38.927269,-107.478171,,,,,,
182,div_0182_irrigation,cms,co,cms_co_fisher_ditch_enlargement,irrigation,100,,CDSS,,,5900556,,,,,38.731446,-106.858837,,,,,,
183,div_0183_irrigation,cms,co,cms_co_flick_ditch,irrigation,102,,CDSS,,,2800558,,,,,38.566184,-106.626054,,,,,,
184,div_0184_irrigation,cms,co,cms_co_forrest_ditch,irrigation,107,,CDSS,,,4000758,,,,,38.873405,-107.939091,,,,,,
185,div_0185_irrigation,cms,co,cms_co_foster_ditch_no_1,irrigation,105,,CDSS,,,6200602,,,,,38.258674,-107.075753,,,,,,
186,div_0186_irrigation,cms,co,cms_co_four_mile_ditch,irrigation,93,,CDSS,,,3800688,,,,,39.480204,-107.317203,,,,,,
187,div_0187_irrigation,cms,co,cms_co_frank_adams_d_no_2,irrigation,105,,CDSS,,,6200605,,,,,38.518914,-106.98566,,,,,,
188,div_0188_irrigation,cms,co,cms_co_frank_adams_no_1_ditch,irrigation,105,,CDSS,,,5900558,,,,,38.518857,-106.97303,,,,,,
189,div_0189_interbasin,cms,co,cms_co_fraser_river_diversion_project_vasquez_creek,interbasin,N/A,-1,CDSS,,,5101310,,,,,39.865505,-105.820273,,,diverts natural flows in Vasquez Creek AND rediverts water imported from Williams Fork Basin. Delivers water directly to Moffat Water Tunnel where it is exported across continental divide.,1/1/2011,,
190,div_0190_intrabasin,cms,co,cms_co_fruitland_canal,intrabasin,1881,,CDSS,,,4000549,,,,,38.553484,-107.522408,38.600617,-107.574385,feeds Gould Reservoir; likely irrigation storage,,,
191,div_0191_interbasin,cms,co,cms_co_fry_ark_pr_boustead_tunnel,interbasin,N/A,-1,CDSS,,,3804625,,,,,39.244401,-106.530537,,,"main structure associated with Fry-Ark project. This tunnel exports all diverted Fry-Ark project water out of the UCRB. Smaller structures that feed this tunnel have limited time series records, but are provided in ""ucrb_diversions_no_records.csv""",,,
192,div_0192_irrigation,cms,co,cms_co_galbraith_ditch,irrigation,131,,CDSS,,,7200628,,,,,39.225382,-107.813941,,,,,,
193,div_0193_irrigation,cms,co,cms_co_galloway_ditch,irrigation,114,,CDSS,,,6100502,,,,,38.331759,-108.900485,,,,,,
194,div_0194_irrigation,cms,co,cms_co_garden_ditch,irrigation,101,,CDSS,,,5900560,,,,,38.595284,-106.904198,,,,,,
195,div_0195_irrigation,cms,co,cms_co_garnet_ditch,irrigation,110,,CDSS,,,4100527,,,,,38.664208,-108.004801,,,,,,
196,div_0196_irrigation,cms,co,cms_co_george_andrews_no_1_d,irrigation,105,,CDSS,,,6200612,,,,,38.518914,-106.98566,,,,,,
197,div_0197_irrigation,cms,co,cms_co_george_kapushion_ditch,irrigation,100,,CDSS,,,5900912,,,,,38.888979,-106.995798,,,,,,
198,div_0198_irrigation,cms,co,cms_co_gilbertson_no_1_ditch,irrigation,102,,CDSS,,,2800564,,,,,38.398981,-106.493852,,,,,,
199,div_0199_irrigation,cms,co,cms_co_gleason_irrigating_ditch,irrigation,101,,CDSS,,,5900563,,,,,38.632694,-106.944855,,,,,,
200,div_0200_irrigation,cms,co,cms_co_glencoe_ditch,irrigation,116,,CDSS,,,6000607,,,,,38.355636,-108.331697,,,,,,
201,div_0201_irrigation,cms,co,cms_co_glenwood_ditch,irrigation,93,,CDSS,,,3800712,,,,,39.417669,-107.232604,,,,,,
202,div_0202_municipal,cms,co,cms_co_glenwood_l_wtr_co_sys_grizzly,municipal,N/A,,CDSS,,,5301051,,,,,39.60923,-107.271278,,,,,,
203,div_0203_municipal,cms,co,cms_co_glenwood_l_wtr_co_sys_no_name,municipal,N/A,,CDSS,,,5300585,,,,,39.569685,-107.292558,,,,,,
204,div_0204_irrigation,cms,co,cms_co_golden_age_ditch,irrigation,131,,CDSS,,,7200643,,,,,39.179755,-107.951017,,,,,,
205,div_0205_irrigation,cms,co,cms_co_goodrich_ditch,irrigation,102,,CDSS,,,2800566,,,,,38.464841,-106.645286,,,,,,
206,div_0206_irrigation,cms,co,cms_co_goodwin_and_wright_ditch,irrigation,102;105,,CDSS,,,2800567,,,,,38.534339,-106.924834,,,,,,
207,div_0207_irrigation,cms,co,cms_co_goodwin_knox_ditch,irrigation,105,,CDSS,,,5900564,,,,,38.529618,-106.95684,,,,,,
208,div_0208_irrigation,cms,co,cms_co_gooseberry_mesa_irg_d,irrigation,101,,CDSS,,,5900566,,,,,38.654325,-106.955897,,,,,,
209,div_0209_irrigation,cms,co,cms_co_gove_ditch,irrigation,107,,CDSS,,,4000554,,,,,38.757523,-107.524527,,,,,,
210,div_0210_irrigation,cms,co,cms_co_government_ditch,irrigation,129,,CDSS,,,2800568,,,,,38.199646,-106.819812,,,,,,
211,div_0211_irrigation,cms,co,cms_co_grace_and_shehi_ditch,irrigation,93,,CDSS,,,3800715,,,,,39.346423,-107.013357,,,,,,
212,div_0212_irrigation,cms,co,cms_co_granby_ditch_fr_ward_cr,irrigation,107,,CDSS,,,4000713,,,,,38.961992,-107.973814,,,,,,
213,div_0213_municipal,cms,co,cms_co_grand_jct_colo_r_pl,municipal,N/A,,CDSS,,,7200644,,,,,39.127624,-108.325973,,,,,,
214,div_0214_municipal,cms,co,cms_co_grand_junction_gunnison_river_pipeline,municipal,N/A,,CDSS,,,4200520,,,,,39.028311,-108.563554,,,,,,
215,div_0215_interbasin,cms,co,cms_co_grand_river_ditch,interbasin,N/A,-1,CDSS,,,5104601,,,,,40.476503,-105.822932,,,This is a very long collection ditch that collects water off the Never Summer Mountains. Point of diversion is simulated as the start of the Colorado River due to extent of collection ditch (collects snowmelt runnoff from large portion of south slope of mountain range),,,
216,div_0216_irrigation,cms,co,cms_co_grand_tunnel_ditch,irrigation,98,,CDSS,,,3900574,,,,,39.59676,-107.765657,,,,,,
217,div_0217_irrigation,cms,co,cms_co_grand_valley_canal,irrigation,112,,CDSS,,,7200645,,,,,39.101364,-108.350229,,,,,,
218,div_0218_irrigation,cms,co,cms_co_grand_valley_project,irrigation,112,,CDSS,,,7200646,,,,,39.188803,-108.282626,,,"Main structure that heads on Colorado River is Government Highline Canal. Orchard Mesa Canal, another major canal, heads on Government Highline Canal slightly downstream of POD, but Orchard Mesa is not included since flows should be reflected in Grand Valley records.",,,
219,div_0219_irrigation,cms,co,cms_co_grandview_canal,irrigation,107,,CDSS,,,4000503,,,,,38.700868,-107.605454,,,,,,
220,div_0220_irrigation,cms,co,cms_co_granlee_ditch,irrigation,98,,CDSS,,,3900562,,,,,39.561707,-108.114012,,,,,,
221,div_0221_irrigation,cms,co,cms_co_grass_valley_canal,irrigation,98,,CDSS,,,3900563,,,,,39.675752,-107.698383,,,"primarily feeds Grass Valley Reservoir and also delivers water to irrigated lands along the canal. No stream segment associated with grass valley reservoir. Water stored in grass valley reservoir prior to irrigation. Has monthly records for all of model period, but lacks daily diversion records for some years",,,
222,div_0222_irrigation,cms,co,cms_co_grass_valley_reservoir,irrigation,98,,CDSS,,,3903505,,,,,39.60584,-107.660821,,,,,,
223,div_0223_irrigation,cms,co,cms_co_great_cut_dike,irrigation,134;137,-999,CDSS,,,7104676,,,,,37.510642,-108.586669,,,"Major structure associated with Dolores Project. Transbasin water directly applied to irrigated lands. Start date listed as 1/1/1986, since tunnel began operation in 1986 (https://www.usbr.gov/projects/pdf.php?id=113)",1/1/1986,,
224,div_0224_irrigation,cms,co,cms_co_green_meadow_ditch,irrigation,93,,CDSS,,,3800720,,,,,39.245678,-107.037054,,,,,,
225,div_0225_irrigation,cms,co,cms_co_green_mountain_canal,irrigation,75,,CDSS,,,3600642,,,,,39.777168,-106.158847,,,,,,
226,div_0226_irrigation,cms,co,cms_co_griffing_no_1_ditch,irrigation,102,,CDSS,,,2800571,,,,,38.526562,-106.841956,,,,,,
227,div_0227_irrigation,cms,co,cms_co_griffith_ditch,irrigation,82,,CDSS,,,5100686,,,,,40.0836,-105.945877,,,,,,
228,div_0228_irrigation,cms,co,cms_co_grove_cr_ditch_co_no_1_d,irrigation,131,,CDSS,,,7200649,,,,,39.185197,-107.90404,,,,,,
229,div_0229_irrigation,cms,co,cms_co_guenther_no_1_ditch,irrigation,102,,CDSS,,,2800573,,,,,38.466546,-106.763096,,,,,,
230,div_0230_irrigation,cms,co,cms_co_guenther_no_2_ditch,irrigation,102,,CDSS,,,2800574,,,,,38.476806,-106.763312,,,,,,
231,div_0231_irrigation,cms,co,cms_co_gullett_tomichi_irg_d,irrigation,102,,CDSS,,,2800576,,,,,38.540806,-106.877829,,,,,,
232,div_0232_irrigation,cms,co,cms_co_gunderson_carter_ditch,irrigation,131,,CDSS,,,7200652,,,,,39.274641,-107.756034,,,,,,
233,div_0233_irrigation,cms,co,cms_co_gunnison_&_ohio_creek_canal,irrigation,101,,CDSS,,,5900569,,,,,38.616512,-106.875839,,,,,,
234,div_0234_irrigation,cms,co,cms_co_gunnison_r_ohio_cr_irg_d,irrigation,101,,CDSS,,,5900570,,,,,38.652816,-106.860618,,,,,,
235,div_0235_irrigation,cms,co,cms_co_gunnison_town_ditch,irrigation,101,,CDSS,,,5900572,,,,,38.584061,-106.916036,,,,,,
236,div_0236_irrigation,cms,co,cms_co_guthrie_thomas_ditch,irrigation,75,,CDSS,,,3600645,,,,,39.83886,-106.350303,,,,,,
237,div_0237_irrigation,cms,co,cms_co_gutzler_ditch,irrigation,127,,CDSS,,,5200559,,,,,39.908062,-106.475294,,,,,,
238,div_0238_irrigation,cms,co,cms_co_h_and_s_ditch,irrigation,98,,CDSS,,,4500616,,,,,39.475637,-107.9093,,,,,,
239,div_0239_irrigation,cms,co,cms_co_h_m_s_relocated_ditch,irrigation,127,,CDSS,,,5300767,,,,,39.800318,-107.159066,,,,,,
240,div_0240_irrigation,cms,co,cms_co_h_o_r_ditch,irrigation,127,,CDSS,,,3700655,,,,,39.574188,-106.959442,,,,,,
241,div_0241_irrigation,cms,co,cms_co_h_v_c_and_s_ditch,irrigation,98,,CDSS,,,7000550,,,,,39.488786,-108.349758,,,,,,
242,div_0242_irrigation,cms,co,cms_co_halley_ditch,irrigation,111,,CDSS,,,4001436,,,,,38.681545,-108.126909,,,,,,
243,div_0243_irrigation,cms,co,cms_co_hamilton_davidson_ditch,irrigation,75,,CDSS,,,3600649,,,,,39.772571,-106.178713,,,no reliable records from 2011-2015. Diversions simulated with averages for these years,,,
244,div_0244_irrigation,cms,co,cms_co_hammond_no_1_ditch,irrigation,82,,CDSS,,,5100699,,,,,39.952086,-105.814364,,,,,,
245,div_0245_irrigation,cms,co,cms_co_hammond_no_2_ditch,irrigation,122,,CDSS,,,5100700,,,,,39.949521,-105.822856,,,,,,
246,div_0246_irrigation,cms,co,cms_co_hannah_j_winters_no_2d,irrigation,102,,CDSS,,,2800577,,,,,38.490584,-106.702445,,,,,,
247,div_0247_irrigation,cms,co,cms_co_hardscrabble_ditch,irrigation,122,,CDSS,,,5000574,,,,,40.16345,-106.491894,,,,,,
248,div_0248_irrigation,cms,co,cms_co_harris_&_reed_ditch,irrigation,93,,CDSS,,,3800740,,,,,39.374945,-107.084605,,,,,,
249,div_0249_irrigation,cms,co,cms_co_harris_bohm_potato_ditch,irrigation,101,,CDSS,,,5900578,,,,,38.639738,-106.945023,,,,,,
250,div_0250_irrigation,cms,co,cms_co_harris_ditch,irrigation,129,,CDSS,,,2800578,,,,,38.281463,-106.761228,,,,,,
251,div_0251_irrigation,cms,co,cms_co_hartland_ditch,irrigation,107;111,,CDSS,,,4000879,,,,,38.769088,-108.041835,,,,,,
252,div_0252_irrigation,cms,co,cms_co_hartman_mcintyre_ditch,irrigation,107,,CDSS,,,4000557,,,,,38.6317,-107.554382,,,,,,
253,div_0253_irrigation,cms,co,cms_co_hartman_waste_wtr_irg_d,irrigation,102;105,,CDSS,,,2800579,,,,,38.538928,-106.915428,,,,,,
254,div_0254_irrigation,cms,co,cms_co_hawes_bergen_gilbertson,irrigation,102,,CDSS,,,2800580,,,,,38.401167,-106.498386,,,,,,
255,div_0255_irrigation,cms,co,cms_co_hawkins_ditch,irrigation,111,,CDSS,,,4001437,,,,,38.51143,-108.361104,,,,,,
256,div_0256_irrigation,cms,co,cms_co_haypark_canal_hgt_no_1,irrigation,122,,CDSS,,,5000576,,,,,40.172719,-106.260008,,,,,,2004;2010;2011;2012;2013;2014;2015
257,div_0257_irrigation,cms,co,cms_co_hazard_ditch,irrigation,129,,CDSS,,,2800581,,,,,38.249037,-106.759587,,,,,,
258,div_0258_irrigation,cms,co,cms_co_head_and_cortay_no_3_d,irrigation,102,,CDSS,,,2800582,,,,,38.517124,-106.785216,,,,,,
259,div_0259_irrigation,cms,co,cms_co_head_and_cortay_no_4_d,irrigation,102,,CDSS,,,2800583,,,,,38.521623,-106.792118,,,,,,
260,div_0260_industrial,cms,co,cms_co_henderson_mine_water_system,industrial,121,,CDSS,,,5101070,,,,,39.843359,-106.08186,,,,,,
261,div_0261_irrigation,cms,co,cms_co_henry_purrier_ohio_cr_d,irrigation,101,,CDSS,,,5900580,,,,,38.662541,-106.97145,,,,,,
262,div_0262_irrigation,cms,co,cms_co_henry_trenchard_ditch,irrigation,109,,CDSS,,,6800603,,,,,38.146891,-107.813077,,,,,,
263,div_0263_irrigation,cms,co,cms_co_herde_ditch,irrigation,122,,CDSS,,,5000582,,,,,40.163123,-106.466699,,,,,,
264,div_0264_irrigation,cms,co,cms_co_herrick_ditch,irrigation,93,,CDSS,,,3800749,,,,,39.142621,-106.894552,,,,,,
265,div_0265_irrigation,cms,co,cms_co_hieland_ditch,irrigation,109;110,,CDSS,,,6800604,,,,,38.325107,-107.777639,,,,,,
266,div_0266_irrigation,cms,co,cms_co_high_miller_ditch,irrigation,75,,CDSS,,,3600660,,,,,39.795954,-106.163356,,,,,,
267,div_0267_irrigation,cms,co,cms_co_highland_ditch,irrigation,99,,CDSS,,,5900584,,,,,38.761931,-106.662552,,,,,,
268,div_0268_irrigation,cms,co,cms_co_highline_canal,irrigation,116,,CDSS,,,6000633,,,,,38.228801,-108.35912,,,,,,
269,div_0269_irrigation,cms,co,cms_co_highline_ditch_1,irrigation,75,,CDSS,,,3600658,,,,,39.652806,-106.104165,,,,,,
270,div_0270_irrigation,cms,co,cms_co_highline_ditch_2,irrigation,107,,CDSS,,,4000923,,,,,38.896575,-107.795052,,,,,,
271,div_0271_irrigation,cms,co,cms_co_highline_ditch_3,irrigation,101,,CDSS,,,5900585,,,,,38.753816,-107.094867,,,,,,
272,div_0272_irrigation,cms,co,cms_co_highwater_ditch,irrigation,127,,CDSS,,,5300621,,,,,40.033126,-106.923248,,,,,,
273,div_0273_irrigation,cms,co,cms_co_hildebrand_no_2_ditch,irrigation,101,,CDSS,,,5900587,,,,,38.632869,-106.94463,,,,,,
274,div_0274_irrigation,cms,co,cms_co_hinkle_hamilton_ditch,irrigation,101,,CDSS,,,5900588,,,,,38.700297,-106.99859,,,,,,
275,div_0275_irrigation,cms,co,cms_co_hinkle_irg_ditch,irrigation,101,,CDSS,,,5900589,,,,,38.701081,-106.998025,,,,,,
276,div_0276_irrigation,cms,co,cms_co_hirdman_ditch_no_3,irrigation,102,,CDSS,,,2800586,,,,,38.414579,-106.661271,,,,,,
277,div_0277_irrigation,cms,co,cms_co_hoagland_canal_elliot,irrigation,75,,CDSS,,,3600662,,,,,39.857663,-106.346416,,,,,,
278,div_0278_irrigation,cms,co,cms_co_hog_eye_ditch,irrigation,127,,CDSS,,,5200572,,,,,39.863914,-106.471881,,,,,,
279,div_0279_irrigation,cms,co,cms_co_hogback_ditch,irrigation,122,,CDSS,,,5000585,,,,,40.142085,-106.466129,,,,,,
280,div_0280_irrigation,cms,co,cms_co_holden_ditch,irrigation,93,,CDSS,,,3800755,,,,,39.185254,-106.835679,,,,,,
281,div_0281_irrigation,cms,co,cms_co_hollingsworth_ditch,irrigation,126,,CDSS,,,3700642,,,,,39.689742,-106.746049,,,,,,
282,div_0282_irrigation,cms,co,cms_co_holmes_ditch,irrigation,98,,CDSS,,,4500632,,,,,39.435268,-107.914427,,,,,,
283,div_0283_irrigation,cms,co,cms_co_home_ditch_ditch_no_182,irrigation,102,,CDSS,,,2800588,,,,,38.369297,-106.772615,,,,,,
284,div_0284_irrigation,cms,co,cms_co_home_ditch_ditch_no_81,irrigation,129,,CDSS,,,2800587,,,,,38.283653,-106.752146,,,,,,
285,div_0285_irrigation,cms,co,cms_co_home_supply_ditch,irrigation,93,,CDSS,,,3800757,,,,,39.357204,-107.026514,,,,,,
286,div_0286_interbasin,cms,co,cms_co_homestake_proj_tunnel,interbasin,N/A,-1,CDSS,,,3704614,,,,,39.356774,-106.466355,,,,,,
287,div_0287_irrigation,cms,co,cms_co_homestretch_ditch,irrigation,109;110,,CDSS,,,6800607,,,,,38.271536,-107.763024,,,,,,
288,div_0288_irrigation,cms,co,cms_co_hoosier_ditch,irrigation,131,,CDSS,,,7200703,,,,,39.262883,-107.887614,,,,,,
289,div_0289_irrigation,cms,co,cms_co_hoover_1,irrigation,102,,CDSS,,,2801152,,,,,38.357764,-106.551968,,,,,,
290,div_0290_irrigation,cms,co,cms_co_hoover_2,irrigation,102,,CDSS,,,2801153,,,,,38.360425,-106.551087,,,,,,
291,div_0291_irrigation,cms,co,cms_co_hope_resich_ditch,irrigation,101,,CDSS,,,5900591,,,,,38.757013,-107.02352,,,,,,
292,div_0292_irrigation,cms,co,cms_co_horseshoe_ditch_1,irrigation,106;107,,CDSS,,,4000683,,,,,38.92056,-107.916404,,,,,,
293,div_0293_irrigation,cms,co,cms_co_horseshoe_ditch_2,irrigation,114,,CDSS,,,6900510,,,,,37.946474,-108.709616,,,,,,
294,div_0294_irrigation,cms,co,cms_co_hosner_brownyard_ditch,irrigation,108,,CDSS,,,6800609,,,,,38.080326,-107.702494,,,,,,
295,div_0295_irrigation,cms,co,cms_co_hosner_rowell_ditch,irrigation,109,,CDSS,,,6800610,,,,,38.156691,-107.807943,,,,,,
296,div_0296_irrigation,cms,co,cms_co_hot_springs_no_1_ditch,irrigation,102,,CDSS,,,2800589,,,,,38.484888,-106.591654,,,,,,
297,div_0297_irrigation,cms,co,cms_co_hot_springs_no_2_ditch,irrigation,102,,CDSS,,,2800590,,,,,38.482809,-106.592158,,,,,,
298,div_0298_irrigation,cms,co,cms_co_howard_ditch,irrigation,126,,CDSS,,,3700658,,,,,39.637147,-106.546989,,,,,,
299,div_0299_irrigation,cms,co,cms_co_howe_&_sherwood_irr_d,irrigation,100,,CDSS,,,5900593,,,,,38.753456,-106.862999,,,,,,
300,div_0300_irrigation,cms,co,cms_co_hudson_&_sullivan_ditch,irrigation,98,,CDSS,,,4500635,,,,,39.518723,-107.543118,,,,,,
301,div_0301_irrigation,cms,co,cms_co_huff_and_dice_ditch,irrigation,102,,CDSS,,,2800591,,,,,38.541483,-106.651222,,,,,,
302,div_0302_irrigation,cms,co,cms_co_huntley_ditch,irrigation,98,,CDSS,,,4500638,,,,,39.440766,-107.98599,,,,,,
303,div_0303_irrigation,cms,co,cms_co_hyde_sneva_ditch,irrigation,108;109,,CDSS,,,6800613,,,,,38.171719,-107.783753,,,,,,
304,div_0304_irrigation,cms,co,cms_co_hyzer_ditch,irrigation,101,,CDSS,,,5900594,,,,,38.598713,-106.924234,,,,,,
305,div_0305_irrigation,cms,co,cms_co_hyzer_ketchum_ditch,irrigation,101,,CDSS,,,5900595,,,,,38.593069,-106.909042,,,,,,
306,div_0306_irrigation,cms,co,cms_co_hyzer_vidal_miller_d,irrigation,101,,CDSS,,,5900596,,,,,38.614636,-106.926405,,,,,,
307,div_0307_irrigation,cms,co,cms_co_imobersteg_ditch,irrigation,100,,CDSS,,,5900597,,,,,38.812331,-106.899381,,,,,,
308,div_0308_interbasin,cms,co,cms_co_ind_p_tm_dvr_tunnel_no_1,interbasin,N/A,-1,CDSS,,,3804617,,,,,39.078907,-106.613333,,,,,,
309,div_0309_irrigation,cms,co,cms_co_independent_blue_ditch,irrigation,75,,CDSS,,,3600671,,,,,39.736587,-106.13338,,,,,,
310,div_0310_irrigation,cms,co,cms_co_indian_creek_irr_ditch,irrigation,105,,CDSS,,,6200641,,,,,38.292724,-107.215767,,,,,,
311,div_0311_irrigation,cms,co,cms_co_ironstone_canal,irrigation,110,,CDSS,,,4100534,,,,,38.566238,-107.97323,,,,,,
312,div_0312_irrigation,cms,co,cms_co_irwin_ditch,irrigation,129,,CDSS,,,2800593,,,,,38.247088,-106.76578,,,,,,
313,div_0313_interbasin,cms,co,cms_co_ivanhoe_reservoir_tunnel,interbasin,N/A,-1,CDSS,,,3804613,,,,,39.264637,-106.499438,,,,,,
314,div_0314_irrigation,cms,co,cms_co_j_&_m_hughes_ditch,irrigation,115,,CDSS,,,6000650,,,,,37.878067,-108.073903,,,,,,
315,div_0315_irrigation,cms,co,cms_co_j_m_dodd_ditch,irrigation,126,,CDSS,,,3700571,,,,,39.627837,-106.61408,,,,,,
316,div_0316_irrigation,cms,co,cms_co_james_watt_ditch,irrigation,100,,CDSS,,,5900600,,,,,38.744625,-106.862999,,,,,,
317,div_0317_irrigation,cms,co,cms_co_jangle_ditch,irrigation,98,,CDSS,,,3900590,,,,,39.52904,-108.127254,,,,,,
318,div_0318_irrigation,cms,co,cms_co_jessie_ditch,irrigation,107,,CDSS,,,4000929,,,,,38.820354,-107.76794,,,,,,
319,div_0319_irrigation,cms,co,cms_co_joe_taylor_ditch,irrigation,98,,CDSS,,,4500648,,,,,39.503955,-107.51218,,,,,,
320,div_0320_irrigation,cms,co,cms_co_john_b_coats_no_1_ditch,irrigation,102,,CDSS,,,2800602,,,,,38.471641,-106.654132,,,,,,
321,div_0321_irrigation,cms,co,cms_co_john_b_coats_no_2_ditch,irrigation,102,,CDSS,,,2800601,,,,,38.471838,-106.654217,,,,,,
322,div_0322_irrigation,cms,co,cms_co_john_b_outcalt_no_1_d,irrigation,101,,CDSS,,,5900967,,,,,38.599474,-106.89642,,,,,,
323,div_0323_irrigation,cms,co,cms_co_john_b_outcalt_no_2_d,irrigation,101,,CDSS,,,5900602,,,,,38.611325,-106.880126,,,,,,
324,div_0324_irrigation,cms,co,cms_co_johnson_and_stuart_ditch,irrigation,131,,CDSS,,,7200721,,,,,39.205759,-107.970991,,,,,,
325,div_0325_irrigation,cms,co,cms_co_judy_north_high_line_d,irrigation,101,,CDSS,,,5900606,,,,,38.697003,-107.053976,,,,,,
326,div_0326_irrigation,cms,co,cms_co_juniata_ditch_1st_enl,irrigation,111,,CDSS,,,4200528,,,,,38.96137,-108.239268,,,also may carry some water to two reservoirs,,,
327,div_0327_irrigation,cms,co,cms_co_kaiser_and_sievers_ditch,irrigation,93,,CDSS,,,3801147,,,,,39.401305,-107.229434,,,,,,
328,div_0328_irrigation,cms,co,cms_co_kannah_creek_extension_ditch,irrigation,111,,CDSS,,,4200530,,,,,38.933517,-108.388201,,,,,,
329,div_0329_irrigation,cms,co,cms_co_kannah_creek_highline_d,irrigation,111,,CDSS,,,4200529,,,,,38.961426,-108.231089,,,,,,
330,div_0330_irrigation,cms,co,cms_co_kayser_ditch,irrigation,127,,CDSS,,,5300657,,,,,40.003032,-106.68763,,,,,,
331,div_0331_irrigation,cms,co,cms_co_kelmel_owens_no_1_ditch,irrigation,105,,CDSS,,,5900607,,,,,38.532128,-106.95225,,,,,,
332,div_0332_irrigation,cms,co,cms_co_kelmel_owens_no_2_ditch,irrigation,105,,CDSS,,,5900608,,,,,38.529467,-106.956698,,,,,,
333,div_0333_irrigation,cms,co,cms_co_kelso_ditch,irrigation,93,,CDSS,,,3800798,,,,,39.410539,-107.180078,,,,,,
334,div_0334_irrigation,cms,co,cms_co_kendall_no_3_ditch,irrigation,102,,CDSS,,,2800607,,,,,38.453859,-106.408174,,,,,,
335,div_0335_irrigation,cms,co,cms_co_kendall_no_4_ditch,irrigation,102,,CDSS,,,2800608,,,,,38.453009,-106.406954,,,,,,
336,div_0336_irrigation,cms,co,cms_co_kennedy_ditch_no_1,irrigation,102,,CDSS,,,2800806,,,,,38.413671,-106.661766,,,,,,
337,div_0337_irrigation,cms,co,cms_co_kennedy_ditch_no_2,irrigation,102,,CDSS,,,2800807,,,,,38.414794,-106.661333,,,,,,
338,div_0338_irrigation,cms,co,cms_co_kester_ditch,irrigation,93,,CDSS,,,3800800,,,,,39.334659,-106.990698,,,,,,
339,div_0339_irrigation,cms,co,cms_co_kiggins_goyn_ditch,irrigation,131,,CDSS,,,7200729,,,,,39.181964,-107.950936,,,,,,
340,div_0340_irrigation,cms,co,cms_co_kiggins_salisbury_ditch,irrigation,131,,CDSS,,,7200730,,,,,39.174698,-107.806131,,,,,,
341,div_0341_irrigation,cms,co,cms_co_king_ditch,irrigation,131,,CDSS,,,7200731,,,,,39.105161,-108.154923,,,,,,
342,div_0342_irrigation,cms,co,cms_co_kinney_barriger_ditch,irrigation,122,,CDSS,,,5100763,,,,,40.055343,-106.284175,,,,,,
343,div_0343_irrigation,cms,co,cms_co_kirkwood_ditch,irrigation,75,,CDSS,,,3600687,,,,,39.768842,-106.181311,,,,,,
344,div_0344_irrigation,cms,co,cms_co_kubiack_ditch,irrigation,100,,CDSS,,,5900609,,,,,38.764663,-106.86878,,,,,,
345,div_0345_irrigation,cms,co,cms_co_kurtz_ditch_no_2,irrigation,122,,CDSS,,,5000593,,,,,40.198787,-106.309976,,,,,,
346,div_0346_irrigation,cms,co,cms_co_lafayette_ditch,irrigation,100,,CDSS,,,5900613,,,,,38.853618,-106.91917,,,,,,
347,div_0347_irrigation,cms,co,cms_co_lake_fork_no_1_ditch,irrigation,103;105,,CDSS,,,6200653,,,,,38.29248,-107.238123,,,,,,
348,div_0348_irrigation,cms,co,cms_co_landslide_ditch,irrigation,122,,CDSS,,,5000598,,,,,40.157307,-106.283547,,,,,,
349,div_0349_irrigation,cms,co,cms_co_larkin_ditch,irrigation,98,,CDSS,,,4500861,,,,,39.331386,-108.204953,,,,,,
350,div_0350_irrigation,cms,co,cms_co_larson_brothers_ditch,irrigation,107,,CDSS,,,4000566,,,,,38.750224,-107.734693,,,,,,
351,div_0351_irrigation,cms,co,cms_co_last_chance_ditch,irrigation,98,,CDSS,,,4500668,,,,,39.538546,-107.646973,,,,,,
352,div_0352_irrigation,cms,co,cms_co_lee_creek_d_no_2,irrigation,130,,CDSS,,,4001168,,,,,39.111197,-107.342395,,,,,,
353,div_0353_irrigation,cms,co,cms_co_lehman_harris_ditch,irrigation,101,,CDSS,,,5900615,,,,,38.692464,-106.993428,,,,,,
354,div_0354_irrigation,cms,co,cms_co_leon_ditch,irrigation,131,,CDSS,,,7200744,,,,,39.203936,-107.823436,,,,,,
355,div_0355_intrabasin,cms,co,cms_co_leon_park_feeder_canal,intrabasin,1541,,CDSS,,,7200746,,,,,39.199939,-107.82074,39.217592,-107.811673,,,,
356,div_0356_intrabasin,cms,co,cms_co_leon_tunnel_canal,intrabasin,131,,CDSS,,,7204715,,,,,39.067776,-107.80665,39.064658,-107.807776,,,,
357,div_0357_irrigation,cms,co,cms_co_leopard_creek_ditch_1,irrigation,115,,CDSS,,,6000669,,,,,38.058521,-107.907724,,,,,,
358,div_0358_irrigation,cms,co,cms_co_leopard_creek_ditch_2,irrigation,109;115,,CDSS,,,6800636,,,,,38.056811,-107.894164,,,,,,
359,div_0359_irrigation,cms,co,cms_co_leroux_creek_ditch,irrigation,107,,CDSS,,,4000926,,,,,38.83009,-107.776046,,,,,,
360,div_0360_irrigation,cms,co,cms_co_lewis_sturgis_austin_ditch,irrigation,102,,CDSS,,,2800618,,,,,38.490953,-106.422884,,,,,,
361,div_0361_irrigation,cms,co,cms_co_lightley_d_&_linton_enlt,irrigation,101,,CDSS,,,5900616,,,,,38.645667,-106.865971,,,,,,
362,div_0362_irrigation,cms,co,cms_co_lignite_ditch,irrigation,93,,CDSS,,,3800822,,,,,39.420448,-107.305791,,,,,,
363,div_0363_irrigation,cms,co,cms_co_lilylands_canal,irrigation,116,,CDSS,,,6000670,,,,,37.915605,-108.337464,,,diverted water stored in offstream reservoir (Lily Lands Reservoir) prior to application to irrigated lands,,,
364,div_0364_irrigation,cms,co,cms_co_lion_basin_ditch,irrigation,127,,CDSS,,,5300678,,,,,39.900108,-107.094308,,,,,,
365,div_0365_irrigation,cms,co,cms_co_loback_ditch,irrigation,122,,CDSS,,,3600709,,,,,40.012809,-106.383603,,,,,,
366,div_0366_irrigation,cms,co,cms_co_lobdell_no_2_ditch,irrigation,102,,CDSS,,,2800622,,,,,38.500834,-106.732856,,,,,,
367,div_0367_irrigation,cms,co,cms_co_lockwood_mundell_ditch,irrigation,102,,CDSS,,,2800624,,,,,38.542224,-106.65047,,,,,,
368,div_0368_irrigation,cms,co,cms_co_lone_cabin_ditch,irrigation,107,,CDSS,,,4001012,,,,,38.817542,-107.502558,,,,,,
369,div_0369_irrigation,cms,co,cms_co_lone_cone_ditch,irrigation,116,,CDSS,,,6000672,,,,,37.934569,-108.270845,,,diverted water stored in offstream reservoir (Cone Reservoir) prior to application to irrigated lands,,,
370,div_0370_irrigation,cms,co,cms_co_lone_pine_ditch_1,irrigation,106;107,,CDSS,,,4000686,,,,,38.965212,-107.876,,,,,,
371,div_0371_irrigation,cms,co,cms_co_lone_pine_ditch_2,irrigation,101,,CDSS,,,5900617,,,,,38.678209,-106.98871,,,,,,
372,div_0372_irrigation,cms,co,cms_co_lone_pine_ditch_3,irrigation,105,,CDSS,,,6200661,,,,,38.372485,-107.162387,,,,,,
373,div_0373_irrigation,cms,co,cms_co_lone_rock_ditch,irrigation,107,,CDSS,,,4000568,,,,,38.720004,-107.548255,,,,,,
374,div_0374_irrigation,cms,co,cms_co_louis_ditch,irrigation,102,,CDSS,,,2800628,,,,,38.472134,-106.665755,,,,,,
375,div_0375_irrigation,cms,co,cms_co_louis_reynolds_ditch,irrigation,98,,CDSS,,,4500675,,,,,39.505237,-107.608506,,,,,,
376,div_0376_irrigation,cms,co,cms_co_louis_sarrasin_ditch,irrigation,102,,CDSS,,,2800629,,,,,38.485085,-106.691355,,,,,,
377,div_0377_irrigation,cms,co,cms_co_loutsenhizer_canal,irrigation,110,,CDSS,,,4100537,,,,,38.437548,-107.861902,,,,,,
378,div_0378_irrigation,cms,co,cms_co_love_and_white_ditch,irrigation,126,,CDSS,,,3700686,,,,,39.616161,-106.765143,,,,,,
379,div_0379_irrigation,cms,co,cms_co_low_cost_ditch,irrigation,98,,CDSS,,,3900610,,,,,39.519219,-108.131663,,,,,,
380,div_0380_irrigation,cms,co,cms_co_lower_cactus_valley_d,irrigation,98,,CDSS,,,3900612,,,,,39.550796,-107.571287,,,,,,
381,div_0381_irrigation,cms,co,cms_co_lower_ditch,irrigation,93,,CDSS,,,3800838,,,,,39.400741,-107.14641,,,,,,
382,div_0382_irrigation,cms,co,cms_co_lower_elk_creek_ditch,irrigation,115,,CDSS,,,6000678,,,,,37.910792,-108.021703,,,,,,
383,div_0383_irrigation,cms,co,cms_co_lowline_ditch,irrigation,93,,CDSS,,,3800840,,,,,39.326392,-107.209107,,,,,,
384,div_0384_irrigation,cms,co,cms_co_lyman_ditch,irrigation,121,,CDSS,,,5100788,,,,,39.939512,-106.136288,,,,,,
385,div_0385_irrigation,cms,co,cms_co_lyra_ditch,irrigation,110,,CDSS,,,4100538,,,,,38.645359,-108.048724,,,,,,
386,div_0386_irrigation,cms,co,cms_co_m_b_&_a_ditch,irrigation,105,,CDSS,,,6200670,,,,,38.283574,-107.106963,,,,,,
387,div_0387_irrigation,cms,co,cms_co_main_canal_no_2,irrigation,137;114,,CDSS,,,7104674,,,,,37.469,-108.528432,,,"Listed in CDSS as historic structure, records end near the time the Dolores project came online, so last day of record (10/31/1985) listed as endDate.",,10/31/1985,
388,div_0388_irrigation,cms,co,cms_co_mamm_creek_ditch,irrigation,98,,CDSS,,,4500685,,,,,39.420197,-107.701876,,,,,,
389,div_0389_municipal,cms,co,cms_co_maroon_ditch,municipal,N/A,,CDSS,,,3800854,,,,,39.163795,-106.880665,,,"municipal use for town of Aspen. Poor/confusing records. Comments in CDSS state water use from 1986-2002 is shown under Midland Ditch, however 2005 comment states previous comments were incorrect. Since municipal diversions occurred throughout entire model period, autofilling for all years lacking records was allowed despite confusing comments. ",,,
390,div_0390_irrigation,cms,co,cms_co_marshall_no_1_ditch,irrigation,101,,CDSS,,,5900622,,,,,38.627614,-106.865652,,,,,,
391,div_0391_irrigation,cms,co,cms_co_marshall_no_2_ditch,irrigation,101,,CDSS,,,5900623,,,,,38.617988,-106.874798,,,,,,
392,div_0392_irrigation,cms,co,cms_co_marston_ditch,irrigation,100;101,,CDSS,,,5900624,,,,,38.676514,-106.852185,,,,,,
393,div_0393_irrigation,cms,co,cms_co_martin_ditch,irrigation,109,,CDSS,,,6800647,,,,,38.195362,-107.674124,,,,,,
394,div_0394_irrigation,cms,co,cms_co_martin_no_1_ditch_south_fork_hgt,irrigation,122,,CDSS,,,5000601,,,,,40.353802,-106.572551,,,,,,
395,div_0395_irrigation,cms,co,cms_co_mary_ditch,irrigation,75,,CDSS,,,3600725,,,,,39.822724,-106.255635,,,,,,
396,div_0396_irrigation,cms,co,cms_co_mat_no_1_ditch,irrigation,75,,CDSS,,,3600728,,,,,39.827779,-106.25637,,,,,,
397,div_0397_irrigation,cms,co,cms_co_mat_no_2_ditch,irrigation,75,,CDSS,,,3600729,,,,,39.826886,-106.254811,,,,,,
398,div_0398_irrigation,cms,co,cms_co_mathews_ditch,irrigation,126,,CDSS,,,3700694,,,,,39.62678,-106.787713,,,,,,
399,div_0399_irrigation,cms,co,cms_co_maurin_ditch,irrigation,93,,CDSS,,,3800861,,,,,39.260867,-107.032985,,,,,,
400,div_0400_irrigation,cms,co,cms_co_may_bohm_&_enld_m_b_h_p,irrigation,101,,CDSS,,,5900625,,,,,38.663577,-106.972664,,,,,,
401,div_0401_irrigation,cms,co,cms_co_mayol_lateral_ditch,irrigation,109,,CDSS,,,6800652,,,,,38.128336,-107.82782,,,,,,
402,div_0402_irrigation,cms,co,cms_co_mayol_sisson_ditch,irrigation,109,,CDSS,,,6800653,,,,,38.128338,-107.827763,,,,,,
403,div_0403_irrigation,cms,co,cms_co_mccanne_2_ditch,irrigation,102,,CDSS,,,2800632,,,,,38.52273,-106.815006,,,,,,
404,div_0404_irrigation,cms,co,cms_co_mccanne_3_ditch,irrigation,102,,CDSS,,,2800633,,,,,38.52522,-106.825828,,,,,,
405,div_0405_irrigation,cms,co,cms_co_mccanne_no_1_ditch,irrigation,102,,CDSS,,,2800631,,,,,38.521491,-106.801291,,,,,,
406,div_0406_irrigation,cms,co,cms_co_mccolloch_scott_ditch,irrigation,116,,CDSS,,,6000684,,,,,37.896549,-108.140639,,,,,,
407,div_0407_irrigation,cms,co,cms_co_mccormick_ditch,irrigation,100,,CDSS,,,5900627,,,,,38.872955,-106.984884,,,,,,
408,div_0408_irrigation,cms,co,cms_co_mcdonald_ditch_no_145,irrigation,109;110,,CDSS,,,6800657,,,,,38.326602,-107.778039,,,,,,
409,div_0409_irrigation,cms,co,cms_co_mcdonough_ditch,irrigation,129,,CDSS,,,2800636,,,,,38.197415,-106.839181,,,,,,
410,div_0410_irrigation,cms,co,cms_co_mcelroy_no_1_ditch,irrigation,122,,CDSS,,,5000612,,,,,40.04867,-106.384058,,,,,,
411,div_0411_irrigation,cms,co,cms_co_mcelroy_no_2_ditch,irrigation,122,,CDSS,,,5000613,,,,,40.045833,-106.393731,,,,,,
412,div_0412_irrigation,cms,co,cms_co_mcewen_ditch,irrigation,113,,CDSS,,,7100567,,,,,37.751584,-108.231095,,,,,,
413,div_0413_irrigation,cms,co,cms_co_mcglashan_s_side_mill_cr,irrigation,101,,CDSS,,,5900631,,,,,38.698339,-107.038388,,,,,,
414,div_0414_irrigation,cms,co,cms_co_mcgowan_irrigating_d,irrigation,102,,CDSS,,,2800638,,,,,38.481203,-106.682506,,,,,,
415,div_0415_irrigation,cms,co,cms_co_mckay_ditch,irrigation,75,,CDSS,,,3600734,,,,,39.671486,-106.089539,,,,,,
416,div_0416_irrigation,cms,co,cms_co_mckenzie_wildcat_ditch,irrigation,93,,CDSS,,,3800890,,,,,39.198134,-106.986398,,,,,,
417,div_0417_irrigation,cms,co,cms_co_mckinley_ditch,irrigation,105,,CDSS,,,6200672,,,,,38.353491,-107.48499,,,,,,
418,div_0418_irrigation,cms,co,cms_co_mckown_ditch,irrigation,93,,CDSS,,,3800893,,,,,39.403599,-107.315362,,,,,,
419,div_0419_irrigation,cms,co,cms_co_mcmahon_ditch,irrigation,122,,CDSS,,,5000617,,,,,40.160824,-106.559212,,,,,,
420,div_0420_irrigation,cms,co,cms_co_means_bros_no_12_ditch,irrigation,102,,CDSS,,,2800649,,,,,38.475077,-106.40407,,,,,,
421,div_0421_irrigation,cms,co,cms_co_means_bros_no_13_ditch,irrigation,102,,CDSS,,,2800642,,,,,38.468748,-106.409495,,,,,,
422,div_0422_irrigation,cms,co,cms_co_means_bros_no_5_ditch,irrigation,102,,CDSS,,,2800646,,,,,38.389019,-106.393966,,,,,,
423,div_0423_irrigation,cms,co,cms_co_means_bros_no_8_ditch,irrigation,102,,CDSS,,,2800650,,,,,38.486526,-106.421593,,,,,,
424,div_0424_irrigation,cms,co,cms_co_meek_diversion_tunnel,irrigation,107,,CDSS,,,4000576,,,,,38.544421,-107.539037,,,,,,
425,div_0425_irrigation,cms,co,cms_co_mesa_creek_ditch,irrigation,131,,CDSS,,,7200784,,,,,39.086794,-108.127125,,,,,,
426,div_0426_irrigation,cms,co,cms_co_mesa_ditch,irrigation,129,,CDSS,,,2800651,,,,,38.13568,-106.760216,,,,,,
427,div_0427_municipal,cms,co,cms_co_metcalf_ditch,municipal,N/A,,CDSS,,,3700708,,,,,39.626482,-106.50701,,,,,,
428,div_0428_irrigation,cms,co,cms_co_middle_elk_creek_ditch,irrigation,115,,CDSS,,,6000689,,,,,37.897208,-108.021249,,,,,,
429,div_0429_irrigation,cms,co,cms_co_midkiff_&_arnold_d,irrigation,107,,CDSS,,,4000932,,,,,38.87863,-107.784827,,,,,,
430,div_0430_municipal,cms,co,cms_co_midland_flume_ditch,municipal,N/A,,CDSS,,,3800869,,,,,39.161926,-106.847075,,,,,,
431,div_0431_irrigation,cms,co,cms_co_miller_ditch,irrigation,129,,CDSS,,,2800652,,,,,38.16915,-106.86605,,,,,,
432,div_0432_irrigation,cms,co,cms_co_mineota_ditch,irrigation,98,,CDSS,,,4500693,,,,,39.50986,-107.608458,,,,,,
433,div_0433_irrigation,cms,co,cms_co_minnesota_canal,irrigation,107,,CDSS,,,4001020,,,,,38.86388,-107.535881,,,,,,
434,div_0434_irrigation,cms,co,cms_co_minnie_b_no_2_ditch,irrigation,105,,CDSS,,,6200687,,,,,38.066499,-107.06472,,,,,,
435,div_0435_irrigation,cms,co,cms_co_missouri_ditch,irrigation,122,,CDSS,,,5000606,,,,,40.21368,-106.311426,,,,,,
436,div_0436_interbasin,cms,co,cms_co_moffat_water_tunnel,interbasin,N/A,-1,CDSS,,,5104655,,,,,39.887243,-105.761211,,,"This is a large tunnel that is fed by numerous smaller diversions and exports water across continental divide and out of UCOL. This site provides a record of total exports. Many diversions feed this structure, but time series records are limited. Those structures can be found in ""ucrb_diversions_no_records.csv"". Also see cms_co_fraser_river_diversion_project_vasquez_creek",,,
437,div_0437_hydropower,cms,co,cms_co_molina_power_plant,hydropower,1526,,CDSS,,,7200807,,,,,39.105339,-107.904943,39.19715,-108.048579,"Water is sourced from Bonham Branch and Cottonwood Pipelines that head on two high elevation reservoirs upstream of both the Upper and Lower Molina Powerplants. Water from the upper plant appears to be used at the lower plant after passing through Molina Equalizing Reservoir. Once used, water appears to enter Ute Pipeline after passing through the plant.",,,
438,div_0438_irrigation,cms,co,cms_co_monarch_ditch,irrigation,93,,CDSS,,,3800879,,,,,39.469511,-107.06835,,,,,,
439,div_0439_irrigation,cms,co,cms_co_monitor_ditch,irrigation,107,,CDSS,,,4001183,,,,,38.85959,-107.621184,,,,,,
440,div_0440_irrigation,cms,co,cms_co_monson_&_mcconnell_d,irrigation,102,,CDSS,,,2800654,,,,,38.439444,-106.587619,,,,,,
441,div_0441_irrigation,cms,co,cms_co_montrose_&_delta_canal,irrigation,110,,CDSS,,,4100545,,,,,38.392596,-107.823758,,,,,,
442,div_0442_irrigation,cms,co,cms_co_moody_ditch,irrigation,108,,CDSS,,,6800668,,,,,38.104968,-107.72167,,,,,,
443,div_0443_irrigation,cms,co,cms_co_moody_no1_ditch,irrigation,108,,CDSS,,,6800669,,,,,38.116098,-107.728549,,,,,,
444,div_0444_irrigation,cms,co,cms_co_moran_ditch,irrigation,102,,CDSS,,,2800655,,,,,38.449209,-106.758263,,,,,,
445,div_0445_irrigation,cms,co,cms_co_mormon_mesa_ditch,irrigation,131,,CDSS,,,7200799,,,,,39.133747,-107.998636,,,,,,
446,div_0446_irrigation,cms,co,cms_co_morrison_ditch,irrigation,108,,CDSS,,,6800671,,,,,38.099392,-107.718122,,,,,,
447,div_0447_intrabasin,cms,co,cms_co_morton_ditch,intrabasin,1730,,CDSS,,,4000808,,,,,38.843909,-107.89584,38.834278,-107.933479,diverted water stored in offstream reservoir (Fruit Growers Reservoir) prior to application on irrigated lands,,,
448,div_0448_irrigation,cms,co,cms_co_mount_sopris_ditch,irrigation,93,,CDSS,,,3800880,,,,,39.298207,-107.111757,,,,,,
449,div_0449_irrigation,cms,co,cms_co_mountain_meadows_ditch,irrigation,93,,CDSS,,,3800881,,,,,39.467108,-107.062607,,,,,,
450,div_0450_irrigation,cms,co,cms_co_multa_trina_ditch,irrigation,98,,CDSS,,,4500704,,,,,39.459302,-107.625268,,,,,,
451,div_0451_irrigation,cms,co,cms_co_murray_and_yule_ditch,irrigation,98,,CDSS,,,4500705,,,,,39.49166,-107.502471,,,,,,
452,div_0452_irrigation,cms,co,cms_co_musgrave_ditch,irrigation,122,,CDSS,,,5100810,,,,,40.136518,-106.20093,,,,,,
453,div_0453_irrigation,cms,co,cms_co_naturita_canal,irrigation,116,,CDSS,,,6000707,,,,,37.889898,-108.153487,,,diverted water stored in offstream reservoir (likely Gurley Reservoir) prior to application to irrigated lands,,,
454,div_0454_irrigation,cms,co,cms_co_needham_ditch,irrigation,93,,CDSS,,,3800902,,,,,39.460049,-107.100637,,,,,,
455,div_0455_irrigation,cms,co,cms_co_needle_creek_ditch,irrigation,102,,CDSS,,,2800658,,,,,38.394271,-106.549851,,,,,,
456,div_0456_irrigation,cms,co,cms_co_needle_rock_ditch,irrigation,107,,CDSS,,,4000501,,,,,38.727774,-107.530714,,,,,,
457,div_0457_irrigation,cms,co,cms_co_neilson_south_ditch,irrigation,126,,CDSS,,,3700723,,,,,39.642215,-106.826987,,,,,,
458,div_0458_irrigation,cms,co,cms_co_new_erie_canal,irrigation,131,,CDSS,,,7200616,,,,,39.207735,-107.762355,,,,,,
459,div_0459_irrigation,cms,co,cms_co_new_hobo_ditch,irrigation,98,,CDSS,,,7000571,,,,,39.488921,-108.353183,,,,,,
460,div_0460_irrigation,cms,co,cms_co_norman_ditch,irrigation,102,,CDSS,,,2800660,,,,,38.414558,-106.763825,,,,,,
461,div_0461_irrigation,cms,co,cms_co_north_delta_canal,irrigation,107,,CDSS,,,4000891,,,,,38.771339,-107.90136,,,,,,
462,div_0462_irrigation,cms,co,cms_co_north_fork_farmers_d,irrigation,107,,CDSS,,,4001185,,,,,38.898036,-107.568006,,,,,,
463,div_0463_irrigation,cms,co,cms_co_northside_ditch,irrigation,129,,CDSS,,,2800661,,,,,38.198381,-106.843681,,,,,,
464,div_0464_irrigation,cms,co,cms_co_nottingham_pump,irrigation,127,,CDSS,,,5200731,,,,,39.78287,-106.999073,,,,,,
465,div_0465_industrial,cms,co,cms_co_nucla_power_plant_ditch,industrial,116,,CDSS,,,6000723,,,,,38.239062,-108.508299,,,coal fired power plant,,,
466,div_0466_irrigation,cms,co,cms_co_ofallon_no_3_ditch,irrigation,102,,CDSS,,,2800662,,,,,38.476769,-106.763357,,,,,,
467,div_0467_irrigation,cms,co,cms_co_ofallon_no_4_ditch,irrigation,102,,CDSS,,,2800663,,,,,38.481763,-106.764488,,,,,,
468,div_0468_irrigation,cms,co,cms_co_ohio_creek_no_2_ditch,irrigation,101,,CDSS,,,5900644,,,,,38.737068,-107.036751,,,,,,
469,div_0469_irrigation,cms,co,cms_co_old_agency_ditch,irrigation,109;110,,CDSS,,,6800681,,,,,38.286763,-107.763796,,,,,,
470,div_0470_irrigation,cms,co,cms_co_oneill_and_holland_ditch,irrigation,126,,CDSS,,,3700743,,,,,39.664024,-106.644613,,,,,,
471,div_0471_irrigation,cms,co,cms_co_orchard_ranch_ditch,irrigation,107,,CDSS,,,4000774,,,,,38.84623,-107.962395,,,,,,
472,div_0472_irrigation,cms,co,cms_co_ostrander_ditch,irrigation,82,,CDSS,,,5100826,,,,,40.078565,-105.916627,,,,,,
473,div_0473_irrigation,cms,co,cms_co_otis_moore_ditch,irrigation,101,,CDSS,,,5900645,,,,,38.632694,-106.944855,,,,,,
474,div_0474_irrigation,cms,co,cms_co_ouray_ditch,irrigation,110,,CDSS,,,4100549,,,,,38.337072,-107.782203,,,,,,
475,div_0475_irrigation,cms,co,cms_co_overland_ditch_cow_creek,irrigation,107,,CDSS,,,4000585,,,,,39.09117,-107.637475,,,,,,
476,div_0476_irrigation,cms,co,cms_co_overland_ditch_leroux_creek,irrigation,107,,CDSS,,,4000944,,,,,38.923352,-107.794603,,,,,,
477,div_0477_irrigation,cms,co,cms_co_owen_no_1_ditch,irrigation,102,,CDSS,,,2800667,,,,,38.412874,-106.515133,,,,,,
478,div_0478_irrigation,cms,co,cms_co_owen_redden_ditch,irrigation,102,,CDSS,,,2800668,,,,,38.413525,-106.511481,,,,,,
479,div_0479_intrabasin,cms,co,cms_co_owens_creek_ditch,intrabasin,131,,CDSS,,,7204721,,,,,39.245324,-107.585324,39.264271,-107.598971,,,,
480,div_0480_irrigation,cms,co,cms_co_owl_creek_ditch,irrigation,109,,CDSS,,,6800683,,,,,38.176095,-107.638845,,,,,,
481,div_0481_irrigation,cms,co,cms_co_oxford_no_1_ditch,irrigation,93,,CDSS,,,3800920,,,,,39.405452,-107.201915,,,,,,
482,div_0482_irrigation,cms,co,cms_co_palisades_ditch,irrigation,101;105,,CDSS,,,5900646,,,,,38.557078,-106.944697,,,,,,
483,div_0483_irrigation,cms,co,cms_co_palmer_ditch,irrigation,131,,CDSS,,,7200818,,,,,39.210477,-107.979539,,,,,,
484,div_0484_irrigation,cms,co,cms_co_palmer_mckinley_ditch,irrigation,75,,CDSS,,,3600765,,,,,39.807316,-106.168675,,,,,,
485,div_0485_irrigation,cms,co,cms_co_paonia_ditch,irrigation,107,,CDSS,,,4001189,,,,,38.87941,-107.589777,,,,,,
486,div_0486_irrigation,cms,co,cms_co_parachute_ditch,irrigation,98,,CDSS,,,3900635,,,,,39.476402,-108.100508,,,,,,
487,div_0487_irrigation,cms,co,cms_co_paradise_ditch,irrigation,93,,CDSS,,,3800924,,,,,39.25325,-106.838147,,,,,,
488,div_0488_intrabasin,cms,co,cms_co_park_creek_ditch_vega,intrabasin,1541,,CDSS,,,7200820,,,,,39.205255,-107.813623,39.217133,-107.810496,diverts water into Vega Reservoir,,,
489,div_0489_irrigation,cms,co,cms_co_park_ditch_1,irrigation,93,,CDSS,,,3800925,,,,,39.461655,-107.157079,,,,,,
490,div_0490_irrigation,cms,co,cms_co_park_ditch_2,irrigation,108,,CDSS,,,6800685,,,,,38.091458,-107.719891,,,,,,
491,div_0491_irrigation,cms,co,cms_co_park_view_ditch,irrigation,131,,CDSS,,,7200823,,,,,39.128561,-107.997826,,,,,,
492,div_0492_irrigation,cms,co,cms_co_parker_ditch,irrigation,131,,CDSS,,,7200821,,,,,39.133132,-107.998413,,,,,,
493,div_0493_irrigation,cms,co,cms_co_parkway_ditch,irrigation,116,,CDSS,,,6000730,,,,,38.273624,-108.458425,,,,,,
494,div_0494_irrigation,cms,co,cms_co_parlin_no_2_ditch,irrigation,102,,CDSS,,,2800670,,,,,38.501983,-106.728251,,,,,,
495,div_0495_irrigation,cms,co,cms_co_parlin_quartz_creek_d,irrigation,102,,CDSS,,,2800671,,,,,38.505633,-106.705483,,,,,,
496,div_0496_irrigation,cms,co,cms_co_pass_creek_ditch_1,irrigation,129,,CDSS,,,2800851,,,,,38.270742,-106.745937,,,,,,
497,div_0497_irrigation,cms,co,cms_co_pass_creek_ditch_2,irrigation,122,,CDSS,,,5000627,,,,,40.140651,-106.470477,,,,,,
498,div_0498_irrigation,cms,co,cms_co_pass_creek_ditch_3,irrigation,101,,CDSS,,,5900649,,,,,38.783074,-107.083289,,,,,,
499,div_0499_irrigation,cms,co,cms_co_paterson_d_jacob_ext,irrigation,93,,CDSS,,,3800930,,,,,39.402161,-107.161666,,,"Per CDSS comments, structure not usable in 1983, so diversions not simulated that year.",,,1983
500,div_0500_irrigation,cms,co,cms_co_paxton_ditch,irrigation,110;116,,CDSS,,,6000733,,,,,38.191271,-107.94897,,,,,,
501,div_0501_irrigation,cms,co,cms_co_perry_irrigating_ditch,irrigation,129,,CDSS,,,2800673,,,,,38.217718,-106.741116,,,,,,
502,div_0502_irrigation,cms,co,cms_co_peterson_ditch,irrigation,102,,CDSS,,,2801194,,,,,38.430128,-106.657778,,,,,,
503,div_0503_irrigation,cms,co,cms_co_peterson_ditch_no_1,irrigation,82,,CDSS,,,5100831,,,,,40.08245,-105.934402,,,,,,
504,div_0504_irrigation,cms,co,cms_co_pharo_bauer_ditch,irrigation,122,,CDSS,,,3600776,,,,,39.96344,-106.359062,,,"According to CDSS comments, water diverted under different structure from 1986-1995. No model diversions simulated during these years.",,,1986;1987;1988;1989;1990;1991;1992;1993;1994;1995
505,div_0505_irrigation,cms,co,cms_co_pharo_ditch,irrigation,122,,CDSS,,,3600775,,,,,39.952846,-106.358173,,,,,,
506,div_0506_irrigation,cms,co,cms_co_pickering_ditch,irrigation,122,,CDSS,,,5000628,,,,,40.227059,-106.313823,,,,,,
507,div_0507_irrigation,cms,co,cms_co_pierson_and_harris_ditch,irrigation,98,,CDSS,,,3900638,,,,,39.620794,-107.546736,,,,,,
508,div_0508_irrigation,cms,co,cms_co_piloni_ditch,irrigation,101,,CDSS,,,5900651,,,,,38.579221,-106.926537,,,,,,
509,div_0509_irrigation,cms,co,cms_co_pilot_rock_ditch,irrigation,107,,CDSS,,,4000586,,,,,38.740465,-107.528815,,,,,,
510,div_0510_irrigation,cms,co,cms_co_pine_arroya_ditch,irrigation,114,,CDSS,,,6900520,,,,,37.946494,-108.709856,,,,,,
511,div_0511_irrigation,cms,co,cms_co_pinion_ditch,irrigation,109;110,,CDSS,,,6800692,,,,,38.288701,-107.763766,,,,,,
512,div_0512_irrigation,cms,co,cms_co_pioneer_ditch_1,irrigation,102;105,,CDSS,,,2800674,,,,,38.532774,-106.918059,,,,,,
513,div_0513_irrigation,cms,co,cms_co_pioneer_ditch_2,irrigation,93,,CDSS,,,3800939,,,,,39.33181,-107.218872,,,,,,
514,div_0514_irrigation,cms,co,cms_co_pioneer_ditch_3,irrigation,101,,CDSS,,,5900720,,,,,38.638667,-106.943351,,,,,,
515,div_0515_irrigation,cms,co,cms_co_pioneer_of_plateau_ditch,irrigation,131,,CDSS,,,7200831,,,,,39.150852,-108.061052,,,,,,
516,div_0516_irrigation,cms,co,cms_co_pisel_canals_nos_1&2_d,irrigation,102,,CDSS,,,2800869,,,,,38.489495,-106.764435,,,,,,
517,div_0517_irrigation,cms,co,cms_co_pleasant_valley_ditch,irrigation,115,,CDSS,,,6000736,,,,,37.899648,-108.003395,,,,,,
518,div_0518_irrigation,cms,co,cms_co_pleasant_view_ditch,irrigation,122,,CDSS,,,5000632,,,,,40.140511,-106.282197,,,,,,
519,div_0519_irrigation,cms,co,cms_co_plunger_ditch,irrigation,75,,CDSS,,,3600780,,,,,39.758106,-106.131223,,,,,,
520,div_0520_irrigation,cms,co,cms_co_porter_ditch,irrigation,98,,CDSS,,,4500725,,,,,39.39193,-107.601806,,,,,,
521,div_0521_irrigation,cms,co,cms_co_power_ditch,irrigation,101,,CDSS,,,5900653,,,,,38.659921,-106.849585,,,,,,
522,div_0522_irrigation,cms,co,cms_co_pressler_polisic_ditch,irrigation,101,,CDSS,,,5900654,,,,,38.785005,-107.098749,,,,,,
523,div_0523_irrigation,cms,co,cms_co_pug_white_ditch,irrigation,111,,CDSS,,,4001313,,,,,38.522968,-108.348913,,,,,,
524,div_0524_irrigation,cms,co,cms_co_purdy_and_vickers_ditch,irrigation,110,,CDSS,,,4100517,,,,,38.708364,-108.058184,,,,,,
525,div_0525_irrigation,cms,co,cms_co_purrier_ditch,irrigation,101,,CDSS,,,5900655,,,,,38.65393,-106.955806,,,,,,
526,div_0526_irrigation,cms,co,cms_co_r_a_prosser_ditch,irrigation,102,,CDSS,,,2800880,,,,,38.44049,-106.641825,,,,,,
527,div_0527_irrigation,cms,co,cms_co_r_m_g_ditch,irrigation,131,,CDSS,,,7200852,,,,,39.14259,-107.930132,,,,,,
528,div_0528_municipal,cms,co,cms_co_rapid_creek_pumpng_plant,municipal,N/A,,CDSS,,,7201329,,,,,39.131872,-108.323883,,,,,,
529,div_0529_irrigation,cms,co,cms_co_rausis_no_2_ditch,irrigation,102,,CDSS,,,2800677,,,,,38.504666,-106.770631,,,,,,
530,div_0530_irrigation,cms,co,cms_co_ray_ditch,irrigation,114,,CDSS,,,6100527,,,,,38.382289,-108.994805,,,,,,
531,div_0531_irrigation,cms,co,cms_co_red_cross_ditch,irrigation,117,,CDSS,,,6300553,,,,,38.671384,-108.972058,,,,,,
532,div_0532_irrigation,cms,co,cms_co_red_mountain_ext_ditch,irrigation,93,,CDSS,,,3801790,,,,,39.204915,-106.799828,,,,,,
533,div_0533_irrigation,cms,co,cms_co_red_rock_bluff_ditch,irrigation,93,,CDSS,,,3800959,,,,,39.322635,-106.983582,,,,,,
534,div_0534_irrigation,cms,co,cms_co_red_rock_ditch,irrigation,98,,CDSS,,,3900701,,,,,39.606505,-107.550905,,,,,,
535,div_0535_irrigation,cms,co,cms_co_red_top_valley_ditch,irrigation,82,,CDSS,,,5100848,,,,,40.251876,-105.867825,,,,,,
536,div_0536_irrigation,cms,co,cms_co_redden_elsinore_ditch,irrigation,99,,CDSS,,,5900656,,,,,38.718054,-106.777277,,,,,,
537,div_0537_hydropower,cms,co,cms_co_redlands_power_canal,hydropower,1610,,CDSS,,,4200541,,,,,39.028538,-108.563785,39.086418,-108.622968,"use is both power and irrigation, exact fraction of diverted water applied as irrigation is unclear. Majority of diverted water appears to be returned to Colorado River, so listed as power",,,
538,div_0538_irrigation,cms,co,cms_co_reed_overman_ditch,irrigation,109,,CDSS,,,6800703,,,,,38.115164,-107.836755,,,,,,
539,div_0539_irrigation,cms,co,cms_co_reinecke_ditch_no_1,irrigation,102,,CDSS,,,2801068,,,,,38.565475,-106.577063,,,,,,
540,div_0540_irrigation,cms,co,cms_co_relief_ditch,irrigation,107,,CDSS,,,4000900,,,,,38.770547,-107.887851,,,,,,
541,div_0541_irrigation,cms,co,cms_co_reservation_ditch,irrigation,110,,CDSS,,,4100550,,,,,38.352835,-107.788436,,,,,,
542,div_0542_irrigation,cms,co,cms_co_reservoir_ditch,irrigation,98,,CDSS,,,7000580,,,,,39.367601,-108.255444,,,,,,
543,div_0543_irrigation,cms,co,cms_co_richard_ball_ditch,irrigation,100,,CDSS,,,5900658,,,,,38.750453,-106.862552,,,,,,
544,div_0544_irrigation,cms,co,cms_co_richardson_no1_ditch,irrigation,129,,CDSS,,,2800884,,,,,38.26885,-106.754373,,,,,,
545,div_0545_irrigation,cms,co,cms_co_ridgway_ditch,irrigation,109,,CDSS,,,6800710,,,,,38.056285,-107.7645,,,,,,
546,div_0546_irrigation,cms,co,cms_co_rifle_creek_canon_ditch,irrigation,98,,CDSS,,,3900645,,,,,39.616877,-107.764059,,,,,,
547,div_0547_municipal,cms,co,cms_co_rifle_town_of_pump_&_pl,municipal,98,,CDSS,,,3900967,,,,,39.532151,-107.756168,,,"listed in CO model as being linked to reservoir. However, documents on site webpage indicate that this structure diverts water for the city of Rifle's water supply",,,
548,div_0548_irrigation,cms,co,cms_co_rising_sun_ditch,irrigation,98,,CDSS,,,4500743,,,,,39.538425,-107.642396,,,,,,
549,div_0549_irrigation,cms,co,cms_co_roan_creek_no_2_ditch,irrigation,98,,CDSS,,,7000583,,,,,39.367693,-108.255367,,,,,,
550,div_0550_irrigation,cms,co,cms_co_roan_creek_no_3_ditch,irrigation,98,,CDSS,,,7000584,,,,,39.395428,-108.270437,,,,,,
551,div_0551_irrigation,cms,co,cms_co_robertson_ditch,irrigation,93,,CDSS,,,3800966,,,,,39.4454,-107.262853,,,,,,
552,div_0552_irrigation,cms,co,cms_co_robinson_ditch,irrigation,93,,CDSS,,,3800968,,,,,39.369832,-107.070733,,,,,,
553,div_0553_irrigation,cms,co,cms_co_rock_creek_ditch,irrigation,122,,CDSS,,,5100858,,,,,40.103951,-106.187651,,,,,,
554,div_0554_irrigation,cms,co,cms_co_rock_slide_spring_ditch,irrigation,102,,CDSS,,,2800888,,,,,38.506368,-106.533123,,,,,,
555,div_0555_irrigation,cms,co,cms_co_rockford_ditch,irrigation,93,,CDSS,,,3800970,,,,,39.368867,-107.202228,,,,,,
556,div_0556_irrigation,cms,co,cms_co_roderick_ditch,irrigation,98,,CDSS,,,4500749,,,,,39.485761,-107.449941,,,,,,
557,div_0557_irrigation,cms,co,cms_co_rogers_ditch,irrigation,127,,CDSS,,,5300780,,,,,39.898675,-106.992669,,,,,,
558,div_0558_irrigation,cms,co,cms_co_rogers_metroz_ditch,irrigation,102,,CDSS,,,2800679,,,,,38.566883,-106.588285,,,,,,
559,div_0559_irrigation,cms,co,cms_co_ross_bros_ditch,irrigation,110,,CDSS,,,4100554,,,,,38.533674,-107.96488,,,,,,
560,div_0560_irrigation,cms,co,cms_co_roswell_hotchkiss_ditch,irrigation,109;110,,CDSS,,,6800720,,,,,38.312191,-107.76985,,,,,,
561,div_0561_irrigation,cms,co,cms_co_rudolph_irg_ditch,irrigation,105,,CDSS,,,6200732,,,,,38.235054,-107.07328,,,,,,
562,div_0562_irrigation,cms,co,cms_co_ruffe_wade_ditch,irrigation,109,,CDSS,,,6800721,,,,,38.097907,-107.814025,,,,,,
563,div_0563_irrigation,cms,co,cms_co_s_davidson&co_fdr_d_no_1,irrigation,102,,CDSS,,,2800680,,,,,38.422935,-106.543809,,,,,,2002;2012
564,div_0564_irrigation,cms,co,cms_co_s_davidson&co_fdr_d_no_3,irrigation,102,,CDSS,,,2801581,,,,,38.434221,-106.595352,,,,,,
565,div_0565_irrigation,cms,co,cms_co_s_davidson_and_co_ditch,irrigation,102,,CDSS,,,2801572,,,,,38.425765,-106.542448,,,"start of record in CDSS is 1998, but water rights associated with this diversion are quite old. Assuming diversion was active throughout entire model period ",,,
566,div_0566_irrigation,cms,co,cms_co_salvation_ditch,irrigation,93,,CDSS,,,3800981,,,,,39.180608,-106.802576,,,,,,
567,div_0567_irrigation,cms,co,cms_co_salvation_ditch_vagn_ext,irrigation,93,,CDSS,,,3801661,,,,,39.252722,-106.83563,,,,,,
568,div_0568_irrigation,cms,co,cms_co_sammons_ditch_no_2,irrigation,105,,CDSS,,,6200734,,,,,38.274511,-107.093281,,,,,,
569,div_0569_irrigation,cms,co,cms_co_sammons_irg_d_no_4,irrigation,105,,CDSS,,,6200736,,,,,38.279729,-107.099284,,,,,,
570,div_0570_irrigation,cms,co,cms_co_sammons_irg_d_no_5,irrigation,105,,CDSS,,,6200737,,,,,38.267771,-107.086687,,,,,,
571,div_0571_irrigation,cms,co,cms_co_sammons_irg_d_no_6,irrigation,105,,CDSS,,,6200738,,,,,38.241477,-107.07291,,,,,,
572,div_0572_irrigation,cms,co,cms_co_saums_ditch,irrigation,75,,CDSS,,,3600796,,,,,39.813949,-106.203732,,,,,,
573,div_0573_irrigation,cms,co,cms_co_schupp_ditch,irrigation,100,,CDSS,,,5900667,,,,,38.704696,-106.850129,,,,,,
574,div_0574_irrigation,cms,co,cms_co_scybert_ditch,irrigation,82,,CDSS,,,5100876,,,,,40.087782,-105.966486,,,,,,
575,div_0575_irrigation,cms,co,cms_co_seepage_feeder_ditch_no1,irrigation,110,,CDSS,,,4100524,,,,,38.696651,-108.04305,,,,,,
576,div_0576_irrigation,cms,co,cms_co_selak_larrabee_ditch,irrigation,82,,CDSS,,,5100880,,,,,40.117503,-105.92689,,,,,,
577,div_0577_irrigation,cms,co,cms_co_selig_canal,irrigation,110;107,,CDSS,,,4100559,,,,,38.504053,-107.911359,,,,,,
578,div_0578_irrigation,cms,co,cms_co_settle_ditch,irrigation,106;107,,CDSS,,,4000778,,,,,38.906864,-107.920824,,,,,,
579,div_0579_irrigation,cms,co,cms_co_seventy_five_ditch,irrigation,105,,CDSS,,,5900668,,,,,38.532229,-106.949385,,,,,,
580,div_0580_irrigation,cms,co,cms_co_sharp_ditch,irrigation,102,,CDSS,,,2800683,,,,,38.415362,-106.763673,,,,,,
581,div_0581_irrigation,cms,co,cms_co_shavano_valley_ditch,irrigation,110,,CDSS,,,4100560,,,,,38.404357,-107.942216,,,,,,
582,div_0582_irrigation,cms,co,cms_co_shepherd_&_wilmot_ditch,irrigation,107,,CDSS,,,4001195,,,,,38.848463,-107.646353,,,,,,
583,div_0583_irrigation,cms,co,cms_co_sheriff_ditch_colorado_river,irrigation,122,,CDSS,,,5100883,,,,,40.095978,-106.038573,,,,,,
584,div_0584_irrigation,cms,co,cms_co_shippee_ditch,irrigation,93,,CDSS,,,3800989,,,,,39.343339,-107.075567,,,,,,
585,div_0585_irrigation,cms,co,cms_co_short_ditch,irrigation,107,,CDSS,,,4001196,,,,,38.845451,-107.648073,,,,,,
586,div_0586_irrigation,cms,co,cms_co_shortline_d_cow_creek,irrigation,109,,CDSS,,,6800729,,,,,38.215263,-107.694335,,,,,,
587,div_0587_irrigation,cms,co,cms_co_silka_ditch,irrigation,101,,CDSS,,,5900670,,,,,38.777359,-107.116021,,,,,,
588,div_0588_irrigation,cms,co,cms_co_silt_pump_canal,irrigation,98,,CDSS,,,3900663,,,,,39.542157,-107.618825,,,"listed in CO model as being linked to reservoir. However, this a main structure associated with the Silt Project (USBR), and literature indicates that it conveys water for irrigation",,,
589,div_0589_irrigation,cms,co,cms_co_silver_gauge_ditch,irrigation,131,,CDSS,,,7200870,,,,,39.186207,-107.95557,,,,,,
590,div_0590_irrigation,cms,co,cms_co_simineo_ditch,irrigation,101,,CDSS,,,5900671,,,,,38.753843,-107.052866,,,,,,
591,div_0591_irrigation,cms,co,cms_co_slide_ditch,irrigation,100,,CDSS,,,5900672,,,,,38.786079,-106.871169,,,,,,
592,div_0592_irrigation,cms,co,cms_co_sloss_ditch,irrigation,93,,CDSS,,,3800994,,,,,39.311114,-107.114406,,,,,,
593,div_0593_irrigation,cms,co,cms_co_slough_d_and_banning_lat,irrigation,93,,CDSS,,,3800996,,,,,39.400525,-107.159049,,,,,,
594,div_0594_irrigation,cms,co,cms_co_slough_ditch,irrigation,102,,CDSS,,,2800685,,,,,38.438353,-106.576321,,,,,,
595,div_0595_irrigation,cms,co,cms_co_smith_and_mcknight_ditch,irrigation,107,,CDSS,,,4001197,,,,,38.796039,-107.710276,,,,,,
596,div_0596_irrigation,cms,co,cms_co_smith_ditch,irrigation,122,,CDSS,,,3600801,,,,,39.879022,-106.389376,,,,,,
597,div_0597_irrigation,cms,co,cms_co_smith_ford_no_2_ditch,irrigation,129,,CDSS,,,2800686,,,,,38.229757,-106.747241,,,,,,
598,div_0598_intrabasin,cms,co,cms_co_smith_fork_feeder_canal,intrabasin,1838,,CDSS,,,4000605,,,,,38.714341,-107.559611,38.690994,-107.593724,feeds Crawford Reservoir,,,
599,div_0599_irrigation,cms,co,cms_co_smith_irrigating_ditch,irrigation,111,,CDSS,,,4200545,,,,,38.931261,-108.353436,,,,,,
600,div_0600_irrigation,cms,co,cms_co_sneva_ditch,irrigation,109,,CDSS,,,6800738,,,,,38.140442,-107.638392,,,,,,
601,div_0601_irrigation,cms,co,cms_co_snowmass_divide_ditch,irrigation,93,,CDSS,,,3801012,,,,,39.271575,-106.958112,,,,,,
602,div_0602_irrigation,cms,co,cms_co_sooner_ditch,irrigation,106;107,,CDSS,,,4000692,,,,,38.979906,-107.863887,,,,,,
603,div_0603_irrigation,cms,co,cms_co_sophronia_day_ditch,irrigation,122,,CDSS,,,5100893,,,,,40.061137,-106.245251,,,,,,
604,div_0604_irrigation,cms,co,cms_co_sorrenson_irrigating_d,irrigation,102,,CDSS,,,2800690,,,,,38.538462,-106.653918,,,,,,
605,div_0605_irrigation,cms,co,cms_co_south_canal,irrigation,110;111,,CDSS,,,4100578,,,,,38.524159,-107.649909,,,"Using South Canal records as proxy for all water diverted via Gunnison Tunnel as records are more complete. South Canal is gauged downstream of Gunnison Tunnel outlet so flows could be impacted by loss or gain during transit through tunnel. West Canal and AB Lateral (other major canals in Uncompahgre area) head on the South Canal, so these sites are not included since we are assuming that water delivered to these canals is reflected in South Canal records.",,,
606,div_0606_irrigation,cms,co,cms_co_south_derby_ditch,irrigation,127,,CDSS,,,5300800,,,,,39.898974,-107.062085,,,,,,
607,div_0607_irrigation,cms,co,cms_co_south_kreuger_ditch,irrigation,102,,CDSS,,,2800691,,,,,38.431926,-106.760009,,,,,,
608,div_0608_irrigation,cms,co,cms_co_south_midway_ditch,irrigation,114,,CDSS,,,6100517,,,,,38.352913,-108.948451,,,,,,
609,div_0609_irrigation,cms,co,cms_co_south_side_ditch,irrigation,102,,CDSS,,,2800692,,,,,38.537239,-106.865942,,,,,,
610,div_0610_irrigation,cms,co,cms_co_southard_and_cavanaugh_d,irrigation,93,,CDSS,,,3801018,,,,,39.405616,-107.228306,,,,,,
611,div_0611_irrigation,cms,co,cms_co_southside_canal,irrigation,131,,CDSS,,,7200879,,,,,39.224161,-107.812676,,,,,,
612,div_0612_irrigation,cms,co,cms_co_spring_branch_ditch,irrigation,105,,CDSS,,,6200756,,,,,38.306658,-107.228919,,,,,,
613,div_0613_irrigation,cms,co,cms_co_spring_cr_irg_ditch,irrigation,99,,CDSS,,,5900679,,,,,38.72944,-106.771566,,,,,,
614,div_0614_irrigation,cms,co,cms_co_squirrel_creek_no1_ditch,irrigation,101,,CDSS,,,5900680,,,,,38.727736,-107.030873,,,,,,
615,div_0615_irrigation,cms,co,cms_co_stark_volkman_ditch,irrigation,110,,CDSS,,,4100566,,,,,38.39874,-107.826023,,,,,,
616,div_0616_irrigation,cms,co,cms_co_stell_buttes_enlg_ditch,irrigation,107,,CDSS,,,4000820,,,,,38.818736,-107.965872,,,,,,
617,div_0617_irrigation,cms,co,cms_co_stephenson_ditch,irrigation,102,,CDSS,,,2800693,,,,,38.443318,-106.600949,,,,,,
618,div_0618_irrigation,cms,co,cms_co_stewart_ditch,irrigation,107,,CDSS,,,4001206,,,,,38.914343,-107.544158,,,,,,
619,div_0619_irrigation,cms,co,cms_co_stitzer_ditch,irrigation,102,,CDSS,,,2800694,,,,,38.460606,-106.642946,,,,,,
620,div_0620_irrigation,cms,co,cms_co_strand_ditch_no_1,irrigation,100,,CDSS,,,5900684,,,,,38.885581,-106.899728,,,,,,
621,div_0621_irrigation,cms,co,cms_co_stratton_and_co_ditch,irrigation,127,,CDSS,,,3700823,,,,,39.559057,-106.951113,,,,,,
622,div_0622_irrigation,cms,co,cms_co_streber_ditch,irrigation,130,,CDSS,,,4001207,,,,,39.059231,-107.343669,,,,,,
623,div_0623_irrigation,cms,co,cms_co_summit_ditch,irrigation,137,,CDSS,,,7100609,,,,,37.445753,-108.321441,,,water for irrigation stored in Summit Reservoir,,,
624,div_0624_irrigation,cms,co,cms_co_sunrise_ditch_happy_cyn,irrigation,110,,CDSS,,,4100568,,,,,38.492629,-107.905213,,,,,,
625,div_0625_irrigation,cms,co,cms_co_surface_creek_ditch_ward,irrigation,107,,CDSS,,,4000661,,,,,38.982462,-107.971635,,,,,,
626,div_0626_irrigation,cms,co,cms_co_sutton_no_1_ditch,irrigation,75,,CDSS,,,3600832,,,,,39.856758,-106.366003,,,,,,
627,div_0627_irrigation,cms,co,cms_co_sutton_no_3_amended_d,irrigation,102,,CDSS,,,2800697,,,,,38.524931,-106.694954,,,,,,
628,div_0628_irrigation,cms,co,cms_co_sweet_jessup_canal,irrigation,93,,CDSS,,,3801038,,,,,39.272704,-107.225212,,,,,,
629,div_0629_irrigation,cms,co,cms_co_sykes_and_alvord_ditch,irrigation,98,,CDSS,,,4500788,,,,,39.473861,-107.424542,,,,,,
630,div_0630_irrigation,cms,co,cms_co_sylvan_ditch,irrigation,122,,CDSS,,,5100924,,,,,39.966989,-106.074158,,,,,,
631,div_0631_irrigation,cms,co,cms_co_tallmadge_and_gibson_d,irrigation,98,,CDSS,,,4500790,,,,,39.464838,-107.612273,,,,,,
632,div_0632_irrigation,cms,co,cms_co_tarbell_&_alexander_d,irrigation,129,,CDSS,,,2800703,,,,,38.152418,-106.761189,,,,,,
633,div_0633_irrigation,cms,co,cms_co_tarkington_ditch,irrigation,102,,CDSS,,,2800704,,,,,38.571034,-106.610908,,,,,,
634,div_0634_irrigation,cms,co,cms_co_taughenbaugh_ditch,irrigation,98,,CDSS,,,4500793,,,,,39.487075,-107.831373,,,,,,
635,div_0635_irrigation,cms,co,cms_co_teachout_ditch,irrigation,101,,CDSS,,,5900691,,,,,38.685777,-106.990897,,,,,,
636,div_0636_irrigation,cms,co,cms_co_teachout_fairchild_ditch,irrigation,101,,CDSS,,,5900692,,,,,38.671431,-106.981397,,,,,,
637,div_0637_irrigation,cms,co,cms_co_tems_ditch,irrigation,131,,CDSS,,,7200911,,,,,39.210731,-107.980893,,,,,,
638,div_0638_irrigation,cms,co,cms_co_terrell_and_ford_ditch,irrigation,126,,CDSS,,,3700830,,,,,39.635468,-106.535649,,,,,,
639,div_0639_irrigation,cms,co,cms_co_thompkins_ditch,irrigation,98,,CDSS,,,3900672,,,,,39.597062,-107.571018,,,,,,
640,div_0640_irrigation,cms,co,cms_co_thompson_pump_no_1,irrigation,122,,CDSS,,,5101148,,,,,40.043734,-106.375589,,,,,,
641,div_0641_irrigation,cms,co,cms_co_thompson_pump_no_2,irrigation,122,,CDSS,,,5101149,,,,,40.045169,-106.357847,,,,,,
642,div_0642_irrigation,cms,co,cms_co_tom_ennis_ditch,irrigation,122,,CDSS,,,5000653,,,,,40.134813,-106.288264,,,,,,
643,div_0643_irrigation,cms,co,cms_co_tornay_highline_ditch,irrigation,102,,CDSS,,,2800707,,,,,38.521974,-106.668991,,,,,,
644,div_0644_irrigation,cms,co,cms_co_trail_creek_ditch,irrigation,82,,CDSS,,,5100934,,,,,40.184574,-105.978841,,,,,,
645,div_0645_intrabasin,cms,co,cms_co_transfer_ditch,intrabasin,1730,,CDSS,,,4000821,,,,,38.841459,-107.902376,38.834149,-107.933886,diverted water stored in offstream reservoir (Fruit Growers Reservoir) prior to application to irrigated lands,,,
646,div_0646_irrigation,cms,co,cms_co_trenchard_ditch,irrigation,109,,CDSS,,,6800763,,,,,38.100263,-107.815734,,,,,,
647,div_0647_irrigation,cms,co,cms_co_troublesome_ditch,irrigation,122,,CDSS,,,5000654,,,,,40.194342,-106.307858,,,,,,
648,div_0648_irrigation,cms,co,cms_co_turkey_creek_ditch,irrigation,137;139,,CDSS,,,7100618,,,,,37.51767,-108.156292,,,some irrigation water appears to be stored in Summit Reservoir prior to application to fields,,,
649,div_0649_irrigation,cms,co,cms_co_turner_ditch,irrigation,107,,CDSS,,,4001056,,,,,38.871137,-107.511556,,,,,,
650,div_0650_irrigation,cms,co,cms_co_twin_spruce_ditch,irrigation,130,,CDSS,,,4001212,,,,,39.106499,-107.553958,,,,,,
651,div_0651_irrigation,cms,co,cms_co_ty_watson_ditch,irrigation,102,,CDSS,,,2801151,,,,,38.382714,-106.548116,,,,,,
652,div_0652_irrigation,cms,co,cms_co_tyler_ditch,irrigation,122,,CDSS,,,5000656,,,,,40.208241,-106.429906,,,,,,
653,div_0653_irrigation,cms,co,cms_co_union_ditch,irrigation,93,,CDSS,,,3801062,,,,,39.399774,-107.154846,,,,,,
654,div_0654_irrigation,cms,co,cms_co_upper_cebolla_ditch,irrigation,105,,CDSS,,,6200779,,,,,38.051944,-107.088635,,,,,,
655,div_0655_irrigation,cms,co,cms_co_upper_frost_ditch,irrigation,126,,CDSS,,,3700843,,,,,39.577967,-106.764104,,,,,,
656,div_0656_irrigation,cms,co,cms_co_upper_hight_ditch,irrigation,131,,CDSS,,,7201233,,,,,39.267747,-107.902811,,,,,,
657,div_0657_irrigation,cms,co,cms_co_upper_roan_creek_ditch,irrigation,98,,CDSS,,,7000596,,,,,39.526924,-108.463067,,,,,,
658,div_0658_irrigation,cms,co,cms_co_upper_swan_ditch,irrigation,102,,CDSS,,,2800708,,,,,38.520096,-106.41622,,,,,,
659,div_0659_irrigation,cms,co,cms_co_upper_uncompahgre_ditch,irrigation,109;110,,CDSS,,,6800765,,,,,38.290713,-107.765557,,,,,,
660,div_0660_irrigation,cms,co,cms_co_ute_bill_no_2_ditch,irrigation,122,,CDSS,,,5100939,,,,,40.086533,-106.071577,,,,,,
661,div_0661_municipal,cms,co,cms_co_ute_pipeline_hgt_no_1,municipal,N/A,,CDSS,,,7201487,,,,,39.196986,-108.049324,,,Years where CDSS comments indicate water was not taken were not backfilled with averages,,,1988;1989;1990;1991;1992;1993;1994;1995
662,div_0662_municipal,cms,co,cms_co_ute_pipeline_hgt_no_2,municipal,N/A,,CDSS,,,7200920,,,,,39.193594,-108.064609,,,,,,
663,div_0663_irrigation,cms,co,cms_co_vader_rausis_ditch,irrigation,102,,CDSS,,,2800709,,,,,38.514921,-106.765847,,,,,,
664,div_0664_intrabasin,cms,co,cms_co_vail_irrigation_system_headgate_no_1,intrabasin,996,,CDSS,,,5101231,,,,,40.047324,-105.788803,40.057028,-105.802748,"conveys water to strawberry creek, a second headgate (vail irrigation #2) is located slightly downstream on strawberry creek",,,1987
665,div_0665_irrigation,cms,co,cms_co_vail_irrigation_system_headgate_no_2,irrigation,82,,CDSS,,,5100941,,,,,40.074485,-105.857583,,,,,,
666,div_0666_irrigation,cms,co,cms_co_van_bibber_ditch,irrigation,102,,CDSS,,,2800710,,,,,38.43095,-106.549662,,,,,,
667,div_0667_irrigation,cms,co,cms_co_van_cleve_fisher_fdr_d,irrigation,93,,CDSS,,,3801481,,,,,39.502397,-107.160385,,,,,,
668,div_0668_irrigation,cms,co,cms_co_vandeford_ditch,irrigation,107,,CDSS,,,4001213,,,,,38.812299,-107.69598,,,,,,
669,div_0669_irrigation,cms,co,cms_co_veo_ditch,irrigation,105,,CDSS,,,6200783,,,,,38.349923,-107.561987,,,,,,
670,div_0670_irrigation,cms,co,cms_co_verzuh_ditch,irrigation,100,,CDSS,,,5900699,,,,,38.861929,-106.913516,,,,,,
671,div_0671_irrigation,cms,co,cms_co_verzuh_young_bifano_d,irrigation,100,,CDSS,,,5900700,,,,,38.895894,-106.9094,,,,,,
672,div_0672_irrigation,cms,co,cms_co_vidal_bros_no_1_ditch,irrigation,101,,CDSS,,,5900701,,,,,38.589504,-106.931336,,,,,,
673,div_0673_interbasin,cms,co,cms_co_vidler_tunnel_west_portal,interbasin,N/A,-1,CDSS,,,3604626,,,,,39.622948,-105.79142,,,,,,
674,div_0674_irrigation,cms,co,cms_co_virginia_ditch,irrigation,107,,CDSS,,,4000616,,,,,38.684162,-107.457849,,,,,,
675,div_0675_irrigation,cms,co,cms_co_von_hagen_dallas_ditch,irrigation,109,,CDSS,,,6800770,,,,,38.109454,-107.838906,,,,,,
676,div_0676_irrigation,cms,co,cms_co_w_l_perry_no_6_ditch,irrigation,129,,CDSS,,,2800928,,,,,38.183041,-106.751445,,,,,,
677,div_0677_irrigation,cms,co,cms_co_waco_ditch,irrigation,93,,CDSS,,,3801073,,,,,39.273976,-106.873523,,,,,,
678,div_0678_irrigation,cms,co,cms_co_walden_hollow_ditch,irrigation,82,,CDSS,,,5100948,,,,,40.084566,-105.816539,,,,,,
679,div_0679_irrigation,cms,co,cms_co_walker_wonder_ditch,irrigation,93,,CDSS,,,3801078,,,,,39.273268,-106.958148,,,,,,
680,div_0680_irrigation,cms,co,cms_co_walthen_ditch,irrigation,93,,CDSS,,,3801132,,,,,39.276958,-106.885276,,,,,,
681,div_0681_irrigation,cms,co,cms_co_ward_and_reynolds_ditch,irrigation,98,,CDSS,,,4500810,,,,,39.523861,-107.612018,,,,,,
682,div_0682_irrigation,cms,co,cms_co_ware_and_hinds_ditch,irrigation,98,,CDSS,,,3900687,,,,,39.578276,-107.545783,,,,,,
683,div_0683_irrigation,cms,co,cms_co_warrant_ditch,irrigation,105,,CDSS,,,6200789,,,,,38.111487,-107.036017,,,,,,
684,div_0684_irrigation,cms,co,cms_co_warren_ditch,irrigation,126,,CDSS,,,3700848,,,,,39.688499,-106.748432,,,,,,
685,div_0685_interbasin,cms,co,cms_co_warren_e_wurts_ditch,interbasin,N/A,-1,CDSS,,,3704648,,,,,39.410149,-106.365651,,,,,,
686,div_0686_irrigation,cms,co,cms_co_waterman_metroz_ditch,irrigation,102,,CDSS,,,2800711,,,,,38.565774,-106.570286,,,,,,
687,div_0687_irrigation,cms,co,cms_co_weaver_and_leonhardy_d,irrigation,93,,CDSS,,,3801082,,,,,39.384944,-107.206785,,,,,,
688,div_0688_irrigation,cms,co,cms_co_welch_mesa_ditch,irrigation,130,,CDSS,,,4001218,,,,,39.161983,-107.400868,,,,,,
689,div_0689_irrigation,cms,co,cms_co_west_ditch,irrigation,105,,CDSS,,,6200792,,,,,38.194546,-107.058653,,,,,,
690,div_0690_irrigation,cms,co,cms_co_west_divide_creek_ditch,irrigation,98,,CDSS,,,4500818,,,,,39.41462,-107.615623,,,,,,
691,div_0691_irrigation,cms,co,cms_co_west_side_ditch,irrigation,131,,CDSS,,,7200933,,,,,39.117362,-108.157757,,,,,,
692,div_0692_intrabasin,cms,co,cms_co_west_three_mile_ditch,intrabasin,1366,,CDSS,,,3804717,,,,,39.434641,-107.372342,39.469071,-107.399132,ditch path followed with satelite imagery to assign destination location,,,
693,div_0693_irrigation,cms,co,cms_co_westlake_ditch,irrigation,75,,CDSS,,,3600868,,,,,39.856933,-106.286922,,,,,,
694,div_0694_irrigation,cms,co,cms_co_westside_ditch,irrigation,102,,CDSS,,,2800943,,,,,38.554868,-106.641349,,,,,,
695,div_0695_irrigation,cms,co,cms_co_whipp_ditch,irrigation,101,,CDSS,,,5900704,,,,,38.585666,-106.914862,,,,,,
696,div_0696_irrigation,cms,co,cms_co_wildcat_ditch_big_cr,irrigation,131,,CDSS,,,7200938,,,,,39.198489,-107.964653,,,,,,
697,div_0697_irrigation,cms,co,cms_co_wilkinson_ditch,irrigation,126,,CDSS,,,3700857,,,,,39.623461,-106.773845,,,,,,
698,div_0698_irrigation,cms,co,cms_co_williams_canal,irrigation,98,,CDSS,,,3900825,,,,,39.605767,-107.448763,,,,,,
699,div_0699_intrabasin,cms,co,cms_co_williams_fork_tunnel,intrabasin,1151,,CDSS,,,5104603,,,,,39.761064,-105.906111,39.818123,-105.835378,"Technically, water is transported over continental divide to Clear Creek. There, it is rediverted and is transported back under the continental divide via Vasquez Tunnel which empties into Vasquez Creek. Therefore, the destination location is the stream segment associated with Vasquez Creek. ",,,
700,div_0700_irrigation,cms,co,cms_co_williams_no_2_ditch,irrigation,93,,CDSS,,,3801096,,,,,39.297352,-106.999972,,,,,,
701,div_0701_irrigation,cms,co,cms_co_willow_and_owl_ditch,irrigation,93,,CDSS,,,3801104,,,,,39.164779,-106.940401,,,,,,
702,div_0702_irrigation,cms,co,cms_co_willow_creek_ditch,irrigation,93,,CDSS,,,3801101,,,,,39.167428,-106.881109,,,,,,
703,div_0703_irrigation,cms,co,cms_co_willow_ditch,irrigation,100,,CDSS,,,5900706,,,,,38.849186,-106.971041,,,,,,
704,div_0704_irrigation,cms,co,cms_co_willow_run_ditch,irrigation,101,,CDSS,,,5900707,,,,,38.741403,-107.027877,,,,,,
705,div_0705_irrigation,cms,co,cms_co_wilmot_ditch,irrigation,127,,CDSS,,,5200658,,,,,39.904722,-106.527946,,,,,,
706,div_0706_irrigation,cms,co,cms_co_wilson_and_doll_ditch,irrigation,127,,CDSS,,,5300883,,,,,39.805339,-106.982273,,,,,,
707,div_0707_irrigation,cms,co,cms_co_wilson_ditch,irrigation,101,,CDSS,,,5900709,,,,,38.62271,-106.93241,,,,,,
708,div_0708_irrigation,cms,co,cms_co_wilson_ohio_creek_ditch,irrigation,101,,CDSS,,,5900711,,,,,38.724387,-107.024463,,,,,,
709,div_0709_intrabasin,cms,co,cms_co_windy_gap_pump_pipeline_canal,intrabasin,937,,CDSS,,,5104700,,,,,40.108417,-105.982078,40.143048,-105.888713,Pumping started in 1984.,1/1/1984,,
710,div_0710_irrigation,cms,co,cms_co_wood_and_gee_ditch,irrigation,102,,CDSS,,,2800715,,,,,38.504815,-106.423489,,,,,,
711,div_0711_irrigation,cms,co,cms_co_woodbridge_ditch,irrigation,102,,CDSS,,,2800716,,,,,38.511539,-106.426317,,,,,,
712,div_0712_irrigation,cms,co,cms_co_youmans_no_4_ditch,irrigation,105,,CDSS,,,6200812,,,,,38.141763,-107.050036,,,,,,
713,div_0713_irrigation,grb,co,grb_co_acton_d,irrigation,29,,CDSS,,,5800500,,,,,40.112302,-106.940132,,,,,,
714,div_0714_irrigation,grb,co,grb_co_air_line_irr_d,irrigation,37,,CDSS,,,4400527,,,,,40.454867,-107.6479,,,,,,
715,div_0715_irrigation,grb,co,grb_co_allen_basin_supply_d,irrigation,29,,CDSS,,,5800506,,,,,40.138353,-107.033694,,,"listed as transbasin water in Colorado Statemod documentation, though appears to lead to local irrigated lands",,,
716,div_0716_irrigation,grb,co,grb_co_alpha_ditch,irrigation,31;35,,CDSS,,,5800508,,,,,40.21253,-107.081267,,,,,,
717,div_0717_irrigation,grb,co,grb_co_anderson_d_grieve_headgt,irrigation,41,,CDSS,,,5401070,,,,,41.001306,-107.304385,,,,,,
718,div_0718_irrigation,grb,co,grb_co_b_a_&_b_ditch_no_1,irrigation,60,,CDSS,,,4300511,,,,,40.008673,-107.910291,,,,,,
719,div_0719_irrigation,grb,co,grb_co_b_m_&_h_no_1,irrigation,62,,CDSS,,,4300513,,,,,39.898282,-108.294754,,,,,,
720,div_0720_irrigation,grb,co,grb_co_bailey_ditch,irrigation,37,,CDSS,,,4400541,,,,,40.472935,-107.96558,,,,,,
721,div_0721_irrigation,grb,co,grb_co_barbour_north_side_d,irrigation,54,,CDSS,,,4300526,,,,,40.023586,-107.448306,,,,,,
722,div_0722_irrigation,grb,co,grb_co_barbour_so_side_d_hg_1,irrigation,54,,CDSS,,,4300527,,,,,40.021483,-107.444693,,,,,,
723,div_0723_irrigation,grb,co,grb_co_baxter_ditch,irrigation,31,,CDSS,,,5800530,,,,,40.384801,-106.831964,,,,,,
724,div_0724_irrigation,grb,co,grb_co_beckman_ditch,irrigation,57,,CDSS,,,4300537,,,,,39.876253,-107.544964,,,,,,
725,div_0725_irrigation,grb,co,grb_co_beeler_ditch,irrigation,41,,CDSS,,,5400507,,,,,40.995682,-107.191952,,,,,,
726,div_0726_irrigation,grb,co,grb_co_belot_moffat_ditch,irrigation,62,,CDSS,,,4301027,,,,,39.841032,-108.236582,,,,,,
727,div_0727_irrigation,grb,co,grb_co_big_beaver_ditch,irrigation,58,,CDSS,,,4300539,,,,,39.969715,-107.647419,,,,,,
728,div_0728_irrigation,grb,co,grb_co_big_mesa_ditch,irrigation,29,,CDSS,,,5800539,,,,,40.068451,-107.001326,,,,,,
729,div_0729_irrigation,grb,co,grb_co_bird_ditch,irrigation,29,,CDSS,,,5800541,,,,,40.146734,-106.905342,,,,,,
730,div_0730_irrigation,grb,co,grb_co_blair_ditch,irrigation,64,,CDSS,,,4300546,,,,,40.145839,-108.323915,,,,,,
731,div_0731_irrigation,grb,co,grb_co_brock_ditch,irrigation,35,,CDSS,,,5700508,,,,,40.495176,-107.370498,,,,,,
732,div_0732_irrigation,grb,co,grb_co_brooks_ditch,irrigation,35,,CDSS,,,5800559,,,,,40.495312,-106.941378,,,,,,
733,div_0733_irrigation,grb,co,grb_co_brumback_ditch,irrigation,31,,CDSS,,,5800561,,,,,40.369403,-106.878116,,,,,,
734,div_0734_irrigation,grb,co,grb_co_buckingham_mandall_d,irrigation,29,,CDSS,,,5800564,,,,,40.095265,-106.96373,,,,,,
735,div_0735_irrigation,grb,co,grb_co_burnett_ditch,irrigation,32,,CDSS,,,5800568,,,,,40.610695,-106.954856,,,,,,
736,div_0736_irrigation,grb,co,grb_co_burnt_mesa_d,irrigation,29,,CDSS,,,5800569,,,,,40.143301,-107.017079,,,,,,
737,div_0737_municipal,grb,co,grb_co_california_co_water_pl,municipal,N/A,,CDSS,,,4300564,,,,,40.075314,-108.867019,,,,,,
738,div_0738_irrigation,grb,co,grb_co_calvat_ditch,irrigation,65,,CDSS,,,4300570,,,,,40.100565,-108.743079,,,,,,
739,div_0739_irrigation,grb,co,grb_co_campbell_ditch,irrigation,32,,CDSS,,,5800577,,,,,40.663928,-106.94445,,,,,,
740,div_0740_irrigation,grb,co,grb_co_card_ditch,irrigation,36,,CDSS,,,4400570,,,,,40.318386,-107.350684,,,,,,
741,div_0741_irrigation,grb,co,grb_co_carrigan_averill_d,irrigation,36;37,,CDSS,,,4400572,,,,,40.205316,-107.570911,,,,,,
742,div_0742_irrigation,grb,co,grb_co_cary_ditch_co_ditch,irrigation,35,,CDSS,,,5700510,,,,,40.492247,-107.297018,,,,,,
743,div_0743_irrigation,grb,co,grb_co_cataract_ditch,irrigation,35,,CDSS,,,4400573,,,,,40.74309,-107.383783,,,,,,
744,div_0744_irrigation,grb,co,grb_co_charlie_smith_ditch,irrigation,57,,CDSS,,,4300572,,,,,39.950675,-107.573308,,,,,,
745,div_0745_irrigation,grb,co,grb_co_chase_&_coltharp_d,irrigation,65,,CDSS,,,4300573,,,,,40.097551,-108.78009,,,,,,
746,div_0746_irrigation,grb,co,grb_co_clark_&_burke_ditch,irrigation,32,,CDSS,,,5800588,,,,,40.714825,-106.918501,,,,,,
747,div_0747_irrigation,grb,co,grb_co_clark_butler_westfall_d,irrigation,41,,CDSS,,,5400513,,,,,40.996333,-107.243296,,,,,,
748,div_0748_intrabasin,grb,co,grb_co_coal_creek_feeder_ditch,intrabasin,1014,,CDSS,,,4300577,,,,,40.112268,-107.542564,40.11058,-107.638979,transports water to coal creek drainage,,,
749,div_0749_irrigation,grb,co,grb_co_coal_creek_mesa_ditch,irrigation,59,,CDSS,,,4300578,,,,,40.090693,-107.770232,,,,,,
750,div_0750_industrial,grb,co,grb_co_colo_utilities_d_&_pl,industrial,35,,CDSS,,,5700512,,,,,40.488167,-107.160681,,,,,,
751,div_0751_irrigation,grb,co,grb_co_cox_pump_no_1,irrigation,65,,CDSS,,,4301272,,,,,40.171771,-108.608162,,,,,,
752,div_0752_industrial,grb,co,grb_co_craig_station_d_&_pl_1,industrial,37,,CDSS,,,4400522,,,,,40.480083,-107.613326,,,,,,
753,div_0753_irrigation,grb,co,grb_co_craig_water_supply_system,irrigation,35,,CDSS,,,4400581,,,,,40.499396,-107.535325,,,,,,
754,div_0754_irrigation,grb,co,grb_co_cross_mtn_pump_grounds,irrigation,42,,CDSS,,,4400583,,,,,40.545198,-108.222356,,,,,,
755,div_0755_irrigation,grb,co,grb_co_cross_mtn_pump_no_1,irrigation,42,,CDSS,,,4400584,,,,,40.518218,-108.275328,,,,,,
756,div_0756_irrigation,grb,co,grb_co_cullen_ditch_2,irrigation,32,,CDSS,,,5800599,,,,,40.567274,-106.888942,,,,,,
757,div_0757_irrigation,grb,co,grb_co_d_d_&_e_ditch,irrigation,37,,CDSS,,,4400586,,,,,40.288007,-107.759716,,,,,,
758,div_0758_irrigation,grb,co,grb_co_d_d_ferguson_d_no_2,irrigation,37,,CDSS,,,4400587,,,,,40.204308,-107.658538,,,,,,
759,div_0759_irrigation,grb,co,grb_co_day_ditch,irrigation,32,,CDSS,,,5800604,,,,,40.640055,-107.027799,,,,,,
760,div_0760_irrigation,grb,co,grb_co_deep_cut_irrigating_ditch,irrigation,35,,CDSS,,,4400589,,,,,40.511035,-107.472104,,,,,,
761,div_0761_irrigation,grb,co,grb_co_deer_ck_&_morapos_d,irrigation,36,,CDSS,,,4400590,,,,,40.316801,-107.647791,,,,,,
762,div_0762_irrigation,grb,co,grb_co_dennis_&_blewitt_d,irrigation,35,,CDSS,,,5700519,,,,,40.484908,-107.043755,,,,,,
763,div_0763_irrigation,grb,co,grb_co_dennison_&_martin_d,irrigation,37,,CDSS,,,4400593,,,,,40.264562,-107.630136,,,,,,
764,div_0764_irrigation,grb,co,grb_co_dever_ditch,irrigation,31,,CDSS,,,5800612,,,,,40.436321,-106.826159,,,,,,
765,div_0765_irrigation,grb,co,grb_co_dewey_sheridan_d,irrigation,41,,CDSS,,,5501011,,,,,40.574782,-108.397055,,,,,,
766,div_0766_irrigation,grb,co,grb_co_dreifuss_ditch,irrigation,58,,CDSS,,,4300607,,,,,39.944767,-107.756164,,,,,,
767,div_0767_irrigation,grb,co,grb_co_dreyfuss_ditch,irrigation,58,,CDSS,,,4300608,,,,,39.932129,-107.769756,,,,,,
768,div_0768_irrigation,grb,co,grb_co_dunston_ditch,irrigation,36,,CDSS,,,4400601,,,,,40.31713,-107.363703,,,,,,
769,div_0769_irrigation,grb,co,grb_co_duquette_ditch,irrigation,35,,CDSS,,,5800618,,,,,40.502732,-106.902589,,,,,,
770,div_0770_irrigation,grb,co,grb_co_east_side_ditch,irrigation,35,,CDSS,,,5700524,,,,,40.308048,-107.1622,,,,,,
771,div_0771_irrigation,grb,co,grb_co_east_side_ditch_2,irrigation,35,,CDSS,,,5700525,,,,,40.283499,-107.163217,,,,,,
772,div_0772_irrigation,grb,co,grb_co_egeria_ditch,irrigation,29,,CDSS,,,5800622,,,,,40.179999,-106.913789,,,,,,
773,div_0773_irrigation,grb,co,grb_co_egry_mesa_ditch,irrigation,36,,CDSS,,,4400607,,,,,40.149977,-107.224972,,,,,,
774,div_0774_irrigation,grb,co,grb_co_ekhart_ditch,irrigation,32,,CDSS,,,5800623,,,,,40.71188,-106.922264,,,,,,
775,div_0775_irrigation,grb,co,grb_co_elk_creek_ditch,irrigation,58,,CDSS,,,4300623,,,,,39.946761,-107.680381,,,,,,
776,div_0776_irrigation,grb,co,grb_co_elk_trail_ditch,irrigation,36,,CDSS,,,4400611,,,,,40.195647,-107.475232,,,,,,
777,div_0777_irrigation,grb,co,grb_co_elk_valley_ditch_co_d,irrigation,32,,CDSS,,,5800626,,,,,40.544318,-106.914866,,,,,,
778,div_0778_irrigation,grb,co,grb_co_elkhorn_irr_ditch,irrigation,35,,CDSS,,,4400612,,,,,40.699711,-107.431647,,,,,,
779,div_0779_irrigation,grb,co,grb_co_ellgen_ditch_no_2,irrigation,37,,CDSS,,,4400806,,,,,40.423087,-107.712031,,,,,,
780,div_0780_irrigation,grb,co,grb_co_enterprise_ditch,irrigation,31,,CDSS,,,5800627,,,,,40.409174,-106.795444,,,,,,
781,div_0781_irrigation,grb,co,grb_co_escalanta_pump_2,irrigation,41,,CDSS,,,5500504,,,,,40.604573,-108.325099,,,,,,
782,div_0782_irrigation,grb,co,grb_co_excelsior_ditch,irrigation,31,,CDSS,,,5800628,,,,,40.428407,-106.80871,,,,,,
783,div_0783_irrigation,grb,co,grb_co_ferguson_ditch,irrigation,29,,CDSS,,,5800634,,,,,40.119766,-106.975512,,,,,,
784,div_0784_irrigation,grb,co,grb_co_first_chance_ditch,irrigation,32,,CDSS,,,5800640,,,,,40.66774,-106.858532,,,,,,
785,div_0785_municipal,grb,co,grb_co_fish_cr_mun_water_intake,municipal,N/A,,CDSS,,,5800642,,,,,40.476528,-106.781618,,,,,,
786,div_0786_irrigation,grb,co,grb_co_fix_ditch,irrigation,29,,CDSS,,,5800643,,,,,40.118549,-106.935557,,,,,,
787,div_0787_irrigation,grb,co,grb_co_forney_corcoran_ditch,irrigation,64,,CDSS,,,4300640,,,,,40.090907,-108.242242,,,,,,
788,div_0788_irrigation,grb,co,grb_co_franz_ditch,irrigation,32,,CDSS,,,5800649,,,,,40.696275,-106.932124,,,,,,
789,div_0789_irrigation,grb,co,grb_co_george_s_witter_ditch,irrigation,64,,CDSS,,,4300653,,,,,40.080503,-108.204777,,,,,,
790,div_0790_irrigation,grb,co,grb_co_gibbons_wilson_jordan_d,irrigation,37,,CDSS,,,4400628,,,,,40.26286,-107.620193,,,,,,
791,div_0791_irrigation,grb,co,grb_co_gibraltar_ditch,irrigation,35,,CDSS,,,5700539,,,,,40.486665,-107.152327,,,,,,
792,div_0792_irrigation,grb,co,grb_co_graham_&_bennett_d,irrigation,32,,CDSS,,,5800662,,,,,40.637309,-106.949791,,,,,,
793,div_0793_irrigation,grb,co,grb_co_greenstreet_ditch_ext,irrigation,58,,CDSS,,,4300665,,,,,39.957552,-107.653832,,,,,,
794,div_0794_irrigation,grb,co,grb_co_hadden_base_ditch,irrigation,37,,CDSS,,,4400638,,,,,40.227312,-107.587914,,,,,,
795,div_0795_irrigation,grb,co,grb_co_hart_ditch,irrigation,37,,CDSS,,,4400812,,,,,40.238343,-107.594928,,,,,,
796,div_0796_irrigation,grb,co,grb_co_haughey_irr_ditch,irrigation,35,,CDSS,,,4400647,,,,,40.78178,-107.496483,,,,,,
797,div_0797_irrigation,grb,co,grb_co_hay_bretherton_ditch,irrigation,60,,CDSS,,,4300681,,,,,40.019283,-107.989542,,,,,,
798,div_0798_irrigation,grb,co,grb_co_heeley_ditch,irrigation,41,,CDSS,,,5400531,,,,,40.994315,-107.798195,,,,,,
799,div_0799_irrigation,grb,co,grb_co_hefley_pump_plant_no_1,irrigation,65,,CDSS,,,4300687,,,,,40.101873,-108.729077,,,,,,
800,div_0800_irrigation,grb,co,grb_co_hefley_pump_plant_no_2,irrigation,65,,CDSS,,,4300688,,,,,40.104536,-108.713471,,,,,,
801,div_0801_irrigation,grb,co,grb_co_henry_sweeney_ditch,irrigation,37,,CDSS,,,4400863,,,,,40.429332,-107.891657,,,,,,
802,div_0802_irrigation,grb,co,grb_co_highland_aka_highline_d,irrigation,36,,CDSS,,,4400652,,,,,40.320412,-107.40329,,,,,,
803,div_0803_irrigation,grb,co,grb_co_highland_ditch_1,irrigation,58;59;60,,CDSS,,,4300694,,,,,39.978113,-107.812443,,,,,,
804,div_0804_irrigation,grb,co,grb_co_highland_ditch_2,irrigation,37,,CDSS,,,4400651,,,,,40.253197,-107.612531,,,,,,
805,div_0805_irrigation,grb,co,grb_co_highland_ditch_3,irrigation,35,,CDSS,,,5700544,,,,,40.27849,-107.173301,,,,,,
806,div_0806_irrigation,grb,co,grb_co_highline_beaver_ditch,irrigation,31,,CDSS,,,5800687,,,,,40.418319,-106.770806,,,,,,
807,div_0807_irrigation,grb,co,grb_co_highline_ditch,irrigation,36,,CDSS,,,4400814,,,,,40.312933,-107.63652,,,,,,
808,div_0808_irrigation,grb,co,grb_co_highline_mesa_baker_d,irrigation,35,,CDSS,,,4400650,,,,,40.754128,-107.546321,,,,,,
809,div_0809_irrigation,grb,co,grb_co_hill_creek_no_2_ditch,irrigation,57,,CDSS,,,4300696,,,,,39.894477,-107.53468,,,,,,
810,div_0810_irrigation,grb,co,grb_co_hill_creek_no_3_ditch,irrigation,57,,CDSS,,,4300695,,,,,39.894378,-107.533414,,,,,,
811,div_0811_irrigation,grb,co,grb_co_home_supply_ditch,irrigation,41,,CDSS,,,5400532,,,,,40.99453,-107.159423,,,,,,
812,div_0812_irrigation,grb,co,grb_co_homestead_ditch,irrigation,35,,CDSS,,,5700545,,,,,40.338845,-106.980784,,,,,,
813,div_0813_irrigation,grb,co,grb_co_hoover_jacques_ditch,irrigation,32,,CDSS,,,5800694,,,,,40.72693,-106.884144,,,,,,
814,div_0814_irrigation,grb,co,grb_co_hot_springs_cr_highline_ditch,irrigation,32,,CDSS,,,5800695,,,,,40.561542,-106.853524,,,,,,
815,div_0815_irrigation,grb,co,grb_co_imes_&_reynolds_ditch,irrigation,64,,CDSS,,,4300710,,,,,40.05424,-108.15584,,,,,,
816,div_0816_irrigation,grb,co,grb_co_independent_ditch,irrigation,60,,CDSS,,,4300711,,,,,40.019531,-107.988991,,,,,,
817,div_0817_irrigation,grb,co,grb_co_j_a_martin_ditch,irrigation,37,,CDSS,,,4400660,,,,,40.203823,-107.695067,,,,,,
818,div_0818_irrigation,grb,co,grb_co_j_p_morin_ditch,irrigation,36,,CDSS,,,4400661,,,,,40.311964,-107.41231,,,,,,
819,div_0819_irrigation,grb,co,grb_co_james_hayes_ditch,irrigation,60,,CDSS,,,4300718,,,,,40.023866,-108.013914,,,,,,
820,div_0820_irrigation,grb,co,grb_co_juniper_mtn_tunnel,irrigation,37,,CDSS,,,4400675,,,,,40.42963,-107.858324,,,,,,
821,div_0821_irrigation,grb,co,grb_co_k_diamond_ditch,irrigation,37,,CDSS,,,4400677,,,,,40.44115,-107.916001,,,,,,
822,div_0822_irrigation,grb,co,grb_co_keller_ditch,irrigation,32,,CDSS,,,5800714,,,,,40.652052,-106.945714,,,,,,
823,div_0823_irrigation,grb,co,grb_co_kenney_pump_no_1,irrigation,65,,CDSS,,,4302099,,,,,40.087522,-108.833871,,,,,,
824,div_0824_irrigation,grb,co,grb_co_kinney_ditch,irrigation,32,,CDSS,,,5800717,,,,,40.727758,-106.883102,,,,,,
825,div_0825_irrigation,grb,co,grb_co_koll_ditch,irrigation,35,,CDSS,,,5700635,,,,,40.311701,-107.010656,,,,,,
826,div_0826_irrigation,grb,co,grb_co_larsen_ditch,irrigation,35,,CDSS,,,5800728,,,,,40.512683,-106.954024,,,,,,
827,div_0827_irrigation,grb,co,grb_co_last_chance_ditch,irrigation,35,,CDSS,,,5700555,,,,,40.199698,-107.10981,,,,,,
828,div_0828_irrigation,grb,co,grb_co_lateral_a_ditch,irrigation,29,,CDSS,,,5800730,,,,,40.158921,-106.993179,,,,,,
829,div_0829_irrigation,grb,co,grb_co_lee_irrigation_d,irrigation,32,,CDSS,,,5801021,,,,,40.56106,-106.891047,,,,,,
830,div_0830_irrigation,grb,co,grb_co_lefevre_no_1_pump,irrigation,41,,CDSS,,,5500537,,,,,40.58547,-108.376083,,,,,,
831,div_0831_irrigation,grb,co,grb_co_lily_park_ditch_no_1_pump_station_no_1,irrigation,42,,CDSS,,,4400687,,,,,40.451505,-108.452469,,,,,,
832,div_0832_irrigation,grb,co,grb_co_lindsey_ditch,irrigation,29,,CDSS,,,5800738,,,,,40.091443,-106.968629,,,,,,
833,div_0833_irrigation,grb,co,grb_co_little_bear_ditch,irrigation,35,,CDSS,,,4400688,,,,,40.68371,-107.438247,,,,,,
834,div_0834_irrigation,grb,co,grb_co_little_ditch,irrigation,64,,CDSS,,,4300769,,,,,40.103499,-108.270417,,,,,,
835,div_0835_irrigation,grb,co,grb_co_lower_pleasant_valley_d,irrigation,31,,CDSS,,,5800749,,,,,40.334762,-106.812316,,,,,,
836,div_0836_irrigation,grb,co,grb_co_lowland_ditch,irrigation,58,,CDSS,,,4300777,,,,,39.997036,-107.822156,,,,,,
837,div_0837_irrigation,grb,co,grb_co_lowry_seeley_pump,irrigation,37,,CDSS,,,4400820,,,,,40.428943,-107.87515,,,,,,
838,div_0838_irrigation,grb,co,grb_co_luchsinger_ditch,irrigation,41,,CDSS,,,5400543,,,,,40.998799,-107.24571,,,,,,
839,div_0839_irrigation,grb,co,grb_co_lyon_ditch_2,irrigation,31,,CDSS,,,5800756,,,,,40.3839,-106.866833,,,,,,
840,div_0840_irrigation,grb,co,grb_co_m_ditch,irrigation,35,,CDSS,,,4400691,,,,,40.506913,-107.532209,,,,,,
841,div_0841_irrigation,grb,co,grb_co_m_h_m_german_cons_d,irrigation,62,,CDSS,,,4300782,,,,,39.865733,-108.282278,,,,,,
842,div_0842_irrigation,grb,co,grb_co_majors_pump_no_2,irrigation,41,,CDSS,,,5500506,,,,,40.608086,-108.338497,,,,,,
843,div_0843_irrigation,grb,co,grb_co_male_moore_co_ditch,irrigation,35,,CDSS,,,5700561,,,,,40.21492,-107.100059,,,,,,
844,div_0844_irrigation,grb,co,grb_co_mandall_ditch,irrigation,29,,CDSS,,,5800763,,,,,40.105413,-106.952278,,,,,,
845,div_0845_irrigation,grb,co,grb_co_marcott_ditch,irrigation,57,,CDSS,,,4300788,,,,,39.969755,-107.604722,,,,,,
846,div_0846_irrigation,grb,co,grb_co_marshall_roberts_ditch,irrigation,35,,CDSS,,,5700563,,,,,40.478473,-107.145294,,,,,,
847,div_0847_irrigation,grb,co,grb_co_martin_ck_ditch,irrigation,37,,CDSS,,,4400692,,,,,40.145523,-107.647111,,,,,,
848,div_0848_irrigation,grb,co,grb_co_martin_ditch,irrigation,59,,CDSS,,,4300789,,,,,40.029894,-107.820792,,,,,,
849,div_0849_irrigation,grb,co,grb_co_marvine_ditch_1,irrigation,54,,CDSS,,,4300790,,,,,40.034673,-107.486486,,,,,,
850,div_0850_irrigation,grb,co,grb_co_maybell_canal,irrigation,37;42,,CDSS,,,4400694,,,,,40.473052,-107.991804,,,,,,
851,div_0851_irrigation,grb,co,grb_co_mcdonald_ditch,irrigation,35,,CDSS,,,4400698,,,,,40.756069,-107.490818,,,,,,
852,div_0852_irrigation,grb,co,grb_co_mcdowell_no_2_ditch,irrigation,64,,CDSS,,,4301855,,,,,40.028258,-108.123462,,,,,,
853,div_0853_irrigation,grb,co,grb_co_mcintyre_ditch,irrigation,42,,CDSS,,,4400702,,,,,40.51909,-108.060052,,,,,,
854,div_0854_irrigation,grb,co,grb_co_mckinlay_ditch_no_1,irrigation,34,,CDSS,,,4400699,,,,,40.657964,-107.296509,,,,,,
855,div_0855_irrigation,grb,co,grb_co_mckinlay_ditch_no_2,irrigation,34,,CDSS,,,4400700,,,,,40.648274,-107.283677,,,,,,
856,div_0856_irrigation,grb,co,grb_co_meeker_ditch,irrigation,60,,CDSS,,,4300808,,,,,40.036503,-107.877666,,,,,,
857,div_0857_irrigation,grb,co,grb_co_meeker_power_ditch,irrigation,60,,CDSS,,,4300809,,,,,40.03428,-107.897096,,,,,,
858,div_0858_municipal,grb,co,grb_co_meeker_water_sys_pl,municipal,N/A,,CDSS,,,4300810,,,,,40.032946,-107.914347,,,,,,
859,div_0859_irrigation,grb,co,grb_co_melvin_ditch,irrigation,60,,CDSS,,,4300813,,,,,39.917638,-107.923979,,,,,,
860,div_0860_irrigation,grb,co,grb_co_metz_&_reigan_ditch,irrigation,63,,CDSS,,,4300815,,,,,39.979388,-108.251584,,,,,,
861,div_0861_irrigation,grb,co,grb_co_milk_ck_ditch,irrigation,37,,CDSS,,,4400706,,,,,40.308982,-107.762135,,,,,,
862,div_0862_irrigation,grb,co,grb_co_mill_creek_ditch,irrigation,29,,CDSS,,,5801085,,,,,40.137125,-107.035348,,,,,,
863,div_0863_irrigation,grb,co,grb_co_mill_ditch_1,irrigation,29,,CDSS,,,5800777,,,,,40.12765,-106.918118,,,,,,
864,div_0864_irrigation,grb,co,grb_co_miller_creek_ditch,irrigation,58;59;60,,CDSS,,,4300819,,,,,39.944428,-107.756794,,,,,,
865,div_0865_irrigation,grb,co,grb_co_mock_ditch,irrigation,42,,CDSS,,,4400711,,,,,40.536882,-108.1095,,,,,,
866,div_0866_irrigation,grb,co,grb_co_mooney_ditch,irrigation,57,,CDSS,,,4300828,,,,,39.974277,-107.613535,,,,,,
867,div_0867_irrigation,grb,co,grb_co_morgan_&_beeler_d,irrigation,41,,CDSS,,,5400548,,,,,41.002057,-107.36028,,,,,,
868,div_0868_irrigation,grb,co,grb_co_morgan_ditch,irrigation,42,,CDSS,,,4400851,,,,,40.490334,-108.335066,,,,,,
869,div_0869_irrigation,grb,co,grb_co_morgan_slater_ditch,irrigation,41,,CDSS,,,5400549,,,,,40.985123,-107.38176,,,,,,
870,div_0870_irrigation,grb,co,grb_co_morin_ditch,irrigation,32;35,,CDSS,,,5800783,,,,,40.525669,-106.939787,,,,,,
871,div_0871_irrigation,grb,co,grb_co_new_archer_warner_ditch,irrigation,58,,CDSS,,,4300841,,,,,39.947643,-107.732111,,,,,,
872,div_0872_irrigation,grb,co,grb_co_niblock_ditch,irrigation,60,,CDSS,,,4300842,,,,,40.024382,-107.937064,,,,,,
873,div_0873_irrigation,grb,co,grb_co_nickell_ditch,irrigation,29,,CDSS,,,5800798,,,,,40.148948,-106.904958,,,,,,
874,div_0874_irrigation,grb,co,grb_co_nine_mile_irr_ditch,irrigation,41,,CDSS,,,5500507,,,,,40.709552,-108.213278,,,,,,
875,div_0875_irrigation,grb,co,grb_co_norvell_ditch,irrigation,35,,CDSS,,,4400724,,,,,40.536353,-107.429789,,,,,,
876,div_0876_irrigation,grb,co,grb_co_oak_creek_ditch,irrigation,31,,CDSS,,,5800805,,,,,40.262116,-106.974157,,,,,,
877,div_0877_irrigation,grb,co,grb_co_oak_dale_ditch,irrigation,31,,CDSS,,,5800807,,,,,40.259126,-106.985723,,,,,,
878,div_0878_irrigation,grb,co,grb_co_oak_ridge_park_ditch,irrigation,58;59,,CDSS,,,4300848,,,,,39.965921,-107.803315,,,,,,
879,div_0879_irrigation,grb,co,grb_co_oakton_ditch,irrigation,29,,CDSS,,,5800808,,,,,40.214989,-106.932765,,,,,,
880,div_0880_irrigation,grb,co,grb_co_old_agency_ditch,irrigation,58;59,,CDSS,,,4300849,,,,,39.991249,-107.820125,,,,,,
881,div_0881_irrigation,grb,co,grb_co_old_sweeney_ditch,irrigation,37,,CDSS,,,4400830,,,,,40.444036,-107.927278,,,,,,
882,div_0882_irrigation,grb,co,grb_co_oldland_ditch_1,irrigation,61,,CDSS,,,4300850,,,,,39.79973,-108.125374,,,,,,
883,div_0883_irrigation,grb,co,grb_co_oldland_ditch_2,irrigation,61,,CDSS,,,4300851,,,,,39.808463,-108.134891,,,,,,
884,div_0884_irrigation,grb,co,grb_co_oneco_pump_no_2,irrigation,41,,CDSS,,,5500509,,,,,40.587765,-108.363688,,,,,,
885,div_0885_irrigation,grb,co,grb_co_orno_ditch,irrigation,35,,CDSS,,,5700576,,,,,40.247445,-107.080844,,,,,,
886,div_0886_irrigation,grb,co,grb_co_owen_carrigan_ditch,irrigation,36;37,,CDSS,,,4400726,,,,,40.204879,-107.570295,,,,,,
887,div_0887_irrigation,grb,co,grb_co_patrick_sweeney_d,irrigation,37,,CDSS,,,4400729,,,,,40.441298,-107.915757,,,,,,
888,div_0888_irrigation,grb,co,grb_co_pease_ditch,irrigation,60,,CDSS,,,4300867,,,,,40.017246,-107.959076,,,,,,
889,div_0889_irrigation,grb,co,grb_co_peck_irrig_d,irrigation,36,,CDSS,,,4400731,,,,,40.351935,-107.455379,,,,,,
890,div_0890_irrigation,grb,co,grb_co_pedrick_ditch,irrigation,64,,CDSS,,,4300868,,,,,40.177614,-108.370345,,,,,,
891,div_0891_irrigation,grb,co,grb_co_pennsylvania_ditch,irrigation,29,,CDSS,,,5800821,,,,,40.135295,-106.905234,,,,,,
892,div_0892_irrigation,grb,co,grb_co_perkins_fox_ditch,irrigation,41,,CDSS,,,5400554,,,,,40.888849,-107.48942,,,,,,
893,div_0893_irrigation,grb,co,grb_co_perkins_irr_ditch,irrigation,41,,CDSS,,,5400555,,,,,40.931943,-107.536738,,,,,,
894,div_0894_irrigation,grb,co,grb_co_pine_ck_ditch,irrigation,36,,CDSS,,,4400735,,,,,40.192679,-107.48512,,,,,,
895,div_0895_irrigation,grb,co,grb_co_pothole_ditch,irrigation,54,,CDSS,,,4300881,,,,,40.028983,-107.533726,,,,,,
896,div_0896_irrigation,grb,co,grb_co_powell_park_ditch,irrigation,60,,CDSS,,,4300883,,,,,40.020892,-107.966896,,,,,,
897,div_0897_irrigation,grb,co,grb_co_priest_ditch,irrigation,31,,CDSS,,,5800830,,,,,40.431372,-106.801752,,,,,,
898,div_0898_irrigation,grb,co,grb_co_r_e_clark_ditch,irrigation,35,,CDSS,,,5700579,,,,,40.479399,-107.010132,,,,,,
899,div_0899_irrigation,grb,co,grb_co_raftopoulos_lsr_pump,irrigation,41,,CDSS,,,5501081,,,,,40.92513,-108.086488,,,,,,
900,div_0900_municipal,grb,co,grb_co_rangely_water_plant,municipal,N/A,,CDSS,,,4300889,,,,,40.094232,-108.775262,,,,,,
901,div_0901_irrigation,grb,co,grb_co_ratcliff_ditch,irrigation,36,,CDSS,,,4400740,,,,,40.317329,-107.3908,,,,,,
902,div_0902_intrabasin,grb,co,grb_co_rich_ditch,intrabasin,901,,CDSS,,,5704629,,,,,40.1898,-107.114167,40.203442,-107.092112,diversion to oak creek,,,
903,div_0903_irrigation,grb,co,grb_co_rinker_pump_d,irrigation,42,,CDSS,,,5500519,,,,,40.481645,-108.434517,,,,,,
904,div_0904_irrigation,grb,co,grb_co_robert_mckee_ditch,irrigation,62,,CDSS,,,4300903,,,,,39.850415,-108.264299,,,,,,
905,div_0905_irrigation,grb,co,grb_co_robinson_wardell_pump_6,irrigation,65,,CDSS,,,4301257,,,,,40.066782,-108.933093,,,,,,
906,div_0906_irrigation,grb,co,grb_co_roby_ditch_no_2,irrigation,37,,CDSS,,,4400748,,,,,40.249437,-107.60752,,,,,,
907,div_0907_irrigation,grb,co,grb_co_round_bottom_ditch,irrigation,37,,CDSS,,,4400751,,,,,40.413001,-107.693053,,,,,,
908,div_0908_irrigation,grb,co,grb_co_ryan_ditch,irrigation,62;63,,CDSS,,,4300908,,,,,39.915388,-108.299143,,,,,,
909,div_0909_irrigation,grb,co,grb_co_rye_grass_ditch,irrigation,61;62,,CDSS,,,4300909,,,,,39.820579,-108.164704,,,,,,
910,div_0910_irrigation,grb,co,grb_co_saddle_mountain_ditch,irrigation,35,,CDSS,,,5700584,,,,,40.482569,-106.986219,,,,,,
911,div_0911_irrigation,grb,co,grb_co_sand_creek_ditch,irrigation,32,,CDSS,,,5800847,,,,,40.705055,-106.964834,,,,,,
912,div_0912_intrabasin,grb,co,grb_co_sarvis_ditch,intrabasin,936,,CDSS,,,5804684,,,,,40.235167,-106.599989,40.223627,-106.595889,,,,
913,div_0913_irrigation,grb,co,grb_co_schutte_ditch,irrigation,61,,CDSS,,,4300923,,,,,39.787466,-108.040191,,,,,,
914,div_0914_irrigation,grb,co,grb_co_shelton_ditch,irrigation,35,,CDSS,,,5700592,,,,,40.511511,-107.211862,,,,,,
915,div_0915_irrigation,grb,co,grb_co_sheridan_&_morton_d,irrigation,59;60,,CDSS,,,4300926,,,,,40.034159,-107.863213,,,,,,
916,div_0916_irrigation,grb,co,grb_co_simon_ditch,irrigation,29,,CDSS,,,5800863,,,,,40.174287,-107.029635,,,,,,
917,div_0917_irrigation,grb,co,grb_co_skelton_ditch,irrigation,54;57;58,,CDSS,,,4300931,,,,,39.986875,-107.614929,,,,,,
918,div_0918_irrigation,grb,co,grb_co_slater_fork_ditch,irrigation,39,,CDSS,,,5400568,,,,,40.959696,-107.390006,,,,,,
919,div_0919_irrigation,grb,co,grb_co_slater_park_ditch_no_1,irrigation,33,,CDSS,,,5400570,,,,,40.810818,-107.100697,,,,,,
920,div_0920_irrigation,grb,co,grb_co_slater_park_ditch_no_5,irrigation,38,,CDSS,,,5400574,,,,,40.816781,-107.115469,,,,,,
921,div_0921_irrigation,grb,co,grb_co_smith_ditch,irrigation,35,,CDSS,,,4400763,,,,,40.541768,-107.388246,,,,,,
922,div_0922_irrigation,grb,co,grb_co_snow_bank_ditch,irrigation,29,,CDSS,,,5800866,,,,,40.175032,-106.983034,,,,,,
923,div_0923_irrigation,grb,co,grb_co_soda_creek_ditch,irrigation,35,,CDSS,,,5800868,,,,,40.532342,-106.812376,,,,,,
924,div_0924_irrigation,grb,co,grb_co_south_side_ditch_1,irrigation,36,,CDSS,,,4400765,,,,,40.357261,-107.489826,,,,,,
925,div_0925_irrigation,grb,co,grb_co_south_side_ditch_2,irrigation,29,,CDSS,,,5800872,,,,,40.254247,-106.923617,,,,,,
926,div_0926_irrigation,grb,co,grb_co_south_side_highline_d,irrigation,59;60,,CDSS,,,4300935,,,,,40.030646,-107.84604,,,,,,
927,div_0927_irrigation,grb,co,grb_co_square_s_cons_d_sys,irrigation,63,,CDSS,,,4300948,,,,,39.934662,-108.293821,,,,,,
928,div_0928_irrigation,grb,co,grb_co_stadtman_ditch,irrigation,64,,CDSS,,,4300949,,,,,40.19855,-108.493984,,,,,,
929,div_0929_irrigation,grb,co,grb_co_stafford_ditch,irrigation,29,,CDSS,,,5800879,,,,,40.18876,-106.918429,,,,,,
930,div_0930_irrigation,grb,co,grb_co_state_line_ww_ditch,irrigation,41,,CDSS,,,5402068,,,,,40.998186,-107.777043,,,,,,
931,div_0931_irrigation,grb,co,grb_co_stillwater_ditch,irrigation,29,,CDSS,,,5804685,,,,,40.053313,-107.045313,,,,,,
932,div_0932_irrigation,grb,co,grb_co_storey_ditch_1,irrigation,65,,CDSS,,,4300954,,,,,40.104083,-108.765662,,,,,,
933,div_0933_irrigation,grb,co,grb_co_sunbeam_ditch,irrigation,42,,CDSS,,,4400778,,,,,40.549953,-108.18212,,,,,,
934,div_0934_irrigation,grb,co,grb_co_sunnyside_ditch,irrigation,32,,CDSS,,,5800895,,,,,40.764998,-106.819596,,,,,,
935,div_0935_irrigation,grb,co,grb_co_suttle_ditch,irrigation,31,,CDSS,,,5800897,,,,,40.369968,-106.809961,,,,,,
936,div_0936_irrigation,grb,co,grb_co_sweede_ditch,irrigation,57,,CDSS,,,4300961,,,,,39.928323,-107.559998,,,,,,
937,div_0937_irrigation,grb,co,grb_co_thomas_ditch_2,irrigation,64,,CDSS,,,4300966,,,,,40.022647,-108.120769,,,,,,
938,div_0938_irrigation,grb,co,grb_co_tipton_irr_ditch,irrigation,35,,CDSS,,,4400785,,,,,40.689812,-107.348582,,,,,,
939,div_0939_irrigation,grb,co,grb_co_tisdel_d_no_2,irrigation,42,,CDSS,,,4400786,,,,,40.536587,-108.240702,,,,,,
940,div_0940_irrigation,grb,co,grb_co_trout_creek_ditch_3,irrigation,35,,CDSS,,,5700608,,,,,40.380452,-106.970917,,,,,,
941,div_0941_irrigation,grb,co,grb_co_trowel_ditch,irrigation,41,,CDSS,,,5400583,,,,,40.991615,-107.722539,,,,,,
942,div_0942_irrigation,grb,co,grb_co_union_ditch,irrigation,29,,CDSS,,,5800914,,,,,40.264138,-106.888148,,,,,,
943,div_0943_irrigation,grb,co,grb_co_upper_elk_river_d_co_d,irrigation,32,,CDSS,,,5800915,,,,,40.654169,-106.944664,,,,,,
944,div_0944_irrigation,grb,co,grb_co_upper_pleasant_valley_d,irrigation,31,,CDSS,,,5800916,,,,,40.314013,-106.812455,,,,,,
945,div_0945_irrigation,grb,co,grb_co_ute_creek_ditch,irrigation,54,,CDSS,,,4300980,,,,,40.033162,-107.506411,,,,,,
946,div_0946_irrigation,grb,co,grb_co_utley_ditch,irrigation,36,,CDSS,,,4400790,,,,,40.365552,-107.521621,,,,,,
947,div_0947_irrigation,grb,co,grb_co_vaughn_pump,irrigation,42,,CDSS,,,4401122,,,,,40.523368,-108.260129,,,,,,
948,div_0948_irrigation,grb,co,grb_co_w_r_deakins_ditch,irrigation,36,,CDSS,,,4400501,,,,,40.348458,-107.440065,,,,,,
949,div_0949_irrigation,grb,co,grb_co_walker_irrig_ditch,irrigation,35,,CDSS,,,5700611,,,,,40.505227,-107.188489,,,,,,
950,div_0950_irrigation,grb,co,grb_co_walton_creek_ditch,irrigation,31,,CDSS,,,5800920,,,,,40.406106,-106.791132,,,,,,
951,div_0951_irrigation,grb,co,grb_co_west_side_ditch,irrigation,35,,CDSS,,,5700612,,,,,40.277966,-107.16237,,,,,,
952,div_0952_irrigation,grb,co,grb_co_wheeler_bros_ditch,irrigation,32,,CDSS,,,5800928,,,,,40.718453,-106.908294,,,,,,
953,div_0953_irrigation,grb,co,grb_co_wheeler_ditch,irrigation,57,,CDSS,,,4301004,,,,,39.874152,-107.53724,,,,,,
954,div_0954_irrigation,grb,co,grb_co_whipple_ditch,irrigation,29,,CDSS,,,5800933,,,,,40.207477,-106.929461,,,,,,
955,div_0955_irrigation,grb,co,grb_co_white_river_mesa_ditch,irrigation,63,,CDSS,,,4301010,,,,,40.035669,-108.258816,,,,,,
956,div_0956_irrigation,grb,co,grb_co_wideman_ditch,irrigation,37,,CDSS,,,4400506,,,,,40.290054,-107.762258,,,,,,
957,div_0957_irrigation,grb,co,grb_co_williams_irrig_ditch,irrigation,35,,CDSS,,,5700622,,,,,40.493011,-107.16178,,,,,,
958,div_0958_irrigation,grb,co,grb_co_williams_park_ditch,irrigation,35,,CDSS,,,5700623,,,,,40.3048,-107.163885,,,,,,
959,div_0959_irrigation,grb,co,grb_co_willow_ck_ditch,irrigation,41,,CDSS,,,5400591,,,,,40.91577,-107.5218,,,,,,
960,div_0960_irrigation,grb,co,grb_co_wilson_ditch,irrigation,37,,CDSS,,,4400509,,,,,40.203713,-107.66131,,,,,,
961,div_0961_irrigation,grb,co,grb_co_wisconsin_ditch,irrigation,35,,CDSS,,,4400511,,,,,40.610415,-107.472149,,,,,,
962,div_0962_irrigation,grb,co,grb_co_wise_ditch_alt_pt,irrigation,37,,CDSS,,,4402214,,,,,40.452051,-107.941516,,,,,,
963,div_0963_irrigation,grb,co,grb_co_wither_ditch,irrigation,32,,CDSS,,,5800940,,,,,40.551241,-106.896002,,,,,,
964,div_0964_irrigation,grb,co,grb_co_woodbury_ditch,irrigation,41,,CDSS,,,5400594,,,,,40.996316,-107.774647,,,,,,
965,div_0965_irrigation,grb,co,grb_co_woodchuck_d_soda_ck_hg,irrigation,35,,CDSS,,,5800943,,,,,40.531993,-106.810537,,,,,,
966,div_0966_irrigation,grb,co,grb_co_woolery_ditch,irrigation,35,,CDSS,,,5800944,,,,,40.496948,-106.859438,,,,,,
967,div_0967_irrigation,grb,co,grb_co_wooley_ditch,irrigation,29,,CDSS,,,5800945,,,,,40.11463,-106.938837,,,,,,
968,div_0968_irrigation,grb,co,grb_co_yampa_ditch,irrigation,35,,CDSS,,,4400516,,,,,40.508668,-107.499633,,,,,,
969,div_0969_irrigation,grb,co,grb_co_yampa_val_stock_br_co_d,irrigation,35;37,,CDSS,,,4400517,,,,,40.482362,-107.610937,,,,,,
970,div_0970_irrigation,grb,co,grb_co_yellow_jacket_ditch_no_1,irrigation,37,,CDSS,,,4400518,,,,,40.162403,-107.733557,,,,,,
971,div_0971_irrigation,sjb,co,sjb_co_abraham_davis_ditch,irrigation,158,,CDSS,,,7800501,,,,,37.4804,-107.099868,,,,,,
972,div_0972_irrigation,sjb,co,sjb_co_ambold_wallace_ditch,irrigation,157,,CDSS,,,3000504,,,,,37.455672,-107.799724,,,,,,
973,div_0973_irrigation,sjb,co,sjb_co_animas_consolidated_d,irrigation,157,,CDSS,,,3000506,,,,,37.445138,-107.803535,,,,,,
974,div_0974_irrigation,sjb,co,sjb_co_animas_ditch,irrigation,145,,CDSS,,,3001023,,,,,37.136098,-107.891444,,,,,,
975,div_0975_irrigation,sjb,co,sjb_co_barnes_ditch,irrigation,158,,CDSS,,,7800506,,,,,37.526369,-107.276895,,,,,,
976,div_0976_irrigation,sjb,co,sjb_co_barnes_meuser_and_shaw_d,irrigation,158,,CDSS,,,7800507,,,,,37.543805,-107.279315,,,,,,
977,div_0977_irrigation,sjb,co,sjb_co_bear_creek_and_pine_river_ditch,irrigation,151,,CDSS,,,3100514,,,,,37.313348,-107.607579,,,,,,
978,div_0978_irrigation,sjb,co,sjb_co_bear_creek_ditch,irrigation,157,,CDSS,,,3000510,,,,,37.479926,-107.776568,,,,,,
979,div_0979_irrigation,sjb,co,sjb_co_beaver_ditch,irrigation,139,,CDSS,,,3400505,,,,,37.334474,-108.320106,,,,,,
980,div_0980_irrigation,sjb,co,sjb_co_bennett_myers_irr_ditch,irrigation,151,,CDSS,,,3100528,,,,,37.342535,-107.623893,,,,,,
981,div_0981_irrigation,sjb,co,sjb_co_bess_girl_ditch,irrigation,158,,CDSS,,,7800571,,,,,37.468908,-107.172215,,,,,,
982,div_0982_irrigation,sjb,co,sjb_co_big_stick_ditch,irrigation,141,,CDSS,,,3300554,,,,,37.256454,-108.034067,,,,,,
983,div_0983_irrigation,sjb,co,sjb_co_black_dike_ditch,irrigation,137,,CDSS,,,3200509,,,,,37.335632,-108.732611,,,,,,
984,div_0984_irrigation,sjb,co,sjb_co_bodo_pine_ridge_ditch,irrigation,145,,CDSS,,,3001056,,,,,37.238337,-107.966791,,,,,,
985,div_0985_irrigation,sjb,co,sjb_co_boss_ditch,irrigation,139,,CDSS,,,3400506,,,,,37.341526,-108.303468,,,,,,
986,div_0986_irrigation,sjb,co,sjb_co_briggs_ditch,irrigation,142,,CDSS,,,4600503,,,,,37.000687,-107.500923,,,,,,
987,div_0987_irrigation,sjb,co,sjb_co_buckskin_nailor_ditch,irrigation,158,,CDSS,,,7800513,,,,,37.219961,-107.344379,,,,,,
988,div_0988_irrigation,sjb,co,sjb_co_c_h_loucks_ditch,irrigation,153,,CDSS,,,2900550,,,,,37.259598,-107.011229,,,,,,
989,div_0989_irrigation,sjb,co,sjb_co_carl_and_webb_ditch,irrigation,158,,CDSS,,,7800523,,,,,37.449486,-107.138702,,,,,,
990,div_0990_irrigation,sjb,co,sjb_co_carpenter_and_mitchell_d,irrigation,139,,CDSS,,,3400508,,,,,37.345849,-108.311275,,,,,,
991,div_0991_irrigation,sjb,co,sjb_co_carr_ditch,irrigation,153,,CDSS,,,2900555,,,,,37.012847,-107.224378,,,,,,
992,div_0992_hydropower,sjb,co,sjb_co_cascade_canal,hydropower,2421,,CDSS,,,3000523,,,,,37.66711,-107.822389,37.589856,-107.801858,diverts water to reservoir (Electra Lake) where it is stored for power generation. Plant is located on Animas River where diverted water is returned to river,,,
993,div_0993_irrigation,sjb,co,sjb_co_ceanaboo_ditch,irrigation,151;150,,CDSS,,,3100502,,,,,37.212841,-107.591641,,,,,,
994,div_0994_irrigation,sjb,co,sjb_co_chapson_and_howe_ditch,irrigation,154,,CDSS,,,2900560,,,,,37.416154,-106.896701,,,,,,
995,div_0995_irrigation,sjb,co,sjb_co_cimarron_ditch,irrigation,158,,CDSS,,,7800524,,,,,37.537815,-107.208085,,,,,,
996,div_0996_irrigation,sjb,co,sjb_co_clayton_reed_ditch,irrigation,158,,CDSS,,,7800525,,,,,37.460067,-107.097456,,,,,,
997,div_0997_irrigation,sjb,co,sjb_co_commissioner_ditch,irrigation,150,,CDSS,,,3100503,,,,,37.14978,-107.596488,,,,,,
998,div_0998_irrigation,sjb,co,sjb_co_cottonwood_ditch_no_1,irrigation,137,,CDSS,,,3200528,,,,,37.325879,-108.931377,,,,,,
999,div_0999_irrigation,sjb,co,sjb_co_cottonwood_ditch_no_2,irrigation,137,,CDSS,,,3200529,,,,,37.326624,-108.940914,,,,,,
1000,div_1000_irrigation,sjb,co,sjb_co_crystal_creek_ditch,irrigation,139,,CDSS,,,3400514,,,,,37.475077,-108.170156,,,,,,
1001,div_1001_irrigation,sjb,co,sjb_co_dowell_ditch,irrigation,153,,CDSS,,,2900582,,,,,37.289871,-106.875138,,,,,,
1002,div_1002_irrigation,sjb,co,sjb_co_dr_morrison_ditch_1,irrigation,151;150,,CDSS,,,3100505,,,,,37.216647,-107.598081,,,,,12/31/2010,
1003,div_1003_irrigation,sjb,co,sjb_co_dr_morrison_ditch_2,irrigation,151;150,0,CDSS,,,3101044,,,,,37.216647,-107.598081,,,"current Dr Morrison Ditch site, other site had records only extending through end of 2010. This site has records extending from 2011-present",1/1/2011,,
1004,div_1004_municipal,sjb,co,sjb_co_durango_city_pipeline,municipal,N/A,,CDSS,,,3001000,,,,,37.343796,-107.713746,,,,,,
1005,div_1005_intrabasin,sjb,co,sjb_co_durango_pumping_plant,intrabasin,2631,,CDSS,,,3001657,,,,,37.259094,-107.877948,37.238695,-107.908733,"diverts water to Knighthorse Reservoir (offstream storage). According to comments in CDSS, diversion came online in 2009 and reservoir began filling. However, no records for 2009. StartDate assigned 1/1/2009. There are years where water wasn't taken, these are entered in master table as no fill years.",1/1/2009,,2012;2013;2016;2020
1006,div_1006_irrigation,sjb,co,sjb_co_dutton_ditch,irrigation,154,,CDSS,,,2902005,,,,,37.394079,-107.04814,,,,,,
1007,div_1007_irrigation,sjb,co,sjb_co_eaklor_ditch,irrigation,155,,CDSS,,,7700524,,,,,37.037456,-106.717491,,,,,,
1008,div_1008_irrigation,sjb,co,sjb_co_east_fork_ditch,irrigation,155,,CDSS,,,7700527,,,,,37.137878,-106.675515,,,,,,
1009,div_1009_irrigation,sjb,co,sjb_co_east_mesa_ditch,irrigation,145,,CDSS,,,3001094,,,,,37.203704,-107.846619,,,,,,
1010,div_1010_irrigation,sjb,co,sjb_co_echo_ditch,irrigation,153,,CDSS,,,2900588,,,,,37.261705,-106.86782,,,,,,
1011,div_1011_irrigation,sjb,co,sjb_co_elmer_ditch_no_1,irrigation,155,,CDSS,,,7700529,,,,,37.063031,-106.822257,,,,,,
1012,div_1012_irrigation,sjb,co,sjb_co_enterprise_ditch,irrigation,155,,CDSS,,,7700531,,,,,37.034082,-106.781868,,,,,,
1013,div_1013_irrigation,sjb,co,sjb_co_enterprise_enlargement_d,irrigation,141,,CDSS,,,3304639,,,,,37.015026,-108.189239,,,,,,
1014,div_1014_irrigation,sjb,co,sjb_co_f_s_mockler_irr_ditch,irrigation,158,,CDSS,,,7800544,,,,,37.539121,-107.197508,,,,,,
1015,div_1015_municipal,sjb,co,sjb_co_fairfield_mun_water_sys,municipal,N/A,,CDSS,,,7800692,,,,,37.31479,-107.112605,,,,,,
1016,div_1016_irrigation,sjb,co,sjb_co_farrell_ditch,irrigation,151,,CDSS,,,3100524,,,,,37.363503,-107.596625,,,,,,
1017,div_1017_irrigation,sjb,co,sjb_co_farrow_and_peterson_d,irrigation,158,,CDSS,,,7800545,,,,,37.233465,-107.343692,,,,,,
1018,div_1018_irrigation,sjb,co,sjb_co_fish_creek_ditch,irrigation,153,,CDSS,,,2900597,,,,,37.235411,-106.754978,,,,,,
1019,div_1019_irrigation,sjb,co,sjb_co_florida_farmers_ditch,irrigation,145,,CDSS,,,3001011,,,,,37.295164,-107.791887,,,,,,
1020,div_1020_irrigation,sjb,co,sjb_co_four_mile_ditch,irrigation,154,,CDSS,,,2900601,,,,,37.378417,-107.03973,,,,,,
1021,div_1021_irrigation,sjb,co,sjb_co_giles_ditch,irrigation,139,,CDSS,,,3400530,,,,,37.370147,-108.237203,,,,,,
1022,div_1022_irrigation,sjb,co,sjb_co_h_h_ditch,irrigation,141,,CDSS,,,3300536,,,,,37.229407,-108.045513,,,,,,
1023,div_1023_irrigation,sjb,co,sjb_co_hallett_ditch,irrigation,153;154,,CDSS,,,2900613,,,,,37.265261,-106.958944,,,,,,
1024,div_1024_irrigation,sjb,co,sjb_co_hambelton_ditch,irrigation,137,,CDSS,,,3200574,,,,,37.328001,-108.878085,,,,,,
1025,div_1025_irrigation,sjb,co,sjb_co_harris_patterson_ditch,irrigation,145,,CDSS,,,3001003,,,,,37.274897,-107.790011,,,,,,
1026,div_1026_irrigation,sjb,co,sjb_co_hay_gulch_ditch,irrigation,141,,CDSS,,,3300504,,,,,37.285787,-108.040242,,,,,,
1027,div_1027_irrigation,sjb,co,sjb_co_headache_creek_ditch,irrigation,155,,CDSS,,,7700542,,,,,37.076813,-106.682561,,,,,,
1028,div_1028_irrigation,sjb,co,sjb_co_henry_bolen_ditch,irrigation,139,,CDSS,,,3400534,,,,,37.332794,-108.324421,,,,,,
1029,div_1029_irrigation,sjb,co,sjb_co_hermosa_company_ditch,irrigation,156;157,,CDSS,,,3000568,,,,,37.417641,-107.84144,,,,,,
1030,div_1030_irrigation,sjb,co,sjb_co_hossack_creek_ditch,irrigation,158,,CDSS,,,7800562,,,,,37.557313,-107.264864,,,,,,
1031,div_1031_irrigation,sjb,co,sjb_co_ismay_ditch,irrigation,134,,CDSS,,,3200590,,,,,37.350378,-108.996703,,,,,,
1032,div_1032_irrigation,sjb,co,sjb_co_j_c_r_ditch,irrigation,158,,CDSS,,,7800565,,,,,37.548063,-107.279581,,,,,,
1033,div_1033_irrigation,sjb,co,sjb_co_j_m_ross_and_sturgill_d,irrigation,154,,CDSS,,,2900627,,,,,37.313852,-106.903447,,,,,,
1034,div_1034_irrigation,sjb,co,sjb_co_j_p_lamb_ditch,irrigation,156;157,,CDSS,,,3000581,,,,,37.41707,-107.841181,,,,,,
1035,div_1035_irrigation,sjb,co,sjb_co_jackson_gulch_inlet_cnl,irrigation,139,,CDSS,,,3400535,,,,,37.432192,-108.235142,,,water stored in Jackson Gulch Reservoir prior to application to fields,,,
1036,div_1036_irrigation,sjb,co,sjb_co_john_thomas_ditch,irrigation,157,,CDSS,,,3000580,,,,,37.415361,-107.837694,,,,,,
1037,div_1037_irrigation,sjb,co,sjb_co_joseph_freed_ditch,irrigation,141,,CDSS,,,3300547,,,,,37.15122,-108.149267,,,,,,
1038,div_1038_irrigation,sjb,co,sjb_co_king_ditch,irrigation,151;150,,CDSS,,,3100519,,,,,37.235009,-107.611763,,,,,,
1039,div_1039_irrigation,sjb,co,sjb_co_kirkpatrick_ditch,irrigation,151,,CDSS,,,3100535,,,,,37.439839,-107.504363,,,,,,
1040,div_1040_irrigation,sjb,co,sjb_co_la_boca_ditch,irrigation,150,,CDSS,,,3100507,,,,,37.076849,-107.615299,,,,,,
1041,div_1041_irrigation,sjb,co,sjb_co_la_plata_r_&_cherry_cr_d,irrigation,144;141,,CDSS,,,3300508,,,,,37.337927,-108.062397,,,,,,
1042,div_1042_irrigation,sjb,co,sjb_co_lee_ditch,irrigation,139,,CDSS,,,3400543,,,,,37.351614,-108.2689,,,,,,
1043,div_1043_irrigation,sjb,co,sjb_co_little_muddy_creek_ditch,irrigation,155,,CDSS,,,7700554,,,,,37.063298,-106.689798,,,,,,
1044,div_1044_irrigation,sjb,co,sjb_co_little_pagosa_creek_divr,irrigation,158,,CDSS,,,7800659,,,,,37.445156,-107.141891,,,,,,
1045,div_1045_irrigation,sjb,co,sjb_co_long_horn_and_mee_ditch,irrigation,153,,CDSS,,,2900653,,,,,37.256543,-106.752164,,,,,,
1046,div_1046_irrigation,sjb,co,sjb_co_long_park_ditch,irrigation,139,,CDSS,,,3400544,,,,,37.397603,-108.204076,,,,,,
1047,div_1047_irrigation,sjb,co,sjb_co_los_pinos_irrigating_ditch,irrigation,151,,CDSS,,,3100512,,,,,37.2847,-107.606386,,,,,,
1048,div_1048_irrigation,sjb,co,sjb_co_m_e_and_m_ditch,irrigation,158,,CDSS,,,7800580,,,,,37.137537,-107.358401,,,,,,
1049,div_1049_irrigation,sjb,co,sjb_co_mccluer_and_murray_ditch,irrigation,145,,CDSS,,,3001009,,,,,37.247053,-107.770824,,,,,,
1050,div_1050_irrigation,sjb,co,sjb_co_midland_ditch,irrigation,155,,CDSS,,,7700559,,,,,37.054293,-106.838309,,,,,,
1051,div_1051_intrabasin,sjb,co,sjb_co_mineral_point_ditch,intrabasin,2269,,CDSS,,,3004661,,,,,37.946441,-107.589562,37.956997,-107.603907,,,,
1052,div_1052_irrigation,sjb,co,sjb_co_narraguinnep_res_inlet,irrigation,134;137,,CDSS,,,3200699,,,,,37.501079,-108.605434,,,"water transferred to Narraguinnep Reservoir before application to fields. Listed in CDSS as historic structure, records end near the time the Dolores project came online, so last day of record (10/31/1986) listed as endDate.",,10/31/1986,
1053,div_1053_irrigation,sjb,co,sjb_co_navajo_meadow_ditch,irrigation,155,,CDSS,,,7700562,,,,,37.090722,-106.691318,,,,,,
1054,div_1054_irrigation,sjb,co,sjb_co_navajo_river_ditch,irrigation,155,,CDSS,,,7700564,,,,,37.097369,-106.688428,,,,,,
1055,div_1055_irrigation,sjb,co,sjb_co_new_bond_house_d_navajo,irrigation,155,,CDSS,,,7700597,,,,,37.165404,-106.678026,,,,,,
1056,div_1056_irrigation,sjb,co,sjb_co_park_ditch,irrigation,154,,CDSS,,,2900686,,,,,37.335382,-106.937378,,,,,,
1057,div_1057_irrigation,sjb,co,sjb_co_piedra_falls_ditch,irrigation,158,,CDSS,,,7800604,,,,,37.479582,-107.100252,,,,,,
1058,div_1058_interbasin,sjb,co,sjb_co_pine_r_weminuche_pass_d,interbasin,N/A,-1,CDSS,,,3104638,,,,,37.662386,-107.320835,,,,,,
1059,div_1059_irrigation,sjb,co,sjb_co_pine_ridge_ditch,irrigation,144;141,,CDSS,,,3300533,,,,,37.307377,-108.046876,,,,,,
1060,div_1060_irrigation,sjb,co,sjb_co_pioneer_ditch_1,irrigation,145,,CDSS,,,3001019,,,,,37.253864,-107.775098,,,,,,
1061,div_1061_irrigation,sjb,co,sjb_co_pioneer_ditch_2,irrigation,141,,CDSS,,,3304640,,,,,37.01696,-108.188119,,,,,,
1062,div_1062_irrigation,sjb,co,sjb_co_porter_ditch,irrigation,151,,CDSS,,,3100583,,,,,37.457043,-107.485573,,,,,,
1063,div_1063_hydropower,sjb,co,sjb_co_power_canal_no_1,hydropower,2421,,CDSS,,,3000612,,,,,37.544473,-107.804334,37.523729,-107.782682,Plant is located on Animas River where diverted water is returned to river,,,
1064,div_1064_irrigation,sjb,co,sjb_co_ralston_ditch,irrigation,143,,CDSS,,,3004664,,,,,37.017345,-107.871933,,,,,,
1065,div_1065_irrigation,sjb,co,sjb_co_ratliff_and_root_ditch,irrigation,139,,CDSS,,,3400554,,,,,37.35383,-108.25982,,,,,,
1066,div_1066_irrigation,sjb,co,sjb_co_reid_ditch,irrigation,157,,CDSS,,,3000617,,,,,37.449831,-107.800557,,,,,,
1067,div_1067_irrigation,sjb,co,sjb_co_revival_ditch,irrigation,141,,CDSS,,,3300548,,,,,37.140921,-108.159734,,,,,,
1068,div_1068_irrigation,sjb,co,sjb_co_robert_morrison_ditch,irrigation,151;150,,CDSS,,,3100547,,,,,37.221592,-107.604753,,,,,,
1069,div_1069_irrigation,sjb,co,sjb_co_rock_creek_ditch,irrigation,137,,CDSS,,,3200652,,,,,37.337772,-108.790179,,,,,,
1070,div_1070_irrigation,sjb,co,sjb_co_rush_reservoir_ditch,irrigation,139,,CDSS,,,3400560,,,,,37.476918,-108.159629,,,,,,
1071,div_1071_irrigation,sjb,co,sjb_co_schroder_irrigation_ditch,irrigation,151,,CDSS,,,3100523,,,,,37.26258,-107.600482,,,,,,
1072,div_1072_irrigation,sjb,co,sjb_co_semler_ditch,irrigation,150,,CDSS,,,3100575,,,,,37.133884,-107.691312,,,,,,
1073,div_1073_irrigation,sjb,co,sjb_co_severo_ditch,irrigation,150;142,,CDSS,,,3100508,,,,,37.101226,-107.623811,,,,,,
1074,div_1074_irrigation,sjb,co,sjb_co_sheek_ditch,irrigation,139,,CDSS,,,3400565,,,,,37.34055,-108.313536,,,,,,
1075,div_1075_irrigation,sjb,co,sjb_co_sisson_stephens_ditch,irrigation,153,,CDSS,,,2900716,,,,,37.22932,-106.771789,,,,,,
1076,div_1076_irrigation,sjb,co,sjb_co_sites_ditch,irrigation,157,,CDSS,,,3000634,,,,,37.333638,-107.907152,,,,,,
1077,div_1077_irrigation,sjb,co,sjb_co_sites_kern_ditch,irrigation,145,,CDSS,,,3001219,,,,,37.192754,-107.739359,,,,,,
1078,div_1078_irrigation,sjb,co,sjb_co_slade_ditch,irrigation,141,,CDSS,,,3300542,,,,,37.182052,-108.095018,,,,,,
1079,div_1079_irrigation,sjb,co,sjb_co_smith_highline_no_1_d,irrigation,145,,CDSS,,,3001220,,,,,37.139669,-107.754822,,,,,,
1080,div_1080_irrigation,sjb,co,sjb_co_snowball_ditch,irrigation,154,,CDSS,,,2900718,,,,,37.392414,-106.976007,,,,,,
1081,div_1081_irrigation,sjb,co,sjb_co_sooner_valley_ditch,irrigation,141,,CDSS,,,3300535,,,,,37.038091,-108.186081,,,,,,
1082,div_1082_irrigation,sjb,co,sjb_co_south_side_ditch,irrigation,155,,CDSS,,,7700579,,,,,37.028974,-106.7508,,,,,,
1083,div_1083_irrigation,sjb,co,sjb_co_spring_creek_ditch_a,irrigation,151;150;142,,CDSS,,,3100509,,,,,37.190552,-107.587668,,,,,12/31/2010,
1084,div_1084_irrigation,sjb,co,sjb_co_spring_creek_ditch_b,irrigation,151;150;142,,CDSS,,,3100665,,,,,37.190552,-107.587668,,,,,12/31/2010,
1085,div_1085_irrigation,sjb,co,sjb_co_spring_creek_ditch_c,irrigation,151;150;142,0,CDSS,,,3101045,,,,,37.190552,-107.587668,,,"current Spring Creek Ditch site, other two sites had records only extending through end of 2010. This site has records extending from 2011-present",1/1/2011,,
1086,div_1086_irrigation,sjb,co,sjb_co_stevens_and_clayton_d,irrigation,158,,CDSS,,,7800617,,,,,37.445091,-107.135062,,,,,,
1087,div_1087_irrigation,sjb,co,sjb_co_sullivan_ditch,irrigation,151,,CDSS,,,3100668,,,,,37.298277,-107.608141,,,,,,
1088,div_1088_irrigation,sjb,co,sjb_co_sullivan_wallace_ditch,irrigation,157,,CDSS,,,3000641,,,,,37.449831,-107.800557,,,,,,
1089,div_1089_irrigation,sjb,co,sjb_co_thompson_epperson_ditch,irrigation,151,,CDSS,,,3100511,,,,,37.281298,-107.605784,,,,,,
1090,div_1090_irrigation,sjb,co,sjb_co_toner_and_stevens_ditch,irrigation,158,,CDSS,,,7800638,,,,,37.480019,-107.169336,,,,,,
1091,div_1091_municipal,sjb,co,sjb_co_town_of_cortez,municipal,N/A,-50,CDSS,,,3200680,,,,,37.45188,-108.550465,,,Diverts from Dolores Tunnel water,,,
1092,div_1092_irrigation,sjb,co,sjb_co_townsite_ditch,irrigation,141,,CDSS,,,3300551,,,,,37.168968,-108.114942,,,,,,
1093,div_1093_irrigation,sjb,co,sjb_co_treanor_ditch,irrigation,141,,CDSS,,,3300549,,,,,37.200336,-108.077663,,,,,,
1094,div_1094_irrigation,sjb,co,sjb_co_twin_rock_ditch,irrigation,143,,CDSS,,,3004665,,,,,37.035915,-107.875004,,,,,,
1095,div_1095_irrigation,sjb,co,sjb_co_tyner_east_side_ditch,irrigation,145,,CDSS,,,3001243,,,,,37.186501,-107.749416,,,,,,
1096,div_1096_irrigation,sjb,co,sjb_co_upper_camp_ditch,irrigation,155,,CDSS,,,7700587,,,,,37.161554,-106.681972,,,,,,
1097,div_1097_interbasin,sjb,co,sjb_co_usbr_blanco_r_diversion,interbasin,N/A,-1,CDSS,,,2904667,,,,,37.203766,-106.811248,,,,,,
1098,div_1098_interbasin,sjb,co,sjb_co_usbr_little_navajo_divr,interbasin,N/A,-1,CDSS,,,7704636,,,,,37.077308,-106.811058,,,,,,
1099,div_1099_interbasin,sjb,co,sjb_co_usbr_navajo_diversion,interbasin,N/A,-1,CDSS,,,7704635,,,,,37.030549,-106.735637,,,,,,
1100,div_1100_irrigation,sjb,co,sjb_co_warren_vosburgh_ditch,irrigation,141,,CDSS,,,3300550,,,,,37.139108,-108.162169,,,,,,
1101,div_1101_irrigation,sjb,co,sjb_co_webber_ditch,irrigation,139,,CDSS,,,3400576,,,,,37.357171,-108.254953,,,,,,
1102,div_1102_irrigation,sjb,co,sjb_co_weber_reservoir_inlet_d,irrigation,139,,CDSS,,,3400577,,,,,37.403994,-108.196634,,,water stored in Webber Reservoir prior to application to fields,,,
1103,div_1103_interbasin,sjb,co,sjb_co_weminuche_pass_ditch,interbasin,N/A,-1,CDSS,,,3104637,,,,,37.667786,-107.33649,,,,,,
1104,div_1104_irrigation,sjb,co,sjb_co_west_ranch_creek_ditch,irrigation,155,,CDSS,,,7700592,,,,,37.096616,-106.69514,,,,,,
1105,div_1105_interbasin,sjb,co,sjb_co_williams_cr_sq_pass_divr,interbasin,N/A,-1,CDSS,,,7804672,,,,,37.599465,-107.217469,,,,,,
1106,div_1106_irrigation,sjb,co,sjb_co_wilson_ditch,irrigation,137,,CDSS,,,3200690,,,,,37.324303,-108.614265,,,,,,
1107,div_1107_irrigation,sjb,co,sjb_co_wommer_irrigation_ditch,irrigation,151,,CDSS,,,3100513,,,,,37.33911,-107.626381,,,,,,
1108,div_1108_municipal,sjb,nm,sjb_nm_aztec,municipal,143,0,NMOSE,,,,,,64,y,36.920592,-107.909948,,,,,,
1109,div_1109_irrigation,sjb,nm,sjb_nm_cedar,irrigation,143,0,NMOSE,,,,,,68,y,36.966379,-107.87168,,,,,,
1110,div_1110_irrigation,sjb,nm,sjb_nm_citizens,irrigation,142,0,NMOSE,,,,,,69,y,36.796869,-107.714066,,,,,,
1111,div_1111_irrigation,sjb,nm,sjb_nm_cunningham,irrigation,141,0,NMOSE,,,,,,70,y,36.953054,-108.185994,,,,,,
1112,div_1112_irrigation,sjb,nm,sjb_nm_eledge,irrigation,143,0,NMOSE,,,,,,71,y,36.830579,-107.996608,,,,,,
1113,div_1113_irrigation,sjb,nm,sjb_nm_farmers_irrigation,irrigation,143,0,NMOSE,,,,,,72,y,36.870012,-107.96633,,,,,,
1114,div_1114_irrigation,sjb,nm,sjb_nm_farmers_mutual,irrigation,140,0,NMOSE,,,,,,73,y,36.726606,-108.230046,,,,,,
1115,div_1115_irrigation,sjb,nm,sjb_nm_farmington_echo,irrigation,143,0,NMOSE,,,,,,74,y,36.748793,-108.148205,,,,,,
1116,div_1116_irrigation,sjb,nm,sjb_nm_graves_atterbury,irrigation,143,0,NMOSE,,,,,,75,y,36.947284,-107.882298,,,,,,
1117,div_1117_irrigation,sjb,nm,sjb_nm_greenhorn,irrigation,141,0,NMOSE,,,,,,90,y,36.973322,-108.19086,,,,,,
1118,div_1118_irrigation,sjb,nm,sjb_nm_halford_independent,irrigation,143,0,NMOSE,,,,,,76,y,36.816114,-108.026333,,,,,,
1119,div_1119_irrigation,sjb,nm,sjb_nm_hammond,irrigation,142,0,NMOSE,,,,,,86,y,36.74578,-107.810226,,,,,,
1120,div_1120_irrigation,sjb,nm,sjb_nm_helton,irrigation,141,0,NMOSE,,,,,,91,y,36.911364,-108.179703,,,,,,
1121,div_1121_irrigation,sjb,nm,sjb_nm_highland_park,irrigation,141,0,NMOSE,,,,,,92,y,36.970432,-108.191798,,,,,,
1122,div_1122_irrigation,sjb,nm,sjb_nm_hillside,irrigation,141,0,NMOSE,,,,,,93,y,36.984997,-108.191819,,,,,,
1123,div_1123_irrigation,sjb,nm,sjb_nm_hogback_canal,irrigation,138;140,0,USGS,,USGS_09367580,,,,,,36.746326,-108.538016,,,"limited data available, but very large diversion",,,
1124,div_1124_irrigation,sjb,nm,sjb_nm_jackson,irrigation,141,0,NMOSE,,,,,,95,y,36.866285,-108.197593,,,,,,
1125,div_1125_irrigation,sjb,nm,sjb_nm_jewett_valley,irrigation,140,0,NMOSE,,,,,,87,y,36.749521,-108.420332,,,,,,
1126,div_1126_irrigation,sjb,nm,sjb_nm_kello_blancett,irrigation,143,0,NMOSE,,,,,,77,y,36.820143,-108.010337,,,,,,
1127,div_1127_irrigation,sjb,nm,sjb_nm_la_plata_indian,irrigation,141,0,NMOSE,,,,,,94,y,36.967097,-108.191256,,,,,,
1128,div_1128_irrigation,sjb,nm,sjb_nm_lefthand,irrigation,141,0,NMOSE,,,,,,97,y,36.926756,-108.18315,,,,,,
1129,div_1129_municipal,sjb,nm,sjb_nm_lower_animas,municipal,143,0,NMOSE,,,,,,78,y,36.872906,-107.960703,,,,,,
1130,div_1130_irrigation,sjb,nm,sjb_nm_mcderrmott,irrigation,141,0,NMOSE,,,,,,98,y,36.933983,-108.185058,,,,,,
1131,div_1131_irrigation,sjb,nm,sjb_nm_niip,irrigation,142;140,-999,USBR,451,,,,,,,36.81,-107.607,,,,,,
1132,div_1132_irrigation,sjb,nm,sjb_nm_north_farmington,irrigation,143,0,NMOSE,,,,,,79,y,36.74134,-108.168402,,,,,,
1133,div_1133_irrigation,sjb,nm,sjb_nm_ranchmans_terrell,irrigation,143,0,NMOSE,,,,,,81,y,36.787571,-108.080852,,,,,,
1134,div_1134_irrigation,sjb,nm,sjb_nm_sargent,irrigation,143,0,NMOSE,,,,,,82,y,36.898476,-107.930313,,,,,,
1135,div_1135_irrigation,sjb,nm,sjb_nm_stacey,irrigation,143,0,NMOSE,,,,,,83,y,36.931239,-107.888853,,,,,,
1136,div_1136_irrigation,cms,ut,cms_ut_caineville_canal,irrigation,119,0,UTDWR,,,,,3324,,,38.292859,-111.045624,,,,,,
1137,div_1137_irrigation,cms,ut,cms_ut_capitol_reef_national_park,irrigation,119,0,UTDWR,,,,,3328,,,38.278022,-111.261027,,,,,,
1138,div_1138_irrigation,cms,ut,cms_ut_hanksville_canal,irrigation,119,0,UTDWR,,,,,3327,,,38.369967,-110.771459,,,,,,
1139,div_1139_irrigation,cms,ut,cms_ut_hanksville_irrigation_south_ditch,irrigation,119,0,UTDWR,,,,,3285,,,38.369967,-110.771459,,,,,,
1140,div_1140_irrigation,cms,ut,cms_ut_moab_irrigation_co_diversion_1,irrigation,119,0,UTDWR,,,,,9508,,,38.56245,-109.529121,,,,,,
1141,div_1141_irrigation,cms,ut,cms_ut_moab_irrigation_co_diversion_2,irrigation,119,0,UTDWR,,,,,5230,,,38.562113,-109.514437,,,,,,
1142,div_1142_irrigation,cms,ut,cms_ut_moab_irrigation_co_diversion_3,irrigation,119,0,UTDWR,,,,,5229,,,38.561528,-109.520733,,,,,,
1143,div_1143_intrabasin,cms,ut,cms_ut_sheley_tunnel,intrabasin,0,0,UTDWR,,,,,2885,,,38.483577,-109.408312,38.479026,-109.425938,diverts to offstream reservoir,,,
1144,div_1144_irrigation,cms,ut,cms_ut_torrey_canal,irrigation,119,0,UTDWR,,,,,3323,,,38.30697,-111.517414,,,,,,
1145,div_1145_irrigation,grb,ut,grb_ut_ashley_central_canal,irrigation,11,0,UTDWR,,,,,3133,,,40.491548,-109.585635,,,,,,
1146,div_1146_irrigation,grb,ut,grb_ut_avery_ditch,irrigation,10,0,UTDWR,,,,,2991,,,39.335201,-110.956605,,,,,,
1147,div_1147_irrigation,grb,ut,grb_ut_baldy_spring_ditch,irrigation,28,0,UTDWR,,,,,9582,,,40.987823,-110.025559,,,,,,
1148,div_1148_irrigation,grb,ut,grb_ut_bench_canal,irrigation,52,0,UTDWR,,,,,2962,,y,40.39828,-109.917308,,,,,,
1149,div_1149_irrigation,grb,ut,grb_ut_bsw_feeder_pipe,irrigation,49;52,0,UTDWR,,,,,10608,,,40.327749,-110.293455,40.30002,-110.23696,diverts water to big sandwash reservoir where it is eventually applied to irrigated lands,1/1/2012,,
1150,div_1150_irrigation,grb,ut,grb_ut_blue_cut_canal,irrigation,10,0,UTDWR,,,,,9197,,y,39.235632,-111.060368,,,,,,
1151,div_1151_irrigation,grb,ut,grb_ut_boneta_canal,irrigation,49,0,UTDWR,,,,,4451,,y,40.414806,-110.355391,,,,,,
1152,div_1152_irrigation,grb,ut,grb_ut_canal_c,irrigation,49;52,0,UTDWR,,,,,2926,,y,40.40231,-110.342908,,,diverted water applied directly to irrigated lands or stored in Big Sandwash Reservoir (eventually applied to irrigated lands),,,
1153,div_1153_irrigation,grb,ut,grb_ut_carbon_canal,irrigation,69,0,UTDWR,,,,,29,,,39.645256,-110.863899,,,,,,
1154,div_1154_irrigation,grb,ut,grb_ut_cedarview_canal,irrigation,52,0,UTDWR,,,,,2947,,y,40.520666,-110.044839,,,,,,
1155,div_1155_irrigation,grb,ut,grb_ut_cleveland_canal,irrigation,10;69,0,UTDWR,,,,,2994,,,39.358066,-111.030475,,,some diverted water stored in Huntington Reservoir for future irrigation releases,,,
1156,div_1156_irrigation,grb,ut,grb_ut_clipper_and_western_pipeline,irrigation,10,0,UTDWR,,,,,9205,,y,39.261301,-111.124689,,,,,,
1157,div_1157_irrigation,grb,ut,grb_ut_cottonwood_creek_huntington_canal,irrigation,10,0,UTDWR,,,,,9449,,y,39.257195,-111.108656,,,,,,
1158,div_1158_intrabasin,grb,ut,grb_ut_currant_creek_to_strawberry_reservoir,intrabasin,1024,0,UTDWR,,,,,4162,,y,40.333083,-111.057177,40.217241,-111.104192,,4/23/1985,,
1159,div_1159_irrigation,grb,ut,grb_ut_deep_creek_canal,irrigation,52,0,UTDWR,,,,,2968,,y,40.426233,-109.903291,,,,,,
1160,div_1160_intrabasin,grb,ut,grb_ut_docs_south_fork_diversion,intrabasin,893,0,UTDWR,,,,,3072,,,40.55072,-110.709012,40.35215,-111.05889,,5/24/1989,,
1161,div_1161_irrigation,grb,ut,grb_ut_dodd_ditch,irrigation,52,0,UTDWR,,,,,2948,,y,40.513769,-110.030299,,,,,,
1162,div_1162_irrigation,grb,ut,grb_ut_dodds_ditch,irrigation,11,0,UTDWR,,,,,3136,,,40.491704,-109.585495,,,,,,
1163,div_1163_irrigation,grb,ut,grb_ut_dry_gulch_no_1_canal_class_b,irrigation,49;52,0,UTDWR,,,,,2925,,y,40.41954,-110.354346,,,,,,
1164,div_1164_irrigation,grb,ut,grb_ut_duchesne_feeder_canal,irrigation,49,0,UTDWR,,,,,516,,,40.171295,-110.303141,,,some diverted water stored in Lake BoreHam where it is eventually released for irrigation. Other water applied directly to irrigated lands,,,
1165,div_1165_interbasin,grb,ut,grb_ut_duchesne_tunnel,interbasin,0,-1,UTDWR,,,,,530,,,40.624854,-110.8909,,,,,,
1166,div_1166_municipal,grb,ut,grb_ut_duchesne_valley_treatment_plant,municipal,49,0,UTDWR,,,,,3027,,,40.194528,-110.43859,,,,1/1/1982,,
1167,div_1167_irrigation,grb,ut,grb_ut_eastside_canal,irrigation,70,0,UTDWR,,,,,9504,,,39.080411,-110.139528,,,,,,
1168,div_1168_interbasin,grb,ut,grb_ut_ephraim_tunnel,interbasin,0,-1,USGS,,USGS_09319000,,,,,,39.335887,-111.427966,,,,,,
1169,div_1169_interbasin,grb,ut,grb_ut_fairview_tunnel,interbasin,0,-1,USGS,,USGS_09309600,,,,,,39.664373,-111.31439,,,,,,
1170,div_1170_irrigation,grb,ut,grb_ut_farm_creek_canal,irrigation,13,0,UTDWR,,,,,510,,,40.401562,-110.76365,,,,,,
1171,div_1171_irrigation,grb,ut,grb_ut_farm_creek_canal_whiterocks,irrigation,52,0,UTDWR,,,,,2963,,y,40.550372,-109.923815,,,,,,
1172,div_1172_irrigation,grb,ut,grb_ut_farnsworth_canal,irrigation,49,0,UTDWR,,,,,2920,,y,40.542765,-110.4742,,,some diverted water stored in Twin Pots Reservoir,,,
1173,div_1173_irrigation,grb,ut,grb_ut_glenn_canal,irrigation,69,0,UTDWR,,,,,31,,,39.701447,-110.865637,,,,,,
1174,div_1174_irrigation,grb,ut,grb_ut_green_river_canal_company,irrigation,70,0,UTDWR,,,,,8511,,,39.075924,-110.147144,,,,,,
1175,div_1175_irrigation,grb,ut,grb_ut_gregory_canal,irrigation,28,0,UTDWR,,,,,9615,,,40.948273,-110.159317,,,,,,
1176,div_1176_irrigation,grb,ut,grb_ut_grey_mountain_canal,irrigation,49;53;70,0,UTDWR,,,,,525,,,40.167381,-110.28656,,,,,,
1177,div_1177_intrabasin,grb,ut,grb_ut_hades_diversion,intrabasin,893,0,UTDWR,,,,,2990,,y,40.54452,-110.860738,40.35215,-111.05889,,12/28/1987,,
1178,div_1178_irrigation,grb,ut,grb_ut_henry_jim_canal,irrigation,52;53;11,0,UTDWR,,,,,2977,,y,40.273939,-109.851286,,,,,,
1179,div_1179_irrigation,grb,ut,grb_ut_hicken_ditch,irrigation,13,0,UTDWR,,,,,1551,,,40.347055,-110.703046,,,,,,
1180,div_1180_irrigation,grb,ut,grb_ut_highline_canal,irrigation,11,0,UTDWR,,,,,3128,,,40.51208,-109.594498,,,,,,
1181,div_1181_irrigation,grb,ut,grb_ut_huntington_canal,irrigation,10,0,UTDWR,,,,,2996,,,39.3495,-111.013686,,,,,,
1182,div_1182_irrigation,grb,ut,grb_ut_interstate_canal,irrigation,28,0,UTDWR,,,,,9591,,,40.947666,-110.056447,,,,,,
1183,div_1183_irrigation,grb,ut,grb_ut_island_ditch,irrigation,11,0,UTDWR,,,,,3132,,,40.491609,-109.585528,,,,,,
1184,div_1184_irrigation,grb,ut,grb_ut_jasper_pike_canal,irrigation,13,0,UTDWR,,,,,512,,,40.385491,-110.744546,,,,,,
1185,div_1185_irrigation,grb,ut,grb_ut_jeffs_ditch,irrigation,10,0,UTDWR,,,,,2993,,,39.233004,-110.929285,,,,,,
1186,div_1186_irrigation,grb,ut,grb_ut_johnson_ditch,irrigation,10,0,UTDWR,,,,,3033,,,39.269273,-111.146457,,,,,,
1187,div_1187_intrabasin,grb,ut,grb_ut_knight_diversion,intrabasin,998,0,UTDWR,,,,,2137,,y,40.240625,-110.412092,40.218433,-110.42317,,,,
1188,div_1188_intrabasin,grb,ut,grb_ut_layout_diversion,intrabasin,1024,0,UTDWR,,,,,2519,,,40.29707,-111.048729,40.217241,-111.104192,,,,
1189,div_1189_irrigation,grb,ut,grb_ut_leland_canal,irrigation,70,0,UTDWR,,,,,555,,,40.208279,-109.802895,,,,,,
1190,div_1190_irrigation,grb,ut,grb_ut_mammoth_canal,irrigation,10,0,UTDWR,,,,,3022,,y,39.251348,-111.100455,,,,,,
1191,div_1191_irrigation,grb,ut,grb_ut_mill_ditch,irrigation,10,0,UTDWR,,,,,3969,,,39.210111,-111.025519,,,,,,
1192,div_1192_irrigation,grb,ut,grb_ut_moffat_canal,irrigation,52,0,UTDWR,,,,,2972,,y,40.349274,-109.839658,,,,,,
1193,div_1193_irrigation,grb,ut,grb_ut_myton_townsite_canal,irrigation,49;70,0,UTDWR,,,,,528,,,40.203651,-110.106408,,,,,,
1194,div_1194_irrigation,grb,ut,grb_ut_new_tabby_canal,irrigation,13,0,UTDWR,,,,,511,,,40.389894,-110.750839,,,,,,
1195,div_1195_intrabasin,grb,ut,grb_ut_north_ditch,intrabasin,0,0,UTDWR,,,,,2995,,,39.347406,-111.003922,39.352472,-110.952104,diversion to offstream irrigation reservoir,,,
1196,div_1196_irrigation,grb,ut,grb_ut_orchard_mesa_canal,irrigation,49,0,UTDWR,,,,,8494,,,40.240485,-110.41199,,,,,,
1197,div_1197_irrigation,grb,ut,grb_ut_ouray_park_canal,irrigation,52;53;70;11,0,UTDWR,,,,,2970,,y,40.383715,-109.859241,,,water is applied directly to irrigated lands or stored in Bullock/Cottonwood Reservoirs for future application to irrigated lands,,,
1198,div_1198_irrigation,grb,ut,grb_ut_ouray_school_canal,irrigation,53;52,0,UTDWR,,,,,529,,,40.201839,-109.907519,,,,,,
1199,div_1199_irrigation,grb,ut,grb_ut_pahcease_canal,irrigation,49,0,UTDWR,,,,,524,,,40.170968,-110.165888,,,,,,
1200,div_1200_irrigation,grb,ut,grb_ut_payne_canal,irrigation,49;52,0,UTDWR,,,,,2922,,y,40.466091,-110.349206,,,,,,
1201,div_1201_irrigation,grb,ut,grb_ut_pioneer_canal,irrigation,49,0,UTDWR,,,,,513,,,40.282554,-110.466556,,,,,,
1202,div_1202_industrial,grb,ut,grb_ut_power_plant_diversion_a,industrial,10,0,UTDWR,,,,,9544,,,39.391051,-111.092764,,,,,,
1203,div_1203_industrial,grb,ut,grb_ut_power_plant_diversion_b,industrial,10,0,UTDWR,,,,,9680,,,39.391051,-111.092764,,,,,,
1204,div_1204_irrigation,grb,ut,grb_ut_price_wellington_canal,irrigation,69,0,UTDWR,,,,,30,,,39.64256,-110.860734,,,,,,
1205,div_1205_irrigation,grb,ut,grb_ut_purdy_canal,irrigation,49,0,UTDWR,,,,,2929,,y,40.287473,-110.248737,,,,,,
1206,div_1206_irrigation,grb,ut,grb_ut_red_cap_canal,irrigation,49,0,UTDWR,,,,,2931,,y,40.257884,-110.226374,,,,,,
1207,div_1207_irrigation,grb,ut,grb_ut_rhoades_canal,irrigation,13,0,UTDWR,,,,,509,,,40.4923,-110.844557,,,,,,
1208,div_1208_intrabasin,grb,ut,grb_ut_rhodes_diversion,intrabasin,893,0,UTDWR,,,,,2872,,y,40.474374,-110.931019,40.35215,-111.05889,,1/14/1988,,
1209,div_1209_irrigation,grb,ut,grb_ut_rock_point_canal,irrigation,11,0,UTDWR,,,,,3131,,,40.49178,-109.585524,,,,,,
1210,div_1210_irrigation,grb,ut,grb_ut_rocky_point_canal,irrigation,49,0,UTDWR,,,,,515,,,40.227665,-110.398021,,,,,,
1211,div_1211_irrigation,grb,ut,grb_ut_shanks_pipe,irrigation,49,0,UTDWR,,,,,3034,,,40.298324,-110.491776,,,,,,
1212,div_1212_irrigation,grb,ut,grb_ut_south_boneta_canal,irrigation,49,0,UTDWR,,,,,2928,,y,40.379197,-110.334171,,,,,,
1213,div_1213_interbasin,grb,ut,grb_ut_spring_city_tunnel,interbasin,0,-1,USGS,,USGS_09323000,,,,,,39.430309,-111.336568,,,,,,
1214,div_1214_irrigation,grb,ut,grb_ut_steinaker_ditch,irrigation,11,0,UTDWR,,,,,3127,,,40.519023,-109.595557,,,,,,
1215,div_1215_irrigation,grb,ut,grb_ut_steinaker_feeder_canal,irrigation,11,0,UTDWR,,,,,3134,,,40.492895,-109.585816,,,diverted water stored in steinaker reservoir where it is eventually applied to irrigated lands via steinaker service canal. Offstream reservoir,,,
1216,div_1216_irrigation,grb,ut,grb_ut_steinaker_service_canal,irrigation,11,0,UTDWR,,,,,8945,,,40.505315,-109.534149,,,fed by stored water in Steinaker Reservoir (reservoir is fed by steinaker feeder canal),,,
1217,div_1217_interbasin,grb,ut,grb_ut_strawberry_reservoir_total_diversions,interbasin,0,-1,UTDWR,,,,,8499,,y,40.165419,-111.188506,,,,,,
1218,div_1218_irrigation,grb,ut,grb_ut_thayns_diversion,irrigation,70,0,UTDWR,,,,,8509,,,39.076048,-110.147706,,,,,,
1219,div_1219_municipal,grb,ut,grb_ut_tyzack_diversion,municipal,11,0,USBR,2698,,,,,,,40.572972,-109.421858,,,,1/1/1983,,
1220,div_1220_irrigation,grb,ut,grb_ut_uintah_canal,irrigation,52,0,UTDWR,,,,,2949,,y,40.505829,-110.010403,,,,,,
1221,div_1221_irrigation,grb,ut,grb_ut_uintah_independent_canal,irrigation,52,0,UTDWR,,,,,2952,,y,40.474767,-109.965713,,,,,,
1222,div_1222_irrigation,grb,ut,grb_ut_uintah_number_1_canal,irrigation,52,0,UTDWR,,,,,2953,,y,40.461256,-109.95164,,,,,,
1223,div_1223_irrigation,grb,ut,grb_ut_up&l_brasher_ditch,irrigation,10,0,UTDWR,,,,,3061,,,39.255336,-110.91858,,,,,,
1224,div_1224_irrigation,grb,ut,grb_ut_upper_canal,irrigation,11,0,UTDWR,,,,,3129,,,40.509996,-109.595413,,,,,,
1225,div_1225_intrabasin,grb,ut,grb_ut_upper_stillwater_tunnel_to_currant_creek_reservoir,intrabasin,893,0,UTDWR,,,,,3346,,y,40.558914,-110.703308,40.217241,-111.104192,,5/24/1989,,
1226,div_1226_irrigation,grb,ut,grb_ut_us_lake_fork_canal,irrigation,49;52,0,UTDWR,,,,,2923,,y,40.43762,-110.363751,,,,,,
1227,div_1227_industrial,grb,ut,grb_ut_utah_power_and_light_diversion,industrial,10,0,UTDWR,,,,,3051,,,39.248174,-111.092279,,,,,,
1228,div_1228_irrigation,grb,ut,grb_ut_uteland_canal,irrigation,49,0,UTDWR,,,,,2930,,y,40.287473,-110.248737,,,,,,
1229,div_1229_intrabasin,grb,ut,grb_ut_vat_diversion,intrabasin,893,0,UTDWR,,,,,3065,,y,40.44999,-111.005112,40.217241,-111.104192,,5/27/1986,,
1230,div_1230_intrabasin,grb,ut,grb_ut_water_hollow_diversion,intrabasin,1024,0,UTDWR,,,,,9423,,y,40.248801,-111.03892,40.217241,-111.104192,,,,
1231,div_1231_irrigation,grb,ut,grb_ut_whiterocks_canal,irrigation,52,0,UTDWR,,,,,2964,,y,40.550701,-109.92071,,,,,,
1232,div_1232_irrigation,grb,ut,grb_ut_whiterocks_ouray_valley_canal,irrigation,52,0,UTDWR,,,,,2966,,y,40.490251,-109.912243,,,,,,
1233,div_1233_irrigation,grb,ut,grb_ut_wilberg_ditch,irrigation,10,0,UTDWR,,,,,3050,,,39.203299,-110.983462,,,,,,
1234,div_1234_irrigation,grb,ut,grb_ut_wilsonville_ditch,irrigation,10,0,UTDWR,,,,,3049,,,39.202694,-110.962118,,,,,,
1235,div_1235_intrabasin,grb,ut,grb_ut_win_diversion,intrabasin,893,0,UTDWR,,,,,3062,,y,40.474015,-110.921692,40.217241,-111.104192,,5/25/1988,,
1236,div_1236_irrigation,grb,ut,grb_ut_yellowstone_feeder_canal,irrigation,49;52,0,UTDWR,,,,,2921,,y,40.466093,-110.349154,,,,,,
1237,div_1237_irrigation,grb,wy,grb_wy_ada_ditch,irrigation,20,0,WYSEO,,,,1001,,,y,42.826842,-109.966205,,,,,,
1238,div_1238_irrigation,grb,wy,grb_wy_alexander_ditch,irrigation,19,0,WYSEO,,,,1002,,,y,42.958637,-109.970408,,,,,,
1239,div_1239_irrigation,grb,wy,grb_wy_alford_ditch,irrigation,20,0,WYSEO,,,,1003,,,y,42.212736,-110.230373,,,,,,
1240,div_1240_irrigation,grb,wy,grb_wy_anderson_and_howard_ditch,irrigation,20,0,WYSEO,,,,1004,,,y,42.264761,-110.393119,,,,,,
1241,div_1241_irrigation,grb,wy,grb_wy_andrus_ditch,irrigation,20,0,WYSEO,,,,1005,,,y,42.927776,-110.247112,,,,,,
1242,div_1242_irrigation,grb,wy,grb_wy_apex_ditch,irrigation,20,0,WYSEO,,,,1006,,,y,43.004577,-110.124619,,,,,,
1243,div_1243_irrigation,grb,wy,grb_wy_ashley_wolf_ditch,irrigation,20,0,WYSEO,,,,1007,,,y,42.979698,-110.124525,,,,,,
1244,div_1244_irrigation,grb,wy,grb_wy_aurora_ditch,irrigation,20,0,WYSEO,,,,0410SP45,,,y,42.555894,-110.429613,,,,,,
1245,div_1245_irrigation,grb,wy,grb_wy_baggs_ditch,irrigation,41,0,WYSEO,,,,1008,,,y,41.04392,-107.635507,,,,,,
1246,div_1246_irrigation,grb,wy,grb_wy_barbara_budd_ditch,irrigation,20,0,WYSEO,,,,1009,,,y,42.545864,-110.403616,,,,,,
1247,div_1247_irrigation,grb,wy,grb_wy_bedier_ditch,irrigation,20,0,WYSEO,,,,1010,,,y,42.655681,-110.288353,,,,,,
1248,div_1248_irrigation,grb,wy,grb_wy_bee_line_ditch,irrigation,19,0,WYSEO,,,,1011,,,y,42.919036,-109.932182,,,,,,
1249,div_1249_irrigation,grb,wy,grb_wy_big_sandy_ditch,irrigation,22;19,0,WYSEO,,,,1012,,,y,42.567553,-109.338217,,,,,,
1250,div_1250_irrigation,grb,wy,grb_wy_blacks_fork_canal,irrigation,27,0,WYSEO,,,,0415BFC,,,y,41.195527,-110.463343,,,,,,
1251,div_1251_irrigation,grb,wy,grb_wy_blue_bell_ditch,irrigation,28,0,WYSEO,,,,1013,,,y,41.039733,-110.002533,,,,,,
1252,div_1252_irrigation,grb,wy,grb_wy_bonneville_ditch,irrigation,20,0,WYSEO,,,,1014,,,y,42.903748,-110.153219,,,,,,
1253,div_1253_irrigation,grb,wy,grb_wy_boulder_canal,irrigation,19,0,WYSEO,,,,IV07BCAN01,,,y,42.816658,-109.722096,,,,,,
1254,div_1254_irrigation,grb,wy,grb_wy_bridger_butte_ditch,irrigation,27,0,WYSEO,,,,0415BBUT,,,y,41.251476,-110.41514,,,,,,
1255,div_1255_irrigation,grb,wy,grb_wy_canyon_ditch,irrigation,16;20;19,0,WYSEO,,,,1015,,,y,43.115543,-110.053704,,,,,,
1256,div_1256_irrigation,grb,wy,grb_wy_center_ditch,irrigation,27,0,WYSEO,,,,0415CENT,,,y,41.282866,-110.39194,,,,,,
1257,div_1257_irrigation,grb,wy,grb_wy_charles_f_roberson_ditch,irrigation,27,0,WYSEO,,,,0409CFR,,,y,41.767517,-110.383603,,,,,,
1258,div_1258_irrigation,grb,wy,grb_wy_colorado_ditch,irrigation,19,0,WYSEO,,,,0407PC05,,,y,42.881297,-109.864519,,,,,,
1259,div_1259_interbasin,grb,wy,grb_wy_continental_divide_ditch,interbasin,0,-1,WYSEO,,,,1079,,,y,42.546721,-109.193613,,,,,,
1260,div_1260_irrigation,grb,wy,grb_wy_converse_ditch,irrigation,19,0,WYSEO,,,,1016,,,y,42.941248,-109.960182,,,,,,
1261,div_1261_irrigation,grb,wy,grb_wy_cooperative_ditch,irrigation,27,0,WYSEO,,,,0403COOP,,,y,41.062178,-110.403603,,,,,,
1262,div_1262_irrigation,grb,wy,grb_wy_cottonwood_canal,irrigation,20,0,WYSEO,,,,0410CC12,,,y,42.748186,-110.077161,,,,,,
1263,div_1263_irrigation,grb,wy,grb_wy_cox_no_1_ditch,irrigation,20,0,WYSEO,,,,1017,,,y,42.970661,-110.124203,,,,,,
1264,div_1264_irrigation,grb,wy,grb_wy_davis_and_company_ditch,irrigation,27,0,WYSEO,,,,0403DACO,,,y,41.146394,-110.42766,,,,,,
1265,div_1265_irrigation,grb,wy,grb_wy_deeben_heinze_ditch,irrigation,27,0,WYSEO,,,,0415DEEB,,,y,41.332347,-110.384611,,,,,,
1266,div_1266_irrigation,grb,wy,grb_wy_demander_ditch,irrigation,27,0,WYSEO,,,,1018,,,y,41.148948,-110.51055,,,,,,
1267,div_1267_irrigation,grb,wy,grb_wy_dewey_ditch,irrigation,20,0,WYSEO,,,,0410NP40,,,y,42.663437,-110.308523,,,,,,
1268,div_1268_irrigation,grb,wy,grb_wy_dickinson_no_1_ditch,irrigation,20,0,WYSEO,,,,1019,,,y,42.991375,-110.120507,,,,,,
1269,div_1269_irrigation,grb,wy,grb_wy_east_fork_canal,irrigation,19,0,WYSEO,,,,1020,,,y,42.673392,-109.467006,,,,,,
1270,div_1270_irrigation,grb,wy,grb_wy_enos_ditch,irrigation,20,0,WYSEO,,,,1021,,,y,42.894245,-110.135272,,,,,,
1271,div_1271_irrigation,grb,wy,grb_wy_essex_ditch,irrigation,20,0,WYSEO,,,,0410CC16,,,y,42.775835,-110.151364,,,,,,
1272,div_1272_irrigation,grb,wy,grb_wy_expence_ditch,irrigation,20,0,WYSEO,,,,1022,,,y,42.511297,-110.310721,,,,,,
1273,div_1273_irrigation,grb,wy,grb_wy_fayette_ditch,irrigation,19,0,WYSEO,,,,0407PL06,,,y,42.855584,-109.720976,,,,,,
1274,div_1274_irrigation,grb,wy,grb_wy_first_mesa_canal,irrigation,41,0,WYSEO,,,,0108FMC,,,y,41.011108,-107.471074,,,,,,
1275,div_1275_irrigation,grb,wy,grb_wy_fleming_ditch,irrigation,20,0,WYSEO,,,,1023,,,y,42.659399,-110.293994,,,,,,
1276,div_1276_irrigation,grb,wy,grb_wy_fort_bridger_canal,irrigation,27,0,WYSEO,,,,0415FTBC,,,y,41.285986,-110.391068,,,,,,
1277,div_1277_irrigation,grb,wy,grb_wy_fredell_ditch,irrigation,20,0,WYSEO,,,,1024,,,y,42.782689,-110.420948,,,,,,
1278,div_1278_irrigation,grb,wy,grb_wy_fremont_ditch,irrigation,19,0,WYSEO,,,,0407PC13,,,y,42.899115,-109.839488,,,,,,
1279,div_1279_irrigation,grb,wy,grb_wy_gibson_and_blair_ditch,irrigation,41,0,WYSEO,,,,1025,,,y,41.029264,-107.683532,,,,,,
1280,div_1280_irrigation,grb,wy,grb_wy_gilligan_ivan_ditch,irrigation,19,0,WYSEO,,,,1026,,,y,42.673896,-109.481126,,,,,,
1281,div_1281_irrigation,grb,wy,grb_wy_green_river_island_ditch,irrigation,20,0,WYSEO,,,,1027,,,y,42.403855,-110.108224,,,,,,
1282,div_1282_irrigation,grb,wy,grb_wy_green_river_supply_canal,irrigation,20,0,WYSEO,,,,0410GR36,,,y,42.851913,-109.979752,,,,,,
1283,div_1283_irrigation,grb,wy,grb_wy_guthrie_no_2_ditch,irrigation,20,0,WYSEO,,,,1028,,,y,42.834206,-110.4275,,,,,,
1284,div_1284_irrigation,grb,wy,grb_wy_h_mckay_ditch,irrigation,20,0,WYSEO,,,,0410NP28,,,y,42.609245,-110.201943,,,,,,
1285,div_1285_irrigation,grb,wy,grb_wy_hanna_ditch,irrigation,20,0,WYSEO,,,,1029,,,y,42.613917,-109.943097,,,,,,
1286,div_1286_irrigation,grb,wy,grb_wy_harry_rahm_ditch,irrigation,19,0,WYSEO,,,,1030,,,y,42.939978,-109.969672,,,,,,
1287,div_1287_irrigation,grb,wy,grb_wy_hartley_ditch,irrigation,20,0,WYSEO,,,,1031,,,y,42.944604,-110.357861,,,,,,
1288,div_1288_irrigation,grb,wy,grb_wy_high_line_ditch,irrigation,19,0,WYSEO,,,,1032,,,y,42.99188,-109.918218,,,,,,
1289,div_1289_irrigation,grb,wy,grb_wy_highland_canal,irrigation,19,0,WYSEO,,,,9196960,,,y,42.899115,-109.839488,,,,,,
1290,div_1290_irrigation,grb,wy,grb_wy_highline_canal,irrigation,20,0,WYSEO,,,,1033,,,y,42.52592,-110.045805,,,,,,
1291,div_1291_irrigation,grb,wy,grb_wy_hill_ditch,irrigation,20,0,WYSEO,,,,1034,,,y,42.749626,-109.957705,,,,,,
1292,div_1292_irrigation,grb,wy,grb_wy_homestake_ditch,irrigation,20,0,WYSEO,,,,0410SP09,,,y,42.509904,-110.199996,,,,,,
1293,div_1293_irrigation,grb,wy,grb_wy_hope_ditch,irrigation,20,0,WYSEO,,,,1035,,,y,42.787599,-110.192459,,,,,,
1294,div_1294_irrigation,grb,wy,grb_wy_hughes_ditch,irrigation,20,0,WYSEO,,,,1036,,,y,42.64059,-110.271948,,,,,,
1295,div_1295_irrigation,grb,wy,grb_wy_interstate_canal,irrigation,28,0,WYSEO,,,,0414INST,,,y,40.947924,-110.055846,,,,,,
1296,div_1296_irrigation,grb,wy,grb_wy_irwin_ditch,irrigation,20,0,WYSEO,,,,1037,,,y,42.940071,-110.347601,,,,,,
1297,div_1297_irrigation,grb,wy,grb_wy_jenkins_ditch,irrigation,19,0,WYSEO,,,,1038,,,y,43.030094,-110.007904,,,,,,
1298,div_1298_irrigation,grb,wy,grb_wy_jorgensen_ditch,irrigation,19,0,WYSEO,,,,1039,,,y,42.673896,-109.481126,,,,,,
1299,div_1299_irrigation,grb,wy,grb_wy_jrg_ditch,irrigation,27,0,WYSEO,,,,0403JRG,,,y,41.08229,-110.408871,,,,,,
1300,div_1300_irrigation,grb,wy,grb_wy_kidman_wall_ditch,irrigation,27,0,WYSEO,,,,0403KWAL,,,y,41.260913,-110.354525,,,,,,
1301,div_1301_irrigation,grb,wy,grb_wy_king_no_2_ditch,irrigation,19,0,WYSEO,,,,1040,,,y,42.73432,-109.541845,,,,,,
1302,div_1302_irrigation,grb,wy,grb_wy_labarge_no_2_ditch,irrigation,20,0,WYSEO,,,,1041,,,y,42.212924,-110.213546,,,,,,
1303,div_1303_irrigation,grb,wy,grb_wy_lamb_supply_canal,irrigation,27,0,WYSEO,,,,0415LAMB,,,y,41.172053,-110.48709,,,,,,
1304,div_1304_irrigation,grb,wy,grb_wy_lawrence_ditch,irrigation,20,0,WYSEO,,,,1042,,,y,42.781158,-110.16422,,,,,,
1305,div_1305_irrigation,grb,wy,grb_wy_lead_ditch,irrigation,20,0,WYSEO,,,,1043,,,y,42.948905,-110.366824,,,,,,
1306,div_1306_irrigation,grb,wy,grb_wy_lee_ditch,irrigation,19,0,WYSEO,,,,1044,,,y,42.883877,-109.864684,,,,,,
1307,div_1307_irrigation,grb,wy,grb_wy_lena_ditch,irrigation,20,0,WYSEO,,,,1045,,,y,43.057641,-110.165454,,,,,,
1308,div_1308_irrigation,grb,wy,grb_wy_luckpenny_ditch,irrigation,16,0,WYSEO,,,,1046,,,y,43.165916,-109.987542,,,,,,
1309,div_1309_irrigation,grb,wy,grb_wy_midmermac_ditch,irrigation,20,0,WYSEO,,,,0410SP01,,,y,42.521407,-110.1047,,,,,,
1310,div_1310_irrigation,grb,wy,grb_wy_milich_ditch,irrigation,27,0,WYSEO,,,,0403MILI,,,y,41.054497,-110.398461,,,,,,
1311,div_1311_irrigation,grb,wy,grb_wy_moore_and_bagley_ditch,irrigation,27,0,WYSEO,,,,0409MBAG,,,y,41.636031,-110.052329,,,,,,
1312,div_1312_irrigation,grb,wy,grb_wy_munn_ditch,irrigation,20,0,WYSEO,,,,0410CC42,,,y,42.782401,-110.425932,,,,,,
1313,div_1313_irrigation,grb,wy,grb_wy_musselman_ditch,irrigation,20,0,WYSEO,,,,1047,,,y,42.639457,-110.2653,,,,,,
1314,div_1314_irrigation,grb,wy,grb_wy_noble_no_11_ditch,irrigation,20,0,WYSEO,,,,1048,,,y,42.519288,-110.216255,,,,,,
1315,div_1315_irrigation,grb,wy,grb_wy_north_piney_canal,irrigation,20,0,WYSEO,,,,0410NP41,,,y,42.65645,-110.341273,,,,,,
1316,div_1316_irrigation,grb,wy,grb_wy_nutria_ditch,irrigation,27,0,WYSEO,,,,0409NUTR,,,y,41.76218,-110.167572,,,,,,
1317,div_1317_irrigation,grb,wy,grb_wy_olson_murdock_hanna_ditch,irrigation,20,0,WYSEO,,,,1049,,,y,42.590287,-109.950069,,,,,,
1318,div_1318_irrigation,grb,wy,grb_wy_osterhout_edwards_ditch,irrigation,20,0,WYSEO,,,,1050,,,y,42.607907,-110.200295,,,,,,
1319,div_1319_irrigation,grb,wy,grb_wy_overland_ditch,irrigation,20,0,WYSEO,,,,1051,,,y,42.673976,-109.972355,,,,,,
1320,div_1320_irrigation,grb,wy,grb_wy_overland_ditch_green_river,irrigation,19,0,WYSEO,,,,1052,,,y,42.668291,-109.436158,,,,,,
1321,div_1321_irrigation,grb,wy,grb_wy_pape_ditch,irrigation,20,0,WYSEO,,,,1053,,,y,42.956734,-110.123856,,,,,,
1322,div_1322_irrigation,grb,wy,grb_wy_paradise_canal,irrigation,19,0,WYSEO,,,,0407NF11,,,y,42.772744,-109.777899,,,,,,
1323,div_1323_irrigation,grb,wy,grb_wy_payne_gooden_ditch,irrigation,20,0,WYSEO,,,,1054,,,y,43.046721,-110.221075,,,,,,
1324,div_1324_irrigation,grb,wy,grb_wy_peoples_canal,irrigation,28,0,WYSEO,,,,1055,,,y,41.042497,-109.736402,,,,,,
1325,div_1325_irrigation,grb,wy,grb_wy_pine_grove_ditch,irrigation,27,0,WYSEO,,,,0415PINE,,,y,41.16702,-110.497838,,,,,,
1326,div_1326_irrigation,grb,wy,grb_wy_pole_creek_no_2_ditch,irrigation,19,0,WYSEO,,,,1056,,,y,42.863601,-109.744211,,,,,,
1327,div_1327_irrigation,grb,wy,grb_wy_ray_ditch,irrigation,20,0,WYSEO,,,,1057,,,y,42.777538,-110.388402,,,,,,
1328,div_1328_irrigation,grb,wy,grb_wy_reardon_ditch,irrigation,20,0,WYSEO,,,,0410SP06,,,y,42.51249,-110.179098,,,,,,
1329,div_1329_irrigation,grb,wy,grb_wy_red_gap_ditch,irrigation,20,0,WYSEO,,,,1058,,,y,42.214028,-110.209636,,,,,,
1330,div_1330_irrigation,grb,wy,grb_wy_redan_ditch,irrigation,20,0,WYSEO,,,,1059,,,y,42.544822,-110.334611,,,,,,
1331,div_1331_irrigation,grb,wy,grb_wy_rocky_mountain_ditch,irrigation,19,0,WYSEO,,,,1060,,,y,42.673625,-109.475699,,,,,,
1332,div_1332_irrigation,grb,wy,grb_wy_s_mckay_no_2_ditch,irrigation,20,0,WYSEO,,,,0410NP23,,,y,42.58932,-110.172479,,,,,,
1333,div_1333_irrigation,grb,wy,grb_wy_scott_ditch,irrigation,20,0,WYSEO,,,,1061,,,y,42.971041,-110.126983,,,,,,
1334,div_1334_irrigation,grb,wy,grb_wy_sheep_ditch,irrigation,20,0,WYSEO,,,,1062,,,y,42.643377,-109.95301,,,,,,
1335,div_1335_irrigation,grb,wy,grb_wy_shirk_no_1_ditch,irrigation,27,0,WYSEO,,,,0415SHI1,,,y,41.129515,-110.526399,,,,,,
1336,div_1336_irrigation,grb,wy,grb_wy_shirk_no_2_ditch,irrigation,27,0,WYSEO,,,,1063,,,y,41.184661,-110.473088,,,,,,
1337,div_1337_irrigation,grb,wy,grb_wy_sill_ditch,irrigation,19,0,WYSEO,,,,1064,,,y,42.847563,-109.877134,,,,,,
1338,div_1338_irrigation,grb,wy,grb_wy_smith_ditch,irrigation,20,0,WYSEO,,,,1065,,,y,42.213401,-110.249859,,,,,,
1339,div_1339_irrigation,grb,wy,grb_wy_snider_ditch,irrigation,20,0,WYSEO,,,,1066,,,y,42.949183,-110.367142,,,,,,
1340,div_1340_irrigation,grb,wy,grb_wy_soap_hole_ditch,irrigation,20,0,WYSEO,,,,1067,,,y,42.852676,-109.97751,,,,,,
1341,div_1341_irrigation,grb,wy,grb_wy_south_piney_canal,irrigation,20,0,WYSEO,,,,0410SP20,,,y,42.508449,-110.296641,,,,,,
1342,div_1342_irrigation,grb,wy,grb_wy_south_side_ditch,irrigation,27,0,WYSEO,,,,1068,,,y,41.761048,-110.39023,,,,,,
1343,div_1343_irrigation,grb,wy,grb_wy_steed_ditch,irrigation,20,0,WYSEO,,,,1069,,,y,42.214028,-110.209636,,,,,,
1344,div_1344_irrigation,grb,wy,grb_wy_stockdale_ditch,irrigation,20,0,WYSEO,,,,1070,,,y,42.914488,-110.15283,,,,,,
1345,div_1345_irrigation,grb,wy,grb_wy_summit_ditch,irrigation,20,0,WYSEO,,,,1071,,,y,42.596894,-110.177951,,,,,,
1346,div_1346_irrigation,grb,wy,grb_wy_tibbals_ditch,irrigation,19,0,WYSEO,,,,1072,,,y,42.678267,-109.491206,,,,,,
1347,div_1347_irrigation,grb,wy,grb_wy_timber_line_ditch,irrigation,27,0,WYSEO,,,,0403TIMB,,,y,41.072562,-110.407963,,,,,,
1348,div_1348_irrigation,grb,wy,grb_wy_todd_ditch,irrigation,20,0,WYSEO,,,,1073,,,y,42.865914,-110.045623,,,,,,
1349,div_1349_irrigation,grb,wy,grb_wy_twin_butte_ditch,irrigation,27,0,WYSEO,,,,0415TBSE,,,y,41.297463,-110.39079,,,,,,
1350,div_1350_irrigation,grb,wy,grb_wy_uinta_no_3_ditch,irrigation,27,0,WYSEO,,,,0415UC3,,,y,41.306462,-110.394353,,,,,,
1351,div_1351_irrigation,grb,wy,grb_wy_utah_wyoming_no_2_ditch,irrigation,27,0,WYSEO,,,,1074,,,y,41.088701,-110.557033,,,,,,
1352,div_1352_irrigation,grb,wy,grb_wy_wardell_ditch,irrigation,20,0,WYSEO,,,,1075,,,y,42.549034,-109.962135,,,,,,
1353,div_1353_irrigation,grb,wy,grb_wy_west_side_canal,irrigation,41,0,WYSEO,,,,0108WSC,,,y,41.028188,-107.526843,,,,,,
1354,div_1354_irrigation,grb,wy,grb_wy_white_mansfield_robbins_ditch,irrigation,27,0,WYSEO,,,,0415WMR,,,y,41.161542,-110.499752,,,,,,
1355,div_1355_irrigation,grb,wy,grb_wy_winslow_hallock_capen_ditch,irrigation,27,0,WYSEO,,,,0409WHCD,,,y,41.753869,-110.15896,,,,,,
1356,div_1356_irrigation,grb,wy,grb_wy_wright_ditch,irrigation,19,0,WYSEO,,,,1076,,,y,43.001123,-109.995051,,,,,,
1357,div_1357_irrigation,grb,wy,grb_wy_yankee_ditch,irrigation,20,0,WYSEO,,,,1077,,,y,42.509111,-110.19182,,,,,,
1358,div_1358_irrigation,grb,wy,grb_wy_zemba_ditch,irrigation,22,0,WYSEO,,,,1078,,,y,42.50413,-109.255946,,,,,,
