date,Q_cms,Q_cfs,Q_mmd
2003-10-01,0.4757230227456001,16.800015831354045,0.18823464040218432
2003-10-02,0.5323567159296001,18.80001771603905,0.21064352616434917
2003-10-03,0.5550101932032001,19.600018469913053,0.21960708046921507
2003-10-04,0.5465151392256001,19.300018187210302,0.21624574760489035
2003-10-05,0.5465151392256001,19.300018187210302,0.21624574760489035
2003-10-06,0.5238616619520001,18.5000174333363,0.20728219330002445
2003-10-07,0.5125349233152001,18.1000170563993,0.2028004161475915
2003-10-08,0.5068715539968001,17.900016867930795,0.200559527571375
2003-10-09,0.4842180767232001,17.100016114056796,0.19159597326650907
2003-10-10,0.49271313070080003,17.400016396759543,0.19495730613083376
2003-10-11,0.6371290483200001,22.500021202706307,0.25209996482435404
2003-10-12,0.5918220937728,20.900019694958303,0.23417285621462217
2003-10-13,0.5436834545664001,19.20001809297605,0.21512530331678212
2003-10-14,0.49837650001920014,17.600016585228047,0.1971981947070503
2003-10-15,0.49837650001920014,17.600016585228047,0.1971981947070503
2003-10-16,0.49271313070080003,17.400016396759543,0.19495730613083376
2003-10-17,0.47289133808640005,16.70001573711979,0.1871141961140761
2003-10-18,0.47005965342720013,16.600015642885545,0.1859937518259679
2003-10-19,0.46722796876800005,16.50001554865129,0.1848733075378596
2003-10-20,0.4559012301312001,16.100015171714293,0.18039153038542666
2003-10-21,0.4502378608128001,15.900014983245793,0.17815064180921017
2003-10-22,0.4559012301312001,16.100015171714293,0.18039153038542666
2003-10-23,0.45306954547200007,16.000015077480043,0.17927108609731843
2003-10-24,0.44740617615360007,15.80001488901154,0.17703019752110194
2003-10-25,0.4049309062656001,14.300013475497789,0.16022353319947832
2003-10-26,0.44457449149440004,15.70001479477729,0.17590975323299368
2003-10-27,0.44740617615360007,15.80001488901154,0.17703019752110194
2003-10-28,0.4559012301312001,16.100015171714293,0.18039153038542666
2003-10-29,0.45306954547200007,16.000015077480043,0.17927108609731843
2003-10-30,0.44174280683520006,15.60001470054304,0.17478930894488545
2003-10-31,0.4162576449024,14.700013852434788,0.16470531035191127
2003-11-01,0.42475269888000006,15.000014135137539,0.168066643216236
2003-11-02,0.43607943751680006,15.40001451207454,0.172548420368669
2003-11-03,0.42758438353920003,15.100014229371789,0.16918708750434425
2003-11-04,0.42475269888000006,15.000014135137539,0.168066643216236
2003-11-05,0.42475269888000006,15.000014135137539,0.168066643216236
2003-11-06,0.43041606819840006,15.20001432360604,0.1703075317924525
2003-11-07,0.43607943751680006,15.40001451207454,0.172548420368669
2003-11-08,0.44174280683520006,15.60001470054304,0.17478930894488545
2003-11-09,0.4389111221760001,15.500014606308792,0.17366886465677722
2003-11-10,0.44740617615360007,15.80001488901154,0.17703019752110194
2003-11-11,0.44740617615360007,15.80001488901154,0.17703019752110194
2003-11-12,0.44740617615360007,15.80001488901154,0.17703019752110194
2003-11-13,0.4559012301312001,16.100015171714293,0.18039153038542666
2003-11-14,0.44740617615360007,15.80001488901154,0.17703019752110194
2003-11-15,0.44457449149440004,15.70001479477729,0.17590975323299368
2003-11-16,0.44740617615360007,15.80001488901154,0.17703019752110194
2003-11-17,0.4559012301312001,16.100015171714293,0.18039153038542666
2003-11-18,0.4502378608128001,15.900014983245793,0.17815064180921017
2003-11-19,0.4502378608128001,15.900014983245793,0.17815064180921017
2003-11-20,0.44457449149440004,15.70001479477729,0.17590975323299368
2003-11-21,0.44457449149440004,15.70001479477729,0.17590975323299368
2003-11-22,0.4643962841088,16.40001545441704,0.18375286324975137
2003-11-23,0.44740617615360007,15.80001488901154,0.17703019752110194
2003-11-24,0.4389111221760001,15.500014606308792,0.17366886465677722
2003-11-25,0.44174280683520006,15.60001470054304,0.17478930894488545
2003-11-26,0.4389111221760001,15.500014606308792,0.17366886465677722
2003-11-27,0.44174280683520006,15.60001470054304,0.17478930894488545
2003-11-28,0.44457449149440004,15.70001479477729,0.17590975323299368
2003-11-29,0.4389111221760001,15.500014606308792,0.17366886465677722
2003-11-30,0.43607943751680006,15.40001451207454,0.172548420368669
2003-12-01,0.4389111221760001,15.500014606308792,0.17366886465677722
2003-12-02,0.44174280683520006,15.60001470054304,0.17478930894488545
2003-12-03,0.44740617615360007,15.80001488901154,0.17703019752110194
2003-12-04,0.44174280683520006,15.60001470054304,0.17478930894488545
2003-12-05,0.4389111221760001,15.500014606308792,0.17366886465677722
2003-12-06,0.44174280683520006,15.60001470054304,0.17478930894488545
2003-12-07,0.44457449149440004,15.70001479477729,0.17590975323299368
2003-12-08,0.45306954547200007,16.000015077480043,0.17927108609731843
2003-12-09,0.44740617615360007,15.80001488901154,0.17703019752110194
2003-12-10,0.45306954547200007,16.000015077480043,0.17927108609731843
2003-12-11,0.4502378608128001,15.900014983245793,0.17815064180921017
2003-12-12,0.44174280683520006,15.60001470054304,0.17478930894488545
2003-12-13,0.44740617615360007,15.80001488901154,0.17703019752110194
2003-12-14,0.44740617615360007,15.80001488901154,0.17703019752110194
2003-12-15,0.4502378608128001,15.900014983245793,0.17815064180921017
2003-12-16,0.45306954547200007,16.000015077480043,0.17927108609731843
2003-12-17,0.45306954547200007,16.000015077480043,0.17927108609731843
2003-12-18,0.45306954547200007,16.000015077480043,0.17927108609731843
2003-12-19,0.44457449149440004,15.70001479477729,0.17590975323299368
2003-12-20,0.43041606819840006,15.20001432360604,0.1703075317924525
2003-12-21,0.42475269888000006,15.000014135137539,0.168066643216236
2003-12-22,0.4332477528576001,15.300014417840291,0.17142797608056076
2003-12-23,0.42758438353920003,15.100014229371789,0.16918708750434425
2003-12-24,0.42758438353920003,15.100014229371789,0.16918708750434425
2003-12-25,0.4219210142208001,14.90001404090329,0.1669461989281278
2003-12-26,0.41342596024320005,14.600013758200538,0.16358486606380304
2003-12-27,0.41342596024320005,14.600013758200538,0.16358486606380304
2003-12-28,0.4219210142208001,14.90001404090329,0.1669461989281278
2003-12-29,0.4162576449024,14.700013852434788,0.16470531035191127
2003-12-30,0.4219210142208001,14.90001404090329,0.1669461989281278
2003-12-31,0.42475269888000006,15.000014135137539,0.168066643216236
2004-01-01,0.42475269888000006,15.000014135137539,0.168066643216236
2004-01-02,0.42758438353920003,15.100014229371789,0.16918708750434425
2004-01-03,0.4162576449024,14.700013852434788,0.16470531035191127
2004-01-04,0.4162576449024,14.700013852434788,0.16470531035191127
2004-01-05,0.43041606819840006,15.20001432360604,0.1703075317924525
2004-01-06,0.43041606819840006,15.20001432360604,0.1703075317924525
2004-01-07,0.4389111221760001,15.500014606308792,0.17366886465677722
2004-01-08,0.4389111221760001,15.500014606308792,0.17366886465677722
2004-01-09,0.43607943751680006,15.40001451207454,0.172548420368669
2004-01-10,0.42758438353920003,15.100014229371789,0.16918708750434425
2004-01-11,0.4332477528576001,15.300014417840291,0.17142797608056076
2004-01-12,0.43607943751680006,15.40001451207454,0.172548420368669
2004-01-13,0.4190893295616001,14.80001394666904,0.16582575464001956
2004-01-14,0.41342596024320005,14.600013758200538,0.16358486606380304
2004-01-15,0.4190893295616001,14.80001394666904,0.16582575464001956
2004-01-16,0.42758438353920003,15.100014229371789,0.16918708750434425
2004-01-17,0.42758438353920003,15.100014229371789,0.16918708750434425
2004-01-18,0.43041606819840006,15.20001432360604,0.1703075317924525
2004-01-19,0.43041606819840006,15.20001432360604,0.1703075317924525
2004-01-20,0.4219210142208001,14.90001404090329,0.1669461989281278
2004-01-21,0.42475269888000006,15.000014135137539,0.168066643216236
2004-01-22,0.42758438353920003,15.100014229371789,0.16918708750434425
2004-01-23,0.4219210142208001,14.90001404090329,0.1669461989281278
2004-01-24,0.4105942755840001,14.500013663966289,0.1624644217756948
2004-01-25,0.3992675369472001,14.100013287029288,0.15798264462326186
2004-01-26,0.3992675369472001,14.100013287029288,0.15798264462326186
2004-01-27,0.41342596024320005,14.600013758200538,0.16358486606380304
2004-01-28,0.4190893295616001,14.80001394666904,0.16582575464001956
2004-01-29,0.42475269888000006,15.000014135137539,0.168066643216236
2004-01-30,0.42758438353920003,15.100014229371789,0.16918708750434425
2004-01-31,0.40209922160640005,14.200013381263537,0.1591030889113701
2004-02-01,0.42475269888000006,15.000014135137539,0.168066643216236
2004-02-02,0.42475269888000006,15.000014135137539,0.168066643216236
2004-02-03,0.43041606819840006,15.20001432360604,0.1703075317924525
2004-02-04,0.42758438353920003,15.100014229371789,0.16918708750434425
2004-02-05,0.43041606819840006,15.20001432360604,0.1703075317924525
2004-02-06,0.4190893295616001,14.80001394666904,0.16582575464001956
2004-02-07,0.42475269888000006,15.000014135137539,0.168066643216236
2004-02-08,0.42475269888000006,15.000014135137539,0.168066643216236
2004-02-09,0.42758438353920003,15.100014229371789,0.16918708750434425
2004-02-10,0.4190893295616001,14.80001394666904,0.16582575464001956
2004-02-11,0.4162576449024,14.700013852434788,0.16470531035191127
2004-02-12,0.4049309062656001,14.300013475497789,0.16022353319947832
2004-02-13,0.4049309062656001,14.300013475497789,0.16022353319947832
2004-02-14,0.4162576449024,14.700013852434788,0.16470531035191127
2004-02-15,0.4332477528576001,15.300014417840291,0.17142797608056076
2004-02-16,0.43041606819840006,15.20001432360604,0.1703075317924525
2004-02-17,0.42475269888000006,15.000014135137539,0.168066643216236
2004-02-18,0.4332477528576001,15.300014417840291,0.17142797608056076
2004-02-19,0.4332477528576001,15.300014417840291,0.17142797608056076
2004-02-20,0.43041606819840006,15.20001432360604,0.1703075317924525
2004-02-21,0.44174280683520006,15.60001470054304,0.17478930894488545
2004-02-22,0.44457449149440004,15.70001479477729,0.17590975323299368
2004-02-23,0.44740617615360007,15.80001488901154,0.17703019752110194
2004-02-24,0.4502378608128001,15.900014983245793,0.17815064180921017
2004-02-25,0.44740617615360007,15.80001488901154,0.17703019752110194
2004-02-26,0.44457449149440004,15.70001479477729,0.17590975323299368
2004-02-27,0.44457449149440004,15.70001479477729,0.17590975323299368
2004-02-28,0.44174280683520006,15.60001470054304,0.17478930894488545
2004-02-29,0.4389111221760001,15.500014606308792,0.17366886465677722
2004-03-01,0.4389111221760001,15.500014606308792,0.17366886465677722
2004-03-02,0.44740617615360007,15.80001488901154,0.17703019752110194
2004-03-03,0.44457449149440004,15.70001479477729,0.17590975323299368
2004-03-04,0.44457449149440004,15.70001479477729,0.17590975323299368
2004-03-05,0.44457449149440004,15.70001479477729,0.17590975323299368
2004-03-06,0.4559012301312001,16.100015171714293,0.18039153038542666
2004-03-07,0.47289133808640005,16.70001573711979,0.1871141961140761
2004-03-08,0.5012081846784,17.700016679462294,0.19831863899515847
2004-03-09,0.49837650001920014,17.600016585228047,0.1971981947070503
2004-03-10,0.5748319858176001,20.300019129552805,0.22745019048597273
2004-03-11,0.5720003011584001,20.20001903531855,0.2263297461978645
2004-03-12,0.6654458949120001,23.500022145048813,0.26330440770543645
2004-03-13,0.7362380113920001,26.000024500905067,0.2913155149081424
2004-03-14,0.7305746420736001,25.800024312436566,0.28907462633192593
2004-03-15,0.7022577954816002,24.800023370094067,0.2778701834508436
2004-03-16,0.6909310568448,24.400022993157062,0.2733884062984106
2004-03-17,0.6767726335488,23.90002252198581,0.26778618485786937
2004-03-18,0.7249112727552002,25.60002412396807,0.28683373775570953
2004-03-19,0.8098618125312002,28.600026950995577,0.32044706639895665
2004-03-20,0.9712678381056,34.30003232234783,0.38431239082112634
2004-03-21,1.1496639716352002,40.60003825910561,0.45490038097194546
2004-03-22,1.3846937983488001,48.90004608054837,0.5478972568849294
2004-03-23,1.7414860654080002,61.500057954063905,0.6890732371865678
2004-03-24,1.8575851364352,65.60006181766816,0.7350114529990055
2004-03-25,1.9935060000768006,70.40006634091219,0.7887927788282012
2004-03-26,2.0699614858752002,73.10006888523694,0.8190447746071235
2004-03-27,2.0784565398528003,73.40006916793969,0.8224061074714483
2004-03-28,1.7018424801792003,60.10005663478441,0.6733870171530523
2004-03-29,1.5262780313088002,53.90005079226089,0.6039194712903414
2004-03-30,1.4526542301696002,51.300048342170385,0.5747879197995271
2004-03-31,1.5376047699456001,54.300051169197886,0.6084012484427743
2004-04-01,1.7216642727936002,60.80005729442416,0.68123012716981
2004-04-02,1.8151098665472,64.1000604041544,0.7182047886773818
2004-04-03,1.8915653523456002,66.80006294847917,0.7484567844563044
2004-04-04,1.9623574688256002,69.30006530433543,0.7764678916590104
2004-04-05,2.19455561088,77.50007303154395,0.868344323283886
2004-04-06,2.2511893040640003,79.50007491622895,0.8907532090460509
2004-04-07,2.237030880768,79.0000744450577,0.8851509876055096
2004-04-08,2.3389715284992003,82.60007783749072,0.9254869819774063
2004-04-09,2.4097636449792,85.10008019334697,0.9534980891801123
2004-04-10,2.2058823495168003,77.90007340848095,0.872826100436319
2004-04-11,1.9057237756416001,67.30006341965041,0.7540590058968455
2004-04-12,1.8236049205248004,64.40006068685717,0.7215661215417066
2004-04-13,1.7811296506368002,62.90005927334341,0.704759457220083
2004-04-14,2.0161594773504006,71.20006709478619,0.7977563331330672
2004-04-15,2.1152684404224003,74.70007039298494,0.8369718832168553
2004-04-16,2.3106546819072,81.6000768951482,0.9142825390963237
2004-04-17,2.6617835796480005,94.00008858019525,1.0532176308217458
2004-04-18,2.7580608580608006,97.40009178415976,1.091312736617426
2004-04-19,2.3814467983872003,84.10007925100447,0.9422936462990299
2004-04-20,2.2087140341760003,78.0000735027152,0.8739465447244273
2004-04-21,2.1181001250816003,74.80007048721919,0.8380923275049635
2004-04-22,1.9793475767808004,69.90006586974094,0.7831905573876599
2004-04-23,1.7867930199552002,63.10005946181192,0.7070003457962996
2004-04-24,1.6678622642688001,58.9000555039734,0.6599416856957534
2004-04-25,1.7443177500672002,61.60005804829816,0.690193681474676
2004-04-26,1.7046741648384003,60.200056729018655,0.6745074614411606
2004-04-27,2.0869515938304004,73.70006945064245,0.825767440335773
2004-04-28,2.6646152643072,94.10008867442949,1.054338075109854
2004-04-29,2.8316846592000005,100.00009423425026,1.1204442881082401
2004-04-30,3.0582194319360005,108.00010177299029,1.2100798311568994
2004-05-01,2.7070905341952,95.60009008794324,1.0711447394314775
2004-05-02,2.7212489574912,96.10009055911449,1.0767469608720186
2004-05-03,3.2847542046720006,116.00010931173031,1.2997153742055585
2004-05-04,4.332477528576001,153.0001441784029,1.7142797608056075
2004-05-05,5.465151392256001,193.00018187210298,2.1624574760489033
2004-05-06,6.909310568448001,244.00022993157063,2.733884062984106
2004-05-07,7.730499119616002,273.0002572595032,3.0588129065354956
2004-05-08,8.07030127872,285.0002685676132,3.193266221108484
2004-05-09,7.843766505984001,277.00026102887324,3.1036306780598246
2004-05-10,7.843766505984001,277.00026102887324,3.1036306780598246
2004-05-11,8.155251818496001,288.0002713946408,3.2268795497517315
2004-05-12,7.192479034368001,254.00023935499567,2.84592849179493
2004-05-13,5.550101932032001,196.0001846991305,2.1960708046921504
2004-05-14,4.615645994496001,163.00015360182792,1.8263241896164313
2004-05-15,4.134259602432,146.00013758200538,1.6358486606380305
2004-05-16,4.049309062656,143.00013475497786,1.6022353319947833
2004-05-17,4.162576449024001,147.00013852434788,1.647053103519113
2004-05-18,4.38911122176,155.0001460630879,1.736688646567772
2004-05-19,5.351884005888,189.00017810273297,2.1176397045245734
2004-05-20,6.512874716160001,230.00021673877558,2.577021862648952
2004-05-21,6.909310568448001,244.00022993157063,2.733884062984106
2004-05-22,6.796043182080001,240.00022616220062,2.689066291459776
2004-05-23,5.776636704768001,204.00019223787055,2.2857063477408097
2004-05-24,5.436834545664,192.0001809297605,2.1512530331678206
2004-05-25,4.983765000192001,176.00016585228047,1.9719819470705027
2004-05-26,4.643962841088,164.0001545441704,1.8375286324975137
2004-05-27,4.785547074048001,169.00015925588295,1.8935508469029259
2004-05-28,4.8421807672320005,171.00016114056794,1.9159597326650903
2004-05-29,5.720003011584001,202.00019035318553,2.263297461978645
2004-05-30,5.0120818467840005,177.00016679462294,1.983186389951585
2004-05-31,4.332477528576001,153.0001441784029,1.7142797608056075
2004-06-01,3.9360416762880006,139.00013098560785,1.5574175604704539
2004-06-02,3.7378237501440004,132.00012438921033,1.4789864603028768
2004-06-03,3.8794079831040005,137.00012910092286,1.5350086747082887
2004-06-04,4.445744914944001,157.00014794777292,1.759097532329937
2004-06-05,5.068715539968001,179.000168679308,2.00559527571375
2004-06-06,5.606735625216001,198.00018658381552,2.218479690454316
2004-06-07,6.229706250240001,220.0002073153506,2.4649774338381283
2004-06-08,6.541191562752001,231.0002176811181,2.5882263055300347
2004-06-09,5.9748546309120005,211.00019883426805,2.3641374479083868
2004-06-10,5.578418778624001,197.00018564147302,2.207275247573233
2004-06-11,4.7572302274560005,168.00015831354042,1.8823464040218432
2004-06-12,4.049309062656,143.00013475497786,1.6022353319947833
2004-06-13,3.6245563637760005,128.00012061984035,1.4341686887785474
2004-06-14,3.822774289920001,135.00012721623787,1.5125997889461242
2004-06-15,4.105942755840001,145.00013663966288,1.6246442177569484
2004-06-16,3.9643585228800005,140.00013192795035,1.5686220033515361
2004-06-17,3.9360416762880006,139.00013098560785,1.5574175604704539
2004-06-18,3.9926753694720007,141.00013287029287,1.5798264462326186
2004-06-19,4.020992216064001,142.0001338126354,1.591030889113701
2004-06-20,3.7944574433280005,134.00012627389535,1.5013953460650415
2004-06-21,3.7944574433280005,134.00012627389535,1.5013953460650415
2004-06-22,3.4546552842240006,122.00011496578531,1.366942031492053
2004-06-23,2.8203579205632003,99.60009385731325,1.1159625109558071
2004-06-24,2.7750509660160003,98.00009234956525,1.0980354023460752
2004-06-25,2.8090311819264007,99.20009348037627,1.1114807338033743
2004-06-26,2.7892093893120005,98.50009282073651,1.1036376237866166
2004-06-27,2.5796647245312,91.10008584740197,1.0207247464666067
2004-06-28,2.5117042927104003,88.70008358577998,0.993834083552009
2004-06-29,2.5428528239616,89.80008462235672,1.0061589707211995
2004-06-30,3.0582194319360005,108.00010177299029,1.2100798311568994
2004-07-01,2.9449520455680003,104.00009800362027,1.1652620596325696
2004-07-02,2.5796647245312,91.10008584740197,1.0207247464666067
2004-07-03,2.3106546819072,81.6000768951482,0.9142825390963237
2004-07-04,2.1237634944000003,75.0000706756877,0.8403332160811801
2004-07-05,1.9538624148480004,69.00006502163268,0.7731065587946857
2004-07-06,1.7867930199552002,63.10005946181192,0.7070003457962996
2004-07-07,1.6933474262016002,59.800056352081654,0.6700256842887276
2004-07-08,1.6678622642688001,58.9000555039734,0.6599416856957534
2004-07-09,1.5829117244928002,55.90005267694589,0.6263283570525062
2004-07-10,1.5206146619904004,53.7000506037924,0.601678582714125
2004-07-11,1.5036245540352002,53.10005003838689,0.5949559169854755
2004-07-12,1.3677036903936002,48.30004551514288,0.54117459115628
2004-07-13,1.2600996733440002,44.50004193424137,0.49859770820816685
2004-07-14,1.2685947273216,44.800042216944114,0.5019590410724915
2004-07-15,1.359208636416,48.00004523244012,0.5378132582919551
2004-07-16,1.3422185284608001,47.40004466703462,0.5310905925633057
2004-07-17,1.2714264119808,44.90004231117836,0.5030794853605998
2004-07-18,1.2062976648192003,42.600040143790615,0.47730926673411034
2004-07-19,1.1270104943616002,39.8000375052316,0.44593682666707957
2004-07-20,1.2742580966400001,45.000042405412614,0.5041999296487081
2004-07-21,1.2346145114112002,43.60004108613311,0.4885137096151927
2004-07-22,1.0165747926528002,35.90003383009584,0.4022394994308582
2004-07-23,1.0279015312896,36.30003420703284,0.4067212765832911
2004-07-24,1.4469908608512003,51.100048153701884,0.5725470312233107
2004-07-25,1.1213471250432,39.6000373167631,0.4436959380908631
2004-07-26,0.9372876221952002,33.10003119153684,0.3708670593638275
2004-07-27,0.8863172983296002,31.30002949532033,0.35069906217787916
2004-07-28,0.8438420284416002,29.80002808180658,0.3338923978562556
2004-07-29,0.7957033892352001,28.100026479824322,0.31484484495841547
2004-07-30,0.7673865426432002,27.100025537481823,0.30364040207733306
2004-07-31,0.7815449659392002,27.600026008653074,0.3092426235178743
2004-08-01,0.6767726335488,23.90002252198581,0.26778618485786937
2004-08-02,0.6286339943424001,22.200020920003556,0.2487386319600293
2004-08-03,0.6258023096832002,22.10002082576931,0.2476181876719211
2004-08-04,0.5974854630912001,21.100019883426807,0.23641374479083868
2004-08-05,0.5436834545664001,19.20001809297605,0.21512530331678212
2004-08-06,0.5946537784320001,21.000019789192553,0.2352933005027304
2004-08-07,0.5606735625216,19.80001865838155,0.22184796904543155
2004-08-08,0.5153666079744,18.200017150633546,0.2039208604356997
2004-08-09,0.4559012301312001,16.100015171714293,0.18039153038542666
2004-08-10,0.4105942755840001,14.500013663966289,0.1624644217756948
2004-08-11,0.38227742899200007,13.500012721623786,0.15125997889461243
2004-08-12,0.3624556363776001,12.800012061984035,0.14341686887785476
2004-08-13,0.34263384376320005,12.10001140234428,0.13557375886109704
2004-08-14,0.32564373580800005,11.50001083693878,0.1288510931324476
2004-08-15,0.3171486818304,11.200010554236028,0.12548976026812286
2004-08-16,0.30582194319360007,10.80001017729903,0.12100798311568993
2004-08-17,0.3171486818304,11.200010554236028,0.12548976026812286
2004-08-18,0.38510911365120004,13.600012815858035,0.15238042318272066
2004-08-19,1.2346145114112002,43.60004108613311,0.4885137096151927
2004-08-20,1.2402778807296002,43.80004127460162,0.49075459819140915
2004-08-21,1.0618817472000002,37.50003533784385,0.42016660804059003
2004-08-22,0.8778222443520002,31.000029212617584,0.34733772931355444
2004-08-23,0.7815449659392002,27.600026008653074,0.3092426235178743
2004-08-24,0.6626142102528001,23.40002205081456,0.2621839634173282
2004-08-25,0.5918220937728,20.900019694958303,0.23417285621462217
2004-08-26,0.5210299772928,18.400017339102046,0.20616174901191614
2004-08-27,0.5493468238848,19.40001828144455,0.21736619189299855
2004-08-28,0.5436834545664001,19.20001809297605,0.21512530331678212
2004-08-29,0.49271313070080003,17.400016396759543,0.19495730613083376
2004-08-30,0.49271313070080003,17.400016396759543,0.19495730613083376
2004-08-31,0.38510911365120004,13.600012815858035,0.15238042318272066
2004-09-01,0.3511288977408001,12.400011685047033,0.1389350917254218
2004-09-02,0.33130710512640005,11.70001102540728,0.1310919817086641
2004-09-03,0.3171486818304,11.200010554236028,0.12548976026812286
2004-09-04,0.4162576449024,14.700013852434788,0.16470531035191127
2004-09-05,0.6456241022976001,22.80002148540906,0.25546129768867876
2004-09-06,0.7447330653696002,26.30002478360782,0.29467684777246717
2004-09-07,0.8155251818496001,28.800027139464074,0.32268795497517316
2004-09-08,0.7928717045760001,28.000026385590072,0.3137244006703072
2004-09-09,0.7220795880960001,25.50002402973382,0.2857132934676012
2004-09-10,0.6852676875264001,24.20002280468856,0.2711475177221941
2004-09-11,0.7050894801408001,24.900023464328314,0.2789906277389518
2004-09-12,0.6427924176384001,22.70002139117481,0.25434085340057055
2004-09-13,0.6116438863872001,21.60002035459806,0.24201596623137986
2004-09-14,0.580495355136,20.5000193180213,0.22969107906218922
2004-09-15,0.5748319858176001,20.300019129552805,0.22745019048597273
2004-09-16,0.5408517699072001,19.100017998741798,0.21400485902867383
2004-09-17,0.5068715539968001,17.900016867930795,0.200559527571375
2004-09-18,0.5210299772928,18.400017339102046,0.20616174901191614
2004-09-19,0.6031488324096002,21.300020071895307,0.23865463336705517
2004-09-20,0.7673865426432002,27.100025537481823,0.30364040207733306
2004-09-21,0.8948123523072001,31.60002977802308,0.3540603950422039
2004-09-22,0.9740995227648,34.400032416582086,0.38543283510923454
2004-09-23,0.9627727841280002,34.00003203964509,0.3809510579568017
2004-09-24,0.9571094148096001,33.800031851176584,0.3787101693805851
2004-09-25,1.0250698466304002,36.2000341127986,0.405600832295183
2004-09-26,1.0901985937920002,38.50003628018635,0.4313710509216725
2004-09-27,1.0590500625408001,37.400035243609594,0.41904616375248177
2004-09-28,1.0080797386752003,35.600033547393096,0.3988781665665336
2004-09-29,0.9797628920832002,34.60003260505059,0.3876737236854511
2004-09-30,1.2714264119808,44.90004231117836,0.5030794853605998
2004-10-01,1.3733670597120002,48.50004570361138,0.5434154797324965
2004-10-02,1.3280601051648002,46.90004419586337,0.5254883711227646
2004-10-03,1.3337234744832003,47.10004438433187,0.5277292596989811
2004-10-04,1.1921392415232002,42.10003967261936,0.47170704529356905
2004-10-05,1.1270104943616002,39.8000375052316,0.44593682666707957
2004-10-06,1.3931888523264002,49.200046363251126,0.5512585897492541
2004-10-07,1.5829117244928002,55.90005267694589,0.6263283570525062
2004-10-08,1.4243373835776,50.300047399827875,0.5635834769184448
2004-10-09,1.2289511420928,43.40004089766461,0.4862728210389762
2004-10-10,1.1100203864064002,39.200036939826106,0.43921416093843013
2004-10-11,1.0448916392448002,36.900034772438346,0.41344394231194065
2004-10-12,0.9995846846976001,35.30003326469034,0.3955168337022087
2004-10-13,1.0165747926528002,35.90003383009584,0.4022394994308582
2004-10-14,0.9910896307200001,35.00003298198759,0.39215550083788403
2004-10-15,0.9571094148096001,33.800031851176584,0.3787101693805851
2004-10-16,0.9259608835584002,32.70003081459984,0.36638528221139455
2004-10-17,0.9004757216256002,31.800029966491586,0.35630128361842034
2004-10-18,0.8948123523072001,31.60002977802308,0.3540603950422039
2004-10-19,0.9344559375360001,33.00003109730258,0.3697466150757192
2004-10-20,0.8721588750336001,30.80002902414908,0.345096840737338
2004-10-21,0.8523370824192001,30.100028364509328,0.3372537307205803
2004-10-22,0.8693271903744001,30.70002892991483,0.34397639644922967
2004-10-23,0.8183568665088001,28.900027233698324,0.32380839926328137
2004-10-24,0.8523370824192001,30.100028364509328,0.3372537307205803
2004-10-25,0.8268519204864001,29.200027516401075,0.3271697321276061
2004-10-26,0.8013667585536002,28.300026668292826,0.31708573353463193
2004-10-27,0.7843766505984001,27.70002610288732,0.3103630678059825
2004-10-28,0.8070301278720001,28.500026856761323,0.31932662211084845
2004-10-29,0.8353469744640001,29.500027799103826,0.3305310649919308
2004-10-30,0.7787132812800002,27.500025914418824,0.30812217922976604
2004-10-31,0.7588914886656002,26.800025254779072,0.3002790692130084
2004-11-01,0.6399607329792001,22.600021296940557,0.25322040911246224
2004-11-02,0.5663369318400001,20.000018846850054,0.224088857621648
2004-11-03,0.6456241022976001,22.80002148540906,0.25546129768867876
2004-11-04,0.6711092642304001,23.70002233351731,0.26554529628165285
2004-11-05,0.6456241022976001,22.80002148540906,0.25546129768867876
2004-11-06,0.6286339943424001,22.200020920003556,0.2487386319600293
2004-11-07,0.6201389403648001,21.90002063730081,0.24537729909570458
2004-11-08,0.6342973636608,22.400021108472057,0.2509795205362457
2004-11-09,0.7532281193472001,26.60002506631057,0.2980381806367919
2004-11-10,0.7475647500288001,26.400024877842068,0.29579729206057537
2004-11-11,0.7192479034368001,25.400023935499565,0.284592849179493
2004-11-12,0.5946537784320001,21.000019789192553,0.2352933005027304
2004-11-13,0.6767726335488,23.90002252198581,0.26778618485786937
2004-11-14,0.6739409488896001,23.80002242775156,0.26666574056976117
2004-11-15,0.5918220937728,20.900019694958303,0.23417285621462217
2004-11-16,0.5918220937728,20.900019694958303,0.23417285621462217
2004-11-17,0.5918220937728,20.900019694958303,0.23417285621462217
2004-11-18,0.5691686164992001,20.100018941084304,0.2252093019097563
2004-11-19,0.5465151392256001,19.300018187210302,0.21624574760489035
2004-11-20,0.5465151392256001,19.300018187210302,0.21624574760489035
2004-11-21,0.5323567159296001,18.80001771603905,0.21064352616434917
2004-11-22,0.5097032386560001,18.00001696216505,0.20167997185948322
2004-11-23,0.5181982926336001,18.300017244867796,0.20504130472380794
2004-11-24,0.5181982926336001,18.300017244867796,0.20504130472380794
2004-11-25,0.5181982926336001,18.300017244867796,0.20504130472380794
2004-11-26,0.5040398693376001,17.800016773696548,0.1994390832832668
2004-11-27,0.5040398693376001,17.800016773696548,0.1994390832832668
2004-11-28,0.4870497613824,17.200016208291043,0.19271641755461727
2004-11-29,0.4813863920640001,17.000016019822546,0.19047552897840084
2004-11-30,0.4219210142208001,14.90001404090329,0.1669461989281278
2004-12-01,0.4389111221760001,15.500014606308792,0.17366886465677722
2004-12-02,0.46722796876800005,16.50001554865129,0.1848733075378596
2004-12-03,0.46722796876800005,16.50001554865129,0.1848733075378596
2004-12-04,0.46722796876800005,16.50001554865129,0.1848733075378596
2004-12-05,0.46722796876800005,16.50001554865129,0.1848733075378596
2004-12-06,0.45873291479040007,16.200015265948544,0.1815119746735349
2004-12-07,0.43041606819840006,15.20001432360604,0.1703075317924525
2004-12-08,0.40776259092480005,14.400013569732037,0.16134397748758658
2004-12-09,0.40776259092480005,14.400013569732037,0.16134397748758658
2004-12-10,0.3992675369472001,14.100013287029288,0.15798264462326186
2004-12-11,0.43607943751680006,15.40001451207454,0.172548420368669
2004-12-12,0.44457449149440004,15.70001479477729,0.17590975323299368
2004-12-13,0.43607943751680006,15.40001451207454,0.172548420368669
2004-12-14,0.44457449149440004,15.70001479477729,0.17590975323299368
2004-12-15,0.44457449149440004,15.70001479477729,0.17590975323299368
2004-12-16,0.44457449149440004,15.70001479477729,0.17590975323299368
2004-12-17,0.44457449149440004,15.70001479477729,0.17590975323299368
2004-12-18,0.44457449149440004,15.70001479477729,0.17590975323299368
2004-12-19,0.44457449149440004,15.70001479477729,0.17590975323299368
2004-12-20,0.44457449149440004,15.70001479477729,0.17590975323299368
2004-12-21,0.43607943751680006,15.40001451207454,0.172548420368669
2004-12-22,0.40776259092480005,14.400013569732037,0.16134397748758658
2004-12-23,0.37661405967360007,13.300012533155286,0.14901909031839594
2004-12-24,0.40209922160640005,14.200013381263537,0.1591030889113701
2004-12-25,0.44457449149440004,15.70001479477729,0.17590975323299368
2004-12-26,0.44457449149440004,15.70001479477729,0.17590975323299368
2004-12-27,0.43607943751680006,15.40001451207454,0.172548420368669
2004-12-28,0.43607943751680006,15.40001451207454,0.172548420368669
2004-12-29,0.43607943751680006,15.40001451207454,0.172548420368669
2004-12-30,0.42758438353920003,15.100014229371789,0.16918708750434425
2004-12-31,0.43607943751680006,15.40001451207454,0.172548420368669
2005-01-01,0.43607943751680006,15.40001451207454,0.172548420368669
2005-01-02,0.43607943751680006,15.40001451207454,0.172548420368669
2005-01-03,0.4332477528576001,15.300014417840291,0.17142797608056076
2005-01-04,0.4190893295616001,14.80001394666904,0.16582575464001956
2005-01-05,0.42758438353920003,15.100014229371789,0.16918708750434425
2005-01-06,0.4190893295616001,14.80001394666904,0.16582575464001956
2005-01-07,0.39643585228800005,14.000013192795036,0.1568622003351536
2005-01-08,0.42758438353920003,15.100014229371789,0.16918708750434425
2005-01-09,0.44457449149440004,15.70001479477729,0.17590975323299368
2005-01-10,0.44457449149440004,15.70001479477729,0.17590975323299368
2005-01-11,0.44457449149440004,15.70001479477729,0.17590975323299368
2005-01-12,0.4615645994496001,16.300015360182794,0.18263241896164314
2005-01-13,0.4389111221760001,15.500014606308792,0.17366886465677722
2005-01-14,0.47289133808640005,16.70001573711979,0.1871141961140761
2005-01-15,0.47855470740480005,16.900015925588292,0.18935508469029255
2005-01-16,0.47005965342720013,16.600015642885545,0.1859937518259679
2005-01-17,0.47289133808640005,16.70001573711979,0.1871141961140761
2005-01-18,0.47289133808640005,16.70001573711979,0.1871141961140761
2005-01-19,0.47289133808640005,16.70001573711979,0.1871141961140761
2005-01-20,0.47289133808640005,16.70001573711979,0.1871141961140761
2005-01-21,0.47289133808640005,16.70001573711979,0.1871141961140761
2005-01-22,0.47289133808640005,16.70001573711979,0.1871141961140761
2005-01-23,0.47289133808640005,16.70001573711979,0.1871141961140761
2005-01-24,0.47289133808640005,16.70001573711979,0.1871141961140761
2005-01-25,0.47289133808640005,16.70001573711979,0.1871141961140761
2005-01-26,0.47289133808640005,16.70001573711979,0.1871141961140761
2005-01-27,0.47289133808640005,16.70001573711979,0.1871141961140761
2005-01-28,0.47289133808640005,16.70001573711979,0.1871141961140761
2005-01-29,0.47289133808640005,16.70001573711979,0.1871141961140761
2005-01-30,0.47289133808640005,16.70001573711979,0.1871141961140761
2005-01-31,0.47289133808640005,16.70001573711979,0.1871141961140761
2005-02-01,0.4813863920640001,17.000016019822546,0.19047552897840084
2005-02-02,0.4813863920640001,17.000016019822546,0.19047552897840084
2005-02-03,0.4813863920640001,17.000016019822546,0.19047552897840084
2005-02-04,0.4813863920640001,17.000016019822546,0.19047552897840084
2005-02-05,0.4813863920640001,17.000016019822546,0.19047552897840084
2005-02-06,0.4813863920640001,17.000016019822546,0.19047552897840084
2005-02-07,0.4813863920640001,17.000016019822546,0.19047552897840084
2005-02-08,0.4757230227456001,16.800015831354045,0.18823464040218432
2005-02-09,0.49554481536000006,17.500016490993794,0.19607775041894202
2005-02-10,0.4898814460416001,17.300016302525297,0.19383686184272556
2005-02-11,0.49554481536000006,17.500016490993794,0.19607775041894202
2005-02-12,0.4813863920640001,17.000016019822546,0.19047552897840084
2005-02-13,0.4898814460416001,17.300016302525297,0.19383686184272556
2005-02-14,0.4898814460416001,17.300016302525297,0.19383686184272556
2005-02-15,0.47289133808640005,16.70001573711979,0.1871141961140761
2005-02-16,0.4813863920640001,17.000016019822546,0.19047552897840084
2005-02-17,0.4559012301312001,16.100015171714293,0.18039153038542666
2005-02-18,0.4813863920640001,17.000016019822546,0.19047552897840084
2005-02-19,0.4898814460416001,17.300016302525297,0.19383686184272556
2005-02-20,0.4898814460416001,17.300016302525297,0.19383686184272556
2005-02-21,0.4898814460416001,17.300016302525297,0.19383686184272556
2005-02-22,0.4898814460416001,17.300016302525297,0.19383686184272556
2005-02-23,0.4898814460416001,17.300016302525297,0.19383686184272556
2005-02-24,0.4898814460416001,17.300016302525297,0.19383686184272556
2005-02-25,0.4898814460416001,17.300016302525297,0.19383686184272556
2005-02-26,0.4898814460416001,17.300016302525297,0.19383686184272556
2005-02-27,0.4898814460416001,17.300016302525297,0.19383686184272556
2005-02-28,0.4898814460416001,17.300016302525297,0.19383686184272556
2005-03-01,0.4898814460416001,17.300016302525297,0.19383686184272556
2005-03-02,0.4898814460416001,17.300016302525297,0.19383686184272556
2005-03-03,0.4898814460416001,17.300016302525297,0.19383686184272556
2005-03-04,0.4898814460416001,17.300016302525297,0.19383686184272556
2005-03-05,0.4898814460416001,17.300016302525297,0.19383686184272556
2005-03-06,0.4898814460416001,17.300016302525297,0.19383686184272556
2005-03-07,0.4898814460416001,17.300016302525297,0.19383686184272556
2005-03-08,0.4898814460416001,17.300016302525297,0.19383686184272556
2005-03-09,0.4898814460416001,17.300016302525297,0.19383686184272556
2005-03-10,0.4898814460416001,17.300016302525297,0.19383686184272556
2005-03-11,0.4898814460416001,17.300016302525297,0.19383686184272556
2005-03-12,0.4898814460416001,17.300016302525297,0.19383686184272556
2005-03-13,0.4643962841088,16.40001545441704,0.18375286324975137
2005-03-14,0.44740617615360007,15.80001488901154,0.17703019752110194
2005-03-15,0.44740617615360007,15.80001488901154,0.17703019752110194
2005-03-16,0.44740617615360007,15.80001488901154,0.17703019752110194
2005-03-17,0.44740617615360007,15.80001488901154,0.17703019752110194
2005-03-18,0.44740617615360007,15.80001488901154,0.17703019752110194
2005-03-19,0.44740617615360007,15.80001488901154,0.17703019752110194
2005-03-20,0.44740617615360007,15.80001488901154,0.17703019752110194
2005-03-21,0.44740617615360007,15.80001488901154,0.17703019752110194
2005-03-22,0.44740617615360007,15.80001488901154,0.17703019752110194
2005-03-23,0.44740617615360007,15.80001488901154,0.17703019752110194
2005-03-24,0.44740617615360007,15.80001488901154,0.17703019752110194
2005-03-25,0.4389111221760001,15.500014606308792,0.17366886465677722
2005-03-26,0.4389111221760001,15.500014606308792,0.17366886465677722
2005-03-27,0.4389111221760001,15.500014606308792,0.17366886465677722
2005-03-28,0.4389111221760001,15.500014606308792,0.17366886465677722
2005-03-29,0.4389111221760001,15.500014606308792,0.17366886465677722
2005-03-30,0.4389111221760001,15.500014606308792,0.17366886465677722
2005-03-31,0.44740617615360007,15.80001488901154,0.17703019752110194
2005-04-01,0.4559012301312001,16.100015171714293,0.18039153038542666
2005-04-02,0.4643962841088,16.40001545441704,0.18375286324975137
2005-04-03,0.47289133808640005,16.70001573711979,0.1871141961140761
2005-04-04,0.538020085248,19.000017904507548,0.2128844147405656
2005-04-05,0.5833270397952002,20.600019412255556,0.23081152335029748
2005-04-06,0.6371290483200001,22.500021202706307,0.25209996482435404
2005-04-07,0.7900400199168001,27.90002629135582,0.312603956382199
2005-04-08,1.0024163693568,35.40003335892459,0.39663727799031695
2005-04-09,0.8919806676480001,31.50002968378883,0.3529399507540956
2005-04-10,0.8636638210560001,30.50002874144633,0.34173550787301327
2005-04-11,0.8296836051456001,29.300027610635325,0.32829017641571434
2005-04-12,0.8551687670784001,30.200028458743578,0.3383741750086885
2005-04-13,0.9656044687872002,34.10003213387934,0.38207150224490993
2005-04-14,1.2600996733440002,44.50004193424137,0.49859770820816685
2005-04-15,1.7641395426816002,62.300058707937914,0.6980367914914336
2005-04-16,2.3474665824768004,82.90007812019347,0.928848314841731
2005-04-17,3.2564373580800003,115.00010836938779,1.288510931324476
2005-04-18,4.105942755840001,145.00013663966288,1.6246442177569484
2005-04-19,4.559012301312,161.0001517171429,1.8039153038542663
2005-04-20,4.8421807672320005,171.00016114056794,1.9159597326650903
2005-04-21,4.247526988800001,150.0001413513754,1.6806664321623601
2005-04-22,3.3980215910400005,120.00011308110031,1.344533145729888
2005-04-23,3.6811900569600007,130.00012250452534,1.4565775745407121
2005-04-24,4.474061761536,158.0001488901154,1.7703019752110192
2005-04-25,4.020992216064001,142.0001338126354,1.591030889113701
2005-04-26,3.4263384376320003,121.0001140234428,1.3557375886109704
2005-04-27,3.2564373580800003,115.00010836938779,1.288510931324476
2005-04-28,3.3413878978560003,118.0001111964153,1.3221242599677232
2005-04-29,3.0015857387520004,106.00009988830527,1.1876709453947345
2005-04-30,2.6646152643072,94.10008867442949,1.054338075109854
2005-05-01,2.4862191307776005,87.80008273767173,0.9837500849590348
2005-05-02,2.3842784830464003,84.20007934523872,0.9434140905871381
2005-05-03,2.4890508154368005,87.90008283190599,0.984870529247143
2005-05-04,2.6249716790784006,92.70008735515,1.0386518550763386
2005-05-05,2.8316846592000005,100.00009423425026,1.1204442881082401
2005-05-06,3.4546552842240006,122.00011496578531,1.366942031492053
2005-05-07,4.332477528576001,153.0001441784029,1.7142797608056075
2005-05-08,3.7944574433280005,134.00012627389535,1.5013953460650415
2005-05-09,3.7378237501440004,132.00012438921033,1.4789864603028768
2005-05-10,4.983765000192001,176.00016585228047,1.9719819470705027
2005-05-11,6.003171477504001,212.00019977661054,2.375341890789469
2005-05-12,4.785547074048001,169.00015925588295,1.8935508469029259
2005-05-13,4.304160681984,152.00014323606038,1.7030753179245248
2005-05-14,4.360794375168001,154.0001451207454,1.72548420368669
2005-05-15,5.238616619520001,185.000174333363,2.0728219330002444
2005-05-16,6.965944261632001,246.00023181625562,2.756292948746271
2005-05-17,8.636638210560001,305.0002874144633,3.417355078730132
2005-05-18,8.098618125312,286.00026950995573,3.2044706639895666
2005-05-19,12.006342955008002,424.0003995532211,4.750683781578938
2005-05-20,17.046741648384003,602.0005672901866,6.745074614411606
2005-05-21,20.727931705344,732.0006897947119,8.201652188952318
2005-05-22,22.964962586112005,811.0007642397696,9.086803176557828
2005-05-23,22.115457188352003,781.0007359694945,8.750669890125355
2005-05-24,21.605753949696002,763.0007190073294,8.548989918265871
2005-05-25,20.416446392832004,721.0006794289444,8.078403317260411
2005-05-26,17.867930199552003,631.0005946181192,7.0700034579629945
2005-05-27,15.715849858560002,555.000523000089,6.218465799000732
2005-05-28,13.903571676672001,491.0004626901688,5.501381454611459
2005-05-29,12.657630426624001,447.0004212270986,5.008385967843833
2005-05-30,13.308917898240002,470.0004429009762,5.266088154108728
2005-05-31,12.402778807296002,438.00041274601614,4.907545981914092
2005-06-01,10.760401704960001,380.000358090151,4.257688294811312
2005-06-02,11.779808182272001,416.00039201448106,4.661048238530278
2005-06-03,12.147927187968001,429.0004042649336,4.80670599598435
2005-06-04,11.864758722048002,419.0003948415086,4.694661567173526
2005-06-05,11.298421790208002,399.00037599465855,4.4705727095518775
2005-06-06,11.015253324288002,389.00036657123354,4.358528280741054
2005-06-07,10.590500625408001,374.00035243609597,4.190461637524818
2005-06-08,10.137431079936002,358.000337358616,4.0111905514275
2005-06-09,9.825945767424,347.0003269928484,3.887941679735593
2005-06-10,9.174658295808001,324.00030531897085,3.630239493470698
2005-06-11,8.155251818496001,288.0002713946408,3.2268795497517315
2005-06-12,8.013667585536002,283.00026668292827,3.1708573353463194
2005-06-13,7.532281193472001,266.0002506631057,2.9803818063679186
2005-06-14,7.079211648000001,250.00023558562566,2.8011107202706005
2005-06-15,7.758815966208001,274.0002582018457,3.0700173494165774
2005-06-16,8.919806676480002,315.00029683788836,3.5293995075409565
2005-06-17,10.080797386752002,356.00033547393093,3.9887816656653348
2005-06-18,11.043570170880002,390.00036751357607,4.369732723622137
2005-06-19,11.581590256128,409.0003854180835,4.582617138362702
2005-06-20,11.298421790208002,399.00037599465855,4.4705727095518775
2005-06-21,10.901985937920001,385.0003628018635,4.313710509216724
2005-06-22,10.024163693568001,354.0003335892459,3.96637277990317
2005-06-23,9.939213153792002,351.0003307622184,3.9327594512599227
2005-06-24,8.919806676480002,315.00029683788836,3.5293995075409565
2005-06-25,8.580004517376,303.00028552977824,3.3949461929679674
2005-06-26,8.608321363968,304.00028647212076,3.4061506358490496
2005-06-27,7.730499119616002,273.0002572595032,3.0588129065354956
2005-06-28,6.965944261632001,246.00023181625562,2.756292948746271
2005-06-29,6.852676875264001,242.0002280468856,2.7114751772219408
2005-06-30,6.314656790016001,223.0002101423781,2.4985907624813755
2005-07-01,6.031488324096001,213.00020071895307,2.3865463336705517
2005-07-02,5.436834545664,192.0001809297605,2.1512530331678206
2005-07-03,5.380200852480001,190.0001790450755,2.128844147405656
2005-07-04,4.8421807672320005,171.00016114056794,1.9159597326650903
2005-07-05,4.530695454720001,160.00015077480043,1.792710860973184
2005-07-06,4.417428068352001,156.0001470054304,1.7478930894488547
2005-07-07,4.332477528576001,153.0001441784029,1.7142797608056075
2005-07-08,4.020992216064001,142.0001338126354,1.591030889113701
2005-07-09,3.7661405967360007,133.00012533155285,1.4901909031839593
2005-07-10,3.6528732103680004,129.00012156218284,1.4453731316596297
2005-07-11,3.4546552842240006,122.00011496578531,1.366942031492053
2005-07-12,3.2847542046720006,116.00010931173031,1.2997153742055585
2005-07-13,3.2847542046720006,116.00010931173031,1.2997153742055585
2005-07-14,3.1714868183040004,112.00010554236029,1.2548976026812289
2005-07-15,2.9449520455680003,104.00009800362027,1.1652620596325696
2005-07-16,2.7014271648768005,95.40008989947475,1.068903850855261
2005-07-17,2.4777240768000004,87.50008245496898,0.9803887520947101
2005-07-18,2.3672883750912,83.60007877983321,0.9366914248584887
2005-07-19,2.1634070796288003,76.40007199496719,0.8560194361146953
2005-07-20,2.0076644233728005,70.90006681208344,0.7943950002687422
2005-07-21,1.8604168210944003,65.70006191190242,0.7361318972871137
2005-07-22,1.7839613352960002,63.00005936757766,0.7058799015081912
2005-07-23,1.7160009034752004,60.60005710595566,0.6789892385935936
2005-07-24,2.2426942500864,79.2000746335262,0.8873918761817262
2005-07-25,2.8316846592000005,100.00009423425026,1.1204442881082401
2005-07-26,2.3956052216832,84.6000797221757,0.947895867739571
2005-07-27,1.8094464972288002,63.90006021568592,0.7159639001011654
2005-07-28,1.4894661307392003,52.60004956721564,0.5893536955449343
2005-07-29,1.3025749432320002,46.00004334775512,0.5154043725297904
2005-07-30,1.1836441875456,41.800039389916606,0.46834571242924433
2005-07-31,1.1241788097024001,39.70003741099735,0.4448163823789713
2005-08-01,1.1100203864064002,39.200036939826106,0.43921416093843013
2005-08-02,1.2600996733440002,44.50004193424137,0.49859770820816685
2005-08-03,1.2629313580032002,44.60004202847562,0.4997181524962751
2005-08-04,1.5715849858560003,55.500052300008896,0.6218465799000733
2005-08-05,1.6990107955200002,60.000056540550155,0.672266572864944
2005-08-06,1.2317828267520001,43.500040991898864,0.48739326532708444
2005-08-07,1.0732084858368,37.90003571478085,0.42464838519302295
2005-08-08,0.9740995227648,34.400032416582086,0.38543283510923454
2005-08-09,0.9429509915136001,33.300031380005336,0.3731079479400439
2005-08-10,1.8405950284800003,65.00006125226267,0.7282887872703561
2005-08-11,1.6197236250624003,57.200053901991154,0.6408941327979133
2005-08-12,1.2969115739136001,45.800043159286616,0.5131634839535739
2005-08-13,1.1015253324288001,38.90003665712335,0.43585282807410536
2005-08-14,1.0222381619712002,36.100034018564344,0.4044803880070747
2005-08-15,0.9202975142400002,32.500030626131334,0.36414439363517803
2005-08-16,0.9287925682176,32.80003090883408,0.36750572649950275
2005-08-17,0.9769312074240002,34.50003251081634,0.38655327939734285
2005-08-18,0.8466737131008001,29.900028176040827,0.3350128421443638
2005-08-19,0.7702182273024001,27.20002563171607,0.3047608463654413
2005-08-20,0.7192479034368001,25.400023935499565,0.284592849179493
2005-08-21,0.7758815966208,27.400025820184567,0.3070017349416578
2005-08-22,0.8721588750336001,30.80002902414908,0.345096840737338
2005-08-23,0.7900400199168001,27.90002629135582,0.312603956382199
2005-08-24,0.7107528494592001,25.100023652796818,0.2812315163151683
2005-08-25,0.6711092642304001,23.70002233351731,0.26554529628165285
2005-08-26,0.8466737131008001,29.900028176040827,0.3350128421443638
2005-08-27,0.8381786591232002,29.60002789333808,0.3316515092800391
2005-08-28,0.7079211648000001,25.000023558562564,0.28011107202706004
2005-08-29,0.6201389403648001,21.90002063730081,0.24537729909570458
2005-08-30,0.5720003011584001,20.20001903531855,0.2263297461978645
2005-08-31,0.5238616619520001,18.5000174333363,0.20728219330002445
2005-09-01,0.5097032386560001,18.00001696216505,0.20167997185948322
2005-09-02,0.49554481536000006,17.500016490993794,0.19607775041894202
2005-09-03,0.4870497613824,17.200016208291043,0.19271641755461727
2005-09-04,0.5012081846784,17.700016679462294,0.19831863899515847
2005-09-05,0.5040398693376001,17.800016773696548,0.1994390832832668
2005-09-06,0.4813863920640001,17.000016019822546,0.19047552897840084
2005-09-07,0.45306954547200007,16.000015077480043,0.17927108609731843
2005-09-08,0.44740617615360007,15.80001488901154,0.17703019752110194
2005-09-09,0.8778222443520002,31.000029212617584,0.34733772931355444
2005-09-10,0.9344559375360001,33.00003109730258,0.3697466150757192
2005-09-11,0.6937627415040001,24.500023087391313,0.2745088505865188
2005-09-12,0.5748319858176001,20.300019129552805,0.22745019048597273
2005-09-13,0.5181982926336001,18.300017244867796,0.20504130472380794
2005-09-14,0.5351884005888,18.900017810273297,0.21176397045245737
2005-09-15,0.538020085248,19.000017904507548,0.2128844147405656
2005-09-16,0.49837650001920014,17.600016585228047,0.1971981947070503
2005-09-17,0.46722796876800005,16.50001554865129,0.1848733075378596
2005-09-18,0.44174280683520006,15.60001470054304,0.17478930894488545
2005-09-19,0.43041606819840006,15.20001432360604,0.1703075317924525
2005-09-20,0.4162576449024,14.700013852434788,0.16470531035191127
2005-09-21,0.44740617615360007,15.80001488901154,0.17703019752110194
2005-09-22,0.8778222443520002,31.000029212617584,0.34733772931355444
2005-09-23,0.7164162187776001,25.300023841265315,0.2834724048913847
2005-09-24,0.5720003011584001,20.20001903531855,0.2263297461978645
2005-09-25,0.5068715539968001,17.900016867930795,0.200559527571375
2005-09-26,0.47005965342720013,16.600015642885545,0.1859937518259679
2005-09-27,0.5097032386560001,18.00001696216505,0.20167997185948322
2005-09-28,2.6249716790784006,92.70008735515,1.0386518550763386
2005-09-29,1.7160009034752004,60.60005710595566,0.6789892385935936
2005-09-30,1.1496639716352002,40.60003825910561,0.45490038097194546
2005-10-01,0.9146341449216001,32.30003043766283,0.36190350505896157
2005-10-02,0.7758815966208,27.400025820184567,0.3070017349416578
2005-10-03,0.6739409488896001,23.80002242775156,0.26666574056976117
2005-10-04,0.7079211648000001,25.000023558562564,0.28011107202706004
2005-10-05,0.9910896307200001,35.00003298198759,0.39215550083788403
2005-10-06,0.9259608835584002,32.70003081459984,0.36638528221139455
2005-10-07,0.8580004517376002,30.30002855297783,0.3394946192967968
2005-10-08,0.7815449659392002,27.600026008653074,0.3092426235178743
2005-10-09,1.0307332159488,36.40003430126709,0.4078417208713994
2005-10-10,1.2204560881152002,43.10004061496186,0.4829114881746515
2005-10-11,1.1156837557248,39.4000371282946,0.44145504951464654
2005-10-12,1.0703768011776,37.800035620546595,0.42352794090491475
2005-10-13,1.0647134318592002,37.6000354320781,0.42128705232869834
2005-10-14,1.1440006023168001,40.4000380706371,0.452659492395729
2005-10-15,1.2629313580032002,44.60004202847562,0.4997181524962751
2005-10-16,1.2742580966400001,45.000042405412614,0.5041999296487081
2005-10-17,1.2119610341376001,42.80004033225911,0.47955015531032674
2005-10-18,1.1524956562944002,40.700038353339856,0.4560208252600537
2005-10-19,1.3507135824384002,47.700044949737375,0.5344519254276305
2005-10-20,1.4922978153984003,52.70004966144989,0.5904741398330426
2005-10-21,1.4498225455104004,51.20004824793614,0.5736674755114191
2005-10-22,1.3393868438016001,47.30004457280037,0.5299701482751975
2005-10-23,1.2176244034560002,43.000040520727616,0.48179104388654326
2005-10-24,1.1071887017472002,39.10003684559185,0.4380937166503219
2005-10-25,1.0222381619712002,36.100034018564344,0.4044803880070747
2005-10-26,0.9571094148096001,33.800031851176584,0.3787101693805851
2005-10-27,0.8948123523072001,31.60002977802308,0.3540603950422039
2005-10-28,0.8495053977600001,30.000028270275077,0.336133286432472
2005-10-29,0.9089707756032002,32.10003024919433,0.35966261648274506
2005-10-30,0.9542777301504002,33.70003175694234,0.37758972509247696
2005-10-31,0.8353469744640001,29.500027799103826,0.3305310649919308
2005-11-01,0.8551687670784001,30.200028458743578,0.3383741750086885
2005-11-02,0.8608321363968001,30.40002864721208,0.340615063584905
2005-11-03,0.8721588750336001,30.80002902414908,0.345096840737338
2005-11-04,0.8240202358272002,29.10002742216683,0.32604928783949794
2005-11-05,0.8438420284416002,29.80002808180658,0.3338923978562556
2005-11-06,0.8240202358272002,29.10002742216683,0.32604928783949794
2005-11-07,0.8240202358272002,29.10002742216683,0.32604928783949794
2005-11-08,0.8155251818496001,28.800027139464074,0.32268795497517316
2005-11-09,0.7985350738944001,28.200026574058576,0.31596528924652373
2005-11-10,0.7843766505984001,27.70002610288732,0.3103630678059825
2005-11-11,0.8296836051456001,29.300027610635325,0.32829017641571434
2005-11-12,0.8891489829888001,31.40002958955458,0.35181950646598736
2005-11-13,0.8580004517376002,30.30002855297783,0.3394946192967968
2005-11-14,0.8919806676480001,31.50002968378883,0.3529399507540956
2005-11-15,0.7787132812800002,27.500025914418824,0.30812217922976604
2005-11-16,0.7673865426432002,27.100025537481823,0.30364040207733306
2005-11-17,0.7872083352576001,27.800026197121575,0.31148351209409075
2005-11-18,0.7249112727552002,25.60002412396807,0.28683373775570953
2005-11-19,0.7164162187776001,25.300023841265315,0.2834724048913847
2005-11-20,0.6739409488896001,23.80002242775156,0.26666574056976117
2005-11-21,0.6880993721856001,24.300022898922816,0.27226796201030234
2005-11-22,0.6880993721856001,24.300022898922816,0.27226796201030234
2005-11-23,0.6626142102528001,23.40002205081456,0.2621839634173282
2005-11-24,0.6484557869568001,22.900021579643308,0.25658174197678696
2005-11-25,0.6569508409344,23.20002186234606,0.2599430748411117
2005-11-26,0.6569508409344,23.20002186234606,0.2599430748411117
2005-11-27,0.6484557869568001,22.900021579643308,0.25658174197678696
2005-11-28,0.6484557869568001,22.900021579643308,0.25658174197678696
2005-11-29,0.6739409488896001,23.80002242775156,0.26666574056976117
2005-11-30,0.6484557869568001,22.900021579643308,0.25658174197678696
2005-12-01,0.6371290483200001,22.500021202706307,0.25209996482435404
2005-12-02,0.6286339943424001,22.200020920003556,0.2487386319600293
2005-12-03,0.6173072557056001,21.800020543066555,0.24425685480759635
2005-12-04,0.6003171477504,21.200019977661054,0.23753418907894688
2005-12-05,0.6003171477504,21.200019977661054,0.23753418907894688
2005-12-06,0.6003171477504,21.200019977661054,0.23753418907894688
2005-12-07,0.6003171477504,21.200019977661054,0.23753418907894688
2005-12-08,0.5918220937728,20.900019694958303,0.23417285621462217
2005-12-09,0.5776636704768,20.40001922378705,0.22857063477408093
2005-12-10,0.5521785085440001,19.5000183756788,0.21848663618110684
2005-12-11,0.5436834545664001,19.20001809297605,0.21512530331678212
2005-12-12,0.5125349233152001,18.1000170563993,0.2028004161475915
2005-12-13,0.5125349233152001,18.1000170563993,0.2028004161475915
2005-12-14,0.49554481536000006,17.500016490993794,0.19607775041894202
2005-12-15,0.47289133808640005,16.70001573711979,0.1871141961140761
2005-12-16,0.47005965342720013,16.600015642885545,0.1859937518259679
2005-12-17,0.47005965342720013,16.600015642885545,0.1859937518259679
2005-12-18,0.47289133808640005,16.70001573711979,0.1871141961140761
2005-12-19,0.47289133808640005,16.70001573711979,0.1871141961140761
2005-12-20,0.47289133808640005,16.70001573711979,0.1871141961140761
2005-12-21,0.45873291479040007,16.200015265948544,0.1815119746735349
2005-12-22,0.47289133808640005,16.70001573711979,0.1871141961140761
2005-12-23,0.47289133808640005,16.70001573711979,0.1871141961140761
2005-12-24,0.47289133808640005,16.70001573711979,0.1871141961140761
2005-12-25,0.47289133808640005,16.70001573711979,0.1871141961140761
2005-12-26,0.47005965342720013,16.600015642885545,0.1859937518259679
2005-12-27,0.45306954547200007,16.000015077480043,0.17927108609731843
2005-12-28,0.44174280683520006,15.60001470054304,0.17478930894488545
2005-12-29,0.44174280683520006,15.60001470054304,0.17478930894488545
2005-12-30,0.45306954547200007,16.000015077480043,0.17927108609731843
2005-12-31,0.45306954547200007,16.000015077480043,0.17927108609731843
2006-01-01,0.45306954547200007,16.000015077480043,0.17927108609731843
2006-01-02,0.46722796876800005,16.50001554865129,0.1848733075378596
2006-01-03,0.4559012301312001,16.100015171714293,0.18039153038542666
2006-01-04,0.46722796876800005,16.50001554865129,0.1848733075378596
2006-01-05,0.4813863920640001,17.000016019822546,0.19047552897840084
2006-01-06,0.46722796876800005,16.50001554865129,0.1848733075378596
2006-01-07,0.46722796876800005,16.50001554865129,0.1848733075378596
2006-01-08,0.46722796876800005,16.50001554865129,0.1848733075378596
2006-01-09,0.4615645994496001,16.300015360182794,0.18263241896164314
2006-01-10,0.4559012301312001,16.100015171714293,0.18039153038542666
2006-01-11,0.4559012301312001,16.100015171714293,0.18039153038542666
2006-01-12,0.46722796876800005,16.50001554865129,0.1848733075378596
2006-01-13,0.46722796876800005,16.50001554865129,0.1848733075378596
2006-01-14,0.4615645994496001,16.300015360182794,0.18263241896164314
2006-01-15,0.4559012301312001,16.100015171714293,0.18039153038542666
2006-01-16,0.4502378608128001,15.900014983245793,0.17815064180921017
2006-01-17,0.44174280683520006,15.60001470054304,0.17478930894488545
2006-01-18,0.43607943751680006,15.40001451207454,0.172548420368669
2006-01-19,0.43041606819840006,15.20001432360604,0.1703075317924525
2006-01-20,0.44174280683520006,15.60001470054304,0.17478930894488545
2006-01-21,0.44174280683520006,15.60001470054304,0.17478930894488545
2006-01-22,0.44174280683520006,15.60001470054304,0.17478930894488545
2006-01-23,0.44174280683520006,15.60001470054304,0.17478930894488545
2006-01-24,0.43041606819840006,15.20001432360604,0.1703075317924525
2006-01-25,0.4219210142208001,14.90001404090329,0.1669461989281278
2006-01-26,0.4162576449024,14.700013852434788,0.16470531035191127
2006-01-27,0.4105942755840001,14.500013663966289,0.1624644217756948
2006-01-28,0.4105942755840001,14.500013663966289,0.1624644217756948
2006-01-29,0.4105942755840001,14.500013663966289,0.1624644217756948
2006-01-30,0.4105942755840001,14.500013663966289,0.1624644217756948
2006-01-31,0.42475269888000006,15.000014135137539,0.168066643216236
2006-02-01,0.4105942755840001,14.500013663966289,0.1624644217756948
2006-02-02,0.4105942755840001,14.500013663966289,0.1624644217756948
2006-02-03,0.4190893295616001,14.80001394666904,0.16582575464001956
2006-02-04,0.4190893295616001,14.80001394666904,0.16582575464001956
2006-02-05,0.4049309062656001,14.300013475497789,0.16022353319947832
2006-02-06,0.3992675369472001,14.100013287029288,0.15798264462326186
2006-02-07,0.3992675369472001,14.100013287029288,0.15798264462326186
2006-02-08,0.3992675369472001,14.100013287029288,0.15798264462326186
2006-02-09,0.3907724829696001,13.800013004326537,0.15462131175893715
2006-02-10,0.3907724829696001,13.800013004326537,0.15462131175893715
2006-02-11,0.4049309062656001,14.300013475497789,0.16022353319947832
2006-02-12,0.4049309062656001,14.300013475497789,0.16022353319947832
2006-02-13,0.4049309062656001,14.300013475497789,0.16022353319947832
2006-02-14,0.3992675369472001,14.100013287029288,0.15798264462326186
2006-02-15,0.3907724829696001,13.800013004326537,0.15462131175893715
2006-02-16,0.38510911365120004,13.600012815858035,0.15238042318272066
2006-02-17,0.3794457443328001,13.400012627389536,0.1501395346065042
2006-02-18,0.3794457443328001,13.400012627389536,0.1501395346065042
2006-02-19,0.3794457443328001,13.400012627389536,0.1501395346065042
2006-02-20,0.3794457443328001,13.400012627389536,0.1501395346065042
2006-02-21,0.36811900569600003,13.000012250452533,0.1456577574540712
2006-02-22,0.37378237501440004,13.200012438921034,0.14789864603028768
2006-02-23,0.37378237501440004,13.200012438921034,0.14789864603028768
2006-02-24,0.37378237501440004,13.200012438921034,0.14789864603028768
2006-02-25,0.36528732103680006,12.900012156218283,0.14453731316596297
2006-02-26,0.35962395171840006,12.700011967749782,0.1422964245897465
2006-02-27,0.35962395171840006,12.700011967749782,0.1422964245897465
2006-02-28,0.38510911365120004,13.600012815858035,0.15238042318272066
2006-03-01,0.38510911365120004,13.600012815858035,0.15238042318272066
2006-03-02,0.3907724829696001,13.800013004326537,0.15462131175893715
2006-03-03,0.38510911365120004,13.600012815858035,0.15238042318272066
2006-03-04,0.3794457443328001,13.400012627389536,0.1501395346065042
2006-03-05,0.3907724829696001,13.800013004326537,0.15462131175893715
2006-03-06,0.3907724829696001,13.800013004326537,0.15462131175893715
2006-03-07,0.3907724829696001,13.800013004326537,0.15462131175893715
2006-03-08,0.3907724829696001,13.800013004326537,0.15462131175893715
2006-03-09,0.38510911365120004,13.600012815858035,0.15238042318272066
2006-03-10,0.38510911365120004,13.600012815858035,0.15238042318272066
2006-03-11,0.38510911365120004,13.600012815858035,0.15238042318272066
2006-03-12,0.38510911365120004,13.600012815858035,0.15238042318272066
2006-03-13,0.3794457443328001,13.400012627389536,0.1501395346065042
2006-03-14,0.3794457443328001,13.400012627389536,0.1501395346065042
2006-03-15,0.3794457443328001,13.400012627389536,0.1501395346065042
2006-03-16,0.3794457443328001,13.400012627389536,0.1501395346065042
2006-03-17,0.3794457443328001,13.400012627389536,0.1501395346065042
2006-03-18,0.3794457443328001,13.400012627389536,0.1501395346065042
2006-03-19,0.3907724829696001,13.800013004326537,0.15462131175893715
2006-03-20,0.3907724829696001,13.800013004326537,0.15462131175893715
2006-03-21,0.3907724829696001,13.800013004326537,0.15462131175893715
2006-03-22,0.39643585228800005,14.000013192795036,0.1568622003351536
2006-03-23,0.3907724829696001,13.800013004326537,0.15462131175893715
2006-03-24,0.39643585228800005,14.000013192795036,0.1568622003351536
2006-03-25,0.4105942755840001,14.500013663966289,0.1624644217756948
2006-03-26,0.39643585228800005,14.000013192795036,0.1568622003351536
2006-03-27,0.39643585228800005,14.000013192795036,0.1568622003351536
2006-03-28,0.4049309062656001,14.300013475497789,0.16022353319947832
2006-03-29,0.43041606819840006,15.20001432360604,0.1703075317924525
2006-03-30,0.43041606819840006,15.20001432360604,0.1703075317924525
2006-03-31,0.43041606819840006,15.20001432360604,0.1703075317924525
2006-04-01,0.44174280683520006,15.60001470054304,0.17478930894488545
2006-04-02,0.44174280683520006,15.60001470054304,0.17478930894488545
2006-04-03,0.46722796876800005,16.50001554865129,0.1848733075378596
2006-04-04,0.5351884005888,18.900017810273297,0.21176397045245737
2006-04-05,0.6088122017280001,21.500020260363808,0.24089552194327163
2006-04-06,0.6456241022976001,22.80002148540906,0.25546129768867876
2006-04-07,0.7022577954816002,24.800023370094067,0.2778701834508436
2006-04-08,0.7390696960512001,26.100024595139317,0.29243595919625065
2006-04-09,0.8325152898048,29.400027704869576,0.32941062070382254
2006-04-10,1.0165747926528002,35.90003383009584,0.4022394994308582
2006-04-11,1.2572679886848002,44.40004184000711,0.4974772639200586
2006-04-12,1.6480404716544004,58.20005484433366,0.6520985756789959
2006-04-13,2.109605071104,74.50007020451643,0.8347309946406388
2006-04-14,3.1714868183040004,112.00010554236029,1.2548976026812289
2006-04-15,3.9643585228800005,140.00013192795035,1.5686220033515361
2006-04-16,3.9077248296960008,138.00013004326536,1.5462131175893714
2006-04-17,3.9926753694720007,141.00013287029287,1.5798264462326186
2006-04-18,4.190893295616001,148.0001394666904,1.6582575464001956
2006-04-19,4.105942755840001,145.00013663966288,1.6246442177569484
2006-04-20,3.7944574433280005,134.00012627389535,1.5013953460650415
2006-04-21,4.049309062656,143.00013475497786,1.6022353319947833
2006-04-22,5.0970323865600005,180.00016962165046,2.0167997185948323
2006-04-23,6.852676875264001,242.0002280468856,2.7114751772219408
2006-04-24,7.673865426432001,271.0002553748182,3.0364040207733303
2006-04-25,6.201389403648001,219.00020637300807,2.453772990957046
2006-04-26,5.408517699072001,191.000179987418,2.1400485902867388
2006-04-27,6.314656790016001,223.0002101423781,2.4985907624813755
2006-04-28,7.220795880960001,255.00024029733817,2.857132934676012
2006-04-29,6.088122017280001,215.00020260363806,2.408955219432716
2006-04-30,5.635052471808001,199.00018752615802,2.2296841333353976
2006-05-01,5.550101932032001,196.0001846991305,2.1960708046921504
2006-05-02,6.427924176384001,227.0002139117481,2.543408534005705
2006-05-03,7.702182273024001,272.00025631716073,3.0476084636544134
2006-05-04,7.645548579840002,270.00025443247574,3.0251995778922485
2006-05-05,7.957033892352001,281.0002647982432,3.148448449584155
2006-05-06,7.0225779548160014,248.00023370094067,2.7787018345084356
2006-05-07,6.796043182080001,240.00022616220062,2.689066291459776
2006-05-08,6.796043182080001,240.00022616220062,2.689066291459776
2006-05-09,6.711092642304001,237.0002233351731,2.6554529628165287
2006-05-10,5.946537784320001,210.00019789192555,2.352933005027304
2006-05-11,5.606735625216001,198.00018658381552,2.218479690454316
2006-05-12,5.833270397952001,206.00019412255554,2.3081152335029747
2006-05-13,7.220795880960001,255.00024029733817,2.857132934676012
2006-05-14,8.863172983296002,313.0002949532033,3.5069906217787916
2006-05-15,10.165747926528002,359.00033830095845,4.022394994308582
2006-05-16,12.431095653888002,439.00041368835866,4.918750424795175
2006-05-17,13.960205369856002,493.00046457485377,5.5237903403736235
2006-05-18,14.583175994880003,515.0004853063889,5.770288083757437
2006-05-19,15.092879233536003,533.0005022685539,5.97196805561692
2006-05-20,16.083968864256004,568.0005352505416,6.364123556454804
2006-05-21,17.471494347264002,617.0005814253241,6.913141257627841
2006-05-22,17.669712273408003,624.0005880217216,6.991572357795419
2006-05-23,19.170505142784002,677.0006379658743,7.585407830492786
2006-05-24,15.092879233536003,533.0005022685539,5.97196805561692
2006-05-25,15.829117244928002,559.0005267694589,6.263283570525062
2006-05-26,17.018424801792,601.000566347844,6.733870171530522
2006-05-27,16.310503636992003,576.0005427892816,6.453759099503463
2006-05-28,14.356641222144003,507.0004777676488,5.680652540708778
2006-05-29,11.355055483392002,401.00037787934355,4.492981595314043
2006-05-30,9.202975142400001,325.00030626131337,3.6414439363517803
2006-05-31,8.948123523072,316.0002977802308,3.5406039504220383
2006-06-01,9.627727841280002,340.0003203964509,3.8095105795680166
2006-06-02,10.675451165184002,377.0003552631235,4.224074966168065
2006-06-03,11.326738636800002,400.000376937001,4.481777152432961
2006-06-04,11.270104943616001,398.00037505231603,4.459368266670795
2006-06-05,11.949709261824001,422.0003976685361,4.7282748958167735
2006-06-06,11.921392415232003,421.0003967261936,4.717070452935691
2006-06-07,11.978026108416001,423.00039861087856,4.739479338697856
2006-06-08,11.383372329984002,402.00037882168607,4.504186038195125
2006-06-09,10.732084858368001,379.0003571478085,4.24648385193023
2006-06-10,9.372876221952001,331.00031191536834,3.7086705936382747
2006-06-11,9.004757216256001,318.0002996649158,3.5630128361842037
2006-06-12,8.495053977600001,300.0002827027508,3.3613328643247202
2006-06-13,8.041984432128002,284.0002676252708,3.182061778227402
2006-06-14,8.013667585536002,283.00026668292827,3.1708573353463194
2006-06-15,7.730499119616002,273.0002572595032,3.0588129065354956
2006-06-16,6.258023096832001,221.00020825769306,2.4761818767192105
2006-06-17,5.295250312704001,187.00017621804798,2.095230818762409
2006-06-18,5.323567159296001,188.0001771603905,2.1064352616434916
2006-06-19,5.436834545664,192.0001809297605,2.1512530331678206
2006-06-20,5.210299772928001,184.00017339102047,2.0616174901191617
2006-06-21,4.898814460416001,173.00016302525296,1.9383686184272555
2006-06-22,4.643962841088,164.0001545441704,1.8375286324975137
2006-06-23,4.38911122176,155.0001460630879,1.736688646567772
2006-06-24,4.134259602432,146.00013758200538,1.6358486606380305
2006-06-25,3.9077248296960008,138.00013004326536,1.5462131175893714
2006-06-26,3.6528732103680004,129.00012156218284,1.4453731316596297
2006-06-27,3.4546552842240006,122.00011496578531,1.366942031492053
2006-06-28,3.2564373580800003,115.00010836938779,1.288510931324476
2006-06-29,3.1148531251200007,110.0001036576753,1.2324887169190641
2006-06-30,2.9166351989760004,103.00009706127777,1.1540576167514873
2006-07-01,2.8316846592000005,100.00009423425026,1.1204442881082401
2006-07-02,2.7835460199936004,98.300092632268,1.1013967352104
2006-07-03,3.1431699717120005,111.00010460001779,1.2436931598001466
2006-07-04,3.1714868183040004,112.00010554236029,1.2548976026812289
2006-07-05,2.6532885256704004,93.7000882974925,1.049856297957421
2006-07-06,2.7807143353344004,98.20009253803376,1.1002762909222918
2006-07-07,2.4975458694144006,88.20008311460873,0.988231862111468
2006-07-08,2.5853280938496,91.30008603587048,1.0229656350428231
2006-07-09,3.3130710512640005,117.00011025407281,1.3109198170866407
2006-07-10,3.3697047444480006,119.00011213875781,1.333328702848806
2006-07-11,2.7410707501056004,96.80009121875425,1.0845900708887763
2006-07-12,2.2426942500864,79.2000746335262,0.8873918761817262
2006-07-13,1.9340406222336002,68.30006436199292,0.765263448777928
2006-07-14,1.6933474262016002,59.800056352081654,0.6700256842887276
2006-07-15,1.5347730852864003,54.200051074963646,0.6072808041546661
2006-07-16,1.4356641222144002,50.70004777676488,0.5680652540708777
2006-07-17,1.3422185284608001,47.40004466703462,0.5310905925633057
2006-07-18,1.2232877727744003,43.20004070919612,0.4840319324627597
2006-07-19,1.1723174489088002,41.40003901297961,0.46386393527681136
2006-07-20,1.5545948779008,54.90005173460339,0.6151239141714238
2006-07-21,1.3280601051648002,46.90004419586337,0.5254883711227646
2006-07-22,1.1241788097024001,39.70003741099735,0.4448163823789713
2006-07-23,1.0052480540160003,35.50003345315885,0.39775772227842526
2006-07-24,0.9316242528768001,32.900031003068335,0.368626170787611
2006-07-25,0.9287925682176,32.80003090883408,0.36750572649950275
2006-07-26,1.1893075568640001,42.000039578385106,0.4705866010054608
2006-07-27,1.3308917898240002,47.00004429009763,0.5266088154108729
2006-07-28,1.0392282699264002,36.700034583969845,0.41120305373572413
2006-07-29,0.8976440369664002,31.700029872257332,0.35518083933031214
2006-07-30,0.8919806676480001,31.50002968378883,0.3529399507540956
2006-07-31,0.8410103437824001,29.700027987572327,0.33277195356814726
2006-08-01,1.1298421790208002,39.900037599465854,0.4470572709551878
2006-08-02,1.033564900608,36.500034395501345,0.4089621651595076
2006-08-03,0.8863172983296002,31.30002949532033,0.35069906217787916
2006-08-04,0.8410103437824001,29.700027987572327,0.33277195356814726
2006-08-05,0.8211885511680002,29.000027327932578,0.3249288435513896
2006-08-06,0.7532281193472001,26.60002506631057,0.2980381806367919
2006-08-07,0.7135845341184001,25.200023747031064,0.2823519606032765
2006-08-08,0.6937627415040001,24.500023087391313,0.2745088505865188
2006-08-09,0.6541191562752001,23.100021768111812,0.2588226305530035
2006-08-10,0.6201389403648001,21.90002063730081,0.24537729909570458
2006-08-11,0.5946537784320001,21.000019789192553,0.2352933005027304
2006-08-12,0.6088122017280001,21.500020260363808,0.24089552194327163
2006-08-13,0.6116438863872001,21.60002035459806,0.24201596623137986
2006-08-14,0.5748319858176001,20.300019129552805,0.22745019048597273
2006-08-15,0.5578418778624,19.7000185641473,0.22072752475732327
2006-08-16,0.7220795880960001,25.50002402973382,0.2857132934676012
2006-08-17,0.6682775795712002,23.600022239283064,0.26442485199354465
2006-08-18,0.6116438863872001,21.60002035459806,0.24201596623137986
2006-08-19,0.6711092642304001,23.70002233351731,0.26554529628165285
2006-08-20,0.6173072557056001,21.800020543066555,0.24425685480759635
2006-08-21,0.5720003011584001,20.20001903531855,0.2263297461978645
2006-08-22,0.5323567159296001,18.80001771603905,0.21064352616434917
2006-08-23,0.5097032386560001,18.00001696216505,0.20167997185948322
2006-08-24,0.49554481536000006,17.500016490993794,0.19607775041894202
2006-08-25,0.5012081846784,17.700016679462294,0.19831863899515847
2006-08-26,0.6116438863872001,21.60002035459806,0.24201596623137986
2006-08-27,0.7135845341184001,25.200023747031064,0.2823519606032765
2006-08-28,0.6342973636608,22.400021108472057,0.2509795205362457
2006-08-29,0.5776636704768,20.40001922378705,0.22857063477408093
2006-08-30,0.5295250312704001,18.700017621804797,0.20952308187624089
2006-08-31,0.49271313070080003,17.400016396759543,0.19495730613083376
2006-09-01,0.4813863920640001,17.000016019822546,0.19047552897840084
2006-09-02,0.4502378608128001,15.900014983245793,0.17815064180921017
2006-09-03,0.43041606819840006,15.20001432360604,0.1703075317924525
2006-09-04,0.4162576449024,14.700013852434788,0.16470531035191127
2006-09-05,0.3992675369472001,14.100013287029288,0.15798264462326186
2006-09-06,0.39643585228800005,14.000013192795036,0.1568622003351536
2006-09-07,0.44740617615360007,15.80001488901154,0.17703019752110194
2006-09-08,0.5578418778624,19.7000185641473,0.22072752475732327
2006-09-09,0.7249112727552002,25.60002412396807,0.28683373775570953
2006-09-10,0.7107528494592001,25.100023652796818,0.2812315163151683
2006-09-11,0.6258023096832002,22.10002082576931,0.2476181876719211
2006-09-12,0.5635052471808001,19.9000187526158,0.22296841333353978
2006-09-13,0.5181982926336001,18.300017244867796,0.20504130472380794
2006-09-14,0.5012081846784,17.700016679462294,0.19831863899515847
2006-09-15,0.5946537784320001,21.000019789192553,0.2352933005027304
2006-09-16,0.6965944261632001,24.600023181625563,0.27562929487462706
2006-09-17,0.7164162187776001,25.300023841265315,0.2834724048913847
2006-09-18,0.6512874716160001,23.00002167387756,0.2577021862648952
2006-09-19,0.6682775795712002,23.600022239283064,0.26442485199354465
2006-09-20,0.6739409488896001,23.80002242775156,0.26666574056976117
2006-09-21,0.8919806676480001,31.50002968378883,0.3529399507540956
2006-09-22,0.9372876221952002,33.10003119153684,0.3708670593638275
2006-09-23,0.9344559375360001,33.00003109730258,0.3697466150757192
2006-09-24,0.8664955057152002,30.600028835680583,0.3428559521611215
2006-09-25,0.9542777301504002,33.70003175694234,0.37758972509247696
2006-09-26,1.0194064773120002,36.0000339243301,0.40335994371896644
2006-09-27,1.0703768011776,37.800035620546595,0.42352794090491475
2006-09-28,1.0958619631104003,38.70003646865486,0.43361193949788895
2006-09-29,1.1440006023168001,40.4000380706371,0.452659492395729
2006-09-30,1.1468322869760001,40.500038164871356,0.45377993668383726
2006-10-01,1.1015253324288001,38.90003665712335,0.43585282807410536
2006-10-02,1.0080797386752003,35.600033547393096,0.3988781665665336
2006-10-03,1.1496639716352002,40.60003825910561,0.45490038097194546
2006-10-04,1.2912482045952003,45.60004297081812,0.5109225953773575
2006-10-05,1.1921392415232002,42.10003967261936,0.47170704529356905
2006-10-06,1.2402778807296002,43.80004127460162,0.49075459819140915
2006-10-07,1.2261194574336,43.300040803430356,0.4851523767508679
2006-10-08,1.160990710272,41.0000386360426,0.45938215812437844
2006-10-09,1.0420599545856,36.80003467820409,0.4123234980238323
2006-10-10,0.9769312074240002,34.50003251081634,0.38655327939734285
2006-10-11,0.9259608835584002,32.70003081459984,0.36638528221139455
2006-10-12,0.8410103437824001,29.700027987572327,0.33277195356814726
2006-10-13,0.7985350738944001,28.200026574058576,0.31596528924652373
2006-10-14,0.7957033892352001,28.100026479824322,0.31484484495841547
2006-10-15,0.8919806676480001,31.50002968378883,0.3529399507540956
2006-10-16,0.9146341449216001,32.30003043766283,0.36190350505896157
2006-10-17,0.8834856136704001,31.20002940108608,0.3495786178897709
2006-10-18,0.8834856136704001,31.20002940108608,0.3495786178897709
2006-10-19,0.7815449659392002,27.600026008653074,0.3092426235178743
2006-10-20,0.7957033892352001,28.100026479824322,0.31484484495841547
2006-10-21,0.8126934971904001,28.700027045229824,0.3215675106870649
2006-10-22,0.7617231733248001,26.90002534901332,0.3013995135011166
2006-10-23,0.7022577954816002,24.800023370094067,0.2778701834508436
2006-10-24,0.7843766505984001,27.70002610288732,0.3103630678059825
2006-10-25,0.7872083352576001,27.800026197121575,0.31148351209409075
2006-10-26,0.7928717045760001,28.000026385590072,0.3137244006703072
2006-10-27,0.7362380113920001,26.000024500905067,0.2913155149081424
2006-10-28,0.7758815966208,27.400025820184567,0.3070017349416578
2006-10-29,0.7560598040064,26.70002516054482,0.2991586249249001
2006-10-30,0.7362380113920001,26.000024500905067,0.2913155149081424
2006-10-31,0.7022577954816002,24.800023370094067,0.2778701834508436
2006-11-01,0.6626142102528001,23.40002205081456,0.2621839634173282
2006-11-02,0.6399607329792001,22.600021296940557,0.25322040911246224
2006-11-03,0.6569508409344,23.20002186234606,0.2599430748411117
2006-11-04,0.6258023096832002,22.10002082576931,0.2476181876719211
2006-11-05,0.5946537784320001,21.000019789192553,0.2352933005027304
2006-11-06,0.6003171477504,21.200019977661054,0.23753418907894688
2006-11-07,0.6088122017280001,21.500020260363808,0.24089552194327163
2006-11-08,0.6116438863872001,21.60002035459806,0.24201596623137986
2006-11-09,0.6059805170688001,21.400020166129554,0.23977507765516337
2006-11-10,0.6003171477504,21.200019977661054,0.23753418907894688
2006-11-11,0.5889904091136001,20.800019600724056,0.23305241192651396
2006-11-12,0.5918220937728,20.900019694958303,0.23417285621462217
2006-11-13,0.5833270397952002,20.600019412255556,0.23081152335029748
2006-11-14,0.5974854630912001,21.100019883426807,0.23641374479083868
2006-11-15,0.5889904091136001,20.800019600724056,0.23305241192651396
2006-11-16,0.5918220937728,20.900019694958303,0.23417285621462217
2006-11-17,0.5918220937728,20.900019694958303,0.23417285621462217
2006-11-18,0.5889904091136001,20.800019600724056,0.23305241192651396
2006-11-19,0.5861587244544001,20.700019506489806,0.23193196763840568
2006-11-20,0.580495355136,20.5000193180213,0.22969107906218922
2006-11-21,0.5720003011584001,20.20001903531855,0.2263297461978645
2006-11-22,0.5720003011584001,20.20001903531855,0.2263297461978645
2006-11-23,0.5691686164992001,20.100018941084304,0.2252093019097563
2006-11-24,0.5521785085440001,19.5000183756788,0.21848663618110684
2006-11-25,0.538020085248,19.000017904507548,0.2128844147405656
2006-11-26,0.5465151392256001,19.300018187210302,0.21624574760489035
2006-11-27,0.5408517699072001,19.100017998741798,0.21400485902867383
2006-11-28,0.5408517699072001,19.100017998741798,0.21400485902867383
2006-11-29,0.5351884005888,18.900017810273297,0.21176397045245737
2006-11-30,0.538020085248,19.000017904507548,0.2128844147405656
2006-12-01,0.5861587244544001,20.700019506489806,0.23193196763840568
2006-12-02,0.5521785085440001,19.5000183756788,0.21848663618110684
2006-12-03,0.5323567159296001,18.80001771603905,0.21064352616434917
2006-12-04,0.5606735625216,19.80001865838155,0.22184796904543155
2006-12-05,0.5861587244544001,20.700019506489806,0.23193196763840568
2006-12-06,0.5606735625216,19.80001865838155,0.22184796904543155
2006-12-07,0.5606735625216,19.80001865838155,0.22184796904543155
2006-12-08,0.5918220937728,20.900019694958303,0.23417285621462217
2006-12-09,0.5946537784320001,21.000019789192553,0.2352933005027304
2006-12-10,0.5889904091136001,20.800019600724056,0.23305241192651396
2006-12-11,0.580495355136,20.5000193180213,0.22969107906218922
2006-12-12,0.5691686164992001,20.100018941084304,0.2252093019097563
2006-12-13,0.5691686164992001,20.100018941084304,0.2252093019097563
2006-12-14,0.5606735625216,19.80001865838155,0.22184796904543155
2006-12-15,0.5578418778624,19.7000185641473,0.22072752475732327
2006-12-16,0.5436834545664001,19.20001809297605,0.21512530331678212
2006-12-17,0.5408517699072001,19.100017998741798,0.21400485902867383
2006-12-18,0.5351884005888,18.900017810273297,0.21176397045245737
2006-12-19,0.5323567159296001,18.80001771603905,0.21064352616434917
2006-12-20,0.5210299772928,18.400017339102046,0.20616174901191614
2006-12-21,0.5238616619520001,18.5000174333363,0.20728219330002445
2006-12-22,0.5181982926336001,18.300017244867796,0.20504130472380794
2006-12-23,0.5181982926336001,18.300017244867796,0.20504130472380794
2006-12-24,0.538020085248,19.000017904507548,0.2128844147405656
2006-12-25,0.538020085248,19.000017904507548,0.2128844147405656
2006-12-26,0.5351884005888,18.900017810273297,0.21176397045245737
2006-12-27,0.5351884005888,18.900017810273297,0.21176397045245737
2006-12-28,0.5323567159296001,18.80001771603905,0.21064352616434917
2006-12-29,0.5266933466112002,18.60001752757055,0.20840263758813268
2006-12-30,0.5210299772928,18.400017339102046,0.20616174901191614
2006-12-31,0.5295250312704001,18.700017621804797,0.20952308187624089
2007-01-01,0.5266933466112002,18.60001752757055,0.20840263758813268
2007-01-02,0.5266933466112002,18.60001752757055,0.20840263758813268
2007-01-03,0.5210299772928,18.400017339102046,0.20616174901191614
2007-01-04,0.5125349233152001,18.1000170563993,0.2028004161475915
2007-01-05,0.5210299772928,18.400017339102046,0.20616174901191614
2007-01-06,0.5181982926336001,18.300017244867796,0.20504130472380794
2007-01-07,0.5125349233152001,18.1000170563993,0.2028004161475915
2007-01-08,0.5040398693376001,17.800016773696548,0.1994390832832668
2007-01-09,0.5040398693376001,17.800016773696548,0.1994390832832668
2007-01-10,0.49837650001920014,17.600016585228047,0.1971981947070503
2007-01-11,0.49837650001920014,17.600016585228047,0.1971981947070503
2007-01-12,0.49837650001920014,17.600016585228047,0.1971981947070503
2007-01-13,0.49837650001920014,17.600016585228047,0.1971981947070503
2007-01-14,0.49554481536000006,17.500016490993794,0.19607775041894202
2007-01-15,0.4502378608128001,15.900014983245793,0.17815064180921017
2007-01-16,0.45873291479040007,16.200015265948544,0.1815119746735349
2007-01-17,0.4643962841088,16.40001545441704,0.18375286324975137
2007-01-18,0.4870497613824,17.200016208291043,0.19271641755461727
2007-01-19,0.4842180767232001,17.100016114056796,0.19159597326650907
2007-01-20,0.4842180767232001,17.100016114056796,0.19159597326650907
2007-01-21,0.47855470740480005,16.900015925588292,0.18935508469029255
2007-01-22,0.47005965342720013,16.600015642885545,0.1859937518259679
2007-01-23,0.46722796876800005,16.50001554865129,0.1848733075378596
2007-01-24,0.45873291479040007,16.200015265948544,0.1815119746735349
2007-01-25,0.45306954547200007,16.000015077480043,0.17927108609731843
2007-01-26,0.45873291479040007,16.200015265948544,0.1815119746735349
2007-01-27,0.45306954547200007,16.000015077480043,0.17927108609731843
2007-01-28,0.45306954547200007,16.000015077480043,0.17927108609731843
2007-01-29,0.45873291479040007,16.200015265948544,0.1815119746735349
2007-01-30,0.45306954547200007,16.000015077480043,0.17927108609731843
2007-01-31,0.45306954547200007,16.000015077480043,0.17927108609731843
2007-02-01,0.4559012301312001,16.100015171714293,0.18039153038542666
2007-02-02,0.45306954547200007,16.000015077480043,0.17927108609731843
2007-02-03,0.45306954547200007,16.000015077480043,0.17927108609731843
2007-02-04,0.45306954547200007,16.000015077480043,0.17927108609731843
2007-02-05,0.45873291479040007,16.200015265948544,0.1815119746735349
2007-02-06,0.4643962841088,16.40001545441704,0.18375286324975137
2007-02-07,0.45873291479040007,16.200015265948544,0.1815119746735349
2007-02-08,0.45873291479040007,16.200015265948544,0.1815119746735349
2007-02-09,0.45306954547200007,16.000015077480043,0.17927108609731843
2007-02-10,0.45306954547200007,16.000015077480043,0.17927108609731843
2007-02-11,0.45306954547200007,16.000015077480043,0.17927108609731843
2007-02-12,0.4502378608128001,15.900014983245793,0.17815064180921017
2007-02-13,0.4502378608128001,15.900014983245793,0.17815064180921017
2007-02-14,0.44457449149440004,15.70001479477729,0.17590975323299368
2007-02-15,0.44174280683520006,15.60001470054304,0.17478930894488545
2007-02-16,0.44457449149440004,15.70001479477729,0.17590975323299368
2007-02-17,0.44740617615360007,15.80001488901154,0.17703019752110194
2007-02-18,0.4615645994496001,16.300015360182794,0.18263241896164314
2007-02-19,0.47005965342720013,16.600015642885545,0.1859937518259679
2007-02-20,0.47005965342720013,16.600015642885545,0.1859937518259679
2007-02-21,0.4757230227456001,16.800015831354045,0.18823464040218432
2007-02-22,0.49271313070080003,17.400016396759543,0.19495730613083376
2007-02-23,0.4898814460416001,17.300016302525297,0.19383686184272556
2007-02-24,0.4813863920640001,17.000016019822546,0.19047552897840084
2007-02-25,0.47005965342720013,16.600015642885545,0.1859937518259679
2007-02-26,0.5040398693376001,17.800016773696548,0.1994390832832668
2007-02-27,0.5012081846784,17.700016679462294,0.19831863899515847
2007-02-28,0.5012081846784,17.700016679462294,0.19831863899515847
2007-03-01,0.4842180767232001,17.100016114056796,0.19159597326650907
2007-03-02,0.45306954547200007,16.000015077480043,0.17927108609731843
2007-03-03,0.4898814460416001,17.300016302525297,0.19383686184272556
2007-03-04,0.5889904091136001,20.800019600724056,0.23305241192651396
2007-03-05,0.6399607329792001,22.600021296940557,0.25322040911246224
2007-03-06,0.6144755710464,21.700020448832305,0.2431364105194881
2007-03-07,0.6059805170688001,21.400020166129554,0.23977507765516337
2007-03-08,0.6286339943424001,22.200020920003556,0.2487386319600293
2007-03-09,0.6994261108224001,24.700023275859817,0.2767497391627353
2007-03-10,0.6994261108224001,24.700023275859817,0.2767497391627353
2007-03-11,0.6909310568448,24.400022993157062,0.2733884062984106
2007-03-12,0.7192479034368001,25.400023935499565,0.284592849179493
2007-03-13,0.7503964346880001,26.500024972076318,0.2969177363486836
2007-03-14,0.7503964346880001,26.500024972076318,0.2969177363486836
2007-03-15,0.8325152898048,29.400027704869576,0.32941062070382254
2007-03-16,0.8551687670784001,30.200028458743578,0.3383741750086885
2007-03-17,0.8551687670784001,30.200028458743578,0.3383741750086885
2007-03-18,0.9344559375360001,33.00003109730258,0.3697466150757192
2007-03-19,0.9769312074240002,34.50003251081634,0.38655327939734285
2007-03-20,1.0788718551552001,38.10003590324935,0.42688927376923946
2007-03-21,1.0873669091328002,38.4000361859521,0.43025060663356424
2007-03-22,1.1411689176576,40.300037976402855,0.45153904810762074
2007-03-23,1.2006342955008,42.40003995532211,0.47506837815789377
2007-03-24,1.2516046193664003,44.20004165153862,0.4952363753438422
2007-03-25,1.2827531506176002,45.30004268811537,0.5075612625130328
2007-03-26,1.3025749432320002,46.00004334775512,0.5154043725297904
2007-03-27,1.3450502131200002,47.500044761268875,0.532211036851414
2007-03-28,1.4554859148288002,51.40004843640463,0.5759083640876355
2007-03-29,1.4384958068736002,50.80004787099913,0.569185698358986
2007-03-30,1.4158423296000002,50.00004711712513,0.5602221440541201
2007-03-31,1.4158423296000002,50.00004711712513,0.5602221440541201
2007-04-01,1.3988522216448003,49.40004655171963,0.5534994783254706
2007-04-02,1.4328324375552002,50.60004768253063,0.5669448097827694
2007-04-03,1.4328324375552002,50.60004768253063,0.5669448097827694
2007-04-04,1.4328324375552002,50.60004768253063,0.5669448097827694
2007-04-05,1.5376047699456001,54.300051169197886,0.6084012484427743
2007-04-06,1.6083968864256002,56.800053525054146,0.6364123556454804
2007-04-07,1.6310503636992002,57.60005427892815,0.6453759099503463
2007-04-08,1.7131692188160001,60.5000570117214,0.6778687943054852
2007-04-09,1.7556444887040004,62.00005842523517,0.6946754586271089
2007-04-10,2.1237634944000003,75.0000706756877,0.8403332160811801
2007-04-11,1.7329910114304004,61.200057671361165,0.685711904322243
2007-04-12,1.5715849858560003,55.500052300008896,0.6218465799000733
2007-04-13,1.4243373835776,50.300047399827875,0.5635834769184448
2007-04-14,1.3365551591424003,47.20004447856613,0.5288497039870893
2007-04-15,1.4384958068736002,50.80004787099913,0.569185698358986
2007-04-16,1.7811296506368002,62.90005927334341,0.704759457220083
2007-04-17,2.1464169716736,75.8000714295617,0.8492967703860459
2007-04-18,2.1973872955392,77.6000731257782,0.8694647675719942
2007-04-19,2.3078229972480004,81.50007680091396,0.9131620948082156
2007-04-20,2.4579022841856,86.80008179532922,0.9725456420779524
2007-04-21,2.6646152643072,94.10008867442949,1.054338075109854
2007-04-22,2.7212489574912,96.10009055911449,1.0767469608720186
2007-04-23,2.6872687415808008,94.90008942830352,1.06330162941472
2007-04-24,2.7637242273792,97.60009197262825,1.0935536251936424
2007-04-25,2.5003775540736,88.30008320884298,0.9893523063995758
2007-04-26,2.4862191307776005,87.80008273767173,0.9837500849590348
2007-04-27,2.6731103182848006,94.40008895713225,1.0576994079741786
2007-04-28,3.5396058240000006,125.00011779281283,1.4005553601353002
2007-04-29,5.238616619520001,185.000174333363,2.0728219330002444
2007-04-30,6.9376274150400015,245.00023087391315,2.7450885058651884
2007-05-01,7.305746420736001,258.0002431243657,2.8907462633192593
2007-05-02,8.466737131008001,299.00028176040826,3.3501284214436375
2007-05-03,9.316242528768,329.00031003068335,3.6862617078761097
2007-05-04,8.381786591232002,296.0002789333808,3.3165150928003913
2007-05-05,6.569508409344001,232.00021862346063,2.599430748411117
2007-05-06,5.408517699072001,191.000179987418,2.1400485902867388
2007-05-07,4.643962841088,164.0001545441704,1.8375286324975137
2007-05-08,4.275843835392001,151.00014229371791,1.6918708750434428
2007-05-09,4.559012301312,161.0001517171429,1.8039153038542663
2007-05-10,5.238616619520001,185.000174333363,2.0728219330002444
2007-05-11,6.9376274150400015,245.00023087391315,2.7450885058651884
2007-05-12,9.202975142400001,325.00030626131337,3.6414439363517803
2007-05-13,10.675451165184002,377.0003552631235,4.224074966168065
2007-05-14,11.043570170880002,390.00036751357607,4.369732723622137
2007-05-15,11.298421790208002,399.00037599465855,4.4705727095518775
2007-05-16,12.006342955008002,424.0003995532211,4.750683781578938
2007-05-17,11.723174489088002,414.0003901297961,4.638639352768114
2007-05-18,11.043570170880002,390.00036751357607,4.369732723622137
2007-05-19,11.581590256128,409.0003854180835,4.582617138362702
2007-05-20,11.949709261824001,422.0003976685361,4.7282748958167735
2007-05-21,11.524956562944002,407.0003835333986,4.560208252600537
2007-05-22,10.448916392448002,369.00034772438346,4.134439423119407
2007-05-23,8.410103437824,297.00027987572327,3.327719535681473
2007-05-24,6.626142102528001,234.00022050814562,2.6218396341732815
2007-05-25,5.663369318400001,200.0001884685005,2.2408885762164803
2007-05-26,5.833270397952001,206.00019412255554,2.3081152335029747
2007-05-27,6.654458949120001,235.0002214504881,2.633044077054364
2007-05-28,7.9853507389440015,282.00026574058575,3.159652892465237
2007-05-29,8.976440369664001,317.0002987225733,3.551808393303121
2007-05-30,7.447330653696001,263.0002478360782,2.9467684777246714
2007-05-31,6.286339943424001,222.00020920003558,2.487386319600293
2007-06-01,5.833270397952001,206.00019412255554,2.3081152335029747
2007-06-02,5.635052471808001,199.00018752615802,2.2296841333353976
2007-06-03,6.399607329792001,226.0002129694056,2.5322040911246226
2007-06-04,6.739409488896001,238.00022427751563,2.666657405697612
2007-06-05,7.645548579840002,270.00025443247574,3.0251995778922485
2007-06-06,8.693271903744002,307.00028929914833,3.4397639644922973
2007-06-07,6.852676875264001,242.0002280468856,2.7114751772219408
2007-06-08,5.550101932032001,196.0001846991305,2.1960708046921504
2007-06-09,5.380200852480001,190.0001790450755,2.128844147405656
2007-06-10,6.173072557056001,218.00020543066557,2.4425685480759634
2007-06-11,6.909310568448001,244.00022993157063,2.733884062984106
2007-06-12,8.580004517376,303.00028552977824,3.3949461929679674
2007-06-13,8.098618125312,286.00026950995573,3.2044706639895666
2007-06-14,7.362380113920001,260.0002450090507,2.9131551490814243
2007-06-15,7.079211648000001,250.00023558562566,2.8011107202706005
2007-06-16,7.617231733248001,269.0002534901332,3.013995135011166
2007-06-17,7.8154496593920015,276.0002600865307,3.092426235178743
2007-06-18,8.013667585536002,283.00026668292827,3.1708573353463194
2007-06-19,6.541191562752001,231.0002176811181,2.5882263055300347
2007-06-20,5.833270397952001,206.00019412255554,2.3081152335029747
2007-06-21,5.493468238848001,194.0001828144455,2.173661918929986
2007-06-22,5.0970323865600005,180.00016962165046,2.0167997185948323
2007-06-23,4.870497613824001,172.00016208291046,1.927164175546173
2007-06-24,4.700596534272001,166.00015642885543,1.8599375182596787
2007-06-25,4.559012301312,161.0001517171429,1.8039153038542663
2007-06-26,4.275843835392001,151.00014229371791,1.6918708750434428
2007-06-27,3.7378237501440004,132.00012438921033,1.4789864603028768
2007-06-28,3.5112889774080007,124.00011685047033,1.3893509172542178
2007-06-29,3.2281205114880005,114.0001074270453,1.2773064884433938
2007-06-30,3.0582194319360005,108.00010177299029,1.2100798311568994
2007-07-01,2.8600015057920003,101.00009517659277,1.1316487309893224
2007-07-02,2.6391301023744003,93.20008782632124,1.0442540765168797
2007-07-03,2.4041002756608005,84.90008000487848,0.951257200603896
2007-07-04,2.2087140341760003,78.0000735027152,0.8739465447244273
2007-07-05,2.1124367557632002,74.6000702987507,0.835851438928747
2007-07-06,1.9651891534848005,69.4000653985697,0.7775883359471187
2007-07-07,1.8575851364352,65.60006181766816,0.7350114529990055
2007-07-08,1.7839613352960002,63.00005936757766,0.7058799015081912
2007-07-09,1.6140602557440002,57.00005371352265,0.6386532442216969
2007-07-10,1.4639809688064003,51.700048719107386,0.5792696969519602
2007-07-11,1.4243373835776,50.300047399827875,0.5635834769184448
2007-07-12,1.5007928693760002,53.000049944152636,0.5938354726973673
2007-07-13,1.5970701477888003,56.40005314811715,0.6319305784930475
2007-07-14,1.3280601051648002,46.90004419586337,0.5254883711227646
2007-07-15,1.2346145114112002,43.60004108613311,0.4885137096151927
2007-07-16,1.160990710272,41.0000386360426,0.45938215812437844
2007-07-17,1.1015253324288001,38.90003665712335,0.43585282807410536
2007-07-18,1.1411689176576,40.300037976402855,0.45153904810762074
2007-07-19,1.2742580966400001,45.000042405412614,0.5041999296487081
2007-07-20,1.4922978153984003,52.70004966144989,0.5904741398330426
2007-07-21,1.3393868438016001,47.30004457280037,0.5299701482751975
2007-07-22,1.2176244034560002,43.000040520727616,0.48179104388654326
2007-07-23,1.1383372329984003,40.20003788216861,0.4504186038195126
2007-07-24,1.0562183778816001,37.30003514937535,0.4179257194643735
2007-07-25,1.1043570170880002,39.0000367513576,0.43697327236221367
2007-07-26,1.5092879233536,53.30005022685538,0.5971968055616919
2007-07-27,1.4781393921024002,52.200049190278634,0.5848719183925013
2007-07-28,1.3393868438016001,47.30004457280037,0.5299701482751975
2007-07-29,1.076040170496,38.000035809015095,0.4257688294811312
2007-07-30,0.9344559375360001,33.00003109730258,0.3697466150757192
2007-07-31,0.8495053977600001,30.000028270275077,0.336133286432472
2007-08-01,0.8070301278720001,28.500026856761323,0.31932662211084845
2007-08-02,0.7617231733248001,26.90002534901332,0.3013995135011166
2007-08-03,0.8070301278720001,28.500026856761323,0.31932662211084845
2007-08-04,0.7928717045760001,28.000026385590072,0.3137244006703072
2007-08-05,0.8466737131008001,29.900028176040827,0.3350128421443638
2007-08-06,1.5347730852864003,54.200051074963646,0.6072808041546661
2007-08-07,1.3846937983488001,48.90004608054837,0.5478972568849294
2007-08-08,1.2232877727744003,43.20004070919612,0.4840319324627597
2007-08-09,0.9599410994688001,33.90003194541084,0.37983061366869336
2007-08-10,0.8211885511680002,29.000027327932578,0.3249288435513896
2007-08-11,0.7475647500288001,26.400024877842068,0.29579729206057537
2007-08-12,0.7050894801408001,24.900023464328314,0.2789906277389518
2007-08-13,0.6824360028672002,24.100022710454315,0.2700270734340859
2007-08-14,0.8353469744640001,29.500027799103826,0.3305310649919308
2007-08-15,0.9231291988992002,32.60003072036559,0.3652648379232863
2007-08-16,0.7758815966208,27.400025820184567,0.3070017349416578
2007-08-17,0.7702182273024001,27.20002563171607,0.3047608463654413
2007-08-18,0.7419013807104001,26.200024689373567,0.2935564034843589
2007-08-19,0.6767726335488,23.90002252198581,0.26778618485786937
2007-08-20,0.6342973636608,22.400021108472057,0.2509795205362457
2007-08-21,0.5861587244544001,20.700019506489806,0.23193196763840568
2007-08-22,0.5493468238848,19.40001828144455,0.21736619189299855
2007-08-23,0.5266933466112002,18.60001752757055,0.20840263758813268
2007-08-24,0.6116438863872001,21.60002035459806,0.24201596623137986
2007-08-25,0.5635052471808001,19.9000187526158,0.22296841333353978
2007-08-26,0.5295250312704001,18.700017621804797,0.20952308187624089
2007-08-27,0.5238616619520001,18.5000174333363,0.20728219330002445
2007-08-28,0.5493468238848,19.40001828144455,0.21736619189299855
2007-08-29,0.5408517699072001,19.100017998741798,0.21400485902867383
2007-08-30,0.5606735625216,19.80001865838155,0.22184796904543155
2007-08-31,0.5295250312704001,18.700017621804797,0.20952308187624089
2007-09-01,0.5153666079744,18.200017150633546,0.2039208604356997
2007-09-02,0.5153666079744,18.200017150633546,0.2039208604356997
2007-09-03,0.47289133808640005,16.70001573711979,0.1871141961140761
2007-09-04,0.45873291479040007,16.200015265948544,0.1815119746735349
2007-09-05,0.4813863920640001,17.000016019822546,0.19047552897840084
2007-09-06,0.7730499119616001,27.30002572595032,0.3058812906535496
2007-09-07,0.6767726335488,23.90002252198581,0.26778618485786937
2007-09-08,0.580495355136,20.5000193180213,0.22969107906218922
2007-09-09,0.5238616619520001,18.5000174333363,0.20728219330002445
2007-09-10,0.5068715539968001,17.900016867930795,0.200559527571375
2007-09-11,0.49554481536000006,17.500016490993794,0.19607775041894202
2007-09-12,0.4842180767232001,17.100016114056796,0.19159597326650907
2007-09-13,0.47005965342720013,16.600015642885545,0.1859937518259679
2007-09-14,0.45306954547200007,16.000015077480043,0.17927108609731843
2007-09-15,0.4842180767232001,17.100016114056796,0.19159597326650907
2007-09-16,0.5068715539968001,17.900016867930795,0.200559527571375
2007-09-17,1.4922978153984003,52.70004966144989,0.5904741398330426
2007-09-18,1.5687533011968002,55.40005220577464,0.620726135611965
2007-09-19,0.9797628920832002,34.60003260505059,0.3876737236854511
2007-09-20,0.7702182273024001,27.20002563171607,0.3047608463654413
2007-09-21,0.6626142102528001,23.40002205081456,0.2621839634173282
2007-09-22,0.6173072557056001,21.800020543066555,0.24425685480759635
2007-09-23,0.6484557869568001,22.900021579643308,0.25658174197678696
2007-09-24,0.8353469744640001,29.500027799103826,0.3305310649919308
2007-09-25,0.9033074062848001,31.900030060725832,0.3574217279065286
2007-09-26,0.8410103437824001,29.700027987572327,0.33277195356814726
2007-09-27,0.7702182273024001,27.20002563171607,0.3047608463654413
2007-09-28,0.7107528494592001,25.100023652796818,0.2812315163151683
2007-09-29,0.7305746420736001,25.800024312436566,0.28907462633192593
2007-09-30,0.7815449659392002,27.600026008653074,0.3092426235178743
2007-10-01,0.8211885511680002,29.000027327932578,0.3249288435513896
2007-10-02,1.1043570170880002,39.0000367513576,0.43697327236221367
2007-10-03,1.1326738636800002,40.00003769370011,0.448177715243296
2007-10-04,0.9627727841280002,34.00003203964509,0.3809510579568017
2007-10-05,0.8778222443520002,31.000029212617584,0.34733772931355444
2007-10-06,0.8211885511680002,29.000027327932578,0.3249288435513896
2007-10-07,0.8013667585536002,28.300026668292826,0.31708573353463193
2007-10-08,0.7673865426432002,27.100025537481823,0.30364040207733306
2007-10-09,0.7475647500288001,26.400024877842068,0.29579729206057537
2007-10-10,0.7390696960512001,26.100024595139317,0.29243595919625065
2007-10-11,0.6824360028672002,24.100022710454315,0.2700270734340859
2007-10-12,0.6427924176384001,22.70002139117481,0.25434085340057055
2007-10-13,0.6229706250240001,22.00002073153506,0.24649774338381283
2007-10-14,0.7532281193472001,26.60002506631057,0.2980381806367919
2007-10-15,0.8098618125312002,28.600026950995577,0.32044706639895665
2007-10-16,0.7957033892352001,28.100026479824322,0.31484484495841547
2007-10-17,0.8438420284416002,29.80002808180658,0.3338923978562556
2007-10-18,0.8495053977600001,30.000028270275077,0.336133286432472
2007-10-19,0.8353469744640001,29.500027799103826,0.3305310649919308
2007-10-20,0.9061390909440001,32.000030154960086,0.35854217219463685
2007-10-21,0.9429509915136001,33.300031380005336,0.3731079479400439
2007-10-22,1.0109114233344003,35.70003364162735,0.3999986108546418
2007-10-23,0.9457826761728001,33.40003147423958,0.3742283922281522
2007-10-24,0.9825945767424002,34.70003269928485,0.38879416797355937
2007-10-25,1.0647134318592002,37.6000354320781,0.42128705232869834
2007-10-26,1.0930302784512003,38.600036374420604,0.4324914952097807
2007-10-27,1.0986936477696,38.8000365628891,0.4347323837859971
2007-10-28,1.0533866932224003,37.2000350551411,0.41680527517626537
2007-10-29,1.0109114233344003,35.70003364162735,0.3999986108546418
2007-10-30,0.9712678381056,34.30003232234783,0.38431239082112634
2007-10-31,0.9967530000384003,35.200033170456095,0.3943963894141006
2007-11-01,0.9401193068544003,33.20003128577109,0.3719875036519358
2007-11-02,0.8466737131008001,29.900028176040827,0.3350128421443638
2007-11-03,0.7815449659392002,27.600026008653074,0.3092426235178743
2007-11-04,0.7815449659392002,27.600026008653074,0.3092426235178743
2007-11-05,0.7532281193472001,26.60002506631057,0.2980381806367919
2007-11-06,0.7673865426432002,27.100025537481823,0.30364040207733306
2007-11-07,0.7475647500288001,26.400024877842068,0.29579729206057537
2007-11-08,0.7249112727552002,25.60002412396807,0.28683373775570953
2007-11-09,0.7249112727552002,25.60002412396807,0.28683373775570953
2007-11-10,0.6626142102528001,23.40002205081456,0.2621839634173282
2007-11-11,0.6484557869568001,22.900021579643308,0.25658174197678696
2007-11-12,0.6484557869568001,22.900021579643308,0.25658174197678696
2007-11-13,0.6286339943424001,22.200020920003556,0.2487386319600293
2007-11-14,0.6286339943424001,22.200020920003556,0.2487386319600293
2007-11-15,0.5493468238848,19.40001828144455,0.21736619189299855
2007-11-16,0.5861587244544001,20.700019506489806,0.23193196763840568
2007-11-17,0.5465151392256001,19.300018187210302,0.21624574760489035
2007-11-18,0.580495355136,20.5000193180213,0.22969107906218922
2007-11-19,0.5776636704768,20.40001922378705,0.22857063477408093
2007-11-20,0.5748319858176001,20.300019129552805,0.22745019048597273
2007-11-21,0.5635052471808001,19.9000187526158,0.22296841333353978
2007-11-22,0.5210299772928,18.400017339102046,0.20616174901191614
2007-11-23,0.5635052471808001,19.9000187526158,0.22296841333353978
2007-11-24,0.5266933466112002,18.60001752757055,0.20840263758813268
2007-11-25,0.5323567159296001,18.80001771603905,0.21064352616434917
2007-11-26,0.538020085248,19.000017904507548,0.2128844147405656
2007-11-27,0.5436834545664001,19.20001809297605,0.21512530331678212
2007-11-28,0.5351884005888,18.900017810273297,0.21176397045245737
2007-11-29,0.5351884005888,18.900017810273297,0.21176397045245737
2007-11-30,0.5663369318400001,20.000018846850054,0.224088857621648
2007-12-01,0.5833270397952002,20.600019412255556,0.23081152335029748
2007-12-02,0.580495355136,20.5000193180213,0.22969107906218922
2007-12-03,0.5861587244544001,20.700019506489806,0.23193196763840568
2007-12-04,0.5946537784320001,21.000019789192553,0.2352933005027304
2007-12-05,0.6144755710464,21.700020448832305,0.2431364105194881
2007-12-06,0.6031488324096002,21.300020071895307,0.23865463336705517
2007-12-07,0.6116438863872001,21.60002035459806,0.24201596623137986
2007-12-08,0.5974854630912001,21.100019883426807,0.23641374479083868
2007-12-09,0.5635052471808001,19.9000187526158,0.22296841333353978
2007-12-10,0.5946537784320001,21.000019789192553,0.2352933005027304
2007-12-11,0.5691686164992001,20.100018941084304,0.2252093019097563
2007-12-12,0.5521785085440001,19.5000183756788,0.21848663618110684
2007-12-13,0.5408517699072001,19.100017998741798,0.21400485902867383
2007-12-14,0.5408517699072001,19.100017998741798,0.21400485902867383
2007-12-15,0.5068715539968001,17.900016867930795,0.200559527571375
2007-12-16,0.5465151392256001,19.300018187210302,0.21624574760489035
2007-12-17,0.5493468238848,19.40001828144455,0.21736619189299855
2007-12-18,0.5436834545664001,19.20001809297605,0.21512530331678212
2007-12-19,0.5436834545664001,19.20001809297605,0.21512530331678212
2007-12-20,0.5210299772928,18.400017339102046,0.20616174901191614
2007-12-21,0.5040398693376001,17.800016773696548,0.1994390832832668
2007-12-22,0.4813863920640001,17.000016019822546,0.19047552897840084
2007-12-23,0.5012081846784,17.700016679462294,0.19831863899515847
2007-12-24,0.5040398693376001,17.800016773696548,0.1994390832832668
2007-12-25,0.5181982926336001,18.300017244867796,0.20504130472380794
2007-12-26,0.5125349233152001,18.1000170563993,0.2028004161475915
2007-12-27,0.5097032386560001,18.00001696216505,0.20167997185948322
2007-12-28,0.49837650001920014,17.600016585228047,0.1971981947070503
2007-12-29,0.5097032386560001,18.00001696216505,0.20167997185948322
2007-12-30,0.5266933466112002,18.60001752757055,0.20840263758813268
2007-12-31,0.49837650001920014,17.600016585228047,0.1971981947070503
2008-01-01,0.47289133808640005,16.70001573711979,0.1871141961140761
2008-01-02,0.4870497613824,17.200016208291043,0.19271641755461727
2008-01-03,0.5040398693376001,17.800016773696548,0.1994390832832668
2008-01-04,0.5465151392256001,19.300018187210302,0.21624574760489035
2008-01-05,0.5635052471808001,19.9000187526158,0.22296841333353978
2008-01-06,0.5125349233152001,18.1000170563993,0.2028004161475915
2008-01-07,0.5068715539968001,17.900016867930795,0.200559527571375
2008-01-08,0.47005965342720013,16.600015642885545,0.1859937518259679
2008-01-09,0.47005965342720013,16.600015642885545,0.1859937518259679
2008-01-10,0.4615645994496001,16.300015360182794,0.18263241896164314
2008-01-11,0.4615645994496001,16.300015360182794,0.18263241896164314
2008-01-12,0.4643962841088,16.40001545441704,0.18375286324975137
2008-01-13,0.44174280683520006,15.60001470054304,0.17478930894488545
2008-01-14,0.4162576449024,14.700013852434788,0.16470531035191127
2008-01-15,0.42475269888000006,15.000014135137539,0.168066643216236
2008-01-16,0.4190893295616001,14.80001394666904,0.16582575464001956
2008-01-17,0.42758438353920003,15.100014229371789,0.16918708750434425
2008-01-18,0.4389111221760001,15.500014606308792,0.17366886465677722
2008-01-19,0.44174280683520006,15.60001470054304,0.17478930894488545
2008-01-20,0.45306954547200007,16.000015077480043,0.17927108609731843
2008-01-21,0.4643962841088,16.40001545441704,0.18375286324975137
2008-01-22,0.4643962841088,16.40001545441704,0.18375286324975137
2008-01-23,0.4559012301312001,16.100015171714293,0.18039153038542666
2008-01-24,0.42758438353920003,15.100014229371789,0.16918708750434425
2008-01-25,0.4502378608128001,15.900014983245793,0.17815064180921017
2008-01-26,0.4615645994496001,16.300015360182794,0.18263241896164314
2008-01-27,0.45306954547200007,16.000015077480043,0.17927108609731843
2008-01-28,0.4643962841088,16.40001545441704,0.18375286324975137
2008-01-29,0.43041606819840006,15.20001432360604,0.1703075317924525
2008-01-30,0.4190893295616001,14.80001394666904,0.16582575464001956
2008-01-31,0.39643585228800005,14.000013192795036,0.1568622003351536
2008-02-01,0.4219210142208001,14.90001404090329,0.1669461989281278
2008-02-02,0.4049309062656001,14.300013475497789,0.16022353319947832
2008-02-03,0.39643585228800005,14.000013192795036,0.1568622003351536
2008-02-04,0.4105942755840001,14.500013663966289,0.1624644217756948
2008-02-05,0.4105942755840001,14.500013663966289,0.1624644217756948
2008-02-06,0.4105942755840001,14.500013663966289,0.1624644217756948
2008-02-07,0.42475269888000006,15.000014135137539,0.168066643216236
2008-02-08,0.4190893295616001,14.80001394666904,0.16582575464001956
2008-02-09,0.43607943751680006,15.40001451207454,0.172548420368669
2008-02-10,0.4389111221760001,15.500014606308792,0.17366886465677722
2008-02-11,0.42758438353920003,15.100014229371789,0.16918708750434425
2008-02-12,0.3992675369472001,14.100013287029288,0.15798264462326186
2008-02-13,0.39643585228800005,14.000013192795036,0.1568622003351536
2008-02-14,0.3992675369472001,14.100013287029288,0.15798264462326186
2008-02-15,0.3907724829696001,13.800013004326537,0.15462131175893715
2008-02-16,0.3992675369472001,14.100013287029288,0.15798264462326186
2008-02-17,0.38510911365120004,13.600012815858035,0.15238042318272066
2008-02-18,0.4162576449024,14.700013852434788,0.16470531035191127
2008-02-19,0.4162576449024,14.700013852434788,0.16470531035191127
2008-02-20,0.41342596024320005,14.600013758200538,0.16358486606380304
2008-02-21,0.3879407983104,13.700012910092283,0.1535008674708289
2008-02-22,0.37095069035520006,13.100012344686784,0.14677820174217945
2008-02-23,0.37095069035520006,13.100012344686784,0.14677820174217945
2008-02-24,0.37378237501440004,13.200012438921034,0.14789864603028768
2008-02-25,0.3794457443328001,13.400012627389536,0.1501395346065042
2008-02-26,0.3879407983104,13.700012910092283,0.1535008674708289
2008-02-27,0.39643585228800005,14.000013192795036,0.1568622003351536
2008-02-28,0.3992675369472001,14.100013287029288,0.15798264462326186
2008-02-29,0.39643585228800005,14.000013192795036,0.1568622003351536
2008-03-01,0.40776259092480005,14.400013569732037,0.16134397748758658
2008-03-02,0.41342596024320005,14.600013758200538,0.16358486606380304
2008-03-03,0.41342596024320005,14.600013758200538,0.16358486606380304
2008-03-04,0.42758438353920003,15.100014229371789,0.16918708750434425
2008-03-05,0.4105942755840001,14.500013663966289,0.1624644217756948
2008-03-06,0.42758438353920003,15.100014229371789,0.16918708750434425
2008-03-07,0.40209922160640005,14.200013381263537,0.1591030889113701
2008-03-08,0.38227742899200007,13.500012721623786,0.15125997889461243
2008-03-09,0.3794457443328001,13.400012627389536,0.1501395346065042
2008-03-10,0.3879407983104,13.700012910092283,0.1535008674708289
2008-03-11,0.3907724829696001,13.800013004326537,0.15462131175893715
2008-03-12,0.38227742899200007,13.500012721623786,0.15125997889461243
2008-03-13,0.3794457443328001,13.400012627389536,0.1501395346065042
2008-03-14,0.39643585228800005,14.000013192795036,0.1568622003351536
2008-03-15,0.3992675369472001,14.100013287029288,0.15798264462326186
2008-03-16,0.4049309062656001,14.300013475497789,0.16022353319947832
2008-03-17,0.3936041676288001,13.900013098560787,0.15574175604704538
2008-03-18,0.3907724829696001,13.800013004326537,0.15462131175893715
2008-03-19,0.39643585228800005,14.000013192795036,0.1568622003351536
2008-03-20,0.3907724829696001,13.800013004326537,0.15462131175893715
2008-03-21,0.38227742899200007,13.500012721623786,0.15125997889461243
2008-03-22,0.38227742899200007,13.500012721623786,0.15125997889461243
2008-03-23,0.3936041676288001,13.900013098560787,0.15574175604704538
2008-03-24,0.3992675369472001,14.100013287029288,0.15798264462326186
2008-03-25,0.3992675369472001,14.100013287029288,0.15798264462326186
2008-03-26,0.41342596024320005,14.600013758200538,0.16358486606380304
2008-03-27,0.4615645994496001,16.300015360182794,0.18263241896164314
2008-03-28,0.4559012301312001,16.100015171714293,0.18039153038542666
2008-03-29,0.4615645994496001,16.300015360182794,0.18263241896164314
2008-03-30,0.5210299772928,18.400017339102046,0.20616174901191614
2008-03-31,0.5351884005888,18.900017810273297,0.21176397045245737
2008-04-01,0.47855470740480005,16.900015925588292,0.18935508469029255
2008-04-02,0.5210299772928,18.400017339102046,0.20616174901191614
2008-04-03,0.5266933466112002,18.60001752757055,0.20840263758813268
2008-04-04,0.5068715539968001,17.900016867930795,0.200559527571375
2008-04-05,0.5181982926336001,18.300017244867796,0.20504130472380794
2008-04-06,0.49271313070080003,17.400016396759543,0.19495730613083376
2008-04-07,0.5012081846784,17.700016679462294,0.19831863899515847
2008-04-08,0.4870497613824,17.200016208291043,0.19271641755461727
2008-04-09,0.49837650001920014,17.600016585228047,0.1971981947070503
2008-04-10,0.5040398693376001,17.800016773696548,0.1994390832832668
2008-04-11,0.4870497613824,17.200016208291043,0.19271641755461727
2008-04-12,0.4813863920640001,17.000016019822546,0.19047552897840084
2008-04-13,0.5465151392256001,19.300018187210302,0.21624574760489035
2008-04-14,0.6059805170688001,21.400020166129554,0.23977507765516337
2008-04-15,0.6852676875264001,24.20002280468856,0.2711475177221941
2008-04-16,0.7192479034368001,25.400023935499565,0.284592849179493
2008-04-17,0.6767726335488,23.90002252198581,0.26778618485786937
2008-04-18,0.7107528494592001,25.100023652796818,0.2812315163151683
2008-04-19,0.8580004517376002,30.30002855297783,0.3394946192967968
2008-04-20,1.0732084858368,37.90003571478085,0.42464838519302295
2008-04-21,1.4101789602816002,49.80004692865663,0.5579812554779036
2008-04-22,2.1265951790592004,75.10007076992194,0.8414536603692884
2008-04-23,3.1148531251200007,110.0001036576753,1.2324887169190641
2008-04-24,3.7378237501440004,132.00012438921033,1.4789864603028768
2008-04-25,3.4829721308160004,123.00011590812781,1.3781464743731355
2008-04-26,2.9732688921600006,105.00009894596278,1.176466502513652
2008-04-27,2.7863777046528004,98.40009272650225,1.1025171794985082
2008-04-28,2.9732688921600006,105.00009894596278,1.176466502513652
2008-04-29,3.5962395171840007,127.00011967749784,1.422964245897465
2008-04-30,4.360794375168001,154.0001451207454,1.72548420368669
2008-05-01,4.7572302274560005,168.00015831354042,1.8823464040218432
2008-05-02,3.8510911365120006,136.00012815858037,1.5238042318272067
2008-05-03,3.3697047444480006,119.00011213875781,1.333328702848806
2008-05-04,3.3413878978560003,118.0001111964153,1.3221242599677232
2008-05-05,3.8510911365120006,136.00012815858037,1.5238042318272067
2008-05-06,5.351884005888,189.00017810273297,2.1176397045245734
2008-05-07,7.164162187776001,253.00023841265315,2.8347240489138477
2008-05-08,9.004757216256001,318.0002996649158,3.5630128361842037
2008-05-09,6.654458949120001,235.0002214504881,2.633044077054364
2008-05-10,6.229706250240001,220.0002073153506,2.4649774338381283
2008-05-11,5.153666079744001,182.00017150633548,2.0392086043569972
2008-05-12,5.720003011584001,202.00019035318553,2.263297461978645
2008-05-13,6.0598051706880005,214.00020166129553,2.397750776551634
2008-05-14,5.068715539968001,179.000168679308,2.00559527571375
2008-05-15,4.700596534272001,166.00015642885543,1.8599375182596787
2008-05-16,4.615645994496001,163.00015360182792,1.8263241896164313
2008-05-17,5.465151392256001,193.00018187210298,2.1624574760489033
2008-05-18,8.466737131008001,299.00028176040826,3.3501284214436375
2008-05-19,12.544363040256002,443.00041745772864,4.963568196319503
2008-05-20,16.735256335872002,591.000556924419,6.6218257427196985
2008-05-21,19.963376847360003,705.0006643514644,7.899132231163092
2008-05-22,18.122781818880004,640.0006030992017,7.170843443892736
2008-05-23,12.487729347072001,441.00041557304365,4.941159310557339
2008-05-24,9.995846846976,353.0003326469034,3.955168337022087
2008-05-25,9.344559375360001,330.0003109730259,3.697466150757192
2008-05-26,10.618817472000002,375.0003533784385,4.201666080405901
2008-05-27,12.317828267520001,435.0004099189886,4.8739326532708445
2008-05-28,14.696443381248002,519.0004890757589,5.815105855281766
2008-05-29,16.338820483584,577.000543731624,6.464963542384545
2008-05-30,16.905157415424004,597.000562578474,6.689052400006194
2008-05-31,17.301593267712004,611.0005757712692,6.845914600341348
2008-06-01,19.000604063232004,671.0006323118192,7.518181173206291
2008-06-02,19.765158921216003,698.0006577550668,7.820701130995516
2008-06-03,19.991693693952,706.0006652938068,7.910336674044174
2008-06-04,17.754662813184,627.0005908487491,7.0251856864386655
2008-06-05,15.829117244928002,559.0005267694589,6.263283570525062
2008-06-06,14.356641222144003,507.0004777676488,5.680652540708778
2008-06-07,14.668126534656002,518.0004881334163,5.803901412400684
2008-06-08,16.338820483584,577.000543731624,6.464963542384545
2008-06-09,12.685947273216001,448.00042216944115,5.019590410724915
2008-06-10,12.374461960704002,437.0004118036736,4.89634153903301
2008-06-11,13.931888523264002,492.00046363251124,5.512585897492542
2008-06-12,10.590500625408001,374.00035243609597,4.190461637524818
2008-06-13,9.146341449216001,323.0003043766283,3.6190350505896154
2008-06-14,9.910896307200002,350.0003298198759,3.9215550083788404
2008-06-15,11.581590256128,409.0003854180835,4.582617138362702
2008-06-16,13.139016818688003,464.00043724692125,5.198861496822234
2008-06-17,13.988522216448002,494.0004655171963,5.534994783254707
2008-06-18,14.441591761920002,510.00048059467633,5.714265869352024
2008-06-19,14.583175994880003,515.0004853063889,5.770288083757437
2008-06-20,13.563769517568002,479.0004513820587,5.36692814003847
2008-06-21,12.629313580032003,446.0004202847562,4.997181524962751
2008-06-22,11.836441875456002,418.0003938991661,4.683457124292444
2008-06-23,11.071887017472001,391.0003684559185,4.380937166503219
2008-06-24,10.448916392448002,369.00034772438346,4.134439423119407
2008-06-25,9.882579460608001,349.0003288775334,3.910350565497758
2008-06-26,10.137431079936002,358.000337358616,4.0111905514275
2008-06-27,10.194064773120001,360.0003392433009,4.033599437189665
2008-06-28,9.401193068544002,332.00031285771087,3.7198750365193574
2008-06-29,9.118024602624,322.0003034342858,3.6078306077085327
2008-06-30,8.863172983296002,313.0002949532033,3.5069906217787916
2008-07-01,8.580004517376,303.00028552977824,3.3949461929679674
2008-07-02,7.532281193472001,266.0002506631057,2.9803818063679186
2008-07-03,6.682775795712001,236.0002223928306,2.6442485199354464
2008-07-04,6.371290483200001,225.0002120270631,2.5209996482435404
2008-07-05,6.173072557056001,218.00020543066557,2.4425685480759634
2008-07-06,6.258023096832001,221.00020825769306,2.4761818767192105
2008-07-07,6.201389403648001,219.00020637300807,2.453772990957046
2008-07-08,5.606735625216001,198.00018658381552,2.218479690454316
2008-07-09,4.9271313070080005,174.00016396759546,1.9495730613083377
2008-07-10,4.530695454720001,160.00015077480043,1.792710860973184
2008-07-11,4.275843835392001,151.00014229371791,1.6918708750434428
2008-07-12,3.8510911365120006,136.00012815858037,1.5238042318272067
2008-07-13,3.6528732103680004,129.00012156218284,1.4453731316596297
2008-07-14,3.3697047444480006,119.00011213875781,1.333328702848806
2008-07-15,3.1148531251200007,110.0001036576753,1.2324887169190641
2008-07-16,3.0299025853440003,107.00010083064777,1.198875388275817
2008-07-17,3.0299025853440003,107.00010083064777,1.198875388275817
2008-07-18,2.9449520455680003,104.00009800362027,1.1652620596325696
2008-07-19,2.6504568410112004,93.60008820325824,1.0487358536693128
2008-07-20,2.5286944006656005,89.30008415118549,1.0005567492806584
2008-07-21,2.4097636449792,85.10008019334697,0.9534980891801123
2008-07-22,2.6164766251008005,92.40008707244725,1.035290522212014
2008-07-23,2.5088726080512003,88.60008349154573,0.9927136392639008
2008-07-24,2.5117042927104003,88.70008358577998,0.993834083552009
2008-07-25,2.2200407728128004,78.40007387965221,0.8784283218768603
2008-07-26,2.1237634944000003,75.0000706756877,0.8403332160811801
2008-07-27,2.2228724574720005,78.50007397388646,0.8795487661649685
2008-07-28,1.9425356762112,68.60006464469566,0.7686247816422527
2008-07-29,1.8717435597312002,66.10006228883942,0.7406136744395467
2008-07-30,1.6593672102912003,58.60005522127065,0.6565803528314287
2008-07-31,1.4696443381248,51.90004890757588,0.5815105855281766
2008-08-01,1.3563769517568,47.90004513820587,0.5366928140038469
2008-08-02,1.3139016818688,46.40004372469212,0.5198861496822234
2008-08-03,1.2969115739136001,45.800043159286616,0.5131634839535739
2008-08-04,1.2516046193664003,44.20004165153862,0.4952363753438422
2008-08-05,1.2289511420928,43.40004089766461,0.4862728210389762
2008-08-06,1.2147927187968002,42.90004042649336,0.480670599598435
2008-08-07,1.2912482045952003,45.60004297081812,0.5109225953773575
2008-08-08,1.4073472756224004,49.70004683442239,0.5568608111897954
2008-08-09,1.3535452670976,47.80004504397162,0.5355723697157387
2008-08-10,1.3903571676672002,49.10004626901688,0.5501381454611459
2008-08-11,1.5602582472192004,55.100051923071895,0.6173648027476403
2008-08-12,1.3025749432320002,46.00004334775512,0.5154043725297904
2008-08-13,1.0958619631104003,38.70003646865486,0.43361193949788895
2008-08-14,0.9967530000384003,35.200033170456095,0.3943963894141006
2008-08-15,0.9571094148096001,33.800031851176584,0.3787101693805851
2008-08-16,1.1893075568640001,42.000039578385106,0.4705866010054608
2008-08-17,1.5177829773312004,53.600050509558145,0.6005581384260168
2008-08-18,1.2544363040256001,44.300041745772866,0.4963568196319504
2008-08-19,1.0590500625408001,37.400035243609594,0.41904616375248177
2008-08-20,0.9599410994688001,33.90003194541084,0.37983061366869336
2008-08-21,0.8976440369664002,31.700029872257332,0.35518083933031214
2008-08-22,0.8268519204864001,29.200027516401075,0.3271697321276061
2008-08-23,0.7843766505984001,27.70002610288732,0.3103630678059825
2008-08-24,0.7617231733248001,26.90002534901332,0.3013995135011166
2008-08-25,0.7503964346880001,26.500024972076318,0.2969177363486836
2008-08-26,0.7277429574144001,25.700024218202316,0.28795418204381773
2008-08-27,0.7135845341184001,25.200023747031064,0.2823519606032765
2008-08-28,0.6597825255936001,23.30002195658031,0.26106351912921993
2008-08-29,0.6342973636608,22.400021108472057,0.2509795205362457
2008-08-30,0.6059805170688001,21.400020166129554,0.23977507765516337
2008-08-31,0.6088122017280001,21.500020260363808,0.24089552194327163
2008-09-01,0.6399607329792001,22.600021296940557,0.25322040911246224
2008-09-02,0.6399607329792001,22.600021296940557,0.25322040911246224
2008-09-03,0.6031488324096002,21.300020071895307,0.23865463336705517
2008-09-04,0.5720003011584001,20.20001903531855,0.2263297461978645
2008-09-05,0.5550101932032001,19.600018469913053,0.21960708046921507
2008-09-06,0.5323567159296001,18.80001771603905,0.21064352616434917
2008-09-07,0.5266933466112002,18.60001752757055,0.20840263758813268
2008-09-08,0.5097032386560001,18.00001696216505,0.20167997185948322
2008-09-09,0.49837650001920014,17.600016585228047,0.1971981947070503
2008-09-10,0.5351884005888,18.900017810273297,0.21176397045245737
2008-09-11,0.5748319858176001,20.300019129552805,0.22745019048597273
2008-09-12,0.9712678381056,34.30003232234783,0.38431239082112634
2008-09-13,0.8834856136704001,31.20002940108608,0.3495786178897709
2008-09-14,0.7532281193472001,26.60002506631057,0.2980381806367919
2008-09-15,0.7107528494592001,25.100023652796818,0.2812315163151683
2008-09-16,0.6654458949120001,23.500022145048813,0.26330440770543645
2008-09-17,0.6229706250240001,22.00002073153506,0.24649774338381283
2008-09-18,0.6031488324096002,21.300020071895307,0.23865463336705517
2008-09-19,0.5889904091136001,20.800019600724056,0.23305241192651396
2008-09-20,0.6144755710464,21.700020448832305,0.2431364105194881
2008-09-21,0.6484557869568001,22.900021579643308,0.25658174197678696
2008-09-22,0.6456241022976001,22.80002148540906,0.25546129768867876
2008-09-23,0.6229706250240001,22.00002073153506,0.24649774338381283
2008-09-24,0.5974854630912001,21.100019883426807,0.23641374479083868
2008-09-25,0.5606735625216,19.80001865838155,0.22184796904543155
2008-09-26,0.5635052471808001,19.9000187526158,0.22296841333353978
2008-09-27,0.5635052471808001,19.9000187526158,0.22296841333353978
2008-09-28,0.5606735625216,19.80001865838155,0.22184796904543155
2008-09-29,0.5521785085440001,19.5000183756788,0.21848663618110684
2008-09-30,0.538020085248,19.000017904507548,0.2128844147405656
2008-10-01,0.5323567159296001,18.80001771603905,0.21064352616434917
2008-10-02,0.5295250312704001,18.700017621804797,0.20952308187624089
2008-10-03,0.5295250312704001,18.700017621804797,0.20952308187624089
2008-10-04,0.5408517699072001,19.100017998741798,0.21400485902867383
2008-10-05,0.5748319858176001,20.300019129552805,0.22745019048597273
2008-10-06,0.6088122017280001,21.500020260363808,0.24089552194327163
2008-10-07,0.5918220937728,20.900019694958303,0.23417285621462217
2008-10-08,0.5691686164992001,20.100018941084304,0.2252093019097563
2008-10-09,0.5266933466112002,18.60001752757055,0.20840263758813268
2008-10-10,0.5068715539968001,17.900016867930795,0.200559527571375
2008-10-11,0.5012081846784,17.700016679462294,0.19831863899515847
2008-10-12,0.5578418778624,19.7000185641473,0.22072752475732327
2008-10-13,0.5266933466112002,18.60001752757055,0.20840263758813268
2008-10-14,0.5323567159296001,18.80001771603905,0.21064352616434917
2008-10-15,0.5181982926336001,18.300017244867796,0.20504130472380794
2008-10-16,0.5238616619520001,18.5000174333363,0.20728219330002445
2008-10-17,0.5210299772928,18.400017339102046,0.20616174901191614
2008-10-18,0.5097032386560001,18.00001696216505,0.20167997185948322
2008-10-19,0.5040398693376001,17.800016773696548,0.1994390832832668
2008-10-20,0.5550101932032001,19.600018469913053,0.21960708046921507
2008-10-21,0.5748319858176001,20.300019129552805,0.22745019048597273
2008-10-22,0.5663369318400001,20.000018846850054,0.224088857621648
2008-10-23,0.5578418778624,19.7000185641473,0.22072752475732327
2008-10-24,0.6512874716160001,23.00002167387756,0.2577021862648952
2008-10-25,0.5946537784320001,21.000019789192553,0.2352933005027304
2008-10-26,0.5663369318400001,20.000018846850054,0.224088857621648
2008-10-27,0.5521785085440001,19.5000183756788,0.21848663618110684
2008-10-28,0.5408517699072001,19.100017998741798,0.21400485902867383
2008-10-29,0.538020085248,19.000017904507548,0.2128844147405656
2008-10-30,0.5351884005888,18.900017810273297,0.21176397045245737
2008-10-31,0.5266933466112002,18.60001752757055,0.20840263758813268
2008-11-01,0.5323567159296001,18.80001771603905,0.21064352616434917
2008-11-02,0.5351884005888,18.900017810273297,0.21176397045245737
2008-11-03,0.6116438863872001,21.60002035459806,0.24201596623137986
2008-11-04,0.5946537784320001,21.000019789192553,0.2352933005027304
2008-11-05,0.5833270397952002,20.600019412255556,0.23081152335029748
2008-11-06,0.5323567159296001,18.80001771603905,0.21064352616434917
2008-11-07,0.538020085248,19.000017904507548,0.2128844147405656
2008-11-08,0.6201389403648001,21.90002063730081,0.24537729909570458
2008-11-09,0.6144755710464,21.700020448832305,0.2431364105194881
2008-11-10,0.5918220937728,20.900019694958303,0.23417285621462217
2008-11-11,0.5833270397952002,20.600019412255556,0.23081152335029748
2008-11-12,0.5776636704768,20.40001922378705,0.22857063477408093
2008-11-13,0.5833270397952002,20.600019412255556,0.23081152335029748
2008-11-14,0.5635052471808001,19.9000187526158,0.22296841333353978
2008-11-15,0.4898814460416001,17.300016302525297,0.19383686184272556
2008-11-16,0.5635052471808001,19.9000187526158,0.22296841333353978
2008-11-17,0.5720003011584001,20.20001903531855,0.2263297461978645
2008-11-18,0.5776636704768,20.40001922378705,0.22857063477408093
2008-11-19,0.5776636704768,20.40001922378705,0.22857063477408093
2008-11-20,0.5776636704768,20.40001922378705,0.22857063477408093
2008-11-21,0.5776636704768,20.40001922378705,0.22857063477408093
2008-11-22,0.5606735625216,19.80001865838155,0.22184796904543155
2008-11-23,0.5493468238848,19.40001828144455,0.21736619189299855
2008-11-24,0.47855470740480005,16.900015925588292,0.18935508469029255
2008-11-25,0.5040398693376001,17.800016773696548,0.1994390832832668
2008-11-26,0.5465151392256001,19.300018187210302,0.21624574760489035
2008-11-27,0.5748319858176001,20.300019129552805,0.22745019048597273
2008-11-28,0.5663369318400001,20.000018846850054,0.224088857621648
2008-11-29,0.5606735625216,19.80001865838155,0.22184796904543155
2008-11-30,0.5663369318400001,20.000018846850054,0.224088857621648
2008-12-01,0.538020085248,19.000017904507548,0.2128844147405656
2008-12-02,0.538020085248,19.000017904507548,0.2128844147405656
2008-12-03,0.5012081846784,17.700016679462294,0.19831863899515847
2008-12-04,0.5097032386560001,18.00001696216505,0.20167997185948322
2008-12-05,0.5012081846784,17.700016679462294,0.19831863899515847
2008-12-06,0.5493468238848,19.40001828144455,0.21736619189299855
2008-12-07,0.5436834545664001,19.20001809297605,0.21512530331678212
2008-12-08,0.538020085248,19.000017904507548,0.2128844147405656
2008-12-09,0.5068715539968001,17.900016867930795,0.200559527571375
2008-12-10,0.4757230227456001,16.800015831354045,0.18823464040218432
2008-12-11,0.5238616619520001,18.5000174333363,0.20728219330002445
2008-12-12,0.5295250312704001,18.700017621804797,0.20952308187624089
2008-12-13,0.5833270397952002,20.600019412255556,0.23081152335029748
2008-12-14,0.5181982926336001,18.300017244867796,0.20504130472380794
2008-12-15,0.44457449149440004,15.70001479477729,0.17590975323299368
2008-12-16,0.6144755710464,21.700020448832305,0.2431364105194881
2008-12-17,0.6201389403648001,21.90002063730081,0.24537729909570458
2008-12-18,0.5946537784320001,21.000019789192553,0.2352933005027304
2008-12-19,0.5691686164992001,20.100018941084304,0.2252093019097563
2008-12-20,0.5521785085440001,19.5000183756788,0.21848663618110684
2008-12-21,0.5748319858176001,20.300019129552805,0.22745019048597273
2008-12-22,0.5748319858176001,20.300019129552805,0.22745019048597273
2008-12-23,0.5748319858176001,20.300019129552805,0.22745019048597273
2008-12-24,0.5720003011584001,20.20001903531855,0.2263297461978645
2008-12-25,0.5946537784320001,21.000019789192553,0.2352933005027304
2008-12-26,0.5720003011584001,20.20001903531855,0.2263297461978645
2008-12-27,0.5210299772928,18.400017339102046,0.20616174901191614
2008-12-28,0.5720003011584001,20.20001903531855,0.2263297461978645
2008-12-29,0.5550101932032001,19.600018469913053,0.21960708046921507
2008-12-30,0.5436834545664001,19.20001809297605,0.21512530331678212
2008-12-31,0.5550101932032001,19.600018469913053,0.21960708046921507
2009-01-01,0.6059805170688001,21.400020166129554,0.23977507765516337
2009-01-02,0.5748319858176001,20.300019129552805,0.22745019048597273
2009-01-03,0.5521785085440001,19.5000183756788,0.21848663618110684
2009-01-04,0.4870497613824,17.200016208291043,0.19271641755461727
2009-01-05,0.4332477528576001,15.300014417840291,0.17142797608056076
2009-01-06,0.5125349233152001,18.1000170563993,0.2028004161475915
2009-01-07,0.6116438863872001,21.60002035459806,0.24201596623137986
2009-01-08,0.6201389403648001,21.90002063730081,0.24537729909570458
2009-01-09,0.6116438863872001,21.60002035459806,0.24201596623137986
2009-01-10,0.5748319858176001,20.300019129552805,0.22745019048597273
2009-01-11,0.6173072557056001,21.800020543066555,0.24425685480759635
2009-01-12,0.6116438863872001,21.60002035459806,0.24201596623137986
2009-01-13,0.6229706250240001,22.00002073153506,0.24649774338381283
2009-01-14,0.6229706250240001,22.00002073153506,0.24649774338381283
2009-01-15,0.6116438863872001,21.60002035459806,0.24201596623137986
2009-01-16,0.5606735625216,19.80001865838155,0.22184796904543155
2009-01-17,0.5550101932032001,19.600018469913053,0.21960708046921507
2009-01-18,0.538020085248,19.000017904507548,0.2128844147405656
2009-01-19,0.5550101932032001,19.600018469913053,0.21960708046921507
2009-01-20,0.5436834545664001,19.20001809297605,0.21512530331678212
2009-01-21,0.538020085248,19.000017904507548,0.2128844147405656
2009-01-22,0.5918220937728,20.900019694958303,0.23417285621462217
2009-01-23,0.6314656790016001,22.30002101423781,0.24985907624813755
2009-01-24,0.6031488324096002,21.300020071895307,0.23865463336705517
2009-01-25,0.5833270397952002,20.600019412255556,0.23081152335029748
2009-01-26,0.5776636704768,20.40001922378705,0.22857063477408093
2009-01-27,0.5408517699072001,19.100017998741798,0.21400485902867383
2009-01-28,0.5097032386560001,18.00001696216505,0.20167997185948322
2009-01-29,0.5776636704768,20.40001922378705,0.22857063477408093
2009-01-30,0.5833270397952002,20.600019412255556,0.23081152335029748
2009-01-31,0.5550101932032001,19.600018469913053,0.21960708046921507
2009-02-01,0.5776636704768,20.40001922378705,0.22857063477408093
2009-02-02,0.5663369318400001,20.000018846850054,0.224088857621648
2009-02-03,0.5974854630912001,21.100019883426807,0.23641374479083868
2009-02-04,0.5550101932032001,19.600018469913053,0.21960708046921507
2009-02-05,0.5578418778624,19.7000185641473,0.22072752475732327
2009-02-06,0.5889904091136001,20.800019600724056,0.23305241192651396
2009-02-07,0.5889904091136001,20.800019600724056,0.23305241192651396
2009-02-08,0.5776636704768,20.40001922378705,0.22857063477408093
2009-02-09,0.5776636704768,20.40001922378705,0.22857063477408093
2009-02-10,0.5691686164992001,20.100018941084304,0.2252093019097563
2009-02-11,0.5635052471808001,19.9000187526158,0.22296841333353978
2009-02-12,0.5295250312704001,18.700017621804797,0.20952308187624089
2009-02-13,0.5720003011584001,20.20001903531855,0.2263297461978645
2009-02-14,0.5861587244544001,20.700019506489806,0.23193196763840568
2009-02-15,0.5550101932032001,19.600018469913053,0.21960708046921507
2009-02-16,0.5493468238848,19.40001828144455,0.21736619189299855
2009-02-17,0.6031488324096002,21.300020071895307,0.23865463336705517
2009-02-18,0.5833270397952002,20.600019412255556,0.23081152335029748
2009-02-19,0.5663369318400001,20.000018846850054,0.224088857621648
2009-02-20,0.5210299772928,18.400017339102046,0.20616174901191614
2009-02-21,0.5436834545664001,19.20001809297605,0.21512530331678212
2009-02-22,0.4870497613824,17.200016208291043,0.19271641755461727
2009-02-23,0.5550101932032001,19.600018469913053,0.21960708046921507
2009-02-24,0.5550101932032001,19.600018469913053,0.21960708046921507
2009-02-25,0.5295250312704001,18.700017621804797,0.20952308187624089
2009-02-26,0.5238616619520001,18.5000174333363,0.20728219330002445
2009-02-27,0.4842180767232001,17.100016114056796,0.19159597326650907
2009-02-28,0.43041606819840006,15.20001432360604,0.1703075317924525
2009-03-01,0.47005965342720013,16.600015642885545,0.1859937518259679
2009-03-02,0.5012081846784,17.700016679462294,0.19831863899515847
2009-03-03,0.5068715539968001,17.900016867930795,0.200559527571375
2009-03-04,0.5153666079744,18.200017150633546,0.2039208604356997
2009-03-05,0.5097032386560001,18.00001696216505,0.20167997185948322
2009-03-06,0.4757230227456001,16.800015831354045,0.18823464040218432
2009-03-07,0.44457449149440004,15.70001479477729,0.17590975323299368
2009-03-08,0.44174280683520006,15.60001470054304,0.17478930894488545
2009-03-09,0.44740617615360007,15.80001488901154,0.17703019752110194
2009-03-10,0.44457449149440004,15.70001479477729,0.17590975323299368
2009-03-11,0.44740617615360007,15.80001488901154,0.17703019752110194
2009-03-12,0.4870497613824,17.200016208291043,0.19271641755461727
2009-03-13,0.4757230227456001,16.800015831354045,0.18823464040218432
2009-03-14,0.46722796876800005,16.50001554865129,0.1848733075378596
2009-03-15,0.49554481536000006,17.500016490993794,0.19607775041894202
2009-03-16,0.5012081846784,17.700016679462294,0.19831863899515847
2009-03-17,0.5181982926336001,18.300017244867796,0.20504130472380794
2009-03-18,0.6173072557056001,21.800020543066555,0.24425685480759635
2009-03-19,0.6739409488896001,23.80002242775156,0.26666574056976117
2009-03-20,0.7928717045760001,28.000026385590072,0.3137244006703072
2009-03-21,0.8664955057152002,30.600028835680583,0.3428559521611215
2009-03-22,0.9854262614016001,34.80003279351909,0.3899146122616675
2009-03-23,1.076040170496,38.000035809015095,0.4257688294811312
2009-03-24,0.9372876221952002,33.10003119153684,0.3708670593638275
2009-03-25,0.9457826761728001,33.40003147423958,0.3742283922281522
2009-03-26,0.9429509915136001,33.300031380005336,0.3731079479400439
2009-03-27,1.0307332159488,36.40003430126709,0.4078417208713994
2009-03-28,0.9457826761728001,33.40003147423958,0.3742283922281522
2009-03-29,0.8721588750336001,30.80002902414908,0.345096840737338
2009-03-30,0.7815449659392002,27.600026008653074,0.3092426235178743
2009-03-31,0.8211885511680002,29.000027327932578,0.3249288435513896
2009-04-01,0.8070301278720001,28.500026856761323,0.31932662211084845
2009-04-02,0.7532281193472001,26.60002506631057,0.2980381806367919
2009-04-03,0.7390696960512001,26.100024595139317,0.29243595919625065
2009-04-04,0.7617231733248001,26.90002534901332,0.3013995135011166
2009-04-05,0.7532281193472001,26.60002506631057,0.2980381806367919
2009-04-06,0.8098618125312002,28.600026950995577,0.32044706639895665
2009-04-07,0.9174658295808001,32.40003053189709,0.3630239493470698
2009-04-08,0.9910896307200001,35.00003298198759,0.39215550083788403
2009-04-09,1.2176244034560002,43.000040520727616,0.48179104388654326
2009-04-10,1.2742580966400001,45.000042405412614,0.5041999296487081
2009-04-11,1.4951295000576001,52.800049755684135,0.5915945841211507
2009-04-12,1.4583175994880002,51.500048530638885,0.5770288083757437
2009-04-13,1.4724760227840001,52.00004900181013,0.5826310298162848
2009-04-14,1.6905157415424004,59.70005625784741,0.6689052400006195
2009-04-15,1.8405950284800003,65.00006125226267,0.7282887872703561
2009-04-16,2.1860605569024005,77.20007274884121,0.8649829904195614
2009-04-17,1.9736842074624004,69.70006568127243,0.7809496688114433
2009-04-18,1.9255455682560003,68.00006407929018,0.7619021159136034
2009-04-19,1.8689118750720002,66.00006219460516,0.7394932301514384
2009-04-20,2.2625160427008004,79.90007529316595,0.8952349861984839
2009-04-21,3.0865362785280004,109.00010271533279,1.2212842740379817
2009-04-22,4.785547074048001,169.00015925588295,1.8935508469029259
2009-04-23,6.371290483200001,225.0002120270631,2.5209996482435404
2009-04-24,8.438420284416,298.00028081806573,3.3389239785625553
2009-04-25,10.250698466304001,362.00034112798596,4.056008322951829
2009-04-26,8.806539290112001,311.0002930685183,3.4845817360166262
2009-04-27,6.965944261632001,246.00023181625562,2.756292948746271
2009-04-28,5.323567159296001,188.0001771603905,2.1064352616434916
2009-04-29,6.711092642304001,237.0002233351731,2.6554529628165287
2009-04-30,9.825945767424,347.0003269928484,3.887941679735593
2009-05-01,10.930302784512001,386.00036374420597,4.3249149520978065
2009-05-02,10.788718551552002,381.0003590324935,4.268892737692395
2009-05-03,10.732084858368001,379.0003571478085,4.24648385193023
2009-05-04,9.48614360832,335.0003156847383,3.753488365162604
2009-05-05,8.325152898048001,294.00027704869575,3.294106207038226
2009-05-06,7.588914886656001,268.0002525477907,3.002790692130083
2009-05-07,10.732084858368001,379.0003571478085,4.24648385193023
2009-05-08,11.213471250432002,396.00037316763104,4.436959380908632
2009-05-09,10.788718551552002,381.0003590324935,4.268892737692395
2009-05-10,8.948123523072,316.0002977802308,3.5406039504220383
2009-05-11,11.694857642496002,413.0003891874536,4.6274349098870315
2009-05-12,14.922978153984003,527.0004966144988,5.904741398330426
2009-05-13,16.650305796096003,588.0005540973915,6.588212414076452
2009-05-14,15.432681392640003,545.0005135766639,6.106421370189908
2009-05-15,16.338820483584,577.000543731624,6.464963542384545
2009-05-16,17.018424801792,601.000566347844,6.733870171530522
2009-05-17,18.490900824576002,653.0006153496541,7.316501201346807
2009-05-18,19.878426307584004,702.0006615244369,7.865518902519845
2009-05-19,20.784565398528002,734.0006916793969,8.224061074714482
2009-05-20,20.699614858752003,731.0006888523694,8.190447746071236
2009-05-21,19.906743154176002,703.0006624667793,7.876723345400928
2009-05-22,19.255455682560005,680.0006407929018,7.619021159136033
2009-05-23,19.453673608704,687.0006473892993,7.697452259303609
2009-05-24,19.736842074624004,697.0006568127244,7.809496688114434
2009-05-25,19.765158921216003,698.0006577550668,7.820701130995516
2009-05-26,19.821792614400003,700.0006596397518,7.843110016757681
2009-05-27,17.55644488704,620.0005842523516,6.946754586271088
2009-05-28,16.537038409728,584.0005503280215,6.543394642552122
2009-05-29,17.103375341568004,604.0005691748717,6.767483500173771
2009-05-30,19.736842074624004,697.0006568127244,7.809496688114434
2009-05-31,19.283772529152003,681.0006417352442,7.630225602017115
2009-06-01,19.765158921216003,698.0006577550668,7.820701130995516
2009-06-02,20.104961080320003,710.0006690631768,7.955154445568505
2009-06-03,20.161594773504003,712.0006709478619,7.9775633313306695
2009-06-04,19.453673608704,687.0006473892993,7.697452259303609
2009-06-05,18.377633438208004,649.0006115802843,7.271683429822478
2009-06-06,16.706939489280003,590.0005559820765,6.610621299838617
2009-06-07,15.347730852864002,542.0005107496364,6.0728080415466605
2009-06-08,12.657630426624001,447.0004212270986,5.008385967843833
2009-06-09,11.751491335680003,415.0003910721386,4.649843795649197
2009-06-10,11.100203864064001,392.000369398261,4.392141609384301
2009-06-11,11.808125028864001,417.0003929568236,4.672252681411361
2009-06-12,10.901985937920001,385.0003628018635,4.313710509216724
2009-06-13,10.080797386752002,356.00033547393093,3.9887816656653348
2009-06-14,10.392282699264001,367.00034583969847,4.112030537357241
2009-06-15,10.279015312896002,363.00034207032843,4.067212765832911
2009-06-16,9.854262614016001,348.0003279351909,3.8991461226166755
2009-06-17,9.910896307200002,350.0003298198759,3.9215550083788404
2009-06-18,10.873669091328,384.000361859521,4.302506066335641
2009-06-19,11.043570170880002,390.00036751357607,4.369732723622137
2009-06-20,11.921392415232003,421.0003967261936,4.717070452935691
2009-06-21,12.034659801600002,425.0004004955636,4.76188822446002
2009-06-22,11.751491335680003,415.0003910721386,4.649843795649197
2009-06-23,11.694857642496002,413.0003891874536,4.6274349098870315
2009-06-24,10.817035398144002,382.000359974836,4.2800971805734775
2009-06-25,11.978026108416001,423.00039861087856,4.739479338697856
2009-06-26,12.884165199360002,455.0004287658387,5.098021510892493
2009-06-27,12.374461960704002,437.0004118036736,4.89634153903301
2009-06-28,10.279015312896002,363.00034207032843,4.067212765832911
2009-06-29,9.118024602624,322.0003034342858,3.6078306077085327
2009-06-30,8.013667585536002,283.00026668292827,3.1708573353463194
2009-07-01,7.758815966208001,274.0002582018457,3.0700173494165774
2009-07-02,7.560598040064001,267.00025160544817,2.991586249249001
2009-07-03,7.730499119616002,273.0002572595032,3.0588129065354956
2009-07-04,7.305746420736001,258.0002431243657,2.8907462633192593
2009-07-05,6.569508409344001,232.00021862346063,2.599430748411117
2009-07-06,6.088122017280001,215.00020260363806,2.408955219432716
2009-07-07,5.380200852480001,190.0001790450755,2.128844147405656
2009-07-08,5.0120818467840005,177.00016679462294,1.983186389951585
2009-07-09,4.7572302274560005,168.00015831354042,1.8823464040218432
2009-07-10,4.559012301312,161.0001517171429,1.8039153038542663
2009-07-11,4.219210142208,149.00014040903287,1.6694619892812776
2009-07-12,4.134259602432,146.00013758200538,1.6358486606380305
2009-07-13,3.7944574433280005,134.00012627389535,1.5013953460650415
2009-07-14,3.5396058240000006,125.00011779281283,1.4005553601353002
2009-07-15,3.2847542046720006,116.00010931173031,1.2997153742055585
2009-07-16,2.8883183523840006,102.00009611893528,1.1428531738704049
2009-07-17,2.6193083097600005,92.5000871666815,1.0364109665001222
2009-07-18,2.4437438608896005,86.30008132415799,0.9669434206374112
2009-07-19,2.3446348978176004,82.80007802595922,0.9277278705536227
2009-07-20,2.2653477273600005,80.00007538740022,0.896355430486592
2009-07-21,2.1237634944000003,75.0000706756877,0.8403332160811801
2009-07-22,1.9283772529152001,68.10006417352442,0.7630225602017114
2009-07-23,1.7811296506368002,62.90005927334341,0.704759457220083
2009-07-24,1.6395454176768003,57.9000545616309,0.648737242814671
2009-07-25,1.5715849858560003,55.500052300008896,0.6218465799000733
2009-07-26,1.6083968864256002,56.800053525054146,0.6364123556454804
2009-07-27,1.7273276421120003,61.00005748289266,0.6834710157460265
2009-07-28,1.5602582472192004,55.100051923071895,0.6173648027476403
2009-07-29,1.5404364546048002,54.40005126343214,0.6095216927308826
2009-07-30,2.7382390654464004,96.70009112452,1.0834696266006683
2009-07-31,2.7240806421504007,96.20009065334877,1.0778674051601271
2009-08-01,2.3333081591808007,82.40007764902222,0.9232460934011899
2009-08-02,1.7726345966592003,62.60005899064066,0.7013981243557583
2009-08-03,1.5574265625600003,55.00005182883765,0.6162443584595321
2009-08-04,1.4073472756224004,49.70004683442239,0.5568608111897954
2009-08-05,1.2572679886848002,44.40004184000711,0.4974772639200586
2009-08-06,1.1978026108416,42.30003986108785,0.4739479338697855
2009-08-07,1.1921392415232002,42.10003967261936,0.47170704529356905
2009-08-08,1.0732084858368,37.90003571478085,0.42464838519302295
2009-08-09,0.9910896307200001,35.00003298198759,0.39215550083788403
2009-08-10,0.9202975142400002,32.500030626131334,0.36414439363517803
2009-08-11,0.8693271903744001,30.70002892991483,0.34397639644922967
2009-08-12,0.8466737131008001,29.900028176040827,0.3350128421443638
2009-08-13,0.7872083352576001,27.800026197121575,0.31148351209409075
2009-08-14,0.8211885511680002,29.000027327932578,0.3249288435513896
2009-08-15,0.9033074062848001,31.900030060725832,0.3574217279065286
2009-08-16,0.8381786591232002,29.60002789333808,0.3316515092800391
2009-08-17,0.7588914886656002,26.800025254779072,0.3002790692130084
2009-08-18,0.6937627415040001,24.500023087391313,0.2745088505865188
2009-08-19,0.7022577954816002,24.800023370094067,0.2778701834508436
2009-08-20,0.6965944261632001,24.600023181625563,0.27562929487462706
2009-08-21,0.6682775795712002,23.600022239283064,0.26442485199354465
2009-08-22,0.6456241022976001,22.80002148540906,0.25546129768867876
2009-08-23,0.6144755710464,21.700020448832305,0.2431364105194881
2009-08-24,0.6484557869568001,22.900021579643308,0.25658174197678696
2009-08-25,0.6711092642304001,23.70002233351731,0.26554529628165285
2009-08-26,0.6682775795712002,23.600022239283064,0.26442485199354465
2009-08-27,0.6484557869568001,22.900021579643308,0.25658174197678696
2009-08-28,0.5946537784320001,21.000019789192553,0.2352933005027304
2009-08-29,0.580495355136,20.5000193180213,0.22969107906218922
2009-08-30,0.5776636704768,20.40001922378705,0.22857063477408093
2009-08-31,0.5720003011584001,20.20001903531855,0.2263297461978645
2009-09-01,0.5436834545664001,19.20001809297605,0.21512530331678212
2009-09-02,0.5323567159296001,18.80001771603905,0.21064352616434917
2009-09-03,0.5238616619520001,18.5000174333363,0.20728219330002445
2009-09-04,0.5210299772928,18.400017339102046,0.20616174901191614
2009-09-05,0.5210299772928,18.400017339102046,0.20616174901191614
2009-09-06,0.5436834545664001,19.20001809297605,0.21512530331678212
2009-09-07,0.5408517699072001,19.100017998741798,0.21400485902867383
2009-09-08,0.5153666079744,18.200017150633546,0.2039208604356997
2009-09-09,0.5040398693376001,17.800016773696548,0.1994390832832668
2009-09-10,0.4898814460416001,17.300016302525297,0.19383686184272556
2009-09-11,0.4813863920640001,17.000016019822546,0.19047552897840084
2009-09-12,0.4842180767232001,17.100016114056796,0.19159597326650907
2009-09-13,0.5012081846784,17.700016679462294,0.19831863899515847
2009-09-14,0.49837650001920014,17.600016585228047,0.1971981947070503
2009-09-15,0.5748319858176001,20.300019129552805,0.22745019048597273
2009-09-16,0.6880993721856001,24.300022898922816,0.27226796201030234
2009-09-17,0.5550101932032001,19.600018469913053,0.21960708046921507
2009-09-18,0.5153666079744,18.200017150633546,0.2039208604356997
2009-09-19,0.5012081846784,17.700016679462294,0.19831863899515847
2009-09-20,0.5606735625216,19.80001865838155,0.22184796904543155
2009-09-21,0.6626142102528001,23.40002205081456,0.2621839634173282
2009-09-22,0.6597825255936001,23.30002195658031,0.26106351912921993
2009-09-23,0.6371290483200001,22.500021202706307,0.25209996482435404
2009-09-24,0.5889904091136001,20.800019600724056,0.23305241192651396
2009-09-25,0.5861587244544001,20.700019506489806,0.23193196763840568
2009-09-26,0.5663369318400001,20.000018846850054,0.224088857621648
2009-09-27,0.5436834545664001,19.20001809297605,0.21512530331678212
2009-09-28,0.5210299772928,18.400017339102046,0.20616174901191614
2009-09-29,0.5012081846784,17.700016679462294,0.19831863899515847
2009-09-30,0.49837650001920014,17.600016585228047,0.1971981947070503
2009-10-01,0.5153666079744,18.200017150633546,0.2039208604356997
2009-10-02,0.5068715539968001,17.900016867930795,0.200559527571375
2009-10-03,0.5266933466112002,18.60001752757055,0.20840263758813268
2009-10-04,0.5295250312704001,18.700017621804797,0.20952308187624089
2009-10-05,0.580495355136,20.5000193180213,0.22969107906218922
2009-10-06,0.5833270397952002,20.600019412255556,0.23081152335029748
2009-10-07,0.580495355136,20.5000193180213,0.22969107906218922
2009-10-08,0.6173072557056001,21.800020543066555,0.24425685480759635
2009-10-09,0.6201389403648001,21.90002063730081,0.24537729909570458
2009-10-10,0.5861587244544001,20.700019506489806,0.23193196763840568
2009-10-11,0.5606735625216,19.80001865838155,0.22184796904543155
2009-10-12,0.5521785085440001,19.5000183756788,0.21848663618110684
2009-10-13,0.5493468238848,19.40001828144455,0.21736619189299855
2009-10-14,0.5606735625216,19.80001865838155,0.22184796904543155
2009-10-15,0.6031488324096002,21.300020071895307,0.23865463336705517
2009-10-16,0.5748319858176001,20.300019129552805,0.22745019048597273
2009-10-17,0.5351884005888,18.900017810273297,0.21176397045245737
2009-10-18,0.5351884005888,18.900017810273297,0.21176397045245737
2009-10-19,0.5436834545664001,19.20001809297605,0.21512530331678212
2009-10-20,0.5521785085440001,19.5000183756788,0.21848663618110684
2009-10-21,0.5861587244544001,20.700019506489806,0.23193196763840568
2009-10-22,0.5436834545664001,19.20001809297605,0.21512530331678212
2009-10-23,0.5465151392256001,19.300018187210302,0.21624574760489035
2009-10-24,0.5436834545664001,19.20001809297605,0.21512530331678212
2009-10-25,0.5606735625216,19.80001865838155,0.22184796904543155
2009-10-26,0.5097032386560001,18.00001696216505,0.20167997185948322
2009-10-27,0.5663369318400001,20.000018846850054,0.224088857621648
2009-10-28,0.538020085248,19.000017904507548,0.2128844147405656
2009-10-29,0.5097032386560001,18.00001696216505,0.20167997185948322
2009-10-30,0.5097032386560001,18.00001696216505,0.20167997185948322
2009-10-31,0.5663369318400001,20.000018846850054,0.224088857621648
2009-11-01,0.538020085248,19.000017904507548,0.2128844147405656
2009-11-02,0.538020085248,19.000017904507548,0.2128844147405656
2009-11-03,0.5210299772928,18.400017339102046,0.20616174901191614
2009-11-04,0.5012081846784,17.700016679462294,0.19831863899515847
2009-11-05,0.5012081846784,17.700016679462294,0.19831863899515847
2009-11-06,0.5097032386560001,18.00001696216505,0.20167997185948322
2009-11-07,0.5097032386560001,18.00001696216505,0.20167997185948322
2009-11-08,0.5097032386560001,18.00001696216505,0.20167997185948322
2009-11-09,0.5012081846784,17.700016679462294,0.19831863899515847
2009-11-10,0.4813863920640001,17.000016019822546,0.19047552897840084
2009-11-11,0.4813863920640001,17.000016019822546,0.19047552897840084
2009-11-12,0.4813863920640001,17.000016019822546,0.19047552897840084
2009-11-13,0.5097032386560001,18.00001696216505,0.20167997185948322
2009-11-14,0.5097032386560001,18.00001696216505,0.20167997185948322
2009-11-15,0.5125349233152001,18.1000170563993,0.2028004161475915
2009-11-16,0.45306954547200007,16.000015077480043,0.17927108609731843
2009-11-17,0.47289133808640005,16.70001573711979,0.1871141961140761
2009-11-18,0.49837650001920014,17.600016585228047,0.1971981947070503
2009-11-19,0.4870497613824,17.200016208291043,0.19271641755461727
2009-11-20,0.46722796876800005,16.50001554865129,0.1848733075378596
2009-11-21,0.4813863920640001,17.000016019822546,0.19047552897840084
2009-11-22,0.4870497613824,17.200016208291043,0.19271641755461727
2009-11-23,0.4813863920640001,17.000016019822546,0.19047552897840084
2009-11-24,0.4502378608128001,15.900014983245793,0.17815064180921017
2009-11-25,0.47855470740480005,16.900015925588292,0.18935508469029255
2009-11-26,0.4813863920640001,17.000016019822546,0.19047552897840084
2009-11-27,0.47005965342720013,16.600015642885545,0.1859937518259679
2009-11-28,0.4757230227456001,16.800015831354045,0.18823464040218432
2009-11-29,0.47289133808640005,16.70001573711979,0.1871141961140761
2009-11-30,0.4502378608128001,15.900014983245793,0.17815064180921017
2009-12-01,0.4389111221760001,15.500014606308792,0.17366886465677722
2009-12-02,0.41342596024320005,14.600013758200538,0.16358486606380304
2009-12-03,0.3284754204672,11.60001093117303,0.12997153742055584
2009-12-04,0.33697047444480005,11.90001121387578,0.13333287028488058
2009-12-05,0.3936041676288001,13.900013098560787,0.15574175604704538
2009-12-06,0.43607943751680006,15.40001451207454,0.172548420368669
2009-12-07,0.44457449149440004,15.70001479477729,0.17590975323299368
2009-12-08,0.43607943751680006,15.40001451207454,0.172548420368669
2009-12-09,0.4162576449024,14.700013852434788,0.16470531035191127
2009-12-10,0.4049309062656001,14.300013475497789,0.16022353319947832
2009-12-11,0.3992675369472001,14.100013287029288,0.15798264462326186
2009-12-12,0.4389111221760001,15.500014606308792,0.17366886465677722
2009-12-13,0.4389111221760001,15.500014606308792,0.17366886465677722
2009-12-14,0.43607943751680006,15.40001451207454,0.172548420368669
2009-12-15,0.42758438353920003,15.100014229371789,0.16918708750434425
2009-12-16,0.42758438353920003,15.100014229371789,0.16918708750434425
2009-12-17,0.44174280683520006,15.60001470054304,0.17478930894488545
2009-12-18,0.4162576449024,14.700013852434788,0.16470531035191127
2009-12-19,0.3879407983104,13.700012910092283,0.1535008674708289
2009-12-20,0.4049309062656001,14.300013475497789,0.16022353319947832
2009-12-21,0.40776259092480005,14.400013569732037,0.16134397748758658
2009-12-22,0.4105942755840001,14.500013663966289,0.1624644217756948
2009-12-23,0.41342596024320005,14.600013758200538,0.16358486606380304
2009-12-24,0.38227742899200007,13.500012721623786,0.15125997889461243
2009-12-25,0.3907724829696001,13.800013004326537,0.15462131175893715
2009-12-26,0.37661405967360007,13.300012533155286,0.14901909031839594
2009-12-27,0.35396058240000006,12.500011779281282,0.14005553601353002
2009-12-28,0.37095069035520006,13.100012344686784,0.14677820174217945
2009-12-29,0.38227742899200007,13.500012721623786,0.15125997889461243
2009-12-30,0.39643585228800005,14.000013192795036,0.1568622003351536
2009-12-31,0.36811900569600003,13.000012250452533,0.1456577574540712
2010-01-01,0.37095069035520006,13.100012344686784,0.14677820174217945
2010-01-02,0.38227742899200007,13.500012721623786,0.15125997889461243
2010-01-03,0.37378237501440004,13.200012438921034,0.14789864603028768
2010-01-04,0.34829721308160005,12.300011590812781,0.13781464743731353
2010-01-05,0.36811900569600003,13.000012250452533,0.1456577574540712
2010-01-06,0.3936041676288001,13.900013098560787,0.15574175604704538
2010-01-07,0.35962395171840006,12.700011967749782,0.1422964245897465
2010-01-08,0.339802159104,12.00001130811003,0.13445331457298879
2010-01-09,0.339802159104,12.00001130811003,0.13445331457298879
2010-01-10,0.35962395171840006,12.700011967749782,0.1422964245897465
2010-01-11,0.34263384376320005,12.10001140234428,0.13557375886109704
2010-01-12,0.33697047444480005,11.90001121387578,0.13333287028488058
2010-01-13,0.35396058240000006,12.500011779281282,0.14005553601353002
2010-01-14,0.35962395171840006,12.700011967749782,0.1422964245897465
2010-01-15,0.3511288977408001,12.400011685047033,0.1389350917254218
2010-01-16,0.35396058240000006,12.500011779281282,0.14005553601353002
2010-01-17,0.37378237501440004,13.200012438921034,0.14789864603028768
2010-01-18,0.37095069035520006,13.100012344686784,0.14677820174217945
2010-01-19,0.36528732103680006,12.900012156218283,0.14453731316596297
2010-01-20,0.35679226705920003,12.600011873515532,0.14117598030163825
2010-01-21,0.35679226705920003,12.600011873515532,0.14117598030163825
2010-01-22,0.35962395171840006,12.700011967749782,0.1422964245897465
2010-01-23,0.35962395171840006,12.700011967749782,0.1422964245897465
2010-01-24,0.35679226705920003,12.600011873515532,0.14117598030163825
2010-01-25,0.33697047444480005,11.90001121387578,0.13333287028488058
2010-01-26,0.33130710512640005,11.70001102540728,0.1310919817086641
2010-01-27,0.3794457443328001,13.400012627389536,0.1501395346065042
2010-01-28,0.37661405967360007,13.300012533155286,0.14901909031839594
2010-01-29,0.37095069035520006,13.100012344686784,0.14677820174217945
2010-01-30,0.3454655284224,12.200011496578531,0.1366942031492053
2010-01-31,0.35396058240000006,12.500011779281282,0.14005553601353002
2010-02-01,0.35679226705920003,12.600011873515532,0.14117598030163825
2010-02-02,0.3341387897856001,11.800011119641532,0.13221242599677233
2010-02-03,0.3341387897856001,11.800011119641532,0.13221242599677233
2010-02-04,0.3624556363776001,12.800012061984035,0.14341686887785476
2010-02-05,0.34829721308160005,12.300011590812781,0.13781464743731353
2010-02-06,0.35679226705920003,12.600011873515532,0.14117598030163825
2010-02-07,0.35396058240000006,12.500011779281282,0.14005553601353002
2010-02-08,0.3511288977408001,12.400011685047033,0.1389350917254218
2010-02-09,0.339802159104,12.00001130811003,0.13445331457298879
2010-02-10,0.35962395171840006,12.700011967749782,0.1422964245897465
2010-02-11,0.35962395171840006,12.700011967749782,0.1422964245897465
2010-02-12,0.35396058240000006,12.500011779281282,0.14005553601353002
2010-02-13,0.35962395171840006,12.700011967749782,0.1422964245897465
2010-02-14,0.35679226705920003,12.600011873515532,0.14117598030163825
2010-02-15,0.35396058240000006,12.500011779281282,0.14005553601353002
2010-02-16,0.35679226705920003,12.600011873515532,0.14117598030163825
2010-02-17,0.35396058240000006,12.500011779281282,0.14005553601353002
2010-02-18,0.32564373580800005,11.50001083693878,0.1288510931324476
2010-02-19,0.3794457443328001,13.400012627389536,0.1501395346065042
2010-02-20,0.36528732103680006,12.900012156218283,0.14453731316596297
2010-02-21,0.4049309062656001,14.300013475497789,0.16022353319947832
2010-02-22,0.38510911365120004,13.600012815858035,0.15238042318272066
2010-02-23,0.3001585738752,10.600009988830527,0.11876709453947344
2010-02-24,0.3001585738752,10.600009988830527,0.11876709453947344
2010-02-25,0.38510911365120004,13.600012815858035,0.15238042318272066
2010-02-26,0.35396058240000006,12.500011779281282,0.14005553601353002
2010-02-27,0.3171486818304,11.200010554236028,0.12548976026812286
2010-02-28,0.3171486818304,11.200010554236028,0.12548976026812286
2010-03-01,0.27382390654464006,9.670009112452002,0.10834696266006683
2010-03-02,0.31431699717120004,11.100010460001778,0.12436931598001465
2010-03-03,0.28600015057920003,10.100009517659275,0.11316487309893225
2010-03-04,0.28600015057920003,10.100009517659275,0.11316487309893225
2010-03-05,0.32564373580800005,11.50001083693878,0.1288510931324476
2010-03-06,0.3341387897856001,11.800011119641532,0.13221242599677233
2010-03-07,0.35962395171840006,12.700011967749782,0.1422964245897465
2010-03-08,0.3794457443328001,13.400012627389536,0.1501395346065042
2010-03-09,0.38227742899200007,13.500012721623786,0.15125997889461243
2010-03-10,0.3794457443328001,13.400012627389536,0.1501395346065042
2010-03-11,0.39643585228800005,14.000013192795036,0.1568622003351536
2010-03-12,0.3511288977408001,12.400011685047033,0.1389350917254218
2010-03-13,0.3879407983104,13.700012910092283,0.1535008674708289
2010-03-14,0.3992675369472001,14.100013287029288,0.15798264462326186
2010-03-15,0.36528732103680006,12.900012156218283,0.14453731316596297
2010-03-16,0.3936041676288001,13.900013098560787,0.15574175604704538
2010-03-17,0.4870497613824,17.200016208291043,0.19271641755461727
2010-03-18,0.5521785085440001,19.5000183756788,0.21848663618110684
2010-03-19,0.6965944261632001,24.600023181625563,0.27562929487462706
2010-03-20,0.580495355136,20.5000193180213,0.22969107906218922
2010-03-21,0.5266933466112002,18.60001752757055,0.20840263758813268
2010-03-22,0.538020085248,19.000017904507548,0.2128844147405656
2010-03-23,0.5663369318400001,20.000018846850054,0.224088857621648
2010-03-24,0.538020085248,19.000017904507548,0.2128844147405656
2010-03-25,0.49554481536000006,17.500016490993794,0.19607775041894202
2010-03-26,0.4813863920640001,17.000016019822546,0.19047552897840084
2010-03-27,0.46722796876800005,16.50001554865129,0.1848733075378596
2010-03-28,0.45306954547200007,16.000015077480043,0.17927108609731843
2010-03-29,0.4389111221760001,15.500014606308792,0.17366886465677722
2010-03-30,0.4332477528576001,15.300014417840291,0.17142797608056076
2010-03-31,0.6427924176384001,22.70002139117481,0.25434085340057055
2010-04-01,0.7673865426432002,27.100025537481823,0.30364040207733306
2010-04-02,0.6965944261632001,24.600023181625563,0.27562929487462706
2010-04-03,0.5776636704768,20.40001922378705,0.22857063477408093
2010-04-04,0.5974854630912001,21.100019883426807,0.23641374479083868
2010-04-05,0.5918220937728,20.900019694958303,0.23417285621462217
2010-04-06,0.6569508409344,23.20002186234606,0.2599430748411117
2010-04-07,0.6456241022976001,22.80002148540906,0.25546129768867876
2010-04-08,0.6597825255936001,23.30002195658031,0.26106351912921993
2010-04-09,0.7135845341184001,25.200023747031064,0.2823519606032765
2010-04-10,0.7815449659392002,27.600026008653074,0.3092426235178743
2010-04-11,0.8834856136704001,31.20002940108608,0.3495786178897709
2010-04-12,1.0109114233344003,35.70003364162735,0.3999986108546418
2010-04-13,1.118515440384,39.50003722252885,0.4425754938027548
2010-04-14,1.1326738636800002,40.00003769370011,0.448177715243296
2010-04-15,1.3308917898240002,47.00004429009763,0.5266088154108729
2010-04-16,1.6990107955200002,60.000056540550155,0.672266572864944
2010-04-17,2.024654531328,71.50006737748893,0.8011176659973916
2010-04-18,2.1917239262208006,77.40007293730972,0.8672238789957779
2010-04-19,2.6306350483968006,92.9000875436185,1.040892743652555
2010-04-20,2.9449520455680003,104.00009800362027,1.1652620596325696
2010-04-21,3.3980215910400005,120.00011308110031,1.344533145729888
2010-04-22,3.9926753694720007,141.00013287029287,1.5798264462326186
2010-04-23,3.3413878978560003,118.0001111964153,1.3221242599677232
2010-04-24,2.7382390654464004,96.70009112452,1.0834696266006683
2010-04-25,2.3757834290688007,83.90007906253598,0.9400527577228135
2010-04-26,2.1719021336064004,76.70007227766995,0.8593807689790203
2010-04-27,2.2483576194048003,79.4000748219947,0.8896327647579426
2010-04-28,2.6731103182848006,94.40008895713225,1.0576994079741786
2010-04-29,2.7354073807872004,96.60009103028575,1.08234918231256
2010-04-30,2.4777240768000004,87.50008245496898,0.9803887520947101
2010-05-01,2.19455561088,77.50007303154395,0.868344323283886
2010-05-02,2.0161594773504006,71.20006709478619,0.7977563331330672
2010-05-03,1.8745752443904005,66.20006238307369,0.741734118727655
2010-05-04,1.9227138835968005,67.90006398505594,0.7607816716254951
2010-05-05,2.1492486563328006,75.90007152379596,0.8504172146741543
2010-05-06,2.6702786336256,94.300088862898,1.0565789636860703
2010-05-07,2.4833874461184005,87.70008264343748,0.9826296406709266
2010-05-08,2.5060409233920002,88.50008339731147,0.9915931949757925
2010-05-09,2.8231896052224004,99.7000939515475,1.1170829552439154
2010-05-10,3.7378237501440004,132.00012438921033,1.4789864603028768
2010-05-11,3.6528732103680004,129.00012156218284,1.4453731316596297
2010-05-12,3.7095069035520005,131.00012344686783,1.4677820174217946
2010-05-13,3.3130710512640005,117.00011025407281,1.3109198170866407
2010-05-14,3.1714868183040004,112.00010554236029,1.2548976026812289
2010-05-15,3.4546552842240006,122.00011496578531,1.366942031492053
2010-05-16,3.4263384376320003,121.0001140234428,1.3557375886109704
2010-05-17,4.219210142208,149.00014040903287,1.6694619892812776
2010-05-18,5.606735625216001,198.00018658381552,2.218479690454316
2010-05-19,6.1447557104640005,217.00020448832305,2.431364105194881
2010-05-20,6.427924176384001,227.0002139117481,2.543408534005705
2010-05-21,8.919806676480002,315.00029683788836,3.5293995075409565
2010-05-22,11.666540795904002,412.0003882451111,4.616230467005949
2010-05-23,13.308917898240002,470.0004429009762,5.266088154108728
2010-05-24,13.365551591424001,472.0004447856612,5.288497039870893
2010-05-25,9.48614360832,335.0003156847383,3.753488365162604
2010-05-26,10.165747926528002,359.00033830095845,4.022394994308582
2010-05-27,13.677036903936003,483.00045515142875,5.411745911562799
2010-05-28,18.462583977984004,652.0006144073117,7.305296758465725
2010-05-29,19.906743154176002,703.0006624667793,7.876723345400928
2010-05-30,19.397039915520004,685.0006455046143,7.675043373541445
2010-05-31,17.018424801792,601.000566347844,6.733870171530522
2010-06-01,16.14060255744,570.0005371352264,6.386532442216968
2010-06-02,13.648720057344002,482.0004542090863,5.400541468681718
2010-06-03,10.873669091328,384.000361859521,4.302506066335641
2010-06-04,12.487729347072001,441.00041557304365,4.941159310557339
2010-06-05,18.519217671168004,654.0006162919967,7.327705644227891
2010-06-06,20.756248551936004,733.0006907370545,8.2128566318334
2010-06-07,21.775655029248004,769.0007246613845,8.616216575552366
2010-06-08,19.991693693952,706.0006652938068,7.910336674044174
2010-06-09,17.471494347264002,617.0005814253241,6.913141257627841
2010-06-10,16.763573182464004,592.0005578667616,6.6330301856007825
2010-06-11,12.884165199360002,455.0004287658387,5.098021510892493
2010-06-12,11.609907102720001,410.00038636042603,4.593821581243784
2010-06-13,12.034659801600002,425.0004004955636,4.76188822446002
2010-06-14,10.618817472000002,375.0003533784385,4.201666080405901
2010-06-15,9.344559375360001,330.0003109730259,3.697466150757192
2010-06-16,8.296836051456001,293.0002761063533,3.2829017641571436
2010-06-17,8.07030127872,285.0002685676132,3.193266221108484
2010-06-18,8.098618125312,286.00026950995573,3.2044706639895666
2010-06-19,8.296836051456001,293.0002761063533,3.2829017641571436
2010-06-20,7.957033892352001,281.0002647982432,3.148448449584155
2010-06-21,7.390696960512001,261.00024595139314,2.9243595919625065
2010-06-22,6.739409488896001,238.00022427751563,2.666657405697612
2010-06-23,6.201389403648001,219.00020637300807,2.453772990957046
2010-06-24,5.8899040911360006,208.00019600724053,2.330524119265139
2010-06-25,5.635052471808001,199.00018752615802,2.2296841333353976
2010-06-26,5.238616619520001,185.000174333363,2.0728219330002444
2010-06-27,4.813863920640001,170.00016019822544,1.9047552897840083
2010-06-28,4.360794375168001,154.0001451207454,1.72548420368669
2010-06-29,4.162576449024001,147.00013852434788,1.647053103519113
2010-06-30,3.9360416762880006,139.00013098560785,1.5574175604704539
2010-07-01,3.6245563637760005,128.00012061984035,1.4341686887785474
2010-07-02,3.822774289920001,135.00012721623787,1.5125997889461242
2010-07-03,3.4263384376320003,121.0001140234428,1.3557375886109704
2010-07-04,3.0015857387520004,106.00009988830527,1.1876709453947345
2010-07-05,2.8146945512448007,99.40009366884478,1.1137216223795907
2010-07-06,2.4975458694144006,88.20008311460873,0.988231862111468
2010-07-07,2.3163180512256,81.8000770836167,0.9165234276725402
2010-07-08,2.3531299517952,83.10007830866195,0.9310892034179473
2010-07-09,2.1662387642880003,76.50007208920145,0.8571398804028038
2010-07-10,2.0161594773504006,71.20006709478619,0.7977563331330672
2010-07-11,2.0727931705344003,73.20006897947118,0.8201652188952318
2010-07-12,1.9765158921216002,69.80006577550668,0.7820701130995515
2010-07-13,1.7471494347264003,61.70005814253241,0.6913141257627842
2010-07-14,1.6338820483584002,57.7000543731624,0.6464963542384545
2010-07-15,1.5121196080128,53.40005032108964,0.5983172498498002
2010-07-16,1.4016839063040003,49.50004664595388,0.554619922613579
2010-07-17,1.2969115739136001,45.800043159286616,0.5131634839535739
2010-07-18,1.2232877727744003,43.20004070919612,0.4840319324627597
2010-07-19,1.1836441875456,41.800039389916606,0.46834571242924433
2010-07-20,1.1298421790208002,39.900037599465854,0.4470572709551878
2010-07-21,1.2855848352768002,45.40004278234962,0.5086817068011411
2010-07-22,1.4300007528960001,50.50004758829638,0.5658243654946612
2010-07-23,1.2034659801600003,42.50004004955636,0.4761888224460021
2010-07-24,1.0732084858368,37.90003571478085,0.42464838519302295
2010-07-25,0.9712678381056,34.30003232234783,0.38431239082112634
2010-07-26,0.9174658295808001,32.40003053189709,0.3630239493470698
2010-07-27,0.8664955057152002,30.600028835680583,0.3428559521611215
2010-07-28,0.9769312074240002,34.50003251081634,0.38655327939734285
2010-07-29,1.1270104943616002,39.8000375052316,0.44593682666707957
2010-07-30,1.2516046193664003,44.20004165153862,0.4952363753438422
2010-07-31,1.0448916392448002,36.900034772438346,0.41344394231194065
2010-08-01,1.1440006023168001,40.4000380706371,0.452659492395729
2010-08-02,1.8547534517760003,65.50006172343392,0.7338910087108973
2010-08-03,2.3049913125888004,81.40007670667971,0.9120416505201074
2010-08-04,1.8122781818880003,64.00006030992017,0.7170843443892737
2010-08-05,3.0582194319360005,108.00010177299029,1.2100798311568994
2010-08-06,2.2823378353152,80.60007595280571,0.9030780962152415
2010-08-07,1.5800800398336001,55.80005258271164,0.625207912764398
2010-08-08,1.3761987443712003,48.60004579784563,0.5445359240206047
2010-08-09,1.2147927187968002,42.90004042649336,0.480670599598435
2010-08-10,1.0477233239040002,37.0000348666726,0.4145643866000489
2010-08-11,0.9401193068544003,33.20003128577109,0.3719875036519358
2010-08-12,0.9939213153792001,35.10003307622184,0.3932759451259923
2010-08-13,0.9004757216256002,31.800029966491586,0.35630128361842034
2010-08-14,0.7843766505984001,27.70002610288732,0.3103630678059825
2010-08-15,0.7220795880960001,25.50002402973382,0.2857132934676012
2010-08-16,0.7050894801408001,24.900023464328314,0.2789906277389518
2010-08-17,0.7305746420736001,25.800024312436566,0.28907462633192593
2010-08-18,0.6711092642304001,23.70002233351731,0.26554529628165285
2010-08-19,0.7503964346880001,26.500024972076318,0.2969177363486836
2010-08-20,1.1893075568640001,42.000039578385106,0.4705866010054608
2010-08-21,0.8636638210560001,30.50002874144633,0.34173550787301327
2010-08-22,0.7362380113920001,26.000024500905067,0.2913155149081424
2010-08-23,0.679604318208,24.00002261622006,0.26890662914597757
2010-08-24,0.6258023096832002,22.10002082576931,0.2476181876719211
2010-08-25,0.5861587244544001,20.700019506489806,0.23193196763840568
2010-08-26,0.5550101932032001,19.600018469913053,0.21960708046921507
2010-08-27,0.5351884005888,18.900017810273297,0.21176397045245737
2010-08-28,0.5323567159296001,18.80001771603905,0.21064352616434917
2010-08-29,0.5323567159296001,18.80001771603905,0.21064352616434917
2010-08-30,0.5323567159296001,18.80001771603905,0.21064352616434917
2010-08-31,0.5040398693376001,17.800016773696548,0.1994390832832668
2010-09-01,0.4870497613824,17.200016208291043,0.19271641755461727
2010-09-02,0.45873291479040007,16.200015265948544,0.1815119746735349
2010-09-03,0.4502378608128001,15.900014983245793,0.17815064180921017
2010-09-04,0.44174280683520006,15.60001470054304,0.17478930894488545
2010-09-05,0.42758438353920003,15.100014229371789,0.16918708750434425
2010-09-06,0.40776259092480005,14.400013569732037,0.16134397748758658
2010-09-07,0.40209922160640005,14.200013381263537,0.1591030889113701
2010-09-08,0.46722796876800005,16.50001554865129,0.1848733075378596
2010-09-09,0.5550101932032001,19.600018469913053,0.21960708046921507
2010-09-10,0.4842180767232001,17.100016114056796,0.19159597326650907
2010-09-11,0.44457449149440004,15.70001479477729,0.17590975323299368
2010-09-12,0.4332477528576001,15.300014417840291,0.17142797608056076
2010-09-13,0.4219210142208001,14.90001404090329,0.1669461989281278
2010-09-14,0.40209922160640005,14.200013381263537,0.1591030889113701
2010-09-15,0.3879407983104,13.700012910092283,0.1535008674708289
2010-09-16,0.36811900569600003,13.000012250452533,0.1456577574540712
2010-09-17,0.35962395171840006,12.700011967749782,0.1422964245897465
2010-09-18,0.35679226705920003,12.600011873515532,0.14117598030163825
2010-09-19,0.35679226705920003,12.600011873515532,0.14117598030163825
2010-09-20,0.35962395171840006,12.700011967749782,0.1422964245897465
2010-09-21,0.37095069035520006,13.100012344686784,0.14677820174217945
2010-09-22,0.4105942755840001,14.500013663966289,0.1624644217756948
2010-09-23,0.5465151392256001,19.300018187210302,0.21624574760489035
2010-09-24,0.47005965342720013,16.600015642885545,0.1859937518259679
2010-09-25,0.43607943751680006,15.40001451207454,0.172548420368669
2010-09-26,0.41342596024320005,14.600013758200538,0.16358486606380304
2010-09-27,0.3907724829696001,13.800013004326537,0.15462131175893715
2010-09-28,0.3794457443328001,13.400012627389536,0.1501395346065042
2010-09-29,0.36811900569600003,13.000012250452533,0.1456577574540712
2010-09-30,0.36528732103680006,12.900012156218283,0.14453731316596297
2010-10-01,0.3511288977408001,12.400011685047033,0.1389350917254218
2010-10-02,0.3454655284224,12.200011496578531,0.1366942031492053
2010-10-03,0.34263384376320005,12.10001140234428,0.13557375886109704
2010-10-04,0.34263384376320005,12.10001140234428,0.13557375886109704
2010-10-05,0.35962395171840006,12.700011967749782,0.1422964245897465
2010-10-06,0.37378237501440004,13.200012438921034,0.14789864603028768
2010-10-07,0.3907724829696001,13.800013004326537,0.15462131175893715
2010-10-08,0.44174280683520006,15.60001470054304,0.17478930894488545
2010-10-09,0.4332477528576001,15.300014417840291,0.17142797608056076
2010-10-10,0.4502378608128001,15.900014983245793,0.17815064180921017
2010-10-11,0.42475269888000006,15.000014135137539,0.168066643216236
2010-10-12,0.4559012301312001,16.100015171714293,0.18039153038542666
2010-10-13,0.44174280683520006,15.60001470054304,0.17478930894488545
2010-10-14,0.41342596024320005,14.600013758200538,0.16358486606380304
2010-10-15,0.3936041676288001,13.900013098560787,0.15574175604704538
2010-10-16,0.38227742899200007,13.500012721623786,0.15125997889461243
2010-10-17,0.37661405967360007,13.300012533155286,0.14901909031839594
2010-10-18,0.38510911365120004,13.600012815858035,0.15238042318272066
2010-10-19,0.4190893295616001,14.80001394666904,0.16582575464001956
2010-10-20,0.39643585228800005,14.000013192795036,0.1568622003351536
2010-10-21,0.38227742899200007,13.500012721623786,0.15125997889461243
2010-10-22,0.40776259092480005,14.400013569732037,0.16134397748758658
2010-10-23,0.5097032386560001,18.00001696216505,0.20167997185948322
2010-10-24,0.5521785085440001,19.5000183756788,0.21848663618110684
2010-10-25,0.9571094148096001,33.800031851176584,0.3787101693805851
2010-10-26,0.7107528494592001,25.100023652796818,0.2812315163151683
2010-10-27,0.5833270397952002,20.600019412255556,0.23081152335029748
2010-10-28,0.6059805170688001,21.400020166129554,0.23977507765516337
2010-10-29,0.7362380113920001,26.000024500905067,0.2913155149081424
2010-10-30,0.6201389403648001,21.90002063730081,0.24537729909570458
2010-10-31,0.6512874716160001,23.00002167387756,0.2577021862648952
2010-11-01,0.6201389403648001,21.90002063730081,0.24537729909570458
2010-11-02,0.5663369318400001,20.000018846850054,0.224088857621648
2010-11-03,0.5691686164992001,20.100018941084304,0.2252093019097563
2010-11-04,0.5946537784320001,21.000019789192553,0.2352933005027304
2010-11-05,0.5946537784320001,21.000019789192553,0.2352933005027304
2010-11-06,0.6059805170688001,21.400020166129554,0.23977507765516337
2010-11-07,0.6371290483200001,22.500021202706307,0.25209996482435404
2010-11-08,0.6088122017280001,21.500020260363808,0.24089552194327163
2010-11-09,0.6003171477504,21.200019977661054,0.23753418907894688
2010-11-10,0.6088122017280001,21.500020260363808,0.24089552194327163
2010-11-11,0.5776636704768,20.40001922378705,0.22857063477408093
2010-11-12,0.5436834545664001,19.20001809297605,0.21512530331678212
2010-11-13,0.5465151392256001,19.300018187210302,0.21624574760489035
2010-11-14,0.6059805170688001,21.400020166129554,0.23977507765516337
2010-11-15,0.5550101932032001,19.600018469913053,0.21960708046921507
2010-11-16,0.5861587244544001,20.700019506489806,0.23193196763840568
2010-11-17,0.5918220937728,20.900019694958303,0.23417285621462217
2010-11-18,0.5918220937728,20.900019694958303,0.23417285621462217
2010-11-19,0.5776636704768,20.40001922378705,0.22857063477408093
2010-11-20,0.5436834545664001,19.20001809297605,0.21512530331678212
2010-11-21,0.5635052471808001,19.9000187526158,0.22296841333353978
2010-11-22,0.5465151392256001,19.300018187210302,0.21624574760489035
2010-11-23,0.5323567159296001,18.80001771603905,0.21064352616434917
2010-11-24,0.5097032386560001,18.00001696216505,0.20167997185948322
2010-11-25,0.4813863920640001,17.000016019822546,0.19047552897840084
2010-11-26,0.40776259092480005,14.400013569732037,0.16134397748758658
2010-11-27,0.538020085248,19.000017904507548,0.2128844147405656
2010-11-28,0.5465151392256001,19.300018187210302,0.21624574760489035
2010-11-29,0.5181982926336001,18.300017244867796,0.20504130472380794
2010-11-30,0.49271313070080003,17.400016396759543,0.19495730613083376
2010-12-01,0.5097032386560001,18.00001696216505,0.20167997185948322
2010-12-02,0.49837650001920014,17.600016585228047,0.1971981947070503
2010-12-03,0.5097032386560001,18.00001696216505,0.20167997185948322
2010-12-04,0.5097032386560001,18.00001696216505,0.20167997185948322
2010-12-05,0.5012081846784,17.700016679462294,0.19831863899515847
2010-12-06,0.47855470740480005,16.900015925588292,0.18935508469029255
2010-12-07,0.4190893295616001,14.80001394666904,0.16582575464001956
2010-12-08,0.3794457443328001,13.400012627389536,0.1501395346065042
2010-12-09,0.4190893295616001,14.80001394666904,0.16582575464001956
2010-12-10,0.39643585228800005,14.000013192795036,0.1568622003351536
2010-12-11,0.3794457443328001,13.400012627389536,0.1501395346065042
2010-12-12,0.41342596024320005,14.600013758200538,0.16358486606380304
2010-12-13,0.3992675369472001,14.100013287029288,0.15798264462326186
2010-12-14,0.3936041676288001,13.900013098560787,0.15574175604704538
2010-12-15,0.4105942755840001,14.500013663966289,0.1624644217756948
2010-12-16,0.42758438353920003,15.100014229371789,0.16918708750434425
2010-12-17,0.38510911365120004,13.600012815858035,0.15238042318272066
2010-12-18,0.4502378608128001,15.900014983245793,0.17815064180921017
2010-12-19,0.4389111221760001,15.500014606308792,0.17366886465677722
2010-12-20,0.47855470740480005,16.900015925588292,0.18935508469029255
2010-12-21,0.49271313070080003,17.400016396759543,0.19495730613083376
2010-12-22,0.47289133808640005,16.70001573711979,0.1871141961140761
2010-12-23,0.46722796876800005,16.50001554865129,0.1848733075378596
2010-12-24,0.4389111221760001,15.500014606308792,0.17366886465677722
2010-12-25,0.39643585228800005,14.000013192795036,0.1568622003351536
2010-12-26,0.42758438353920003,15.100014229371789,0.16918708750434425
2010-12-27,0.4813863920640001,17.000016019822546,0.19047552897840084
2010-12-28,0.43041606819840006,15.20001432360604,0.1703075317924525
2010-12-29,0.47005965342720013,16.600015642885545,0.1859937518259679
2010-12-30,0.46722796876800005,16.50001554865129,0.1848733075378596
2010-12-31,0.43607943751680006,15.40001451207454,0.172548420368669
2011-01-01,0.3171486818304,11.200010554236028,0.12548976026812286
2011-01-02,0.4190893295616001,14.80001394666904,0.16582575464001956
2011-01-03,0.5266933466112002,18.60001752757055,0.20840263758813268
2011-01-04,0.4813863920640001,17.000016019822546,0.19047552897840084
2011-01-05,0.44740617615360007,15.80001488901154,0.17703019752110194
2011-01-06,0.43607943751680006,15.40001451207454,0.172548420368669
2011-01-07,0.4389111221760001,15.500014606308792,0.17366886465677722
2011-01-08,0.44174280683520006,15.60001470054304,0.17478930894488545
2011-01-09,0.4813863920640001,17.000016019822546,0.19047552897840084
2011-01-10,0.4643962841088,16.40001545441704,0.18375286324975137
2011-01-11,0.4162576449024,14.700013852434788,0.16470531035191127
2011-01-12,0.4813863920640001,17.000016019822546,0.19047552897840084
2011-01-13,0.5465151392256001,19.300018187210302,0.21624574760489035
2011-01-14,0.5266933466112002,18.60001752757055,0.20840263758813268
2011-01-15,0.49837650001920014,17.600016585228047,0.1971981947070503
2011-01-16,0.47855470740480005,16.900015925588292,0.18935508469029255
2011-01-17,0.4643962841088,16.40001545441704,0.18375286324975137
2011-01-18,0.4643962841088,16.40001545441704,0.18375286324975137
2011-01-19,0.45873291479040007,16.200015265948544,0.1815119746735349
2011-01-20,0.41342596024320005,14.600013758200538,0.16358486606380304
2011-01-21,0.4190893295616001,14.80001394666904,0.16582575464001956
2011-01-22,0.4643962841088,16.40001545441704,0.18375286324975137
2011-01-23,0.4049309062656001,14.300013475497789,0.16022353319947832
2011-01-24,0.3936041676288001,13.900013098560787,0.15574175604704538
2011-01-25,0.37095069035520006,13.100012344686784,0.14677820174217945
2011-01-26,0.4049309062656001,14.300013475497789,0.16022353319947832
2011-01-27,0.38510911365120004,13.600012815858035,0.15238042318272066
2011-01-28,0.3907724829696001,13.800013004326537,0.15462131175893715
2011-01-29,0.39643585228800005,14.000013192795036,0.1568622003351536
2011-01-30,0.39643585228800005,14.000013192795036,0.1568622003351536
2011-01-31,0.37661405967360007,13.300012533155286,0.14901909031839594
2011-02-01,0.3879407983104,13.700012910092283,0.1535008674708289
2011-02-02,0.31148531251200007,11.00001036576753,0.12324887169190642
2011-02-03,0.339802159104,12.00001130811003,0.13445331457298879
2011-02-04,0.36811900569600003,13.000012250452533,0.1456577574540712
2011-02-05,0.39643585228800005,14.000013192795036,0.1568622003351536
2011-02-06,0.40776259092480005,14.400013569732037,0.16134397748758658
2011-02-07,0.40209922160640005,14.200013381263537,0.1591030889113701
2011-02-08,0.41342596024320005,14.600013758200538,0.16358486606380304
2011-02-09,0.40209922160640005,14.200013381263537,0.1591030889113701
2011-02-10,0.3936041676288001,13.900013098560787,0.15574175604704538
2011-02-11,0.40776259092480005,14.400013569732037,0.16134397748758658
2011-02-12,0.4105942755840001,14.500013663966289,0.1624644217756948
2011-02-13,0.43041606819840006,15.20001432360604,0.1703075317924525
2011-02-14,0.4332477528576001,15.300014417840291,0.17142797608056076
2011-02-15,0.4643962841088,16.40001545441704,0.18375286324975137
2011-02-16,0.4559012301312001,16.100015171714293,0.18039153038542666
2011-02-17,0.4615645994496001,16.300015360182794,0.18263241896164314
2011-02-18,0.4643962841088,16.40001545441704,0.18375286324975137
2011-02-19,0.4615645994496001,16.300015360182794,0.18263241896164314
2011-02-20,0.46722796876800005,16.50001554865129,0.1848733075378596
2011-02-21,0.42475269888000006,15.000014135137539,0.168066643216236
2011-02-22,0.4162576449024,14.700013852434788,0.16470531035191127
2011-02-23,0.4389111221760001,15.500014606308792,0.17366886465677722
2011-02-24,0.44740617615360007,15.80001488901154,0.17703019752110194
2011-02-25,0.4502378608128001,15.900014983245793,0.17815064180921017
2011-02-26,0.4559012301312001,16.100015171714293,0.18039153038542666
2011-02-27,0.42475269888000006,15.000014135137539,0.168066643216236
2011-02-28,0.44457449149440004,15.70001479477729,0.17590975323299368
2011-03-01,0.4332477528576001,15.300014417840291,0.17142797608056076
2011-03-02,0.45306954547200007,16.000015077480043,0.17927108609731843
2011-03-03,0.45306954547200007,16.000015077480043,0.17927108609731843
2011-03-04,0.45873291479040007,16.200015265948544,0.1815119746735349
2011-03-05,0.4389111221760001,15.500014606308792,0.17366886465677722
2011-03-06,0.4502378608128001,15.900014983245793,0.17815064180921017
2011-03-07,0.4502378608128001,15.900014983245793,0.17815064180921017
2011-03-08,0.44740617615360007,15.80001488901154,0.17703019752110194
2011-03-09,0.44457449149440004,15.70001479477729,0.17590975323299368
2011-03-10,0.44457449149440004,15.70001479477729,0.17590975323299368
2011-03-11,0.49271313070080003,17.400016396759543,0.19495730613083376
2011-03-12,0.5125349233152001,18.1000170563993,0.2028004161475915
2011-03-13,0.5295250312704001,18.700017621804797,0.20952308187624089
2011-03-14,0.4813863920640001,17.000016019822546,0.19047552897840084
2011-03-15,0.5663369318400001,20.000018846850054,0.224088857621648
2011-03-16,0.6229706250240001,22.00002073153506,0.24649774338381283
2011-03-17,0.7192479034368001,25.400023935499565,0.284592849179493
2011-03-18,0.6852676875264001,24.20002280468856,0.2711475177221941
2011-03-19,0.6512874716160001,23.00002167387756,0.2577021862648952
2011-03-20,0.6314656790016001,22.30002101423781,0.24985907624813755
2011-03-21,0.6512874716160001,23.00002167387756,0.2577021862648952
2011-03-22,0.679604318208,24.00002261622006,0.26890662914597757
2011-03-23,0.6597825255936001,23.30002195658031,0.26106351912921993
2011-03-24,0.6569508409344,23.20002186234606,0.2599430748411117
2011-03-25,0.6484557869568001,22.900021579643308,0.25658174197678696
2011-03-26,0.6456241022976001,22.80002148540906,0.25546129768867876
2011-03-27,0.6342973636608,22.400021108472057,0.2509795205362457
2011-03-28,0.6512874716160001,23.00002167387756,0.2577021862648952
2011-03-29,0.6229706250240001,22.00002073153506,0.24649774338381283
2011-03-30,0.6173072557056001,21.800020543066555,0.24425685480759635
2011-03-31,0.6059805170688001,21.400020166129554,0.23977507765516337
2011-04-01,0.6286339943424001,22.200020920003556,0.2487386319600293
2011-04-02,0.7787132812800002,27.500025914418824,0.30812217922976604
2011-04-03,1.0052480540160003,35.50003345315885,0.39775772227842526
2011-04-04,0.8919806676480001,31.50002968378883,0.3529399507540956
2011-04-05,0.8919806676480001,31.50002968378883,0.3529399507540956
2011-04-06,0.9316242528768001,32.900031003068335,0.368626170787611
2011-04-07,0.9174658295808001,32.40003053189709,0.3630239493470698
2011-04-08,1.0222381619712002,36.100034018564344,0.4044803880070747
2011-04-09,1.1949709261824002,42.200039766853614,0.47282748958167736
2011-04-10,1.1808125028864003,41.70003929568236,0.4672252681411362
2011-04-11,1.1100203864064002,39.200036939826106,0.43921416093843013
2011-04-12,1.2431095653888002,43.900041368835865,0.4918750424795174
2011-04-13,1.3365551591424003,47.20004447856613,0.5288497039870893
2011-04-14,1.5772483551744003,55.7000524884774,0.6240874684762897
2011-04-15,1.4101789602816002,49.80004692865663,0.5579812554779036
2011-04-16,1.3790304290304003,48.70004589207988,0.545656368308713
2011-04-17,1.3422185284608001,47.40004466703462,0.5310905925633057
2011-04-18,1.5007928693760002,53.000049944152636,0.5938354726973673
2011-04-19,1.7839613352960002,63.00005936757766,0.7058799015081912
2011-04-20,1.6310503636992002,57.60005427892815,0.6453759099503463
2011-04-21,2.109605071104,74.50007020451643,0.8347309946406388
2011-04-22,2.1265951790592004,75.10007076992194,0.8414536603692884
2011-04-23,1.9651891534848005,69.4000653985697,0.7775883359471187
2011-04-24,1.8830702983680003,66.50006266577643,0.7450954515919797
2011-04-25,1.9538624148480004,69.00006502163268,0.7731065587946857
2011-04-26,1.8434267131392001,65.10006134649691,0.7294092315584643
2011-04-27,1.6678622642688001,58.9000555039734,0.6599416856957534
2011-04-28,1.6055652017664004,56.7000534308199,0.6352919113573722
2011-04-29,1.7981197585920004,63.50005983874892,0.7114821229487325
2011-04-30,1.6735256335872002,59.1000556924419,0.6621825742719698
2011-05-01,1.5545948779008,54.90005173460339,0.6151239141714238
2011-05-02,1.4413274915328003,50.900047965233384,0.5703061426470942
2011-05-03,1.3903571676672002,49.10004626901688,0.5501381454611459
2011-05-04,1.4526542301696002,51.300048342170385,0.5747879197995271
2011-05-05,1.6423771023360003,58.000054655865156,0.6498576871027792
2011-05-06,2.4494072302080006,86.50008151262648,0.9691843092136277
2011-05-07,4.502378608128001,159.0001498324579,1.7815064180921019
2011-05-08,5.8899040911360006,208.00019600724053,2.330524119265139
2011-05-09,6.597825255936001,233.0002195658031,2.6106351912921992
2011-05-10,6.371290483200001,225.0002120270631,2.5209996482435404
2011-05-11,6.258023096832001,221.00020825769306,2.4761818767192105
2011-05-12,5.125349233152001,181.00017056399298,2.0280041614759146
2011-05-13,4.813863920640001,170.00016019822544,1.9047552897840083
2011-05-14,6.258023096832001,221.00020825769306,2.4761818767192105
2011-05-15,8.721588750336002,308.0002902414908,3.45096840737338
2011-05-16,12.402778807296002,438.00041274601614,4.907545981914092
2011-05-17,12.855848352768001,454.0004278234962,5.08681706801141
2011-05-18,10.533866932224,372.0003505514109,4.168052751762652
2011-05-19,8.891489829888002,314.00029589554583,3.518195064659874
2011-05-20,6.880993721856001,243.00022898922813,2.722679620103023
2011-05-21,5.8899040911360006,208.00019600724053,2.330524119265139
2011-05-22,6.512874716160001,230.00021673877558,2.577021862648952
2011-05-23,7.787132812800001,275.0002591441882,3.0812217922976606
2011-05-24,8.013667585536002,283.00026668292827,3.1708573353463194
2011-05-25,7.249112727552001,256.0002412396807,2.868337377557095
2011-05-26,8.77822244352,310.0002921261758,3.473377293135544
2011-05-27,11.071887017472001,391.0003684559185,4.380937166503219
2011-05-28,12.799214659584003,452.0004259388112,5.064408182249245
2011-05-29,18.887336676864003,667.0006285424492,7.4733634016819614
2011-05-30,19.991693693952,706.0006652938068,7.910336674044174
2011-05-31,15.347730852864002,542.0005107496364,6.0728080415466605
2011-06-01,16.933474262016002,598.0005635208165,6.700256842887275
2011-06-02,19.397039915520004,685.0006455046143,7.675043373541445
2011-06-03,21.662387642880002,765.0007208920144,8.571398804028036
2011-06-04,21.549120256512005,761.0007171226446,8.526581032503708
2011-06-05,22.993279432704004,812.0007651821121,9.09800761943891
2011-06-06,25.060409233920005,885.0008339731148,9.915931949757926
2011-06-07,28.600015057920004,1010.0009517659277,11.316487309893224
2011-06-08,26.221399944192004,926.0008726091575,10.375314107882303
2011-06-09,25.570112472576003,903.0008509352798,10.117611921617408
2011-06-10,23.899418523648002,844.0007953370722,9.456549791633547
2011-06-11,22.511893040640004,795.0007491622896,8.907532090460508
2011-06-12,22.398625654272003,791.0007453929195,8.86271431893618
2011-06-13,21.577437103104003,762.000718064987,8.53778547538479
2011-06-14,20.926149631488002,739.0006963911094,8.280083289119894
2011-06-15,20.699614858752003,731.0006888523694,8.190447746071236
2011-06-16,21.860605569024003,772.0007274884119,8.649829904195613
2011-06-17,22.426942500864005,792.0007463352621,8.873918761817263
2011-06-18,19.227138835968002,679.0006398505593,7.60781671625495
2011-06-19,18.236049205248,644.0006068685716,7.215661215417065
2011-06-20,17.41486065408,615.000579540639,6.890732371865677
2011-06-21,15.517631932416002,548.0005164036914,6.140034698833155
2011-06-22,15.545948779008002,549.0005173460339,6.151239141714238
2011-06-23,17.641395426816004,623.0005870793792,6.9803679149143365
2011-06-24,19.651891534848,694.0006539856968,7.775883359471186
2011-06-25,19.935060000768004,704.0006634091219,7.887927788282011
2011-06-26,18.802386137088003,664.0006257154217,7.439750073038715
2011-06-27,17.726345966592003,626.0005899064066,7.013981243557583
2011-06-28,17.386543807488003,614.0005785982967,6.8795279289845945
2011-06-29,17.613078580224002,622.0005861370366,6.9691634720332525
2011-06-30,18.179415512064004,642.0006049838868,7.193252329654903
2011-07-01,17.188325881344003,607.0005720018991,6.801096828817018
2011-07-02,16.480404716544,582.0005484433365,6.520985756789957
2011-07-03,16.452087869952003,581.000547500994,6.509781313908875
2011-07-04,15.404364546048003,544.0005126343215,6.095216927308827
2011-07-05,14.271690682368002,504.0004749406213,5.64703921206553
2011-07-06,17.018424801792,601.000566347844,6.733870171530522
2011-07-07,14.498225455104002,512.0004824793614,5.73667475511419
2011-07-08,15.291097159680003,540.0005088649515,6.050399155784497
2011-07-09,13.903571676672001,491.0004626901688,5.501381454611459
2011-07-10,11.893075568640002,420.0003957838511,4.705866010054608
2011-07-11,11.666540795904002,412.0003882451111,4.616230467005949
2011-07-12,10.562183778816001,373.00035149375344,4.179257194643736
2011-07-13,11.015253324288002,389.00036657123354,4.358528280741054
2011-07-14,9.429509915136002,333.0003138000534,3.73107947940044
2011-07-15,8.608321363968,304.00028647212076,3.4061506358490496
2011-07-16,7.645548579840002,270.00025443247574,3.0251995778922485
2011-07-17,7.475647500288001,264.00024877842066,2.9579729206057537
2011-07-18,7.503964346880001,265.0002497207632,2.9691773634868364
2011-07-19,8.098618125312,286.00026950995573,3.2044706639895666
2011-07-20,6.9376274150400015,245.00023087391315,2.7450885058651884
2011-07-21,5.861587244544001,207.00019506489804,2.319319676384057
2011-07-22,5.266933466112,186.00017527570546,2.084026375881326
2011-07-23,4.813863920640001,170.00016019822544,1.9047552897840083
2011-07-24,4.474061761536,158.0001488901154,1.7703019752110192
2011-07-25,4.275843835392001,151.00014229371791,1.6918708750434428
2011-07-26,4.134259602432,146.00013758200538,1.6358486606380305
2011-07-27,4.020992216064001,142.0001338126354,1.591030889113701
2011-07-28,3.7378237501440004,132.00012438921033,1.4789864603028768
2011-07-29,3.4829721308160004,123.00011590812781,1.3781464743731355
2011-07-30,3.2564373580800003,115.00010836938779,1.288510931324476
2011-07-31,3.1148531251200007,110.0001036576753,1.2324887169190641
2011-08-01,3.2564373580800003,115.00010836938779,1.288510931324476
2011-08-02,3.0299025853440003,107.00010083064777,1.198875388275817
2011-08-03,2.9732688921600006,105.00009894596278,1.176466502513652
2011-08-04,2.8316846592000005,100.00009423425026,1.1204442881082401
2011-08-05,2.5428528239616,89.80008462235672,1.0061589707211995
2011-08-06,2.3021596279296004,81.30007661244547,0.9109212062319992
2011-08-07,2.0756248551936003,73.30006907370544,0.82128566318334
2011-08-08,1.9198821989376003,67.80006389082168,0.7596612273373867
2011-08-09,1.7782979659776001,62.80005917910916,0.7036390129319747
2011-08-10,1.6537038409728002,58.40005503280215,0.6543394642552122
2011-08-11,1.5602582472192004,55.100051923071895,0.6173648027476403
2011-08-12,1.4753077074432002,52.10004909604439,0.5837514741043931
2011-08-13,1.4016839063040003,49.50004664595388,0.554619922613579
2011-08-14,1.3988522216448003,49.40004655171963,0.5534994783254706
2011-08-15,1.5489315085824003,54.700051546134894,0.6128830255952074
2011-08-16,1.3988522216448003,49.40004655171963,0.5534994783254706
2011-08-17,1.2940798892544003,45.70004306505238,0.5120430396654657
2011-08-18,1.2091293494784003,42.70004023802487,0.4784297110222186
2011-08-19,1.1723174489088002,41.40003901297961,0.46386393527681136
2011-08-20,1.1949709261824002,42.200039766853614,0.47282748958167736
2011-08-21,1.1100203864064002,39.200036939826106,0.43921416093843013
2011-08-22,1.1015253324288001,38.90003665712335,0.43585282807410536
2011-08-23,1.0448916392448002,36.900034772438346,0.41344394231194065
2011-08-24,0.9797628920832002,34.60003260505059,0.3876737236854511
2011-08-25,0.9712678381056,34.30003232234783,0.38431239082112634
2011-08-26,1.0279015312896,36.30003420703284,0.4067212765832911
2011-08-27,1.033564900608,36.500034395501345,0.4089621651595076
2011-08-28,0.9825945767424002,34.70003269928485,0.38879416797355937
2011-08-29,1.0420599545856,36.80003467820409,0.4123234980238323
2011-08-30,1.0307332159488,36.40003430126709,0.4078417208713994
2011-08-31,0.9514460454912002,33.60003166270809,0.37646928080436864
2011-09-01,0.9316242528768001,32.900031003068335,0.368626170787611
2011-09-02,0.8466737131008001,29.900028176040827,0.3350128421443638
2011-09-03,0.8523370824192001,30.100028364509328,0.3372537307205803
2011-09-04,0.7730499119616001,27.30002572595032,0.3058812906535496
2011-09-05,0.7475647500288001,26.400024877842068,0.29579729206057537
2011-09-06,0.8721588750336001,30.80002902414908,0.345096840737338
2011-09-07,1.2516046193664003,44.20004165153862,0.4952363753438422
2011-09-08,1.1213471250432,39.6000373167631,0.4436959380908631
2011-09-09,0.9939213153792001,35.10003307622184,0.3932759451259923
2011-09-10,0.9287925682176,32.80003090883408,0.36750572649950275
2011-09-11,0.8891489829888001,31.40002958955458,0.35181950646598736
2011-09-12,0.8721588750336001,30.80002902414908,0.345096840737338
2011-09-13,0.8466737131008001,29.900028176040827,0.3350128421443638
2011-09-14,0.8268519204864001,29.200027516401075,0.3271697321276061
2011-09-15,1.0788718551552001,38.10003590324935,0.42688927376923946
2011-09-16,1.0732084858368,37.90003571478085,0.42464838519302295
2011-09-17,1.0958619631104003,38.70003646865486,0.43361193949788895
2011-09-18,1.1666540795904004,41.20003882451111,0.46162304670059495
2011-09-19,1.0448916392448002,36.900034772438346,0.41344394231194065
2011-09-20,0.9967530000384003,35.200033170456095,0.3943963894141006
2011-09-21,0.9429509915136001,33.300031380005336,0.3731079479400439
2011-09-22,0.9004757216256002,31.800029966491586,0.35630128361842034
2011-09-23,0.8608321363968001,30.40002864721208,0.340615063584905
2011-09-24,0.8268519204864001,29.200027516401075,0.3271697321276061
2011-09-25,0.8098618125312002,28.600026950995577,0.32044706639895665
2011-09-26,0.7843766505984001,27.70002610288732,0.3103630678059825
2011-09-27,0.7617231733248001,26.90002534901332,0.3013995135011166
2011-09-28,0.7164162187776001,25.300023841265315,0.2834724048913847
2011-09-29,0.7079211648000001,25.000023558562564,0.28011107202706004
2011-09-30,0.6767726335488,23.90002252198581,0.26778618485786937
2011-10-01,0.6569508409344,23.20002186234606,0.2599430748411117
2011-10-02,0.6597825255936001,23.30002195658031,0.26106351912921993
2011-10-03,0.6767726335488,23.90002252198581,0.26778618485786937
2011-10-04,0.7362380113920001,26.000024500905067,0.2913155149081424
2011-10-05,0.8976440369664002,31.700029872257332,0.35518083933031214
2011-10-06,0.9401193068544003,33.20003128577109,0.3719875036519358
2011-10-07,1.0052480540160003,35.50003345315885,0.39775772227842526
2011-10-08,1.0307332159488,36.40003430126709,0.4078417208713994
2011-10-09,1.0080797386752003,35.600033547393096,0.3988781665665336
2011-10-10,1.0024163693568,35.40003335892459,0.39663727799031695
2011-10-11,1.0109114233344003,35.70003364162735,0.3999986108546418
2011-10-12,1.0477233239040002,37.0000348666726,0.4145643866000489
2011-10-13,1.0250698466304002,36.2000341127986,0.405600832295183
2011-10-14,1.0448916392448002,36.900034772438346,0.41344394231194065
2011-10-15,1.0901985937920002,38.50003628018635,0.4313710509216725
2011-10-16,1.1156837557248,39.4000371282946,0.44145504951464654
2011-10-17,1.2402778807296002,43.80004127460162,0.49075459819140915
2011-10-18,1.2770897812992001,45.10004249964687,0.5053203739368163
2011-10-19,1.1581590256128,40.90003854180835,0.4582617138362701
2011-10-20,1.1383372329984003,40.20003788216861,0.4504186038195126
2011-10-21,1.118515440384,39.50003722252885,0.4425754938027548
2011-10-22,1.0986936477696,38.8000365628891,0.4347323837859971
2011-10-23,1.0533866932224003,37.2000350551411,0.41680527517626537
2011-10-24,1.0279015312896,36.30003420703284,0.4067212765832911
2011-10-25,1.0647134318592002,37.6000354320781,0.42128705232869834
2011-10-26,1.3365551591424003,47.20004447856613,0.5288497039870893
2011-10-27,1.2006342955008,42.40003995532211,0.47506837815789377
2011-10-28,0.9967530000384003,35.200033170456095,0.3943963894141006
2011-10-29,0.8155251818496001,28.800027139464074,0.32268795497517316
2011-10-30,0.7164162187776001,25.300023841265315,0.2834724048913847
2011-10-31,0.679604318208,24.00002261622006,0.26890662914597757
2011-11-01,0.7079211648000001,25.000023558562564,0.28011107202706004
2011-11-02,0.6994261108224001,24.700023275859817,0.2767497391627353
2011-11-03,0.5238616619520001,18.5000174333363,0.20728219330002445
2011-11-04,0.6569508409344,23.20002186234606,0.2599430748411117
2011-11-05,0.7164162187776001,25.300023841265315,0.2834724048913847
2011-11-06,0.6116438863872001,21.60002035459806,0.24201596623137986
2011-11-07,0.5351884005888,18.900017810273297,0.21176397045245737
2011-11-08,0.5720003011584001,20.20001903531855,0.2263297461978645
2011-11-09,0.4898814460416001,17.300016302525297,0.19383686184272556
2011-11-10,0.4559012301312001,16.100015171714293,0.18039153038542666
2011-11-11,0.4842180767232001,17.100016114056796,0.19159597326650907
2011-11-12,0.5606735625216,19.80001865838155,0.22184796904543155
2011-11-13,0.5635052471808001,19.9000187526158,0.22296841333353978
2011-11-14,0.5635052471808001,19.9000187526158,0.22296841333353978
2011-11-15,0.5635052471808001,19.9000187526158,0.22296841333353978
2011-11-16,0.49271313070080003,17.400016396759543,0.19495730613083376
2011-11-17,0.4615645994496001,16.300015360182794,0.18263241896164314
2011-11-18,0.5181982926336001,18.300017244867796,0.20504130472380794
2011-11-19,0.5210299772928,18.400017339102046,0.20616174901191614
2011-11-20,0.5153666079744,18.200017150633546,0.2039208604356997
2011-11-21,0.4870497613824,17.200016208291043,0.19271641755461727
2011-11-22,0.5012081846784,17.700016679462294,0.19831863899515847
2011-11-23,0.4813863920640001,17.000016019822546,0.19047552897840084
2011-11-24,0.4757230227456001,16.800015831354045,0.18823464040218432
2011-11-25,0.5012081846784,17.700016679462294,0.19831863899515847
2011-11-26,0.4190893295616001,14.80001394666904,0.16582575464001956
2011-11-27,0.34263384376320005,12.10001140234428,0.13557375886109704
2011-11-28,0.44740617615360007,15.80001488901154,0.17703019752110194
2011-11-29,0.4813863920640001,17.000016019822546,0.19047552897840084
2011-11-30,0.4190893295616001,14.80001394666904,0.16582575464001956
2011-12-01,0.44457449149440004,15.70001479477729,0.17590975323299368
2011-12-02,0.3794457443328001,13.400012627389536,0.1501395346065042
2011-12-03,0.4332477528576001,15.300014417840291,0.17142797608056076
2011-12-04,0.38510911365120004,13.600012815858035,0.15238042318272066
2011-12-05,0.3001585738752,10.600009988830527,0.11876709453947344
2011-12-06,0.25088726080512,8.860008349154572,0.09927136392639006
2011-12-07,0.2916635198976001,10.300009706127778,0.11540576167514874
2011-12-08,0.35679226705920003,12.600011873515532,0.14117598030163825
2011-12-09,0.35396058240000006,12.500011779281282,0.14005553601353002
2011-12-10,0.36528732103680006,12.900012156218283,0.14453731316596297
2011-12-11,0.37661405967360007,13.300012533155286,0.14901909031839594
2011-12-12,0.36811900569600003,13.000012250452533,0.1456577574540712
2011-12-13,0.41342596024320005,14.600013758200538,0.16358486606380304
2011-12-14,0.40209922160640005,14.200013381263537,0.1591030889113701
2011-12-15,0.3936041676288001,13.900013098560787,0.15574175604704538
2011-12-16,0.38510911365120004,13.600012815858035,0.15238042318272066
2011-12-17,0.37095069035520006,13.100012344686784,0.14677820174217945
2011-12-18,0.38227742899200007,13.500012721623786,0.15125997889461243
2011-12-19,0.40776259092480005,14.400013569732037,0.16134397748758658
2011-12-20,0.4049309062656001,14.300013475497789,0.16022353319947832
2011-12-21,0.37095069035520006,13.100012344686784,0.14677820174217945
2011-12-22,0.3794457443328001,13.400012627389536,0.1501395346065042
2011-12-23,0.3001585738752,10.600009988830527,0.11876709453947344
2011-12-24,0.33130710512640005,11.70001102540728,0.1310919817086641
2011-12-25,0.37378237501440004,13.200012438921034,0.14789864603028768
2011-12-26,0.3879407983104,13.700012910092283,0.1535008674708289
2011-12-27,0.36811900569600003,13.000012250452533,0.1456577574540712
2011-12-28,0.3624556363776001,12.800012061984035,0.14341686887785476
2011-12-29,0.4049309062656001,14.300013475497789,0.16022353319947832
2011-12-30,0.4190893295616001,14.80001394666904,0.16582575464001956
2011-12-31,0.41342596024320005,14.600013758200538,0.16358486606380304
2012-01-01,0.3936041676288001,13.900013098560787,0.15574175604704538
2012-01-02,0.4332477528576001,15.300014417840291,0.17142797608056076
2012-01-03,0.42475269888000006,15.000014135137539,0.168066643216236
2012-01-04,0.38227742899200007,13.500012721623786,0.15125997889461243
2012-01-05,0.3794457443328001,13.400012627389536,0.1501395346065042
2012-01-06,0.38227742899200007,13.500012721623786,0.15125997889461243
2012-01-07,0.38510911365120004,13.600012815858035,0.15238042318272066
2012-01-08,0.3794457443328001,13.400012627389536,0.1501395346065042
2012-01-09,0.34829721308160005,12.300011590812781,0.13781464743731353
2012-01-10,0.3511288977408001,12.400011685047033,0.1389350917254218
2012-01-11,0.3624556363776001,12.800012061984035,0.14341686887785476
2012-01-12,0.2916635198976001,10.300009706127778,0.11540576167514874
2012-01-13,0.36528732103680006,12.900012156218283,0.14453731316596297
2012-01-14,0.36811900569600003,13.000012250452533,0.1456577574540712
2012-01-15,0.37661405967360007,13.300012533155286,0.14901909031839594
2012-01-16,0.3879407983104,13.700012910092283,0.1535008674708289
2012-01-17,0.339802159104,12.00001130811003,0.13445331457298879
2012-01-18,0.37661405967360007,13.300012533155286,0.14901909031839594
2012-01-19,0.4105942755840001,14.500013663966289,0.1624644217756948
2012-01-20,0.41342596024320005,14.600013758200538,0.16358486606380304
2012-01-21,0.40209922160640005,14.200013381263537,0.1591030889113701
2012-01-22,0.4190893295616001,14.80001394666904,0.16582575464001956
2012-01-23,0.3879407983104,13.700012910092283,0.1535008674708289
2012-01-24,0.4219210142208001,14.90001404090329,0.1669461989281278
2012-01-25,0.40209922160640005,14.200013381263537,0.1591030889113701
2012-01-26,0.3992675369472001,14.100013287029288,0.15798264462326186
2012-01-27,0.41342596024320005,14.600013758200538,0.16358486606380304
2012-01-28,0.3624556363776001,12.800012061984035,0.14341686887785476
2012-01-29,0.4105942755840001,14.500013663966289,0.1624644217756948
2012-01-30,0.4105942755840001,14.500013663966289,0.1624644217756948
2012-01-31,0.40209922160640005,14.200013381263537,0.1591030889113701
2012-02-01,0.35962395171840006,12.700011967749782,0.1422964245897465
2012-02-02,0.37095069035520006,13.100012344686784,0.14677820174217945
2012-02-03,0.33697047444480005,11.90001121387578,0.13333287028488058
2012-02-04,0.31998036648960004,11.300010648470279,0.12661020455623112
2012-02-05,0.31148531251200007,11.00001036576753,0.12324887169190642
2012-02-06,0.33697047444480005,11.90001121387578,0.13333287028488058
2012-02-07,0.32564373580800005,11.50001083693878,0.1288510931324476
2012-02-08,0.31148531251200007,11.00001036576753,0.12324887169190642
2012-02-09,0.34263384376320005,12.10001140234428,0.13557375886109704
2012-02-10,0.33697047444480005,11.90001121387578,0.13333287028488058
2012-02-11,0.3341387897856001,11.800011119641532,0.13221242599677233
2012-02-12,0.3284754204672,11.60001093117303,0.12997153742055584
2012-02-13,0.33130710512640005,11.70001102540728,0.1310919817086641
2012-02-14,0.33130710512640005,11.70001102540728,0.1310919817086641
2012-02-15,0.31998036648960004,11.300010648470279,0.12661020455623112
2012-02-16,0.30865362785280004,10.900010271533278,0.12212842740379817
2012-02-17,0.27042588495360004,9.550008999370899,0.10700242951433692
2012-02-18,0.28061994972672005,9.910009338614202,0.1110360289515266
2012-02-19,0.27042588495360004,9.550008999370899,0.10700242951433692
2012-02-20,0.28316846592000006,10.000009423425027,0.112044428810824
2012-02-21,0.28600015057920003,10.100009517659275,0.11316487309893225
2012-02-22,0.28600015057920003,10.100009517659275,0.11316487309893225
2012-02-23,0.28175262359040004,9.9500093763079,0.11148420666676989
2012-02-24,0.25598429319168003,9.040008518776224,0.10128816364498491
2012-02-25,0.27297440114688004,9.640009084181726,0.10801082937363435
2012-02-26,0.2752397488742401,9.720009159569127,0.10890718480412094
2012-02-27,0.25824964091904,9.120008594163624,0.10218451907547148
2012-02-28,0.28600015057920003,10.100009517659275,0.11316487309893225
2012-02-29,0.2789209389312,9.85000928207365,0.11036376237866163
2012-03-01,0.2789209389312,9.85000928207365,0.11036376237866163
2012-03-02,0.26306350483968,9.290008754361848,0.10408927436525549
2012-03-03,0.2607981571123201,9.21000867897445,0.10319291893476892
2012-03-04,0.27099222188544003,9.57000901821775,0.10722651837195857
2012-03-05,0.2607981571123201,9.21000867897445,0.10319291893476892
2012-03-06,0.2678773687603201,9.460008914560076,0.10599402965503954
2012-03-07,0.29449520455680006,10.400009800362028,0.11652620596325698
2012-03-08,0.24918825000960007,8.800008292614024,0.09859909735352515
2012-03-09,0.27099222188544003,9.57000901821775,0.10722651837195857
2012-03-10,0.31148531251200007,11.00001036576753,0.12324887169190642
2012-03-11,0.339802159104,12.00001130811003,0.13445331457298879
2012-03-12,0.35679226705920003,12.600011873515532,0.14117598030163825
2012-03-13,0.3794457443328001,13.400012627389536,0.1501395346065042
2012-03-14,0.4049309062656001,14.300013475497789,0.16022353319947832
2012-03-15,0.44457449149440004,15.70001479477729,0.17590975323299368
2012-03-16,0.5181982926336001,18.300017244867796,0.20504130472380794
2012-03-17,0.5889904091136001,20.800019600724056,0.23305241192651396
2012-03-18,0.6541191562752001,23.100021768111812,0.2588226305530035
2012-03-19,0.6229706250240001,22.00002073153506,0.24649774338381283
2012-03-20,0.5578418778624,19.7000185641473,0.22072752475732327
2012-03-21,0.5181982926336001,18.300017244867796,0.20504130472380794
2012-03-22,0.5238616619520001,18.5000174333363,0.20728219330002445
2012-03-23,0.6314656790016001,22.30002101423781,0.24985907624813755
2012-03-24,0.8126934971904001,28.700027045229824,0.3215675106870649
2012-03-25,0.9797628920832002,34.60003260505059,0.3876737236854511
2012-03-26,1.1751491335680002,41.50003910721386,0.46498437956491967
2012-03-27,1.3931888523264002,49.200046363251126,0.5512585897492541
2012-03-28,1.6367137330176003,57.80005446739665,0.6476167985265627
2012-03-29,1.8717435597312002,66.10006228883942,0.7406136744395467
2012-03-30,2.0473080086016004,72.30006813136295,0.8100812203022576
2012-03-31,2.4069319603200006,85.00008009911272,0.9523776448920042
2012-04-01,3.0299025853440003,107.00010083064777,1.198875388275817
2012-04-02,3.2281205114880005,114.0001074270453,1.2773064884433938
2012-04-03,2.3814467983872003,84.10007925100447,0.9422936462990299
2012-04-04,1.8349316591616003,64.80006106379417,0.7260478986941395
2012-04-05,2.0161594773504006,71.20006709478619,0.7977563331330672
2012-04-06,1.9057237756416001,67.30006341965041,0.7540590058968455
2012-04-07,1.7443177500672002,61.60005804829816,0.690193681474676
2012-04-08,1.6537038409728002,58.40005503280215,0.6543394642552122
2012-04-09,1.8236049205248004,64.40006068685717,0.7215661215417066
2012-04-10,2.3049913125888004,81.40007670667971,0.9120416505201074
2012-04-11,2.7410707501056004,96.80009121875425,1.0845900708887763
2012-04-12,2.8883183523840006,102.00009611893528,1.1428531738704049
2012-04-13,2.4380804915712,86.10008113568946,0.9647025320611946
2012-04-14,2.0897832784896004,73.80006954487669,0.8268878846238813
2012-04-15,1.9198821989376003,67.80006389082168,0.7596612273373867
2012-04-16,1.7584761733632004,62.100058519469414,0.6957959029152171
2012-04-17,1.5772483551744003,55.7000524884774,0.6240874684762897
2012-04-18,1.6027335171072004,56.60005333658565,0.6341714670692639
2012-04-19,1.8207732358656001,64.30006059262291,0.7204456772535984
2012-04-20,1.6112285710848002,56.9000536192884,0.6375327999335886
2012-04-21,1.6848523722240003,59.50005606937891,0.666664351424403
2012-04-22,2.0954466478080005,74.0000697333452,0.8291287732000978
2012-04-23,2.5570112472576003,90.30008509352798,1.0117611921617409
2012-04-24,3.1714868183040004,112.00010554236029,1.2548976026812289
2012-04-25,3.9643585228800005,140.00013192795035,1.5686220033515361
2012-04-26,4.38911122176,155.0001460630879,1.736688646567772
2012-04-27,5.493468238848001,194.0001828144455,2.173661918929986
2012-04-28,4.190893295616001,148.0001394666904,1.6582575464001956
2012-04-29,3.4829721308160004,123.00011590812781,1.3781464743731355
2012-04-30,3.1714868183040004,112.00010554236029,1.2548976026812289
2012-05-01,3.1714868183040004,112.00010554236029,1.2548976026812289
2012-05-02,3.0865362785280004,109.00010271533279,1.2212842740379817
2012-05-03,3.3130710512640005,117.00011025407281,1.3109198170866407
2012-05-04,4.020992216064001,142.0001338126354,1.591030889113701
2012-05-05,4.785547074048001,169.00015925588295,1.8935508469029259
2012-05-06,4.728913380864001,167.00015737119796,1.8711419611407611
2012-05-07,4.134259602432,146.00013758200538,1.6358486606380305
2012-05-08,3.6245563637760005,128.00012061984035,1.4341686887785474
2012-05-09,3.5396058240000006,125.00011779281283,1.4005553601353002
2012-05-10,4.049309062656,143.00013475497786,1.6022353319947833
2012-05-11,4.502378608128001,159.0001498324579,1.7815064180921019
2012-05-12,4.190893295616001,148.0001394666904,1.6582575464001956
2012-05-13,3.7944574433280005,134.00012627389535,1.5013953460650415
2012-05-14,3.3413878978560003,118.0001111964153,1.3221242599677232
2012-05-15,3.5112889774080007,124.00011685047033,1.3893509172542178
2012-05-16,3.9077248296960008,138.00013004326536,1.5462131175893714
2012-05-17,3.8794079831040005,137.00012910092286,1.5350086747082887
2012-05-18,3.9926753694720007,141.00013287029287,1.5798264462326186
2012-05-19,4.219210142208,149.00014040903287,1.6694619892812776
2012-05-20,3.7095069035520005,131.00012344686783,1.4677820174217946
2012-05-21,3.4829721308160004,123.00011590812781,1.3781464743731355
2012-05-22,4.219210142208,149.00014040903287,1.6694619892812776
2012-05-23,5.125349233152001,181.00017056399298,2.0280041614759146
2012-05-24,4.728913380864001,167.00015737119796,1.8711419611407611
2012-05-25,3.9643585228800005,140.00013192795035,1.5686220033515361
2012-05-26,4.077625909248001,144.0001356973204,1.6134397748758658
2012-05-27,4.360794375168001,154.0001451207454,1.72548420368669
2012-05-28,3.822774289920001,135.00012721623787,1.5125997889461242
2012-05-29,3.5962395171840007,127.00011967749784,1.422964245897465
2012-05-30,3.6811900569600007,130.00012250452534,1.4565775745407121
2012-05-31,3.8510911365120006,136.00012815858037,1.5238042318272067
2012-06-01,3.8510911365120006,136.00012815858037,1.5238042318272067
2012-06-02,4.020992216064001,142.0001338126354,1.591030889113701
2012-06-03,3.6245563637760005,128.00012061984035,1.4341686887785474
2012-06-04,3.5396058240000006,125.00011779281283,1.4005553601353002
2012-06-05,3.4546552842240006,122.00011496578531,1.366942031492053
2012-06-06,3.4546552842240006,122.00011496578531,1.366942031492053
2012-06-07,3.2564373580800003,115.00010836938779,1.288510931324476
2012-06-08,3.0299025853440003,107.00010083064777,1.198875388275817
2012-06-09,2.8316846592000005,100.00009423425026,1.1204442881082401
2012-06-10,2.6674469489664006,94.20008876866375,1.0554585193979622
2012-06-11,2.2257041421312,78.60007406812069,0.8806692104530767
2012-06-12,2.0020010540544004,70.70006662361494,0.7921541116925258
2012-06-13,1.8943970370048004,66.90006304271343,0.7495772287444127
2012-06-14,1.8717435597312002,66.10006228883942,0.7406136744395467
2012-06-15,1.7613078580224004,62.20005861370367,0.6969163472033254
2012-06-16,1.6593672102912003,58.60005522127065,0.6565803528314287
2012-06-17,1.6112285710848002,56.9000536192884,0.6375327999335886
2012-06-18,1.5970701477888003,56.40005314811715,0.6319305784930475
2012-06-19,1.4922978153984003,52.70004966144989,0.5904741398330426
2012-06-20,1.3875254830080002,49.000046174782625,0.5490177011730376
2012-06-21,1.2346145114112002,43.60004108613311,0.4885137096151927
2012-06-22,1.118515440384,39.50003722252885,0.4425754938027548
2012-06-23,1.0505550085632003,37.100034960906854,0.4156848308881571
2012-06-24,1.0165747926528002,35.90003383009584,0.4022394994308582
2012-06-25,0.9486143608320001,33.50003156847384,0.3753488365162604
2012-06-26,0.8664955057152002,30.600028835680583,0.3428559521611215
2012-06-27,0.8325152898048,29.400027704869576,0.32941062070382254
2012-06-28,0.8013667585536002,28.300026668292826,0.31708573353463193
2012-06-29,0.7588914886656002,26.800025254779072,0.3002790692130084
2012-06-30,0.6880993721856001,24.300022898922816,0.27226796201030234
2012-07-01,0.6258023096832002,22.10002082576931,0.2476181876719211
2012-07-02,0.580495355136,20.5000193180213,0.22969107906218922
2012-07-03,0.5776636704768,20.40001922378705,0.22857063477408093
2012-07-04,0.5889904091136001,20.800019600724056,0.23305241192651396
2012-07-05,0.6456241022976001,22.80002148540906,0.25546129768867876
2012-07-06,0.7787132812800002,27.500025914418824,0.30812217922976604
2012-07-07,1.2600996733440002,44.50004193424137,0.49859770820816685
2012-07-08,1.0901985937920002,38.50003628018635,0.4313710509216725
2012-07-09,0.8070301278720001,28.500026856761323,0.31932662211084845
2012-07-10,0.6456241022976001,22.80002148540906,0.25546129768867876
2012-07-11,0.5663369318400001,20.000018846850054,0.224088857621648
2012-07-12,0.5153666079744,18.200017150633546,0.2039208604356997
2012-07-13,0.47855470740480005,16.900015925588292,0.18935508469029255
2012-07-14,0.5012081846784,17.700016679462294,0.19831863899515847
2012-07-15,0.6399607329792001,22.600021296940557,0.25322040911246224
2012-07-16,0.6371290483200001,22.500021202706307,0.25209996482435404
2012-07-17,1.2119610341376001,42.80004033225911,0.47955015531032674
2012-07-18,0.7617231733248001,26.90002534901332,0.3013995135011166
2012-07-19,0.6767726335488,23.90002252198581,0.26778618485786937
2012-07-20,0.6597825255936001,23.30002195658031,0.26106351912921993
2012-07-21,0.6541191562752001,23.100021768111812,0.2588226305530035
2012-07-22,1.0986936477696,38.8000365628891,0.4347323837859971
2012-07-23,0.9429509915136001,33.300031380005336,0.3731079479400439
2012-07-24,0.8070301278720001,28.500026856761323,0.31932662211084845
2012-07-25,1.1355055483392003,40.100037787934355,0.4492981595314043
2012-07-26,0.8891489829888001,31.40002958955458,0.35181950646598736
2012-07-27,0.6852676875264001,24.20002280468856,0.2711475177221941
2012-07-28,0.8693271903744001,30.70002892991483,0.34397639644922967
2012-07-29,0.8325152898048,29.400027704869576,0.32941062070382254
2012-07-30,0.9995846846976001,35.30003326469034,0.3955168337022087
2012-07-31,0.7192479034368001,25.400023935499565,0.284592849179493
2012-08-01,0.6088122017280001,21.500020260363808,0.24089552194327163
2012-08-02,0.5351884005888,18.900017810273297,0.21176397045245737
2012-08-03,0.4870497613824,17.200016208291043,0.19271641755461727
2012-08-04,0.4502378608128001,15.900014983245793,0.17815064180921017
2012-08-05,0.38510911365120004,13.600012815858035,0.15238042318272066
2012-08-06,0.35962395171840006,12.700011967749782,0.1422964245897465
2012-08-07,0.4502378608128001,15.900014983245793,0.17815064180921017
2012-08-08,0.37378237501440004,13.200012438921034,0.14789864603028768
2012-08-09,0.339802159104,12.00001130811003,0.13445331457298879
2012-08-10,0.33697047444480005,11.90001121387578,0.13333287028488058
2012-08-11,0.3454655284224,12.200011496578531,0.1366942031492053
2012-08-12,0.38510911365120004,13.600012815858035,0.15238042318272066
2012-08-13,0.5521785085440001,19.5000183756788,0.21848663618110684
2012-08-14,0.9259608835584002,32.70003081459984,0.36638528221139455
2012-08-15,0.6597825255936001,23.30002195658031,0.26106351912921993
2012-08-16,0.5097032386560001,18.00001696216505,0.20167997185948322
2012-08-17,0.44457449149440004,15.70001479477729,0.17590975323299368
2012-08-18,0.37661405967360007,13.300012533155286,0.14901909031839594
2012-08-19,0.31431699717120004,11.100010460001778,0.12436931598001465
2012-08-20,0.31148531251200007,11.00001036576753,0.12324887169190642
2012-08-21,0.32281205114880007,11.40001074270453,0.12773064884433938
2012-08-22,0.31431699717120004,11.100010460001778,0.12436931598001465
2012-08-23,0.4332477528576001,15.300014417840291,0.17142797608056076
2012-08-24,0.7730499119616001,27.30002572595032,0.3058812906535496
2012-08-25,0.6994261108224001,24.700023275859817,0.2767497391627353
2012-08-26,0.5097032386560001,18.00001696216505,0.20167997185948322
2012-08-27,0.4219210142208001,14.90001404090329,0.1669461989281278
2012-08-28,0.3624556363776001,12.800012061984035,0.14341686887785476
2012-08-29,0.34829721308160005,12.300011590812781,0.13781464743731353
2012-08-30,0.3624556363776001,12.800012061984035,0.14341686887785476
2012-08-31,0.35962395171840006,12.700011967749782,0.1422964245897465
2012-09-01,0.3511288977408001,12.400011685047033,0.1389350917254218
2012-09-02,0.33130710512640005,11.70001102540728,0.1310919817086641
2012-09-03,0.31148531251200007,11.00001036576753,0.12324887169190642
2012-09-04,0.2888318352384,10.200009611893526,0.11428531738704047
2012-09-05,0.24579022841856002,8.680008179532923,0.09725456420779523
2012-09-06,0.22511893040640005,7.950007491622896,0.08907532090460508
2012-09-07,0.2514535977369601,8.880008368001425,0.09949545278401174
2012-09-08,0.25598429319168003,9.040008518776224,0.10128816364498491
2012-09-09,0.24069319603200004,8.500008009911273,0.09523776448920042
2012-09-10,0.2321981420544,8.20000772720852,0.09187643162487569
2012-09-11,0.30299025853440004,10.700010083064777,0.11988753882758169
2012-09-12,0.7220795880960001,25.50002402973382,0.2857132934676012
2012-09-13,0.7334063267328,25.900024406670816,0.29019507062003413
2012-09-14,0.5521785085440001,19.5000183756788,0.21848663618110684
2012-09-15,0.47289133808640005,16.70001573711979,0.1871141961140761
2012-09-16,0.42475269888000006,15.000014135137539,0.168066643216236
2012-09-17,0.42475269888000006,15.000014135137539,0.168066643216236
2012-09-18,0.46722796876800005,16.50001554865129,0.1848733075378596
2012-09-19,0.47005965342720013,16.600015642885545,0.1859937518259679
2012-09-20,0.4190893295616001,14.80001394666904,0.16582575464001956
2012-09-21,0.3879407983104,13.700012910092283,0.1535008674708289
2012-09-22,0.3936041676288001,13.900013098560787,0.15574175604704538
2012-09-23,0.4615645994496001,16.300015360182794,0.18263241896164314
2012-09-24,0.5493468238848,19.40001828144455,0.21736619189299855
2012-09-25,0.6994261108224001,24.700023275859817,0.2767497391627353
2012-09-26,1.0052480540160003,35.50003345315885,0.39775772227842526
2012-09-27,0.8664955057152002,30.600028835680583,0.3428559521611215
2012-09-28,0.7588914886656002,26.800025254779072,0.3002790692130084
2012-09-29,0.5918220937728,20.900019694958303,0.23417285621462217
2012-09-30,0.4502378608128001,15.900014983245793,0.17815064180921017
2012-10-01,0.3511288977408001,12.400011685047033,0.1389350917254218
2012-10-02,0.3171486818304,11.200010554236028,0.12548976026812286
2012-10-03,0.29449520455680006,10.400009800362028,0.11652620596325698
2012-10-04,0.32281205114880007,11.40001074270453,0.12773064884433938
2012-10-05,0.34263384376320005,12.10001140234428,0.13557375886109704
2012-10-06,0.35396058240000006,12.500011779281282,0.14005553601353002
2012-10-07,0.37378237501440004,13.200012438921034,0.14789864603028768
2012-10-08,0.37095069035520006,13.100012344686784,0.14677820174217945
2012-10-09,0.40776259092480005,14.400013569732037,0.16134397748758658
2012-10-10,0.4162576449024,14.700013852434788,0.16470531035191127
2012-10-11,0.41342596024320005,14.600013758200538,0.16358486606380304
2012-10-12,0.46722796876800005,16.50001554865129,0.1848733075378596
2012-10-13,0.6682775795712002,23.600022239283064,0.26442485199354465
2012-10-14,0.7277429574144001,25.700024218202316,0.28795418204381773
2012-10-15,0.7560598040064,26.70002516054482,0.2991586249249001
2012-10-16,0.7362380113920001,26.000024500905067,0.2913155149081424
2012-10-17,0.8466737131008001,29.900028176040827,0.3350128421443638
2012-10-18,0.7334063267328,25.900024406670816,0.29019507062003413
2012-10-19,0.7305746420736001,25.800024312436566,0.28907462633192593
2012-10-20,0.7277429574144001,25.700024218202316,0.28795418204381773
2012-10-21,0.6994261108224001,24.700023275859817,0.2767497391627353
2012-10-22,0.7107528494592001,25.100023652796818,0.2812315163151683
2012-10-23,0.7135845341184001,25.200023747031064,0.2823519606032765
2012-10-24,0.7447330653696002,26.30002478360782,0.29467684777246717
2012-10-25,0.7872083352576001,27.800026197121575,0.31148351209409075
2012-10-26,0.6682775795712002,23.600022239283064,0.26442485199354465
2012-10-27,0.6654458949120001,23.500022145048813,0.26330440770543645
2012-10-28,0.7390696960512001,26.100024595139317,0.29243595919625065
2012-10-29,0.7588914886656002,26.800025254779072,0.3002790692130084
2012-10-30,0.7617231733248001,26.90002534901332,0.3013995135011166
2012-10-31,0.7447330653696002,26.30002478360782,0.29467684777246717
2012-11-01,0.7475647500288001,26.400024877842068,0.29579729206057537
2012-11-02,0.6937627415040001,24.500023087391313,0.2745088505865188
2012-11-03,0.5776636704768,20.40001922378705,0.22857063477408093
2012-11-04,0.5493468238848,19.40001828144455,0.21736619189299855
2012-11-05,0.5493468238848,19.40001828144455,0.21736619189299855
2012-11-06,0.5408517699072001,19.100017998741798,0.21400485902867383
2012-11-07,0.5097032386560001,18.00001696216505,0.20167997185948322
2012-11-08,0.5153666079744,18.200017150633546,0.2039208604356997
2012-11-09,0.5068715539968001,17.900016867930795,0.200559527571375
2012-11-10,0.5210299772928,18.400017339102046,0.20616174901191614
2012-11-11,0.36528732103680006,12.900012156218283,0.14453731316596297
2012-11-12,0.29449520455680006,10.400009800362028,0.11652620596325698
2012-11-13,0.3907724829696001,13.800013004326537,0.15462131175893715
2012-11-14,0.43607943751680006,15.40001451207454,0.172548420368669
2012-11-15,0.47289133808640005,16.70001573711979,0.1871141961140761
2012-11-16,0.5040398693376001,17.800016773696548,0.1994390832832668
2012-11-17,0.5210299772928,18.400017339102046,0.20616174901191614
2012-11-18,0.5068715539968001,17.900016867930795,0.200559527571375
2012-11-19,0.47289133808640005,16.70001573711979,0.1871141961140761
2012-11-20,0.45873291479040007,16.200015265948544,0.1815119746735349
2012-11-21,0.47289133808640005,16.70001573711979,0.1871141961140761
2012-11-22,0.45873291479040007,16.200015265948544,0.1815119746735349
2012-11-23,0.4389111221760001,15.500014606308792,0.17366886465677722
2012-11-24,0.43041606819840006,15.20001432360604,0.1703075317924525
2012-11-25,0.4219210142208001,14.90001404090329,0.1669461989281278
2012-11-26,0.4049309062656001,14.300013475497789,0.16022353319947832
2012-11-27,0.33697047444480005,11.90001121387578,0.13333287028488058
2012-11-28,0.36528732103680006,12.900012156218283,0.14453731316596297
2012-11-29,0.37661405967360007,13.300012533155286,0.14901909031839594
2012-11-30,0.37378237501440004,13.200012438921034,0.14789864603028768
2012-12-01,0.37095069035520006,13.100012344686784,0.14677820174217945
2012-12-02,0.35679226705920003,12.600011873515532,0.14117598030163825
2012-12-03,0.35962395171840006,12.700011967749782,0.1422964245897465
2012-12-04,0.3454655284224,12.200011496578531,0.1366942031492053
2012-12-05,0.339802159104,12.00001130811003,0.13445331457298879
2012-12-06,0.339802159104,12.00001130811003,0.13445331457298879
2012-12-07,0.339802159104,12.00001130811003,0.13445331457298879
2012-12-08,0.3341387897856001,11.800011119641532,0.13221242599677233
2012-12-09,0.28316846592000006,10.000009423425027,0.112044428810824
2012-12-10,0.22200407728128002,7.84000738796522,0.08784283218768602
2012-12-11,0.33130710512640005,11.70001102540728,0.1310919817086641
2012-12-12,0.32564373580800005,11.50001083693878,0.1288510931324476
2012-12-13,0.34829721308160005,12.300011590812781,0.13781464743731353
2012-12-14,0.33130710512640005,11.70001102540728,0.1310919817086641
2012-12-15,0.34263384376320005,12.10001140234428,0.13557375886109704
2012-12-16,0.3341387897856001,11.800011119641532,0.13221242599677233
2012-12-17,0.32564373580800005,11.50001083693878,0.1288510931324476
2012-12-18,0.339802159104,12.00001130811003,0.13445331457298879
2012-12-19,0.31148531251200007,11.00001036576753,0.12324887169190642
2012-12-20,0.20303179006464003,7.170006756595744,0.08033585545736081
2012-12-21,0.30582194319360007,10.80001017729903,0.12100798311568993
2012-12-22,0.32281205114880007,11.40001074270453,0.12773064884433938
2012-12-23,0.3341387897856001,11.800011119641532,0.13221242599677233
2012-12-24,0.339802159104,12.00001130811003,0.13445331457298879
2012-12-25,0.33130710512640005,11.70001102540728,0.1310919817086641
2012-12-26,0.31431699717120004,11.100010460001778,0.12436931598001465
2012-12-27,0.30865362785280004,10.900010271533278,0.12212842740379817
2012-12-28,0.30299025853440004,10.700010083064777,0.11988753882758169
2012-12-29,0.28600015057920003,10.100009517659275,0.11316487309893225
2012-12-30,0.28600015057920003,10.100009517659275,0.11316487309893225
2012-12-31,0.28316846592000006,10.000009423425027,0.112044428810824
2013-01-01,0.27693875966976,9.780009216109674,0.10957945137698587
2013-01-02,0.26617835796480005,9.400008858019525,0.10532176308217459
2013-01-03,0.24692290228224006,8.720008217226624,0.09770274192303854
2013-01-04,0.24635656535040001,8.700008198379772,0.09747865306541688
2013-01-05,0.24097636449792004,8.510008019334697,0.09534980891801123
2013-01-06,0.23927735370240003,8.450007962794146,0.09467754234514628
2013-01-07,0.24409121762304,8.620008122992372,0.09658229763493029
2013-01-08,0.24409121762304,8.620008122992372,0.09658229763493029
2013-01-09,0.23927735370240003,8.450007962794146,0.09467754234514628
2013-01-10,0.24097636449792004,8.510008019334697,0.09534980891801123
2013-01-11,0.24692290228224006,8.720008217226624,0.09770274192303854
2013-01-12,0.2321981420544,8.20000772720852,0.09187643162487569
2013-01-13,0.22087140341760003,7.80000735027152,0.08739465447244273
2013-01-14,0.22200407728128002,7.84000738796522,0.08784283218768602
2013-01-15,0.22143774034944005,7.820007369118371,0.08761874333006438
2013-01-16,0.22766744659968002,8.040007576433721,0.09008372076390249
2013-01-17,0.23984369063424005,8.470007981640997,0.09490163120276796
2013-01-18,0.23559616364544003,8.320007840289621,0.09322096477060557
2013-01-19,0.24579022841856002,8.680008179532923,0.09725456420779523
2013-01-20,0.24041002756608004,8.490008000487848,0.09512572006038958
2013-01-21,0.23616250057728003,8.340007859136472,0.09344505362822722
2013-01-22,0.23786151137280004,8.400007915677023,0.09411732020109216
2013-01-23,0.23786151137280004,8.400007915677023,0.09411732020109216
2013-01-24,0.23729517444096007,8.380007896830174,0.09389323134347052
2013-01-25,0.24890508154368002,8.790008283190597,0.0984870529247143
2013-01-26,0.25315260853248,8.940008424541972,0.10016771935687666
2013-01-27,0.2607981571123201,9.21000867897445,0.10319291893476892
2013-01-28,0.25258627160064,8.920008405695123,0.099943630499255
2013-01-29,0.24692290228224006,8.720008217226624,0.09770274192303854
2013-01-30,0.21662387642880004,7.650007208920146,0.08571398804028038
2013-01-31,0.24041002756608004,8.490008000487848,0.09512572006038958
2013-02-01,0.22880012046336004,8.080007614127421,0.09053189847914579
2013-02-02,0.22426942500864003,7.92000746335262,0.08873918761817262
2013-02-03,0.22200407728128002,7.84000738796522,0.08784283218768602
2013-02-04,0.22200407728128002,7.84000738796522,0.08784283218768602
2013-02-05,0.22596843580416004,7.980007519893171,0.08941145419103756
2013-02-06,0.22936645739520004,8.100007632974272,0.09075598733676744
2013-02-07,0.23163180512256,8.180007708361671,0.09165234276725404
2013-02-08,0.22426942500864003,7.92000746335262,0.08873918761817262
2013-02-09,0.23361398438400002,8.250007774325645,0.0924366537689298
2013-02-10,0.22455259347456002,7.930007472776046,0.08885123204698343
2013-02-11,0.21945556108800005,7.750007303154396,0.08683443232838861
2013-02-12,0.20756248551936005,7.330006907370545,0.08212856631833401
2013-02-13,0.22285358267904004,7.870007416235496,0.0881789654741185
2013-02-14,0.22455259347456002,7.930007472776046,0.08885123204698343
2013-02-15,0.22115457188352003,7.8100073596949455,0.08750669890125355
2013-02-16,0.22823378353152005,8.060007595280572,0.09030780962152417
2013-02-17,0.24692290228224006,8.720008217226624,0.09770274192303854
2013-02-18,0.23729517444096007,8.380007896830174,0.09389323134347052
2013-02-19,0.20586347472384,7.270006850829993,0.08145629974546904
2013-02-20,0.22455259347456002,7.930007472776046,0.08885123204698343
2013-02-21,0.22370308807680003,7.90000744450577,0.08851509876055097
2013-02-22,0.22200407728128002,7.84000738796522,0.08784283218768602
2013-02-23,0.21775655029248003,7.690007246613845,0.08616216575552366
2013-02-24,0.23106546819072005,8.160007689514822,0.0914282539096324
2013-02-25,0.22030506648576004,7.78000733142467,0.08717056561482107
2013-02-26,0.22370308807680003,7.90000744450577,0.08851509876055097
2013-02-27,0.22653477273600003,8.000007538740022,0.08963554304865921
2013-02-28,0.21860605569024003,7.72000727488412,0.08649829904195613
2013-03-01,0.23644566904320002,8.350007868559896,0.09355709805703805
2013-03-02,0.24125953296384003,8.520008028758122,0.09546185334682206
2013-03-03,0.23729517444096007,8.380007896830174,0.09389323134347052
2013-03-04,0.24607339688448002,8.690008188956346,0.09736660863660607
2013-03-05,0.21011100171264002,7.420006992181369,0.08313696617763142
2013-03-06,0.24012685910016004,8.480007991064422,0.09501367563157877
2013-03-07,0.25485161932800005,9.000008481082524,0.10083998592974161
2013-03-08,0.25881597785088006,9.140008613010474,0.10240860793309316
2013-03-09,0.26306350483968,9.290008754361848,0.10408927436525549
2013-03-10,0.23644566904320002,8.350007868559896,0.09355709805703805
2013-03-11,0.21945556108800005,7.750007303154396,0.08683443232838861
2013-03-12,0.24692290228224006,8.720008217226624,0.09770274192303854
2013-03-13,0.24324171222528004,8.590008094722098,0.09624616434849782
2013-03-14,0.26419617870336004,9.33000879205555,0.1045374520804988
2013-03-15,0.2888318352384,10.200009611893526,0.11428531738704047
2013-03-16,0.31148531251200007,11.00001036576753,0.12324887169190642
2013-03-17,0.2916635198976001,10.300009706127778,0.11540576167514874
2013-03-18,0.25994865171456005,9.180008650704174,0.10285678564833645
2013-03-19,0.25485161932800005,9.000008481082524,0.10083998592974161
2013-03-20,0.23276447898624006,8.220007746055373,0.09210052048249735
2013-03-21,0.26419617870336004,9.33000879205555,0.1045374520804988
2013-03-22,0.24210903836160005,8.550008057028398,0.09579798663325453
2013-03-23,0.24494072302080006,8.650008151262648,0.09691843092136278
2013-03-24,0.22030506648576004,7.78000733142467,0.08717056561482107
2013-03-25,0.21265951790592003,7.510007076992195,0.08414536603692883
2013-03-26,0.25994865171456005,9.180008650704174,0.10285678564833645
2013-03-27,0.28316846592000006,10.000009423425027,0.112044428810824
2013-03-28,0.27580608580608007,9.740009178415976,0.10913127366174259
2013-03-29,0.2916635198976001,10.300009706127778,0.11540576167514874
2013-03-30,0.3284754204672,11.60001093117303,0.12997153742055584
2013-03-31,0.36811900569600003,13.000012250452533,0.1456577574540712
2013-04-01,0.4190893295616001,14.80001394666904,0.16582575464001956
2013-04-02,0.44740617615360007,15.80001488901154,0.17703019752110194
2013-04-03,0.42758438353920003,15.100014229371789,0.16918708750434425
2013-04-04,0.5040398693376001,17.800016773696548,0.1994390832832668
2013-04-05,0.5521785085440001,19.5000183756788,0.21848663618110684
2013-04-06,0.5776636704768,20.40001922378705,0.22857063477408093
2013-04-07,0.5691686164992001,20.100018941084304,0.2252093019097563
2013-04-08,0.5012081846784,17.700016679462294,0.19831863899515847
2013-04-09,0.5295250312704001,18.700017621804797,0.20952308187624089
2013-04-10,0.42758438353920003,15.100014229371789,0.16918708750434425
2013-04-11,0.4049309062656001,14.300013475497789,0.16022353319947832
2013-04-12,0.38510911365120004,13.600012815858035,0.15238042318272066
2013-04-13,0.39643585228800005,14.000013192795036,0.1568622003351536
2013-04-14,0.4898814460416001,17.300016302525297,0.19383686184272556
2013-04-15,0.45873291479040007,16.200015265948544,0.1815119746735349
2013-04-16,0.4389111221760001,15.500014606308792,0.17366886465677722
2013-04-17,0.5040398693376001,17.800016773696548,0.1994390832832668
2013-04-18,0.42758438353920003,15.100014229371789,0.16918708750434425
2013-04-19,0.40776259092480005,14.400013569732037,0.16134397748758658
2013-04-20,0.44174280683520006,15.60001470054304,0.17478930894488545
2013-04-21,0.4502378608128001,15.900014983245793,0.17815064180921017
2013-04-22,0.47289133808640005,16.70001573711979,0.1871141961140761
2013-04-23,0.5606735625216,19.80001865838155,0.22184796904543155
2013-04-24,0.45873291479040007,16.200015265948544,0.1815119746735349
2013-04-25,0.5012081846784,17.700016679462294,0.19831863899515847
2013-04-26,0.5748319858176001,20.300019129552805,0.22745019048597273
2013-04-27,0.8806539290112002,31.100029306851834,0.3484581736016627
2013-04-28,1.4781393921024002,52.200049190278634,0.5848719183925013
2013-04-29,3.1998036648960007,113.0001064847028,1.2661020455623113
2013-04-30,5.351884005888,189.00017810273297,2.1176397045245734
2013-05-01,5.550101932032001,196.0001846991305,2.1960708046921504
2013-05-02,3.8794079831040005,137.00012910092286,1.5350086747082887
2013-05-03,3.1714868183040004,112.00010554236029,1.2548976026812289
2013-05-04,3.6528732103680004,129.00012156218284,1.4453731316596297
2013-05-05,4.559012301312,161.0001517171429,1.8039153038542663
2013-05-06,5.436834545664,192.0001809297605,2.1512530331678206
2013-05-07,6.456241022976001,228.0002148540906,2.5546129768867876
2013-05-08,6.626142102528001,234.00022050814562,2.6218396341732815
2013-05-09,4.38911122176,155.0001460630879,1.736688646567772
2013-05-10,3.6811900569600007,130.00012250452534,1.4565775745407121
2013-05-11,3.8510911365120006,136.00012815858037,1.5238042318272067
2013-05-12,4.7572302274560005,168.00015831354042,1.8823464040218432
2013-05-13,6.852676875264001,242.0002280468856,2.7114751772219408
2013-05-14,11.326738636800002,400.000376937001,4.481777152432961
2013-05-15,13.761987443712002,486.00045797845627,5.445359240206046
2013-05-16,15.007928693760002,530.0004994415264,5.938354726973673
2013-05-17,15.999018324480003,565.000532423514,6.3305102278115575
2013-05-18,15.376047699456002,543.0005116919789,6.084012484427744
2013-05-19,12.572679886848002,444.00041840007117,4.974772639200586
2013-05-20,9.825945767424,347.0003269928484,3.887941679735593
2013-05-21,8.211885511680002,290.00027327932577,3.249288435513897
2013-05-22,7.957033892352001,281.0002647982432,3.148448449584155
2013-05-23,10.363965852672,366.00034489735594,4.100826094476159
2013-05-24,13.337234744832003,471.00044384331875,5.2772925969898115
2013-05-25,14.469908608512002,511.0004815370188,5.7254703122331065
2013-05-26,14.894661307392003,526.0004956721564,5.893536955449343
2013-05-27,14.753077074432003,521.0004909604439,5.837514741043932
2013-05-28,13.563769517568002,479.0004513820587,5.36692814003847
2013-05-29,11.694857642496002,413.0003891874536,4.6274349098870315
2013-05-30,9.287925682176,328.0003090883408,3.6750572649950275
2013-05-31,7.475647500288001,264.00024877842066,2.9579729206057537
2013-06-01,6.484557869568001,229.0002157964331,2.56581741976787
2013-06-02,6.965944261632001,246.00023181625562,2.756292948746271
2013-06-03,9.599410994688002,339.0003194541084,3.7983061366869344
2013-06-04,11.440006023168001,404.00038070637106,4.52659492395729
2013-06-05,12.289511420928001,434.0004089766461,4.862728210389762
2013-06-06,12.742580966400002,450.0004240541262,5.041999296487081
2013-06-07,11.694857642496002,413.0003891874536,4.6274349098870315
2013-06-08,11.893075568640002,420.0003957838511,4.705866010054608
2013-06-09,12.827531506176001,453.00042688115366,5.0756126251303275
2013-06-10,13.478818977792002,476.00044855503126,5.333314811395224
2013-06-11,13.252284205056002,468.00044101629123,5.243679268346563
2013-06-12,12.459412500480003,440.0004146307012,4.929954867676257
2013-06-13,11.355055483392002,401.00037787934355,4.492981595314043
2013-06-14,10.335649006080002,365.0003439550135,4.089621651595077
2013-06-15,9.656044687872,341.00032133879336,3.8207150224490984
2013-06-16,8.211885511680002,290.00027327932577,3.249288435513897
2013-06-17,7.079211648000001,250.00023558562566,2.8011107202706005
2013-06-18,6.767726335488001,239.0002252198581,2.6778618485786936
2013-06-19,6.541191562752001,231.0002176811181,2.5882263055300347
2013-06-20,6.173072557056001,218.00020543066557,2.4425685480759634
2013-06-21,5.720003011584001,202.00019035318553,2.263297461978645
2013-06-22,5.323567159296001,188.0001771603905,2.1064352616434916
2013-06-23,4.8421807672320005,171.00016114056794,1.9159597326650903
2013-06-24,4.38911122176,155.0001460630879,1.736688646567772
2013-06-25,4.077625909248001,144.0001356973204,1.6134397748758658
2013-06-26,3.9926753694720007,141.00013287029287,1.5798264462326186
2013-06-27,3.9077248296960008,138.00013004326536,1.5462131175893714
2013-06-28,3.6811900569600007,130.00012250452534,1.4565775745407121
2013-06-29,3.4546552842240006,122.00011496578531,1.366942031492053
2013-06-30,3.2564373580800003,115.00010836938779,1.288510931324476
2013-07-01,3.0865362785280004,109.00010271533279,1.2212842740379817
2013-07-02,2.8600015057920003,101.00009517659277,1.1316487309893224
2013-07-03,2.6872687415808008,94.90008942830352,1.06330162941472
2013-07-04,2.4862191307776005,87.80008273767173,0.9837500849590348
2013-07-05,2.2993279432704004,81.20007651821122,0.9098007619438909
2013-07-06,2.2653477273600005,80.00007538740022,0.896355430486592
2013-07-07,2.1011100171264006,74.20006992181371,0.8313696617763142
2013-07-08,2.1662387642880003,76.50007208920145,0.8571398804028038
2013-07-09,2.0133277926912,71.10006700055193,0.7966358888449586
2013-07-10,1.7556444887040004,62.00005842523517,0.6946754586271089
2013-07-11,1.5772483551744003,55.7000524884774,0.6240874684762897
2013-07-12,1.5460998239232002,54.60005145190064,0.6117625813070992
2013-07-13,1.5574265625600003,55.00005182883765,0.6162443584595321
2013-07-14,1.4526542301696002,51.300048342170385,0.5747879197995271
2013-07-15,1.5262780313088002,53.90005079226089,0.6039194712903414
2013-07-16,1.4158423296000002,50.00004711712513,0.5602221440541201
2013-07-17,1.2402778807296002,43.80004127460162,0.49075459819140915
2013-07-18,1.2572679886848002,44.40004184000711,0.4974772639200586
2013-07-19,1.6423771023360003,58.000054655865156,0.6498576871027792
2013-07-20,1.4045155909632003,49.600046740188134,0.5557403669016872
2013-07-21,1.2062976648192003,42.600040143790615,0.47730926673411034
2013-07-22,1.1015253324288001,38.90003665712335,0.43585282807410536
2013-07-23,0.9061390909440001,32.000030154960086,0.35854217219463685
2013-07-24,0.8126934971904001,28.700027045229824,0.3215675106870649
2013-07-25,0.8438420284416002,29.80002808180658,0.3338923978562556
2013-07-26,0.9061390909440001,32.000030154960086,0.35854217219463685
2013-07-27,0.8296836051456001,29.300027610635325,0.32829017641571434
2013-07-28,1.2431095653888002,43.900041368835865,0.4918750424795174
2013-07-29,1.2572679886848002,44.40004184000711,0.4974772639200586
2013-07-30,1.0986936477696,38.8000365628891,0.4347323837859971
2013-07-31,0.9542777301504002,33.70003175694234,0.37758972509247696
2013-08-01,0.8551687670784001,30.200028458743578,0.3383741750086885
2013-08-02,0.7985350738944001,28.200026574058576,0.31596528924652373
2013-08-03,0.7334063267328,25.900024406670816,0.29019507062003413
2013-08-04,0.7079211648000001,25.000023558562564,0.28011107202706004
2013-08-05,0.7532281193472001,26.60002506631057,0.2980381806367919
2013-08-06,0.7475647500288001,26.400024877842068,0.29579729206057537
2013-08-07,0.7220795880960001,25.50002402973382,0.2857132934676012
2013-08-08,0.6767726335488,23.90002252198581,0.26778618485786937
2013-08-09,0.6739409488896001,23.80002242775156,0.26666574056976117
2013-08-10,0.6371290483200001,22.500021202706307,0.25209996482435404
2013-08-11,0.5776636704768,20.40001922378705,0.22857063477408093
2013-08-12,0.5323567159296001,18.80001771603905,0.21064352616434917
2013-08-13,0.5238616619520001,18.5000174333363,0.20728219330002445
2013-08-14,0.5210299772928,18.400017339102046,0.20616174901191614
2013-08-15,0.4870497613824,17.200016208291043,0.19271641755461727
2013-08-16,0.44740617615360007,15.80001488901154,0.17703019752110194
2013-08-17,0.43041606819840006,15.20001432360604,0.1703075317924525
2013-08-18,0.4162576449024,14.700013852434788,0.16470531035191127
2013-08-19,0.40776259092480005,14.400013569732037,0.16134397748758658
2013-08-20,0.40209922160640005,14.200013381263537,0.1591030889113701
2013-08-21,0.44457449149440004,15.70001479477729,0.17590975323299368
2013-08-22,0.4105942755840001,14.500013663966289,0.1624644217756948
2013-08-23,0.4332477528576001,15.300014417840291,0.17142797608056076
2013-08-24,0.4502378608128001,15.900014983245793,0.17815064180921017
2013-08-25,0.42475269888000006,15.000014135137539,0.168066643216236
2013-08-26,0.42475269888000006,15.000014135137539,0.168066643216236
2013-08-27,0.42475269888000006,15.000014135137539,0.168066643216236
2013-08-28,0.4559012301312001,16.100015171714293,0.18039153038542666
2013-08-29,0.49271313070080003,17.400016396759543,0.19495730613083376
2013-08-30,0.42758438353920003,15.100014229371789,0.16918708750434425
2013-08-31,0.42475269888000006,15.000014135137539,0.168066643216236
2013-09-01,0.5210299772928,18.400017339102046,0.20616174901191614
2013-09-02,0.49271313070080003,17.400016396759543,0.19495730613083376
2013-09-03,0.43607943751680006,15.40001451207454,0.172548420368669
2013-09-04,0.4219210142208001,14.90001404090329,0.1669461989281278
2013-09-05,0.5125349233152001,18.1000170563993,0.2028004161475915
2013-09-06,0.6059805170688001,21.400020166129554,0.23977507765516337
2013-09-07,0.6059805170688001,21.400020166129554,0.23977507765516337
2013-09-08,0.6484557869568001,22.900021579643308,0.25658174197678696
2013-09-09,0.7900400199168001,27.90002629135582,0.312603956382199
2013-09-10,1.0590500625408001,37.400035243609594,0.41904616375248177
2013-09-11,0.7872083352576001,27.800026197121575,0.31148351209409075
2013-09-12,0.7957033892352001,28.100026479824322,0.31484484495841547
2013-09-13,1.5092879233536,53.30005022685538,0.5971968055616919
2013-09-14,1.2969115739136001,45.800043159286616,0.5131634839535739
2013-09-15,1.0307332159488,36.40003430126709,0.4078417208713994
2013-09-16,1.7046741648384003,60.200056729018655,0.6745074614411606
2013-09-17,1.1666540795904004,41.20003882451111,0.46162304670059495
2013-09-18,1.0137431079936001,35.80003373586159,0.40111905514275
2013-09-19,1.2091293494784003,42.70004023802487,0.4784297110222186
2013-09-20,1.0165747926528002,35.90003383009584,0.4022394994308582
2013-09-21,0.8325152898048,29.400027704869576,0.32941062070382254
2013-09-22,0.8580004517376002,30.30002855297783,0.3394946192967968
2013-09-23,1.6848523722240003,59.50005606937891,0.666664351424403
2013-09-24,1.4753077074432002,52.10004909604439,0.5837514741043931
2013-09-25,1.3025749432320002,46.00004334775512,0.5154043725297904
2013-09-26,1.1100203864064002,39.200036939826106,0.43921416093843013
2013-09-27,0.9995846846976001,35.30003326469034,0.3955168337022087
2013-09-28,1.0250698466304002,36.2000341127986,0.405600832295183
2013-09-29,1.0194064773120002,36.0000339243301,0.40335994371896644
2013-09-30,0.9599410994688001,33.90003194541084,0.37983061366869336
2013-10-01,0.8948123523072001,31.60002977802308,0.3540603950422039
2013-10-02,0.8126934971904001,28.700027045229824,0.3215675106870649
2013-10-03,0.7135845341184001,25.200023747031064,0.2823519606032765
2013-10-04,0.8070301278720001,28.500026856761323,0.31932662211084845
2013-10-05,0.8325152898048,29.400027704869576,0.32941062070382254
2013-10-06,0.8523370824192001,30.100028364509328,0.3372537307205803
2013-10-07,0.9939213153792001,35.10003307622184,0.3932759451259923
2013-10-08,1.0194064773120002,36.0000339243301,0.40335994371896644
2013-10-09,1.0080797386752003,35.600033547393096,0.3988781665665336
2013-10-10,0.9740995227648,34.400032416582086,0.38543283510923454
2013-10-11,0.9939213153792001,35.10003307622184,0.3932759451259923
2013-10-12,0.9542777301504002,33.70003175694234,0.37758972509247696
2013-10-13,0.9656044687872002,34.10003213387934,0.38207150224490993
2013-10-14,1.1723174489088002,41.40003901297961,0.46386393527681136
2013-10-15,1.1326738636800002,40.00003769370011,0.448177715243296
2013-10-16,1.0533866932224003,37.2000350551411,0.41680527517626537
2013-10-17,0.9033074062848001,31.900030060725832,0.3574217279065286
2013-10-18,0.9599410994688001,33.90003194541084,0.37983061366869336
2013-10-19,0.8211885511680002,29.000027327932578,0.3249288435513896
2013-10-20,0.8749905596928,30.900029118383326,0.34621728502544613
2013-10-21,0.8211885511680002,29.000027327932578,0.3249288435513896
2013-10-22,0.7928717045760001,28.000026385590072,0.3137244006703072
2013-10-23,0.8211885511680002,29.000027327932578,0.3249288435513896
2013-10-24,0.8664955057152002,30.600028835680583,0.3428559521611215
2013-10-25,0.8948123523072001,31.60002977802308,0.3540603950422039
2013-10-26,0.8834856136704001,31.20002940108608,0.3495786178897709
2013-10-27,0.8523370824192001,30.100028364509328,0.3372537307205803
2013-10-28,0.8410103437824001,29.700027987572327,0.33277195356814726
2013-10-29,0.8070301278720001,28.500026856761323,0.31932662211084845
2013-10-30,0.8381786591232002,29.60002789333808,0.3316515092800391
2013-10-31,0.7730499119616001,27.30002572595032,0.3058812906535496
2013-11-01,0.7673865426432002,27.100025537481823,0.30364040207733306
2013-11-02,0.7249112727552002,25.60002412396807,0.28683373775570953
2013-11-03,0.7475647500288001,26.400024877842068,0.29579729206057537
2013-11-04,0.7560598040064,26.70002516054482,0.2991586249249001
2013-11-05,0.7560598040064,26.70002516054482,0.2991586249249001
2013-11-06,0.6994261108224001,24.700023275859817,0.2767497391627353
2013-11-07,0.6852676875264001,24.20002280468856,0.2711475177221941
2013-11-08,0.6852676875264001,24.20002280468856,0.2711475177221941
2013-11-09,0.6569508409344,23.20002186234606,0.2599430748411117
2013-11-10,0.6484557869568001,22.900021579643308,0.25658174197678696
2013-11-11,0.6342973636608,22.400021108472057,0.2509795205362457
2013-11-12,0.6342973636608,22.400021108472057,0.2509795205362457
2013-11-13,0.6088122017280001,21.500020260363808,0.24089552194327163
2013-11-14,0.6258023096832002,22.10002082576931,0.2476181876719211
2013-11-15,0.5974854630912001,21.100019883426807,0.23641374479083868
2013-11-16,0.6314656790016001,22.30002101423781,0.24985907624813755
2013-11-17,0.6003171477504,21.200019977661054,0.23753418907894688
2013-11-18,0.5918220937728,20.900019694958303,0.23417285621462217
2013-11-19,0.6031488324096002,21.300020071895307,0.23865463336705517
2013-11-20,0.6342973636608,22.400021108472057,0.2509795205362457
2013-11-21,0.6116438863872001,21.60002035459806,0.24201596623137986
2013-11-22,0.5974854630912001,21.100019883426807,0.23641374479083868
2013-11-23,0.6059805170688001,21.400020166129554,0.23977507765516337
2013-11-24,0.6088122017280001,21.500020260363808,0.24089552194327163
2013-11-25,0.6088122017280001,21.500020260363808,0.24089552194327163
2013-11-26,0.5861587244544001,20.700019506489806,0.23193196763840568
2013-11-27,0.5691686164992001,20.100018941084304,0.2252093019097563
2013-11-28,0.5974854630912001,21.100019883426807,0.23641374479083868
2013-11-29,0.5748319858176001,20.300019129552805,0.22745019048597273
2013-11-30,0.5323567159296001,18.80001771603905,0.21064352616434917
2013-12-01,0.5521785085440001,19.5000183756788,0.21848663618110684
2013-12-02,0.6088122017280001,21.500020260363808,0.24089552194327163
2013-12-03,0.6059805170688001,21.400020166129554,0.23977507765516337
2013-12-04,0.4813863920640001,17.000016019822546,0.19047552897840084
2013-12-05,0.44457449149440004,15.70001479477729,0.17590975323299368
2013-12-06,0.4643962841088,16.40001545441704,0.18375286324975137
2013-12-07,0.4813863920640001,17.000016019822546,0.19047552897840084
2013-12-08,0.49837650001920014,17.600016585228047,0.1971981947070503
2013-12-09,0.47005965342720013,16.600015642885545,0.1859937518259679
2013-12-10,0.4615645994496001,16.300015360182794,0.18263241896164314
2013-12-11,0.4842180767232001,17.100016114056796,0.19159597326650907
2013-12-12,0.47289133808640005,16.70001573711979,0.1871141961140761
2013-12-13,0.4615645994496001,16.300015360182794,0.18263241896164314
2013-12-14,0.47289133808640005,16.70001573711979,0.1871141961140761
2013-12-15,0.4615645994496001,16.300015360182794,0.18263241896164314
2013-12-16,0.4615645994496001,16.300015360182794,0.18263241896164314
2013-12-17,0.47005965342720013,16.600015642885545,0.1859937518259679
2013-12-18,0.4615645994496001,16.300015360182794,0.18263241896164314
2013-12-19,0.47005965342720013,16.600015642885545,0.1859937518259679
2013-12-20,0.4842180767232001,17.100016114056796,0.19159597326650907
2013-12-21,0.49554481536000006,17.500016490993794,0.19607775041894202
2013-12-22,0.47289133808640005,16.70001573711979,0.1871141961140761
2013-12-23,0.46722796876800005,16.50001554865129,0.1848733075378596
2013-12-24,0.4757230227456001,16.800015831354045,0.18823464040218432
2013-12-25,0.43041606819840006,15.20001432360604,0.1703075317924525
2013-12-26,0.43041606819840006,15.20001432360604,0.1703075317924525
2013-12-27,0.44457449149440004,15.70001479477729,0.17590975323299368
2013-12-28,0.44457449149440004,15.70001479477729,0.17590975323299368
2013-12-29,0.4332477528576001,15.300014417840291,0.17142797608056076
2013-12-30,0.4219210142208001,14.90001404090329,0.1669461989281278
2013-12-31,0.4162576449024,14.700013852434788,0.16470531035191127
2014-01-01,0.4162576449024,14.700013852434788,0.16470531035191127
2014-01-02,0.40209922160640005,14.200013381263537,0.1591030889113701
2014-01-03,0.3907724829696001,13.800013004326537,0.15462131175893715
2014-01-04,0.3907724829696001,13.800013004326537,0.15462131175893715
2014-01-05,0.3794457443328001,13.400012627389536,0.1501395346065042
2014-01-06,0.36811900569600003,13.000012250452533,0.1456577574540712
2014-01-07,0.37378237501440004,13.200012438921034,0.14789864603028768
2014-01-08,0.38510911365120004,13.600012815858035,0.15238042318272066
2014-01-09,0.3879407983104,13.700012910092283,0.1535008674708289
2014-01-10,0.3907724829696001,13.800013004326537,0.15462131175893715
2014-01-11,0.3879407983104,13.700012910092283,0.1535008674708289
2014-01-12,0.39643585228800005,14.000013192795036,0.1568622003351536
2014-01-13,0.39643585228800005,14.000013192795036,0.1568622003351536
2014-01-14,0.39643585228800005,14.000013192795036,0.1568622003351536
2014-01-15,0.3794457443328001,13.400012627389536,0.1501395346065042
2014-01-16,0.3341387897856001,11.800011119641532,0.13221242599677233
2014-01-17,0.31148531251200007,11.00001036576753,0.12324887169190642
2014-01-18,0.33130710512640005,11.70001102540728,0.1310919817086641
2014-01-19,0.31431699717120004,11.100010460001778,0.12436931598001465
2014-01-20,0.35679226705920003,12.600011873515532,0.14117598030163825
2014-01-21,0.3454655284224,12.200011496578531,0.1366942031492053
2014-01-22,0.3284754204672,11.60001093117303,0.12997153742055584
2014-01-23,0.34829721308160005,12.300011590812781,0.13781464743731353
2014-01-24,0.33697047444480005,11.90001121387578,0.13333287028488058
2014-01-25,0.34263384376320005,12.10001140234428,0.13557375886109704
2014-01-26,0.3511288977408001,12.400011685047033,0.1389350917254218
2014-01-27,0.35679226705920003,12.600011873515532,0.14117598030163825
2014-01-28,0.3454655284224,12.200011496578531,0.1366942031492053
2014-01-29,0.33697047444480005,11.90001121387578,0.13333287028488058
2014-01-30,0.3454655284224,12.200011496578531,0.1366942031492053
2014-01-31,0.37095069035520006,13.100012344686784,0.14677820174217945
2014-02-01,0.3879407983104,13.700012910092283,0.1535008674708289
2014-02-02,0.35962395171840006,12.700011967749782,0.1422964245897465
2014-02-03,0.35396058240000006,12.500011779281282,0.14005553601353002
2014-02-04,0.3454655284224,12.200011496578531,0.1366942031492053
2014-02-05,0.3341387897856001,11.800011119641532,0.13221242599677233
2014-02-06,0.33130710512640005,11.70001102540728,0.1310919817086641
2014-02-07,0.33697047444480005,11.90001121387578,0.13333287028488058
2014-02-08,0.339802159104,12.00001130811003,0.13445331457298879
2014-02-09,0.33697047444480005,11.90001121387578,0.13333287028488058
2014-02-10,0.34263384376320005,12.10001140234428,0.13557375886109704
2014-02-11,0.30865362785280004,10.900010271533278,0.12212842740379817
2014-02-12,0.32564373580800005,11.50001083693878,0.1288510931324476
2014-02-13,0.33130710512640005,11.70001102540728,0.1310919817086641
2014-02-14,0.3284754204672,11.60001093117303,0.12997153742055584
2014-02-15,0.32564373580800005,11.50001083693878,0.1288510931324476
2014-02-16,0.32564373580800005,11.50001083693878,0.1288510931324476
2014-02-17,0.31998036648960004,11.300010648470279,0.12661020455623112
2014-02-18,0.31148531251200007,11.00001036576753,0.12324887169190642
2014-02-19,0.3171486818304,11.200010554236028,0.12548976026812286
2014-02-20,0.28260212898816006,9.980009404578176,0.11182033995320238
2014-02-21,0.27637242273792,9.760009197262825,0.10935536251936422
2014-02-22,0.31431699717120004,11.100010460001778,0.12436931598001465
2014-02-23,0.30865362785280004,10.900010271533278,0.12212842740379817
2014-02-24,0.30582194319360007,10.80001017729903,0.12100798311568993
2014-02-25,0.31998036648960004,11.300010648470279,0.12661020455623112
2014-02-26,0.32564373580800005,11.50001083693878,0.1288510931324476
2014-02-27,0.33130710512640005,11.70001102540728,0.1310919817086641
2014-02-28,0.33697047444480005,11.90001121387578,0.13333287028488058
2014-03-01,0.35962395171840006,12.700011967749782,0.1422964245897465
2014-03-02,0.35962395171840006,12.700011967749782,0.1422964245897465
2014-03-03,0.35396058240000006,12.500011779281282,0.14005553601353002
2014-03-04,0.34829721308160005,12.300011590812781,0.13781464743731353
2014-03-05,0.35679226705920003,12.600011873515532,0.14117598030163825
2014-03-06,0.35679226705920003,12.600011873515532,0.14117598030163825
2014-03-07,0.36811900569600003,13.000012250452533,0.1456577574540712
2014-03-08,0.34829721308160005,12.300011590812781,0.13781464743731353
2014-03-09,0.35679226705920003,12.600011873515532,0.14117598030163825
2014-03-10,0.3879407983104,13.700012910092283,0.1535008674708289
2014-03-11,0.40209922160640005,14.200013381263537,0.1591030889113701
2014-03-12,0.3907724829696001,13.800013004326537,0.15462131175893715
2014-03-13,0.4105942755840001,14.500013663966289,0.1624644217756948
2014-03-14,0.44457449149440004,15.70001479477729,0.17590975323299368
2014-03-15,0.4502378608128001,15.900014983245793,0.17815064180921017
2014-03-16,0.43041606819840006,15.20001432360604,0.1703075317924525
2014-03-17,0.43041606819840006,15.20001432360604,0.1703075317924525
2014-03-18,0.4559012301312001,16.100015171714293,0.18039153038542666
2014-03-19,0.40776259092480005,14.400013569732037,0.16134397748758658
2014-03-20,0.3992675369472001,14.100013287029288,0.15798264462326186
2014-03-21,0.4389111221760001,15.500014606308792,0.17366886465677722
2014-03-22,0.4813863920640001,17.000016019822546,0.19047552897840084
2014-03-23,0.47005965342720013,16.600015642885545,0.1859937518259679
2014-03-24,0.4870497613824,17.200016208291043,0.19271641755461727
2014-03-25,0.5153666079744,18.200017150633546,0.2039208604356997
2014-03-26,0.5436834545664001,19.20001809297605,0.21512530331678212
2014-03-27,0.5889904091136001,20.800019600724056,0.23305241192651396
2014-03-28,0.5720003011584001,20.20001903531855,0.2263297461978645
2014-03-29,0.5351884005888,18.900017810273297,0.21176397045245737
2014-03-30,0.5861587244544001,20.700019506489806,0.23193196763840568
2014-03-31,0.5918220937728,20.900019694958303,0.23417285621462217
2014-04-01,0.6088122017280001,21.500020260363808,0.24089552194327163
2014-04-02,0.5918220937728,20.900019694958303,0.23417285621462217
2014-04-03,0.5691686164992001,20.100018941084304,0.2252093019097563
2014-04-04,0.5776636704768,20.40001922378705,0.22857063477408093
2014-04-05,0.5691686164992001,20.100018941084304,0.2252093019097563
2014-04-06,0.5946537784320001,21.000019789192553,0.2352933005027304
2014-04-07,0.6031488324096002,21.300020071895307,0.23865463336705517
2014-04-08,0.7220795880960001,25.50002402973382,0.2857132934676012
2014-04-09,1.0562183778816001,37.30003514937535,0.4179257194643735
2014-04-10,1.6367137330176003,57.80005446739665,0.6476167985265627
2014-04-11,2.3814467983872003,84.10007925100447,0.9422936462990299
2014-04-12,3.4546552842240006,122.00011496578531,1.366942031492053
2014-04-13,3.3980215910400005,120.00011308110031,1.344533145729888
2014-04-14,2.5117042927104003,88.70008358577998,0.993834083552009
2014-04-15,2.4522389148672,86.60008160686071,0.9703047535017358
2014-04-16,2.4097636449792,85.10008019334697,0.9534980891801123
2014-04-17,2.3672883750912,83.60007877983321,0.9366914248584887
2014-04-18,2.7693875966976003,97.80009216109674,1.0957945137698588
2014-04-19,3.6811900569600007,130.00012250452534,1.4565775745407121
2014-04-20,4.813863920640001,170.00016019822544,1.9047552897840083
2014-04-21,6.201389403648001,219.00020637300807,2.453772990957046
2014-04-22,6.739409488896001,238.00022427751563,2.666657405697612
2014-04-23,6.9376274150400015,245.00023087391315,2.7450885058651884
2014-04-24,6.767726335488001,239.0002252198581,2.6778618485786936
2014-04-25,6.597825255936001,233.0002195658031,2.6106351912921992
2014-04-26,7.192479034368001,254.00023935499567,2.84592849179493
2014-04-27,6.314656790016001,223.0002101423781,2.4985907624813755
2014-04-28,5.068715539968001,179.000168679308,2.00559527571375
2014-04-29,4.304160681984,152.00014323606038,1.7030753179245248
2014-04-30,3.7944574433280005,134.00012627389535,1.5013953460650415
2014-05-01,3.5112889774080007,124.00011685047033,1.3893509172542178
2014-05-02,3.5679226705920004,126.00011873515533,1.4117598030163825
2014-05-03,4.728913380864001,167.00015737119796,1.8711419611407611
2014-05-04,7.277429574144001,257.00024218202316,2.879541820438177
2014-05-05,9.627727841280002,340.0003203964509,3.8095105795680166
2014-05-06,10.647134318592002,376.000354320781,4.212870523286983
2014-05-07,10.873669091328,384.000361859521,4.302506066335641
2014-05-08,10.024163693568001,354.0003335892459,3.96637277990317
2014-05-09,7.673865426432001,271.0002553748182,3.0364040207733303
2014-05-10,6.597825255936001,233.0002195658031,2.6106351912921992
2014-05-11,6.569508409344001,232.00021862346063,2.599430748411117
2014-05-12,5.606735625216001,198.00018658381552,2.218479690454316
2014-05-13,4.983765000192001,176.00016585228047,1.9719819470705027
2014-05-14,4.672279687680001,165.00015548651294,1.848733075378596
2014-05-15,4.474061761536,158.0001488901154,1.7703019752110192
2014-05-16,4.38911122176,155.0001460630879,1.736688646567772
2014-05-17,4.728913380864001,167.00015737119796,1.8711419611407611
2014-05-18,6.201389403648001,219.00020637300807,2.453772990957046
2014-05-19,8.948123523072,316.0002977802308,3.5406039504220383
2014-05-20,11.440006023168001,404.00038070637106,4.52659492395729
2014-05-21,13.025749432320001,460.00043347755116,5.154043725297904
2014-05-22,13.365551591424001,472.0004447856612,5.288497039870893
2014-05-23,14.554859148288003,514.0004843640463,5.759083640876354
2014-05-24,15.914067784704002,562.0005295964864,6.29689689916831
2014-05-25,16.650305796096003,588.0005540973915,6.588212414076452
2014-05-26,15.121196080128001,534.0005032108963,5.983172498498002
2014-05-27,15.914067784704002,562.0005295964864,6.29689689916831
2014-05-28,20.020010540544003,707.0006662361494,7.921541116925258
2014-05-29,26.674469489664006,942.0008876866375,10.554585193979623
2014-05-30,25.881597785088005,914.0008613010474,10.240860793309315
2014-05-31,23.418032131584003,827.0007793172496,9.266074262655145
2014-06-01,23.418032131584003,827.0007793172496,9.266074262655145
2014-06-02,24.210903836160004,855.0008057028397,9.579798663325453
2014-06-03,23.418032131584003,827.0007793172496,9.266074262655145
2014-06-04,24.748923921408004,874.0008236073472,9.79268307806602
2014-06-05,22.143774034944002,782.000736911837,8.761874333006437
2014-06-06,16.820206875648,594.0005597514465,6.655439071362946
2014-06-07,16.367137330176003,578.0005446739665,6.4761679852656275
2014-06-08,15.376047699456002,543.0005116919789,6.084012484427744
2014-06-09,12.289511420928001,434.0004089766461,4.862728210389762
2014-06-10,11.015253324288002,389.00036657123354,4.358528280741054
2014-06-11,11.043570170880002,390.00036751357607,4.369732723622137
2014-06-12,11.581590256128,409.0003854180835,4.582617138362702
2014-06-13,11.921392415232003,421.0003967261936,4.717070452935691
2014-06-14,12.487729347072001,441.00041557304365,4.941159310557339
2014-06-15,9.514460454912001,336.00031662708085,3.7646928080436863
2014-06-16,8.495053977600001,300.0002827027508,3.3613328643247202
2014-06-17,9.344559375360001,330.0003109730259,3.697466150757192
2014-06-18,9.174658295808001,324.00030531897085,3.630239493470698
2014-06-19,8.183568665088002,289.00027233698324,3.2380839926328138
2014-06-20,8.041984432128002,284.0002676252708,3.182061778227402
2014-06-21,8.240202358272,291.00027422166823,3.2604928783949787
2014-06-22,7.419013807104001,262.00024689373566,2.935564034843589
2014-06-23,7.164162187776001,253.00023841265315,2.8347240489138477
2014-06-24,6.965944261632001,246.00023181625562,2.756292948746271
2014-06-25,6.739409488896001,238.00022427751563,2.666657405697612
2014-06-26,6.9376274150400015,245.00023087391315,2.7450885058651884
2014-06-27,6.682775795712001,236.0002223928306,2.6442485199354464
2014-06-28,6.0598051706880005,214.00020166129553,2.397750776551634
2014-06-29,5.804953551360001,205.00019318021302,2.296910790621892
2014-06-30,5.9748546309120005,211.00019883426805,2.3641374479083868
2014-07-01,5.635052471808001,199.00018752615802,2.2296841333353976
2014-07-02,5.125349233152001,181.00017056399298,2.0280041614759146
2014-07-03,4.8421807672320005,171.00016114056794,1.9159597326650903
2014-07-04,4.559012301312,161.0001517171429,1.8039153038542663
2014-07-05,4.247526988800001,150.0001413513754,1.6806664321623601
2014-07-06,4.049309062656,143.00013475497786,1.6022353319947833
2014-07-07,3.9077248296960008,138.00013004326536,1.5462131175893714
2014-07-08,3.7095069035520005,131.00012344686783,1.4677820174217946
2014-07-09,3.4546552842240006,122.00011496578531,1.366942031492053
2014-07-10,3.1714868183040004,112.00010554236029,1.2548976026812289
2014-07-11,3.5112889774080007,124.00011685047033,1.3893509172542178
2014-07-12,3.5112889774080007,124.00011685047033,1.3893509172542178
2014-07-13,3.1998036648960007,113.0001064847028,1.2661020455623113
2014-07-14,2.9732688921600006,105.00009894596278,1.176466502513652
2014-07-15,2.7693875966976003,97.80009216109674,1.0957945137698588
2014-07-16,2.6532885256704004,93.7000882974925,1.049856297957421
2014-07-17,2.4635656535040003,87.00008198379773,0.9747865306541689
2014-07-18,2.1549120256512,76.10007171226444,0.8526581032503706
2014-07-19,1.9623574688256002,69.30006530433543,0.7764678916590104
2014-07-20,1.8009514432512004,63.60005993298317,0.7126025672368407
2014-07-21,1.7358226960896002,61.300057765595405,0.6868323486103511
2014-07-22,1.5999018324480003,56.5000532423514,0.6330510227811557
2014-07-23,1.5007928693760002,53.000049944152636,0.5938354726973673
2014-07-24,1.4498225455104004,51.20004824793614,0.5736674755114191
2014-07-25,1.4894661307392003,52.60004956721564,0.5893536955449343
2014-07-26,1.3988522216448003,49.40004655171963,0.5534994783254706
2014-07-27,1.4016839063040003,49.50004664595388,0.554619922613579
2014-07-28,1.2770897812992001,45.10004249964687,0.5053203739368163
2014-07-29,1.2572679886848002,44.40004184000711,0.4974772639200586
2014-07-30,1.4639809688064003,51.700048719107386,0.5792696969519602
2014-07-31,1.7160009034752004,60.60005710595566,0.6789892385935936
2014-08-01,1.5999018324480003,56.5000532423514,0.6330510227811557
2014-08-02,1.4583175994880002,51.500048530638885,0.5770288083757437
2014-08-03,1.2204560881152002,43.10004061496186,0.4829114881746515
2014-08-04,1.1694857642496002,41.30003891874536,0.46274349098870315
2014-08-05,1.1468322869760001,40.500038164871356,0.45377993668383726
2014-08-06,1.0958619631104003,38.70003646865486,0.43361193949788895
2014-08-07,1.0647134318592002,37.6000354320781,0.42128705232869834
2014-08-08,0.9939213153792001,35.10003307622184,0.3932759451259923
2014-08-09,0.9514460454912002,33.60003166270809,0.37646928080436864
2014-08-10,0.9939213153792001,35.10003307622184,0.3932759451259923
2014-08-11,0.9344559375360001,33.00003109730258,0.3697466150757192
2014-08-12,0.8636638210560001,30.50002874144633,0.34173550787301327
2014-08-13,0.8325152898048,29.400027704869576,0.32941062070382254
2014-08-14,0.8834856136704001,31.20002940108608,0.3495786178897709
2014-08-15,0.9004757216256002,31.800029966491586,0.35630128361842034
2014-08-16,0.8381786591232002,29.60002789333808,0.3316515092800391
2014-08-17,0.7702182273024001,27.20002563171607,0.3047608463654413
2014-08-18,0.7503964346880001,26.500024972076318,0.2969177363486836
2014-08-19,0.7390696960512001,26.100024595139317,0.29243595919625065
2014-08-20,0.8155251818496001,28.800027139464074,0.32268795497517316
2014-08-21,0.7900400199168001,27.90002629135582,0.312603956382199
2014-08-22,0.8155251818496001,28.800027139464074,0.32268795497517316
2014-08-23,0.9146341449216001,32.30003043766283,0.36190350505896157
2014-08-24,0.8919806676480001,31.50002968378883,0.3529399507540956
2014-08-25,0.8268519204864001,29.200027516401075,0.3271697321276061
2014-08-26,0.8041984432128001,28.400026762527073,0.3182061778227402
2014-08-27,0.9146341449216001,32.30003043766283,0.36190350505896157
2014-08-28,1.1864758722048,41.90003948415086,0.4694661567173526
2014-08-29,1.5036245540352002,53.10005003838689,0.5949559169854755
2014-08-30,1.3535452670976,47.80004504397162,0.5355723697157387
2014-08-31,1.1241788097024001,39.70003741099735,0.4448163823789713
2014-09-01,0.9854262614016001,34.80003279351909,0.3899146122616675
2014-09-02,0.8721588750336001,30.80002902414908,0.345096840737338
2014-09-03,0.7928717045760001,28.000026385590072,0.3137244006703072
2014-09-04,0.7503964346880001,26.500024972076318,0.2969177363486836
2014-09-05,0.7617231733248001,26.90002534901332,0.3013995135011166
2014-09-06,0.7305746420736001,25.800024312436566,0.28907462633192593
2014-09-07,0.7164162187776001,25.300023841265315,0.2834724048913847
2014-09-08,0.7362380113920001,26.000024500905067,0.2913155149081424
2014-09-09,1.2374461960704002,43.700041180367364,0.48963415390330095
2014-09-10,3.3130710512640005,117.00011025407281,1.3109198170866407
2014-09-11,1.9312089375744004,68.20006426775868,0.7641430044898199
2014-09-12,1.2912482045952003,45.60004297081812,0.5109225953773575
2014-09-13,1.0477233239040002,37.0000348666726,0.4145643866000489
2014-09-14,0.9231291988992002,32.60003072036559,0.3652648379232863
2014-09-15,0.8495053977600001,30.000028270275077,0.336133286432472
2014-09-16,0.7900400199168001,27.90002629135582,0.312603956382199
2014-09-17,0.7390696960512001,26.100024595139317,0.29243595919625065
2014-09-18,0.6937627415040001,24.500023087391313,0.2745088505865188
2014-09-19,0.6626142102528001,23.40002205081456,0.2621839634173282
2014-09-20,0.6371290483200001,22.500021202706307,0.25209996482435404
2014-09-21,0.6258023096832002,22.10002082576931,0.2476181876719211
2014-09-22,0.8268519204864001,29.200027516401075,0.3271697321276061
2014-09-23,0.8919806676480001,31.50002968378883,0.3529399507540956
2014-09-24,0.7900400199168001,27.90002629135582,0.312603956382199
2014-09-25,0.7079211648000001,25.000023558562564,0.28011107202706004
2014-09-26,0.6626142102528001,23.40002205081456,0.2621839634173282
2014-09-27,0.6371290483200001,22.500021202706307,0.25209996482435404
2014-09-28,0.6541191562752001,23.100021768111812,0.2588226305530035
2014-09-29,0.8381786591232002,29.60002789333808,0.3316515092800391
2014-09-30,1.0817035398144002,38.200035997483596,0.42800971805734767
2014-10-01,1.1581590256128,40.90003854180835,0.4582617138362701
2014-10-02,1.1355055483392003,40.100037787934355,0.4492981595314043
2014-10-03,1.0307332159488,36.40003430126709,0.4078417208713994
2014-10-04,1.0052480540160003,35.50003345315885,0.39775772227842526
2014-10-05,1.0222381619712002,36.100034018564344,0.4044803880070747
2014-10-06,1.033564900608,36.500034395501345,0.4089621651595076
2014-10-07,1.0448916392448002,36.900034772438346,0.41344394231194065
2014-10-08,1.0194064773120002,36.0000339243301,0.40335994371896644
2014-10-09,1.0109114233344003,35.70003364162735,0.3999986108546418
2014-10-10,1.0420599545856,36.80003467820409,0.4123234980238323
2014-10-11,1.0392282699264002,36.700034583969845,0.41120305373572413
2014-10-12,1.0505550085632003,37.100034960906854,0.4156848308881571
2014-10-13,1.0675451165184002,37.70003552631235,0.42240749661680654
2014-10-14,0.9825945767424002,34.70003269928485,0.38879416797355937
2014-10-15,1.0477233239040002,37.0000348666726,0.4145643866000489
2014-10-16,1.0109114233344003,35.70003364162735,0.3999986108546418
2014-10-17,0.9627727841280002,34.00003203964509,0.3809510579568017
2014-10-18,0.9033074062848001,31.900030060725832,0.3574217279065286
2014-10-19,0.8664955057152002,30.600028835680583,0.3428559521611215
2014-10-20,0.8466737131008001,29.900028176040827,0.3350128421443638
2014-10-21,0.8211885511680002,29.000027327932578,0.3249288435513896
2014-10-22,0.8976440369664002,31.700029872257332,0.35518083933031214
2014-10-23,0.9429509915136001,33.300031380005336,0.3731079479400439
2014-10-24,0.8721588750336001,30.80002902414908,0.345096840737338
2014-10-25,0.8126934971904001,28.700027045229824,0.3215675106870649
2014-10-26,0.7787132812800002,27.500025914418824,0.30812217922976604
2014-10-27,0.8155251818496001,28.800027139464074,0.32268795497517316
2014-10-28,0.7475647500288001,26.400024877842068,0.29579729206057537
2014-10-29,0.7305746420736001,25.800024312436566,0.28907462633192593
2014-10-30,0.7334063267328,25.900024406670816,0.29019507062003413
2014-10-31,0.7164162187776001,25.300023841265315,0.2834724048913847
2014-11-01,0.7107528494592001,25.100023652796818,0.2812315163151683
2014-11-02,0.7249112727552002,25.60002412396807,0.28683373775570953
2014-11-03,0.7702182273024001,27.20002563171607,0.3047608463654413
2014-11-04,0.7192479034368001,25.400023935499565,0.284592849179493
2014-11-05,0.6654458949120001,23.500022145048813,0.26330440770543645
2014-11-06,0.7079211648000001,25.000023558562564,0.28011107202706004
2014-11-07,0.7135845341184001,25.200023747031064,0.2823519606032765
2014-11-08,0.6994261108224001,24.700023275859817,0.2767497391627353
2014-11-09,0.6484557869568001,22.900021579643308,0.25658174197678696
2014-11-10,0.6711092642304001,23.70002233351731,0.26554529628165285
2014-11-11,0.5748319858176001,20.300019129552805,0.22745019048597273
2014-11-12,0.6059805170688001,21.400020166129554,0.23977507765516337
2014-11-13,0.5125349233152001,18.1000170563993,0.2028004161475915
2014-11-14,0.6512874716160001,23.00002167387756,0.2577021862648952
2014-11-15,0.7192479034368001,25.400023935499565,0.284592849179493
2014-11-16,0.5493468238848,19.40001828144455,0.21736619189299855
2014-11-17,0.538020085248,19.000017904507548,0.2128844147405656
2014-11-18,0.5097032386560001,18.00001696216505,0.20167997185948322
2014-11-19,0.5946537784320001,21.000019789192553,0.2352933005027304
2014-11-20,0.6173072557056001,21.800020543066555,0.24425685480759635
2014-11-21,0.6371290483200001,22.500021202706307,0.25209996482435404
2014-11-22,0.5776636704768,20.40001922378705,0.22857063477408093
2014-11-23,0.6059805170688001,21.400020166129554,0.23977507765516337
2014-11-24,0.5663369318400001,20.000018846850054,0.224088857621648
2014-11-25,0.5918220937728,20.900019694958303,0.23417285621462217
2014-11-26,0.6173072557056001,21.800020543066555,0.24425685480759635
2014-11-27,0.6258023096832002,22.10002082576931,0.2476181876719211
2014-11-28,0.6201389403648001,21.90002063730081,0.24537729909570458
2014-11-29,0.5833270397952002,20.600019412255556,0.23081152335029748
2014-11-30,0.580495355136,20.5000193180213,0.22969107906218922
2014-12-01,0.5635052471808001,19.9000187526158,0.22296841333353978
2014-12-02,0.5323567159296001,18.80001771603905,0.21064352616434917
2014-12-03,0.538020085248,19.000017904507548,0.2128844147405656
2014-12-04,0.5521785085440001,19.5000183756788,0.21848663618110684
2014-12-05,0.5550101932032001,19.600018469913053,0.21960708046921507
2014-12-06,0.5465151392256001,19.300018187210302,0.21624574760489035
2014-12-07,0.5408517699072001,19.100017998741798,0.21400485902867383
2014-12-08,0.5181982926336001,18.300017244867796,0.20504130472380794
2014-12-09,0.5068715539968001,17.900016867930795,0.200559527571375
2014-12-10,0.49837650001920014,17.600016585228047,0.1971981947070503
2014-12-11,0.4870497613824,17.200016208291043,0.19271641755461727
2014-12-12,0.4813863920640001,17.000016019822546,0.19047552897840084
2014-12-13,0.49837650001920014,17.600016585228047,0.1971981947070503
2014-12-14,0.5550101932032001,19.600018469913053,0.21960708046921507
2014-12-15,0.5436834545664001,19.20001809297605,0.21512530331678212
2014-12-16,0.5210299772928,18.400017339102046,0.20616174901191614
2014-12-17,0.5210299772928,18.400017339102046,0.20616174901191614
2014-12-18,0.5323567159296001,18.80001771603905,0.21064352616434917
2014-12-19,0.5210299772928,18.400017339102046,0.20616174901191614
2014-12-20,0.5153666079744,18.200017150633546,0.2039208604356997
2014-12-21,0.5323567159296001,18.80001771603905,0.21064352616434917
2014-12-22,0.5493468238848,19.40001828144455,0.21736619189299855
2014-12-23,0.5720003011584001,20.20001903531855,0.2263297461978645
2014-12-24,0.5776636704768,20.40001922378705,0.22857063477408093
2014-12-25,0.5974854630912001,21.100019883426807,0.23641374479083868
2014-12-26,0.5889904091136001,20.800019600724056,0.23305241192651396
2014-12-27,0.5323567159296001,18.80001771603905,0.21064352616434917
2014-12-28,0.5210299772928,18.400017339102046,0.20616174901191614
2014-12-29,0.5266933466112002,18.60001752757055,0.20840263758813268
2014-12-30,0.5550101932032001,19.600018469913053,0.21960708046921507
2014-12-31,0.5663369318400001,20.000018846850054,0.224088857621648
2015-01-01,0.5748319858176001,20.300019129552805,0.22745019048597273
2015-01-02,0.5776636704768,20.40001922378705,0.22857063477408093
2015-01-03,0.5918220937728,20.900019694958303,0.23417285621462217
2015-01-04,0.5776636704768,20.40001922378705,0.22857063477408093
2015-01-05,0.5720003011584001,20.20001903531855,0.2263297461978645
2015-01-06,0.5578418778624,19.7000185641473,0.22072752475732327
2015-01-07,0.5295250312704001,18.700017621804797,0.20952308187624089
2015-01-08,0.5295250312704001,18.700017621804797,0.20952308187624089
2015-01-09,0.538020085248,19.000017904507548,0.2128844147405656
2015-01-10,0.5323567159296001,18.80001771603905,0.21064352616434917
2015-01-11,0.5238616619520001,18.5000174333363,0.20728219330002445
2015-01-12,0.5266933466112002,18.60001752757055,0.20840263758813268
2015-01-13,0.5153666079744,18.200017150633546,0.2039208604356997
2015-01-14,0.49837650001920014,17.600016585228047,0.1971981947070503
2015-01-15,0.4898814460416001,17.300016302525297,0.19383686184272556
2015-01-16,0.4898814460416001,17.300016302525297,0.19383686184272556
2015-01-17,0.5012081846784,17.700016679462294,0.19831863899515847
2015-01-18,0.49554481536000006,17.500016490993794,0.19607775041894202
2015-01-19,0.5012081846784,17.700016679462294,0.19831863899515847
2015-01-20,0.5012081846784,17.700016679462294,0.19831863899515847
2015-01-21,0.4870497613824,17.200016208291043,0.19271641755461727
2015-01-22,0.5068715539968001,17.900016867930795,0.200559527571375
2015-01-23,0.49554481536000006,17.500016490993794,0.19607775041894202
2015-01-24,0.4870497613824,17.200016208291043,0.19271641755461727
2015-01-25,0.5097032386560001,18.00001696216505,0.20167997185948322
2015-01-26,0.4898814460416001,17.300016302525297,0.19383686184272556
2015-01-27,0.49271313070080003,17.400016396759543,0.19495730613083376
2015-01-28,0.5012081846784,17.700016679462294,0.19831863899515847
2015-01-29,0.49271313070080003,17.400016396759543,0.19495730613083376
2015-01-30,0.49554481536000006,17.500016490993794,0.19607775041894202
2015-01-31,0.5040398693376001,17.800016773696548,0.1994390832832668
2015-02-01,0.5012081846784,17.700016679462294,0.19831863899515847
2015-02-02,0.49271313070080003,17.400016396759543,0.19495730613083376
2015-02-03,0.5040398693376001,17.800016773696548,0.1994390832832668
2015-02-04,0.5097032386560001,18.00001696216505,0.20167997185948322
2015-02-05,0.5097032386560001,18.00001696216505,0.20167997185948322
2015-02-06,0.49554481536000006,17.500016490993794,0.19607775041894202
2015-02-07,0.49837650001920014,17.600016585228047,0.1971981947070503
2015-02-08,0.5097032386560001,18.00001696216505,0.20167997185948322
2015-02-09,0.5012081846784,17.700016679462294,0.19831863899515847
2015-02-10,0.5465151392256001,19.300018187210302,0.21624574760489035
2015-02-11,0.5040398693376001,17.800016773696548,0.1994390832832668
2015-02-12,0.4870497613824,17.200016208291043,0.19271641755461727
2015-02-13,0.5097032386560001,18.00001696216505,0.20167997185948322
2015-02-14,0.5125349233152001,18.1000170563993,0.2028004161475915
2015-02-15,0.5266933466112002,18.60001752757055,0.20840263758813268
2015-02-16,0.5097032386560001,18.00001696216505,0.20167997185948322
2015-02-17,0.5181982926336001,18.300017244867796,0.20504130472380794
2015-02-18,0.5153666079744,18.200017150633546,0.2039208604356997
2015-02-19,0.49837650001920014,17.600016585228047,0.1971981947070503
2015-02-20,0.5068715539968001,17.900016867930795,0.200559527571375
2015-02-21,0.49837650001920014,17.600016585228047,0.1971981947070503
2015-02-22,0.49554481536000006,17.500016490993794,0.19607775041894202
2015-02-23,0.49837650001920014,17.600016585228047,0.1971981947070503
2015-02-24,0.5181982926336001,18.300017244867796,0.20504130472380794
2015-02-25,0.5181982926336001,18.300017244867796,0.20504130472380794
2015-02-26,0.5097032386560001,18.00001696216505,0.20167997185948322
2015-02-27,0.5012081846784,17.700016679462294,0.19831863899515847
2015-02-28,0.49554481536000006,17.500016490993794,0.19607775041894202
2015-03-01,0.5210299772928,18.400017339102046,0.20616174901191614
2015-03-02,0.5068715539968001,17.900016867930795,0.200559527571375
2015-03-03,0.5068715539968001,17.900016867930795,0.200559527571375
2015-03-04,0.4813863920640001,17.000016019822546,0.19047552897840084
2015-03-05,0.49554481536000006,17.500016490993794,0.19607775041894202
2015-03-06,0.5097032386560001,18.00001696216505,0.20167997185948322
2015-03-07,0.5097032386560001,18.00001696216505,0.20167997185948322
2015-03-08,0.5323567159296001,18.80001771603905,0.21064352616434917
2015-03-09,0.5238616619520001,18.5000174333363,0.20728219330002445
2015-03-10,0.5210299772928,18.400017339102046,0.20616174901191614
2015-03-11,0.5238616619520001,18.5000174333363,0.20728219330002445
2015-03-12,0.5436834545664001,19.20001809297605,0.21512530331678212
2015-03-13,0.5550101932032001,19.600018469913053,0.21960708046921507
2015-03-14,0.5663369318400001,20.000018846850054,0.224088857621648
2015-03-15,0.6314656790016001,22.30002101423781,0.24985907624813755
2015-03-16,0.7617231733248001,26.90002534901332,0.3013995135011166
2015-03-17,0.9656044687872002,34.10003213387934,0.38207150224490993
2015-03-18,1.1638223949312003,41.100038730276864,0.46050260241248675
2015-03-19,1.2204560881152002,43.10004061496186,0.4829114881746515
2015-03-20,1.3393868438016001,47.30004457280037,0.5299701482751975
2015-03-21,1.3648720057344004,48.20004542090863,0.5400541468681718
2015-03-22,1.4045155909632003,49.600046740188134,0.5557403669016872
2015-03-23,1.5659216165376002,55.300052111540396,0.6196056913238568
2015-03-24,1.5659216165376002,55.300052111540396,0.6196056913238568
2015-03-25,1.4441591761920003,51.00004805946764,0.5714265869352024
2015-03-26,1.3280601051648002,46.90004419586337,0.5254883711227646
2015-03-27,1.3337234744832003,47.10004438433187,0.5277292596989811
2015-03-28,1.5942384631296003,56.3000530538829,0.6308101342049391
2015-03-29,2.1124367557632002,74.6000702987507,0.835851438928747
2015-03-30,2.4324171222528004,85.90008094722097,0.9624616434849783
2015-03-31,2.7863777046528004,98.40009272650225,1.1025171794985082
2015-04-01,3.1714868183040004,112.00010554236029,1.2548976026812289
2015-04-02,2.7580608580608006,97.40009178415976,1.091312736617426
2015-04-03,2.3134863665664005,81.70007698938247,0.9154029833844323
2015-04-04,2.0161594773504006,71.20006709478619,0.7977563331330672
2015-04-05,2.0756248551936003,73.30006907370544,0.82128566318334
2015-04-06,2.2681794120192,80.10007548163445,0.8974758747747001
2015-04-07,2.4805557614592004,87.60008254920324,0.9815091963828183
2015-04-08,2.4862191307776005,87.80008273767173,0.9837500849590348
2015-04-09,2.3502982671360004,83.00007821442772,0.9299687591298393
2015-04-10,2.1662387642880003,76.50007208920145,0.8571398804028038
2015-04-11,2.1492486563328006,75.90007152379596,0.8504172146741543
2015-04-12,2.2964962586112003,81.10007642397696,0.9086803176557827
2015-04-13,2.3078229972480004,81.50007680091396,0.9131620948082156
2015-04-14,2.7665559120384007,97.70009206686251,1.0946740694817507
2015-04-15,3.2281205114880005,114.0001074270453,1.2773064884433938
2015-04-16,2.9449520455680003,104.00009800362027,1.1652620596325696
2015-04-17,2.8316846592000005,100.00009423425026,1.1204442881082401
2015-04-18,2.5286944006656005,89.30008415118549,1.0005567492806584
2015-04-19,2.3304764745216002,82.30007755478796,0.9221256491130816
2015-04-20,2.1860605569024005,77.20007274884121,0.8649829904195614
2015-04-21,2.0897832784896004,73.80006954487669,0.8268878846238813
2015-04-22,2.2030506648576003,77.8000733142467,0.8717056561482107
2015-04-23,2.3644566904320006,83.50007868559898,0.9355709805703806
2015-04-24,2.5201993466880004,89.00008386848273,0.9971954164163337
2015-04-25,2.3361398438400003,82.50007774325647,0.924366537689298
2015-04-26,2.5003775540736,88.30008320884298,0.9893523063995758
2015-04-27,2.3248131052032,82.10007736631945,0.9198847605368651
2015-04-28,2.3559616364544005,83.20007840289622,0.9322096477060559
2015-04-29,2.9732688921600006,105.00009894596278,1.176466502513652
2015-04-30,3.822774289920001,135.00012721623787,1.5125997889461242
2015-05-01,4.615645994496001,163.00015360182792,1.8263241896164313
2015-05-02,4.983765000192001,176.00016585228047,1.9719819470705027
2015-05-03,5.465151392256001,193.00018187210298,2.1624574760489033
2015-05-04,6.088122017280001,215.00020260363806,2.408955219432716
2015-05-05,6.031488324096001,213.00020071895307,2.3865463336705517
2015-05-06,7.8154496593920015,276.0002600865307,3.092426235178743
2015-05-07,7.220795880960001,255.00024029733817,2.857132934676012
2015-05-08,6.484557869568001,229.0002157964331,2.56581741976787
2015-05-09,6.597825255936001,233.0002195658031,2.6106351912921992
2015-05-10,6.1447557104640005,217.00020448832305,2.431364105194881
2015-05-11,5.776636704768001,204.00019223787055,2.2857063477408097
2015-05-12,5.776636704768001,204.00019223787055,2.2857063477408097
2015-05-13,5.833270397952001,206.00019412255554,2.3081152335029747
2015-05-14,5.833270397952001,206.00019412255554,2.3081152335029747
2015-05-15,5.8899040911360006,208.00019600724053,2.330524119265139
2015-05-16,5.493468238848001,194.0001828144455,2.173661918929986
2015-05-17,5.436834545664,192.0001809297605,2.1512530331678206
2015-05-18,5.351884005888,189.00017810273297,2.1176397045245734
2015-05-19,5.833270397952001,206.00019412255554,2.3081152335029747
2015-05-20,5.663369318400001,200.0001884685005,2.2408885762164803
2015-05-21,5.606735625216001,198.00018658381552,2.218479690454316
2015-05-22,6.569508409344001,232.00021862346063,2.599430748411117
2015-05-23,6.909310568448001,244.00022993157063,2.733884062984106
2015-05-24,6.654458949120001,235.0002214504881,2.633044077054364
2015-05-25,6.371290483200001,225.0002120270631,2.5209996482435404
2015-05-26,6.314656790016001,223.0002101423781,2.4985907624813755
2015-05-27,6.767726335488001,239.0002252198581,2.6778618485786936
2015-05-28,7.645548579840002,270.00025443247574,3.0251995778922485
2015-05-29,7.9853507389440015,282.00026574058575,3.159652892465237
2015-05-30,7.872083352576001,278.0002619712157,3.1148351209409078
2015-05-31,9.344559375360001,330.0003109730259,3.697466150757192
2015-06-01,11.581590256128,409.0003854180835,4.582617138362702
2015-06-02,13.648720057344002,482.0004542090863,5.400541468681718
2015-06-03,14.639809688064002,517.0004871910738,5.792696969519601
2015-06-04,13.931888523264002,492.00046363251124,5.512585897492542
2015-06-05,13.478818977792002,476.00044855503126,5.333314811395224
2015-06-06,12.374461960704002,437.0004118036736,4.89634153903301
2015-06-07,11.723174489088002,414.0003901297961,4.638639352768114
2015-06-08,11.581590256128,409.0003854180835,4.582617138362702
2015-06-09,12.374461960704002,437.0004118036736,4.89634153903301
2015-06-10,13.025749432320001,460.00043347755116,5.154043725297904
2015-06-11,14.469908608512002,511.0004815370188,5.7254703122331065
2015-06-12,15.914067784704002,562.0005295964864,6.29689689916831
2015-06-13,13.846937983488003,489.0004608054838,5.478972568849294
2015-06-14,11.893075568640002,420.0003957838511,4.705866010054608
2015-06-15,11.383372329984002,402.00037882168607,4.504186038195125
2015-06-16,11.185154403840002,395.0003722252886,4.4257549380275485
2015-06-17,12.346145114112002,436.00041086133115,4.885137096151927
2015-06-18,11.524956562944002,407.0003835333986,4.560208252600537
2015-06-19,10.392282699264001,367.00034583969847,4.112030537357241
2015-06-20,9.995846846976,353.0003326469034,3.955168337022087
2015-06-21,9.259608835584002,327.00030814599836,3.6638528221139457
2015-06-22,8.77822244352,310.0002921261758,3.473377293135544
2015-06-23,8.126934971904001,287.00027045229825,3.2156751068706493
2015-06-24,7.475647500288001,264.00024877842066,2.9579729206057537
2015-06-25,6.796043182080001,240.00022616220062,2.689066291459776
2015-06-26,6.258023096832001,221.00020825769306,2.4761818767192105
2015-06-27,5.720003011584001,202.00019035318553,2.263297461978645
2015-06-28,5.351884005888,189.00017810273297,2.1176397045245734
2015-06-29,4.955448153600001,175.00016490993795,1.9607775041894202
2015-06-30,4.898814460416001,173.00016302525296,1.9383686184272555
2015-07-01,4.700596534272001,166.00015642885543,1.8599375182596787
2015-07-02,4.304160681984,152.00014323606038,1.7030753179245248
2015-07-03,3.9643585228800005,140.00013192795035,1.5686220033515361
2015-07-04,3.7095069035520005,131.00012344686783,1.4677820174217946
2015-07-05,3.4546552842240006,122.00011496578531,1.366942031492053
2015-07-06,3.7378237501440004,132.00012438921033,1.4789864603028768
2015-07-07,3.6528732103680004,129.00012156218284,1.4453731316596297
2015-07-08,4.7572302274560005,168.00015831354042,1.8823464040218432
2015-07-09,5.153666079744001,182.00017150633548,2.0392086043569972
2015-07-10,3.7378237501440004,132.00012438921033,1.4789864603028768
2015-07-11,3.0865362785280004,109.00010271533279,1.2212842740379817
2015-07-12,2.7835460199936004,98.300092632268,1.1013967352104
2015-07-13,2.5286944006656005,89.30008415118549,1.0005567492806584
2015-07-14,2.5711696705536005,90.80008556469924,1.0173634136022822
2015-07-15,2.6844370569216003,94.80008933406924,1.0621811851266114
2015-07-16,2.2908328892928007,80.90007623550848,0.9064394290795664
2015-07-17,1.9906743154176003,70.30006624667793,0.7876723345400928
2015-07-18,1.8462583977984004,65.20006144073118,0.7305296758465726
2015-07-19,1.8717435597312002,66.10006228883942,0.7406136744395467
2015-07-20,1.7329910114304004,61.200057671361165,0.685711904322243
2015-07-21,1.8802386137088005,66.40006257154218,0.7439750073038716
2015-07-22,1.9651891534848005,69.4000653985697,0.7775883359471187
2015-07-23,1.7301593267712003,61.10005757712691,0.6845914600341347
2015-07-24,1.5177829773312004,53.600050509558145,0.6005581384260168
2015-07-25,1.3960205369856,49.30004645748537,0.5523790340373623
2015-07-26,1.2629313580032002,44.60004202847562,0.4997181524962751
2015-07-27,1.1808125028864003,41.70003929568236,0.4672252681411362
2015-07-28,1.0986936477696,38.8000365628891,0.4347323837859971
2015-07-29,1.0250698466304002,36.2000341127986,0.405600832295183
2015-07-30,0.9656044687872002,34.10003213387934,0.38207150224490993
2015-07-31,0.9174658295808001,32.40003053189709,0.3630239493470698
2015-08-01,0.8891489829888001,31.40002958955458,0.35181950646598736
2015-08-02,0.8580004517376002,30.30002855297783,0.3394946192967968
2015-08-03,0.8693271903744001,30.70002892991483,0.34397639644922967
2015-08-04,0.8381786591232002,29.60002789333808,0.3316515092800391
2015-08-05,0.7758815966208,27.400025820184567,0.3070017349416578
2015-08-06,0.7334063267328,25.900024406670816,0.29019507062003413
2015-08-07,0.7079211648000001,25.000023558562564,0.28011107202706004
2015-08-08,0.7277429574144001,25.700024218202316,0.28795418204381773
2015-08-09,0.6937627415040001,24.500023087391313,0.2745088505865188
2015-08-10,0.6512874716160001,23.00002167387756,0.2577021862648952
2015-08-11,0.6569508409344,23.20002186234606,0.2599430748411117
2015-08-12,0.8070301278720001,28.500026856761323,0.31932662211084845
2015-08-13,0.7305746420736001,25.800024312436566,0.28907462633192593
2015-08-14,0.7022577954816002,24.800023370094067,0.2778701834508436
2015-08-15,0.6427924176384001,22.70002139117481,0.25434085340057055
2015-08-16,0.6626142102528001,23.40002205081456,0.2621839634173282
2015-08-17,0.6484557869568001,22.900021579643308,0.25658174197678696
2015-08-18,0.6484557869568001,22.900021579643308,0.25658174197678696
2015-08-19,0.5889904091136001,20.800019600724056,0.23305241192651396
2015-08-20,0.5521785085440001,19.5000183756788,0.21848663618110684
2015-08-21,0.5153666079744,18.200017150633546,0.2039208604356997
2015-08-22,0.49554481536000006,17.500016490993794,0.19607775041894202
2015-08-23,0.46722796876800005,16.50001554865129,0.1848733075378596
2015-08-24,0.4559012301312001,16.100015171714293,0.18039153038542666
2015-08-25,0.44174280683520006,15.60001470054304,0.17478930894488545
2015-08-26,0.44457449149440004,15.70001479477729,0.17590975323299368
2015-08-27,0.6569508409344,23.20002186234606,0.2599430748411117
2015-08-28,0.7532281193472001,26.60002506631057,0.2980381806367919
2015-08-29,0.6173072557056001,21.800020543066555,0.24425685480759635
2015-08-30,0.5408517699072001,19.100017998741798,0.21400485902867383
2015-08-31,0.6173072557056001,21.800020543066555,0.24425685480759635
2015-09-01,0.7588914886656002,26.800025254779072,0.3002790692130084
2015-09-02,0.6682775795712002,23.600022239283064,0.26442485199354465
2015-09-03,0.6824360028672002,24.100022710454315,0.2700270734340859
2015-09-04,0.9882579460608001,34.90003288775334,0.3910350565497758
2015-09-05,1.1836441875456,41.800039389916606,0.46834571242924433
2015-09-06,0.9202975142400002,32.500030626131334,0.36414439363517803
2015-09-07,0.9089707756032002,32.10003024919433,0.35966261648274506
2015-09-08,0.9825945767424002,34.70003269928485,0.38879416797355937
2015-09-09,0.7985350738944001,28.200026574058576,0.31596528924652373
2015-09-10,0.679604318208,24.00002261622006,0.26890662914597757
2015-09-11,0.6088122017280001,21.500020260363808,0.24089552194327163
2015-09-12,0.5663369318400001,20.000018846850054,0.224088857621648
2015-09-13,0.5323567159296001,18.80001771603905,0.21064352616434917
2015-09-14,0.5097032386560001,18.00001696216505,0.20167997185948322
2015-09-15,0.5663369318400001,20.000018846850054,0.224088857621648
2015-09-16,0.5918220937728,20.900019694958303,0.23417285621462217
2015-09-17,0.5493468238848,19.40001828144455,0.21736619189299855
2015-09-18,0.5125349233152001,18.1000170563993,0.2028004161475915
2015-09-19,0.4870497613824,17.200016208291043,0.19271641755461727
2015-09-20,0.47005965342720013,16.600015642885545,0.1859937518259679
2015-09-21,0.4502378608128001,15.900014983245793,0.17815064180921017
2015-09-22,0.44457449149440004,15.70001479477729,0.17590975323299368
2015-09-23,0.4389111221760001,15.500014606308792,0.17366886465677722
2015-09-24,0.4219210142208001,14.90001404090329,0.1669461989281278
2015-09-25,0.4105942755840001,14.500013663966289,0.1624644217756948
2015-09-26,0.4049309062656001,14.300013475497789,0.16022353319947832
2015-09-27,0.39643585228800005,14.000013192795036,0.1568622003351536
2015-09-28,0.3936041676288001,13.900013098560787,0.15574175604704538
2015-09-29,0.4105942755840001,14.500013663966289,0.1624644217756948
2015-09-30,0.4105942755840001,14.500013663966289,0.1624644217756948
2015-10-01,0.41342596024320005,14.600013758200538,0.16358486606380304
2015-10-02,0.40209922160640005,14.200013381263537,0.1591030889113701
2015-10-03,0.4162576449024,14.700013852434788,0.16470531035191127
2015-10-04,0.40776259092480005,14.400013569732037,0.16134397748758658
2015-10-05,0.39643585228800005,14.000013192795036,0.1568622003351536
2015-10-06,0.44457449149440004,15.70001479477729,0.17590975323299368
2015-10-07,0.5861587244544001,20.700019506489806,0.23193196763840568
2015-10-08,0.4813863920640001,17.000016019822546,0.19047552897840084
2015-10-09,0.44457449149440004,15.70001479477729,0.17590975323299368
2015-10-10,0.42475269888000006,15.000014135137539,0.168066643216236
2015-10-11,0.41342596024320005,14.600013758200538,0.16358486606380304
2015-10-12,0.3992675369472001,14.100013287029288,0.15798264462326186
2015-10-13,0.38510911365120004,13.600012815858035,0.15238042318272066
2015-10-14,0.38227742899200007,13.500012721623786,0.15125997889461243
2015-10-15,0.37661405967360007,13.300012533155286,0.14901909031839594
2015-10-16,0.37378237501440004,13.200012438921034,0.14789864603028768
2015-10-17,0.37095069035520006,13.100012344686784,0.14677820174217945
2015-10-18,0.3794457443328001,13.400012627389536,0.1501395346065042
2015-10-19,0.41342596024320005,14.600013758200538,0.16358486606380304
2015-10-20,0.4502378608128001,15.900014983245793,0.17815064180921017
2015-10-21,0.4219210142208001,14.90001404090329,0.1669461989281278
2015-10-22,0.4813863920640001,17.000016019822546,0.19047552897840084
2015-10-23,0.6258023096832002,22.10002082576931,0.2476181876719211
2015-10-24,0.5833270397952002,20.600019412255556,0.23081152335029748
2015-10-25,0.5408517699072001,19.100017998741798,0.21400485902867383
2015-10-26,0.5918220937728,20.900019694958303,0.23417285621462217
2015-10-27,0.6031488324096002,21.300020071895307,0.23865463336705517
2015-10-28,0.5465151392256001,19.300018187210302,0.21624574760489035
2015-10-29,0.5351884005888,18.900017810273297,0.21176397045245737
2015-10-30,0.5295250312704001,18.700017621804797,0.20952308187624089
2015-10-31,0.5068715539968001,17.900016867930795,0.200559527571375
2015-11-01,0.4898814460416001,17.300016302525297,0.19383686184272556
2015-11-02,0.4813863920640001,17.000016019822546,0.19047552897840084
2015-11-03,0.46722796876800005,16.50001554865129,0.1848733075378596
2015-11-04,0.5097032386560001,18.00001696216505,0.20167997185948322
2015-11-05,0.538020085248,19.000017904507548,0.2128844147405656
2015-11-06,0.5153666079744,18.200017150633546,0.2039208604356997
2015-11-07,0.47005965342720013,16.600015642885545,0.1859937518259679
2015-11-08,0.5068715539968001,17.900016867930795,0.200559527571375
2015-11-09,0.5266933466112002,18.60001752757055,0.20840263758813268
2015-11-10,0.5465151392256001,19.300018187210302,0.21624574760489035
2015-11-11,0.6003171477504,21.200019977661054,0.23753418907894688
2015-11-12,0.45306954547200007,16.000015077480043,0.17927108609731843
2015-11-13,0.49271313070080003,17.400016396759543,0.19495730613083376
2015-11-14,0.49271313070080003,17.400016396759543,0.19495730613083376
2015-11-15,0.5153666079744,18.200017150633546,0.2039208604356997
2015-11-16,0.5493468238848,19.40001828144455,0.21736619189299855
2015-11-17,0.5578418778624,19.7000185641473,0.22072752475732327
2015-11-18,0.5521785085440001,19.5000183756788,0.21848663618110684
2015-11-19,0.5635052471808001,19.9000187526158,0.22296841333353978
2015-11-20,0.5663369318400001,20.000018846850054,0.224088857621648
2015-11-21,0.4190893295616001,14.80001394666904,0.16582575464001956
2015-11-22,0.44174280683520006,15.60001470054304,0.17478930894488545
2015-11-23,0.5295250312704001,18.700017621804797,0.20952308187624089
2015-11-24,0.5295250312704001,18.700017621804797,0.20952308187624089
2015-11-25,0.5493468238848,19.40001828144455,0.21736619189299855
2015-11-26,0.538020085248,19.000017904507548,0.2128844147405656
2015-11-27,0.49271313070080003,17.400016396759543,0.19495730613083376
2015-11-28,0.4615645994496001,16.300015360182794,0.18263241896164314
2015-11-29,0.49271313070080003,17.400016396759543,0.19495730613083376
2015-11-30,0.46722796876800005,16.50001554865129,0.1848733075378596
2015-12-01,0.45873291479040007,16.200015265948544,0.1815119746735349
2015-12-02,0.44457449149440004,15.70001479477729,0.17590975323299368
2015-12-03,0.5125349233152001,18.1000170563993,0.2028004161475915
2015-12-04,0.45873291479040007,16.200015265948544,0.1815119746735349
2015-12-05,0.45306954547200007,16.000015077480043,0.17927108609731843
2015-12-06,0.4105942755840001,14.500013663966289,0.1624644217756948
2015-12-07,0.43041606819840006,15.20001432360604,0.1703075317924525
2015-12-08,0.4389111221760001,15.500014606308792,0.17366886465677722
2015-12-09,0.43607943751680006,15.40001451207454,0.172548420368669
2015-12-10,0.4190893295616001,14.80001394666904,0.16582575464001956
2015-12-11,0.4190893295616001,14.80001394666904,0.16582575464001956
2015-12-12,0.4219210142208001,14.90001404090329,0.1669461989281278
2015-12-13,0.4049309062656001,14.300013475497789,0.16022353319947832
2015-12-14,0.3936041676288001,13.900013098560787,0.15574175604704538
2015-12-15,0.40776259092480005,14.400013569732037,0.16134397748758658
2015-12-16,0.3794457443328001,13.400012627389536,0.1501395346065042
2015-12-17,0.37661405967360007,13.300012533155286,0.14901909031839594
2015-12-18,0.39643585228800005,14.000013192795036,0.1568622003351536
2015-12-19,0.3992675369472001,14.100013287029288,0.15798264462326186
2015-12-20,0.4162576449024,14.700013852434788,0.16470531035191127
2015-12-21,0.4049309062656001,14.300013475497789,0.16022353319947832
2015-12-22,0.4105942755840001,14.500013663966289,0.1624644217756948
2015-12-23,0.4105942755840001,14.500013663966289,0.1624644217756948
2015-12-24,0.37378237501440004,13.200012438921034,0.14789864603028768
2015-12-25,0.42758438353920003,15.100014229371789,0.16918708750434425
2015-12-26,0.3879407983104,13.700012910092283,0.1535008674708289
2015-12-27,0.37095069035520006,13.100012344686784,0.14677820174217945
2015-12-28,0.44174280683520006,15.60001470054304,0.17478930894488545
2015-12-29,0.44174280683520006,15.60001470054304,0.17478930894488545
2015-12-30,0.44457449149440004,15.70001479477729,0.17590975323299368
2015-12-31,0.4190893295616001,14.80001394666904,0.16582575464001956
2016-01-01,0.3936041676288001,13.900013098560787,0.15574175604704538
2016-01-02,0.3879407983104,13.700012910092283,0.1535008674708289
2016-01-03,0.3992675369472001,14.100013287029288,0.15798264462326186
2016-01-04,0.40776259092480005,14.400013569732037,0.16134397748758658
2016-01-05,0.4105942755840001,14.500013663966289,0.1624644217756948
2016-01-06,0.4049309062656001,14.300013475497789,0.16022353319947832
2016-01-07,0.3936041676288001,13.900013098560787,0.15574175604704538
2016-01-08,0.37661405967360007,13.300012533155286,0.14901909031839594
2016-01-09,0.35679226705920003,12.600011873515532,0.14117598030163825
2016-01-10,0.339802159104,12.00001130811003,0.13445331457298879
2016-01-11,0.3284754204672,11.60001093117303,0.12997153742055584
2016-01-12,0.32564373580800005,11.50001083693878,0.1288510931324476
2016-01-13,0.3341387897856001,11.800011119641532,0.13221242599677233
2016-01-14,0.34263384376320005,12.10001140234428,0.13557375886109704
2016-01-15,0.34829721308160005,12.300011590812781,0.13781464743731353
2016-01-16,0.339802159104,12.00001130811003,0.13445331457298879
2016-01-17,0.3341387897856001,11.800011119641532,0.13221242599677233
2016-01-18,0.3341387897856001,11.800011119641532,0.13221242599677233
2016-01-19,0.3284754204672,11.60001093117303,0.12997153742055584
2016-01-20,0.3284754204672,11.60001093117303,0.12997153742055584
2016-01-21,0.3341387897856001,11.800011119641532,0.13221242599677233
2016-01-22,0.33130710512640005,11.70001102540728,0.1310919817086641
2016-01-23,0.339802159104,12.00001130811003,0.13445331457298879
2016-01-24,0.33697047444480005,11.90001121387578,0.13333287028488058
2016-01-25,0.31998036648960004,11.300010648470279,0.12661020455623112
2016-01-26,0.32564373580800005,11.50001083693878,0.1288510931324476
2016-01-27,0.32564373580800005,11.50001083693878,0.1288510931324476
2016-01-28,0.32281205114880007,11.40001074270453,0.12773064884433938
2016-01-29,0.3341387897856001,11.800011119641532,0.13221242599677233
2016-01-30,0.33130710512640005,11.70001102540728,0.1310919817086641
2016-01-31,0.33697047444480005,11.90001121387578,0.13333287028488058
2016-02-01,0.34829721308160005,12.300011590812781,0.13781464743731353
2016-02-02,0.34263384376320005,12.10001140234428,0.13557375886109704
2016-02-03,0.33130710512640005,11.70001102540728,0.1310919817086641
2016-02-04,0.32281205114880007,11.40001074270453,0.12773064884433938
2016-02-05,0.3284754204672,11.60001093117303,0.12997153742055584
2016-02-06,0.3171486818304,11.200010554236028,0.12548976026812286
2016-02-07,0.32281205114880007,11.40001074270453,0.12773064884433938
2016-02-08,0.31431699717120004,11.100010460001778,0.12436931598001465
2016-02-09,0.31148531251200007,11.00001036576753,0.12324887169190642
2016-02-10,0.3171486818304,11.200010554236028,0.12548976026812286
2016-02-11,0.32564373580800005,11.50001083693878,0.1288510931324476
2016-02-12,0.3284754204672,11.60001093117303,0.12997153742055584
2016-02-13,0.3454655284224,12.200011496578531,0.1366942031492053
2016-02-14,0.33130710512640005,11.70001102540728,0.1310919817086641
2016-02-15,0.33130710512640005,11.70001102540728,0.1310919817086641
2016-02-16,0.3341387897856001,11.800011119641532,0.13221242599677233
2016-02-17,0.3284754204672,11.60001093117303,0.12997153742055584
2016-02-18,0.34829721308160005,12.300011590812781,0.13781464743731353
2016-02-19,0.339802159104,12.00001130811003,0.13445331457298879
2016-02-20,0.3341387897856001,11.800011119641532,0.13221242599677233
2016-02-21,0.339802159104,12.00001130811003,0.13445331457298879
2016-02-22,0.339802159104,12.00001130811003,0.13445331457298879
2016-02-23,0.3284754204672,11.60001093117303,0.12997153742055584
2016-02-24,0.31148531251200007,11.00001036576753,0.12324887169190642
2016-02-25,0.34829721308160005,12.300011590812781,0.13781464743731353
2016-02-26,0.35396058240000006,12.500011779281282,0.14005553601353002
2016-02-27,0.3511288977408001,12.400011685047033,0.1389350917254218
2016-02-28,0.3511288977408001,12.400011685047033,0.1389350917254218
2016-02-29,0.35962395171840006,12.700011967749782,0.1422964245897465
2016-03-01,0.3624556363776001,12.800012061984035,0.14341686887785476
2016-03-02,0.37661405967360007,13.300012533155286,0.14901909031839594
2016-03-03,0.36811900569600003,13.000012250452533,0.1456577574540712
2016-03-04,0.36528732103680006,12.900012156218283,0.14453731316596297
2016-03-05,0.36811900569600003,13.000012250452533,0.1456577574540712
2016-03-06,0.3907724829696001,13.800013004326537,0.15462131175893715
2016-03-07,0.3992675369472001,14.100013287029288,0.15798264462326186
2016-03-08,0.3879407983104,13.700012910092283,0.1535008674708289
2016-03-09,0.3907724829696001,13.800013004326537,0.15462131175893715
2016-03-10,0.40209922160640005,14.200013381263537,0.1591030889113701
2016-03-11,0.43607943751680006,15.40001451207454,0.172548420368669
2016-03-12,0.5040398693376001,17.800016773696548,0.1994390832832668
2016-03-13,0.5012081846784,17.700016679462294,0.19831863899515847
2016-03-14,0.5238616619520001,18.5000174333363,0.20728219330002445
2016-03-15,0.5068715539968001,17.900016867930795,0.200559527571375
2016-03-16,0.5181982926336001,18.300017244867796,0.20504130472380794
2016-03-17,0.5181982926336001,18.300017244867796,0.20504130472380794
2016-03-18,0.4842180767232001,17.100016114056796,0.19159597326650907
2016-03-19,0.4502378608128001,15.900014983245793,0.17815064180921017
2016-03-20,0.4813863920640001,17.000016019822546,0.19047552897840084
2016-03-21,0.5266933466112002,18.60001752757055,0.20840263758813268
2016-03-22,0.5550101932032001,19.600018469913053,0.21960708046921507
2016-03-23,0.538020085248,19.000017904507548,0.2128844147405656
2016-03-24,0.5153666079744,18.200017150633546,0.2039208604356997
2016-03-25,0.5295250312704001,18.700017621804797,0.20952308187624089
2016-03-26,0.49837650001920014,17.600016585228047,0.1971981947070503
2016-03-27,0.5295250312704001,18.700017621804797,0.20952308187624089
2016-03-28,0.5578418778624,19.7000185641473,0.22072752475732327
2016-03-29,0.5833270397952002,20.600019412255556,0.23081152335029748
2016-03-30,0.5889904091136001,20.800019600724056,0.23305241192651396
2016-03-31,0.5833270397952002,20.600019412255556,0.23081152335029748
2016-04-01,0.5012081846784,17.700016679462294,0.19831863899515847
2016-04-02,0.5606735625216,19.80001865838155,0.22184796904543155
2016-04-03,0.6229706250240001,22.00002073153506,0.24649774338381283
2016-04-04,0.7787132812800002,27.500025914418824,0.30812217922976604
2016-04-05,0.9202975142400002,32.500030626131334,0.36414439363517803
2016-04-06,0.8721588750336001,30.80002902414908,0.345096840737338
2016-04-07,0.9287925682176,32.80003090883408,0.36750572649950275
2016-04-08,1.1779808182272002,41.60003920144811,0.4661048238530279
2016-04-09,1.4186740142592003,50.10004721135938,0.5613425883422283
2016-04-10,1.5319414006272003,54.10005098072939,0.6061603598665579
2016-04-11,1.5517631932416,54.800051640369134,0.6140034698833156
2016-04-12,1.8405950284800003,65.00006125226267,0.7282887872703561
2016-04-13,2.1237634944000003,75.0000706756877,0.8403332160811801
2016-04-14,2.4777240768000004,87.50008245496898,0.9803887520947101
2016-04-15,2.3899418523648004,84.40007953370723,0.9456549791633547
2016-04-16,1.9085554603008004,67.40006351388467,0.7551794501849539
2016-04-17,1.5489315085824003,54.700051546134894,0.6128830255952074
2016-04-18,1.3393868438016001,47.30004457280037,0.5299701482751975
2016-04-19,1.2034659801600003,42.50004004955636,0.4761888224460021
2016-04-20,1.1553273409536,40.8000384475741,0.45714126954816187
2016-04-21,1.2714264119808,44.90004231117836,0.5030794853605998
2016-04-22,2.0388129546240004,72.0000678486602,0.8067198874379329
2016-04-23,3.1998036648960007,113.0001064847028,1.2661020455623113
2016-04-24,3.4263384376320003,121.0001140234428,1.3557375886109704
2016-04-25,3.0582194319360005,108.00010177299029,1.2100798311568994
2016-04-26,3.1714868183040004,112.00010554236029,1.2548976026812289
2016-04-27,2.6391301023744003,93.20008782632124,1.0442540765168797
2016-04-28,2.321981420544,82.0000772720852,0.9187643162487569
2016-04-29,2.1152684404224003,74.70007039298494,0.8369718832168553
2016-04-30,1.9425356762112,68.60006464469566,0.7686247816422527
2016-05-01,1.7669712273408003,62.40005880217216,0.6991572357795418
2016-05-02,1.8830702983680003,66.50006266577643,0.7450954515919797
2016-05-03,2.4890508154368005,87.90008283190599,0.984870529247143
2016-05-04,3.7095069035520005,131.00012344686783,1.4677820174217946
2016-05-05,5.635052471808001,199.00018752615802,2.2296841333353976
2016-05-06,7.617231733248001,269.0002534901332,3.013995135011166
2016-05-07,7.9853507389440015,282.00026574058575,3.159652892465237
2016-05-08,6.0598051706880005,214.00020166129553,2.397750776551634
2016-05-09,5.181982926336,183.00017244867797,2.0504130472380795
2016-05-10,5.720003011584001,202.00019035318553,2.263297461978645
2016-05-11,5.153666079744001,182.00017150633548,2.0392086043569972
2016-05-12,4.898814460416001,173.00016302525296,1.9383686184272555
2016-05-13,5.918220937728001,209.00019694958306,2.341728562146222
2016-05-14,7.9004001991680015,279.00026291355823,3.12603956382199
2016-05-15,10.590500625408001,374.00035243609597,4.190461637524818
2016-05-16,10.986936477696002,388.000365628891,4.347323837859972
2016-05-17,9.202975142400001,325.00030626131337,3.6414439363517803
2016-05-18,8.466737131008001,299.00028176040826,3.3501284214436375
2016-05-19,8.664955057152001,306.0002883568058,3.428559521611215
2016-05-20,10.618817472000002,375.0003533784385,4.201666080405901
2016-05-21,12.714264119808002,449.0004231117837,5.030794853605998
2016-05-22,14.101789602816002,498.0004692865663,5.579812554779036
2016-05-23,13.167333665280003,465.0004381892637,5.210065939703317
2016-05-24,11.156837557248002,394.00037128294605,4.414550495146466
2016-05-25,11.270104943616001,398.00037505231603,4.459368266670795
2016-05-26,10.930302784512001,386.00036374420597,4.3249149520978065
2016-05-27,9.542777301504001,337.0003175694234,3.775897250924769
2016-05-28,8.551687670784002,302.00028458743583,3.3837417500868856
2016-05-29,8.891489829888002,314.00029589554583,3.518195064659874
2016-05-30,10.250698466304001,362.00034112798596,4.056008322951829
2016-05-31,10.448916392448002,369.00034772438346,4.134439423119407
2016-06-01,11.440006023168001,404.00038070637106,4.52659492395729
2016-06-02,13.393868438016002,473.00044572800374,5.299701482751976
2016-06-03,15.687533011968002,554.0005220577465,6.207261356119649
2016-06-04,17.896247046144,632.0005955604616,7.081207900844077
2016-06-05,19.425356762112003,686.0006464469568,7.686247816422528
2016-06-06,19.170505142784002,677.0006379658743,7.585407830492786
2016-06-07,19.028920909824002,672.0006332541617,7.529385616087373
2016-06-08,19.227138835968002,679.0006398505593,7.60781671625495
2016-06-09,19.368723068928002,684.0006445622718,7.663838930660361
2016-06-10,19.057237756416004,673.0006341965043,7.540590058968456
2016-06-11,18.859019830272004,666.0006276001068,7.46215895880088
2016-06-12,17.131692188160002,605.0005701172141,6.778687943054853
2016-06-13,14.866344460800002,525.0004947298139,5.882332512568261
2016-06-14,13.507135824384003,477.0004494973738,5.344519254276306
2016-06-15,11.751491335680003,415.0003910721386,4.649843795649197
2016-06-16,11.864758722048002,419.0003948415086,4.694661567173526
2016-06-17,11.100203864064001,392.000369398261,4.392141609384301
2016-06-18,10.533866932224,372.0003505514109,4.168052751762652
2016-06-19,10.279015312896002,363.00034207032843,4.067212765832911
2016-06-20,10.618817472000002,375.0003533784385,4.201666080405901
2016-06-21,11.100203864064001,392.000369398261,4.392141609384301
2016-06-22,10.279015312896002,363.00034207032843,4.067212765832911
2016-06-23,9.656044687872,341.00032133879336,3.8207150224490984
2016-06-24,8.580004517376,303.00028552977824,3.3949461929679674
2016-06-25,7.532281193472001,266.0002506631057,2.9803818063679186
2016-06-26,6.682775795712001,236.0002223928306,2.6442485199354464
2016-06-27,5.804953551360001,205.00019318021302,2.296910790621892
2016-06-28,5.181982926336,183.00017244867797,2.0504130472380795
2016-06-29,4.700596534272001,166.00015642885543,1.8599375182596787
2016-06-30,4.275843835392001,151.00014229371791,1.6918708750434428
2016-07-01,4.700596534272001,166.00015642885543,1.8599375182596787
2016-07-02,4.700596534272001,166.00015642885543,1.8599375182596787
2016-07-03,4.587329147904001,162.00015265948542,1.815119746735349
2016-07-04,3.9077248296960008,138.00013004326536,1.5462131175893714
2016-07-05,3.4546552842240006,122.00011496578531,1.366942031492053
2016-07-06,3.1431699717120005,111.00010460001779,1.2436931598001466
2016-07-07,2.8316846592000005,100.00009423425026,1.1204442881082401
2016-07-08,2.5286944006656005,89.30008415118549,1.0005567492806584
2016-07-09,2.3078229972480004,81.50007680091396,0.9131620948082156
2016-07-10,2.1464169716736,75.8000714295617,0.8492967703860459
2016-07-11,2.024654531328,71.50006737748893,0.8011176659973916
2016-07-12,1.9227138835968005,67.90006398505594,0.7607816716254951
2016-07-13,1.9736842074624004,69.70006568127243,0.7809496688114433
2016-07-14,1.8547534517760003,65.50006172343392,0.7338910087108973
2016-07-15,1.7414860654080002,61.500057954063905,0.6890732371865678
2016-07-16,1.6140602557440002,57.00005371352265,0.6386532442216969
2016-07-17,1.4979611847168002,52.90004984991839,0.592715028409259
2016-07-18,1.4951295000576001,52.800049755684135,0.5915945841211507
2016-07-19,1.7867930199552002,63.10005946181192,0.7070003457962996
2016-07-20,1.6367137330176003,57.80005446739665,0.6476167985265627
2016-07-21,1.9368723068928004,68.40006445622718,0.7663838930660363
2016-07-22,2.3842784830464003,84.20007934523872,0.9434140905871381
2016-07-23,2.0586347472384006,72.70006850829995,0.8145629974546907
2016-07-24,1.5715849858560003,55.500052300008896,0.6218465799000733
2016-07-25,1.3846937983488001,48.90004608054837,0.5478972568849294
2016-07-26,1.2402778807296002,43.80004127460162,0.49075459819140915
2016-07-27,1.1270104943616002,39.8000375052316,0.44593682666707957
2016-07-28,1.0080797386752003,35.600033547393096,0.3988781665665336
2016-07-29,0.9231291988992002,32.60003072036559,0.3652648379232863
2016-07-30,0.8580004517376002,30.30002855297783,0.3394946192967968
2016-07-31,0.8551687670784001,30.200028458743578,0.3383741750086885
2016-08-01,0.9401193068544003,33.20003128577109,0.3719875036519358
2016-08-02,0.8211885511680002,29.000027327932578,0.3249288435513896
2016-08-03,0.7645548579840001,27.000025443247573,0.30251995778922486
2016-08-04,0.8268519204864001,29.200027516401075,0.3271697321276061
2016-08-05,1.1836441875456,41.800039389916606,0.46834571242924433
2016-08-06,1.2855848352768002,45.40004278234962,0.5086817068011411
2016-08-07,1.1043570170880002,39.0000367513576,0.43697327236221367
2016-08-08,0.9316242528768001,32.900031003068335,0.368626170787611
2016-08-09,0.8580004517376002,30.30002855297783,0.3394946192967968
2016-08-10,0.9344559375360001,33.00003109730258,0.3697466150757192
2016-08-11,0.8693271903744001,30.70002892991483,0.34397639644922967
2016-08-12,0.7277429574144001,25.700024218202316,0.28795418204381773
2016-08-13,0.6597825255936001,23.30002195658031,0.26106351912921993
2016-08-14,0.6173072557056001,21.800020543066555,0.24425685480759635
2016-08-15,0.5776636704768,20.40001922378705,0.22857063477408093
2016-08-16,0.5408517699072001,19.100017998741798,0.21400485902867383
2016-08-17,0.5351884005888,18.900017810273297,0.21176397045245737
2016-08-18,0.5408517699072001,19.100017998741798,0.21400485902867383
2016-08-19,0.5663369318400001,20.000018846850054,0.224088857621648
2016-08-20,0.5606735625216,19.80001865838155,0.22184796904543155
2016-08-21,0.5097032386560001,18.00001696216505,0.20167997185948322
2016-08-22,0.4870497613824,17.200016208291043,0.19271641755461727
2016-08-23,0.4898814460416001,17.300016302525297,0.19383686184272556
2016-08-24,0.47289133808640005,16.70001573711979,0.1871141961140761
2016-08-25,0.4643962841088,16.40001545441704,0.18375286324975137
2016-08-26,0.49837650001920014,17.600016585228047,0.1971981947070503
2016-08-27,0.4813863920640001,17.000016019822546,0.19047552897840084
2016-08-28,0.47005965342720013,16.600015642885545,0.1859937518259679
2016-08-29,0.5663369318400001,20.000018846850054,0.224088857621648
2016-08-30,0.5521785085440001,19.5000183756788,0.21848663618110684
2016-08-31,0.49554481536000006,17.500016490993794,0.19607775041894202
2016-09-01,0.44740617615360007,15.80001488901154,0.17703019752110194
2016-09-02,0.5266933466112002,18.60001752757055,0.20840263758813268
2016-09-03,0.5918220937728,20.900019694958303,0.23417285621462217
2016-09-04,0.6144755710464,21.700020448832305,0.2431364105194881
2016-09-05,0.5493468238848,19.40001828144455,0.21736619189299855
2016-09-06,0.4870497613824,17.200016208291043,0.19271641755461727
2016-09-07,0.43041606819840006,15.20001432360604,0.1703075317924525
2016-09-08,0.40209922160640005,14.200013381263537,0.1591030889113701
2016-09-09,0.37378237501440004,13.200012438921034,0.14789864603028768
2016-09-10,0.35679226705920003,12.600011873515532,0.14117598030163825
2016-09-11,0.35396058240000006,12.500011779281282,0.14005553601353002
2016-09-12,0.35396058240000006,12.500011779281282,0.14005553601353002
2016-09-13,0.3624556363776001,12.800012061984035,0.14341686887785476
2016-09-14,0.35962395171840006,12.700011967749782,0.1422964245897465
2016-09-15,0.36811900569600003,13.000012250452533,0.1456577574540712
2016-09-16,0.3624556363776001,12.800012061984035,0.14341686887785476
2016-09-17,0.35679226705920003,12.600011873515532,0.14117598030163825
2016-09-18,0.34263384376320005,12.10001140234428,0.13557375886109704
2016-09-19,0.3284754204672,11.60001093117303,0.12997153742055584
2016-09-20,0.31998036648960004,11.300010648470279,0.12661020455623112
2016-09-21,0.33130710512640005,11.70001102540728,0.1310919817086641
2016-09-22,0.339802159104,12.00001130811003,0.13445331457298879
2016-09-23,0.36528732103680006,12.900012156218283,0.14453731316596297
2016-09-24,0.40776259092480005,14.400013569732037,0.16134397748758658
2016-09-25,0.4162576449024,14.700013852434788,0.16470531035191127
2016-09-26,0.39643585228800005,14.000013192795036,0.1568622003351536
2016-09-27,0.38510911365120004,13.600012815858035,0.15238042318272066
2016-09-28,0.37378237501440004,13.200012438921034,0.14789864603028768
2016-09-29,0.35962395171840006,12.700011967749782,0.1422964245897465
2016-09-30,0.37378237501440004,13.200012438921034,0.14789864603028768
2016-10-01,0.3879407983104,13.700012910092283,0.1535008674708289
2016-10-02,0.37095069035520006,13.100012344686784,0.14677820174217945
2016-10-03,0.37378237501440004,13.200012438921034,0.14789864603028768
2016-10-04,0.38510911365120004,13.600012815858035,0.15238042318272066
2016-10-05,0.38227742899200007,13.500012721623786,0.15125997889461243
2016-10-06,0.43041606819840006,15.20001432360604,0.1703075317924525
2016-10-07,0.3992675369472001,14.100013287029288,0.15798264462326186
2016-10-08,0.40209922160640005,14.200013381263537,0.1591030889113701
2016-10-09,0.40209922160640005,14.200013381263537,0.1591030889113701
2016-10-10,0.3992675369472001,14.100013287029288,0.15798264462326186
2016-10-11,0.46722796876800005,16.50001554865129,0.1848733075378596
2016-10-12,0.49554481536000006,17.500016490993794,0.19607775041894202
2016-10-13,0.45306954547200007,16.000015077480043,0.17927108609731843
2016-10-14,0.42475269888000006,15.000014135137539,0.168066643216236
2016-10-15,0.39643585228800005,14.000013192795036,0.1568622003351536
2016-10-16,0.40776259092480005,14.400013569732037,0.16134397748758658
2016-10-17,0.37378237501440004,13.200012438921034,0.14789864603028768
2016-10-18,0.35679226705920003,12.600011873515532,0.14117598030163825
2016-10-19,0.4219210142208001,14.90001404090329,0.1669461989281278
2016-10-20,0.38227742899200007,13.500012721623786,0.15125997889461243
2016-10-21,0.3794457443328001,13.400012627389536,0.1501395346065042
2016-10-22,0.38227742899200007,13.500012721623786,0.15125997889461243
2016-10-23,0.37661405967360007,13.300012533155286,0.14901909031839594
2016-10-24,0.37095069035520006,13.100012344686784,0.14677820174217945
2016-10-25,0.3794457443328001,13.400012627389536,0.1501395346065042
2016-10-26,0.3794457443328001,13.400012627389536,0.1501395346065042
2016-10-27,0.36528732103680006,12.900012156218283,0.14453731316596297
2016-10-28,0.3624556363776001,12.800012061984035,0.14341686887785476
2016-10-29,0.39643585228800005,14.000013192795036,0.1568622003351536
2016-10-30,0.3907724829696001,13.800013004326537,0.15462131175893715
2016-10-31,0.36811900569600003,13.000012250452533,0.1456577574540712
2016-11-01,0.35962395171840006,12.700011967749782,0.1422964245897465
2016-11-02,0.44457449149440004,15.70001479477729,0.17590975323299368
2016-11-03,0.42758438353920003,15.100014229371789,0.16918708750434425
2016-11-04,0.4049309062656001,14.300013475497789,0.16022353319947832
2016-11-05,0.4105942755840001,14.500013663966289,0.1624644217756948
2016-11-06,0.4219210142208001,14.90001404090329,0.1669461989281278
2016-11-07,0.3992675369472001,14.100013287029288,0.15798264462326186
2016-11-08,0.36528732103680006,12.900012156218283,0.14453731316596297
2016-11-09,0.3624556363776001,12.800012061984035,0.14341686887785476
2016-11-10,0.37378237501440004,13.200012438921034,0.14789864603028768
2016-11-11,0.35962395171840006,12.700011967749782,0.1422964245897465
2016-11-12,0.3284754204672,11.60001093117303,0.12997153742055584
2016-11-13,0.3341387897856001,11.800011119641532,0.13221242599677233
2016-11-14,0.31148531251200007,11.00001036576753,0.12324887169190642
2016-11-15,0.32564373580800005,11.50001083693878,0.1288510931324476
2016-11-16,0.31998036648960004,11.300010648470279,0.12661020455623112
2016-11-17,0.33697047444480005,11.90001121387578,0.13333287028488058
2016-11-18,0.25343577699840003,8.950008433965397,0.1002797637856875
2016-11-19,0.2607981571123201,9.21000867897445,0.10319291893476892
2016-11-20,0.29449520455680006,10.400009800362028,0.11652620596325698
2016-11-21,0.4389111221760001,15.500014606308792,0.17366886465677722
2016-11-22,0.4190893295616001,14.80001394666904,0.16582575464001956
2016-11-23,0.36811900569600003,13.000012250452533,0.1456577574540712
2016-11-24,0.30582194319360007,10.80001017729903,0.12100798311568993
2016-11-25,0.25966548324864,9.170008641280749,0.10274474121952562
2016-11-26,0.31148531251200007,11.00001036576753,0.12324887169190642
2016-11-27,0.39643585228800005,14.000013192795036,0.1568622003351536
2016-11-28,0.42475269888000006,15.000014135137539,0.168066643216236
2016-11-29,0.3992675369472001,14.100013287029288,0.15798264462326186
2016-11-30,0.28316846592000006,10.000009423425027,0.112044428810824
2016-12-01,0.29449520455680006,10.400009800362028,0.11652620596325698
2016-12-02,0.3454655284224,12.200011496578531,0.1366942031492053
2016-12-03,0.3341387897856001,11.800011119641532,0.13221242599677233
2016-12-04,0.28316846592000006,10.000009423425027,0.112044428810824
2016-12-05,0.3454655284224,12.200011496578531,0.1366942031492053
2016-12-06,0.31148531251200007,11.00001036576753,0.12324887169190642
2016-12-07,0.28600015057920003,10.100009517659275,0.11316487309893225
2016-12-08,0.22653477273600003,8.000007538740022,0.08963554304865921
2016-12-09,0.339802159104,12.00001130811003,0.13445331457298879
2016-12-10,0.42475269888000006,15.000014135137539,0.168066643216236
2016-12-11,0.45306954547200007,16.000015077480043,0.17927108609731843
2016-12-12,0.45306954547200007,16.000015077480043,0.17927108609731843
2016-12-13,0.42475269888000006,15.000014135137539,0.168066643216236
2016-12-14,0.42758438353920003,15.100014229371789,0.16918708750434425
2016-12-15,0.4219210142208001,14.90001404090329,0.1669461989281278
2016-12-16,0.3879407983104,13.700012910092283,0.1535008674708289
2016-12-17,0.31998036648960004,11.300010648470279,0.12661020455623112
2016-12-18,0.20642981165568003,7.290006869676844,0.08168038860309071
2016-12-19,0.24777240768000003,8.750008245496897,0.09803887520947101
2016-12-20,0.40209922160640005,14.200013381263537,0.1591030889113701
2016-12-21,0.39643585228800005,14.000013192795036,0.1568622003351536
2016-12-22,0.3511288977408001,12.400011685047033,0.1389350917254218
2016-12-23,0.34829721308160005,12.300011590812781,0.13781464743731353
2016-12-24,0.33130710512640005,11.70001102540728,0.1310919817086641
2016-12-25,0.32281205114880007,11.40001074270453,0.12773064884433938
2016-12-26,0.30865362785280004,10.900010271533278,0.12212842740379817
2016-12-27,0.28316846592000006,10.000009423425027,0.112044428810824
2016-12-28,0.31148531251200007,11.00001036576753,0.12324887169190642
2016-12-29,0.28316846592000006,10.000009423425027,0.112044428810824
2016-12-30,0.29732688921600003,10.500009894596277,0.1176466502513652
2016-12-31,0.30865362785280004,10.900010271533278,0.12212842740379817
2017-01-01,0.3171486818304,11.200010554236028,0.12548976026812286
2017-01-02,0.31148531251200007,11.00001036576753,0.12324887169190642
2017-01-03,0.30865362785280004,10.900010271533278,0.12212842740379817
2017-01-04,0.31998036648960004,11.300010648470279,0.12661020455623112
2017-01-05,0.3001585738752,10.600009988830527,0.11876709453947344
2017-01-06,0.28316846592000006,10.000009423425027,0.112044428810824
2017-01-07,0.25485161932800005,9.000008481082524,0.10083998592974161
2017-01-08,0.31148531251200007,11.00001036576753,0.12324887169190642
2017-01-09,0.31148531251200007,11.00001036576753,0.12324887169190642
2017-01-10,0.31431699717120004,11.100010460001778,0.12436931598001465
2017-01-11,0.36811900569600003,13.000012250452533,0.1456577574540712
2017-01-12,0.3624556363776001,12.800012061984035,0.14341686887785476
2017-01-13,0.3511288977408001,12.400011685047033,0.1389350917254218
2017-01-14,0.339802159104,12.00001130811003,0.13445331457298879
2017-01-15,0.3284754204672,11.60001093117303,0.12997153742055584
2017-01-16,0.3171486818304,11.200010554236028,0.12548976026812286
2017-01-17,0.30299025853440004,10.700010083064777,0.11988753882758169
2017-01-18,0.28260212898816006,9.980009404578176,0.11182033995320238
2017-01-19,0.25258627160064,8.920008405695123,0.099943630499255
2017-01-20,0.29449520455680006,10.400009800362028,0.11652620596325698
2017-01-21,0.2888318352384,10.200009611893526,0.11428531738704047
2017-01-22,0.31148531251200007,11.00001036576753,0.12324887169190642
2017-01-23,0.3171486818304,11.200010554236028,0.12548976026812286
2017-01-24,0.30299025853440004,10.700010083064777,0.11988753882758169
2017-01-25,0.30299025853440004,10.700010083064777,0.11988753882758169
2017-01-26,0.29732688921600003,10.500009894596277,0.1176466502513652
2017-01-27,0.2633466733056001,9.300008763785275,0.10420131879406634
2017-01-28,0.29732688921600003,10.500009894596277,0.1176466502513652
2017-01-29,0.30582194319360007,10.80001017729903,0.12100798311568993
2017-01-30,0.28316846592000006,10.000009423425027,0.112044428810824
2017-01-31,0.2888318352384,10.200009611893526,0.11428531738704047
2017-02-01,0.28600015057920003,10.100009517659275,0.11316487309893225
2017-02-02,0.27637242273792,9.760009197262825,0.10935536251936422
2017-02-03,0.27155855881728,9.590009037064599,0.10745060722958022
2017-02-04,0.26844370569216003,9.480008933406925,0.10621811851266115
2017-02-05,0.27099222188544003,9.57000901821775,0.10722651837195857
2017-02-06,0.269010042624,9.500008952253774,0.1064422073702828
2017-02-07,0.27722192813568003,9.7900092255331,0.10969149580579671
2017-02-08,0.2888318352384,10.200009611893526,0.11428531738704047
2017-02-09,0.2916635198976001,10.300009706127778,0.11540576167514874
2017-02-10,0.3284754204672,11.60001093117303,0.12997153742055584
2017-02-11,0.37095069035520006,13.100012344686784,0.14677820174217945
2017-02-12,0.339802159104,12.00001130811003,0.13445331457298879
2017-02-13,0.3284754204672,11.60001093117303,0.12997153742055584
2017-02-14,0.30865362785280004,10.900010271533278,0.12212842740379817
2017-02-15,0.3001585738752,10.600009988830527,0.11876709453947344
2017-02-16,0.3001585738752,10.600009988830527,0.11876709453947344
2017-02-17,0.3171486818304,11.200010554236028,0.12548976026812286
2017-02-18,0.31998036648960004,11.300010648470279,0.12661020455623112
2017-02-19,0.3001585738752,10.600009988830527,0.11876709453947344
2017-02-20,0.29732688921600003,10.500009894596277,0.1176466502513652
2017-02-21,0.29732688921600003,10.500009894596277,0.1176466502513652
2017-02-22,0.3001585738752,10.600009988830527,0.11876709453947344
2017-02-23,0.3001585738752,10.600009988830527,0.11876709453947344
2017-02-24,0.27439024347648,9.690009131298849,0.10857105151768845
2017-02-25,0.2607981571123201,9.21000867897445,0.10319291893476892
2017-02-26,0.27920410739712004,9.860009291497075,0.11047580680747247
2017-02-27,0.3001585738752,10.600009988830527,0.11876709453947344
2017-02-28,0.3001585738752,10.600009988830527,0.11876709453947344
2017-03-01,0.27297440114688004,9.640009084181726,0.10801082937363435
2017-03-02,0.2888318352384,10.200009611893526,0.11428531738704047
2017-03-03,0.29732688921600003,10.500009894596277,0.1176466502513652
2017-03-04,0.29449520455680006,10.400009800362028,0.11652620596325698
2017-03-05,0.29449520455680006,10.400009800362028,0.11652620596325698
2017-03-06,0.27042588495360004,9.550008999370899,0.10700242951433692
2017-03-07,0.28260212898816006,9.980009404578176,0.11182033995320238
2017-03-08,0.2888318352384,10.200009611893526,0.11428531738704047
2017-03-09,0.31998036648960004,11.300010648470279,0.12661020455623112
2017-03-10,0.35679226705920003,12.600011873515532,0.14117598030163825
2017-03-11,0.3907724829696001,13.800013004326537,0.15462131175893715
2017-03-12,0.40209922160640005,14.200013381263537,0.1591030889113701
2017-03-13,0.3879407983104,13.700012910092283,0.1535008674708289
2017-03-14,0.38510911365120004,13.600012815858035,0.15238042318272066
2017-03-15,0.5012081846784,17.700016679462294,0.19831863899515847
2017-03-16,0.6371290483200001,22.500021202706307,0.25209996482435404
2017-03-17,0.7503964346880001,26.500024972076318,0.2969177363486836
2017-03-18,0.9061390909440001,32.000030154960086,0.35854217219463685
2017-03-19,1.1638223949312003,41.100038730276864,0.46050260241248675
2017-03-20,1.3139016818688,46.40004372469212,0.5198861496822234
2017-03-21,1.8037831279104004,63.70006002721742,0.713723011524949
2017-03-22,1.9906743154176003,70.30006624667793,0.7876723345400928
2017-03-23,2.0558030625792,72.60006841406567,0.8134425531665822
2017-03-24,2.0076644233728005,70.90006681208344,0.7943950002687422
2017-03-25,1.7669712273408003,62.40005880217216,0.6991572357795418
2017-03-26,1.7301593267712003,61.10005757712691,0.6845914600341347
2017-03-27,1.5829117244928002,55.90005267694589,0.6263283570525062
2017-03-28,1.5687533011968002,55.40005220577464,0.620726135611965
2017-03-29,1.4469908608512003,51.100048153701884,0.5725470312233107
2017-03-30,1.4498225455104004,51.20004824793614,0.5736674755114191
2017-03-31,1.4866344460800003,52.50004947298139,0.588233251256826
2017-04-01,1.3790304290304003,48.70004589207988,0.545656368308713
2017-04-02,1.4441591761920003,51.00004805946764,0.5714265869352024
2017-04-03,1.5036245540352002,53.10005003838689,0.5949559169854755
2017-04-04,1.3818621136896,48.800045986314124,0.5467768125968212
2017-04-05,1.2034659801600003,42.50004004955636,0.4761888224460021
2017-04-06,1.1978026108416,42.30003986108785,0.4739479338697855
2017-04-07,1.4639809688064003,51.700048719107386,0.5792696969519602
2017-04-08,1.8660801904128004,65.90006210037093,0.7383727858633302
2017-04-09,2.1803971875840005,77.0000725603727,0.862742101843345
2017-04-10,1.9113871449600004,67.50006360811894,0.7562998944730621
2017-04-11,1.8490900824576002,65.30006153496542,0.7316501201346808
2017-04-12,1.8179415512064003,64.20006049838867,0.7193252329654901
2017-04-13,2.9732688921600006,105.00009894596278,1.176466502513652
2017-04-14,3.8510911365120006,136.00012815858037,1.5238042318272067
2017-04-15,4.190893295616001,148.0001394666904,1.6582575464001956
2017-04-16,4.247526988800001,150.0001413513754,1.6806664321623601
2017-04-17,4.360794375168001,154.0001451207454,1.72548420368669
2017-04-18,4.643962841088,164.0001545441704,1.8375286324975137
2017-04-19,5.408517699072001,191.000179987418,2.1400485902867388
2017-04-20,4.530695454720001,160.00015077480043,1.792710860973184
2017-04-21,4.077625909248001,144.0001356973204,1.6134397748758658
2017-04-22,3.4263384376320003,121.0001140234428,1.3557375886109704
2017-04-23,3.3413878978560003,118.0001111964153,1.3221242599677232
2017-04-24,3.9643585228800005,140.00013192795035,1.5686220033515361
2017-04-25,3.9077248296960008,138.00013004326536,1.5462131175893714
2017-04-26,3.3697047444480006,119.00011213875781,1.333328702848806
2017-04-27,3.1148531251200007,110.0001036576753,1.2324887169190641
2017-04-28,2.7127539035136,95.80009027641174,1.0733856280076939
2017-04-29,2.3842784830464003,84.20007934523872,0.9434140905871381
2017-04-30,2.2455259347456002,79.30007472776046,0.8885123204698344
2017-05-01,2.1832288722432,77.10007265460695,0.8638625461314531
2017-05-02,2.1237634944000003,75.0000706756877,0.8403332160811801
2017-05-03,2.0954466478080005,74.0000697333452,0.8291287732000978
2017-05-04,2.4720607074816003,87.30008226650048,0.9781478635184936
2017-05-05,3.7661405967360007,133.00012533155285,1.4901909031839593
2017-05-06,5.380200852480001,190.0001790450755,2.128844147405656
2017-05-07,6.541191562752001,231.0002176811181,2.5882263055300347
2017-05-08,7.390696960512001,261.00024595139314,2.9243595919625065
2017-05-09,8.155251818496001,288.0002713946408,3.2268795497517315
2017-05-10,8.353469744640002,295.0002779910383,3.3053106499193086
2017-05-11,7.957033892352001,281.0002647982432,3.148448449584155
2017-05-12,9.712678381056001,343.0003232234784,3.843123908211264
2017-05-13,11.638223949312001,411.00038730276856,4.605026024124867
2017-05-14,12.346145114112002,436.00041086133115,4.885137096151927
2017-05-15,11.440006023168001,404.00038070637106,4.52659492395729
2017-05-16,10.363965852672,366.00034489735594,4.100826094476159
2017-05-17,8.523370824192002,301.0002836450933,3.372537307205803
2017-05-18,7.419013807104001,262.00024689373566,2.935564034843589
2017-05-19,6.342973636608001,224.00021108472058,2.5097952053624577
2017-05-20,5.550101932032001,196.0001846991305,2.1960708046921504
2017-05-21,5.068715539968001,179.000168679308,2.00559527571375
2017-05-22,5.0970323865600005,180.00016962165046,2.0167997185948323
2017-05-23,5.040398693376001,178.00016773696547,1.9943908328326674
2017-05-24,5.238616619520001,185.000174333363,2.0728219330002444
2017-05-25,6.739409488896001,238.00022427751563,2.666657405697612
2017-05-26,7.9004001991680015,279.00026291355823,3.12603956382199
2017-05-27,8.155251818496001,288.0002713946408,3.2268795497517315
2017-05-28,7.079211648000001,250.00023558562566,2.8011107202706005
2017-05-29,6.994261108224001,247.00023275859814,2.7674973916273533
2017-05-30,7.787132812800001,275.0002591441882,3.0812217922976606
2017-05-31,9.174658295808001,324.00030531897085,3.630239493470698
2017-06-01,10.363965852672,366.00034489735594,4.100826094476159
2017-06-02,11.581590256128,409.0003854180835,4.582617138362702
2017-06-03,11.609907102720001,410.00038636042603,4.593821581243784
2017-06-04,13.054066278912002,461.0004344198937,5.165248168178987
2017-06-05,14.328324375552002,506.0004768253063,5.669448097827695
2017-06-06,14.158423296000002,500.0004711712513,5.602221440541201
2017-06-07,13.875254830080003,490.0004617478263,5.490177011730377
2017-06-08,14.554859148288003,514.0004843640463,5.759083640876354
2017-06-09,14.724760227840003,520.0004900181013,5.8263102981628485
2017-06-10,14.016839063040003,495.0004664595388,5.546199226135788
2017-06-11,13.790304290304002,487.0004589207988,5.456563683087129
2017-06-12,12.374461960704002,437.0004118036736,4.89634153903301
2017-06-13,11.071887017472001,391.0003684559185,4.380937166503219
2017-06-14,8.551687670784002,302.00028458743583,3.3837417500868856
2017-06-15,8.240202358272,291.00027422166823,3.2604928783949787
2017-06-16,8.636638210560001,305.0002874144633,3.417355078730132
2017-06-17,9.372876221952001,331.00031191536834,3.7086705936382747
2017-06-18,9.202975142400001,325.00030626131337,3.6414439363517803
2017-06-19,8.891489829888002,314.00029589554583,3.518195064659874
2017-06-20,8.296836051456001,293.0002761063533,3.2829017641571436
2017-06-21,8.268519204864,292.00027516401076,3.271697321276061
2017-06-22,7.8154496593920015,276.0002600865307,3.092426235178743
2017-06-23,6.965944261632001,246.00023181625562,2.756292948746271
2017-06-24,6.258023096832001,221.00020825769306,2.4761818767192105
2017-06-25,5.578418778624001,197.00018564147302,2.207275247573233
2017-06-26,5.153666079744001,182.00017150633548,2.0392086043569972
2017-06-27,4.7572302274560005,168.00015831354042,1.8823464040218432
2017-06-28,4.587329147904001,162.00015265948542,1.815119746735349
2017-06-29,4.134259602432,146.00013758200538,1.6358486606380305
2017-06-30,3.7944574433280005,134.00012627389535,1.5013953460650415
2017-07-01,3.4546552842240006,122.00011496578531,1.366942031492053
2017-07-02,3.2847542046720006,116.00010931173031,1.2997153742055585
2017-07-03,2.9732688921600006,105.00009894596278,1.176466502513652
2017-07-04,2.8288529745408004,99.90009414001601,1.1193238438201318
2017-07-05,2.7042588495360005,95.500089993709,1.0700242951433694
2017-07-06,2.7495658040832,97.10009150145699,1.087951403753101
2017-07-07,2.5796647245312,91.10008584740197,1.0207247464666067
2017-07-08,2.5088726080512003,88.60008349154573,0.9927136392639008
2017-07-09,2.2936645739520003,81.00007632974271,0.9075598733676745
2017-07-10,2.2341991961088006,78.90007435082346,0.8840305433174016
2017-07-11,2.4409121762304005,86.20008122992373,0.965822976349303
2017-07-12,2.6901004262400003,95.00008952253775,1.064422073702828
2017-07-13,2.3814467983872003,84.10007925100447,0.9422936462990299
2017-07-14,2.1435852870144005,75.70007133532745,0.8481763260979378
2017-07-15,1.8207732358656001,64.30006059262291,0.7204456772535984
2017-07-16,1.6791890029056002,59.300055880910406,0.6644234628481863
2017-07-17,1.5857434091520002,56.000052771180144,0.6274488013406144
2017-07-18,1.4526542301696002,51.300048342170385,0.5747879197995271
2017-07-19,1.4016839063040003,49.50004664595388,0.554619922613579
2017-07-20,1.4554859148288002,51.40004843640463,0.5759083640876355
2017-07-21,1.4215056989184003,50.200047305593635,0.5624630326303366
2017-07-22,1.4526542301696002,51.300048342170385,0.5747879197995271
2017-07-23,1.1978026108416,42.30003986108785,0.4739479338697855
2017-07-24,1.0958619631104003,38.70003646865486,0.43361193949788895
2017-07-25,1.0279015312896,36.30003420703284,0.4067212765832911
2017-07-26,1.3507135824384002,47.700044949737375,0.5344519254276305
2017-07-27,1.3733670597120002,48.50004570361138,0.5434154797324965
2017-07-28,1.1326738636800002,40.00003769370011,0.448177715243296
2017-07-29,1.2516046193664003,44.20004165153862,0.4952363753438422
2017-07-30,1.2317828267520001,43.500040991898864,0.48739326532708444
2017-07-31,0.9995846846976001,35.30003326469034,0.3955168337022087
2017-08-01,0.8636638210560001,30.50002874144633,0.34173550787301327
2017-08-02,0.7815449659392002,27.600026008653074,0.3092426235178743
2017-08-03,0.7447330653696002,26.30002478360782,0.29467684777246717
2017-08-04,0.7192479034368001,25.400023935499565,0.284592849179493
2017-08-05,0.8041984432128001,28.400026762527073,0.3182061778227402
2017-08-06,0.8381786591232002,29.60002789333808,0.3316515092800391
2017-08-07,0.7107528494592001,25.100023652796818,0.2812315163151683
2017-08-08,0.8749905596928,30.900029118383326,0.34621728502544613
2017-08-09,1.1893075568640001,42.000039578385106,0.4705866010054608
2017-08-10,0.9202975142400002,32.500030626131334,0.36414439363517803
2017-08-11,0.7872083352576001,27.800026197121575,0.31148351209409075
2017-08-12,0.7192479034368001,25.400023935499565,0.284592849179493
2017-08-13,0.6852676875264001,24.20002280468856,0.2711475177221941
2017-08-14,0.6427924176384001,22.70002139117481,0.25434085340057055
2017-08-15,0.6286339943424001,22.200020920003556,0.2487386319600293
2017-08-16,0.5974854630912001,21.100019883426807,0.23641374479083868
2017-08-17,0.5663369318400001,20.000018846850054,0.224088857621648
2017-08-18,0.5295250312704001,18.700017621804797,0.20952308187624089
2017-08-19,0.4870497613824,17.200016208291043,0.19271641755461727
2017-08-20,0.4643962841088,16.40001545441704,0.18375286324975137
2017-08-21,0.44740617615360007,15.80001488901154,0.17703019752110194
2017-08-22,0.43041606819840006,15.20001432360604,0.1703075317924525
2017-08-23,0.4389111221760001,15.500014606308792,0.17366886465677722
2017-08-24,0.44457449149440004,15.70001479477729,0.17590975323299368
2017-08-25,0.44457449149440004,15.70001479477729,0.17590975323299368
2017-08-26,0.4332477528576001,15.300014417840291,0.17142797608056076
2017-08-27,0.40776259092480005,14.400013569732037,0.16134397748758658
2017-08-28,0.37661405967360007,13.300012533155286,0.14901909031839594
2017-08-29,0.3624556363776001,12.800012061984035,0.14341686887785476
2017-08-30,0.3511288977408001,12.400011685047033,0.1389350917254218
2017-08-31,0.34829721308160005,12.300011590812781,0.13781464743731353
2017-09-01,0.36528732103680006,12.900012156218283,0.14453731316596297
2017-09-02,0.3511288977408001,12.400011685047033,0.1389350917254218
2017-09-03,0.33130710512640005,11.70001102540728,0.1310919817086641
2017-09-04,0.31431699717120004,11.100010460001778,0.12436931598001465
2017-09-05,0.30865362785280004,10.900010271533278,0.12212842740379817
2017-09-06,0.3001585738752,10.600009988830527,0.11876709453947344
2017-09-07,0.31431699717120004,11.100010460001778,0.12436931598001465
2017-09-08,0.30582194319360007,10.80001017729903,0.12100798311568993
2017-09-09,0.30582194319360007,10.80001017729903,0.12100798311568993
2017-09-10,0.3341387897856001,11.800011119641532,0.13221242599677233
2017-09-11,0.47289133808640005,16.70001573711979,0.1871141961140761
2017-09-12,0.45306954547200007,16.000015077480043,0.17927108609731843
2017-09-13,0.47289133808640005,16.70001573711979,0.1871141961140761
2017-09-14,0.42475269888000006,15.000014135137539,0.168066643216236
2017-09-15,0.4842180767232001,17.100016114056796,0.19159597326650907
2017-09-16,0.5012081846784,17.700016679462294,0.19831863899515847
2017-09-17,0.44457449149440004,15.70001479477729,0.17590975323299368
2017-09-18,0.4219210142208001,14.90001404090329,0.1669461989281278
2017-09-19,0.3879407983104,13.700012910092283,0.1535008674708289
2017-09-20,0.36528732103680006,12.900012156218283,0.14453731316596297
2017-09-21,0.35962395171840006,12.700011967749782,0.1422964245897465
2017-09-22,0.35679226705920003,12.600011873515532,0.14117598030163825
2017-09-23,0.41342596024320005,14.600013758200538,0.16358486606380304
2017-09-24,0.4615645994496001,16.300015360182794,0.18263241896164314
2017-09-25,0.42475269888000006,15.000014135137539,0.168066643216236
2017-09-26,0.4049309062656001,14.300013475497789,0.16022353319947832
2017-09-27,0.39643585228800005,14.000013192795036,0.1568622003351536
2017-09-28,0.40209922160640005,14.200013381263537,0.1591030889113701
2017-09-29,0.40776259092480005,14.400013569732037,0.16134397748758658
2017-09-30,0.42758438353920003,15.100014229371789,0.16918708750434425
2017-10-01,0.7560598040064,26.70002516054482,0.2991586249249001
2017-10-02,0.9004757216256002,31.800029966491586,0.35630128361842034
2017-10-03,0.7617231733248001,26.90002534901332,0.3013995135011166
2017-10-04,0.9061390909440001,32.000030154960086,0.35854217219463685
2017-10-05,1.118515440384,39.50003722252885,0.4425754938027548
2017-10-06,1.1326738636800002,40.00003769370011,0.448177715243296
2017-10-07,0.8948123523072001,31.60002977802308,0.3540603950422039
2017-10-08,0.7843766505984001,27.70002610288732,0.3103630678059825
2017-10-09,0.7702182273024001,27.20002563171607,0.3047608463654413
2017-10-10,0.6909310568448,24.400022993157062,0.2733884062984106
2017-10-11,0.679604318208,24.00002261622006,0.26890662914597757
2017-10-12,0.6371290483200001,22.500021202706307,0.25209996482435404
2017-10-13,0.5974854630912001,21.100019883426807,0.23641374479083868
2017-10-14,0.5663369318400001,20.000018846850054,0.224088857621648
2017-10-15,0.5436834545664001,19.20001809297605,0.21512530331678212
2017-10-16,0.5210299772928,18.400017339102046,0.20616174901191614
2017-10-17,0.49554481536000006,17.500016490993794,0.19607775041894202
2017-10-18,0.4842180767232001,17.100016114056796,0.19159597326650907
2017-10-19,0.47855470740480005,16.900015925588292,0.18935508469029255
2017-10-20,0.4842180767232001,17.100016114056796,0.19159597326650907
2017-10-21,0.538020085248,19.000017904507548,0.2128844147405656
2017-10-22,0.49271313070080003,17.400016396759543,0.19495730613083376
2017-10-23,0.5295250312704001,18.700017621804797,0.20952308187624089
2017-10-24,0.5068715539968001,17.900016867930795,0.200559527571375
2017-10-25,0.47855470740480005,16.900015925588292,0.18935508469029255
2017-10-26,0.47005965342720013,16.600015642885545,0.1859937518259679
2017-10-27,0.4643962841088,16.40001545441704,0.18375286324975137
2017-10-28,0.47005965342720013,16.600015642885545,0.1859937518259679
2017-10-29,0.45306954547200007,16.000015077480043,0.17927108609731843
2017-10-30,0.45306954547200007,16.000015077480043,0.17927108609731843
2017-10-31,0.4813863920640001,17.000016019822546,0.19047552897840084
2017-11-01,0.44740617615360007,15.80001488901154,0.17703019752110194
2017-11-02,0.4389111221760001,15.500014606308792,0.17366886465677722
2017-11-03,0.43607943751680006,15.40001451207454,0.172548420368669
2017-11-04,0.44740617615360007,15.80001488901154,0.17703019752110194
2017-11-05,0.4870497613824,17.200016208291043,0.19271641755461727
2017-11-06,0.47005965342720013,16.600015642885545,0.1859937518259679
2017-11-07,0.47289133808640005,16.70001573711979,0.1871141961140761
2017-11-08,0.4502378608128001,15.900014983245793,0.17815064180921017
2017-11-09,0.4389111221760001,15.500014606308792,0.17366886465677722
2017-11-10,0.5181982926336001,18.300017244867796,0.20504130472380794
2017-11-11,0.4643962841088,16.40001545441704,0.18375286324975137
2017-11-12,0.4643962841088,16.40001545441704,0.18375286324975137
2017-11-13,0.43607943751680006,15.40001451207454,0.172548420368669
2017-11-14,0.43041606819840006,15.20001432360604,0.1703075317924525
2017-11-15,0.41342596024320005,14.600013758200538,0.16358486606380304
2017-11-16,0.3992675369472001,14.100013287029288,0.15798264462326186
2017-11-17,0.43607943751680006,15.40001451207454,0.172548420368669
2017-11-18,0.3454655284224,12.200011496578531,0.1366942031492053
2017-11-19,0.38227742899200007,13.500012721623786,0.15125997889461243
2017-11-20,0.5238616619520001,18.5000174333363,0.20728219330002445
2017-11-21,0.538020085248,19.000017904507548,0.2128844147405656
2017-11-22,0.47005965342720013,16.600015642885545,0.1859937518259679
2017-11-23,0.44174280683520006,15.60001470054304,0.17478930894488545
2017-11-24,0.42758438353920003,15.100014229371789,0.16918708750434425
2017-11-25,0.4049309062656001,14.300013475497789,0.16022353319947832
2017-11-26,0.3936041676288001,13.900013098560787,0.15574175604704538
2017-11-27,0.4219210142208001,14.90001404090329,0.1669461989281278
2017-11-28,0.39643585228800005,14.000013192795036,0.1568622003351536
2017-11-29,0.3879407983104,13.700012910092283,0.1535008674708289
2017-11-30,0.37095069035520006,13.100012344686784,0.14677820174217945
2017-12-01,0.3936041676288001,13.900013098560787,0.15574175604704538
2017-12-02,0.3624556363776001,12.800012061984035,0.14341686887785476
2017-12-03,0.35679226705920003,12.600011873515532,0.14117598030163825
2017-12-04,0.30582194319360007,10.80001017729903,0.12100798311568993
2017-12-05,0.2888318352384,10.200009611893526,0.11428531738704047
2017-12-06,0.26731103182848004,9.440008895713225,0.10576994079741786
2017-12-07,0.2916635198976001,10.300009706127778,0.11540576167514874
2017-12-08,0.339802159104,12.00001130811003,0.13445331457298879
2017-12-09,0.33697047444480005,11.90001121387578,0.13333287028488058
2017-12-10,0.3001585738752,10.600009988830527,0.11876709453947344
2017-12-11,0.27552291734016005,9.73000916899255,0.10901922923293177
2017-12-12,0.27155855881728,9.590009037064599,0.10745060722958022
2017-12-13,0.3284754204672,11.60001093117303,0.12997153742055584
2017-12-14,0.3624556363776001,12.800012061984035,0.14341686887785476
2017-12-15,0.33130710512640005,11.70001102540728,0.1310919817086641
2017-12-16,0.30582194319360007,10.80001017729903,0.12100798311568993
2017-12-17,0.28600015057920003,10.100009517659275,0.11316487309893225
2017-12-18,0.28203579205632007,9.960009385731327,0.11159625109558073
2017-12-19,0.28118628665856005,9.930009357461051,0.11126011780914824
2017-12-20,0.28600015057920003,10.100009517659275,0.11316487309893225
2017-12-21,0.29449520455680006,10.400009800362028,0.11652620596325698
2017-12-22,0.29449520455680006,10.400009800362028,0.11652620596325698
2017-12-23,0.2888318352384,10.200009611893526,0.11428531738704047
2017-12-24,0.27495658040832005,9.7100091501457,0.10879514037531011
2017-12-25,0.26844370569216003,9.480008933406925,0.10621811851266115
2017-12-26,0.26872687415808005,9.49000894283035,0.10633016294147199
2017-12-27,0.27184172728320005,9.600009046488026,0.10756265165839106
2017-12-28,0.27495658040832005,9.7100091501457,0.10879514037531011
2017-12-29,0.27410707501056003,9.680009121875425,0.10845900708887765
2017-12-30,0.26816053722624006,9.4700089239835,0.10610607408385035
2017-12-31,0.27608925427200004,9.7500091878394,0.10924331809055342
2018-01-01,0.26221399944192003,9.260008726091574,0.10375314107882302
2018-01-02,0.2540021139302401,8.97000845281225,0.10050385264330916
2018-01-03,0.22653477273600003,8.000007538740022,0.08963554304865921
2018-01-04,0.26929321108992005,9.5100089616772,0.10655425179909364
2018-01-05,0.30865362785280004,10.900010271533278,0.12212842740379817
2018-01-06,0.3171486818304,11.200010554236028,0.12548976026812286
2018-01-07,0.3284754204672,11.60001093117303,0.12997153742055584
2018-01-08,0.27722192813568003,9.7900092255331,0.10969149580579671
2018-01-09,0.28203579205632007,9.960009385731327,0.11159625109558073
2018-01-10,0.31148531251200007,11.00001036576753,0.12324887169190642
2018-01-11,0.28600015057920003,10.100009517659275,0.11316487309893225
2018-01-12,0.27665559120384003,9.77000920668625,0.10946740694817506
2018-01-13,0.2797704443289601,9.880009310343928,0.11069989566509414
2018-01-14,0.27014271648768,9.540008989947474,0.10689038508552609
2018-01-15,0.25655063012352003,9.060008537623073,0.10151225250260655
2018-01-16,0.23729517444096007,8.380007896830174,0.09389323134347052
2018-01-17,0.23899418523648003,8.440007953370722,0.09456549791633546
2018-01-18,0.2888318352384,10.200009611893526,0.11428531738704047
2018-01-19,0.3284754204672,11.60001093117303,0.12997153742055584
2018-01-20,0.30299025853440004,10.700010083064777,0.11988753882758169
2018-01-21,0.27948727586304,9.870009300920499,0.11058785123628329
2018-01-22,0.2678773687603201,9.460008914560076,0.10599402965503954
2018-01-23,0.25881597785088006,9.140008613010474,0.10240860793309316
2018-01-24,0.24380804915712,8.610008113568947,0.09647025320611946
2018-01-25,0.24692290228224006,8.720008217226624,0.09770274192303854
2018-01-26,0.25173676620288005,8.890008377424849,0.09960749721282255
2018-01-27,0.24494072302080006,8.650008151262648,0.09691843092136278
2018-01-28,0.24154270142976003,8.530008038181547,0.09557389777563288
2018-01-29,0.23616250057728003,8.340007859136472,0.09344505362822722
2018-01-30,0.23899418523648003,8.440007953370722,0.09456549791633546
2018-01-31,0.23927735370240003,8.450007962794146,0.09467754234514628
2018-02-01,0.23559616364544003,8.320007840289621,0.09322096477060557
2018-02-02,0.24069319603200004,8.500008009911273,0.09523776448920042
2018-02-03,0.25201993466880007,8.900008386848274,0.0997195416416334
2018-02-04,0.2540021139302401,8.97000845281225,0.10050385264330916
2018-02-05,0.2576833039872,9.100008575316773,0.10196043021784985
2018-02-06,0.26164766251008004,9.240008707244725,0.10352905222120139
2018-02-07,0.24748923921408003,8.740008236073473,0.09792683078066018
2018-02-08,0.24437438608896006,8.630008132415798,0.09669434206374113
2018-02-09,0.25315260853248,8.940008424541972,0.10016771935687666
2018-02-10,0.24918825000960007,8.800008292614024,0.09859909735352515
2018-02-11,0.24154270142976003,8.530008038181547,0.09557389777563288
2018-02-12,0.25485161932800005,9.000008481082524,0.10083998592974161
2018-02-13,0.25570112472576,9.030008509352797,0.10117611921617407
2018-02-14,0.25343577699840003,8.950008433965397,0.1002797637856875
2018-02-15,0.25456845086208,8.990008471659097,0.10072794150093077
2018-02-16,0.25315260853248,8.940008424541972,0.10016771935687666
2018-02-17,0.23757834290688004,8.390007906253597,0.09400527577228135
2018-02-18,0.23134863665664004,8.170007698938246,0.09154029833844322
2018-02-19,0.25541795625984004,9.020008499929373,0.10106407478736326
2018-02-20,0.23956052216832005,8.460007972217573,0.09478958677395712
2018-02-21,0.2514535977369601,8.880008368001425,0.09949545278401174
2018-02-22,0.23729517444096007,8.380007896830174,0.09389323134347052
2018-02-23,0.23814467983872004,8.410007925100446,0.094229364629903
2018-02-24,0.23616250057728003,8.340007859136472,0.09344505362822722
2018-02-25,0.22795061506560005,8.050007585857147,0.09019576519271333
2018-02-26,0.23276447898624006,8.220007746055373,0.09210052048249735
2018-02-27,0.22087140341760003,7.80000735027152,0.08739465447244273
2018-02-28,0.22257041421312004,7.860007406812071,0.08806692104530767
2018-03-01,0.21435852870144004,7.570007133532745,0.08481763260979377
2018-03-02,0.23078229972480005,8.150007680091397,0.09131620948082157
2018-03-03,0.24607339688448002,8.690008188956346,0.09736660863660607
2018-03-04,0.25088726080512,8.860008349154572,0.09927136392639006
2018-03-05,0.23956052216832005,8.460007972217573,0.09478958677395712
2018-03-06,0.24862191307776002,8.780008273767173,0.09837500849590348
2018-03-07,0.23729517444096007,8.380007896830174,0.09389323134347052
2018-03-08,0.23956052216832005,8.460007972217573,0.09478958677395712
2018-03-09,0.24777240768000003,8.750008245496897,0.09803887520947101
2018-03-10,0.24805557614592003,8.760008254920322,0.09815091963828183
2018-03-11,0.23418032131584002,8.270007793172496,0.09266074262655145
2018-03-12,0.2435248806912,8.600008104145521,0.09635820877730863
2018-03-13,0.25230310313472004,8.910008396271698,0.09983158607044419
2018-03-14,0.28600015057920003,10.100009517659275,0.11316487309893225
2018-03-15,0.29449520455680006,10.400009800362028,0.11652620596325698
2018-03-16,0.2797704443289601,9.880009310343928,0.11069989566509414
2018-03-17,0.2746734119424,9.700009140722274,0.10868309594649928
2018-03-18,0.26164766251008004,9.240008707244725,0.10352905222120139
2018-03-19,0.27722192813568003,9.7900092255331,0.10969149580579671
2018-03-20,0.27184172728320005,9.600009046488026,0.10756265165839106
2018-03-21,0.27297440114688004,9.640009084181726,0.10801082937363435
2018-03-22,0.30299025853440004,10.700010083064777,0.11988753882758169
2018-03-23,0.4870497613824,17.200016208291043,0.19271641755461727
2018-03-24,0.4049309062656001,14.300013475497789,0.16022353319947832
2018-03-25,0.4105942755840001,14.500013663966289,0.1624644217756948
2018-03-26,0.38227742899200007,13.500012721623786,0.15125997889461243
2018-03-27,0.36811900569600003,13.000012250452533,0.1456577574540712
2018-03-28,0.38227742899200007,13.500012721623786,0.15125997889461243
2018-03-29,0.36528732103680006,12.900012156218283,0.14453731316596297
2018-03-30,0.35396058240000006,12.500011779281282,0.14005553601353002
2018-03-31,0.38227742899200007,13.500012721623786,0.15125997889461243
2018-04-01,0.42475269888000006,15.000014135137539,0.168066643216236
2018-04-02,0.47289133808640005,16.70001573711979,0.1871141961140761
2018-04-03,0.47005965342720013,16.600015642885545,0.1859937518259679
2018-04-04,0.41342596024320005,14.600013758200538,0.16358486606380304
2018-04-05,0.41342596024320005,14.600013758200538,0.16358486606380304
2018-04-06,0.4643962841088,16.40001545441704,0.18375286324975137
2018-04-07,0.6116438863872001,21.60002035459806,0.24201596623137986
2018-04-08,1.0052480540160003,35.50003345315885,0.39775772227842526
2018-04-09,0.7419013807104001,26.200024689373567,0.2935564034843589
2018-04-10,0.7050894801408001,24.900023464328314,0.2789906277389518
2018-04-11,0.8976440369664002,31.700029872257332,0.35518083933031214
2018-04-12,1.0901985937920002,38.50003628018635,0.4313710509216725
2018-04-13,1.0307332159488,36.40003430126709,0.4078417208713994
2018-04-14,0.8749905596928,30.900029118383326,0.34621728502544613
2018-04-15,0.9004757216256002,31.800029966491586,0.35630128361842034
2018-04-16,1.0165747926528002,35.90003383009584,0.4022394994308582
2018-04-17,1.076040170496,38.000035809015095,0.4257688294811312
2018-04-18,1.0222381619712002,36.100034018564344,0.4044803880070747
2018-04-19,1.0420599545856,36.80003467820409,0.4123234980238323
2018-04-20,1.4838027614208003,52.400049378747134,0.5871128069687178
2018-04-21,1.4300007528960001,50.50004758829638,0.5658243654946612
2018-04-22,1.4186740142592003,50.10004721135938,0.5613425883422283
2018-04-23,2.1492486563328006,75.90007152379596,0.8504172146741543
2018-04-24,2.5258627160064004,89.20008405695124,0.9994363049925502
2018-04-25,2.5003775540736,88.30008320884298,0.9893523063995758
2018-04-26,3.1714868183040004,112.00010554236029,1.2548976026812289
2018-04-27,3.9360416762880006,139.00013098560785,1.5574175604704539
2018-04-28,4.870497613824001,172.00016208291046,1.927164175546173
2018-04-29,6.286339943424001,222.00020920003558,2.487386319600293
2018-04-30,6.399607329792001,226.0002129694056,2.5322040911246226
2018-05-01,5.493468238848001,194.0001828144455,2.173661918929986
2018-05-02,4.502378608128001,159.0001498324579,1.7815064180921019
2018-05-03,4.162576449024001,147.00013852434788,1.647053103519113
2018-05-04,3.7095069035520005,131.00012344686783,1.4677820174217946
2018-05-05,4.020992216064001,142.0001338126354,1.591030889113701
2018-05-06,4.898814460416001,173.00016302525296,1.9383686184272555
2018-05-07,6.427924176384001,227.0002139117481,2.543408534005705
2018-05-08,8.183568665088002,289.00027233698324,3.2380839926328138
2018-05-09,9.344559375360001,330.0003109730259,3.697466150757192
2018-05-10,9.740995227648002,344.0003241658209,3.854328351092346
2018-05-11,10.986936477696002,388.000365628891,4.347323837859972
2018-05-12,11.071887017472001,391.0003684559185,4.380937166503219
2018-05-13,11.100203864064001,392.000369398261,4.392141609384301
2018-05-14,9.882579460608001,349.0003288775334,3.910350565497758
2018-05-15,8.834856136704001,312.0002940108608,3.4957861788977094
2018-05-16,8.863172983296002,313.0002949532033,3.5069906217787916
2018-05-17,9.599410994688002,339.0003194541084,3.7983061366869344
2018-05-18,9.372876221952001,331.00031191536834,3.7086705936382747
2018-05-19,7.843766505984001,277.00026102887324,3.1036306780598246
2018-05-20,6.994261108224001,247.00023275859814,2.7674973916273533
2018-05-21,6.965944261632001,246.00023181625562,2.756292948746271
2018-05-22,7.249112727552001,256.0002412396807,2.868337377557095
2018-05-23,7.305746420736001,258.0002431243657,2.8907462633192593
2018-05-24,7.164162187776001,253.00023841265315,2.8347240489138477
2018-05-25,8.098618125312,286.00026950995573,3.2044706639895666
2018-05-26,8.721588750336002,308.0002902414908,3.45096840737338
2018-05-27,7.787132812800001,275.0002591441882,3.0812217922976606
2018-05-28,7.0225779548160014,248.00023370094067,2.7787018345084356
2018-05-29,6.1447557104640005,217.00020448832305,2.431364105194881
2018-05-30,5.521785085440001,195.00018375678803,2.1848663618110686
2018-05-31,6.031488324096001,213.00020071895307,2.3865463336705517
2018-06-01,6.682775795712001,236.0002223928306,2.6442485199354464
2018-06-02,6.1447557104640005,217.00020448832305,2.431364105194881
2018-06-03,5.918220937728001,209.00019694958306,2.341728562146222
2018-06-04,5.436834545664,192.0001809297605,2.1512530331678206
2018-06-05,5.550101932032001,196.0001846991305,2.1960708046921504
2018-06-06,5.578418778624001,197.00018564147302,2.207275247573233
2018-06-07,5.153666079744001,182.00017150633548,2.0392086043569972
2018-06-08,4.955448153600001,175.00016490993795,1.9607775041894202
2018-06-09,4.615645994496001,163.00015360182792,1.8263241896164313
2018-06-10,4.417428068352001,156.0001470054304,1.7478930894488547
2018-06-11,4.077625909248001,144.0001356973204,1.6134397748758658
2018-06-12,3.6528732103680004,129.00012156218284,1.4453731316596297
2018-06-13,3.5112889774080007,124.00011685047033,1.3893509172542178
2018-06-14,3.4546552842240006,122.00011496578531,1.366942031492053
2018-06-15,3.1998036648960007,113.0001064847028,1.2661020455623113
2018-06-16,3.0582194319360005,108.00010177299029,1.2100798311568994
2018-06-17,3.6811900569600007,130.00012250452534,1.4565775745407121
2018-06-18,4.275843835392001,151.00014229371791,1.6918708750434428
2018-06-19,3.3130710512640005,117.00011025407281,1.3109198170866407
2018-06-20,2.6787736876032002,94.60008914560073,1.059940296550395
2018-06-21,2.3191497358848006,81.90007717785097,0.9176438719606488
2018-06-22,2.109605071104,74.50007020451643,0.8347309946406388
2018-06-23,1.8547534517760003,65.50006172343392,0.7338910087108973
2018-06-24,1.7782979659776001,62.80005917910916,0.7036390129319747
2018-06-25,1.5574265625600003,55.00005182883765,0.6162443584595321
2018-06-26,1.4016839063040003,49.50004664595388,0.554619922613579
2018-06-27,1.3393868438016001,47.30004457280037,0.5299701482751975
2018-06-28,1.2600996733440002,44.50004193424137,0.49859770820816685
2018-06-29,1.1468322869760001,40.500038164871356,0.45377993668383726
2018-06-30,1.1015253324288001,38.90003665712335,0.43585282807410536
2018-07-01,0.9854262614016001,34.80003279351909,0.3899146122616675
2018-07-02,0.9202975142400002,32.500030626131334,0.36414439363517803
2018-07-03,0.8664955057152002,30.600028835680583,0.3428559521611215
2018-07-04,0.8268519204864001,29.200027516401075,0.3271697321276061
2018-07-05,0.7588914886656002,26.800025254779072,0.3002790692130084
2018-07-06,0.7277429574144001,25.700024218202316,0.28795418204381773
2018-07-07,0.7220795880960001,25.50002402973382,0.2857132934676012
2018-07-08,0.7050894801408001,24.900023464328314,0.2789906277389518
2018-07-09,0.6937627415040001,24.500023087391313,0.2745088505865188
2018-07-10,0.6597825255936001,23.30002195658031,0.26106351912921993
2018-07-11,0.6626142102528001,23.40002205081456,0.2621839634173282
2018-07-12,0.6654458949120001,23.500022145048813,0.26330440770543645
2018-07-13,0.6116438863872001,21.60002035459806,0.24201596623137986
2018-07-14,0.5521785085440001,19.5000183756788,0.21848663618110684
2018-07-15,0.5550101932032001,19.600018469913053,0.21960708046921507
2018-07-16,0.5408517699072001,19.100017998741798,0.21400485902867383
2018-07-17,0.5097032386560001,18.00001696216505,0.20167997185948322
2018-07-18,0.4842180767232001,17.100016114056796,0.19159597326650907
2018-07-19,0.44740617615360007,15.80001488901154,0.17703019752110194
2018-07-20,0.41342596024320005,14.600013758200538,0.16358486606380304
2018-07-21,0.4162576449024,14.700013852434788,0.16470531035191127
2018-07-22,0.4162576449024,14.700013852434788,0.16470531035191127
2018-07-23,0.4190893295616001,14.80001394666904,0.16582575464001956
2018-07-24,0.40209922160640005,14.200013381263537,0.1591030889113701
2018-07-25,0.39643585228800005,14.000013192795036,0.1568622003351536
2018-07-26,0.39643585228800005,14.000013192795036,0.1568622003351536
2018-07-27,0.36811900569600003,13.000012250452533,0.1456577574540712
2018-07-28,0.3936041676288001,13.900013098560787,0.15574175604704538
2018-07-29,0.37661405967360007,13.300012533155286,0.14901909031839594
2018-07-30,0.34829721308160005,12.300011590812781,0.13781464743731353
2018-07-31,0.3341387897856001,11.800011119641532,0.13221242599677233
2018-08-01,0.27665559120384003,9.77000920668625,0.10946740694817506
2018-08-02,0.29449520455680006,10.400009800362028,0.11652620596325698
2018-08-03,0.3936041676288001,13.900013098560787,0.15574175604704538
2018-08-04,0.5181982926336001,18.300017244867796,0.20504130472380794
2018-08-05,0.5266933466112002,18.60001752757055,0.20840263758813268
2018-08-06,0.44457449149440004,15.70001479477729,0.17590975323299368
2018-08-07,0.38510911365120004,13.600012815858035,0.15238042318272066
2018-08-08,0.34263384376320005,12.10001140234428,0.13557375886109704
2018-08-09,0.31998036648960004,11.300010648470279,0.12661020455623112
2018-08-10,0.2916635198976001,10.300009706127778,0.11540576167514874
2018-08-11,0.2797704443289601,9.880009310343928,0.11069989566509414
2018-08-12,0.2605149886464,9.200008669551023,0.10308087450595807
2018-08-13,0.24890508154368002,8.790008283190597,0.0984870529247143
2018-08-14,0.25626746165760006,9.05000852819965,0.10140020807379575
2018-08-15,0.2514535977369601,8.880008368001425,0.09949545278401174
2018-08-16,0.2514535977369601,8.880008368001425,0.09949545278401174
2018-08-17,0.26476251563520004,9.350008810902398,0.10476154093812044
2018-08-18,0.30865362785280004,10.900010271533278,0.12212842740379817
2018-08-19,0.32281205114880007,11.40001074270453,0.12773064884433938
2018-08-20,0.28600015057920003,10.100009517659275,0.11316487309893225
2018-08-21,0.31998036648960004,11.300010648470279,0.12661020455623112
2018-08-22,0.44174280683520006,15.60001470054304,0.17478930894488545
2018-08-23,0.44740617615360007,15.80001488901154,0.17703019752110194
2018-08-24,0.40209922160640005,14.200013381263537,0.1591030889113701
2018-08-25,0.35679226705920003,12.600011873515532,0.14117598030163825
2018-08-26,0.32564373580800005,11.50001083693878,0.1288510931324476
2018-08-27,0.37095069035520006,13.100012344686784,0.14677820174217945
2018-08-28,0.339802159104,12.00001130811003,0.13445331457298879
2018-08-29,0.2916635198976001,10.300009706127778,0.11540576167514874
2018-08-30,0.26816053722624006,9.4700089239835,0.10610607408385035
2018-08-31,0.25740013552128005,9.09000856589335,0.10184838578903903
2018-09-01,0.27127539035136006,9.580009027641175,0.10733856280076941
2018-09-02,0.26617835796480005,9.400008858019525,0.10532176308217459
2018-09-03,0.269010042624,9.500008952253774,0.1064422073702828
2018-09-04,0.26419617870336004,9.33000879205555,0.1045374520804988
2018-09-05,0.25286944006656004,8.930008415118548,0.10005567492806584
2018-09-06,0.26504568410112,9.360008820325824,0.10487358536693127
2018-09-07,0.25513478779392,9.010008490505948,0.10095203035855242
2018-09-08,0.23984369063424005,8.470007981640997,0.09490163120276796
2018-09-09,0.26362984177152005,9.310008773208699,0.10431336322287715
2018-09-10,0.26249716790784,9.270008735514997,0.10386518550763384
2018-09-11,0.23729517444096007,8.380007896830174,0.09389323134347052
2018-09-12,0.22143774034944005,7.820007369118371,0.08761874333006438
2018-09-13,0.20954466478080006,7.40000697333452,0.08291287732000978
2018-09-14,0.19850109460992002,7.010006605820943,0.07854314459638763
2018-09-15,0.19510307301888002,6.890006492739843,0.07719861145065773
2018-09-16,0.20189911620096002,7.1300067189020435,0.07988767774211751
2018-09-17,0.19312089375744004,6.820006426775868,0.07641430044898198
2018-09-18,0.19170505142784003,6.770006379658743,0.07585407830492785
2018-09-19,0.20048327387136003,7.080006671784918,0.0793274555980634
2018-09-20,0.25740013552128005,9.09000856589335,0.10184838578903903
2018-09-21,0.23446348978176001,8.280007802595922,0.09277278705536228
2018-09-22,0.22766744659968002,8.040007576433721,0.09008372076390249
2018-09-23,0.21067733864448004,7.44000701102822,0.08336105503525307
2018-09-24,0.23587933211136003,8.330007849713047,0.0933330091994164
2018-09-25,0.24947141847552004,8.810008302037447,0.09871114178233595
2018-09-26,0.24805557614592003,8.760008254920322,0.09815091963828183
2018-09-27,0.23899418523648003,8.440007953370722,0.09456549791633546
2018-09-28,0.23078229972480005,8.150007680091397,0.09131620948082157
2018-09-29,0.22653477273600003,8.000007538740022,0.08963554304865921
2018-09-30,0.26561202103296006,9.380008839172675,0.10509767422455293
2018-10-01,0.22993279432704,8.12000765182112,0.09098007619438908
2018-10-02,0.28316846592000006,10.000009423425027,0.112044428810824
2018-10-03,0.31998036648960004,11.300010648470279,0.12661020455623112
2018-10-04,0.31998036648960004,11.300010648470279,0.12661020455623112
2018-10-05,0.36528732103680006,12.900012156218283,0.14453731316596297
2018-10-06,0.41342596024320005,14.600013758200538,0.16358486606380304
2018-10-07,0.3907724829696001,13.800013004326537,0.15462131175893715
2018-10-08,0.44740617615360007,15.80001488901154,0.17703019752110194
2018-10-09,0.45873291479040007,16.200015265948544,0.1815119746735349
2018-10-10,0.43041606819840006,15.20001432360604,0.1703075317924525
2018-10-11,0.4615645994496001,16.300015360182794,0.18263241896164314
2018-10-12,0.47289133808640005,16.70001573711979,0.1871141961140761
2018-10-13,0.45306954547200007,16.000015077480043,0.17927108609731843
2018-10-14,0.4842180767232001,17.100016114056796,0.19159597326650907
2018-10-15,0.44174280683520006,15.60001470054304,0.17478930894488545
2018-10-16,0.37095069035520006,13.100012344686784,0.14677820174217945
2018-10-17,0.3936041676288001,13.900013098560787,0.15574175604704538
2018-10-18,0.4162576449024,14.700013852434788,0.16470531035191127
2018-10-19,0.4219210142208001,14.90001404090329,0.1669461989281278
2018-10-20,0.4105942755840001,14.500013663966289,0.1624644217756948
2018-10-21,0.4162576449024,14.700013852434788,0.16470531035191127
2018-10-22,0.4332477528576001,15.300014417840291,0.17142797608056076
2018-10-23,0.45306954547200007,16.000015077480043,0.17927108609731843
2018-10-24,0.5012081846784,17.700016679462294,0.19831863899515847
2018-10-25,0.4643962841088,16.40001545441704,0.18375286324975137
2018-10-26,0.43607943751680006,15.40001451207454,0.172548420368669
2018-10-27,0.4105942755840001,14.500013663966289,0.1624644217756948
2018-10-28,0.40209922160640005,14.200013381263537,0.1591030889113701
2018-10-29,0.3936041676288001,13.900013098560787,0.15574175604704538
2018-10-30,0.4219210142208001,14.90001404090329,0.1669461989281278
2018-10-31,0.4219210142208001,14.90001404090329,0.1669461989281278
2018-11-01,0.40776259092480005,14.400013569732037,0.16134397748758658
2018-11-02,0.43041606819840006,15.20001432360604,0.1703075317924525
2018-11-03,0.45873291479040007,16.200015265948544,0.1815119746735349
2018-11-04,0.4502378608128001,15.900014983245793,0.17815064180921017
2018-11-05,0.46722796876800005,16.50001554865129,0.1848733075378596
2018-11-06,0.45306954547200007,16.000015077480043,0.17927108609731843
2018-11-07,0.3511288977408001,12.400011685047033,0.1389350917254218
2018-11-08,0.40209922160640005,14.200013381263537,0.1591030889113701
2018-11-09,0.44740617615360007,15.80001488901154,0.17703019752110194
2018-11-10,0.45873291479040007,16.200015265948544,0.1815119746735349
2018-11-11,0.47005965342720013,16.600015642885545,0.1859937518259679
2018-11-12,0.4389111221760001,15.500014606308792,0.17366886465677722
2018-11-13,0.4389111221760001,15.500014606308792,0.17366886465677722
2018-11-14,0.47005965342720013,16.600015642885545,0.1859937518259679
2018-11-15,0.45306954547200007,16.000015077480043,0.17927108609731843
2018-11-16,0.5153666079744,18.200017150633546,0.2039208604356997
2018-11-17,0.49554481536000006,17.500016490993794,0.19607775041894202
2018-11-18,0.4898814460416001,17.300016302525297,0.19383686184272556
2018-11-19,0.4190893295616001,14.80001394666904,0.16582575464001956
2018-11-20,0.4870497613824,17.200016208291043,0.19271641755461727
2018-11-21,0.5210299772928,18.400017339102046,0.20616174901191614
2018-11-22,0.5578418778624,19.7000185641473,0.22072752475732327
2018-11-23,0.5465151392256001,19.300018187210302,0.21624574760489035
2018-11-24,0.5521785085440001,19.5000183756788,0.21848663618110684
2018-11-25,0.5493468238848,19.40001828144455,0.21736619189299855
2018-11-26,0.5465151392256001,19.300018187210302,0.21624574760489035
2018-11-27,0.5068715539968001,17.900016867930795,0.200559527571375
2018-11-28,0.47289133808640005,16.70001573711979,0.1871141961140761
2018-11-29,0.4049309062656001,14.300013475497789,0.16022353319947832
2018-11-30,0.38227742899200007,13.500012721623786,0.15125997889461243
2018-12-01,0.37095069035520006,13.100012344686784,0.14677820174217945
2018-12-02,0.3454655284224,12.200011496578531,0.1366942031492053
2018-12-03,0.37095069035520006,13.100012344686784,0.14677820174217945
2018-12-04,0.3511288977408001,12.400011685047033,0.1389350917254218
2018-12-05,0.3284754204672,11.60001093117303,0.12997153742055584
2018-12-06,0.34829721308160005,12.300011590812781,0.13781464743731353
2018-12-07,0.34263384376320005,12.10001140234428,0.13557375886109704
2018-12-08,0.33697047444480005,11.90001121387578,0.13333287028488058
2018-12-09,0.31998036648960004,11.300010648470279,0.12661020455623112
2018-12-10,0.27014271648768,9.540008989947474,0.10689038508552609
2018-12-11,0.3171486818304,11.200010554236028,0.12548976026812286
2018-12-12,0.30299025853440004,10.700010083064777,0.11988753882758169
2018-12-13,0.3171486818304,11.200010554236028,0.12548976026812286
2018-12-14,0.27212489574912,9.61000905591145,0.10767469608720187
2018-12-15,0.30865362785280004,10.900010271533278,0.12212842740379817
2018-12-16,0.32564373580800005,11.50001083693878,0.1288510931324476
2018-12-17,0.34829721308160005,12.300011590812781,0.13781464743731353
2018-12-18,0.35396058240000006,12.500011779281282,0.14005553601353002
2018-12-19,0.35396058240000006,12.500011779281282,0.14005553601353002
2018-12-20,0.3454655284224,12.200011496578531,0.1366942031492053
2018-12-21,0.32281205114880007,11.40001074270453,0.12773064884433938
2018-12-22,0.31148531251200007,11.00001036576753,0.12324887169190642
2018-12-23,0.26957637955584,9.520008971100625,0.10666629622790445
2018-12-24,0.339802159104,12.00001130811003,0.13445331457298879
2018-12-25,0.3341387897856001,11.800011119641532,0.13221242599677233
2018-12-26,0.31998036648960004,11.300010648470279,0.12661020455623112
2018-12-27,0.30865362785280004,10.900010271533278,0.12212842740379817
2018-12-28,0.25966548324864,9.170008641280749,0.10274474121952562
2018-12-29,0.30865362785280004,10.900010271533278,0.12212842740379817
2018-12-30,0.32564373580800005,11.50001083693878,0.1288510931324476
2018-12-31,0.3171486818304,11.200010554236028,0.12548976026812286
2019-01-01,0.32281205114880007,11.40001074270453,0.12773064884433938
2019-01-02,0.27637242273792,9.760009197262825,0.10935536251936422
2019-01-03,0.3001585738752,10.600009988830527,0.11876709453947344
2019-01-04,0.32281205114880007,11.40001074270453,0.12773064884433938
2019-01-05,0.31148531251200007,11.00001036576753,0.12324887169190642
2019-01-06,0.3171486818304,11.200010554236028,0.12548976026812286
2019-01-07,0.3171486818304,11.200010554236028,0.12548976026812286
2019-01-08,0.3001585738752,10.600009988830527,0.11876709453947344
2019-01-09,0.30865362785280004,10.900010271533278,0.12212842740379817
2019-01-10,0.3171486818304,11.200010554236028,0.12548976026812286
2019-01-11,0.3171486818304,11.200010554236028,0.12548976026812286
2019-01-12,0.31148531251200007,11.00001036576753,0.12324887169190642
2019-01-13,0.28600015057920003,10.100009517659275,0.11316487309893225
2019-01-14,0.3001585738752,10.600009988830527,0.11876709453947344
2019-01-15,0.3171486818304,11.200010554236028,0.12548976026812286
2019-01-16,0.3341387897856001,11.800011119641532,0.13221242599677233
2019-01-17,0.33130710512640005,11.70001102540728,0.1310919817086641
2019-01-18,0.33130710512640005,11.70001102540728,0.1310919817086641
2019-01-19,0.33130710512640005,11.70001102540728,0.1310919817086641
2019-01-20,0.32564373580800005,11.50001083693878,0.1288510931324476
2019-01-21,0.3171486818304,11.200010554236028,0.12548976026812286
2019-01-22,0.30865362785280004,10.900010271533278,0.12212842740379817
2019-01-23,0.2888318352384,10.200009611893526,0.11428531738704047
2019-01-24,0.3001585738752,10.600009988830527,0.11876709453947344
2019-01-25,0.3001585738752,10.600009988830527,0.11876709453947344
2019-01-26,0.29732688921600003,10.500009894596277,0.1176466502513652
2019-01-27,0.2916635198976001,10.300009706127778,0.11540576167514874
2019-01-28,0.2916635198976001,10.300009706127778,0.11540576167514874
2019-01-29,0.35396058240000006,12.500011779281282,0.14005553601353002
2019-01-30,0.35962395171840006,12.700011967749782,0.1422964245897465
2019-01-31,0.31431699717120004,11.100010460001778,0.12436931598001465
2019-02-01,0.30299025853440004,10.700010083064777,0.11988753882758169
2019-02-02,0.30582194319360007,10.80001017729903,0.12100798311568993
2019-02-03,0.31148531251200007,11.00001036576753,0.12324887169190642
2019-02-04,0.29732688921600003,10.500009894596277,0.1176466502513652
2019-02-05,0.2888318352384,10.200009611893526,0.11428531738704047
2019-02-06,0.28600015057920003,10.100009517659275,0.11316487309893225
2019-02-07,0.2678773687603201,9.460008914560076,0.10599402965503954
2019-02-08,0.26023182018048,9.190008660127598,0.10296883007714726
2019-02-09,0.29732688921600003,10.500009894596277,0.1176466502513652
2019-02-10,0.29449520455680006,10.400009800362028,0.11652620596325698
2019-02-11,0.28600015057920003,10.100009517659275,0.11316487309893225
2019-02-12,0.28316846592000006,10.000009423425027,0.112044428810824
2019-02-13,0.2888318352384,10.200009611893526,0.11428531738704047
2019-02-14,0.2888318352384,10.200009611893526,0.11428531738704047
2019-02-15,0.2888318352384,10.200009611893526,0.11428531738704047
2019-02-16,0.27382390654464006,9.670009112452002,0.10834696266006683
2019-02-17,0.27439024347648,9.690009131298849,0.10857105151768845
2019-02-18,0.27948727586304,9.870009300920499,0.11058785123628329
2019-02-19,0.27495658040832005,9.7100091501457,0.10879514037531011
2019-02-20,0.27693875966976,9.780009216109674,0.10957945137698587
2019-02-21,0.27439024347648,9.690009131298849,0.10857105151768845
2019-02-22,0.26872687415808005,9.49000894283035,0.10633016294147199
2019-02-23,0.2658951894988801,9.390008848596102,0.10520971865336376
2019-02-24,0.26023182018048,9.190008660127598,0.10296883007714726
2019-02-25,0.25711696705536,9.080008556469924,0.1017363413602282
2019-02-26,0.25598429319168003,9.040008518776224,0.10128816364498491
2019-02-27,0.26362984177152005,9.310008773208699,0.10431336322287715
2019-02-28,0.269010042624,9.500008952253774,0.1064422073702828
2019-03-01,0.27297440114688004,9.640009084181726,0.10801082937363435
2019-03-02,0.2746734119424,9.700009140722274,0.10868309594649928
2019-03-03,0.27354073807872004,9.660009103028575,0.108234918231256
2019-03-04,0.26731103182848004,9.440008895713225,0.10576994079741786
2019-03-05,0.28316846592000006,10.000009423425027,0.112044428810824
2019-03-06,0.31998036648960004,11.300010648470279,0.12661020455623112
2019-03-07,0.31148531251200007,11.00001036576753,0.12324887169190642
2019-03-08,0.29449520455680006,10.400009800362028,0.11652620596325698
2019-03-09,0.30865362785280004,10.900010271533278,0.12212842740379817
2019-03-10,0.31148531251200007,11.00001036576753,0.12324887169190642
2019-03-11,0.31998036648960004,11.300010648470279,0.12661020455623112
2019-03-12,0.34263384376320005,12.10001140234428,0.13557375886109704
2019-03-13,0.339802159104,12.00001130811003,0.13445331457298879
2019-03-14,0.30582194319360007,10.80001017729903,0.12100798311568993
2019-03-15,0.30299025853440004,10.700010083064777,0.11988753882758169
2019-03-16,0.30582194319360007,10.80001017729903,0.12100798311568993
2019-03-17,0.33130710512640005,11.70001102540728,0.1310919817086641
2019-03-18,0.34263384376320005,12.10001140234428,0.13557375886109704
2019-03-19,0.32564373580800005,11.50001083693878,0.1288510931324476
2019-03-20,0.3284754204672,11.60001093117303,0.12997153742055584
2019-03-21,0.33697047444480005,11.90001121387578,0.13333287028488058
2019-03-22,0.3341387897856001,11.800011119641532,0.13221242599677233
2019-03-23,0.3284754204672,11.60001093117303,0.12997153742055584
2019-03-24,0.32564373580800005,11.50001083693878,0.1288510931324476
2019-03-25,0.3284754204672,11.60001093117303,0.12997153742055584
2019-03-26,0.37661405967360007,13.300012533155286,0.14901909031839594
2019-03-27,0.4162576449024,14.700013852434788,0.16470531035191127
2019-03-28,0.5323567159296001,18.80001771603905,0.21064352616434917
2019-03-29,0.5720003011584001,20.20001903531855,0.2263297461978645
2019-03-30,0.5068715539968001,17.900016867930795,0.200559527571375
2019-03-31,0.45873291479040007,16.200015265948544,0.1815119746735349
2019-04-01,0.4389111221760001,15.500014606308792,0.17366886465677722
2019-04-02,0.45306954547200007,16.000015077480043,0.17927108609731843
2019-04-03,0.4559012301312001,16.100015171714293,0.18039153038542666
2019-04-04,0.4615645994496001,16.300015360182794,0.18263241896164314
2019-04-05,0.5889904091136001,20.800019600724056,0.23305241192651396
2019-04-06,0.6512874716160001,23.00002167387756,0.2577021862648952
2019-04-07,0.7419013807104001,26.200024689373567,0.2935564034843589
2019-04-08,0.9316242528768001,32.900031003068335,0.368626170787611
2019-04-09,1.4583175994880002,51.500048530638885,0.5770288083757437
2019-04-10,1.5744166705152003,55.60005239424315,0.6229670241881815
2019-04-11,1.1326738636800002,40.00003769370011,0.448177715243296
2019-04-12,0.9259608835584002,32.70003081459984,0.36638528221139455
2019-04-13,0.7815449659392002,27.600026008653074,0.3092426235178743
2019-04-14,0.6994261108224001,24.700023275859817,0.2767497391627353
2019-04-15,0.7192479034368001,25.400023935499565,0.284592849179493
2019-04-16,0.9939213153792001,35.10003307622184,0.3932759451259923
2019-04-17,1.3648720057344004,48.20004542090863,0.5400541468681718
2019-04-18,1.6367137330176003,57.80005446739665,0.6476167985265627
2019-04-19,2.2653477273600005,80.00007538740022,0.896355430486592
2019-04-20,3.5112889774080007,124.00011685047033,1.3893509172542178
2019-04-21,2.9449520455680003,104.00009800362027,1.1652620596325696
2019-04-22,2.8600015057920003,101.00009517659277,1.1316487309893224
2019-04-23,3.5679226705920004,126.00011873515533,1.4117598030163825
2019-04-24,4.360794375168001,154.0001451207454,1.72548420368669
2019-04-25,5.068715539968001,179.000168679308,2.00559527571375
2019-04-26,6.003171477504001,212.00019977661054,2.375341890789469
2019-04-27,7.390696960512001,261.00024595139314,2.9243595919625065
2019-04-28,7.447330653696001,263.0002478360782,2.9467684777246714
2019-04-29,6.456241022976001,228.0002148540906,2.5546129768867876
2019-04-30,6.031488324096001,213.00020071895307,2.3865463336705517
2019-05-01,5.068715539968001,179.000168679308,2.00559527571375
2019-05-02,4.247526988800001,150.0001413513754,1.6806664321623601
2019-05-03,3.9926753694720007,141.00013287029287,1.5798264462326186
2019-05-04,4.304160681984,152.00014323606038,1.7030753179245248
2019-05-05,4.898814460416001,173.00016302525296,1.9383686184272555
2019-05-06,6.088122017280001,215.00020260363806,2.408955219432716
2019-05-07,6.767726335488001,239.0002252198581,2.6778618485786936
2019-05-08,6.824360028672001,241.00022710454314,2.700270734340859
2019-05-09,5.804953551360001,205.00019318021302,2.296910790621892
2019-05-10,4.898814460416001,173.00016302525296,1.9383686184272555
2019-05-11,4.417428068352001,156.0001470054304,1.7478930894488547
2019-05-12,4.474061761536,158.0001488901154,1.7703019752110192
2019-05-13,5.663369318400001,200.0001884685005,2.2408885762164803
2019-05-14,7.532281193472001,266.0002506631057,2.9803818063679186
2019-05-15,9.259608835584002,327.00030814599836,3.6638528221139457
2019-05-16,11.496639716352002,406.00038259105605,4.549003809719455
2019-05-17,11.836441875456002,418.0003938991661,4.683457124292444
2019-05-18,9.344559375360001,330.0003109730259,3.697466150757192
2019-05-19,7.617231733248001,269.0002534901332,3.013995135011166
2019-05-20,6.880993721856001,243.00022898922813,2.722679620103023
2019-05-21,6.342973636608001,224.00021108472058,2.5097952053624577
2019-05-22,5.578418778624001,197.00018564147302,2.207275247573233
2019-05-23,5.465151392256001,193.00018187210298,2.1624574760489033
2019-05-24,5.521785085440001,195.00018375678803,2.1848663618110686
2019-05-25,6.0598051706880005,214.00020166129553,2.397750776551634
2019-05-26,6.9376274150400015,245.00023087391315,2.7450885058651884
2019-05-27,7.503964346880001,265.0002497207632,2.9691773634868364
2019-05-28,7.362380113920001,260.0002450090507,2.9131551490814243
2019-05-29,6.880993721856001,243.00022898922813,2.722679620103023
2019-05-30,6.965944261632001,246.00023181625562,2.756292948746271
2019-05-31,7.673865426432001,271.0002553748182,3.0364040207733303
2019-06-01,9.571094148096002,338.0003185117659,3.7871016938058517
2019-06-02,11.864758722048002,419.0003948415086,4.694661567173526
2019-06-03,13.139016818688003,464.00043724692125,5.198861496822234
2019-06-04,14.668126534656002,518.0004881334163,5.803901412400684
2019-06-05,16.565355256320004,585.0005512703641,6.554599085433205
2019-06-06,18.575851364352,656.0006181766817,7.350114529990055
2019-06-07,19.255455682560005,680.0006407929018,7.619021159136033
2019-06-08,20.982783324672003,741.0006982757944,8.30249217488206
2019-06-09,20.897832784896003,738.0006954487669,8.268878846238813
2019-06-10,18.575851364352,656.0006181766817,7.350114529990055
2019-06-11,17.69802912,625.000588964064,7.0027768006765
2019-06-12,17.811296506368002,629.0005927334341,7.04759457220083
2019-06-13,19.170505142784002,677.0006379658743,7.585407830492786
2019-06-14,19.142188296192003,676.0006370235318,7.574203387611703
2019-06-15,18.943970370048003,669.0006304271343,7.495772287444127
2019-06-16,18.774069290496,663.0006247730792,7.428545630157631
2019-06-17,18.292682898432002,646.0006087532566,7.238070101179231
2019-06-18,19.566940995072002,691.0006511586693,7.742270030827939
2019-06-19,19.736842074624004,697.0006568127244,7.809496688114434
2019-06-20,18.434267131392,651.0006134649692,7.294092315584642
2019-06-21,17.131692188160002,605.0005701172141,6.778687943054853
2019-06-22,14.781393921024002,522.0004919027863,5.848719183925013
2019-06-23,12.770897812992002,451.00042499646867,5.053203739368163
2019-06-24,11.015253324288002,389.00036657123354,4.358528280741054
2019-06-25,10.590500625408001,374.00035243609597,4.190461637524818
2019-06-26,11.524956562944002,407.0003835333986,4.560208252600537
2019-06-27,13.422185284608002,474.0004466703462,5.310905925633057
2019-06-28,15.744166705152002,556.0005239424314,6.2296702418818155
2019-06-29,16.905157415424004,597.000562578474,6.689052400006194
2019-06-30,16.990107955200003,600.0005654055016,6.7226657286494405
2019-07-01,18.179415512064004,642.0006049838868,7.193252329654903
2019-07-02,16.310503636992003,576.0005427892816,6.453759099503463
2019-07-03,14.356641222144003,507.0004777676488,5.680652540708778
2019-07-04,12.855848352768001,454.0004278234962,5.08681706801141
2019-07-05,11.270104943616001,398.00037505231603,4.459368266670795
2019-07-06,10.845352244736002,383.0003609171785,4.29130162345456
2019-07-07,10.194064773120001,360.0003392433009,4.033599437189665
2019-07-08,9.457826761728002,334.0003147423959,3.7422839222815223
2019-07-09,9.287925682176,328.0003090883408,3.6750572649950275
2019-07-10,8.608321363968,304.00028647212076,3.4061506358490496
2019-07-11,8.268519204864,292.00027516401076,3.271697321276061
2019-07-12,8.07030127872,285.0002685676132,3.193266221108484
2019-07-13,7.390696960512001,261.00024595139314,2.9243595919625065
2019-07-14,7.305746420736001,258.0002431243657,2.8907462633192593
2019-07-15,6.965944261632001,246.00023181625562,2.756292948746271
2019-07-16,6.541191562752001,231.0002176811181,2.5882263055300347
2019-07-17,6.767726335488001,239.0002252198581,2.6778618485786936
2019-07-18,6.314656790016001,223.0002101423781,2.4985907624813755
2019-07-19,5.493468238848001,194.0001828144455,2.173661918929986
2019-07-20,5.0970323865600005,180.00016962165046,2.0167997185948323
2019-07-21,5.181982926336,183.00017244867797,2.0504130472380795
2019-07-22,4.530695454720001,160.00015077480043,1.792710860973184
2019-07-23,4.275843835392001,151.00014229371791,1.6918708750434428
2019-07-24,3.9360416762880006,139.00013098560785,1.5574175604704539
2019-07-25,3.5962395171840007,127.00011967749784,1.422964245897465
2019-07-26,3.7095069035520005,131.00012344686783,1.4677820174217946
2019-07-27,3.4546552842240006,122.00011496578531,1.366942031492053
2019-07-28,3.3413878978560003,118.0001111964153,1.3221242599677232
2019-07-29,3.2564373580800003,115.00010836938779,1.288510931324476
2019-07-30,3.1714868183040004,112.00010554236029,1.2548976026812289
2019-07-31,3.0299025853440003,107.00010083064777,1.198875388275817
2019-08-01,2.9166351989760004,103.00009706127777,1.1540576167514873
2019-08-02,2.7637242273792,97.60009197262825,1.0935536251936424
2019-08-03,2.4862191307776005,87.80008273767173,0.9837500849590348
2019-08-04,2.3304764745216002,82.30007755478796,0.9221256491130816
2019-08-05,2.1973872955392,77.6000731257782,0.8694647675719942
2019-08-06,2.0784565398528003,73.40006916793969,0.8224061074714483
2019-08-07,1.8745752443904005,66.20006238307369,0.741734118727655
2019-08-08,1.7584761733632004,62.100058519469414,0.6957959029152171
2019-08-09,1.7329910114304004,61.200057671361165,0.685711904322243
2019-08-10,1.7414860654080002,61.500057954063905,0.6890732371865678
2019-08-11,1.7414860654080002,61.500057954063905,0.6890732371865678
2019-08-12,1.7924563892736003,63.30005965028042,0.709241234372516
2019-08-13,1.5064562386944003,53.20005013262114,0.5960763612735838
2019-08-14,1.359208636416,48.00004523244012,0.5378132582919551
2019-08-15,1.2346145114112002,43.60004108613311,0.4885137096151927
2019-08-16,1.1864758722048,41.90003948415086,0.4694661567173526
2019-08-17,1.1071887017472002,39.10003684559185,0.4380937166503219
2019-08-18,1.0137431079936001,35.80003373586159,0.40111905514275
2019-08-19,0.9712678381056,34.30003232234783,0.38431239082112634
2019-08-20,0.9089707756032002,32.10003024919433,0.35966261648274506
2019-08-21,0.8523370824192001,30.100028364509328,0.3372537307205803
2019-08-22,0.8240202358272002,29.10002742216683,0.32604928783949794
2019-08-23,0.7985350738944001,28.200026574058576,0.31596528924652373
2019-08-24,0.8013667585536002,28.300026668292826,0.31708573353463193
2019-08-25,0.8013667585536002,28.300026668292826,0.31708573353463193
2019-08-26,0.7475647500288001,26.400024877842068,0.29579729206057537
2019-08-27,0.6597825255936001,23.30002195658031,0.26106351912921993
2019-08-28,0.6144755710464,21.700020448832305,0.2431364105194881
2019-08-29,0.580495355136,20.5000193180213,0.22969107906218922
2019-08-30,0.5720003011584001,20.20001903531855,0.2263297461978645
2019-08-31,0.5663369318400001,20.000018846850054,0.224088857621648
2019-09-01,0.5521785085440001,19.5000183756788,0.21848663618110684
2019-09-02,0.5266933466112002,18.60001752757055,0.20840263758813268
2019-09-03,0.5125349233152001,18.1000170563993,0.2028004161475915
2019-09-04,0.5012081846784,17.700016679462294,0.19831863899515847
2019-09-05,0.49837650001920014,17.600016585228047,0.1971981947070503
2019-09-06,0.5323567159296001,18.80001771603905,0.21064352616434917
2019-09-07,0.6937627415040001,24.500023087391313,0.2745088505865188
2019-09-08,0.6144755710464,21.700020448832305,0.2431364105194881
2019-09-09,0.6626142102528001,23.40002205081456,0.2621839634173282
2019-09-10,0.6342973636608,22.400021108472057,0.2509795205362457
2019-09-11,0.5946537784320001,21.000019789192553,0.2352933005027304
2019-09-12,0.5635052471808001,19.9000187526158,0.22296841333353978
2019-09-13,0.538020085248,19.000017904507548,0.2128844147405656
2019-09-14,0.5097032386560001,18.00001696216505,0.20167997185948322
2019-09-15,0.4898814460416001,17.300016302525297,0.19383686184272556
2019-09-16,0.4813863920640001,17.000016019822546,0.19047552897840084
2019-09-17,0.47005965342720013,16.600015642885545,0.1859937518259679
2019-09-18,0.47005965342720013,16.600015642885545,0.1859937518259679
2019-09-19,0.43041606819840006,15.20001432360604,0.1703075317924525
2019-09-20,0.42758438353920003,15.100014229371789,0.16918708750434425
2019-09-21,0.4332477528576001,15.300014417840291,0.17142797608056076
2019-09-22,0.45873291479040007,16.200015265948544,0.1815119746735349
2019-09-23,0.40776259092480005,14.400013569732037,0.16134397748758658
2019-09-24,0.4049309062656001,14.300013475497789,0.16022353319947832
2019-09-25,0.4049309062656001,14.300013475497789,0.16022353319947832
2019-09-26,0.40209922160640005,14.200013381263537,0.1591030889113701
2019-09-27,0.39643585228800005,14.000013192795036,0.1568622003351536
2019-09-28,0.42758438353920003,15.100014229371789,0.16918708750434425
2019-09-29,0.44740617615360007,15.80001488901154,0.17703019752110194
2019-09-30,0.40209922160640005,14.200013381263537,0.1591030889113701
2019-10-01,0.3794457443328001,13.400012627389536,0.1501395346065042
2019-10-02,0.3794457443328001,13.400012627389536,0.1501395346065042
2019-10-03,0.38227742899200007,13.500012721623786,0.15125997889461243
2019-10-04,0.3907724829696001,13.800013004326537,0.15462131175893715
2019-10-05,0.38227742899200007,13.500012721623786,0.15125997889461243
2019-10-06,0.3879407983104,13.700012910092283,0.1535008674708289
2019-10-07,0.3794457443328001,13.400012627389536,0.1501395346065042
2019-10-08,0.3879407983104,13.700012910092283,0.1535008674708289
2019-10-09,0.3936041676288001,13.900013098560787,0.15574175604704538
2019-10-10,0.4190893295616001,14.80001394666904,0.16582575464001956
2019-10-11,0.47855470740480005,16.900015925588292,0.18935508469029255
2019-10-12,0.5068715539968001,17.900016867930795,0.200559527571375
2019-10-13,0.49271313070080003,17.400016396759543,0.19495730613083376
2019-10-14,0.4898814460416001,17.300016302525297,0.19383686184272556
2019-10-15,0.47005965342720013,16.600015642885545,0.1859937518259679
2019-10-16,0.43607943751680006,15.40001451207454,0.172548420368669
2019-10-17,0.43607943751680006,15.40001451207454,0.172548420368669
2019-10-18,0.4615645994496001,16.300015360182794,0.18263241896164314
2019-10-19,0.45873291479040007,16.200015265948544,0.1815119746735349
2019-10-20,0.45873291479040007,16.200015265948544,0.1815119746735349
2019-10-21,0.47855470740480005,16.900015925588292,0.18935508469029255
2019-10-22,0.5012081846784,17.700016679462294,0.19831863899515847
2019-10-23,0.4898814460416001,17.300016302525297,0.19383686184272556
2019-10-24,0.4502378608128001,15.900014983245793,0.17815064180921017
2019-10-25,0.4870497613824,17.200016208291043,0.19271641755461727
2019-10-26,0.5550101932032001,19.600018469913053,0.21960708046921507
2019-10-27,0.538020085248,19.000017904507548,0.2128844147405656
2019-10-28,0.5210299772928,18.400017339102046,0.20616174901191614
2019-10-29,0.5153666079744,18.200017150633546,0.2039208604356997
2019-10-30,0.5153666079744,18.200017150633546,0.2039208604356997
2019-10-31,0.5238616619520001,18.5000174333363,0.20728219330002445
2019-11-01,0.7758815966208,27.400025820184567,0.3070017349416578
2019-11-02,0.7050894801408001,24.900023464328314,0.2789906277389518
2019-11-03,0.7957033892352001,28.100026479824322,0.31484484495841547
2019-11-04,0.7390696960512001,26.100024595139317,0.29243595919625065
2019-11-05,0.6286339943424001,22.200020920003556,0.2487386319600293
2019-11-06,0.5550101932032001,19.600018469913053,0.21960708046921507
2019-11-07,0.5266933466112002,18.60001752757055,0.20840263758813268
2019-11-08,0.5181982926336001,18.300017244867796,0.20504130472380794
2019-11-09,0.5238616619520001,18.5000174333363,0.20728219330002445
2019-11-10,0.5238616619520001,18.5000174333363,0.20728219330002445
2019-11-11,0.5210299772928,18.400017339102046,0.20616174901191614
2019-11-12,0.5550101932032001,19.600018469913053,0.21960708046921507
2019-11-13,0.5493468238848,19.40001828144455,0.21736619189299855
2019-11-14,0.5040398693376001,17.800016773696548,0.1994390832832668
2019-11-15,0.4898814460416001,17.300016302525297,0.19383686184272556
2019-11-16,0.47855470740480005,16.900015925588292,0.18935508469029255
2019-11-17,0.47005965342720013,16.600015642885545,0.1859937518259679
2019-11-18,0.46722796876800005,16.50001554865129,0.1848733075378596
2019-11-19,0.47005965342720013,16.600015642885545,0.1859937518259679
2019-11-20,0.49271313070080003,17.400016396759543,0.19495730613083376
2019-11-21,0.49554481536000006,17.500016490993794,0.19607775041894202
2019-11-22,0.4898814460416001,17.300016302525297,0.19383686184272556
2019-11-23,0.47005965342720013,16.600015642885545,0.1859937518259679
2019-11-24,0.47005965342720013,16.600015642885545,0.1859937518259679
2019-11-25,0.4898814460416001,17.300016302525297,0.19383686184272556
2019-11-26,0.4757230227456001,16.800015831354045,0.18823464040218432
2019-11-27,0.4643962841088,16.40001545441704,0.18375286324975137
2019-11-28,0.49271313070080003,17.400016396759543,0.19495730613083376
2019-11-29,0.4898814460416001,17.300016302525297,0.19383686184272556
2019-11-30,0.4615645994496001,16.300015360182794,0.18263241896164314
2019-12-01,0.4502378608128001,15.900014983245793,0.17815064180921017
2019-12-02,0.47005965342720013,16.600015642885545,0.1859937518259679
2019-12-03,0.4842180767232001,17.100016114056796,0.19159597326650907
2019-12-04,0.45873291479040007,16.200015265948544,0.1815119746735349
2019-12-05,0.44174280683520006,15.60001470054304,0.17478930894488545
2019-12-06,0.44174280683520006,15.60001470054304,0.17478930894488545
2019-12-07,0.44457449149440004,15.70001479477729,0.17590975323299368
2019-12-08,0.4389111221760001,15.500014606308792,0.17366886465677722
2019-12-09,0.42475269888000006,15.000014135137539,0.168066643216236
2019-12-10,0.4162576449024,14.700013852434788,0.16470531035191127
2019-12-11,0.4162576449024,14.700013852434788,0.16470531035191127
2019-12-12,0.42758438353920003,15.100014229371789,0.16918708750434425
2019-12-13,0.44740617615360007,15.80001488901154,0.17703019752110194
2019-12-14,0.4502378608128001,15.900014983245793,0.17815064180921017
2019-12-15,0.44457449149440004,15.70001479477729,0.17590975323299368
2019-12-16,0.4190893295616001,14.80001394666904,0.16582575464001956
2019-12-17,0.40209922160640005,14.200013381263537,0.1591030889113701
2019-12-18,0.4162576449024,14.700013852434788,0.16470531035191127
2019-12-19,0.44174280683520006,15.60001470054304,0.17478930894488545
2019-12-20,0.44174280683520006,15.60001470054304,0.17478930894488545
2019-12-21,0.44740617615360007,15.80001488901154,0.17703019752110194
2019-12-22,0.45873291479040007,16.200015265948544,0.1815119746735349
2019-12-23,0.4615645994496001,16.300015360182794,0.18263241896164314
2019-12-24,0.4559012301312001,16.100015171714293,0.18039153038542666
2019-12-25,0.44457449149440004,15.70001479477729,0.17590975323299368
2019-12-26,0.4332477528576001,15.300014417840291,0.17142797608056076
2019-12-27,0.43041606819840006,15.20001432360604,0.1703075317924525
2019-12-28,0.42758438353920003,15.100014229371789,0.16918708750434425
2019-12-29,0.41342596024320005,14.600013758200538,0.16358486606380304
2019-12-30,0.3907724829696001,13.800013004326537,0.15462131175893715
2019-12-31,0.38227742899200007,13.500012721623786,0.15125997889461243
2020-01-01,0.3879407983104,13.700012910092283,0.1535008674708289
2020-01-02,0.3992675369472001,14.100013287029288,0.15798264462326186
2020-01-03,0.3936041676288001,13.900013098560787,0.15574175604704538
2020-01-04,0.38510911365120004,13.600012815858035,0.15238042318272066
2020-01-05,0.38227742899200007,13.500012721623786,0.15125997889461243
2020-01-06,0.3794457443328001,13.400012627389536,0.1501395346065042
2020-01-07,0.38227742899200007,13.500012721623786,0.15125997889461243
2020-01-08,0.3794457443328001,13.400012627389536,0.1501395346065042
2020-01-09,0.3794457443328001,13.400012627389536,0.1501395346065042
2020-01-10,0.37095069035520006,13.100012344686784,0.14677820174217945
2020-01-11,0.35962395171840006,12.700011967749782,0.1422964245897465
2020-01-12,0.37661405967360007,13.300012533155286,0.14901909031839594
2020-01-13,0.37661405967360007,13.300012533155286,0.14901909031839594
2020-01-14,0.37095069035520006,13.100012344686784,0.14677820174217945
2020-01-15,0.36528732103680006,12.900012156218283,0.14453731316596297
2020-01-16,0.35962395171840006,12.700011967749782,0.1422964245897465
2020-01-17,0.36528732103680006,12.900012156218283,0.14453731316596297
2020-01-18,0.3624556363776001,12.800012061984035,0.14341686887785476
2020-01-19,0.35396058240000006,12.500011779281282,0.14005553601353002
2020-01-20,0.3511288977408001,12.400011685047033,0.1389350917254218
2020-01-21,0.3624556363776001,12.800012061984035,0.14341686887785476
2020-01-22,0.36528732103680006,12.900012156218283,0.14453731316596297
2020-01-23,0.3624556363776001,12.800012061984035,0.14341686887785476
2020-01-24,0.36528732103680006,12.900012156218283,0.14453731316596297
2020-01-25,0.36528732103680006,12.900012156218283,0.14453731316596297
2020-01-26,0.3624556363776001,12.800012061984035,0.14341686887785476
2020-01-27,0.35679226705920003,12.600011873515532,0.14117598030163825
2020-01-28,0.35396058240000006,12.500011779281282,0.14005553601353002
2020-01-29,0.35679226705920003,12.600011873515532,0.14117598030163825
2020-01-30,0.3511288977408001,12.400011685047033,0.1389350917254218
2020-01-31,0.34263384376320005,12.10001140234428,0.13557375886109704
2020-02-01,0.3511288977408001,12.400011685047033,0.1389350917254218
2020-02-02,0.339802159104,12.00001130811003,0.13445331457298879
2020-02-03,0.339802159104,12.00001130811003,0.13445331457298879
2020-02-04,0.3511288977408001,12.400011685047033,0.1389350917254218
2020-02-05,0.35396058240000006,12.500011779281282,0.14005553601353002
2020-02-06,0.35679226705920003,12.600011873515532,0.14117598030163825
2020-02-07,0.35962395171840006,12.700011967749782,0.1422964245897465
2020-02-08,0.35396058240000006,12.500011779281282,0.14005553601353002
2020-02-09,0.3511288977408001,12.400011685047033,0.1389350917254218
2020-02-10,0.3511288977408001,12.400011685047033,0.1389350917254218
2020-02-11,0.3511288977408001,12.400011685047033,0.1389350917254218
2020-02-12,0.3511288977408001,12.400011685047033,0.1389350917254218
2020-02-13,0.3511288977408001,12.400011685047033,0.1389350917254218
2020-02-14,0.3511288977408001,12.400011685047033,0.1389350917254218
2020-02-15,0.35962395171840006,12.700011967749782,0.1422964245897465
2020-02-16,0.36528732103680006,12.900012156218283,0.14453731316596297
2020-02-17,0.36528732103680006,12.900012156218283,0.14453731316596297
2020-02-18,0.3454655284224,12.200011496578531,0.1366942031492053
2020-02-19,0.3454655284224,12.200011496578531,0.1366942031492053
2020-02-20,0.3511288977408001,12.400011685047033,0.1389350917254218
2020-02-21,0.3511288977408001,12.400011685047033,0.1389350917254218
2020-02-22,0.3511288977408001,12.400011685047033,0.1389350917254218
2020-02-23,0.3511288977408001,12.400011685047033,0.1389350917254218
2020-02-24,0.35396058240000006,12.500011779281282,0.14005553601353002
2020-02-25,0.3511288977408001,12.400011685047033,0.1389350917254218
2020-02-26,0.35396058240000006,12.500011779281282,0.14005553601353002
2020-02-27,0.35679226705920003,12.600011873515532,0.14117598030163825
2020-02-28,0.3454655284224,12.200011496578531,0.1366942031492053
2020-02-29,0.34829721308160005,12.300011590812781,0.13781464743731353
2020-03-01,0.35962395171840006,12.700011967749782,0.1422964245897465
2020-03-02,0.35962395171840006,12.700011967749782,0.1422964245897465
2020-03-03,0.33130710512640005,11.70001102540728,0.1310919817086641
2020-03-04,0.339802159104,12.00001130811003,0.13445331457298879
2020-03-05,0.3511288977408001,12.400011685047033,0.1389350917254218
2020-03-06,0.37661405967360007,13.300012533155286,0.14901909031839594
2020-03-07,0.3992675369472001,14.100013287029288,0.15798264462326186
2020-03-08,0.43041606819840006,15.20001432360604,0.1703075317924525
2020-03-09,0.42475269888000006,15.000014135137539,0.168066643216236
2020-03-10,0.41342596024320005,14.600013758200538,0.16358486606380304
2020-03-11,0.4190893295616001,14.80001394666904,0.16582575464001956
2020-03-12,0.44174280683520006,15.60001470054304,0.17478930894488545
2020-03-13,0.4332477528576001,15.300014417840291,0.17142797608056076
2020-03-14,0.4332477528576001,15.300014417840291,0.17142797608056076
2020-03-15,0.4332477528576001,15.300014417840291,0.17142797608056076
2020-03-16,0.4502378608128001,15.900014983245793,0.17815064180921017
2020-03-17,0.49271313070080003,17.400016396759543,0.19495730613083376
2020-03-18,0.5040398693376001,17.800016773696548,0.1994390832832668
2020-03-19,0.4870497613824,17.200016208291043,0.19271641755461727
2020-03-20,0.47289133808640005,16.70001573711979,0.1871141961140761
2020-03-21,0.4643962841088,16.40001545441704,0.18375286324975137
2020-03-22,0.45873291479040007,16.200015265948544,0.1815119746735349
2020-03-23,0.45306954547200007,16.000015077480043,0.17927108609731843
2020-03-24,0.4615645994496001,16.300015360182794,0.18263241896164314
2020-03-25,0.47855470740480005,16.900015925588292,0.18935508469029255
2020-03-26,0.4813863920640001,17.000016019822546,0.19047552897840084
2020-03-27,0.4898814460416001,17.300016302525297,0.19383686184272556
2020-03-28,0.5097032386560001,18.00001696216505,0.20167997185948322
2020-03-29,0.4870497613824,17.200016208291043,0.19271641755461727
2020-03-30,0.46722796876800005,16.50001554865129,0.1848733075378596
2020-03-31,0.4842180767232001,17.100016114056796,0.19159597326650907
2020-04-01,0.5295250312704001,18.700017621804797,0.20952308187624089
2020-04-02,0.5550101932032001,19.600018469913053,0.21960708046921507
2020-04-03,0.5493468238848,19.40001828144455,0.21736619189299855
2020-04-04,0.5408517699072001,19.100017998741798,0.21400485902867383
2020-04-05,0.5720003011584001,20.20001903531855,0.2263297461978645
2020-04-06,0.6229706250240001,22.00002073153506,0.24649774338381283
2020-04-07,0.7560598040064,26.70002516054482,0.2991586249249001
2020-04-08,0.9061390909440001,32.000030154960086,0.35854217219463685
2020-04-09,1.1128520710656,39.300037034060345,0.44033460522653833
2020-04-10,1.359208636416,48.00004523244012,0.5378132582919551
2020-04-11,1.4781393921024002,52.200049190278634,0.5848719183925013
2020-04-12,1.5319414006272003,54.10005098072939,0.6061603598665579
2020-04-13,1.3535452670976,47.80004504397162,0.5355723697157387
2020-04-14,1.2572679886848002,44.40004184000711,0.4974772639200586
2020-04-15,1.1949709261824002,42.200039766853614,0.47282748958167736
2020-04-16,0.9967530000384003,35.200033170456095,0.3943963894141006
2020-04-17,0.9995846846976001,35.30003326469034,0.3955168337022087
2020-04-18,0.9202975142400002,32.500030626131334,0.36414439363517803
2020-04-19,0.9004757216256002,31.800029966491586,0.35630128361842034
2020-04-20,0.8976440369664002,31.700029872257332,0.35518083933031214
2020-04-21,0.9797628920832002,34.60003260505059,0.3876737236854511
2020-04-22,1.0930302784512003,38.600036374420604,0.4324914952097807
2020-04-23,1.2600996733440002,44.50004193424137,0.49859770820816685
2020-04-24,1.4611492841472002,51.60004862487313,0.5781492526638519
2020-04-25,1.6027335171072004,56.60005333658565,0.6341714670692639
2020-04-26,1.8604168210944003,65.70006191190242,0.7361318972871137
2020-04-27,2.4862191307776005,87.80008273767173,0.9837500849590348
2020-04-28,3.9926753694720007,141.00013287029287,1.5798264462326186
2020-04-29,4.870497613824001,172.00016208291046,1.927164175546173
2020-04-30,6.258023096832001,221.00020825769306,2.4761818767192105
2020-05-01,7.334063267328001,259.00024406670815,2.901950706200342
2020-05-02,8.268519204864,292.00027516401076,3.271697321276061
2020-05-03,8.948123523072,316.0002977802308,3.5406039504220383
2020-05-04,8.749905596928002,309.0002911838333,3.462172850254462
2020-05-05,6.824360028672001,241.00022710454314,2.700270734340859
2020-05-06,6.796043182080001,240.00022616220062,2.689066291459776
2020-05-07,7.220795880960001,255.00024029733817,2.857132934676012
2020-05-08,7.220795880960001,255.00024029733817,2.857132934676012
2020-05-09,7.079211648000001,250.00023558562566,2.8011107202706005
2020-05-10,7.305746420736001,258.0002431243657,2.8907462633192593
2020-05-11,7.872083352576001,278.0002619712157,3.1148351209409078
2020-05-12,8.240202358272,291.00027422166823,3.2604928783949787
2020-05-13,8.551687670784002,302.00028458743583,3.3837417500868856
2020-05-14,8.353469744640002,295.0002779910383,3.3053106499193086
2020-05-15,7.928717045760001,280.0002638559007,3.1372440067030722
2020-05-16,8.296836051456001,293.0002761063533,3.2829017641571436
2020-05-17,9.769312074240002,345.0003251081634,3.8655327939734283
2020-05-18,12.374461960704002,437.0004118036736,4.89634153903301
2020-05-19,14.696443381248002,519.0004890757589,5.815105855281766
2020-05-20,15.177829773312002,536.0005050955814,6.005581384260166
2020-05-21,13.365551591424001,472.0004447856612,5.288497039870893
2020-05-22,10.873669091328,384.000361859521,4.302506066335641
2020-05-23,10.052480540160001,355.0003345315884,3.9775772227842525
2020-05-24,8.863172983296002,313.0002949532033,3.5069906217787916
2020-05-25,7.164162187776001,253.00023841265315,2.8347240489138477
2020-05-26,6.286339943424001,222.00020920003558,2.487386319600293
2020-05-27,7.305746420736001,258.0002431243657,2.8907462633192593
2020-05-28,9.174658295808001,324.00030531897085,3.630239493470698
2020-05-29,11.524956562944002,407.0003835333986,4.560208252600537
2020-05-30,13.988522216448002,494.0004655171963,5.534994783254707
2020-05-31,15.857434091520002,560.0005277118014,6.2744880134061445
2020-06-01,16.083968864256004,568.0005352505416,6.364123556454804
2020-06-02,15.319414006272002,541.0005098072938,6.061603598665579
2020-06-03,13.167333665280003,465.0004381892637,5.210065939703317
2020-06-04,11.355055483392002,401.00037787934355,4.492981595314043
2020-06-05,10.533866932224,372.0003505514109,4.168052751762652
2020-06-06,11.411689176576001,403.00037976402854,4.515390481076207
2020-06-07,10.562183778816001,373.00035149375344,4.179257194643736
2020-06-08,9.089707756032002,321.0003024919434,3.5966261648274513
2020-06-09,8.268519204864,292.00027516401076,3.271697321276061
2020-06-10,6.626142102528001,234.00022050814562,2.6218396341732815
2020-06-11,5.663369318400001,200.0001884685005,2.2408885762164803
2020-06-12,5.606735625216001,198.00018658381552,2.218479690454316
2020-06-13,6.484557869568001,229.0002157964331,2.56581741976787
2020-06-14,6.824360028672001,241.00022710454314,2.700270734340859
2020-06-15,6.654458949120001,235.0002214504881,2.633044077054364
2020-06-16,5.493468238848001,194.0001828144455,2.173661918929986
2020-06-17,5.691686164992001,201.00018941084303,2.2520930190975625
2020-06-18,6.031488324096001,213.00020071895307,2.3865463336705517
2020-06-19,5.663369318400001,200.0001884685005,2.2408885762164803
2020-06-20,4.445744914944001,157.00014794777292,1.759097532329937
2020-06-21,3.9077248296960008,138.00013004326536,1.5462131175893714
2020-06-22,3.6245563637760005,128.00012061984035,1.4341686887785474
2020-06-23,3.6245563637760005,128.00012061984035,1.4341686887785474
2020-06-24,3.5112889774080007,124.00011685047033,1.3893509172542178
2020-06-25,3.3980215910400005,120.00011308110031,1.344533145729888
2020-06-26,3.1714868183040004,112.00010554236029,1.2548976026812289
2020-06-27,3.2281205114880005,114.0001074270453,1.2773064884433938
2020-06-28,2.9732688921600006,105.00009894596278,1.176466502513652
2020-06-29,2.6731103182848006,94.40008895713225,1.0576994079741786
2020-06-30,2.5371894546432,89.60008443388823,1.003918082144983
2020-07-01,2.1492486563328006,75.90007152379596,0.8504172146741543
2020-07-02,1.9198821989376003,67.80006389082168,0.7596612273373867
2020-07-03,1.8802386137088005,66.40006257154218,0.7439750073038716
2020-07-04,1.9057237756416001,67.30006341965041,0.7540590058968455
2020-07-05,2.0076644233728005,70.90006681208344,0.7943950002687422
2020-07-06,1.7641395426816002,62.300058707937914,0.6980367914914336
2020-07-07,1.6253869943808001,57.40005409045965,0.6431350213741298
2020-07-08,1.5177829773312004,53.600050509558145,0.6005581384260168
2020-07-09,1.3960205369856,49.30004645748537,0.5523790340373623
2020-07-10,1.2997432585728002,45.90004325352087,0.5142839282416822
2020-07-11,1.2714264119808,44.90004231117836,0.5030794853605998
2020-07-12,1.2034659801600003,42.50004004955636,0.4761888224460021
2020-07-13,1.1638223949312003,41.100038730276864,0.46050260241248675
2020-07-14,1.2091293494784003,42.70004023802487,0.4784297110222186
2020-07-15,1.3025749432320002,46.00004334775512,0.5154043725297904
2020-07-16,1.1411689176576,40.300037976402855,0.45153904810762074
2020-07-17,1.0533866932224003,37.2000350551411,0.41680527517626537
2020-07-18,0.9967530000384003,35.200033170456095,0.3943963894141006
2020-07-19,0.9202975142400002,32.500030626131334,0.36414439363517803
2020-07-20,0.8608321363968001,30.40002864721208,0.340615063584905
2020-07-21,0.7815449659392002,27.600026008653074,0.3092426235178743
2020-07-22,0.7588914886656002,26.800025254779072,0.3002790692130084
2020-07-23,0.7645548579840001,27.000025443247573,0.30251995778922486
2020-07-24,0.7872083352576001,27.800026197121575,0.31148351209409075
2020-07-25,0.7843766505984001,27.70002610288732,0.3103630678059825
2020-07-26,0.7645548579840001,27.000025443247573,0.30251995778922486
2020-07-27,0.7079211648000001,25.000023558562564,0.28011107202706004
2020-07-28,0.7079211648000001,25.000023558562564,0.28011107202706004
2020-07-29,0.7107528494592001,25.100023652796818,0.2812315163151683
2020-07-30,0.6427924176384001,22.70002139117481,0.25434085340057055
2020-07-31,0.6031488324096002,21.300020071895307,0.23865463336705517
2020-08-01,0.5748319858176001,20.300019129552805,0.22745019048597273
2020-08-02,0.5635052471808001,19.9000187526158,0.22296841333353978
2020-08-03,0.5465151392256001,19.300018187210302,0.21624574760489035
2020-08-04,0.5238616619520001,18.5000174333363,0.20728219330002445
2020-08-05,0.5012081846784,17.700016679462294,0.19831863899515847
2020-08-06,0.4813863920640001,17.000016019822546,0.19047552897840084
2020-08-07,0.45873291479040007,16.200015265948544,0.1815119746735349
2020-08-08,0.44174280683520006,15.60001470054304,0.17478930894488545
2020-08-09,0.43041606819840006,15.20001432360604,0.1703075317924525
2020-08-10,0.4190893295616001,14.80001394666904,0.16582575464001956
2020-08-11,0.4105942755840001,14.500013663966289,0.1624644217756948
2020-08-12,0.3992675369472001,14.100013287029288,0.15798264462326186
2020-08-13,0.39643585228800005,14.000013192795036,0.1568622003351536
2020-08-14,0.38510911365120004,13.600012815858035,0.15238042318272066
2020-08-15,0.3794457443328001,13.400012627389536,0.1501395346065042
2020-08-16,0.36811900569600003,13.000012250452533,0.1456577574540712
2020-08-17,0.3624556363776001,12.800012061984035,0.14341686887785476
2020-08-18,0.35962395171840006,12.700011967749782,0.1422964245897465
2020-08-19,0.35396058240000006,12.500011779281282,0.14005553601353002
2020-08-20,0.3511288977408001,12.400011685047033,0.1389350917254218
2020-08-21,0.36528732103680006,12.900012156218283,0.14453731316596297
2020-08-22,0.3511288977408001,12.400011685047033,0.1389350917254218
2020-08-23,0.33697047444480005,11.90001121387578,0.13333287028488058
2020-08-24,0.33130710512640005,11.70001102540728,0.1310919817086641
2020-08-25,0.3341387897856001,11.800011119641532,0.13221242599677233
2020-08-26,0.3341387897856001,11.800011119641532,0.13221242599677233
2020-08-27,0.33697047444480005,11.90001121387578,0.13333287028488058
2020-08-28,0.339802159104,12.00001130811003,0.13445331457298879
2020-08-29,0.4332477528576001,15.300014417840291,0.17142797608056076
2020-08-30,0.4219210142208001,14.90001404090329,0.1669461989281278
2020-08-31,0.3907724829696001,13.800013004326537,0.15462131175893715
2020-09-01,0.4389111221760001,15.500014606308792,0.17366886465677722
2020-09-02,0.3879407983104,13.700012910092283,0.1535008674708289
2020-09-03,0.35396058240000006,12.500011779281282,0.14005553601353002
2020-09-04,0.3284754204672,11.60001093117303,0.12997153742055584
2020-09-05,0.31148531251200007,11.00001036576753,0.12324887169190642
2020-09-06,0.2916635198976001,10.300009706127778,0.11540576167514874
2020-09-07,0.27552291734016005,9.73000916899255,0.10901922923293177
2020-09-08,0.29449520455680006,10.400009800362028,0.11652620596325698
2020-09-09,0.32564373580800005,11.50001083693878,0.1288510931324476
2020-09-10,0.3341387897856001,11.800011119641532,0.13221242599677233
2020-09-11,0.3454655284224,12.200011496578531,0.1366942031492053
2020-09-12,0.34263384376320005,12.10001140234428,0.13557375886109704
2020-09-13,0.32564373580800005,11.50001083693878,0.1288510931324476
2020-09-14,0.31431699717120004,11.100010460001778,0.12436931598001465
2020-09-15,0.3001585738752,10.600009988830527,0.11876709453947344
2020-09-16,0.2916635198976001,10.300009706127778,0.11540576167514874
2020-09-17,0.28600015057920003,10.100009517659275,0.11316487309893225
2020-09-18,0.28175262359040004,9.9500093763079,0.11148420666676989
2020-09-19,0.27693875966976,9.780009216109674,0.10957945137698587
2020-09-20,0.28316846592000006,10.000009423425027,0.112044428810824
2020-09-21,0.27750509660160005,9.800009234956526,0.10980354023460753
2020-09-22,0.2746734119424,9.700009140722274,0.10868309594649928
2020-09-23,0.27637242273792,9.760009197262825,0.10935536251936422
2020-09-24,0.27240806421504,9.620009065334873,0.10778674051601267
2020-09-25,0.2678773687603201,9.460008914560076,0.10599402965503954
2020-09-26,0.26476251563520004,9.350008810902398,0.10476154093812044
2020-09-27,0.2607981571123201,9.21000867897445,0.10319291893476892
2020-09-28,0.26419617870336004,9.33000879205555,0.1045374520804988
2020-09-29,0.27325756961280007,9.650009093605151,0.10812287380244517
2020-09-30,0.27608925427200004,9.7500091878394,0.10924331809055342
2020-10-01,0.27212489574912,9.61000905591145,0.10767469608720187
2020-10-02,0.27042588495360004,9.550008999370899,0.10700242951433692
2020-10-03,0.27325756961280007,9.650009093605151,0.10812287380244517
2020-10-04,0.27042588495360004,9.550008999370899,0.10700242951433692
2020-10-05,0.26929321108992005,9.5100089616772,0.10655425179909364
2020-10-06,0.26844370569216003,9.480008933406925,0.10621811851266115
2020-10-07,0.26872687415808005,9.49000894283035,0.10633016294147199
2020-10-08,0.26844370569216003,9.480008933406925,0.10621811851266115
2020-10-09,0.26872687415808005,9.49000894283035,0.10633016294147199
2020-10-10,0.28260212898816006,9.980009404578176,0.11182033995320238
2020-10-11,0.29732688921600003,10.500009894596277,0.1176466502513652
2020-10-12,0.30582194319360007,10.80001017729903,0.12100798311568993
2020-10-13,0.32281205114880007,11.40001074270453,0.12773064884433938
2020-10-14,0.3171486818304,11.200010554236028,0.12548976026812286
2020-10-15,0.3001585738752,10.600009988830527,0.11876709453947344
2020-10-16,0.28316846592000006,10.000009423425027,0.112044428810824
2020-10-17,0.3001585738752,10.600009988830527,0.11876709453947344
2020-10-18,0.29449520455680006,10.400009800362028,0.11652620596325698
2020-10-19,0.2888318352384,10.200009611893526,0.11428531738704047
2020-10-20,0.28600015057920003,10.100009517659275,0.11316487309893225
2020-10-21,0.28600015057920003,10.100009517659275,0.11316487309893225
2020-10-22,0.28316846592000006,10.000009423425027,0.112044428810824
2020-10-23,0.2746734119424,9.700009140722274,0.10868309594649928
2020-10-24,0.28600015057920003,10.100009517659275,0.11316487309893225
2020-10-25,0.2888318352384,10.200009611893526,0.11428531738704047
2020-10-26,0.2888318352384,10.200009611893526,0.11428531738704047
2020-10-27,0.27920410739712004,9.860009291497075,0.11047580680747247
2020-10-28,0.29449520455680006,10.400009800362028,0.11652620596325698
2020-10-29,0.30582194319360007,10.80001017729903,0.12100798311568993
2020-10-30,0.30865362785280004,10.900010271533278,0.12212842740379817
2020-10-31,0.30865362785280004,10.900010271533278,0.12212842740379817
2020-11-01,0.30582194319360007,10.80001017729903,0.12100798311568993
2020-11-02,0.30865362785280004,10.900010271533278,0.12212842740379817
2020-11-03,0.30865362785280004,10.900010271533278,0.12212842740379817
2020-11-04,0.31148531251200007,11.00001036576753,0.12324887169190642
2020-11-05,0.31148531251200007,11.00001036576753,0.12324887169190642
2020-11-06,0.31148531251200007,11.00001036576753,0.12324887169190642
2020-11-07,0.31148531251200007,11.00001036576753,0.12324887169190642
2020-11-08,0.3284754204672,11.60001093117303,0.12997153742055584
2020-11-09,0.30865362785280004,10.900010271533278,0.12212842740379817
2020-11-10,0.2916635198976001,10.300009706127778,0.11540576167514874
2020-11-11,0.28600015057920003,10.100009517659275,0.11316487309893225
2020-11-12,0.2888318352384,10.200009611893526,0.11428531738704047
2020-11-13,0.27807143353344005,9.820009253803375,0.11002762909222918
2020-11-14,0.29732688921600003,10.500009894596277,0.1176466502513652
2020-11-15,0.2888318352384,10.200009611893526,0.11428531738704047
2020-11-16,0.3001585738752,10.600009988830527,0.11876709453947344
2020-11-17,0.30299025853440004,10.700010083064777,0.11988753882758169
2020-11-18,0.30865362785280004,10.900010271533278,0.12212842740379817
2020-11-19,0.31148531251200007,11.00001036576753,0.12324887169190642
2020-11-20,0.31431699717120004,11.100010460001778,0.12436931598001465
2020-11-21,0.3171486818304,11.200010554236028,0.12548976026812286
2020-11-22,0.29732688921600003,10.500009894596277,0.1176466502513652
2020-11-23,0.30865362785280004,10.900010271533278,0.12212842740379817
2020-11-24,0.3001585738752,10.600009988830527,0.11876709453947344
2020-11-25,0.2803367812608,9.900009329190775,0.11092398452271578
2020-11-26,0.27580608580608007,9.740009178415976,0.10913127366174259
2020-11-27,0.28175262359040004,9.9500093763079,0.11148420666676989
2020-11-28,0.26391301023744007,9.320008782632126,0.104425407651688
2020-11-29,0.26306350483968,9.290008754361848,0.10408927436525549
2020-11-30,0.25570112472576,9.030008509352797,0.10117611921617407
2020-12-01,0.26221399944192003,9.260008726091574,0.10375314107882302
2020-12-02,0.25881597785088006,9.140008613010474,0.10240860793309316
2020-12-03,0.25088726080512,8.860008349154572,0.09927136392639006
2020-12-04,0.25881597785088006,9.140008613010474,0.10240860793309316
2020-12-05,0.26731103182848004,9.440008895713225,0.10576994079741786
2020-12-06,0.27750509660160005,9.800009234956526,0.10980354023460753
2020-12-07,0.28175262359040004,9.9500093763079,0.11148420666676989
2020-12-08,0.27722192813568003,9.7900092255331,0.10969149580579671
2020-12-09,0.27155855881728,9.590009037064599,0.10745060722958022
2020-12-10,0.28600015057920003,10.100009517659275,0.11316487309893225
2020-12-11,0.29449520455680006,10.400009800362028,0.11652620596325698
2020-12-12,0.2916635198976001,10.300009706127778,0.11540576167514874
2020-12-13,0.28260212898816006,9.980009404578176,0.11182033995320238
2020-12-14,0.2888318352384,10.200009611893526,0.11428531738704047
2020-12-15,0.29732688921600003,10.500009894596277,0.1176466502513652
2020-12-16,0.29449520455680006,10.400009800362028,0.11652620596325698
2020-12-17,0.2888318352384,10.200009611893526,0.11428531738704047
2020-12-18,0.29732688921600003,10.500009894596277,0.1176466502513652
2020-12-19,0.29732688921600003,10.500009894596277,0.1176466502513652
2020-12-20,0.29449520455680006,10.400009800362028,0.11652620596325698
2020-12-21,0.3001585738752,10.600009988830527,0.11876709453947344
2020-12-22,0.3001585738752,10.600009988830527,0.11876709453947344
2020-12-23,0.28600015057920003,10.100009517659275,0.11316487309893225
2020-12-24,0.26249716790784,9.270008735514997,0.10386518550763384
2020-12-25,0.27608925427200004,9.7500091878394,0.10924331809055342
2020-12-26,0.29732688921600003,10.500009894596277,0.1176466502513652
2020-12-27,0.30582194319360007,10.80001017729903,0.12100798311568993
2020-12-28,0.3001585738752,10.600009988830527,0.11876709453947344
2020-12-29,0.3001585738752,10.600009988830527,0.11876709453947344
2020-12-30,0.28600015057920003,10.100009517659275,0.11316487309893225
2020-12-31,0.30582194319360007,10.80001017729903,0.12100798311568993
2021-01-01,0.30299025853440004,10.700010083064777,0.11988753882758169
2021-01-02,0.29732688921600003,10.500009894596277,0.1176466502513652
2021-01-03,0.30299025853440004,10.700010083064777,0.11988753882758169
2021-01-04,0.30582194319360007,10.80001017729903,0.12100798311568993
2021-01-05,0.30582194319360007,10.80001017729903,0.12100798311568993
2021-01-06,0.30582194319360007,10.80001017729903,0.12100798311568993
2021-01-07,0.30582194319360007,10.80001017729903,0.12100798311568993
2021-01-08,0.3001585738752,10.600009988830527,0.11876709453947344
2021-01-09,0.29732688921600003,10.500009894596277,0.1176466502513652
2021-01-10,0.29449520455680006,10.400009800362028,0.11652620596325698
2021-01-11,0.2888318352384,10.200009611893526,0.11428531738704047
2021-01-12,0.2888318352384,10.200009611893526,0.11428531738704047
2021-01-13,0.3001585738752,10.600009988830527,0.11876709453947344
2021-01-14,0.30582194319360007,10.80001017729903,0.12100798311568993
2021-01-15,0.2916635198976001,10.300009706127778,0.11540576167514874
2021-01-16,0.2916635198976001,10.300009706127778,0.11540576167514874
2021-01-17,0.2916635198976001,10.300009706127778,0.11540576167514874
2021-01-18,0.29449520455680006,10.400009800362028,0.11652620596325698
2021-01-19,0.2888318352384,10.200009611893526,0.11428531738704047
2021-01-20,0.28600015057920003,10.100009517659275,0.11316487309893225
2021-01-21,0.2916635198976001,10.300009706127778,0.11540576167514874
2021-01-22,0.29449520455680006,10.400009800362028,0.11652620596325698
2021-01-23,0.29732688921600003,10.500009894596277,0.1176466502513652
2021-01-24,0.29449520455680006,10.400009800362028,0.11652620596325698
2021-01-25,0.2916635198976001,10.300009706127778,0.11540576167514874
2021-01-26,0.28260212898816006,9.980009404578176,0.11182033995320238
2021-01-27,0.28005361279488006,9.890009319767351,0.11081194009390495
2021-01-28,0.28600015057920003,10.100009517659275,0.11316487309893225
2021-01-29,0.2888318352384,10.200009611893526,0.11428531738704047
2021-01-30,0.29449520455680006,10.400009800362028,0.11652620596325698
2021-01-31,0.2916635198976001,10.300009706127778,0.11540576167514874
2021-02-01,0.2888318352384,10.200009611893526,0.11428531738704047
2021-02-02,0.2916635198976001,10.300009706127778,0.11540576167514874
2021-02-03,0.29449520455680006,10.400009800362028,0.11652620596325698
2021-02-04,0.29732688921600003,10.500009894596277,0.1176466502513652
2021-02-05,0.29732688921600003,10.500009894596277,0.1176466502513652
2021-02-06,0.3001585738752,10.600009988830527,0.11876709453947344
2021-02-07,0.30299025853440004,10.700010083064777,0.11988753882758169
2021-02-08,0.29732688921600003,10.500009894596277,0.1176466502513652
2021-02-09,0.2916635198976001,10.300009706127778,0.11540576167514874
2021-02-10,0.3001585738752,10.600009988830527,0.11876709453947344
2021-02-11,0.3001585738752,10.600009988830527,0.11876709453947344
2021-02-12,0.30299025853440004,10.700010083064777,0.11988753882758169
2021-02-13,0.30865362785280004,10.900010271533278,0.12212842740379817
2021-02-14,0.29732688921600003,10.500009894596277,0.1176466502513652
2021-02-15,0.26532885256704003,9.37000882974925,0.1049856297957421
2021-02-16,0.3001585738752,10.600009988830527,0.11876709453947344
2021-02-17,0.29732688921600003,10.500009894596277,0.1176466502513652
2021-02-18,0.27014271648768,9.540008989947474,0.10689038508552609
2021-02-19,0.2752397488742401,9.720009159569127,0.10890718480412094
2021-02-20,0.2916635198976001,10.300009706127778,0.11540576167514874
2021-02-21,0.28600015057920003,10.100009517659275,0.11316487309893225
2021-02-22,0.2916635198976001,10.300009706127778,0.11540576167514874
2021-02-23,0.27552291734016005,9.73000916899255,0.10901922923293177
2021-02-24,0.2752397488742401,9.720009159569127,0.10890718480412094
2021-02-25,0.28600015057920003,10.100009517659275,0.11316487309893225
2021-02-26,0.27693875966976,9.780009216109674,0.10957945137698587
2021-02-27,0.27665559120384003,9.77000920668625,0.10946740694817506
2021-02-28,0.25598429319168003,9.040008518776224,0.10128816364498491
2021-03-01,0.26419617870336004,9.33000879205555,0.1045374520804988
2021-03-02,0.27070905341952006,9.560009008794326,0.10711447394314776
2021-03-03,0.27042588495360004,9.550008999370899,0.10700242951433692
2021-03-04,0.27212489574912,9.61000905591145,0.10767469608720187
2021-03-05,0.2888318352384,10.200009611893526,0.11428531738704047
2021-03-06,0.2888318352384,10.200009611893526,0.11428531738704047
2021-03-07,0.30865362785280004,10.900010271533278,0.12212842740379817
2021-03-08,0.32564373580800005,11.50001083693878,0.1288510931324476
2021-03-09,0.32281205114880007,11.40001074270453,0.12773064884433938
2021-03-10,0.31998036648960004,11.300010648470279,0.12661020455623112
2021-03-11,0.28600015057920003,10.100009517659275,0.11316487309893225
2021-03-12,0.29732688921600003,10.500009894596277,0.1176466502513652
2021-03-13,0.30582194319360007,10.80001017729903,0.12100798311568993
2021-03-14,0.30865362785280004,10.900010271533278,0.12212842740379817
2021-03-15,0.31148531251200007,11.00001036576753,0.12324887169190642
2021-03-16,0.31148531251200007,11.00001036576753,0.12324887169190642
2021-03-17,0.31148531251200007,11.00001036576753,0.12324887169190642
2021-03-18,0.28146945512448,9.940009366884475,0.11137216223795905
2021-03-19,0.29449520455680006,10.400009800362028,0.11652620596325698
2021-03-20,0.35396058240000006,12.500011779281282,0.14005553601353002
2021-03-21,0.3907724829696001,13.800013004326537,0.15462131175893715
2021-03-22,0.36528732103680006,12.900012156218283,0.14453731316596297
2021-03-23,0.30865362785280004,10.900010271533278,0.12212842740379817
2021-03-24,0.30865362785280004,10.900010271533278,0.12212842740379817
2021-03-25,0.3171486818304,11.200010554236028,0.12548976026812286
2021-03-26,0.339802159104,12.00001130811003,0.13445331457298879
2021-03-27,0.34263384376320005,12.10001140234428,0.13557375886109704
2021-03-28,0.3341387897856001,11.800011119641532,0.13221242599677233
2021-03-29,0.31998036648960004,11.300010648470279,0.12661020455623112
2021-03-30,0.35962395171840006,12.700011967749782,0.1422964245897465
2021-03-31,0.30582194319360007,10.80001017729903,0.12100798311568993
2021-04-01,0.32281205114880007,11.40001074270453,0.12773064884433938
2021-04-02,0.4615645994496001,16.300015360182794,0.18263241896164314
2021-04-03,0.5946537784320001,21.000019789192553,0.2352933005027304
2021-04-04,0.7192479034368001,25.400023935499565,0.284592849179493
2021-04-05,0.8325152898048,29.400027704869576,0.32941062070382254
2021-04-06,0.8466737131008001,29.900028176040827,0.3350128421443638
2021-04-07,0.8749905596928,30.900029118383326,0.34621728502544613
2021-04-08,0.8466737131008001,29.900028176040827,0.3350128421443638
2021-04-09,0.8636638210560001,30.50002874144633,0.34173550787301327
2021-04-10,0.7645548579840001,27.000025443247573,0.30251995778922486
2021-04-11,0.9457826761728001,33.40003147423958,0.3742283922281522
2021-04-12,1.0307332159488,36.40003430126709,0.4078417208713994
2021-04-13,1.0533866932224003,37.2000350551411,0.41680527517626537
2021-04-14,1.0873669091328002,38.4000361859521,0.43025060663356424
2021-04-15,1.1383372329984003,40.20003788216861,0.4504186038195126
2021-04-16,0.9967530000384003,35.200033170456095,0.3943963894141006
2021-04-17,0.8155251818496001,28.800027139464074,0.32268795497517316
2021-04-18,0.5776636704768,20.40001922378705,0.22857063477408093
2021-04-19,0.6088122017280001,21.500020260363808,0.24089552194327163
2021-04-20,0.5465151392256001,19.300018187210302,0.21624574760489035
2021-04-21,0.5295250312704001,18.700017621804797,0.20952308187624089
2021-04-22,0.5550101932032001,19.600018469913053,0.21960708046921507
2021-04-23,0.4870497613824,17.200016208291043,0.19271641755461727
2021-04-24,0.47289133808640005,16.70001573711979,0.1871141961140761
2021-04-25,0.5436834545664001,19.20001809297605,0.21512530331678212
2021-04-26,0.6824360028672002,24.100022710454315,0.2700270734340859
2021-04-27,0.8608321363968001,30.40002864721208,0.340615063584905
2021-04-28,0.9372876221952002,33.10003119153684,0.3708670593638275
2021-04-29,0.8749905596928,30.900029118383326,0.34621728502544613
2021-04-30,1.0958619631104003,38.70003646865486,0.43361193949788895
2021-05-01,2.1803971875840005,77.0000725603727,0.862742101843345
2021-05-02,3.1431699717120005,111.00010460001779,1.2436931598001466
2021-05-03,2.8600015057920003,101.00009517659277,1.1316487309893224
2021-05-04,2.3871101677056004,84.30007943947297,0.9445345348752465
2021-05-05,1.9991693693952002,70.60006652938068,0.7910336674044174
2021-05-06,1.6961791108608002,59.9000564463159,0.6711461285768358
2021-05-07,2.2030506648576003,77.8000733142467,0.8717056561482107
2021-05-08,2.9449520455680003,104.00009800362027,1.1652620596325696
2021-05-09,2.6589518949888005,93.90008848596099,1.0520971865336375
2021-05-10,2.237030880768,79.0000744450577,0.8851509876055096
2021-05-11,1.9255455682560003,68.00006407929018,0.7619021159136034
2021-05-12,1.7584761733632004,62.100058519469414,0.6957959029152171
2021-05-13,1.6537038409728002,58.40005503280215,0.6543394642552122
2021-05-14,1.8490900824576002,65.30006153496542,0.7316501201346808
2021-05-15,2.6136449404416005,92.30008697821299,1.0341700779239056
2021-05-16,3.1998036648960007,113.0001064847028,1.2661020455623113
2021-05-17,3.9360416762880006,139.00013098560785,1.5574175604704539
2021-05-18,3.822774289920001,135.00012721623787,1.5125997889461242
2021-05-19,4.360794375168001,154.0001451207454,1.72548420368669
2021-05-20,5.663369318400001,200.0001884685005,2.2408885762164803
2021-05-21,6.711092642304001,237.0002233351731,2.6554529628165287
2021-05-22,6.512874716160001,230.00021673877558,2.577021862648952
2021-05-23,7.560598040064001,267.00025160544817,2.991586249249001
2021-05-24,5.691686164992001,201.00018941084303,2.2520930190975625
2021-05-25,5.946537784320001,210.00019789192555,2.352933005027304
2021-05-26,6.258023096832001,221.00020825769306,2.4761818767192105
2021-05-27,5.606735625216001,198.00018658381552,2.218479690454316
2021-05-28,6.456241022976001,228.0002148540906,2.5546129768867876
2021-05-29,6.229706250240001,220.0002073153506,2.4649774338381283
2021-05-30,6.201389403648001,219.00020637300807,2.453772990957046
2021-05-31,5.748319858176001,203.00019129552803,2.2745019048597275
2021-06-01,6.031488324096001,213.00020071895307,2.3865463336705517
2021-06-02,5.804953551360001,205.00019318021302,2.296910790621892
2021-06-03,6.512874716160001,230.00021673877558,2.577021862648952
2021-06-04,8.098618125312,286.00026950995573,3.2044706639895666
2021-06-05,8.834856136704001,312.0002940108608,3.4957861788977094
2021-06-06,8.410103437824,297.00027987572327,3.327719535681473
2021-06-07,7.588914886656001,268.0002525477907,3.002790692130083
2021-06-08,7.050894801408001,249.00023464328314,2.789906277389518
2021-06-09,6.824360028672001,241.00022710454314,2.700270734340859
2021-06-10,6.031488324096001,213.00020071895307,2.3865463336705517
2021-06-11,5.521785085440001,195.00018375678803,2.1848663618110686
2021-06-12,4.870497613824001,172.00016208291046,1.927164175546173
2021-06-13,4.417428068352001,156.0001470054304,1.7478930894488547
2021-06-14,4.105942755840001,145.00013663966288,1.6246442177569484
2021-06-15,3.7378237501440004,132.00012438921033,1.4789864603028768
2021-06-16,3.4546552842240006,122.00011496578531,1.366942031492053
2021-06-17,3.1148531251200007,110.0001036576753,1.2324887169190641
2021-06-18,2.8600015057920003,101.00009517659277,1.1316487309893224
2021-06-19,2.6193083097600005,92.5000871666815,1.0364109665001222
2021-06-20,2.3106546819072,81.6000768951482,0.9142825390963237
2021-06-21,2.0020010540544004,70.70006662361494,0.7921541116925258
2021-06-22,1.8236049205248004,64.40006068685717,0.7215661215417066
2021-06-23,1.6678622642688001,58.9000555039734,0.6599416856957534
2021-06-24,1.6338820483584002,57.7000543731624,0.6464963542384545
2021-06-25,2.1690704489472004,76.6000721834357,0.858260324690912
2021-06-26,2.1888922415616,77.30007284307544,0.8661034347076695
2021-06-27,1.9000604063232,67.10006323118192,0.7518181173206291
2021-06-28,1.6508721563136002,58.3000549385679,0.653219019967104
2021-06-29,1.4356641222144002,50.70004777676488,0.5680652540708777
2021-06-30,1.3790304290304003,48.70004589207988,0.545656368308713
2021-07-01,1.3875254830080002,49.000046174782625,0.5490177011730376
2021-07-02,1.3450502131200002,47.500044761268875,0.532211036851414
2021-07-03,1.2855848352768002,45.40004278234962,0.5086817068011411
2021-07-04,1.1326738636800002,40.00003769370011,0.448177715243296
2021-07-05,1.0533866932224003,37.2000350551411,0.41680527517626537
2021-07-06,1.0024163693568,35.40003335892459,0.39663727799031695
2021-07-07,0.9061390909440001,32.000030154960086,0.35854217219463685
2021-07-08,0.8410103437824001,29.700027987572327,0.33277195356814726
2021-07-09,0.7815449659392002,27.600026008653074,0.3092426235178743
2021-07-10,0.7164162187776001,25.300023841265315,0.2834724048913847
2021-07-11,0.6654458949120001,23.500022145048813,0.26330440770543645
2021-07-12,0.6371290483200001,22.500021202706307,0.25209996482435404
2021-07-13,0.6201389403648001,21.90002063730081,0.24537729909570458
2021-07-14,0.6371290483200001,22.500021202706307,0.25209996482435404
2021-07-15,0.7843766505984001,27.70002610288732,0.3103630678059825
2021-07-16,0.7192479034368001,25.400023935499565,0.284592849179493
2021-07-17,0.6484557869568001,22.900021579643308,0.25658174197678696
2021-07-18,0.6003171477504,21.200019977661054,0.23753418907894688
2021-07-19,0.5550101932032001,19.600018469913053,0.21960708046921507
2021-07-20,0.5295250312704001,18.700017621804797,0.20952308187624089
2021-07-21,0.5125349233152001,18.1000170563993,0.2028004161475915
2021-07-22,0.5125349233152001,18.1000170563993,0.2028004161475915
2021-07-23,0.5833270397952002,20.600019412255556,0.23081152335029748
2021-07-24,0.5408517699072001,19.100017998741798,0.21400485902867383
2021-07-25,0.4898814460416001,17.300016302525297,0.19383686184272556
2021-07-26,0.4615645994496001,16.300015360182794,0.18263241896164314
2021-07-27,0.4389111221760001,15.500014606308792,0.17366886465677722
2021-07-28,0.42758438353920003,15.100014229371789,0.16918708750434425
2021-07-29,0.44174280683520006,15.60001470054304,0.17478930894488545
2021-07-30,0.5748319858176001,20.300019129552805,0.22745019048597273
2021-07-31,0.6371290483200001,22.500021202706307,0.25209996482435404
2021-08-01,0.5889904091136001,20.800019600724056,0.23305241192651396
2021-08-02,0.6031488324096002,21.300020071895307,0.23865463336705517
2021-08-03,1.2006342955008,42.40003995532211,0.47506837815789377
2021-08-04,1.0165747926528002,35.90003383009584,0.4022394994308582
2021-08-05,0.7390696960512001,26.100024595139317,0.29243595919625065
2021-08-06,0.6088122017280001,21.500020260363808,0.24089552194327163
2021-08-07,0.5635052471808001,19.9000187526158,0.22296841333353978
2021-08-08,0.5181982926336001,18.300017244867796,0.20504130472380794
2021-08-09,0.4813863920640001,17.000016019822546,0.19047552897840084
2021-08-10,0.45873291479040007,16.200015265948544,0.1815119746735349
2021-08-11,0.4389111221760001,15.500014606308792,0.17366886465677722
2021-08-12,0.4162576449024,14.700013852434788,0.16470531035191127
2021-08-13,0.4049309062656001,14.300013475497789,0.16022353319947832
2021-08-14,0.4049309062656001,14.300013475497789,0.16022353319947832
2021-08-15,0.3907724829696001,13.800013004326537,0.15462131175893715
2021-08-16,0.3936041676288001,13.900013098560787,0.15574175604704538
2021-08-17,0.38510911365120004,13.600012815858035,0.15238042318272066
2021-08-18,0.37095069035520006,13.100012344686784,0.14677820174217945
2021-08-19,0.4049309062656001,14.300013475497789,0.16022353319947832
2021-08-20,0.4898814460416001,17.300016302525297,0.19383686184272556
2021-08-21,0.4559012301312001,16.100015171714293,0.18039153038542666
2021-08-22,0.4219210142208001,14.90001404090329,0.1669461989281278
2021-08-23,0.3879407983104,13.700012910092283,0.1535008674708289
2021-08-24,0.35962395171840006,12.700011967749782,0.1422964245897465
2021-08-25,0.33697047444480005,11.90001121387578,0.13333287028488058
2021-08-26,0.32564373580800005,11.50001083693878,0.1288510931324476
2021-08-27,0.32564373580800005,11.50001083693878,0.1288510931324476
2021-08-28,0.30865362785280004,10.900010271533278,0.12212842740379817
2021-08-29,0.29732688921600003,10.500009894596277,0.1176466502513652
2021-08-30,0.28146945512448,9.940009366884475,0.11137216223795905
2021-08-31,0.27665559120384003,9.77000920668625,0.10946740694817506
2021-09-01,0.27693875966976,9.780009216109674,0.10957945137698587
2021-09-02,0.33130710512640005,11.70001102540728,0.1310919817086641
2021-09-03,0.34263384376320005,12.10001140234428,0.13557375886109704
2021-09-04,0.33697047444480005,11.90001121387578,0.13333287028488058
2021-09-05,0.31148531251200007,11.00001036576753,0.12324887169190642
2021-09-06,0.29449520455680006,10.400009800362028,0.11652620596325698
2021-09-07,0.27863777046528004,9.840009272650226,0.11025171794985082
2021-09-08,0.26731103182848004,9.440008895713225,0.10576994079741786
2021-09-09,0.25740013552128005,9.09000856589335,0.10184838578903903
2021-09-10,0.24862191307776002,8.780008273767173,0.09837500849590348
2021-09-11,0.24465755455488006,8.640008141839223,0.09680638649255195
2021-09-12,0.24692290228224006,8.720008217226624,0.09770274192303854
2021-09-13,0.24579022841856002,8.680008179532923,0.09725456420779523
2021-09-14,0.24607339688448002,8.690008188956346,0.09736660863660607
2021-09-15,0.25315260853248,8.940008424541972,0.10016771935687666
2021-09-16,0.24041002756608004,8.490008000487848,0.09512572006038958
2021-09-17,0.23587933211136003,8.330007849713047,0.0933330091994164
2021-09-18,0.23418032131584002,8.270007793172496,0.09266074262655145
2021-09-19,0.25230310313472004,8.910008396271698,0.09983158607044419
2021-09-20,0.31998036648960004,11.300010648470279,0.12661020455623112
2021-09-21,0.2888318352384,10.200009611893526,0.11428531738704047
2021-09-22,0.27722192813568003,9.7900092255331,0.10969149580579671
2021-09-23,0.26306350483968,9.290008754361848,0.10408927436525549
2021-09-24,0.25966548324864,9.170008641280749,0.10274474121952562
2021-09-25,0.24833874461184002,8.770008264343748,0.09826296406709265
2021-09-26,0.24324171222528004,8.590008094722098,0.09624616434849782
2021-09-27,0.24069319603200004,8.500008009911273,0.09523776448920042
2021-09-28,0.2540021139302401,8.97000845281225,0.10050385264330916
2021-09-29,0.339802159104,12.00001130811003,0.13445331457298879
2021-09-30,0.3341387897856001,11.800011119641532,0.13221242599677233
2021-10-01,0.32281205114880007,11.40001074270453,0.12773064884433938
2021-10-02,0.339802159104,12.00001130811003,0.13445331457298879
2021-10-03,0.3171486818304,11.200010554236028,0.12548976026812286
2021-10-04,0.30582194319360007,10.80001017729903,0.12100798311568993
2021-10-05,0.29732688921600003,10.500009894596277,0.1176466502513652
2021-10-06,0.2916635198976001,10.300009706127778,0.11540576167514874
2021-10-07,0.29449520455680006,10.400009800362028,0.11652620596325698
2021-10-08,0.2916635198976001,10.300009706127778,0.11540576167514874
2021-10-09,0.36528732103680006,12.900012156218283,0.14453731316596297
2021-10-10,0.39643585228800005,14.000013192795036,0.1568622003351536
2021-10-11,0.36811900569600003,13.000012250452533,0.1456577574540712
2021-10-12,0.35679226705920003,12.600011873515532,0.14117598030163825
2021-10-13,0.35396058240000006,12.500011779281282,0.14005553601353002
2021-10-14,0.37095069035520006,13.100012344686784,0.14677820174217945
2021-10-15,0.3794457443328001,13.400012627389536,0.1501395346065042
2021-10-16,0.3794457443328001,13.400012627389536,0.1501395346065042
2021-10-17,0.4049309062656001,14.300013475497789,0.16022353319947832
2021-10-18,0.4105942755840001,14.500013663966289,0.1624644217756948
2021-10-19,0.4162576449024,14.700013852434788,0.16470531035191127
2021-10-20,0.3879407983104,13.700012910092283,0.1535008674708289
2021-10-21,0.37095069035520006,13.100012344686784,0.14677820174217945
2021-10-22,0.36528732103680006,12.900012156218283,0.14453731316596297
2021-10-23,0.36528732103680006,12.900012156218283,0.14453731316596297
2021-10-24,0.38510911365120004,13.600012815858035,0.15238042318272066
2021-10-25,0.38510911365120004,13.600012815858035,0.15238042318272066
2021-10-26,0.4190893295616001,14.80001394666904,0.16582575464001956
2021-10-27,0.4389111221760001,15.500014606308792,0.17366886465677722
2021-10-28,0.42475269888000006,15.000014135137539,0.168066643216236
2021-10-29,0.4049309062656001,14.300013475497789,0.16022353319947832
2021-10-30,0.43607943751680006,15.40001451207454,0.172548420368669
2021-10-31,0.4502378608128001,15.900014983245793,0.17815064180921017
2021-11-01,0.49837650001920014,17.600016585228047,0.1971981947070503
2021-11-02,0.5351884005888,18.900017810273297,0.21176397045245737
2021-11-03,0.5295250312704001,18.700017621804797,0.20952308187624089
2021-11-04,0.47855470740480005,16.900015925588292,0.18935508469029255
2021-11-05,0.47005965342720013,16.600015642885545,0.1859937518259679
2021-11-06,0.46722796876800005,16.50001554865129,0.1848733075378596
2021-11-07,0.47005965342720013,16.600015642885545,0.1859937518259679
2021-11-08,0.46722796876800005,16.50001554865129,0.1848733075378596
2021-11-09,0.45873291479040007,16.200015265948544,0.1815119746735349
2021-11-10,0.4615645994496001,16.300015360182794,0.18263241896164314
2021-11-11,0.43607943751680006,15.40001451207454,0.172548420368669
2021-11-12,0.4332477528576001,15.300014417840291,0.17142797608056076
2021-11-13,0.4332477528576001,15.300014417840291,0.17142797608056076
2021-11-14,0.43607943751680006,15.40001451207454,0.172548420368669
2021-11-15,0.4332477528576001,15.300014417840291,0.17142797608056076
2021-11-16,0.4332477528576001,15.300014417840291,0.17142797608056076
2021-11-17,0.42758438353920003,15.100014229371789,0.16918708750434425
2021-11-18,0.2888318352384,10.200009611893526,0.11428531738704047
2021-11-19,0.26391301023744007,9.320008782632126,0.104425407651688
2021-11-20,0.35679226705920003,12.600011873515532,0.14117598030163825
2021-11-21,0.30299025853440004,10.700010083064777,0.11988753882758169
2021-11-22,0.20756248551936005,7.330006907370545,0.08212856631833401
2021-11-23,0.25371894546432006,8.960008443388825,0.10039180821449832
2021-11-24,0.30865362785280004,10.900010271533278,0.12212842740379817
2021-11-25,0.19255455682560002,6.8000064079290174,0.07619021159136033
2021-11-26,0.21973872955392001,7.7600073125778195,0.08694647675719944
2021-11-27,0.3341387897856001,11.800011119641532,0.13221242599677233
2021-11-28,0.35962395171840006,12.700011967749782,0.1422964245897465
2021-11-29,0.35962395171840006,12.700011967749782,0.1422964245897465
2021-11-30,0.35396058240000006,12.500011779281282,0.14005553601353002
2021-12-01,0.3454655284224,12.200011496578531,0.1366942031492053
2021-12-02,0.34263384376320005,12.10001140234428,0.13557375886109704
2021-12-03,0.34263384376320005,12.10001140234428,0.13557375886109704
2021-12-04,0.339802159104,12.00001130811003,0.13445331457298879
2021-12-05,0.3341387897856001,11.800011119641532,0.13221242599677233
2021-12-06,0.38510911365120004,13.600012815858035,0.15238042318272066
2021-12-07,0.35396058240000006,12.500011779281282,0.14005553601353002
2021-12-08,0.3454655284224,12.200011496578531,0.1366942031492053
2021-12-09,0.35962395171840006,12.700011967749782,0.1422964245897465
2021-12-10,0.34263384376320005,12.10001140234428,0.13557375886109704
2021-12-11,0.30865362785280004,10.900010271533278,0.12212842740379817
2021-12-12,0.37095069035520006,13.100012344686784,0.14677820174217945
2021-12-13,0.3794457443328001,13.400012627389536,0.1501395346065042
2021-12-14,0.38227742899200007,13.500012721623786,0.15125997889461243
2021-12-15,0.3879407983104,13.700012910092283,0.1535008674708289
2021-12-16,0.38510911365120004,13.600012815858035,0.15238042318272066
2021-12-17,0.39643585228800005,14.000013192795036,0.1568622003351536
2021-12-18,0.38227742899200007,13.500012721623786,0.15125997889461243
2021-12-19,0.38227742899200007,13.500012721623786,0.15125997889461243
2021-12-20,0.38227742899200007,13.500012721623786,0.15125997889461243
2021-12-21,0.38510911365120004,13.600012815858035,0.15238042318272066
2021-12-22,0.38227742899200007,13.500012721623786,0.15125997889461243
2021-12-23,0.3879407983104,13.700012910092283,0.1535008674708289
2021-12-24,0.3936041676288001,13.900013098560787,0.15574175604704538
2021-12-25,0.3879407983104,13.700012910092283,0.1535008674708289
2021-12-26,0.38510911365120004,13.600012815858035,0.15238042318272066
2021-12-27,0.38510911365120004,13.600012815858035,0.15238042318272066
2021-12-28,0.3907724829696001,13.800013004326537,0.15462131175893715
2021-12-29,0.3907724829696001,13.800013004326537,0.15462131175893715
2021-12-30,0.3907724829696001,13.800013004326537,0.15462131175893715
2021-12-31,0.3907724829696001,13.800013004326537,0.15462131175893715
2022-01-01,0.37661405967360007,13.300012533155286,0.14901909031839594
2022-01-02,0.27354073807872004,9.660009103028575,0.108234918231256
2022-01-03,0.35962395171840006,12.700011967749782,0.1422964245897465
2022-01-04,0.3992675369472001,14.100013287029288,0.15798264462326186
2022-01-05,0.40209922160640005,14.200013381263537,0.1591030889113701
2022-01-06,0.40209922160640005,14.200013381263537,0.1591030889113701
2022-01-07,0.40209922160640005,14.200013381263537,0.1591030889113701
2022-01-08,0.3794457443328001,13.400012627389536,0.1501395346065042
2022-01-09,0.3624556363776001,12.800012061984035,0.14341686887785476
2022-01-10,0.35962395171840006,12.700011967749782,0.1422964245897465
2022-01-11,0.3624556363776001,12.800012061984035,0.14341686887785476
2022-01-12,0.36528732103680006,12.900012156218283,0.14453731316596297
2022-01-13,0.37661405967360007,13.300012533155286,0.14901909031839594
2022-01-14,0.3794457443328001,13.400012627389536,0.1501395346065042
2022-01-15,0.36528732103680006,12.900012156218283,0.14453731316596297
2022-01-16,0.37095069035520006,13.100012344686784,0.14677820174217945
2022-01-17,0.3879407983104,13.700012910092283,0.1535008674708289
2022-01-18,0.4049309062656001,14.300013475497789,0.16022353319947832
2022-01-19,0.4105942755840001,14.500013663966289,0.1624644217756948
2022-01-20,0.3992675369472001,14.100013287029288,0.15798264462326186
2022-01-21,0.3907724829696001,13.800013004326537,0.15462131175893715
2022-01-22,0.37378237501440004,13.200012438921034,0.14789864603028768
2022-01-23,0.37095069035520006,13.100012344686784,0.14677820174217945
2022-01-24,0.3907724829696001,13.800013004326537,0.15462131175893715
2022-01-25,0.39643585228800005,14.000013192795036,0.1568622003351536
2022-01-26,0.37661405967360007,13.300012533155286,0.14901909031839594
2022-01-27,0.37095069035520006,13.100012344686784,0.14677820174217945
2022-01-28,0.3454655284224,12.200011496578531,0.1366942031492053
2022-01-29,0.33697047444480005,11.90001121387578,0.13333287028488058
2022-01-30,0.3454655284224,12.200011496578531,0.1366942031492053
2022-01-31,0.35962395171840006,12.700011967749782,0.1422964245897465
2022-02-01,0.37095069035520006,13.100012344686784,0.14677820174217945
2022-02-02,0.37095069035520006,13.100012344686784,0.14677820174217945
2022-02-03,0.35679226705920003,12.600011873515532,0.14117598030163825
2022-02-04,0.3454655284224,12.200011496578531,0.1366942031492053
2022-02-05,0.3454655284224,12.200011496578531,0.1366942031492053
2022-02-06,0.3511288977408001,12.400011685047033,0.1389350917254218
2022-02-07,0.33697047444480005,11.90001121387578,0.13333287028488058
2022-02-08,0.3284754204672,11.60001093117303,0.12997153742055584
2022-02-09,0.32564373580800005,11.50001083693878,0.1288510931324476
2022-02-10,0.31148531251200007,11.00001036576753,0.12324887169190642
2022-02-11,0.2916635198976001,10.300009706127778,0.11540576167514874
2022-02-12,0.28175262359040004,9.9500093763079,0.11148420666676989
2022-02-13,0.28203579205632007,9.960009385731327,0.11159625109558073
2022-02-14,0.28600015057920003,10.100009517659275,0.11316487309893225
2022-02-15,0.2916635198976001,10.300009706127778,0.11540576167514874
2022-02-16,0.28600015057920003,10.100009517659275,0.11316487309893225
2022-02-17,0.28600015057920003,10.100009517659275,0.11316487309893225
2022-02-18,0.27920410739712004,9.860009291497075,0.11047580680747247
2022-02-19,0.27750509660160005,9.800009234956526,0.10980354023460753
2022-02-20,0.27269123268096007,9.630009074758302,0.10789878494482354
2022-02-21,0.28600015057920003,10.100009517659275,0.11316487309893225
2022-02-22,0.28175262359040004,9.9500093763079,0.11148420666676989
2022-02-23,0.2888318352384,10.200009611893526,0.11428531738704047
2022-02-24,0.2888318352384,10.200009611893526,0.11428531738704047
2022-02-25,0.28005361279488006,9.890009319767351,0.11081194009390495
2022-02-26,0.2803367812608,9.900009329190775,0.11092398452271578
2022-02-27,0.28005361279488006,9.890009319767351,0.11081194009390495
2022-02-28,0.27835460199936,9.830009263226799,0.11013967352103998
2022-03-01,0.29732688921600003,10.500009894596277,0.1176466502513652
2022-03-02,0.30582194319360007,10.80001017729903,0.12100798311568993
2022-03-03,0.32564373580800005,11.50001083693878,0.1288510931324476
2022-03-04,0.3284754204672,11.60001093117303,0.12997153742055584
2022-03-05,0.339802159104,12.00001130811003,0.13445331457298879
2022-03-06,0.33130710512640005,11.70001102540728,0.1310919817086641
2022-03-07,0.3284754204672,11.60001093117303,0.12997153742055584
2022-03-08,0.33697047444480005,11.90001121387578,0.13333287028488058
2022-03-09,0.33697047444480005,11.90001121387578,0.13333287028488058
2022-03-10,0.32564373580800005,11.50001083693878,0.1288510931324476
2022-03-11,0.3454655284224,12.200011496578531,0.1366942031492053
2022-03-12,0.36528732103680006,12.900012156218283,0.14453731316596297
2022-03-13,0.31998036648960004,11.300010648470279,0.12661020455623112
2022-03-14,0.3341387897856001,11.800011119641532,0.13221242599677233
2022-03-15,0.3284754204672,11.60001093117303,0.12997153742055584
2022-03-16,0.3454655284224,12.200011496578531,0.1366942031492053
2022-03-17,0.3511288977408001,12.400011685047033,0.1389350917254218
2022-03-18,0.34263384376320005,12.10001140234428,0.13557375886109704
2022-03-19,0.35679226705920003,12.600011873515532,0.14117598030163825
2022-03-20,0.33697047444480005,11.90001121387578,0.13333287028488058
2022-03-21,0.3624556363776001,12.800012061984035,0.14341686887785476
2022-03-22,0.3511288977408001,12.400011685047033,0.1389350917254218
2022-03-23,0.36811900569600003,13.000012250452533,0.1456577574540712
2022-03-24,0.34263384376320005,12.10001140234428,0.13557375886109704
2022-03-25,0.40209922160640005,14.200013381263537,0.1591030889113701
2022-03-26,0.49554481536000006,17.500016490993794,0.19607775041894202
2022-03-27,0.6088122017280001,21.500020260363808,0.24089552194327163
2022-03-28,0.7532281193472001,26.60002506631057,0.2980381806367919
2022-03-29,0.7447330653696002,26.30002478360782,0.29467684777246717
2022-03-30,0.6456241022976001,22.80002148540906,0.25546129768867876
2022-03-31,0.6682775795712002,23.600022239283064,0.26442485199354465
2022-04-01,0.6852676875264001,24.20002280468856,0.2711475177221941
2022-04-02,0.6824360028672002,24.100022710454315,0.2700270734340859
2022-04-03,0.7249112727552002,25.60002412396807,0.28683373775570953
2022-04-04,0.6994261108224001,24.700023275859817,0.2767497391627353
2022-04-05,0.6994261108224001,24.700023275859817,0.2767497391627353
2022-04-06,0.6569508409344,23.20002186234606,0.2599430748411117
2022-04-07,0.6824360028672002,24.100022710454315,0.2700270734340859
2022-04-08,0.6965944261632001,24.600023181625563,0.27562929487462706
2022-04-09,0.7843766505984001,27.70002610288732,0.3103630678059825
2022-04-10,0.8834856136704001,31.20002940108608,0.3495786178897709
2022-04-11,0.8183568665088001,28.900027233698324,0.32380839926328137
2022-04-12,0.8211885511680002,29.000027327932578,0.3249288435513896
2022-04-13,0.8211885511680002,29.000027327932578,0.3249288435513896
2022-04-14,0.8438420284416002,29.80002808180658,0.3338923978562556
2022-04-15,0.7305746420736001,25.800024312436566,0.28907462633192593
2022-04-16,0.7447330653696002,26.30002478360782,0.29467684777246717
2022-04-17,0.8183568665088001,28.900027233698324,0.32380839926328137
2022-04-18,0.9316242528768001,32.900031003068335,0.368626170787611
2022-04-19,1.4894661307392003,52.60004956721564,0.5893536955449343
2022-04-20,2.1322585483776004,75.30007095839045,0.8436945489455049
2022-04-21,2.8316846592000005,100.00009423425026,1.1204442881082401
2022-04-22,3.8794079831040005,137.00012910092286,1.5350086747082887
2022-04-23,3.7378237501440004,132.00012438921033,1.4789864603028768
2022-04-24,2.7807143353344004,98.20009253803376,1.1002762909222918
2022-04-25,2.2540209887232003,79.6000750104632,0.8918736533341591
2022-04-26,2.0586347472384006,72.70006850829995,0.8145629974546907
2022-04-27,2.2313675114496,78.8000742565892,0.8829100990292931
2022-04-28,2.6589518949888005,93.90008848596099,1.0520971865336375
2022-04-29,3.0015857387520004,106.00009988830527,1.1876709453947345
2022-04-30,2.8005361279488006,98.90009319767351,1.1081194009390496
2022-05-01,3.3413878978560003,118.0001111964153,1.3221242599677232
2022-05-02,3.5679226705920004,126.00011873515533,1.4117598030163825
2022-05-03,3.2281205114880005,114.0001074270453,1.2773064884433938
2022-05-04,3.2564373580800003,115.00010836938779,1.288510931324476
2022-05-05,3.1148531251200007,110.0001036576753,1.2324887169190641
2022-05-06,3.9360416762880006,139.00013098560785,1.5574175604704539
2022-05-07,6.371290483200001,225.0002120270631,2.5209996482435404
2022-05-08,7.8154496593920015,276.0002600865307,3.092426235178743
2022-05-09,8.353469744640002,295.0002779910383,3.3053106499193086
2022-05-10,8.919806676480002,315.00029683788836,3.5293995075409565
2022-05-11,10.901985937920001,385.0003628018635,4.313710509216724
2022-05-12,11.355055483392002,401.00037787934355,4.492981595314043
2022-05-13,9.599410994688002,339.0003194541084,3.7983061366869344
2022-05-14,9.825945767424,347.0003269928484,3.887941679735593
2022-05-15,11.524956562944002,407.0003835333986,4.560208252600537
2022-05-16,12.657630426624001,447.0004212270986,5.008385967843833
2022-05-17,12.742580966400002,450.0004240541262,5.041999296487081
2022-05-18,14.101789602816002,498.0004692865663,5.579812554779036
2022-05-19,15.092879233536003,533.0005022685539,5.97196805561692
2022-05-20,14.554859148288003,514.0004843640463,5.759083640876354
2022-05-21,9.571094148096002,338.0003185117659,3.7871016938058517
2022-05-22,7.362380113920001,260.0002450090507,2.9131551490814243
2022-05-23,6.173072557056001,218.00020543066557,2.4425685480759634
2022-05-24,5.493468238848001,194.0001828144455,2.173661918929986
2022-05-25,5.0120818467840005,177.00016679462294,1.983186389951585
2022-05-26,5.210299772928001,184.00017339102047,2.0616174901191617
2022-05-27,6.796043182080001,240.00022616220062,2.689066291459776
2022-05-28,8.381786591232002,296.0002789333808,3.3165150928003913
2022-05-29,9.344559375360001,330.0003109730259,3.697466150757192
2022-05-30,8.580004517376,303.00028552977824,3.3949461929679674
2022-05-31,6.965944261632001,246.00023181625562,2.756292948746271
2022-06-01,6.314656790016001,223.0002101423781,2.4985907624813755
2022-06-02,6.994261108224001,247.00023275859814,2.7674973916273533
2022-06-03,8.693271903744002,307.00028929914833,3.4397639644922973
2022-06-04,9.344559375360001,330.0003109730259,3.697466150757192
2022-06-05,10.080797386752002,356.00033547393093,3.9887816656653348
2022-06-06,10.562183778816001,373.00035149375344,4.179257194643736
2022-06-07,11.071887017472001,391.0003684559185,4.380937166503219
2022-06-08,10.930302784512001,386.00036374420597,4.3249149520978065
2022-06-09,11.270104943616001,398.00037505231603,4.459368266670795
2022-06-10,11.326738636800002,400.000376937001,4.481777152432961
2022-06-11,11.978026108416001,423.00039861087856,4.739479338697856
2022-06-12,12.770897812992002,451.00042499646867,5.053203739368163
2022-06-13,11.241788097024001,397.0003741099735,4.448163823789713
2022-06-14,9.769312074240002,345.0003251081634,3.8655327939734283
2022-06-15,7.928717045760001,280.0002638559007,3.1372440067030722
2022-06-16,6.767726335488001,239.0002252198581,2.6778618485786936
2022-06-17,6.739409488896001,238.00022427751563,2.666657405697612
2022-06-18,6.626142102528001,234.00022050814562,2.6218396341732815
2022-06-19,6.541191562752001,231.0002176811181,2.5882263055300347
2022-06-20,5.748319858176001,203.00019129552803,2.2745019048597275
2022-06-21,4.7572302274560005,168.00015831354042,1.8823464040218432
2022-06-22,4.190893295616001,148.0001394666904,1.6582575464001956
2022-06-23,3.6528732103680004,129.00012156218284,1.4453731316596297
2022-06-24,3.7944574433280005,134.00012627389535,1.5013953460650415
2022-06-25,3.4546552842240006,122.00011496578531,1.366942031492053
2022-06-26,3.1998036648960007,113.0001064847028,1.2661020455623113
2022-06-27,3.0015857387520004,106.00009988830527,1.1876709453947345
2022-06-28,2.7778826506752003,98.1000924437995,1.0991558466341835
2022-06-29,2.4635656535040003,87.00008198379773,0.9747865306541689
2022-06-30,2.7693875966976003,97.80009216109674,1.0957945137698588
2022-07-01,2.7722192813568007,97.90009225533102,1.0969149580579671
2022-07-02,2.2511893040640003,79.50007491622895,0.8907532090460509
2022-07-03,2.024654531328,71.50006737748893,0.8011176659973916
2022-07-04,1.9255455682560003,68.00006407929018,0.7619021159136034
2022-07-05,1.7952880739328003,63.400059744514664,0.7103616786606243
2022-07-06,1.7613078580224004,62.20005861370367,0.6969163472033254
2022-07-07,1.6537038409728002,58.40005503280215,0.6543394642552122
2022-07-08,1.5545948779008,54.90005173460339,0.6151239141714238
2022-07-09,1.4016839063040003,49.50004664595388,0.554619922613579
2022-07-10,1.3535452670976,47.80004504397162,0.5355723697157387
2022-07-11,1.2969115739136001,45.800043159286616,0.5131634839535739
2022-07-12,1.2742580966400001,45.000042405412614,0.5041999296487081
2022-07-13,1.1921392415232002,42.10003967261936,0.47170704529356905
2022-07-14,1.1270104943616002,39.8000375052316,0.44593682666707957
2022-07-15,1.033564900608,36.500034395501345,0.4089621651595076
2022-07-16,1.1440006023168001,40.4000380706371,0.452659492395729
2022-07-17,1.0363965852672001,36.60003448973559,0.4100826094476159
2022-07-18,0.9089707756032002,32.10003024919433,0.35966261648274506
2022-07-19,0.8523370824192001,30.100028364509328,0.3372537307205803
2022-07-20,0.8721588750336001,30.80002902414908,0.345096840737338
2022-07-21,0.8041984432128001,28.400026762527073,0.3182061778227402
2022-07-22,0.7277429574144001,25.700024218202316,0.28795418204381773
2022-07-23,0.6880993721856001,24.300022898922816,0.27226796201030234
2022-07-24,0.7164162187776001,25.300023841265315,0.2834724048913847
2022-07-25,0.8041984432128001,28.400026762527073,0.3182061778227402
2022-07-26,0.7220795880960001,25.50002402973382,0.2857132934676012
2022-07-27,0.6569508409344,23.20002186234606,0.2599430748411117
2022-07-28,0.6201389403648001,21.90002063730081,0.24537729909570458
2022-07-29,0.6201389403648001,21.90002063730081,0.24537729909570458
2022-07-30,0.6031488324096002,21.300020071895307,0.23865463336705517
2022-07-31,0.5691686164992001,20.100018941084304,0.2252093019097563
2022-08-01,0.5748319858176001,20.300019129552805,0.22745019048597273
2022-08-02,0.5578418778624,19.7000185641473,0.22072752475732327
2022-08-03,0.5521785085440001,19.5000183756788,0.21848663618110684
2022-08-04,0.5266933466112002,18.60001752757055,0.20840263758813268
2022-08-05,0.5465151392256001,19.300018187210302,0.21624574760489035
2022-08-06,0.6484557869568001,22.900021579643308,0.25658174197678696
2022-08-07,0.5181982926336001,18.300017244867796,0.20504130472380794
2022-08-08,0.4757230227456001,16.800015831354045,0.18823464040218432
2022-08-09,0.4502378608128001,15.900014983245793,0.17815064180921017
2022-08-10,0.42475269888000006,15.000014135137539,0.168066643216236
2022-08-11,0.4190893295616001,14.80001394666904,0.16582575464001956
2022-08-12,0.40776259092480005,14.400013569732037,0.16134397748758658
2022-08-13,0.4049309062656001,14.300013475497789,0.16022353319947832
2022-08-14,0.4162576449024,14.700013852434788,0.16470531035191127
2022-08-15,0.4870497613824,17.200016208291043,0.19271641755461727
2022-08-16,0.7305746420736001,25.800024312436566,0.28907462633192593
2022-08-17,1.1043570170880002,39.0000367513576,0.43697327236221367
2022-08-18,0.8070301278720001,28.500026856761323,0.31932662211084845
2022-08-19,0.6654458949120001,23.500022145048813,0.26330440770543645
2022-08-20,0.6229706250240001,22.00002073153506,0.24649774338381283
2022-08-21,0.6880993721856001,24.300022898922816,0.27226796201030234
2022-08-22,0.6824360028672002,24.100022710454315,0.2700270734340859
2022-08-23,0.5946537784320001,21.000019789192553,0.2352933005027304
2022-08-24,0.5295250312704001,18.700017621804797,0.20952308187624089
2022-08-25,0.5408517699072001,19.100017998741798,0.21400485902867383
2022-08-26,0.6484557869568001,22.900021579643308,0.25658174197678696
2022-08-27,0.6088122017280001,21.500020260363808,0.24089552194327163
2022-08-28,0.6088122017280001,21.500020260363808,0.24089552194327163
2022-08-29,0.5663369318400001,20.000018846850054,0.224088857621648
2022-08-30,0.5153666079744,18.200017150633546,0.2039208604356997
2022-08-31,0.4757230227456001,16.800015831354045,0.18823464040218432
2022-09-01,0.45306954547200007,16.000015077480043,0.17927108609731843
2022-09-02,0.4389111221760001,15.500014606308792,0.17366886465677722
2022-09-03,0.4162576449024,14.700013852434788,0.16470531035191127
2022-09-04,0.40776259092480005,14.400013569732037,0.16134397748758658
2022-09-05,0.3907724829696001,13.800013004326537,0.15462131175893715
2022-09-06,0.37378237501440004,13.200012438921034,0.14789864603028768
2022-09-07,0.36528732103680006,12.900012156218283,0.14453731316596297
2022-09-08,0.35679226705920003,12.600011873515532,0.14117598030163825
2022-09-09,0.3511288977408001,12.400011685047033,0.1389350917254218
2022-09-10,0.3454655284224,12.200011496578531,0.1366942031492053
2022-09-11,0.34263384376320005,12.10001140234428,0.13557375886109704
2022-09-12,0.33697047444480005,11.90001121387578,0.13333287028488058
2022-09-13,0.33697047444480005,11.90001121387578,0.13333287028488058
2022-09-14,0.34829721308160005,12.300011590812781,0.13781464743731353
2022-09-15,0.40776259092480005,14.400013569732037,0.16134397748758658
2022-09-16,0.45306954547200007,16.000015077480043,0.17927108609731843
2022-09-17,0.4870497613824,17.200016208291043,0.19271641755461727
2022-09-18,0.43607943751680006,15.40001451207454,0.172548420368669
2022-09-19,0.3992675369472001,14.100013287029288,0.15798264462326186
2022-09-20,0.3794457443328001,13.400012627389536,0.1501395346065042
2022-09-21,0.38510911365120004,13.600012815858035,0.15238042318272066
2022-09-22,0.45873291479040007,16.200015265948544,0.1815119746735349
2022-09-23,0.47005965342720013,16.600015642885545,0.1859937518259679
2022-09-24,0.45306954547200007,16.000015077480043,0.17927108609731843
2022-09-25,0.43607943751680006,15.40001451207454,0.172548420368669
2022-09-26,0.41342596024320005,14.600013758200538,0.16358486606380304
2022-09-27,0.39643585228800005,14.000013192795036,0.1568622003351536
2022-09-28,0.3907724829696001,13.800013004326537,0.15462131175893715
2022-09-29,0.3794457443328001,13.400012627389536,0.1501395346065042
2022-09-30,0.3907724829696001,13.800013004326537,0.15462131175893715
2022-10-01,0.5351884005888,18.900017810273297,0.21176397045245737
2022-10-02,0.7022577954816002,24.800023370094067,0.2778701834508436
2022-10-03,0.7673865426432002,27.100025537481823,0.30364040207733306
2022-10-04,0.6824360028672002,24.100022710454315,0.2700270734340859
2022-10-05,0.6031488324096002,21.300020071895307,0.23865463336705517
2022-10-06,0.5493468238848,19.40001828144455,0.21736619189299855
2022-10-07,0.5153666079744,18.200017150633546,0.2039208604356997
2022-10-08,0.4898814460416001,17.300016302525297,0.19383686184272556
2022-10-09,0.4757230227456001,16.800015831354045,0.18823464040218432
2022-10-10,0.4615645994496001,16.300015360182794,0.18263241896164314
2022-10-11,0.4502378608128001,15.900014983245793,0.17815064180921017
2022-10-12,0.4332477528576001,15.300014417840291,0.17142797608056076
2022-10-13,0.4219210142208001,14.90001404090329,0.1669461989281278
2022-10-14,0.4162576449024,14.700013852434788,0.16470531035191127
2022-10-15,0.41342596024320005,14.600013758200538,0.16358486606380304
2022-10-16,0.40776259092480005,14.400013569732037,0.16134397748758658
2022-10-17,0.4049309062656001,14.300013475497789,0.16022353319947832
2022-10-18,0.3992675369472001,14.100013287029288,0.15798264462326186
2022-10-19,0.3907724829696001,13.800013004326537,0.15462131175893715
2022-10-20,0.3879407983104,13.700012910092283,0.1535008674708289
2022-10-21,0.38510911365120004,13.600012815858035,0.15238042318272066
2022-10-22,0.38227742899200007,13.500012721623786,0.15125997889461243
2022-10-23,0.43607943751680006,15.40001451207454,0.172548420368669
2022-10-24,0.41342596024320005,14.600013758200538,0.16358486606380304
2022-10-25,0.4049309062656001,14.300013475497789,0.16022353319947832
2022-10-26,0.44174280683520006,15.60001470054304,0.17478930894488545
2022-10-27,0.46722796876800005,16.50001554865129,0.1848733075378596
2022-10-28,0.4559012301312001,16.100015171714293,0.18039153038542666
2022-10-29,0.4842180767232001,17.100016114056796,0.19159597326650907
2022-10-30,0.49271313070080003,17.400016396759543,0.19495730613083376
2022-10-31,0.5125349233152001,18.1000170563993,0.2028004161475915
2022-11-01,0.4643962841088,16.40001545441704,0.18375286324975137
2022-11-02,0.44457449149440004,15.70001479477729,0.17590975323299368
2022-11-03,0.45873291479040007,16.200015265948544,0.1815119746735349
2022-11-04,0.4643962841088,16.40001545441704,0.18375286324975137
2022-11-05,0.4643962841088,16.40001545441704,0.18375286324975137
2022-11-06,0.47289133808640005,16.70001573711979,0.1871141961140761
2022-11-07,0.47855470740480005,16.900015925588292,0.18935508469029255
2022-11-08,0.4643962841088,16.40001545441704,0.18375286324975137
2022-11-09,0.4757230227456001,16.800015831354045,0.18823464040218432
2022-11-10,0.4842180767232001,17.100016114056796,0.19159597326650907
2022-11-11,0.43041606819840006,15.20001432360604,0.1703075317924525
2022-11-12,0.40209922160640005,14.200013381263537,0.1591030889113701
2022-11-13,0.45306954547200007,16.000015077480043,0.17927108609731843
2022-11-14,0.46722796876800005,16.50001554865129,0.1848733075378596
2022-11-15,0.44174280683520006,15.60001470054304,0.17478930894488545
2022-11-16,0.41342596024320005,14.600013758200538,0.16358486606380304
2022-11-17,0.42758438353920003,15.100014229371789,0.16918708750434425
2022-11-18,0.4332477528576001,15.300014417840291,0.17142797608056076
2022-11-19,0.3907724829696001,13.800013004326537,0.15462131175893715
2022-11-20,0.3907724829696001,13.800013004326537,0.15462131175893715
2022-11-21,0.40209922160640005,14.200013381263537,0.1591030889113701
2022-11-22,0.4105942755840001,14.500013663966289,0.1624644217756948
2022-11-23,0.4162576449024,14.700013852434788,0.16470531035191127
2022-11-24,0.4219210142208001,14.90001404090329,0.1669461989281278
2022-11-25,0.40209922160640005,14.200013381263537,0.1591030889113701
2022-11-26,0.41342596024320005,14.600013758200538,0.16358486606380304
2022-11-27,0.4219210142208001,14.90001404090329,0.1669461989281278
2022-11-28,0.4162576449024,14.700013852434788,0.16470531035191127
2022-11-29,0.3992675369472001,14.100013287029288,0.15798264462326186
2022-11-30,0.3936041676288001,13.900013098560787,0.15574175604704538
2022-12-01,0.4190893295616001,14.80001394666904,0.16582575464001956
2022-12-02,0.4190893295616001,14.80001394666904,0.16582575464001956
2022-12-03,0.40776259092480005,14.400013569732037,0.16134397748758658
2022-12-04,0.4219210142208001,14.90001404090329,0.1669461989281278
2022-12-05,0.3936041676288001,13.900013098560787,0.15574175604704538
2022-12-06,0.40776259092480005,14.400013569732037,0.16134397748758658
2022-12-07,0.3936041676288001,13.900013098560787,0.15574175604704538
2022-12-08,0.37378237501440004,13.200012438921034,0.14789864603028768
2022-12-09,0.35962395171840006,12.700011967749782,0.1422964245897465
2022-12-10,0.37095069035520006,13.100012344686784,0.14677820174217945
2022-12-11,0.37661405967360007,13.300012533155286,0.14901909031839594
2022-12-12,0.37095069035520006,13.100012344686784,0.14677820174217945
2022-12-13,0.37095069035520006,13.100012344686784,0.14677820174217945
2022-12-14,0.37661405967360007,13.300012533155286,0.14901909031839594
2022-12-15,0.36811900569600003,13.000012250452533,0.1456577574540712
2022-12-16,0.34829721308160005,12.300011590812781,0.13781464743731353
2022-12-17,0.3624556363776001,12.800012061984035,0.14341686887785476
2022-12-18,0.36811900569600003,13.000012250452533,0.1456577574540712
2022-12-19,0.37095069035520006,13.100012344686784,0.14677820174217945
2022-12-20,0.36811900569600003,13.000012250452533,0.1456577574540712
2022-12-21,0.37378237501440004,13.200012438921034,0.14789864603028768
2022-12-22,0.36528732103680006,12.900012156218283,0.14453731316596297
2022-12-23,0.3624556363776001,12.800012061984035,0.14341686887785476
2022-12-24,0.35396058240000006,12.500011779281282,0.14005553601353002
2022-12-25,0.35396058240000006,12.500011779281282,0.14005553601353002
2022-12-26,0.35396058240000006,12.500011779281282,0.14005553601353002
2022-12-27,0.3511288977408001,12.400011685047033,0.1389350917254218
2022-12-28,0.37661405967360007,13.300012533155286,0.14901909031839594
2022-12-29,0.37095069035520006,13.100012344686784,0.14677820174217945
2022-12-30,0.3624556363776001,12.800012061984035,0.14341686887785476
2022-12-31,0.35962395171840006,12.700011967749782,0.1422964245897465
2023-01-01,0.37095069035520006,13.100012344686784,0.14677820174217945
2023-01-02,0.35962395171840006,12.700011967749782,0.1422964245897465
2023-01-03,0.35679226705920003,12.600011873515532,0.14117598030163825
2023-01-04,0.34829721308160005,12.300011590812781,0.13781464743731353
2023-01-05,0.36528732103680006,12.900012156218283,0.14453731316596297
2023-01-06,0.37661405967360007,13.300012533155286,0.14901909031839594
2023-01-07,0.35396058240000006,12.500011779281282,0.14005553601353002
2023-01-08,0.35962395171840006,12.700011967749782,0.1422964245897465
2023-01-09,0.35396058240000006,12.500011779281282,0.14005553601353002
2023-01-10,0.35962395171840006,12.700011967749782,0.1422964245897465
2023-01-11,0.35962395171840006,12.700011967749782,0.1422964245897465
2023-01-12,0.33130710512640005,11.70001102540728,0.1310919817086641
2023-01-13,0.34829721308160005,12.300011590812781,0.13781464743731353
2023-01-14,0.3794457443328001,13.400012627389536,0.1501395346065042
2023-01-15,0.37378237501440004,13.200012438921034,0.14789864603028768
2023-01-16,0.36528732103680006,12.900012156218283,0.14453731316596297
2023-01-17,0.36528732103680006,12.900012156218283,0.14453731316596297
2023-01-18,0.3624556363776001,12.800012061984035,0.14341686887785476
2023-01-19,0.35396058240000006,12.500011779281282,0.14005553601353002
2023-01-20,0.3794457443328001,13.400012627389536,0.1501395346065042
2023-01-21,0.3624556363776001,12.800012061984035,0.14341686887785476
2023-01-22,0.35679226705920003,12.600011873515532,0.14117598030163825
2023-01-23,0.35679226705920003,12.600011873515532,0.14117598030163825
2023-01-24,0.35679226705920003,12.600011873515532,0.14117598030163825
2023-01-25,0.35396058240000006,12.500011779281282,0.14005553601353002
2023-01-26,0.3624556363776001,12.800012061984035,0.14341686887785476
2023-01-27,0.36528732103680006,12.900012156218283,0.14453731316596297
2023-01-28,0.36528732103680006,12.900012156218283,0.14453731316596297
2023-01-29,0.36528732103680006,12.900012156218283,0.14453731316596297
2023-01-30,0.35962395171840006,12.700011967749782,0.1422964245897465
2023-01-31,0.32564373580800005,11.50001083693878,0.1288510931324476
2023-02-01,0.37095069035520006,13.100012344686784,0.14677820174217945
2023-02-02,0.3992675369472001,14.100013287029288,0.15798264462326186
2023-02-03,0.40209922160640005,14.200013381263537,0.1591030889113701
2023-02-04,0.42758438353920003,15.100014229371789,0.16918708750434425
2023-02-05,0.42475269888000006,15.000014135137539,0.168066643216236
2023-02-06,0.39643585228800005,14.000013192795036,0.1568622003351536
2023-02-07,0.38510911365120004,13.600012815858035,0.15238042318272066
2023-02-08,0.38510911365120004,13.600012815858035,0.15238042318272066
2023-02-09,0.3794457443328001,13.400012627389536,0.1501395346065042
2023-02-10,0.3794457443328001,13.400012627389536,0.1501395346065042
2023-02-11,0.3992675369472001,14.100013287029288,0.15798264462326186
2023-02-12,0.4049309062656001,14.300013475497789,0.16022353319947832
2023-02-13,0.39643585228800005,14.000013192795036,0.1568622003351536
2023-02-14,0.3879407983104,13.700012910092283,0.1535008674708289
2023-02-15,0.37661405967360007,13.300012533155286,0.14901909031839594
2023-02-16,0.36528732103680006,12.900012156218283,0.14453731316596297
2023-02-17,0.3794457443328001,13.400012627389536,0.1501395346065042
2023-02-18,0.40776259092480005,14.400013569732037,0.16134397748758658
2023-02-19,0.40209922160640005,14.200013381263537,0.1591030889113701
2023-02-20,0.3936041676288001,13.900013098560787,0.15574175604704538
2023-02-21,0.37378237501440004,13.200012438921034,0.14789864603028768
2023-02-22,0.3454655284224,12.200011496578531,0.1366942031492053
2023-02-23,0.33697047444480005,11.90001121387578,0.13333287028488058
2023-02-24,0.3341387897856001,11.800011119641532,0.13221242599677233
2023-02-25,0.339802159104,12.00001130811003,0.13445331457298879
2023-02-26,0.31998036648960004,11.300010648470279,0.12661020455623112
2023-02-27,0.32281205114880007,11.40001074270453,0.12773064884433938
2023-02-28,0.32564373580800005,11.50001083693878,0.1288510931324476
2023-03-01,0.32564373580800005,11.50001083693878,0.1288510931324476
2023-03-02,0.339802159104,12.00001130811003,0.13445331457298879
2023-03-03,0.32281205114880007,11.40001074270453,0.12773064884433938
2023-03-04,0.32281205114880007,11.40001074270453,0.12773064884433938
2023-03-05,0.339802159104,12.00001130811003,0.13445331457298879
2023-03-06,0.31998036648960004,11.300010648470279,0.12661020455623112
2023-03-07,0.3171486818304,11.200010554236028,0.12548976026812286
2023-03-08,0.29732688921600003,10.500009894596277,0.1176466502513652
2023-03-09,0.27807143353344005,9.820009253803375,0.11002762909222918
2023-03-10,0.2803367812608,9.900009329190775,0.11092398452271578
2023-03-11,0.3341387897856001,11.800011119641532,0.13221242599677233
2023-03-12,0.34263384376320005,12.10001140234428,0.13557375886109704
2023-03-13,0.34829721308160005,12.300011590812781,0.13781464743731353
2023-03-14,0.35396058240000006,12.500011779281282,0.14005553601353002
2023-03-15,0.3624556363776001,12.800012061984035,0.14341686887785476
2023-03-16,0.35962395171840006,12.700011967749782,0.1422964245897465
2023-03-17,0.31998036648960004,11.300010648470279,0.12661020455623112
2023-03-18,0.3284754204672,11.60001093117303,0.12997153742055584
2023-03-19,0.339802159104,12.00001130811003,0.13445331457298879
2023-03-20,0.35962395171840006,12.700011967749782,0.1422964245897465
2023-03-21,0.33697047444480005,11.90001121387578,0.13333287028488058
2023-03-22,0.34263384376320005,12.10001140234428,0.13557375886109704
2023-03-23,0.34263384376320005,12.10001140234428,0.13557375886109704
2023-03-24,0.339802159104,12.00001130811003,0.13445331457298879
2023-03-25,0.32564373580800005,11.50001083693878,0.1288510931324476
2023-03-26,0.33130710512640005,11.70001102540728,0.1310919817086641
2023-03-27,0.33130710512640005,11.70001102540728,0.1310919817086641
2023-03-28,0.35396058240000006,12.500011779281282,0.14005553601353002
2023-03-29,0.33697047444480005,11.90001121387578,0.13333287028488058
2023-03-30,0.33697047444480005,11.90001121387578,0.13333287028488058
2023-03-31,0.31998036648960004,11.300010648470279,0.12661020455623112
2023-04-01,0.33697047444480005,11.90001121387578,0.13333287028488058
2023-04-02,0.36528732103680006,12.900012156218283,0.14453731316596297
2023-04-03,0.38227742899200007,13.500012721623786,0.15125997889461243
2023-04-04,0.37661405967360007,13.300012533155286,0.14901909031839594
2023-04-05,0.35679226705920003,12.600011873515532,0.14117598030163825
2023-04-06,0.3879407983104,13.700012910092283,0.1535008674708289
2023-04-07,0.40776259092480005,14.400013569732037,0.16134397748758658
2023-04-08,0.4332477528576001,15.300014417840291,0.17142797608056076
2023-04-09,0.4898814460416001,17.300016302525297,0.19383686184272556
2023-04-10,0.6711092642304001,23.70002233351731,0.26554529628165285
2023-04-11,1.2091293494784003,42.70004023802487,0.4784297110222186
2023-04-12,1.7952880739328003,63.400059744514664,0.7103616786606243
2023-04-13,2.279506150656,80.50007585857145,0.9019576519271332
2023-04-14,1.9736842074624004,69.70006568127243,0.7809496688114433
2023-04-15,1.5545948779008,54.90005173460339,0.6151239141714238
2023-04-16,1.4073472756224004,49.70004683442239,0.5568608111897954
2023-04-17,2.1209318097408003,74.90007058145345,0.8392127717930717
2023-04-18,2.5881597785088006,91.40008613010475,1.0240860793309314
2023-04-19,2.5853280938496,91.30008603587048,1.0229656350428231
2023-04-20,2.2030506648576003,77.8000733142467,0.8717056561482107
2023-04-21,1.9538624148480004,69.00006502163268,0.7731065587946857
2023-04-22,1.7301593267712003,61.10005757712691,0.6845914600341347
2023-04-23,1.6310503636992002,57.60005427892815,0.6453759099503463
2023-04-24,1.5574265625600003,55.00005182883765,0.6162443584595321
2023-04-25,1.6027335171072004,56.60005333658565,0.6341714670692639
2023-04-26,1.6820206875648003,59.40005597514465,0.6655439071362945
2023-04-27,2.0529713779200005,72.50006831983144,0.8123221088784742
2023-04-28,2.3474665824768004,82.90007812019347,0.928848314841731
2023-04-29,3.1714868183040004,112.00010554236029,1.2548976026812289
2023-04-30,4.8421807672320005,171.00016114056794,1.9159597326650903
2023-05-01,6.201389403648001,219.00020637300807,2.453772990957046
2023-05-02,7.277429574144001,257.00024218202316,2.879541820438177
2023-05-03,7.702182273024001,272.00025631716073,3.0476084636544134
2023-05-04,8.806539290112001,311.0002930685183,3.4845817360166262
2023-05-05,8.296836051456001,293.0002761063533,3.2829017641571436
2023-05-06,7.135845341184001,252.00023747031065,2.823519606032765
2023-05-07,6.286339943424001,222.00020920003558,2.487386319600293
2023-05-08,5.918220937728001,209.00019694958306,2.341728562146222
2023-05-09,7.220795880960001,255.00024029733817,2.857132934676012
2023-05-10,9.089707756032002,321.0003024919434,3.5966261648274513
2023-05-11,10.137431079936002,358.000337358616,4.0111905514275
2023-05-12,10.590500625408001,374.00035243609597,4.190461637524818
2023-05-13,10.194064773120001,360.0003392433009,4.033599437189665
2023-05-14,9.854262614016001,348.0003279351909,3.8991461226166755
2023-05-15,11.270104943616001,398.00037505231603,4.459368266670795
2023-05-16,13.507135824384003,477.0004494973738,5.344519254276306
2023-05-17,14.215056989184003,502.0004730559363,5.6246303263033655
2023-05-18,13.988522216448002,494.0004655171963,5.534994783254707
2023-05-19,13.082383125504002,462.0004353622362,5.1764526110600695
2023-05-20,12.969115739136003,458.0004315928662,5.13163483953574
2023-05-21,14.243373835776001,503.0004739982788,5.635834769184448
2023-05-22,16.621988949504,587.0005531550489,6.577007971195369
2023-05-23,17.188325881344003,607.0005720018991,6.801096828817018
2023-05-24,17.273276421120002,610.0005748289266,6.834710157460264
2023-05-25,15.970701477888003,564.0005314811715,6.319305784930474
2023-05-26,15.432681392640003,545.0005135766639,6.106421370189908
2023-05-27,14.866344460800002,525.0004947298139,5.882332512568261
2023-05-28,13.761987443712002,486.00045797845627,5.445359240206046
2023-05-29,13.846937983488003,489.0004608054838,5.478972568849294
2023-05-30,14.639809688064002,517.0004871910738,5.792696969519601
2023-05-31,13.110699972096002,463.0004363045787,5.187657053941152
2023-06-01,11.779808182272001,416.00039201448106,4.661048238530278
2023-06-02,12.204560881152002,431.00040614961864,4.829114881746515
2023-06-03,10.392282699264001,367.00034583969847,4.112030537357241
2023-06-04,9.571094148096002,338.0003185117659,3.7871016938058517
2023-06-05,9.995846846976,353.0003326469034,3.955168337022087
2023-06-06,10.986936477696002,388.000365628891,4.347323837859972
2023-06-07,13.365551591424001,472.0004447856612,5.288497039870893
2023-06-08,15.574265625600002,550.0005182883764,6.162443584595321
2023-06-09,14.922978153984003,527.0004966144988,5.904741398330426
2023-06-10,12.714264119808002,449.0004231117837,5.030794853605998
2023-06-11,11.553273409536002,408.0003844757411,4.571412695481619
2023-06-12,11.383372329984002,402.00037882168607,4.504186038195125
2023-06-13,10.080797386752002,356.00033547393093,3.9887816656653348
2023-06-14,8.919806676480002,315.00029683788836,3.5293995075409565
2023-06-15,10.080797386752002,356.00033547393093,3.9887816656653348
2023-06-16,10.986936477696002,388.000365628891,4.347323837859972
2023-06-17,9.995846846976,353.0003326469034,3.955168337022087
2023-06-18,8.438420284416,298.00028081806573,3.3389239785625553
2023-06-19,8.381786591232002,296.0002789333808,3.3165150928003913
2023-06-20,10.080797386752002,356.00033547393093,3.9887816656653348
2023-06-21,10.194064773120001,360.0003392433009,4.033599437189665
2023-06-22,10.420599545856001,368.00034678204094,4.1232349802383235
2023-06-23,9.939213153792002,351.0003307622184,3.9327594512599227
2023-06-24,9.231291988992002,326.00030720365584,3.6526483792328626
2023-06-25,7.787132812800001,275.0002591441882,3.0812217922976606
2023-06-26,7.447330653696001,263.0002478360782,2.9467684777246714
2023-06-27,7.419013807104001,262.00024689373566,2.935564034843589
2023-06-28,7.588914886656001,268.0002525477907,3.002790692130083
2023-06-29,6.824360028672001,241.00022710454314,2.700270734340859
2023-06-30,6.229706250240001,220.0002073153506,2.4649774338381283
2023-07-01,5.380200852480001,190.0001790450755,2.128844147405656
2023-07-02,5.238616619520001,185.000174333363,2.0728219330002444
2023-07-03,4.898814460416001,173.00016302525296,1.9383686184272555
2023-07-04,4.898814460416001,173.00016302525296,1.9383686184272555
2023-07-05,4.9271313070080005,174.00016396759546,1.9495730613083377
2023-07-06,4.587329147904001,162.00015265948542,1.815119746735349
2023-07-07,4.247526988800001,150.0001413513754,1.6806664321623601
2023-07-08,3.9643585228800005,140.00013192795035,1.5686220033515361
2023-07-09,3.7944574433280005,134.00012627389535,1.5013953460650415
2023-07-10,3.4829721308160004,123.00011590812781,1.3781464743731355
2023-07-11,3.1998036648960007,113.0001064847028,1.2661020455623113
2023-07-12,3.0865362785280004,109.00010271533279,1.2212842740379817
2023-07-13,2.9166351989760004,103.00009706127777,1.1540576167514873
2023-07-14,2.6278033637376,92.80008744938424,1.0397722993644467
2023-07-15,2.3984369063424005,84.70007981640997,0.9490163120276794
2023-07-16,2.1832288722432,77.10007265460695,0.8638625461314531
2023-07-17,2.024654531328,71.50006737748893,0.8011176659973916
2023-07-18,1.9283772529152001,68.10006417352442,0.7630225602017114
2023-07-19,1.9170505142784005,67.70006379658743,0.7585407830492786
2023-07-20,2.4663973381632003,87.10008207803197,0.9759069749422772
2023-07-21,2.3389715284992003,82.60007783749072,0.9254869819774063
2023-07-22,1.8066148125696002,63.800060121451665,0.7148434558130572
2023-07-23,1.5602582472192004,55.100051923071895,0.6173648027476403
2023-07-24,1.4243373835776,50.300047399827875,0.5635834769184448
2023-07-25,1.3393868438016001,47.30004457280037,0.5299701482751975
2023-07-26,1.2912482045952003,45.60004297081812,0.5109225953773575
2023-07-27,1.2487729347072003,44.100041557304365,0.494115931055734
2023-07-28,1.1751491335680002,41.50003910721386,0.46498437956491967
2023-07-29,1.0817035398144002,38.200035997483596,0.42800971805734767
2023-07-30,1.033564900608,36.500034395501345,0.4089621651595076
2023-07-31,1.0986936477696,38.8000365628891,0.4347323837859971
2023-08-01,1.3620403210752003,48.10004532667438,0.5389337025800636
2023-08-02,1.6055652017664004,56.7000534308199,0.6352919113573722
2023-08-03,1.6423771023360003,58.000054655865156,0.6498576871027792
2023-08-04,1.2940798892544003,45.70004306505238,0.5120430396654657
2023-08-05,1.076040170496,38.000035809015095,0.4257688294811312
2023-08-06,0.9656044687872002,34.10003213387934,0.38207150224490993
2023-08-07,0.8976440369664002,31.700029872257332,0.35518083933031214
2023-08-08,0.8495053977600001,30.000028270275077,0.336133286432472
2023-08-09,0.7900400199168001,27.90002629135582,0.312603956382199
2023-08-10,0.7503964346880001,26.500024972076318,0.2969177363486836
2023-08-11,0.7447330653696002,26.30002478360782,0.29467684777246717
2023-08-12,0.7503964346880001,26.500024972076318,0.2969177363486836
2023-08-13,0.7419013807104001,26.200024689373567,0.2935564034843589
2023-08-14,0.6824360028672002,24.100022710454315,0.2700270734340859
2023-08-15,0.6342973636608,22.400021108472057,0.2509795205362457
2023-08-16,0.6088122017280001,21.500020260363808,0.24089552194327163
2023-08-17,0.6258023096832002,22.10002082576931,0.2476181876719211
2023-08-18,0.6314656790016001,22.30002101423781,0.24985907624813755
2023-08-19,0.6201389403648001,21.90002063730081,0.24537729909570458
2023-08-20,0.5918220937728,20.900019694958303,0.23417285621462217
2023-08-21,0.5550101932032001,19.600018469913053,0.21960708046921507
2023-08-22,0.5465151392256001,19.300018187210302,0.21624574760489035
2023-08-23,0.5493468238848,19.40001828144455,0.21736619189299855
2023-08-24,0.5776636704768,20.40001922378705,0.22857063477408093
2023-08-25,0.9344559375360001,33.00003109730258,0.3697466150757192
2023-08-26,0.9089707756032002,32.10003024919433,0.35966261648274506
2023-08-27,0.7164162187776001,25.300023841265315,0.2834724048913847
2023-08-28,0.6371290483200001,22.500021202706307,0.25209996482435404
2023-08-29,0.5946537784320001,21.000019789192553,0.2352933005027304
2023-08-30,0.5663369318400001,20.000018846850054,0.224088857621648
2023-08-31,0.538020085248,19.000017904507548,0.2128844147405656
2023-09-01,0.5181982926336001,18.300017244867796,0.20504130472380794
2023-09-02,0.5040398693376001,17.800016773696548,0.1994390832832668
2023-09-03,0.5040398693376001,17.800016773696548,0.1994390832832668
2023-09-04,0.5012081846784,17.700016679462294,0.19831863899515847
2023-09-05,0.47855470740480005,16.900015925588292,0.18935508469029255
2023-09-06,0.4643962841088,16.40001545441704,0.18375286324975137
2023-09-07,0.45873291479040007,16.200015265948544,0.1815119746735349
2023-09-08,0.4162576449024,14.700013852434788,0.16470531035191127
2023-09-09,0.4219210142208001,14.90001404090329,0.1669461989281278
2023-09-10,0.40776259092480005,14.400013569732037,0.16134397748758658
2023-09-11,0.4332477528576001,15.300014417840291,0.17142797608056076
2023-09-12,0.42758438353920003,15.100014229371789,0.16918708750434425
2023-09-13,0.40776259092480005,14.400013569732037,0.16134397748758658
2023-09-14,0.46722796876800005,16.50001554865129,0.1848733075378596
2023-09-15,0.46722796876800005,16.50001554865129,0.1848733075378596
2023-09-16,0.45306954547200007,16.000015077480043,0.17927108609731843
2023-09-17,0.45306954547200007,16.000015077480043,0.17927108609731843
2023-09-18,0.43041606819840006,15.20001432360604,0.1703075317924525
2023-09-19,0.44457449149440004,15.70001479477729,0.17590975323299368
2023-09-20,0.44457449149440004,15.70001479477729,0.17590975323299368
2023-09-21,0.4559012301312001,16.100015171714293,0.18039153038542666
2023-09-22,0.3992675369472001,14.100013287029288,0.15798264462326186
2023-09-23,0.3936041676288001,13.900013098560787,0.15574175604704538
2023-09-24,0.38510911365120004,13.600012815858035,0.15238042318272066
2023-09-25,0.38510911365120004,13.600012815858035,0.15238042318272066
2023-09-26,0.38227742899200007,13.500012721623786,0.15125997889461243
2023-09-27,0.37378237501440004,13.200012438921034,0.14789864603028768
2023-09-28,0.36811900569600003,13.000012250452533,0.1456577574540712
2023-09-29,0.35962395171840006,12.700011967749782,0.1422964245897465
2023-09-30,0.3624556363776001,12.800012061984035,0.14341686887785476
2023-10-01,0.35679226705920003,12.600011873515532,0.14117598030163825
2023-10-02,0.37378237501440004,13.200012438921034,0.14789864603028768
2023-10-03,0.4389111221760001,15.500014606308792,0.17366886465677722
2023-10-04,0.43607943751680006,15.40001451207454,0.172548420368669
2023-10-05,0.4049309062656001,14.300013475497789,0.16022353319947832
2023-10-06,0.40209922160640005,14.200013381263537,0.1591030889113701
2023-10-07,0.3936041676288001,13.900013098560787,0.15574175604704538
2023-10-08,0.38510911365120004,13.600012815858035,0.15238042318272066
2023-10-09,0.36528732103680006,12.900012156218283,0.14453731316596297
2023-10-10,0.36528732103680006,12.900012156218283,0.14453731316596297
2023-10-11,0.38227742899200007,13.500012721623786,0.15125997889461243
2023-10-12,0.4813863920640001,17.000016019822546,0.19047552897840084
2023-10-13,0.47289133808640005,16.70001573711979,0.1871141961140761
2023-10-14,0.47289133808640005,16.70001573711979,0.1871141961140761
2023-10-15,0.47289133808640005,16.70001573711979,0.1871141961140761
2023-10-16,0.4813863920640001,17.000016019822546,0.19047552897840084
2023-10-17,0.5068715539968001,17.900016867930795,0.200559527571375
2023-10-18,0.5210299772928,18.400017339102046,0.20616174901191614
2023-10-19,0.5068715539968001,17.900016867930795,0.200559527571375
2023-10-20,0.4898814460416001,17.300016302525297,0.19383686184272556
2023-10-21,0.47855470740480005,16.900015925588292,0.18935508469029255
2023-10-22,0.4615645994496001,16.300015360182794,0.18263241896164314
2023-10-23,0.4502378608128001,15.900014983245793,0.17815064180921017
2023-10-24,0.43607943751680006,15.40001451207454,0.172548420368669
2023-10-25,0.43041606819840006,15.20001432360604,0.1703075317924525
2023-10-26,0.42758438353920003,15.100014229371789,0.16918708750434425
2023-10-27,0.44457449149440004,15.70001479477729,0.17590975323299368
2023-10-28,0.5068715539968001,17.900016867930795,0.200559527571375
2023-10-29,0.5012081846784,17.700016679462294,0.19831863899515847
2023-10-30,0.4105942755840001,14.500013663966289,0.1624644217756948
2023-10-31,0.4219210142208001,14.90001404090329,0.1669461989281278
2023-11-01,0.46722796876800005,16.50001554865129,0.1848733075378596
2023-11-02,0.49271313070080003,17.400016396759543,0.19495730613083376
2023-11-03,0.5040398693376001,17.800016773696548,0.1994390832832668
2023-11-04,0.4757230227456001,16.800015831354045,0.18823464040218432
2023-11-05,0.46722796876800005,16.50001554865129,0.1848733075378596
2023-11-06,0.4870497613824,17.200016208291043,0.19271641755461727
2023-11-07,0.49271313070080003,17.400016396759543,0.19495730613083376
2023-11-08,0.4813863920640001,17.000016019822546,0.19047552897840084
2023-11-09,0.42758438353920003,15.100014229371789,0.16918708750434425
2023-11-10,0.38510911365120004,13.600012815858035,0.15238042318272066
2023-11-11,0.42475269888000006,15.000014135137539,0.168066643216236
2023-11-12,0.40776259092480005,14.400013569732037,0.16134397748758658
2023-11-13,0.42475269888000006,15.000014135137539,0.168066643216236
2023-11-14,0.4105942755840001,14.500013663966289,0.1624644217756948
2023-11-15,0.40209922160640005,14.200013381263537,0.1591030889113701
2023-11-16,0.42475269888000006,15.000014135137539,0.168066643216236
2023-11-17,0.4389111221760001,15.500014606308792,0.17366886465677722
2023-11-18,0.37661405967360007,13.300012533155286,0.14901909031839594
2023-11-19,0.40209922160640005,14.200013381263537,0.1591030889113701
2023-11-20,0.3992675369472001,14.100013287029288,0.15798264462326186
2023-11-21,0.37661405967360007,13.300012533155286,0.14901909031839594
2023-11-22,0.339802159104,12.00001130811003,0.13445331457298879
2023-11-23,0.4049309062656001,14.300013475497789,0.16022353319947832
2023-11-24,0.3879407983104,13.700012910092283,0.1535008674708289
2023-11-25,0.35962395171840006,12.700011967749782,0.1422964245897465
2023-11-26,0.29449520455680006,10.400009800362028,0.11652620596325698
2023-11-27,0.2540021139302401,8.97000845281225,0.10050385264330916
2023-11-28,0.2633466733056001,9.300008763785275,0.10420131879406634
2023-11-29,0.30582194319360007,10.80001017729903,0.12100798311568993
2023-11-30,0.35679226705920003,12.600011873515532,0.14117598030163825
2023-12-01,0.42758438353920003,15.100014229371789,0.16918708750434425
2023-12-02,0.4162576449024,14.700013852434788,0.16470531035191127
2023-12-03,0.4162576449024,14.700013852434788,0.16470531035191127
2023-12-04,0.4842180767232001,17.100016114056796,0.19159597326650907
2023-12-05,0.4757230227456001,16.800015831354045,0.18823464040218432
2023-12-06,0.43041606819840006,15.20001432360604,0.1703075317924525
2023-12-07,0.41342596024320005,14.600013758200538,0.16358486606380304
2023-12-08,0.40209922160640005,14.200013381263537,0.1591030889113701
2023-12-09,0.38510911365120004,13.600012815858035,0.15238042318272066
2023-12-10,0.35396058240000006,12.500011779281282,0.14005553601353002
2023-12-11,0.4502378608128001,15.900014983245793,0.17815064180921017
2023-12-12,0.43607943751680006,15.40001451207454,0.172548420368669
2023-12-13,0.4389111221760001,15.500014606308792,0.17366886465677722
2023-12-14,0.41342596024320005,14.600013758200538,0.16358486606380304
2023-12-15,0.4049309062656001,14.300013475497789,0.16022353319947832
2023-12-16,0.3171486818304,11.200010554236028,0.12548976026812286
2023-12-17,0.30865362785280004,10.900010271533278,0.12212842740379817
2023-12-18,0.30865362785280004,10.900010271533278,0.12212842740379817
2023-12-19,0.33130710512640005,11.70001102540728,0.1310919817086641
2023-12-20,0.35962395171840006,12.700011967749782,0.1422964245897465
2023-12-21,0.37378237501440004,13.200012438921034,0.14789864603028768
2023-12-22,0.36528732103680006,12.900012156218283,0.14453731316596297
2023-12-23,0.3624556363776001,12.800012061984035,0.14341686887785476
2023-12-24,0.34829721308160005,12.300011590812781,0.13781464743731353
2023-12-25,0.27382390654464006,9.670009112452002,0.10834696266006683
2023-12-26,0.29732688921600003,10.500009894596277,0.1176466502513652
2023-12-27,0.3171486818304,11.200010554236028,0.12548976026812286
2023-12-28,0.31148531251200007,11.00001036576753,0.12324887169190642
2023-12-29,0.31431699717120004,11.100010460001778,0.12436931598001465
2023-12-30,0.3284754204672,11.60001093117303,0.12997153742055584
2023-12-31,0.3511288977408001,12.400011685047033,0.1389350917254218
2024-01-01,0.3511288977408001,12.400011685047033,0.1389350917254218
2024-01-02,0.3341387897856001,11.800011119641532,0.13221242599677233
2024-01-03,0.32281205114880007,11.40001074270453,0.12773064884433938
2024-01-04,0.31998036648960004,11.300010648470279,0.12661020455623112
2024-01-05,0.3171486818304,11.200010554236028,0.12548976026812286
2024-01-06,0.31148531251200007,11.00001036576753,0.12324887169190642
2024-01-07,0.31148531251200007,11.00001036576753,0.12324887169190642
2024-01-08,0.30865362785280004,10.900010271533278,0.12212842740379817
2024-01-09,0.30582194319360007,10.80001017729903,0.12100798311568993
2024-01-10,0.30582194319360007,10.80001017729903,0.12100798311568993
2024-01-11,0.30582194319360007,10.80001017729903,0.12100798311568993
2024-01-12,0.30865362785280004,10.900010271533278,0.12212842740379817
2024-01-13,0.3171486818304,11.200010554236028,0.12548976026812286
2024-01-14,0.32281205114880007,11.40001074270453,0.12773064884433938
2024-01-15,0.31998036648960004,11.300010648470279,0.12661020455623112
2024-01-16,0.32564373580800005,11.50001083693878,0.1288510931324476
2024-01-17,0.35679226705920003,12.600011873515532,0.14117598030163825
2024-01-18,0.3879407983104,13.700012910092283,0.1535008674708289
2024-01-19,0.3879407983104,13.700012910092283,0.1535008674708289
2024-01-20,0.37095069035520006,13.100012344686784,0.14677820174217945
2024-01-21,0.3511288977408001,12.400011685047033,0.1389350917254218
2024-01-22,0.339802159104,12.00001130811003,0.13445331457298879
2024-01-23,0.3341387897856001,11.800011119641532,0.13221242599677233
2024-01-24,0.3284754204672,11.60001093117303,0.12997153742055584
2024-01-25,0.33130710512640005,11.70001102540728,0.1310919817086641
2024-01-26,0.32564373580800005,11.50001083693878,0.1288510931324476
2024-01-27,0.30582194319360007,10.80001017729903,0.12100798311568993
2024-01-28,0.27608925427200004,9.7500091878394,0.10924331809055342
2024-01-29,0.2916635198976001,10.300009706127778,0.11540576167514874
2024-01-30,0.30299025853440004,10.700010083064777,0.11988753882758169
2024-01-31,0.30582194319360007,10.80001017729903,0.12100798311568993
2024-02-01,0.3171486818304,11.200010554236028,0.12548976026812286
2024-02-02,0.33697047444480005,11.90001121387578,0.13333287028488058
2024-02-03,0.34263384376320005,12.10001140234428,0.13557375886109704
2024-02-04,0.34829721308160005,12.300011590812781,0.13781464743731353
2024-02-05,0.30582194319360007,10.80001017729903,0.12100798311568993
2024-02-06,0.3511288977408001,12.400011685047033,0.1389350917254218
2024-02-07,0.34263384376320005,12.10001140234428,0.13557375886109704
2024-02-08,0.34263384376320005,12.10001140234428,0.13557375886109704
2024-02-09,0.33697047444480005,11.90001121387578,0.13333287028488058
2024-02-10,0.33697047444480005,11.90001121387578,0.13333287028488058
2024-02-11,0.3171486818304,11.200010554236028,0.12548976026812286
2024-02-12,0.3511288977408001,12.400011685047033,0.1389350917254218
2024-02-13,0.31431699717120004,11.100010460001778,0.12436931598001465
2024-02-14,0.31148531251200007,11.00001036576753,0.12324887169190642
2024-02-15,0.3284754204672,11.60001093117303,0.12997153742055584
2024-02-16,0.3341387897856001,11.800011119641532,0.13221242599677233
2024-02-17,0.31431699717120004,11.100010460001778,0.12436931598001465
2024-02-18,0.32564373580800005,11.50001083693878,0.1288510931324476
2024-02-19,0.3907724829696001,13.800013004326537,0.15462131175893715
2024-02-20,0.34263384376320005,12.10001140234428,0.13557375886109704
2024-02-21,0.339802159104,12.00001130811003,0.13445331457298879
2024-02-22,0.33697047444480005,11.90001121387578,0.13333287028488058
2024-02-23,0.3171486818304,11.200010554236028,0.12548976026812286
2024-02-24,0.3001585738752,10.600009988830527,0.11876709453947344
2024-02-25,0.30582194319360007,10.80001017729903,0.12100798311568993
2024-02-26,0.339802159104,12.00001130811003,0.13445331457298879
2024-02-27,0.32281205114880007,11.40001074270453,0.12773064884433938
2024-02-28,0.29732688921600003,10.500009894596277,0.1176466502513652
2024-02-29,0.32564373580800005,11.50001083693878,0.1288510931324476
2024-03-01,0.32281205114880007,11.40001074270453,0.12773064884433938
2024-03-02,0.3284754204672,11.60001093117303,0.12997153742055584
2024-03-03,0.37095069035520006,13.100012344686784,0.14677820174217945
2024-03-04,0.37378237501440004,13.200012438921034,0.14789864603028768
2024-03-05,0.37378237501440004,13.200012438921034,0.14789864603028768
2024-03-06,0.37095069035520006,13.100012344686784,0.14677820174217945
2024-03-07,0.37095069035520006,13.100012344686784,0.14677820174217945
2024-03-08,0.36528732103680006,12.900012156218283,0.14453731316596297
2024-03-09,0.33130710512640005,11.70001102540728,0.1310919817086641
2024-03-10,0.34263384376320005,12.10001140234428,0.13557375886109704
2024-03-11,0.3511288977408001,12.400011685047033,0.1389350917254218
2024-03-12,0.3936041676288001,13.900013098560787,0.15574175604704538
2024-03-13,0.39643585228800005,14.000013192795036,0.1568622003351536
2024-03-14,0.3992675369472001,14.100013287029288,0.15798264462326186
2024-03-15,0.40209922160640005,14.200013381263537,0.1591030889113701
2024-03-16,0.3992675369472001,14.100013287029288,0.15798264462326186
2024-03-17,0.4190893295616001,14.80001394666904,0.16582575464001956
2024-03-18,0.42475269888000006,15.000014135137539,0.168066643216236
2024-03-19,0.45873291479040007,16.200015265948544,0.1815119746735349
2024-03-20,0.5181982926336001,18.300017244867796,0.20504130472380794
2024-03-21,0.5521785085440001,19.5000183756788,0.21848663618110684
2024-03-22,0.6144755710464,21.700020448832305,0.2431364105194881
2024-03-23,0.6371290483200001,22.500021202706307,0.25209996482435404
2024-03-24,0.6031488324096002,21.300020071895307,0.23865463336705517
2024-03-25,0.580495355136,20.5000193180213,0.22969107906218922
2024-03-26,0.5465151392256001,19.300018187210302,0.21624574760489035
2024-03-27,0.5833270397952002,20.600019412255556,0.23081152335029748
2024-03-28,0.5550101932032001,19.600018469913053,0.21960708046921507
2024-03-29,0.5323567159296001,18.80001771603905,0.21064352616434917
2024-03-30,0.5295250312704001,18.700017621804797,0.20952308187624089
2024-03-31,0.5550101932032001,19.600018469913053,0.21960708046921507
2024-04-01,0.5295250312704001,18.700017621804797,0.20952308187624089
2024-04-02,0.5210299772928,18.400017339102046,0.20616174901191614
2024-04-03,0.5776636704768,20.40001922378705,0.22857063477408093
2024-04-04,0.7334063267328,25.900024406670816,0.29019507062003413
2024-04-05,0.9174658295808001,32.40003053189709,0.3630239493470698
2024-04-06,0.9910896307200001,35.00003298198759,0.39215550083788403
2024-04-07,0.8551687670784001,30.200028458743578,0.3383741750086885
2024-04-08,0.8126934971904001,28.700027045229824,0.3215675106870649
2024-04-09,0.8438420284416002,29.80002808180658,0.3338923978562556
2024-04-10,0.8013667585536002,28.300026668292826,0.31708573353463193
2024-04-11,0.8098618125312002,28.600026950995577,0.32044706639895665
2024-04-12,1.0562183778816001,37.30003514937535,0.4179257194643735
2024-04-13,1.5885750938112002,56.1000528654144,0.6285692456287227
2024-04-14,2.1888922415616,77.30007284307544,0.8661034347076695
2024-04-15,2.6646152643072,94.10008867442949,1.054338075109854
2024-04-16,2.3304764745216002,82.30007755478796,0.9221256491130816
2024-04-17,1.8122781818880003,64.00006030992017,0.7170843443892737
2024-04-18,1.7471494347264003,61.70005814253241,0.6913141257627842
2024-04-19,1.7726345966592003,62.60005899064066,0.7013981243557583
2024-04-20,1.9142188296192002,67.60006370235317,0.7574203387611702
2024-04-21,2.0756248551936003,73.30006907370544,0.82128566318334
2024-04-22,2.6787736876032002,94.60008914560073,1.059940296550395
2024-04-23,3.0299025853440003,107.00010083064777,1.198875388275817
2024-04-24,3.8510911365120006,136.00012815858037,1.5238042318272067
2024-04-25,4.813863920640001,170.00016019822544,1.9047552897840083
2024-04-26,4.38911122176,155.0001460630879,1.736688646567772
2024-04-27,3.5112889774080007,124.00011685047033,1.3893509172542178
2024-04-28,2.8600015057920003,101.00009517659277,1.1316487309893224
2024-04-29,2.4890508154368005,87.90008283190599,0.984870529247143
2024-04-30,2.6249716790784006,92.70008735515,1.0386518550763386
2024-05-01,2.9449520455680003,104.00009800362027,1.1652620596325696
2024-05-02,2.5513478779392003,90.10008490505948,1.0095203035855242
2024-05-03,2.6079815711232004,92.1000867897445,1.0319291893476892
2024-05-04,3.0299025853440003,107.00010083064777,1.198875388275817
2024-05-05,4.162576449024001,147.00013852434788,1.647053103519113
2024-05-06,4.7572302274560005,168.00015831354042,1.8823464040218432
2024-05-07,3.5396058240000006,125.00011779281283,1.4005553601353002
2024-05-08,2.8883183523840006,102.00009611893528,1.1428531738704049
2024-05-09,2.5032092387328007,88.40008330307724,0.9904727506876844
2024-05-10,2.2993279432704004,81.20007651821122,0.9098007619438909
2024-05-11,2.2596843580416004,79.80007519893171,0.8941145419103756
2024-05-12,2.3927735370240004,84.50007962794147,0.9467754234514629
2024-05-13,3.1431699717120005,111.00010460001779,1.2436931598001466
2024-05-14,4.643962841088,164.0001545441704,1.8375286324975137
2024-05-15,5.720003011584001,202.00019035318553,2.263297461978645
2024-05-16,6.427924176384001,227.0002139117481,2.543408534005705
2024-05-17,7.758815966208001,274.0002582018457,3.0700173494165774
2024-05-18,8.891489829888002,314.00029589554583,3.518195064659874
2024-05-19,9.344559375360001,330.0003109730259,3.697466150757192
2024-05-20,9.174658295808001,324.00030531897085,3.630239493470698
2024-05-21,8.948123523072,316.0002977802308,3.5406039504220383
2024-05-22,6.767726335488001,239.0002252198581,2.6778618485786936
2024-05-23,6.003171477504001,212.00019977661054,2.375341890789469
2024-05-24,5.550101932032001,196.0001846991305,2.1960708046921504
2024-05-25,5.351884005888,189.00017810273297,2.1176397045245734
2024-05-26,5.550101932032001,196.0001846991305,2.1960708046921504
2024-05-27,5.436834545664,192.0001809297605,2.1512530331678206
2024-05-28,6.824360028672001,241.00022710454314,2.700270734340859
2024-05-29,8.721588750336002,308.0002902414908,3.45096840737338
2024-05-30,10.477233239040002,370.000348666726,4.145643866000489
2024-05-31,11.694857642496002,413.0003891874536,4.6274349098870315
2024-06-01,10.958619631104002,387.0003646865485,4.336119394978889
2024-06-02,12.827531506176001,453.00042688115366,5.0756126251303275
2024-06-03,12.855848352768001,454.0004278234962,5.08681706801141
2024-06-04,13.903571676672001,491.0004626901688,5.501381454611459
2024-06-05,15.432681392640003,545.0005135766639,6.106421370189908
2024-06-06,16.791890029056002,593.0005588091041,6.644234628481864
2024-06-07,17.018424801792,601.000566347844,6.733870171530522
2024-06-08,16.820206875648,594.0005597514465,6.655439071362946
2024-06-09,16.112285710848003,569.0005361928839,6.375327999335886
2024-06-10,16.508721563136003,583.000549385679,6.5321901996710405
2024-06-11,14.356641222144003,507.0004777676488,5.680652540708778
2024-06-12,13.365551591424001,472.0004447856612,5.288497039870893
2024-06-13,12.685947273216001,448.00042216944115,5.019590410724915
2024-06-14,12.119610341376001,428.00040332259107,4.795501553103268
2024-06-15,9.797628920832002,346.0003260505059,3.876737236854511
2024-06-16,9.571094148096002,338.0003185117659,3.7871016938058517
2024-06-17,9.259608835584002,327.00030814599836,3.6638528221139457
2024-06-18,8.438420284416,298.00028081806573,3.3389239785625553
2024-06-19,7.192479034368001,254.00023935499567,2.84592849179493
2024-06-20,6.682775795712001,236.0002223928306,2.6442485199354464
2024-06-21,7.503964346880001,265.0002497207632,2.9691773634868364
2024-06-22,7.787132812800001,275.0002591441882,3.0812217922976606
2024-06-23,6.569508409344001,232.00021862346063,2.599430748411117
2024-06-24,5.748319858176001,203.00019129552803,2.2745019048597275
2024-06-25,5.295250312704001,187.00017621804798,2.095230818762409
2024-06-26,4.898814460416001,173.00016302525296,1.9383686184272555
2024-06-27,5.0970323865600005,180.00016962165046,2.0167997185948323
2024-06-28,5.578418778624001,197.00018564147302,2.207275247573233
2024-06-29,4.700596534272001,166.00015642885543,1.8599375182596787
2024-06-30,4.134259602432,146.00013758200538,1.6358486606380305
2024-07-01,4.785547074048001,169.00015925588295,1.8935508469029259
2024-07-02,5.181982926336,183.00017244867797,2.0504130472380795
2024-07-03,3.9077248296960008,138.00013004326536,1.5462131175893714
2024-07-04,3.1431699717120005,111.00010460001779,1.2436931598001466
2024-07-05,2.6447934716928008,93.40008801478976,1.0464949650930964
2024-07-06,2.3361398438400003,82.50007774325647,0.924366537689298
2024-07-07,2.1011100171264006,74.20006992181371,0.8313696617763142
2024-07-08,1.9510307301888004,68.90006492739843,0.7719861145065775
2024-07-09,1.8349316591616003,64.80006106379417,0.7260478986941395
2024-07-10,1.7216642727936002,60.80005729442416,0.68123012716981
2024-07-11,1.6310503636992002,57.60005427892815,0.6453759099503463
2024-07-12,1.5347730852864003,54.200051074963646,0.6072808041546661
2024-07-13,1.4696443381248,51.90004890757588,0.5815105855281766
2024-07-14,1.3903571676672002,49.10004626901688,0.5501381454611459
2024-07-15,1.3252284205056002,46.80004410162912,0.5243679268346564
2024-07-16,1.316733366528,46.500043818926365,0.5210065939703316
2024-07-17,1.3875254830080002,49.000046174782625,0.5490177011730376
2024-07-18,1.2516046193664003,44.20004165153862,0.4952363753438422
2024-07-19,1.1893075568640001,42.000039578385106,0.4705866010054608
2024-07-20,1.0788718551552001,38.10003590324935,0.42688927376923946
2024-07-21,1.0222381619712002,36.100034018564344,0.4044803880070747
2024-07-22,0.9939213153792001,35.10003307622184,0.3932759451259923
2024-07-23,0.9004757216256002,31.800029966491586,0.35630128361842034
2024-07-24,0.8466737131008001,29.900028176040827,0.3350128421443638
2024-07-25,0.8041984432128001,28.400026762527073,0.3182061778227402
2024-07-26,0.7957033892352001,28.100026479824322,0.31484484495841547
2024-07-27,0.8693271903744001,30.70002892991483,0.34397639644922967
2024-07-28,0.7957033892352001,28.100026479824322,0.31484484495841547
2024-07-29,0.7220795880960001,25.50002402973382,0.2857132934676012
2024-07-30,0.6739409488896001,23.80002242775156,0.26666574056976117
2024-07-31,0.6314656790016001,22.30002101423781,0.24985907624813755
2024-08-01,0.5946537784320001,21.000019789192553,0.2352933005027304
2024-08-02,0.5776636704768,20.40001922378705,0.22857063477408093
2024-08-03,0.5606735625216,19.80001865838155,0.22184796904543155
2024-08-04,0.5833270397952002,20.600019412255556,0.23081152335029748
2024-08-05,0.6626142102528001,23.40002205081456,0.2621839634173282
2024-08-06,0.5946537784320001,21.000019789192553,0.2352933005027304
2024-08-07,0.5748319858176001,20.300019129552805,0.22745019048597273
2024-08-08,0.580495355136,20.5000193180213,0.22969107906218922
2024-08-09,0.6399607329792001,22.600021296940557,0.25322040911246224
2024-08-10,0.6739409488896001,23.80002242775156,0.26666574056976117
2024-08-11,0.7985350738944001,28.200026574058576,0.31596528924652373
2024-08-12,0.6711092642304001,23.70002233351731,0.26554529628165285
2024-08-13,0.6342973636608,22.400021108472057,0.2509795205362457
2024-08-14,0.6767726335488,23.90002252198581,0.26778618485786937
2024-08-15,0.6824360028672002,24.100022710454315,0.2700270734340859
2024-08-16,0.5918220937728,20.900019694958303,0.23417285621462217
2024-08-17,0.5408517699072001,19.100017998741798,0.21400485902867383
2024-08-18,0.5181982926336001,18.300017244867796,0.20504130472380794
2024-08-19,0.49554481536000006,17.500016490993794,0.19607775041894202
2024-08-20,0.4757230227456001,16.800015831354045,0.18823464040218432
2024-08-21,0.5040398693376001,17.800016773696548,0.1994390832832668
2024-08-22,0.4842180767232001,17.100016114056796,0.19159597326650907
2024-08-23,0.5153666079744,18.200017150633546,0.2039208604356997
2024-08-24,0.5493468238848,19.40001828144455,0.21736619189299855
2024-08-25,0.5295250312704001,18.700017621804797,0.20952308187624089
2024-08-26,0.5465151392256001,19.300018187210302,0.21624574760489035
2024-08-27,0.49554481536000006,17.500016490993794,0.19607775041894202
2024-08-28,0.45873291479040007,16.200015265948544,0.1815119746735349
2024-08-29,0.4389111221760001,15.500014606308792,0.17366886465677722
2024-08-30,0.42758438353920003,15.100014229371789,0.16918708750434425
2024-08-31,0.4105942755840001,14.500013663966289,0.1624644217756948
2024-09-01,0.40209922160640005,14.200013381263537,0.1591030889113701
2024-09-02,0.3879407983104,13.700012910092283,0.1535008674708289
2024-09-03,0.3794457443328001,13.400012627389536,0.1501395346065042
2024-09-04,0.3907724829696001,13.800013004326537,0.15462131175893715
2024-09-05,0.44174280683520006,15.60001470054304,0.17478930894488545
2024-09-06,0.4105942755840001,14.500013663966289,0.1624644217756948
2024-09-07,0.38510911365120004,13.600012815858035,0.15238042318272066
2024-09-08,0.37095069035520006,13.100012344686784,0.14677820174217945
2024-09-09,0.36528732103680006,12.900012156218283,0.14453731316596297
2024-09-10,0.36528732103680006,12.900012156218283,0.14453731316596297
2024-09-11,0.37095069035520006,13.100012344686784,0.14677820174217945
2024-09-12,0.3624556363776001,12.800012061984035,0.14341686887785476
2024-09-13,0.3341387897856001,11.800011119641532,0.13221242599677233
2024-09-14,0.3284754204672,11.60001093117303,0.12997153742055584
2024-09-15,0.32281205114880007,11.40001074270453,0.12773064884433938
2024-09-16,0.3341387897856001,11.800011119641532,0.13221242599677233
2024-09-17,0.35679226705920003,12.600011873515532,0.14117598030163825
2024-09-18,0.35679226705920003,12.600011873515532,0.14117598030163825
2024-09-19,0.3341387897856001,11.800011119641532,0.13221242599677233
2024-09-20,0.32564373580800005,11.50001083693878,0.1288510931324476
2024-09-21,0.33130710512640005,11.70001102540728,0.1310919817086641
2024-09-22,0.3879407983104,13.700012910092283,0.1535008674708289
2024-09-23,0.35396058240000006,12.500011779281282,0.14005553601353002
2024-09-24,0.34263384376320005,12.10001140234428,0.13557375886109704
2024-09-25,0.3341387897856001,11.800011119641532,0.13221242599677233
2024-09-26,0.32281205114880007,11.40001074270453,0.12773064884433938
2024-09-27,0.3171486818304,11.200010554236028,0.12548976026812286
2024-09-28,0.31431699717120004,11.100010460001778,0.12436931598001465
2024-09-29,0.30865362785280004,10.900010271533278,0.12212842740379817
2024-09-30,0.30582194319360007,10.80001017729903,0.12100798311568993
2024-10-01,0.3001585738752,10.600009988830527,0.11876709453947344
2024-10-02,0.3001585738752,10.600009988830527,0.11876709453947344
2024-10-03,0.30299025853440004,10.700010083064777,0.11988753882758169
2024-10-04,0.30299025853440004,10.700010083064777,0.11988753882758169
2024-10-05,0.30582194319360007,10.80001017729903,0.12100798311568993
2024-10-06,0.30582194319360007,10.80001017729903,0.12100798311568993
2024-10-07,0.30299025853440004,10.700010083064777,0.11988753882758169
2024-10-08,0.30299025853440004,10.700010083064777,0.11988753882758169
2024-10-09,0.30865362785280004,10.900010271533278,0.12212842740379817
2024-10-10,0.31431699717120004,11.100010460001778,0.12436931598001465
2024-10-11,0.31148531251200007,11.00001036576753,0.12324887169190642
2024-10-12,0.30582194319360007,10.80001017729903,0.12100798311568993
2024-10-13,0.30582194319360007,10.80001017729903,0.12100798311568993
2024-10-14,0.29732688921600003,10.500009894596277,0.1176466502513652
2024-10-15,0.30299025853440004,10.700010083064777,0.11988753882758169
2024-10-16,0.30582194319360007,10.80001017729903,0.12100798311568993
2024-10-17,0.31431699717120004,11.100010460001778,0.12436931598001465
2024-10-18,0.3341387897856001,11.800011119641532,0.13221242599677233
2024-10-19,0.32564373580800005,11.50001083693878,0.1288510931324476
2024-10-20,0.31431699717120004,11.100010460001778,0.12436931598001465
2024-10-21,0.4162576449024,14.700013852434788,0.16470531035191127
2024-10-22,0.43607943751680006,15.40001451207454,0.172548420368669
2024-10-23,0.4389111221760001,15.500014606308792,0.17366886465677722
2024-10-24,0.42758438353920003,15.100014229371789,0.16918708750434425
2024-10-25,0.41342596024320005,14.600013758200538,0.16358486606380304
2024-10-26,0.3992675369472001,14.100013287029288,0.15798264462326186
2024-10-27,0.38227742899200007,13.500012721623786,0.15125997889461243
2024-10-28,0.37661405967360007,13.300012533155286,0.14901909031839594
2024-10-29,0.49271313070080003,17.400016396759543,0.19495730613083376
2024-10-30,0.46722796876800005,16.50001554865129,0.1848733075378596
2024-10-31,0.4190893295616001,14.80001394666904,0.16582575464001956
2024-11-01,0.37095069035520006,13.100012344686784,0.14677820174217945
2024-11-02,0.37661405967360007,13.300012533155286,0.14901909031839594
2024-11-03,0.3907724829696001,13.800013004326537,0.15462131175893715
2024-11-04,0.39643585228800005,14.000013192795036,0.1568622003351536
2024-11-05,0.37095069035520006,13.100012344686784,0.14677820174217945
2024-11-06,0.38510911365120004,13.600012815858035,0.15238042318272066
2024-11-07,0.36811900569600003,13.000012250452533,0.1456577574540712
2024-11-08,0.41342596024320005,14.600013758200538,0.16358486606380304
2024-11-09,0.39643585228800005,14.000013192795036,0.1568622003351536
2024-11-10,0.35962395171840006,12.700011967749782,0.1422964245897465
2024-11-11,0.38227742899200007,13.500012721623786,0.15125997889461243
2024-11-12,0.3794457443328001,13.400012627389536,0.1501395346065042
2024-11-13,0.3794457443328001,13.400012627389536,0.1501395346065042
2024-11-14,0.34263384376320005,12.10001140234428,0.13557375886109704
2024-11-15,0.35396058240000006,12.500011779281282,0.14005553601353002
2024-11-16,0.3341387897856001,11.800011119641532,0.13221242599677233
2024-11-17,0.30299025853440004,10.700010083064777,0.11988753882758169
2024-11-18,0.35962395171840006,12.700011967749782,0.1422964245897465
2024-11-19,0.36811900569600003,13.000012250452533,0.1456577574540712
2024-11-20,0.34829721308160005,12.300011590812781,0.13781464743731353
2024-11-21,0.38227742899200007,13.500012721623786,0.15125997889461243
2024-11-22,0.3992675369472001,14.100013287029288,0.15798264462326186
2024-11-23,0.4105942755840001,14.500013663966289,0.1624644217756948
2024-11-24,0.3907724829696001,13.800013004326537,0.15462131175893715
2024-11-25,0.37661405967360007,13.300012533155286,0.14901909031839594
2024-11-26,0.3794457443328001,13.400012627389536,0.1501395346065042
2024-11-27,0.37378237501440004,13.200012438921034,0.14789864603028768
2024-11-28,0.3454655284224,12.200011496578531,0.1366942031492053
2024-11-29,0.339802159104,12.00001130811003,0.13445331457298879
2024-11-30,0.35962395171840006,12.700011967749782,0.1422964245897465
2024-12-01,0.36811900569600003,13.000012250452533,0.1456577574540712
2024-12-02,0.35396058240000006,12.500011779281282,0.14005553601353002
2024-12-03,0.35962395171840006,12.700011967749782,0.1422964245897465
2024-12-04,0.35679226705920003,12.600011873515532,0.14117598030163825
2024-12-05,0.35396058240000006,12.500011779281282,0.14005553601353002
2024-12-06,0.34263384376320005,12.10001140234428,0.13557375886109704
2024-12-07,0.339802159104,12.00001130811003,0.13445331457298879
2024-12-08,0.33697047444480005,11.90001121387578,0.13333287028488058
2024-12-09,0.339802159104,12.00001130811003,0.13445331457298879
2024-12-10,0.3341387897856001,11.800011119641532,0.13221242599677233
2024-12-11,0.32281205114880007,11.40001074270453,0.12773064884433938
2024-12-12,0.31998036648960004,11.300010648470279,0.12661020455623112
2024-12-13,0.3171486818304,11.200010554236028,0.12548976026812286
2024-12-14,0.3171486818304,11.200010554236028,0.12548976026812286
2024-12-15,0.3171486818304,11.200010554236028,0.12548976026812286
2024-12-16,0.31431699717120004,11.100010460001778,0.12436931598001465
2024-12-17,0.31431699717120004,11.100010460001778,0.12436931598001465
2024-12-18,0.30582194319360007,10.80001017729903,0.12100798311568993
2024-12-19,0.3001585738752,10.600009988830527,0.11876709453947344
2024-12-20,0.29449520455680006,10.400009800362028,0.11652620596325698
2024-12-21,0.29449520455680006,10.400009800362028,0.11652620596325698
2024-12-22,0.30299025853440004,10.700010083064777,0.11988753882758169
2024-12-23,0.30865362785280004,10.900010271533278,0.12212842740379817
2024-12-24,0.30865362785280004,10.900010271533278,0.12212842740379817
2024-12-25,0.30865362785280004,10.900010271533278,0.12212842740379817
2024-12-26,0.30865362785280004,10.900010271533278,0.12212842740379817
2024-12-27,0.31148531251200007,11.00001036576753,0.12324887169190642
2024-12-28,0.31431699717120004,11.100010460001778,0.12436931598001465
2024-12-29,0.31998036648960004,11.300010648470279,0.12661020455623112
2024-12-30,0.3171486818304,11.200010554236028,0.12548976026812286
2024-12-31,0.29449520455680006,10.400009800362028,0.11652620596325698
2025-01-01,0.31431699717120004,11.100010460001778,0.12436931598001465
2025-01-02,0.3511288977408001,12.400011685047033,0.1389350917254218
2025-01-03,0.38227742899200007,13.500012721623786,0.15125997889461243
2025-01-04,0.35679226705920003,12.600011873515532,0.14117598030163825
2025-01-05,0.3454655284224,12.200011496578531,0.1366942031492053
2025-01-06,0.34263384376320005,12.10001140234428,0.13557375886109704
2025-01-07,0.339802159104,12.00001130811003,0.13445331457298879
2025-01-08,0.3001585738752,10.600009988830527,0.11876709453947344
2025-01-09,0.33130710512640005,11.70001102540728,0.1310919817086641
2025-01-10,0.31998036648960004,11.300010648470279,0.12661020455623112
2025-01-11,0.31998036648960004,11.300010648470279,0.12661020455623112
2025-01-12,0.31998036648960004,11.300010648470279,0.12661020455623112
2025-01-13,0.31148531251200007,11.00001036576753,0.12324887169190642
2025-01-14,0.30299025853440004,10.700010083064777,0.11988753882758169
2025-01-15,0.30582194319360007,10.80001017729903,0.12100798311568993
2025-01-16,0.30865362785280004,10.900010271533278,0.12212842740379817
2025-01-17,0.30865362785280004,10.900010271533278,0.12212842740379817
2025-01-18,0.31148531251200007,11.00001036576753,0.12324887169190642
2025-01-19,0.30865362785280004,10.900010271533278,0.12212842740379817
2025-01-20,0.30865362785280004,10.900010271533278,0.12212842740379817
2025-01-21,0.30582194319360007,10.80001017729903,0.12100798311568993
2025-01-22,0.30582194319360007,10.80001017729903,0.12100798311568993
2025-01-23,0.30582194319360007,10.80001017729903,0.12100798311568993
2025-01-24,0.31148531251200007,11.00001036576753,0.12324887169190642
2025-01-25,0.3171486818304,11.200010554236028,0.12548976026812286
2025-01-26,0.31998036648960004,11.300010648470279,0.12661020455623112
2025-01-27,0.3171486818304,11.200010554236028,0.12548976026812286
2025-01-28,0.31148531251200007,11.00001036576753,0.12324887169190642
2025-01-29,0.30582194319360007,10.80001017729903,0.12100798311568993
2025-01-30,0.30299025853440004,10.700010083064777,0.11988753882758169
2025-01-31,0.30299025853440004,10.700010083064777,0.11988753882758169
2025-02-01,0.30582194319360007,10.80001017729903,0.12100798311568993
2025-02-02,0.31148531251200007,11.00001036576753,0.12324887169190642
2025-02-03,0.31998036648960004,11.300010648470279,0.12661020455623112
2025-02-04,0.3284754204672,11.60001093117303,0.12997153742055584
2025-02-05,0.3284754204672,11.60001093117303,0.12997153742055584
2025-02-06,0.32564373580800005,11.50001083693878,0.1288510931324476
2025-02-07,0.339802159104,12.00001130811003,0.13445331457298879
2025-02-08,0.339802159104,12.00001130811003,0.13445331457298879
2025-02-09,0.31998036648960004,11.300010648470279,0.12661020455623112
2025-02-10,0.2916635198976001,10.300009706127778,0.11540576167514874
2025-02-11,0.33130710512640005,11.70001102540728,0.1310919817086641
2025-02-12,0.33697047444480005,11.90001121387578,0.13333287028488058
2025-02-13,0.30865362785280004,10.900010271533278,0.12212842740379817
2025-02-14,0.35396058240000006,12.500011779281282,0.14005553601353002
2025-02-15,0.34829721308160005,12.300011590812781,0.13781464743731353
2025-02-16,0.33130710512640005,11.70001102540728,0.1310919817086641
2025-02-17,0.3511288977408001,12.400011685047033,0.1389350917254218
2025-02-18,0.35679226705920003,12.600011873515532,0.14117598030163825
2025-02-19,0.34829721308160005,12.300011590812781,0.13781464743731353
2025-02-20,0.34263384376320005,12.10001140234428,0.13557375886109704
2025-02-21,0.34263384376320005,12.10001140234428,0.13557375886109704
2025-02-22,0.31998036648960004,11.300010648470279,0.12661020455623112
2025-02-23,0.31431699717120004,11.100010460001778,0.12436931598001465
2025-02-24,0.3454655284224,12.200011496578531,0.1366942031492053
2025-02-25,0.35396058240000006,12.500011779281282,0.14005553601353002
2025-02-26,0.30299025853440004,10.700010083064777,0.11988753882758169
2025-02-27,0.3001585738752,10.600009988830527,0.11876709453947344
2025-02-28,0.34829721308160005,12.300011590812781,0.13781464743731353
2025-03-01,0.3624556363776001,12.800012061984035,0.14341686887785476
2025-03-02,0.37661405967360007,13.300012533155286,0.14901909031839594
2025-03-03,0.3992675369472001,14.100013287029288,0.15798264462326186
2025-03-04,0.3907724829696001,13.800013004326537,0.15462131175893715
2025-03-05,0.3936041676288001,13.900013098560787,0.15574175604704538
2025-03-06,0.3992675369472001,14.100013287029288,0.15798264462326186
2025-03-07,0.3992675369472001,14.100013287029288,0.15798264462326186
2025-03-08,0.36811900569600003,13.000012250452533,0.1456577574540712
2025-03-09,0.3454655284224,12.200011496578531,0.1366942031492053
2025-03-10,0.35679226705920003,12.600011873515532,0.14117598030163825
2025-03-11,0.36528732103680006,12.900012156218283,0.14453731316596297
2025-03-12,0.40209922160640005,14.200013381263537,0.1591030889113701
2025-03-13,0.4105942755840001,14.500013663966289,0.1624644217756948
2025-03-14,0.45306954547200007,16.000015077480043,0.17927108609731843
2025-03-15,0.44740617615360007,15.80001488901154,0.17703019752110194
2025-03-16,0.42758438353920003,15.100014229371789,0.16918708750434425
2025-03-17,0.4332477528576001,15.300014417840291,0.17142797608056076
2025-03-18,0.42758438353920003,15.100014229371789,0.16918708750434425
2025-03-19,0.43041606819840006,15.20001432360604,0.1703075317924525
2025-03-20,0.37661405967360007,13.300012533155286,0.14901909031839594
2025-03-21,0.41342596024320005,14.600013758200538,0.16358486606380304
2025-03-22,0.42475269888000006,15.000014135137539,0.168066643216236
2025-03-23,0.42475269888000006,15.000014135137539,0.168066643216236
2025-03-24,0.4643962841088,16.40001545441704,0.18375286324975137
2025-03-25,0.5720003011584001,20.20001903531855,0.2263297461978645
2025-03-26,0.7050894801408001,24.900023464328314,0.2789906277389518
2025-03-27,0.8523370824192001,30.100028364509328,0.3372537307205803
2025-03-28,0.9372876221952002,33.10003119153684,0.3708670593638275
2025-03-29,0.9146341449216001,32.30003043766283,0.36190350505896157
2025-03-30,0.9684361534464002,34.20003222811359,0.38319194653301814
2025-03-31,1.0024163693568,35.40003335892459,0.39663727799031695
2025-04-01,0.8891489829888001,31.40002958955458,0.35181950646598736
2025-04-02,0.8098618125312002,28.600026950995577,0.32044706639895665
2025-04-03,0.8041984432128001,28.400026762527073,0.3182061778227402
2025-04-04,0.7503964346880001,26.500024972076318,0.2969177363486836
2025-04-05,0.7135845341184001,25.200023747031064,0.2823519606032765
2025-04-06,0.7079211648000001,25.000023558562564,0.28011107202706004
2025-04-07,0.7022577954816002,24.800023370094067,0.2778701834508436
2025-04-08,0.7758815966208,27.400025820184567,0.3070017349416578
2025-04-09,0.9542777301504002,33.70003175694234,0.37758972509247696
2025-04-10,1.2034659801600003,42.50004004955636,0.4761888224460021
2025-04-11,1.6480404716544004,58.20005484433366,0.6520985756789959
2025-04-12,2.4324171222528004,85.90008094722097,0.9624616434849783
2025-04-13,2.9449520455680003,104.00009800362027,1.1652620596325696
2025-04-14,3.0015857387520004,106.00009988830527,1.1876709453947345
2025-04-15,3.1431699717120005,111.00010460001779,1.2436931598001466
2025-04-16,3.4829721308160004,123.00011590812781,1.3781464743731355
2025-04-17,3.6245563637760005,128.00012061984035,1.4341686887785474
2025-04-18,3.2564373580800003,115.00010836938779,1.288510931324476
2025-04-19,2.4522389148672,86.60008160686071,0.9703047535017358
2025-04-20,2.0529713779200005,72.50006831983144,0.8123221088784742
2025-04-21,1.8943970370048004,66.90006304271343,0.7495772287444127
2025-04-22,2.0303179006464003,71.70006756595744,0.8033585545736082
2025-04-23,2.4239220682752003,85.60008066451822,0.9591003106206535
2025-04-24,2.7439024347648004,96.90009131298851,1.0857105151768847
2025-04-25,3.0015857387520004,106.00009988830527,1.1876709453947345
2025-04-26,3.6528732103680004,129.00012156218284,1.4453731316596297
2025-04-27,4.474061761536,158.0001488901154,1.7703019752110192
2025-04-28,4.190893295616001,148.0001394666904,1.6582575464001956
2025-04-29,3.2847542046720006,116.00010931173031,1.2997153742055585
2025-04-30,2.9449520455680003,104.00009800362027,1.1652620596325696
2025-05-01,2.7863777046528004,98.40009272650225,1.1025171794985082
2025-05-02,2.6674469489664006,94.20008876866375,1.0554585193979622
2025-05-03,3.1148531251200007,110.0001036576753,1.2324887169190641
2025-05-04,4.162576449024001,147.00013852434788,1.647053103519113
2025-05-05,4.898814460416001,173.00016302525296,1.9383686184272555
2025-05-06,4.870497613824001,172.00016208291046,1.927164175546173
2025-05-07,4.105942755840001,145.00013663966288,1.6246442177569484
2025-05-08,3.7661405967360007,133.00012533155285,1.4901909031839593
2025-05-09,4.332477528576001,153.0001441784029,1.7142797608056075
2025-05-10,5.691686164992001,201.00018941084303,2.2520930190975625
2025-05-11,6.9376274150400015,245.00023087391315,2.7450885058651884
2025-05-12,7.957033892352001,281.0002647982432,3.148448449584155
2025-05-13,8.806539290112001,311.0002930685183,3.4845817360166262
2025-05-14,7.645548579840002,270.00025443247574,3.0251995778922485
2025-05-15,5.918220937728001,209.00019694958306,2.341728562146222
2025-05-16,4.8421807672320005,171.00016114056794,1.9159597326650903
2025-05-17,4.134259602432,146.00013758200538,1.6358486606380305
2025-05-18,3.9077248296960008,138.00013004326536,1.5462131175893714
2025-05-19,3.8510911365120006,136.00012815858037,1.5238042318272067
2025-05-20,3.3980215910400005,120.00011308110031,1.344533145729888
2025-05-21,3.1148531251200007,110.0001036576753,1.2324887169190641
2025-05-22,3.3130710512640005,117.00011025407281,1.3109198170866407
2025-05-23,4.474061761536,158.0001488901154,1.7703019752110192
2025-05-24,5.918220937728001,209.00019694958306,2.341728562146222
2025-05-25,6.597825255936001,233.0002195658031,2.6106351912921992
2025-05-26,6.626142102528001,234.00022050814562,2.6218396341732815
2025-05-27,6.173072557056001,218.00020543066557,2.4425685480759634
2025-05-28,6.880993721856001,243.00022898922813,2.722679620103023
2025-05-29,7.560598040064001,267.00025160544817,2.991586249249001
2025-05-30,7.730499119616002,273.0002572595032,3.0588129065354956
2025-05-31,8.749905596928002,309.0002911838333,3.462172850254462
2025-06-01,9.656044687872,341.00032133879336,3.8207150224490984
2025-06-02,9.797628920832002,346.0003260505059,3.876737236854511
2025-06-03,10.194064773120001,360.0003392433009,4.033599437189665
2025-06-04,9.033074062848002,319.00030060725834,3.574217279065286
2025-06-05,7.702182273024001,272.00025631716073,3.0476084636544134
2025-06-06,7.617231733248001,269.0002534901332,3.013995135011166
2025-06-07,7.135845341184001,252.00023747031065,2.823519606032765
2025-06-08,7.0225779548160014,248.00023370094067,2.7787018345084356
2025-06-09,8.041984432128002,284.0002676252708,3.182061778227402
2025-06-10,7.843766505984001,277.00026102887324,3.1036306780598246
2025-06-11,7.334063267328001,259.00024406670815,2.901950706200342
2025-06-12,6.796043182080001,240.00022616220062,2.689066291459776
2025-06-13,6.852676875264001,242.0002280468856,2.7114751772219408
2025-06-14,6.654458949120001,235.0002214504881,2.633044077054364
2025-06-15,6.258023096832001,221.00020825769306,2.4761818767192105
2025-06-16,5.691686164992001,201.00018941084303,2.2520930190975625
2025-06-17,5.266933466112,186.00017527570546,2.084026375881326
2025-06-18,4.474061761536,158.0001488901154,1.7703019752110192
2025-06-19,4.219210142208,149.00014040903287,1.6694619892812776
2025-06-20,4.020992216064001,142.0001338126354,1.591030889113701
2025-06-21,4.049309062656,143.00013475497786,1.6022353319947833
2025-06-22,3.6245563637760005,128.00012061984035,1.4341686887785474
2025-06-23,3.2564373580800003,115.00010836938779,1.288510931324476
2025-06-24,2.9732688921600006,105.00009894596278,1.176466502513652
2025-06-25,2.6419617870336003,93.30008792055548,1.0453745208049878
2025-06-26,2.3757834290688007,83.90007906253598,0.9400527577228135
2025-06-27,2.1832288722432,77.10007265460695,0.8638625461314531
2025-06-28,2.0161594773504006,71.20006709478619,0.7977563331330672
2025-06-29,1.9397039915520002,68.50006455046143,0.7675043373541444
2025-06-30,1.8320999745024003,64.70006096955991,0.7249274544060313
2025-07-01,1.7188325881344004,60.70005720018992,0.6801096828817018
2025-07-02,1.6706939489280002,59.00005559820765,0.6610621299838616
2025-07-03,1.6876840568832003,59.60005616361316,0.6677847957125111
2025-07-04,1.7924563892736003,63.30005965028042,0.709241234372516
2025-07-05,1.7867930199552002,63.10005946181192,0.7070003457962996
2025-07-06,1.5432681392640002,54.50005135766639,0.6106421370189908
2025-07-07,1.359208636416,48.00004523244012,0.5378132582919551
2025-07-08,1.2289511420928,43.40004089766461,0.4862728210389762
2025-07-09,1.1298421790208002,39.900037599465854,0.4470572709551878
2025-07-10,1.0873669091328002,38.4000361859521,0.43025060663356424
2025-07-11,1.0562183778816001,37.30003514937535,0.4179257194643735
2025-07-12,0.9910896307200001,35.00003298198759,0.39215550083788403
2025-07-13,0.9316242528768001,32.900031003068335,0.368626170787611
2025-07-14,0.8863172983296002,31.30002949532033,0.35069906217787916
2025-07-15,0.8466737131008001,29.900028176040827,0.3350128421443638
2025-07-16,0.7957033892352001,28.100026479824322,0.31484484495841547
2025-07-17,0.7645548579840001,27.000025443247573,0.30251995778922486
2025-07-18,0.7390696960512001,26.100024595139317,0.29243595919625065
2025-07-19,0.7050894801408001,24.900023464328314,0.2789906277389518
2025-07-20,0.6654458949120001,23.500022145048813,0.26330440770543645
2025-07-21,0.6456241022976001,22.80002148540906,0.25546129768867876
2025-07-22,0.6682775795712002,23.600022239283064,0.26442485199354465
2025-07-23,0.6286339943424001,22.200020920003556,0.2487386319600293
2025-07-24,0.5974854630912001,21.100019883426807,0.23641374479083868
2025-07-25,0.5691686164992001,20.100018941084304,0.2252093019097563
2025-07-26,0.5351884005888,18.900017810273297,0.21176397045245737
2025-07-27,0.5097032386560001,18.00001696216505,0.20167997185948322
2025-07-28,0.4870497613824,17.200016208291043,0.19271641755461727
2025-07-29,0.4757230227456001,16.800015831354045,0.18823464040218432
2025-07-30,0.4757230227456001,16.800015831354045,0.18823464040218432
2025-07-31,0.49271313070080003,17.400016396759543,0.19495730613083376
2025-08-01,0.4842180767232001,17.100016114056796,0.19159597326650907
2025-08-02,0.4643962841088,16.40001545441704,0.18375286324975137
2025-08-03,0.44174280683520006,15.60001470054304,0.17478930894488545
2025-08-04,0.4219210142208001,14.90001404090329,0.1669461989281278
2025-08-05,0.3936041676288001,13.900013098560787,0.15574175604704538
2025-08-06,0.3794457443328001,13.400012627389536,0.1501395346065042
2025-08-07,0.37095069035520006,13.100012344686784,0.14677820174217945
2025-08-08,0.35962395171840006,12.700011967749782,0.1422964245897465
2025-08-09,0.34829721308160005,12.300011590812781,0.13781464743731353
2025-08-10,0.3454655284224,12.200011496578531,0.1366942031492053
2025-08-11,0.339802159104,12.00001130811003,0.13445331457298879
2025-08-12,0.339802159104,12.00001130811003,0.13445331457298879
2025-08-13,0.33130710512640005,11.70001102540728,0.1310919817086641
2025-08-14,0.32564373580800005,11.50001083693878,0.1288510931324476
2025-08-15,0.32281205114880007,11.40001074270453,0.12773064884433938
2025-08-16,0.3341387897856001,11.800011119641532,0.13221242599677233
2025-08-17,0.33697047444480005,11.90001121387578,0.13333287028488058
2025-08-18,0.3284754204672,11.60001093117303,0.12997153742055584
2025-08-19,0.3171486818304,11.200010554236028,0.12548976026812286
2025-08-20,0.29732688921600003,10.500009894596277,0.1176466502513652
2025-08-21,0.27580608580608007,9.740009178415976,0.10913127366174259
2025-08-22,0.2777882650675201,9.810009244379952,0.10991558466341837
2025-08-23,0.31431699717120004,11.100010460001778,0.12436931598001465
2025-08-24,0.32564373580800005,11.50001083693878,0.1288510931324476
2025-08-25,0.40209922160640005,14.200013381263537,0.1591030889113701
2025-08-26,0.3936041676288001,13.900013098560787,0.15574175604704538
2025-08-27,0.4332477528576001,15.300014417840291,0.17142797608056076
2025-08-28,0.5181982926336001,18.300017244867796,0.20504130472380794
2025-08-29,0.4870497613824,17.200016208291043,0.19271641755461727
2025-08-30,0.5125349233152001,18.1000170563993,0.2028004161475915
2025-08-31,0.5691686164992001,20.100018941084304,0.2252093019097563
2025-09-01,0.49837650001920014,17.600016585228047,0.1971981947070503
2025-09-02,0.43041606819840006,15.20001432360604,0.1703075317924525
2025-09-03,0.3936041676288001,13.900013098560787,0.15574175604704538
2025-09-04,0.37378237501440004,13.200012438921034,0.14789864603028768
2025-09-05,0.37378237501440004,13.200012438921034,0.14789864603028768
2025-09-06,0.37095069035520006,13.100012344686784,0.14677820174217945
2025-09-07,0.36528732103680006,12.900012156218283,0.14453731316596297
2025-09-08,0.35962395171840006,12.700011967749782,0.1422964245897465
2025-09-09,0.3454655284224,12.200011496578531,0.1366942031492053
2025-09-10,0.339802159104,12.00001130811003,0.13445331457298879
2025-09-11,0.3341387897856001,11.800011119641532,0.13221242599677233
2025-09-12,0.37095069035520006,13.100012344686784,0.14677820174217945
2025-09-13,0.40209922160640005,14.200013381263537,0.1591030889113701
2025-09-14,0.3936041676288001,13.900013098560787,0.15574175604704538
2025-09-15,0.3794457443328001,13.400012627389536,0.1501395346065042
2025-09-16,0.36811900569600003,13.000012250452533,0.1456577574540712
2025-09-17,0.3936041676288001,13.900013098560787,0.15574175604704538
2025-09-18,0.38510911365120004,13.600012815858035,0.15238042318272066
2025-09-19,0.37095069035520006,13.100012344686784,0.14677820174217945
2025-09-20,0.3624556363776001,12.800012061984035,0.14341686887785476
2025-09-21,0.37661405967360007,13.300012533155286,0.14901909031839594
2025-09-22,0.40776259092480005,14.400013569732037,0.16134397748758658
2025-09-23,0.5663369318400001,20.000018846850054,0.224088857621648
2025-09-24,0.6342973636608,22.400021108472057,0.2509795205362457
2025-09-25,0.5889904091136001,20.800019600724056,0.23305241192651396
2025-09-26,0.5295250312704001,18.700017621804797,0.20952308187624089
2025-09-27,0.4813863920640001,17.000016019822546,0.19047552897840084
2025-09-28,0.44740617615360007,15.80001488901154,0.17703019752110194
2025-09-29,0.44174280683520006,15.60001470054304,0.17478930894488545
2025-09-30,0.42758438353920003,15.100014229371789,0.16918708750434425
