date,Q_cms,Q_cfs,Q_mmd
2003-10-01,,,
2003-10-02,,,
2003-10-03,,,
2003-10-04,,,
2003-10-05,,,
2003-10-06,,,
2003-10-07,,,
2003-10-08,,,
2003-10-09,,,
2003-10-10,,,
2003-10-11,,,
2003-10-12,,,
2003-10-13,,,
2003-10-14,,,
2003-10-15,,,
2003-10-16,,,
2003-10-17,,,
2003-10-18,,,
2003-10-19,,,
2003-10-20,,,
2003-10-21,,,
2003-10-22,,,
2003-10-23,,,
2003-10-24,,,
2003-10-25,,,
2003-10-26,,,
2003-10-27,,,
2003-10-28,,,
2003-10-29,,,
2003-10-30,,,
2003-10-31,,,
2003-11-01,,,
2003-11-02,,,
2003-11-03,,,
2003-11-04,,,
2003-11-05,,,
2003-11-06,,,
2003-11-07,,,
2003-11-08,,,
2003-11-09,,,
2003-11-10,,,
2003-11-11,,,
2003-11-12,,,
2003-11-13,,,
2003-11-14,,,
2003-11-15,,,
2003-11-16,,,
2003-11-17,,,
2003-11-18,,,
2003-11-19,,,
2003-11-20,,,
2003-11-21,,,
2003-11-22,,,
2003-11-23,,,
2003-11-24,,,
2003-11-25,,,
2003-11-26,,,
2003-11-27,,,
2003-11-28,,,
2003-11-29,,,
2003-11-30,,,
2003-12-01,,,
2003-12-02,,,
2003-12-03,,,
2003-12-04,,,
2003-12-05,,,
2003-12-06,,,
2003-12-07,,,
2003-12-08,,,
2003-12-09,,,
2003-12-10,,,
2003-12-11,,,
2003-12-12,,,
2003-12-13,,,
2003-12-14,,,
2003-12-15,,,
2003-12-16,,,
2003-12-17,,,
2003-12-18,,,
2003-12-19,,,
2003-12-20,,,
2003-12-21,,,
2003-12-22,,,
2003-12-23,,,
2003-12-24,,,
2003-12-25,,,
2003-12-26,,,
2003-12-27,,,
2003-12-28,,,
2003-12-29,,,
2003-12-30,,,
2003-12-31,,,
2004-01-01,,,
2004-01-02,,,
2004-01-03,,,
2004-01-04,,,
2004-01-05,,,
2004-01-06,,,
2004-01-07,,,
2004-01-08,,,
2004-01-09,,,
2004-01-10,,,
2004-01-11,,,
2004-01-12,,,
2004-01-13,,,
2004-01-14,,,
2004-01-15,,,
2004-01-16,,,
2004-01-17,,,
2004-01-18,,,
2004-01-19,,,
2004-01-20,,,
2004-01-21,,,
2004-01-22,,,
2004-01-23,,,
2004-01-24,,,
2004-01-25,,,
2004-01-26,,,
2004-01-27,,,
2004-01-28,,,
2004-01-29,,,
2004-01-30,,,
2004-01-31,,,
2004-02-01,,,
2004-02-02,,,
2004-02-03,,,
2004-02-04,,,
2004-02-05,,,
2004-02-06,,,
2004-02-07,,,
2004-02-08,,,
2004-02-09,,,
2004-02-10,,,
2004-02-11,,,
2004-02-12,,,
2004-02-13,,,
2004-02-14,,,
2004-02-15,,,
2004-02-16,,,
2004-02-17,,,
2004-02-18,,,
2004-02-19,,,
2004-02-20,,,
2004-02-21,,,
2004-02-22,,,
2004-02-23,,,
2004-02-24,,,
2004-02-25,,,
2004-02-26,,,
2004-02-27,,,
2004-02-28,,,
2004-02-29,,,
2004-03-01,,,
2004-03-02,,,
2004-03-03,,,
2004-03-04,,,
2004-03-05,,,
2004-03-06,,,
2004-03-07,,,
2004-03-08,,,
2004-03-09,,,
2004-03-10,,,
2004-03-11,,,
2004-03-12,,,
2004-03-13,,,
2004-03-14,,,
2004-03-15,,,
2004-03-16,,,
2004-03-17,,,
2004-03-18,,,
2004-03-19,,,
2004-03-20,,,
2004-03-21,,,
2004-03-22,,,
2004-03-23,,,
2004-03-24,,,
2004-03-25,,,
2004-03-26,,,
2004-03-27,,,
2004-03-28,,,
2004-03-29,,,
2004-03-30,,,
2004-03-31,,,
2004-04-01,,,
2004-04-02,,,
2004-04-03,,,
2004-04-04,,,
2004-04-05,,,
2004-04-06,,,
2004-04-07,,,
2004-04-08,,,
2004-04-09,,,
2004-04-10,,,
2004-04-11,,,
2004-04-12,,,
2004-04-13,,,
2004-04-14,,,
2004-04-15,,,
2004-04-16,,,
2004-04-17,,,
2004-04-18,,,
2004-04-19,,,
2004-04-20,,,
2004-04-21,,,
2004-04-22,,,
2004-04-23,,,
2004-04-24,,,
2004-04-25,,,
2004-04-26,,,
2004-04-27,,,
2004-04-28,,,
2004-04-29,,,
2004-04-30,,,
2004-05-01,,,
2004-05-02,,,
2004-05-03,,,
2004-05-04,,,
2004-05-05,,,
2004-05-06,,,
2004-05-07,,,
2004-05-08,,,
2004-05-09,,,
2004-05-10,,,
2004-05-11,,,
2004-05-12,,,
2004-05-13,,,
2004-05-14,,,
2004-05-15,,,
2004-05-16,,,
2004-05-17,,,
2004-05-18,,,
2004-05-19,,,
2004-05-20,,,
2004-05-21,,,
2004-05-22,,,
2004-05-23,,,
2004-05-24,,,
2004-05-25,,,
2004-05-26,,,
2004-05-27,,,
2004-05-28,,,
2004-05-29,,,
2004-05-30,,,
2004-05-31,,,
2004-06-01,,,
2004-06-02,,,
2004-06-03,,,
2004-06-04,,,
2004-06-05,,,
2004-06-06,,,
2004-06-07,,,
2004-06-08,,,
2004-06-09,,,
2004-06-10,,,
2004-06-11,,,
2004-06-12,,,
2004-06-13,,,
2004-06-14,,,
2004-06-15,,,
2004-06-16,,,
2004-06-17,,,
2004-06-18,,,
2004-06-19,,,
2004-06-20,,,
2004-06-21,,,
2004-06-22,,,
2004-06-23,,,
2004-06-24,,,
2004-06-25,,,
2004-06-26,,,
2004-06-27,,,
2004-06-28,,,
2004-06-29,,,
2004-06-30,,,
2004-07-01,,,
2004-07-02,,,
2004-07-03,,,
2004-07-04,,,
2004-07-05,,,
2004-07-06,,,
2004-07-07,,,
2004-07-08,,,
2004-07-09,,,
2004-07-10,,,
2004-07-11,,,
2004-07-12,,,
2004-07-13,,,
2004-07-14,,,
2004-07-15,,,
2004-07-16,,,
2004-07-17,,,
2004-07-18,,,
2004-07-19,,,
2004-07-20,,,
2004-07-21,,,
2004-07-22,,,
2004-07-23,,,
2004-07-24,,,
2004-07-25,,,
2004-07-26,,,
2004-07-27,,,
2004-07-28,,,
2004-07-29,,,
2004-07-30,,,
2004-07-31,,,
2004-08-01,,,
2004-08-02,,,
2004-08-03,,,
2004-08-04,,,
2004-08-05,,,
2004-08-06,,,
2004-08-07,,,
2004-08-08,,,
2004-08-09,,,
2004-08-10,,,
2004-08-11,,,
2004-08-12,,,
2004-08-13,,,
2004-08-14,,,
2004-08-15,,,
2004-08-16,,,
2004-08-17,,,
2004-08-18,,,
2004-08-19,,,
2004-08-20,,,
2004-08-21,,,
2004-08-22,,,
2004-08-23,,,
2004-08-24,,,
2004-08-25,,,
2004-08-26,,,
2004-08-27,,,
2004-08-28,,,
2004-08-29,,,
2004-08-30,,,
2004-08-31,,,
2004-09-01,,,
2004-09-02,,,
2004-09-03,,,
2004-09-04,,,
2004-09-05,,,
2004-09-06,,,
2004-09-07,,,
2004-09-08,,,
2004-09-09,,,
2004-09-10,,,
2004-09-11,,,
2004-09-12,,,
2004-09-13,,,
2004-09-14,,,
2004-09-15,,,
2004-09-16,,,
2004-09-17,,,
2004-09-18,,,
2004-09-19,,,
2004-09-20,,,
2004-09-21,,,
2004-09-22,,,
2004-09-23,,,
2004-09-24,,,
2004-09-25,,,
2004-09-26,,,
2004-09-27,,,
2004-09-28,,,
2004-09-29,,,
2004-09-30,,,
2004-10-01,,,
2004-10-02,,,
2004-10-03,,,
2004-10-04,,,
2004-10-05,,,
2004-10-06,,,
2004-10-07,,,
2004-10-08,,,
2004-10-09,,,
2004-10-10,,,
2004-10-11,,,
2004-10-12,,,
2004-10-13,,,
2004-10-14,,,
2004-10-15,,,
2004-10-16,,,
2004-10-17,,,
2004-10-18,,,
2004-10-19,,,
2004-10-20,,,
2004-10-21,,,
2004-10-22,,,
2004-10-23,,,
2004-10-24,,,
2004-10-25,,,
2004-10-26,,,
2004-10-27,,,
2004-10-28,,,
2004-10-29,,,
2004-10-30,,,
2004-10-31,,,
2004-11-01,,,
2004-11-02,,,
2004-11-03,,,
2004-11-04,,,
2004-11-05,,,
2004-11-06,,,
2004-11-07,,,
2004-11-08,,,
2004-11-09,,,
2004-11-10,,,
2004-11-11,,,
2004-11-12,,,
2004-11-13,,,
2004-11-14,,,
2004-11-15,,,
2004-11-16,,,
2004-11-17,,,
2004-11-18,,,
2004-11-19,,,
2004-11-20,,,
2004-11-21,,,
2004-11-22,,,
2004-11-23,,,
2004-11-24,,,
2004-11-25,,,
2004-11-26,,,
2004-11-27,,,
2004-11-28,,,
2004-11-29,,,
2004-11-30,,,
2004-12-01,,,
2004-12-02,,,
2004-12-03,,,
2004-12-04,,,
2004-12-05,,,
2004-12-06,,,
2004-12-07,,,
2004-12-08,,,
2004-12-09,,,
2004-12-10,,,
2004-12-11,,,
2004-12-12,,,
2004-12-13,,,
2004-12-14,,,
2004-12-15,,,
2004-12-16,,,
2004-12-17,,,
2004-12-18,,,
2004-12-19,,,
2004-12-20,,,
2004-12-21,,,
2004-12-22,,,
2004-12-23,,,
2004-12-24,,,
2004-12-25,,,
2004-12-26,,,
2004-12-27,,,
2004-12-28,,,
2004-12-29,,,
2004-12-30,,,
2004-12-31,,,
2005-01-01,,,
2005-01-02,,,
2005-01-03,,,
2005-01-04,,,
2005-01-05,,,
2005-01-06,,,
2005-01-07,,,
2005-01-08,,,
2005-01-09,,,
2005-01-10,,,
2005-01-11,,,
2005-01-12,,,
2005-01-13,,,
2005-01-14,,,
2005-01-15,,,
2005-01-16,,,
2005-01-17,,,
2005-01-18,,,
2005-01-19,,,
2005-01-20,,,
2005-01-21,,,
2005-01-22,,,
2005-01-23,,,
2005-01-24,,,
2005-01-25,,,
2005-01-26,,,
2005-01-27,,,
2005-01-28,,,
2005-01-29,,,
2005-01-30,,,
2005-01-31,,,
2005-02-01,,,
2005-02-02,,,
2005-02-03,,,
2005-02-04,,,
2005-02-05,,,
2005-02-06,,,
2005-02-07,,,
2005-02-08,,,
2005-02-09,,,
2005-02-10,,,
2005-02-11,,,
2005-02-12,,,
2005-02-13,,,
2005-02-14,,,
2005-02-15,,,
2005-02-16,,,
2005-02-17,,,
2005-02-18,,,
2005-02-19,,,
2005-02-20,,,
2005-02-21,,,
2005-02-22,,,
2005-02-23,,,
2005-02-24,,,
2005-02-25,,,
2005-02-26,,,
2005-02-27,,,
2005-02-28,,,
2005-03-01,,,
2005-03-02,,,
2005-03-03,,,
2005-03-04,,,
2005-03-05,,,
2005-03-06,,,
2005-03-07,,,
2005-03-08,,,
2005-03-09,,,
2005-03-10,,,
2005-03-11,,,
2005-03-12,,,
2005-03-13,,,
2005-03-14,,,
2005-03-15,,,
2005-03-16,,,
2005-03-17,,,
2005-03-18,,,
2005-03-19,,,
2005-03-20,,,
2005-03-21,,,
2005-03-22,,,
2005-03-23,,,
2005-03-24,,,
2005-03-25,,,
2005-03-26,,,
2005-03-27,,,
2005-03-28,,,
2005-03-29,,,
2005-03-30,,,
2005-03-31,,,
2005-04-01,,,
2005-04-02,,,
2005-04-03,,,
2005-04-04,,,
2005-04-05,,,
2005-04-06,,,
2005-04-07,,,
2005-04-08,,,
2005-04-09,,,
2005-04-10,,,
2005-04-11,,,
2005-04-12,,,
2005-04-13,,,
2005-04-14,,,
2005-04-15,,,
2005-04-16,,,
2005-04-17,,,
2005-04-18,,,
2005-04-19,,,
2005-04-20,,,
2005-04-21,,,
2005-04-22,,,
2005-04-23,,,
2005-04-24,,,
2005-04-25,,,
2005-04-26,,,
2005-04-27,,,
2005-04-28,,,
2005-04-29,,,
2005-04-30,,,
2005-05-01,,,
2005-05-02,,,
2005-05-03,,,
2005-05-04,,,
2005-05-05,,,
2005-05-06,,,
2005-05-07,,,
2005-05-08,,,
2005-05-09,,,
2005-05-10,,,
2005-05-11,,,
2005-05-12,,,
2005-05-13,,,
2005-05-14,,,
2005-05-15,,,
2005-05-16,,,
2005-05-17,,,
2005-05-18,,,
2005-05-19,,,
2005-05-20,,,
2005-05-21,,,
2005-05-22,,,
2005-05-23,,,
2005-05-24,,,
2005-05-25,,,
2005-05-26,,,
2005-05-27,,,
2005-05-28,,,
2005-05-29,,,
2005-05-30,,,
2005-05-31,,,
2005-06-01,,,
2005-06-02,,,
2005-06-03,,,
2005-06-04,,,
2005-06-05,,,
2005-06-06,,,
2005-06-07,,,
2005-06-08,,,
2005-06-09,,,
2005-06-10,,,
2005-06-11,,,
2005-06-12,,,
2005-06-13,,,
2005-06-14,,,
2005-06-15,,,
2005-06-16,,,
2005-06-17,,,
2005-06-18,,,
2005-06-19,,,
2005-06-20,,,
2005-06-21,,,
2005-06-22,,,
2005-06-23,,,
2005-06-24,,,
2005-06-25,,,
2005-06-26,,,
2005-06-27,,,
2005-06-28,,,
2005-06-29,,,
2005-06-30,,,
2005-07-01,,,
2005-07-02,,,
2005-07-03,,,
2005-07-04,,,
2005-07-05,,,
2005-07-06,,,
2005-07-07,,,
2005-07-08,,,
2005-07-09,,,
2005-07-10,,,
2005-07-11,,,
2005-07-12,,,
2005-07-13,,,
2005-07-14,,,
2005-07-15,,,
2005-07-16,,,
2005-07-17,,,
2005-07-18,,,
2005-07-19,,,
2005-07-20,,,
2005-07-21,,,
2005-07-22,,,
2005-07-23,,,
2005-07-24,,,
2005-07-25,,,
2005-07-26,,,
2005-07-27,,,
2005-07-28,,,
2005-07-29,,,
2005-07-30,,,
2005-07-31,,,
2005-08-01,,,
2005-08-02,,,
2005-08-03,,,
2005-08-04,,,
2005-08-05,,,
2005-08-06,,,
2005-08-07,,,
2005-08-08,,,
2005-08-09,,,
2005-08-10,,,
2005-08-11,,,
2005-08-12,,,
2005-08-13,,,
2005-08-14,,,
2005-08-15,,,
2005-08-16,,,
2005-08-17,,,
2005-08-18,,,
2005-08-19,,,
2005-08-20,,,
2005-08-21,,,
2005-08-22,,,
2005-08-23,,,
2005-08-24,,,
2005-08-25,,,
2005-08-26,,,
2005-08-27,,,
2005-08-28,,,
2005-08-29,,,
2005-08-30,,,
2005-08-31,,,
2005-09-01,,,
2005-09-02,,,
2005-09-03,,,
2005-09-04,,,
2005-09-05,,,
2005-09-06,,,
2005-09-07,,,
2005-09-08,,,
2005-09-09,,,
2005-09-10,,,
2005-09-11,,,
2005-09-12,,,
2005-09-13,,,
2005-09-14,,,
2005-09-15,,,
2005-09-16,,,
2005-09-17,,,
2005-09-18,,,
2005-09-19,,,
2005-09-20,,,
2005-09-21,,,
2005-09-22,,,
2005-09-23,,,
2005-09-24,,,
2005-09-25,,,
2005-09-26,,,
2005-09-27,,,
2005-09-28,,,
2005-09-29,,,
2005-09-30,,,
2005-10-01,,,
2005-10-02,,,
2005-10-03,,,
2005-10-04,,,
2005-10-05,,,
2005-10-06,,,
2005-10-07,,,
2005-10-08,,,
2005-10-09,,,
2005-10-10,,,
2005-10-11,,,
2005-10-12,,,
2005-10-13,,,
2005-10-14,,,
2005-10-15,,,
2005-10-16,,,
2005-10-17,,,
2005-10-18,,,
2005-10-19,,,
2005-10-20,,,
2005-10-21,,,
2005-10-22,,,
2005-10-23,,,
2005-10-24,,,
2005-10-25,,,
2005-10-26,,,
2005-10-27,,,
2005-10-28,,,
2005-10-29,,,
2005-10-30,,,
2005-10-31,,,
2005-11-01,,,
2005-11-02,,,
2005-11-03,,,
2005-11-04,,,
2005-11-05,,,
2005-11-06,,,
2005-11-07,,,
2005-11-08,,,
2005-11-09,,,
2005-11-10,,,
2005-11-11,,,
2005-11-12,,,
2005-11-13,,,
2005-11-14,,,
2005-11-15,,,
2005-11-16,,,
2005-11-17,,,
2005-11-18,,,
2005-11-19,,,
2005-11-20,,,
2005-11-21,,,
2005-11-22,,,
2005-11-23,,,
2005-11-24,,,
2005-11-25,,,
2005-11-26,,,
2005-11-27,,,
2005-11-28,,,
2005-11-29,,,
2005-11-30,,,
2005-12-01,,,
2005-12-02,,,
2005-12-03,,,
2005-12-04,,,
2005-12-05,,,
2005-12-06,,,
2005-12-07,,,
2005-12-08,,,
2005-12-09,,,
2005-12-10,,,
2005-12-11,,,
2005-12-12,,,
2005-12-13,,,
2005-12-14,,,
2005-12-15,,,
2005-12-16,,,
2005-12-17,,,
2005-12-18,,,
2005-12-19,,,
2005-12-20,,,
2005-12-21,,,
2005-12-22,,,
2005-12-23,,,
2005-12-24,,,
2005-12-25,,,
2005-12-26,,,
2005-12-27,,,
2005-12-28,,,
2005-12-29,,,
2005-12-30,,,
2005-12-31,,,
2006-01-01,,,
2006-01-02,,,
2006-01-03,,,
2006-01-04,,,
2006-01-05,,,
2006-01-06,,,
2006-01-07,,,
2006-01-08,,,
2006-01-09,,,
2006-01-10,,,
2006-01-11,,,
2006-01-12,,,
2006-01-13,,,
2006-01-14,,,
2006-01-15,,,
2006-01-16,,,
2006-01-17,,,
2006-01-18,,,
2006-01-19,,,
2006-01-20,,,
2006-01-21,,,
2006-01-22,,,
2006-01-23,,,
2006-01-24,,,
2006-01-25,,,
2006-01-26,,,
2006-01-27,,,
2006-01-28,,,
2006-01-29,,,
2006-01-30,,,
2006-01-31,,,
2006-02-01,,,
2006-02-02,,,
2006-02-03,,,
2006-02-04,,,
2006-02-05,,,
2006-02-06,,,
2006-02-07,,,
2006-02-08,,,
2006-02-09,,,
2006-02-10,,,
2006-02-11,,,
2006-02-12,,,
2006-02-13,,,
2006-02-14,,,
2006-02-15,,,
2006-02-16,,,
2006-02-17,,,
2006-02-18,,,
2006-02-19,,,
2006-02-20,,,
2006-02-21,,,
2006-02-22,,,
2006-02-23,,,
2006-02-24,,,
2006-02-25,,,
2006-02-26,,,
2006-02-27,,,
2006-02-28,,,
2006-03-01,,,
2006-03-02,,,
2006-03-03,,,
2006-03-04,,,
2006-03-05,,,
2006-03-06,,,
2006-03-07,,,
2006-03-08,,,
2006-03-09,,,
2006-03-10,,,
2006-03-11,,,
2006-03-12,,,
2006-03-13,,,
2006-03-14,,,
2006-03-15,,,
2006-03-16,,,
2006-03-17,,,
2006-03-18,,,
2006-03-19,,,
2006-03-20,,,
2006-03-21,,,
2006-03-22,,,
2006-03-23,,,
2006-03-24,,,
2006-03-25,,,
2006-03-26,,,
2006-03-27,,,
2006-03-28,,,
2006-03-29,,,
2006-03-30,,,
2006-03-31,,,
2006-04-01,,,
2006-04-02,,,
2006-04-03,,,
2006-04-04,,,
2006-04-05,,,
2006-04-06,,,
2006-04-07,,,
2006-04-08,,,
2006-04-09,,,
2006-04-10,,,
2006-04-11,,,
2006-04-12,,,
2006-04-13,,,
2006-04-14,,,
2006-04-15,,,
2006-04-16,,,
2006-04-17,,,
2006-04-18,,,
2006-04-19,,,
2006-04-20,,,
2006-04-21,,,
2006-04-22,,,
2006-04-23,,,
2006-04-24,,,
2006-04-25,,,
2006-04-26,,,
2006-04-27,,,
2006-04-28,,,
2006-04-29,,,
2006-04-30,,,
2006-05-01,,,
2006-05-02,,,
2006-05-03,,,
2006-05-04,,,
2006-05-05,,,
2006-05-06,,,
2006-05-07,,,
2006-05-08,,,
2006-05-09,,,
2006-05-10,,,
2006-05-11,,,
2006-05-12,,,
2006-05-13,,,
2006-05-14,,,
2006-05-15,,,
2006-05-16,,,
2006-05-17,,,
2006-05-18,,,
2006-05-19,,,
2006-05-20,,,
2006-05-21,,,
2006-05-22,,,
2006-05-23,,,
2006-05-24,,,
2006-05-25,,,
2006-05-26,,,
2006-05-27,,,
2006-05-28,,,
2006-05-29,,,
2006-05-30,,,
2006-05-31,,,
2006-06-01,,,
2006-06-02,,,
2006-06-03,,,
2006-06-04,,,
2006-06-05,,,
2006-06-06,,,
2006-06-07,,,
2006-06-08,,,
2006-06-09,,,
2006-06-10,,,
2006-06-11,,,
2006-06-12,,,
2006-06-13,,,
2006-06-14,,,
2006-06-15,,,
2006-06-16,,,
2006-06-17,,,
2006-06-18,,,
2006-06-19,,,
2006-06-20,,,
2006-06-21,,,
2006-06-22,,,
2006-06-23,,,
2006-06-24,,,
2006-06-25,,,
2006-06-26,,,
2006-06-27,,,
2006-06-28,,,
2006-06-29,,,
2006-06-30,,,
2006-07-01,,,
2006-07-02,,,
2006-07-03,,,
2006-07-04,,,
2006-07-05,,,
2006-07-06,,,
2006-07-07,,,
2006-07-08,,,
2006-07-09,,,
2006-07-10,,,
2006-07-11,,,
2006-07-12,,,
2006-07-13,,,
2006-07-14,,,
2006-07-15,,,
2006-07-16,,,
2006-07-17,,,
2006-07-18,,,
2006-07-19,,,
2006-07-20,,,
2006-07-21,,,
2006-07-22,,,
2006-07-23,,,
2006-07-24,,,
2006-07-25,,,
2006-07-26,,,
2006-07-27,,,
2006-07-28,,,
2006-07-29,,,
2006-07-30,,,
2006-07-31,,,
2006-08-01,,,
2006-08-02,,,
2006-08-03,,,
2006-08-04,,,
2006-08-05,,,
2006-08-06,,,
2006-08-07,,,
2006-08-08,,,
2006-08-09,,,
2006-08-10,,,
2006-08-11,,,
2006-08-12,,,
2006-08-13,,,
2006-08-14,,,
2006-08-15,,,
2006-08-16,,,
2006-08-17,,,
2006-08-18,,,
2006-08-19,,,
2006-08-20,,,
2006-08-21,,,
2006-08-22,,,
2006-08-23,,,
2006-08-24,,,
2006-08-25,,,
2006-08-26,,,
2006-08-27,,,
2006-08-28,,,
2006-08-29,,,
2006-08-30,,,
2006-08-31,,,
2006-09-01,,,
2006-09-02,,,
2006-09-03,,,
2006-09-04,,,
2006-09-05,,,
2006-09-06,,,
2006-09-07,,,
2006-09-08,,,
2006-09-09,,,
2006-09-10,,,
2006-09-11,,,
2006-09-12,,,
2006-09-13,,,
2006-09-14,,,
2006-09-15,,,
2006-09-16,,,
2006-09-17,,,
2006-09-18,,,
2006-09-19,,,
2006-09-20,,,
2006-09-21,,,
2006-09-22,,,
2006-09-23,,,
2006-09-24,,,
2006-09-25,,,
2006-09-26,,,
2006-09-27,,,
2006-09-28,,,
2006-09-29,,,
2006-09-30,,,
2006-10-01,,,
2006-10-02,,,
2006-10-03,,,
2006-10-04,,,
2006-10-05,,,
2006-10-06,,,
2006-10-07,,,
2006-10-08,,,
2006-10-09,,,
2006-10-10,,,
2006-10-11,,,
2006-10-12,,,
2006-10-13,,,
2006-10-14,,,
2006-10-15,,,
2006-10-16,,,
2006-10-17,,,
2006-10-18,,,
2006-10-19,,,
2006-10-20,,,
2006-10-21,,,
2006-10-22,,,
2006-10-23,,,
2006-10-24,,,
2006-10-25,,,
2006-10-26,,,
2006-10-27,,,
2006-10-28,,,
2006-10-29,,,
2006-10-30,,,
2006-10-31,,,
2006-11-01,,,
2006-11-02,,,
2006-11-03,,,
2006-11-04,,,
2006-11-05,,,
2006-11-06,,,
2006-11-07,,,
2006-11-08,,,
2006-11-09,,,
2006-11-10,,,
2006-11-11,,,
2006-11-12,,,
2006-11-13,,,
2006-11-14,,,
2006-11-15,,,
2006-11-16,,,
2006-11-17,,,
2006-11-18,,,
2006-11-19,,,
2006-11-20,,,
2006-11-21,,,
2006-11-22,,,
2006-11-23,,,
2006-11-24,,,
2006-11-25,,,
2006-11-26,,,
2006-11-27,,,
2006-11-28,,,
2006-11-29,,,
2006-11-30,,,
2006-12-01,,,
2006-12-02,,,
2006-12-03,,,
2006-12-04,,,
2006-12-05,,,
2006-12-06,,,
2006-12-07,,,
2006-12-08,,,
2006-12-09,,,
2006-12-10,,,
2006-12-11,,,
2006-12-12,,,
2006-12-13,,,
2006-12-14,,,
2006-12-15,,,
2006-12-16,,,
2006-12-17,,,
2006-12-18,,,
2006-12-19,,,
2006-12-20,,,
2006-12-21,,,
2006-12-22,,,
2006-12-23,,,
2006-12-24,,,
2006-12-25,,,
2006-12-26,,,
2006-12-27,,,
2006-12-28,,,
2006-12-29,,,
2006-12-30,,,
2006-12-31,,,
2007-01-01,,,
2007-01-02,,,
2007-01-03,,,
2007-01-04,,,
2007-01-05,,,
2007-01-06,,,
2007-01-07,,,
2007-01-08,,,
2007-01-09,,,
2007-01-10,,,
2007-01-11,,,
2007-01-12,,,
2007-01-13,,,
2007-01-14,,,
2007-01-15,,,
2007-01-16,,,
2007-01-17,,,
2007-01-18,,,
2007-01-19,,,
2007-01-20,,,
2007-01-21,,,
2007-01-22,,,
2007-01-23,,,
2007-01-24,,,
2007-01-25,,,
2007-01-26,,,
2007-01-27,,,
2007-01-28,,,
2007-01-29,,,
2007-01-30,,,
2007-01-31,,,
2007-02-01,,,
2007-02-02,,,
2007-02-03,,,
2007-02-04,,,
2007-02-05,,,
2007-02-06,,,
2007-02-07,,,
2007-02-08,,,
2007-02-09,,,
2007-02-10,,,
2007-02-11,,,
2007-02-12,,,
2007-02-13,,,
2007-02-14,,,
2007-02-15,,,
2007-02-16,,,
2007-02-17,,,
2007-02-18,,,
2007-02-19,,,
2007-02-20,,,
2007-02-21,,,
2007-02-22,,,
2007-02-23,,,
2007-02-24,,,
2007-02-25,,,
2007-02-26,,,
2007-02-27,,,
2007-02-28,,,
2007-03-01,,,
2007-03-02,,,
2007-03-03,,,
2007-03-04,,,
2007-03-05,,,
2007-03-06,,,
2007-03-07,,,
2007-03-08,,,
2007-03-09,,,
2007-03-10,,,
2007-03-11,,,
2007-03-12,,,
2007-03-13,,,
2007-03-14,,,
2007-03-15,,,
2007-03-16,,,
2007-03-17,,,
2007-03-18,,,
2007-03-19,,,
2007-03-20,,,
2007-03-21,,,
2007-03-22,,,
2007-03-23,,,
2007-03-24,,,
2007-03-25,,,
2007-03-26,,,
2007-03-27,,,
2007-03-28,,,
2007-03-29,,,
2007-03-30,,,
2007-03-31,,,
2007-04-01,,,
2007-04-02,,,
2007-04-03,,,
2007-04-04,,,
2007-04-05,,,
2007-04-06,,,
2007-04-07,,,
2007-04-08,,,
2007-04-09,,,
2007-04-10,,,
2007-04-11,,,
2007-04-12,,,
2007-04-13,,,
2007-04-14,,,
2007-04-15,,,
2007-04-16,,,
2007-04-17,,,
2007-04-18,,,
2007-04-19,,,
2007-04-20,,,
2007-04-21,,,
2007-04-22,,,
2007-04-23,,,
2007-04-24,,,
2007-04-25,,,
2007-04-26,,,
2007-04-27,,,
2007-04-28,,,
2007-04-29,,,
2007-04-30,,,
2007-05-01,,,
2007-05-02,,,
2007-05-03,,,
2007-05-04,,,
2007-05-05,,,
2007-05-06,,,
2007-05-07,,,
2007-05-08,,,
2007-05-09,,,
2007-05-10,,,
2007-05-11,,,
2007-05-12,,,
2007-05-13,,,
2007-05-14,,,
2007-05-15,,,
2007-05-16,,,
2007-05-17,,,
2007-05-18,,,
2007-05-19,,,
2007-05-20,,,
2007-05-21,,,
2007-05-22,,,
2007-05-23,,,
2007-05-24,,,
2007-05-25,,,
2007-05-26,,,
2007-05-27,,,
2007-05-28,,,
2007-05-29,,,
2007-05-30,,,
2007-05-31,,,
2007-06-01,,,
2007-06-02,,,
2007-06-03,,,
2007-06-04,,,
2007-06-05,,,
2007-06-06,,,
2007-06-07,,,
2007-06-08,,,
2007-06-09,,,
2007-06-10,,,
2007-06-11,,,
2007-06-12,,,
2007-06-13,,,
2007-06-14,,,
2007-06-15,,,
2007-06-16,,,
2007-06-17,,,
2007-06-18,,,
2007-06-19,,,
2007-06-20,,,
2007-06-21,,,
2007-06-22,,,
2007-06-23,,,
2007-06-24,,,
2007-06-25,,,
2007-06-26,,,
2007-06-27,,,
2007-06-28,,,
2007-06-29,,,
2007-06-30,,,
2007-07-01,,,
2007-07-02,,,
2007-07-03,,,
2007-07-04,,,
2007-07-05,,,
2007-07-06,,,
2007-07-07,,,
2007-07-08,,,
2007-07-09,,,
2007-07-10,,,
2007-07-11,,,
2007-07-12,,,
2007-07-13,,,
2007-07-14,,,
2007-07-15,,,
2007-07-16,,,
2007-07-17,,,
2007-07-18,,,
2007-07-19,,,
2007-07-20,,,
2007-07-21,,,
2007-07-22,,,
2007-07-23,,,
2007-07-24,,,
2007-07-25,,,
2007-07-26,,,
2007-07-27,,,
2007-07-28,,,
2007-07-29,,,
2007-07-30,,,
2007-07-31,,,
2007-08-01,,,
2007-08-02,,,
2007-08-03,,,
2007-08-04,,,
2007-08-05,,,
2007-08-06,,,
2007-08-07,,,
2007-08-08,,,
2007-08-09,,,
2007-08-10,,,
2007-08-11,,,
2007-08-12,,,
2007-08-13,,,
2007-08-14,,,
2007-08-15,,,
2007-08-16,,,
2007-08-17,,,
2007-08-18,,,
2007-08-19,,,
2007-08-20,,,
2007-08-21,,,
2007-08-22,,,
2007-08-23,,,
2007-08-24,,,
2007-08-25,,,
2007-08-26,,,
2007-08-27,,,
2007-08-28,,,
2007-08-29,,,
2007-08-30,,,
2007-08-31,,,
2007-09-01,,,
2007-09-02,,,
2007-09-03,,,
2007-09-04,,,
2007-09-05,,,
2007-09-06,,,
2007-09-07,,,
2007-09-08,,,
2007-09-09,,,
2007-09-10,,,
2007-09-11,,,
2007-09-12,,,
2007-09-13,,,
2007-09-14,,,
2007-09-15,,,
2007-09-16,,,
2007-09-17,,,
2007-09-18,,,
2007-09-19,,,
2007-09-20,,,
2007-09-21,,,
2007-09-22,,,
2007-09-23,,,
2007-09-24,,,
2007-09-25,,,
2007-09-26,,,
2007-09-27,,,
2007-09-28,,,
2007-09-29,,,
2007-09-30,,,
2007-10-01,,,
2007-10-02,,,
2007-10-03,,,
2007-10-04,,,
2007-10-05,,,
2007-10-06,,,
2007-10-07,,,
2007-10-08,,,
2007-10-09,,,
2007-10-10,,,
2007-10-11,,,
2007-10-12,,,
2007-10-13,,,
2007-10-14,,,
2007-10-15,,,
2007-10-16,,,
2007-10-17,,,
2007-10-18,,,
2007-10-19,,,
2007-10-20,,,
2007-10-21,,,
2007-10-22,,,
2007-10-23,,,
2007-10-24,,,
2007-10-25,,,
2007-10-26,,,
2007-10-27,,,
2007-10-28,,,
2007-10-29,,,
2007-10-30,,,
2007-10-31,,,
2007-11-01,,,
2007-11-02,,,
2007-11-03,,,
2007-11-04,,,
2007-11-05,,,
2007-11-06,,,
2007-11-07,,,
2007-11-08,,,
2007-11-09,,,
2007-11-10,,,
2007-11-11,,,
2007-11-12,,,
2007-11-13,,,
2007-11-14,,,
2007-11-15,,,
2007-11-16,,,
2007-11-17,,,
2007-11-18,,,
2007-11-19,,,
2007-11-20,,,
2007-11-21,,,
2007-11-22,,,
2007-11-23,,,
2007-11-24,,,
2007-11-25,,,
2007-11-26,,,
2007-11-27,,,
2007-11-28,,,
2007-11-29,,,
2007-11-30,,,
2007-12-01,,,
2007-12-02,,,
2007-12-03,,,
2007-12-04,,,
2007-12-05,,,
2007-12-06,,,
2007-12-07,,,
2007-12-08,,,
2007-12-09,,,
2007-12-10,,,
2007-12-11,,,
2007-12-12,,,
2007-12-13,,,
2007-12-14,,,
2007-12-15,,,
2007-12-16,,,
2007-12-17,,,
2007-12-18,,,
2007-12-19,,,
2007-12-20,,,
2007-12-21,,,
2007-12-22,,,
2007-12-23,,,
2007-12-24,,,
2007-12-25,,,
2007-12-26,,,
2007-12-27,,,
2007-12-28,,,
2007-12-29,,,
2007-12-30,,,
2007-12-31,,,
2008-01-01,,,
2008-01-02,,,
2008-01-03,,,
2008-01-04,,,
2008-01-05,,,
2008-01-06,,,
2008-01-07,,,
2008-01-08,,,
2008-01-09,,,
2008-01-10,,,
2008-01-11,,,
2008-01-12,,,
2008-01-13,,,
2008-01-14,,,
2008-01-15,,,
2008-01-16,,,
2008-01-17,,,
2008-01-18,,,
2008-01-19,,,
2008-01-20,,,
2008-01-21,,,
2008-01-22,,,
2008-01-23,,,
2008-01-24,,,
2008-01-25,,,
2008-01-26,,,
2008-01-27,,,
2008-01-28,,,
2008-01-29,,,
2008-01-30,,,
2008-01-31,,,
2008-02-01,,,
2008-02-02,,,
2008-02-03,,,
2008-02-04,,,
2008-02-05,,,
2008-02-06,,,
2008-02-07,,,
2008-02-08,,,
2008-02-09,,,
2008-02-10,,,
2008-02-11,,,
2008-02-12,,,
2008-02-13,,,
2008-02-14,,,
2008-02-15,,,
2008-02-16,,,
2008-02-17,,,
2008-02-18,,,
2008-02-19,,,
2008-02-20,,,
2008-02-21,,,
2008-02-22,,,
2008-02-23,,,
2008-02-24,,,
2008-02-25,,,
2008-02-26,,,
2008-02-27,,,
2008-02-28,,,
2008-02-29,,,
2008-03-01,,,
2008-03-02,,,
2008-03-03,,,
2008-03-04,,,
2008-03-05,,,
2008-03-06,,,
2008-03-07,,,
2008-03-08,,,
2008-03-09,,,
2008-03-10,,,
2008-03-11,,,
2008-03-12,,,
2008-03-13,,,
2008-03-14,,,
2008-03-15,,,
2008-03-16,,,
2008-03-17,,,
2008-03-18,,,
2008-03-19,,,
2008-03-20,,,
2008-03-21,,,
2008-03-22,,,
2008-03-23,,,
2008-03-24,,,
2008-03-25,,,
2008-03-26,,,
2008-03-27,,,
2008-03-28,,,
2008-03-29,,,
2008-03-30,,,
2008-03-31,,,
2008-04-01,,,
2008-04-02,,,
2008-04-03,,,
2008-04-04,,,
2008-04-05,,,
2008-04-06,,,
2008-04-07,,,
2008-04-08,,,
2008-04-09,,,
2008-04-10,,,
2008-04-11,,,
2008-04-12,,,
2008-04-13,,,
2008-04-14,,,
2008-04-15,,,
2008-04-16,,,
2008-04-17,,,
2008-04-18,,,
2008-04-19,,,
2008-04-20,,,
2008-04-21,,,
2008-04-22,,,
2008-04-23,,,
2008-04-24,,,
2008-04-25,,,
2008-04-26,,,
2008-04-27,,,
2008-04-28,,,
2008-04-29,,,
2008-04-30,,,
2008-05-01,,,
2008-05-02,,,
2008-05-03,,,
2008-05-04,,,
2008-05-05,,,
2008-05-06,,,
2008-05-07,,,
2008-05-08,,,
2008-05-09,,,
2008-05-10,,,
2008-05-11,,,
2008-05-12,,,
2008-05-13,,,
2008-05-14,,,
2008-05-15,,,
2008-05-16,,,
2008-05-17,,,
2008-05-18,,,
2008-05-19,,,
2008-05-20,,,
2008-05-21,,,
2008-05-22,,,
2008-05-23,,,
2008-05-24,,,
2008-05-25,,,
2008-05-26,,,
2008-05-27,,,
2008-05-28,,,
2008-05-29,,,
2008-05-30,,,
2008-05-31,,,
2008-06-01,,,
2008-06-02,,,
2008-06-03,,,
2008-06-04,,,
2008-06-05,,,
2008-06-06,,,
2008-06-07,,,
2008-06-08,,,
2008-06-09,,,
2008-06-10,,,
2008-06-11,,,
2008-06-12,,,
2008-06-13,,,
2008-06-14,,,
2008-06-15,,,
2008-06-16,,,
2008-06-17,,,
2008-06-18,,,
2008-06-19,,,
2008-06-20,,,
2008-06-21,,,
2008-06-22,,,
2008-06-23,,,
2008-06-24,,,
2008-06-25,,,
2008-06-26,,,
2008-06-27,,,
2008-06-28,,,
2008-06-29,,,
2008-06-30,,,
2008-07-01,,,
2008-07-02,,,
2008-07-03,,,
2008-07-04,,,
2008-07-05,,,
2008-07-06,,,
2008-07-07,,,
2008-07-08,,,
2008-07-09,,,
2008-07-10,,,
2008-07-11,,,
2008-07-12,,,
2008-07-13,,,
2008-07-14,,,
2008-07-15,,,
2008-07-16,,,
2008-07-17,,,
2008-07-18,,,
2008-07-19,,,
2008-07-20,,,
2008-07-21,,,
2008-07-22,,,
2008-07-23,,,
2008-07-24,,,
2008-07-25,,,
2008-07-26,,,
2008-07-27,,,
2008-07-28,,,
2008-07-29,,,
2008-07-30,,,
2008-07-31,,,
2008-08-01,,,
2008-08-02,,,
2008-08-03,,,
2008-08-04,,,
2008-08-05,,,
2008-08-06,,,
2008-08-07,,,
2008-08-08,,,
2008-08-09,,,
2008-08-10,,,
2008-08-11,,,
2008-08-12,,,
2008-08-13,,,
2008-08-14,,,
2008-08-15,,,
2008-08-16,,,
2008-08-17,,,
2008-08-18,,,
2008-08-19,,,
2008-08-20,,,
2008-08-21,,,
2008-08-22,,,
2008-08-23,,,
2008-08-24,,,
2008-08-25,,,
2008-08-26,,,
2008-08-27,,,
2008-08-28,,,
2008-08-29,,,
2008-08-30,,,
2008-08-31,,,
2008-09-01,,,
2008-09-02,,,
2008-09-03,,,
2008-09-04,,,
2008-09-05,,,
2008-09-06,,,
2008-09-07,,,
2008-09-08,,,
2008-09-09,,,
2008-09-10,,,
2008-09-11,,,
2008-09-12,,,
2008-09-13,,,
2008-09-14,,,
2008-09-15,,,
2008-09-16,,,
2008-09-17,,,
2008-09-18,,,
2008-09-19,,,
2008-09-20,,,
2008-09-21,,,
2008-09-22,,,
2008-09-23,,,
2008-09-24,,,
2008-09-25,,,
2008-09-26,,,
2008-09-27,,,
2008-09-28,,,
2008-09-29,,,
2008-09-30,,,
2008-10-01,,,
2008-10-02,,,
2008-10-03,,,
2008-10-04,,,
2008-10-05,,,
2008-10-06,,,
2008-10-07,,,
2008-10-08,,,
2008-10-09,,,
2008-10-10,,,
2008-10-11,,,
2008-10-12,,,
2008-10-13,,,
2008-10-14,,,
2008-10-15,,,
2008-10-16,,,
2008-10-17,,,
2008-10-18,,,
2008-10-19,,,
2008-10-20,,,
2008-10-21,,,
2008-10-22,,,
2008-10-23,,,
2008-10-24,,,
2008-10-25,,,
2008-10-26,,,
2008-10-27,,,
2008-10-28,,,
2008-10-29,,,
2008-10-30,,,
2008-10-31,,,
2008-11-01,,,
2008-11-02,,,
2008-11-03,,,
2008-11-04,,,
2008-11-05,,,
2008-11-06,,,
2008-11-07,,,
2008-11-08,,,
2008-11-09,,,
2008-11-10,,,
2008-11-11,,,
2008-11-12,,,
2008-11-13,,,
2008-11-14,,,
2008-11-15,,,
2008-11-16,,,
2008-11-17,,,
2008-11-18,,,
2008-11-19,,,
2008-11-20,,,
2008-11-21,,,
2008-11-22,,,
2008-11-23,,,
2008-11-24,,,
2008-11-25,,,
2008-11-26,,,
2008-11-27,,,
2008-11-28,,,
2008-11-29,,,
2008-11-30,,,
2008-12-01,,,
2008-12-02,,,
2008-12-03,,,
2008-12-04,,,
2008-12-05,,,
2008-12-06,,,
2008-12-07,,,
2008-12-08,,,
2008-12-09,,,
2008-12-10,,,
2008-12-11,,,
2008-12-12,,,
2008-12-13,,,
2008-12-14,,,
2008-12-15,,,
2008-12-16,,,
2008-12-17,,,
2008-12-18,,,
2008-12-19,,,
2008-12-20,,,
2008-12-21,,,
2008-12-22,,,
2008-12-23,,,
2008-12-24,,,
2008-12-25,,,
2008-12-26,,,
2008-12-27,,,
2008-12-28,,,
2008-12-29,,,
2008-12-30,,,
2008-12-31,,,
2009-01-01,,,
2009-01-02,,,
2009-01-03,,,
2009-01-04,,,
2009-01-05,,,
2009-01-06,,,
2009-01-07,,,
2009-01-08,,,
2009-01-09,,,
2009-01-10,,,
2009-01-11,,,
2009-01-12,,,
2009-01-13,,,
2009-01-14,,,
2009-01-15,,,
2009-01-16,,,
2009-01-17,,,
2009-01-18,,,
2009-01-19,,,
2009-01-20,,,
2009-01-21,,,
2009-01-22,,,
2009-01-23,,,
2009-01-24,,,
2009-01-25,,,
2009-01-26,,,
2009-01-27,,,
2009-01-28,,,
2009-01-29,,,
2009-01-30,,,
2009-01-31,,,
2009-02-01,,,
2009-02-02,,,
2009-02-03,,,
2009-02-04,,,
2009-02-05,,,
2009-02-06,,,
2009-02-07,,,
2009-02-08,,,
2009-02-09,,,
2009-02-10,,,
2009-02-11,,,
2009-02-12,,,
2009-02-13,,,
2009-02-14,,,
2009-02-15,,,
2009-02-16,,,
2009-02-17,,,
2009-02-18,,,
2009-02-19,,,
2009-02-20,,,
2009-02-21,,,
2009-02-22,,,
2009-02-23,,,
2009-02-24,,,
2009-02-25,,,
2009-02-26,,,
2009-02-27,,,
2009-02-28,,,
2009-03-01,,,
2009-03-02,,,
2009-03-03,,,
2009-03-04,,,
2009-03-05,,,
2009-03-06,,,
2009-03-07,,,
2009-03-08,,,
2009-03-09,,,
2009-03-10,,,
2009-03-11,,,
2009-03-12,,,
2009-03-13,,,
2009-03-14,,,
2009-03-15,,,
2009-03-16,,,
2009-03-17,,,
2009-03-18,,,
2009-03-19,,,
2009-03-20,,,
2009-03-21,,,
2009-03-22,,,
2009-03-23,,,
2009-03-24,,,
2009-03-25,,,
2009-03-26,,,
2009-03-27,,,
2009-03-28,,,
2009-03-29,,,
2009-03-30,,,
2009-03-31,,,
2009-04-01,,,
2009-04-02,,,
2009-04-03,,,
2009-04-04,,,
2009-04-05,,,
2009-04-06,,,
2009-04-07,,,
2009-04-08,,,
2009-04-09,,,
2009-04-10,,,
2009-04-11,,,
2009-04-12,,,
2009-04-13,,,
2009-04-14,,,
2009-04-15,,,
2009-04-16,,,
2009-04-17,,,
2009-04-18,,,
2009-04-19,,,
2009-04-20,,,
2009-04-21,,,
2009-04-22,,,
2009-04-23,,,
2009-04-24,,,
2009-04-25,,,
2009-04-26,,,
2009-04-27,,,
2009-04-28,,,
2009-04-29,,,
2009-04-30,,,
2009-05-01,,,
2009-05-02,,,
2009-05-03,,,
2009-05-04,,,
2009-05-05,,,
2009-05-06,,,
2009-05-07,,,
2009-05-08,,,
2009-05-09,,,
2009-05-10,,,
2009-05-11,,,
2009-05-12,,,
2009-05-13,,,
2009-05-14,,,
2009-05-15,,,
2009-05-16,,,
2009-05-17,,,
2009-05-18,,,
2009-05-19,,,
2009-05-20,,,
2009-05-21,,,
2009-05-22,,,
2009-05-23,,,
2009-05-24,,,
2009-05-25,,,
2009-05-26,,,
2009-05-27,,,
2009-05-28,,,
2009-05-29,,,
2009-05-30,,,
2009-05-31,,,
2009-06-01,,,
2009-06-02,,,
2009-06-03,,,
2009-06-04,,,
2009-06-05,,,
2009-06-06,,,
2009-06-07,,,
2009-06-08,,,
2009-06-09,,,
2009-06-10,,,
2009-06-11,,,
2009-06-12,,,
2009-06-13,,,
2009-06-14,,,
2009-06-15,,,
2009-06-16,,,
2009-06-17,,,
2009-06-18,,,
2009-06-19,,,
2009-06-20,,,
2009-06-21,,,
2009-06-22,,,
2009-06-23,,,
2009-06-24,,,
2009-06-25,,,
2009-06-26,,,
2009-06-27,,,
2009-06-28,,,
2009-06-29,,,
2009-06-30,,,
2009-07-01,,,
2009-07-02,,,
2009-07-03,,,
2009-07-04,,,
2009-07-05,,,
2009-07-06,,,
2009-07-07,,,
2009-07-08,,,
2009-07-09,,,
2009-07-10,,,
2009-07-11,,,
2009-07-12,,,
2009-07-13,,,
2009-07-14,,,
2009-07-15,,,
2009-07-16,,,
2009-07-17,,,
2009-07-18,,,
2009-07-19,,,
2009-07-20,,,
2009-07-21,,,
2009-07-22,,,
2009-07-23,,,
2009-07-24,,,
2009-07-25,,,
2009-07-26,,,
2009-07-27,,,
2009-07-28,,,
2009-07-29,,,
2009-07-30,,,
2009-07-31,,,
2009-08-01,,,
2009-08-02,,,
2009-08-03,,,
2009-08-04,,,
2009-08-05,,,
2009-08-06,,,
2009-08-07,,,
2009-08-08,,,
2009-08-09,,,
2009-08-10,,,
2009-08-11,,,
2009-08-12,,,
2009-08-13,,,
2009-08-14,,,
2009-08-15,,,
2009-08-16,,,
2009-08-17,,,
2009-08-18,,,
2009-08-19,,,
2009-08-20,,,
2009-08-21,,,
2009-08-22,,,
2009-08-23,,,
2009-08-24,,,
2009-08-25,,,
2009-08-26,,,
2009-08-27,,,
2009-08-28,,,
2009-08-29,,,
2009-08-30,,,
2009-08-31,,,
2009-09-01,,,
2009-09-02,,,
2009-09-03,,,
2009-09-04,,,
2009-09-05,,,
2009-09-06,,,
2009-09-07,,,
2009-09-08,,,
2009-09-09,,,
2009-09-10,,,
2009-09-11,,,
2009-09-12,,,
2009-09-13,,,
2009-09-14,,,
2009-09-15,,,
2009-09-16,,,
2009-09-17,,,
2009-09-18,,,
2009-09-19,,,
2009-09-20,,,
2009-09-21,,,
2009-09-22,,,
2009-09-23,,,
2009-09-24,,,
2009-09-25,,,
2009-09-26,,,
2009-09-27,,,
2009-09-28,,,
2009-09-29,,,
2009-09-30,,,
2009-10-01,,,
2009-10-02,,,
2009-10-03,,,
2009-10-04,,,
2009-10-05,,,
2009-10-06,,,
2009-10-07,,,
2009-10-08,,,
2009-10-09,,,
2009-10-10,,,
2009-10-11,,,
2009-10-12,,,
2009-10-13,,,
2009-10-14,,,
2009-10-15,,,
2009-10-16,,,
2009-10-17,,,
2009-10-18,,,
2009-10-19,,,
2009-10-20,,,
2009-10-21,,,
2009-10-22,,,
2009-10-23,,,
2009-10-24,,,
2009-10-25,,,
2009-10-26,,,
2009-10-27,,,
2009-10-28,,,
2009-10-29,,,
2009-10-30,,,
2009-10-31,,,
2009-11-01,,,
2009-11-02,,,
2009-11-03,,,
2009-11-04,,,
2009-11-05,,,
2009-11-06,,,
2009-11-07,,,
2009-11-08,,,
2009-11-09,,,
2009-11-10,,,
2009-11-11,,,
2009-11-12,,,
2009-11-13,,,
2009-11-14,,,
2009-11-15,,,
2009-11-16,,,
2009-11-17,,,
2009-11-18,,,
2009-11-19,,,
2009-11-20,,,
2009-11-21,,,
2009-11-22,,,
2009-11-23,,,
2009-11-24,,,
2009-11-25,,,
2009-11-26,,,
2009-11-27,,,
2009-11-28,,,
2009-11-29,,,
2009-11-30,,,
2009-12-01,,,
2009-12-02,,,
2009-12-03,,,
2009-12-04,,,
2009-12-05,,,
2009-12-06,,,
2009-12-07,,,
2009-12-08,,,
2009-12-09,,,
2009-12-10,,,
2009-12-11,,,
2009-12-12,,,
2009-12-13,,,
2009-12-14,,,
2009-12-15,,,
2009-12-16,,,
2009-12-17,,,
2009-12-18,,,
2009-12-19,,,
2009-12-20,,,
2009-12-21,,,
2009-12-22,,,
2009-12-23,,,
2009-12-24,,,
2009-12-25,,,
2009-12-26,,,
2009-12-27,,,
2009-12-28,,,
2009-12-29,,,
2009-12-30,,,
2009-12-31,,,
2010-01-01,,,
2010-01-02,,,
2010-01-03,,,
2010-01-04,,,
2010-01-05,,,
2010-01-06,,,
2010-01-07,,,
2010-01-08,,,
2010-01-09,,,
2010-01-10,,,
2010-01-11,,,
2010-01-12,,,
2010-01-13,,,
2010-01-14,,,
2010-01-15,,,
2010-01-16,,,
2010-01-17,,,
2010-01-18,,,
2010-01-19,,,
2010-01-20,,,
2010-01-21,,,
2010-01-22,,,
2010-01-23,,,
2010-01-24,,,
2010-01-25,,,
2010-01-26,,,
2010-01-27,,,
2010-01-28,,,
2010-01-29,,,
2010-01-30,,,
2010-01-31,,,
2010-02-01,,,
2010-02-02,,,
2010-02-03,,,
2010-02-04,,,
2010-02-05,,,
2010-02-06,,,
2010-02-07,,,
2010-02-08,,,
2010-02-09,,,
2010-02-10,,,
2010-02-11,,,
2010-02-12,,,
2010-02-13,,,
2010-02-14,,,
2010-02-15,,,
2010-02-16,,,
2010-02-17,,,
2010-02-18,,,
2010-02-19,,,
2010-02-20,,,
2010-02-21,,,
2010-02-22,,,
2010-02-23,,,
2010-02-24,,,
2010-02-25,,,
2010-02-26,,,
2010-02-27,,,
2010-02-28,,,
2010-03-01,,,
2010-03-02,,,
2010-03-03,,,
2010-03-04,,,
2010-03-05,,,
2010-03-06,,,
2010-03-07,,,
2010-03-08,,,
2010-03-09,,,
2010-03-10,,,
2010-03-11,,,
2010-03-12,,,
2010-03-13,,,
2010-03-14,,,
2010-03-15,,,
2010-03-16,,,
2010-03-17,,,
2010-03-18,,,
2010-03-19,,,
2010-03-20,,,
2010-03-21,,,
2010-03-22,,,
2010-03-23,,,
2010-03-24,,,
2010-03-25,,,
2010-03-26,,,
2010-03-27,,,
2010-03-28,,,
2010-03-29,,,
2010-03-30,,,
2010-03-31,,,
2010-04-01,,,
2010-04-02,,,
2010-04-03,,,
2010-04-04,,,
2010-04-05,,,
2010-04-06,,,
2010-04-07,,,
2010-04-08,,,
2010-04-09,,,
2010-04-10,,,
2010-04-11,,,
2010-04-12,,,
2010-04-13,,,
2010-04-14,,,
2010-04-15,,,
2010-04-16,,,
2010-04-17,,,
2010-04-18,,,
2010-04-19,,,
2010-04-20,,,
2010-04-21,,,
2010-04-22,,,
2010-04-23,,,
2010-04-24,,,
2010-04-25,,,
2010-04-26,,,
2010-04-27,,,
2010-04-28,,,
2010-04-29,,,
2010-04-30,,,
2010-05-01,,,
2010-05-02,,,
2010-05-03,,,
2010-05-04,,,
2010-05-05,,,
2010-05-06,,,
2010-05-07,,,
2010-05-08,,,
2010-05-09,,,
2010-05-10,,,
2010-05-11,,,
2010-05-12,,,
2010-05-13,,,
2010-05-14,,,
2010-05-15,,,
2010-05-16,,,
2010-05-17,,,
2010-05-18,,,
2010-05-19,,,
2010-05-20,,,
2010-05-21,,,
2010-05-22,,,
2010-05-23,,,
2010-05-24,,,
2010-05-25,,,
2010-05-26,,,
2010-05-27,,,
2010-05-28,,,
2010-05-29,,,
2010-05-30,,,
2010-05-31,,,
2010-06-01,,,
2010-06-02,,,
2010-06-03,,,
2010-06-04,,,
2010-06-05,,,
2010-06-06,,,
2010-06-07,,,
2010-06-08,,,
2010-06-09,,,
2010-06-10,,,
2010-06-11,,,
2010-06-12,,,
2010-06-13,,,
2010-06-14,,,
2010-06-15,,,
2010-06-16,,,
2010-06-17,,,
2010-06-18,,,
2010-06-19,,,
2010-06-20,,,
2010-06-21,,,
2010-06-22,,,
2010-06-23,,,
2010-06-24,,,
2010-06-25,,,
2010-06-26,,,
2010-06-27,,,
2010-06-28,,,
2010-06-29,,,
2010-06-30,,,
2010-07-01,,,
2010-07-02,,,
2010-07-03,,,
2010-07-04,,,
2010-07-05,,,
2010-07-06,,,
2010-07-07,,,
2010-07-08,,,
2010-07-09,,,
2010-07-10,,,
2010-07-11,,,
2010-07-12,,,
2010-07-13,,,
2010-07-14,,,
2010-07-15,,,
2010-07-16,,,
2010-07-17,,,
2010-07-18,,,
2010-07-19,,,
2010-07-20,,,
2010-07-21,,,
2010-07-22,,,
2010-07-23,,,
2010-07-24,,,
2010-07-25,,,
2010-07-26,,,
2010-07-27,,,
2010-07-28,,,
2010-07-29,,,
2010-07-30,,,
2010-07-31,,,
2010-08-01,,,
2010-08-02,,,
2010-08-03,,,
2010-08-04,,,
2010-08-05,,,
2010-08-06,,,
2010-08-07,,,
2010-08-08,,,
2010-08-09,,,
2010-08-10,,,
2010-08-11,,,
2010-08-12,,,
2010-08-13,,,
2010-08-14,,,
2010-08-15,,,
2010-08-16,,,
2010-08-17,,,
2010-08-18,,,
2010-08-19,,,
2010-08-20,,,
2010-08-21,,,
2010-08-22,,,
2010-08-23,,,
2010-08-24,,,
2010-08-25,,,
2010-08-26,,,
2010-08-27,,,
2010-08-28,,,
2010-08-29,,,
2010-08-30,,,
2010-08-31,,,
2010-09-01,,,
2010-09-02,,,
2010-09-03,,,
2010-09-04,,,
2010-09-05,,,
2010-09-06,,,
2010-09-07,,,
2010-09-08,,,
2010-09-09,,,
2010-09-10,,,
2010-09-11,,,
2010-09-12,,,
2010-09-13,,,
2010-09-14,,,
2010-09-15,,,
2010-09-16,,,
2010-09-17,,,
2010-09-18,,,
2010-09-19,,,
2010-09-20,,,
2010-09-21,,,
2010-09-22,,,
2010-09-23,,,
2010-09-24,,,
2010-09-25,,,
2010-09-26,,,
2010-09-27,,,
2010-09-28,,,
2010-09-29,,,
2010-09-30,,,
2010-10-01,,,
2010-10-02,,,
2010-10-03,,,
2010-10-04,,,
2010-10-05,,,
2010-10-06,,,
2010-10-07,,,
2010-10-08,,,
2010-10-09,,,
2010-10-10,,,
2010-10-11,,,
2010-10-12,,,
2010-10-13,,,
2010-10-14,,,
2010-10-15,,,
2010-10-16,,,
2010-10-17,,,
2010-10-18,,,
2010-10-19,,,
2010-10-20,,,
2010-10-21,,,
2010-10-22,,,
2010-10-23,,,
2010-10-24,,,
2010-10-25,,,
2010-10-26,,,
2010-10-27,,,
2010-10-28,,,
2010-10-29,,,
2010-10-30,,,
2010-10-31,,,
2010-11-01,,,
2010-11-02,,,
2010-11-03,,,
2010-11-04,,,
2010-11-05,,,
2010-11-06,,,
2010-11-07,,,
2010-11-08,,,
2010-11-09,,,
2010-11-10,,,
2010-11-11,,,
2010-11-12,,,
2010-11-13,,,
2010-11-14,,,
2010-11-15,,,
2010-11-16,,,
2010-11-17,,,
2010-11-18,,,
2010-11-19,,,
2010-11-20,,,
2010-11-21,,,
2010-11-22,,,
2010-11-23,,,
2010-11-24,,,
2010-11-25,,,
2010-11-26,,,
2010-11-27,,,
2010-11-28,,,
2010-11-29,,,
2010-11-30,,,
2010-12-01,,,
2010-12-02,,,
2010-12-03,,,
2010-12-04,,,
2010-12-05,,,
2010-12-06,,,
2010-12-07,,,
2010-12-08,,,
2010-12-09,,,
2010-12-10,,,
2010-12-11,,,
2010-12-12,,,
2010-12-13,,,
2010-12-14,,,
2010-12-15,,,
2010-12-16,,,
2010-12-17,,,
2010-12-18,,,
2010-12-19,,,
2010-12-20,,,
2010-12-21,,,
2010-12-22,,,
2010-12-23,,,
2010-12-24,,,
2010-12-25,,,
2010-12-26,,,
2010-12-27,,,
2010-12-28,,,
2010-12-29,,,
2010-12-30,,,
2010-12-31,,,
2011-01-01,,,
2011-01-02,,,
2011-01-03,,,
2011-01-04,,,
2011-01-05,,,
2011-01-06,,,
2011-01-07,,,
2011-01-08,,,
2011-01-09,,,
2011-01-10,,,
2011-01-11,,,
2011-01-12,,,
2011-01-13,,,
2011-01-14,,,
2011-01-15,,,
2011-01-16,,,
2011-01-17,,,
2011-01-18,,,
2011-01-19,,,
2011-01-20,,,
2011-01-21,,,
2011-01-22,,,
2011-01-23,,,
2011-01-24,,,
2011-01-25,,,
2011-01-26,,,
2011-01-27,,,
2011-01-28,,,
2011-01-29,,,
2011-01-30,,,
2011-01-31,,,
2011-02-01,,,
2011-02-02,,,
2011-02-03,,,
2011-02-04,,,
2011-02-05,,,
2011-02-06,,,
2011-02-07,,,
2011-02-08,,,
2011-02-09,,,
2011-02-10,,,
2011-02-11,,,
2011-02-12,,,
2011-02-13,,,
2011-02-14,,,
2011-02-15,,,
2011-02-16,,,
2011-02-17,,,
2011-02-18,,,
2011-02-19,,,
2011-02-20,,,
2011-02-21,,,
2011-02-22,,,
2011-02-23,,,
2011-02-24,,,
2011-02-25,,,
2011-02-26,,,
2011-02-27,,,
2011-02-28,,,
2011-03-01,,,
2011-03-02,,,
2011-03-03,,,
2011-03-04,,,
2011-03-05,,,
2011-03-06,,,
2011-03-07,,,
2011-03-08,,,
2011-03-09,,,
2011-03-10,,,
2011-03-11,,,
2011-03-12,,,
2011-03-13,,,
2011-03-14,,,
2011-03-15,,,
2011-03-16,,,
2011-03-17,,,
2011-03-18,,,
2011-03-19,,,
2011-03-20,,,
2011-03-21,,,
2011-03-22,,,
2011-03-23,,,
2011-03-24,,,
2011-03-25,,,
2011-03-26,,,
2011-03-27,,,
2011-03-28,,,
2011-03-29,,,
2011-03-30,,,
2011-03-31,,,
2011-04-01,,,
2011-04-02,,,
2011-04-03,,,
2011-04-04,,,
2011-04-05,,,
2011-04-06,,,
2011-04-07,,,
2011-04-08,,,
2011-04-09,,,
2011-04-10,,,
2011-04-11,,,
2011-04-12,,,
2011-04-13,,,
2011-04-14,,,
2011-04-15,,,
2011-04-16,,,
2011-04-17,,,
2011-04-18,,,
2011-04-19,,,
2011-04-20,,,
2011-04-21,,,
2011-04-22,,,
2011-04-23,,,
2011-04-24,,,
2011-04-25,,,
2011-04-26,,,
2011-04-27,,,
2011-04-28,,,
2011-04-29,,,
2011-04-30,,,
2011-05-01,,,
2011-05-02,,,
2011-05-03,,,
2011-05-04,,,
2011-05-05,,,
2011-05-06,,,
2011-05-07,,,
2011-05-08,,,
2011-05-09,,,
2011-05-10,,,
2011-05-11,,,
2011-05-12,,,
2011-05-13,,,
2011-05-14,,,
2011-05-15,,,
2011-05-16,,,
2011-05-17,,,
2011-05-18,,,
2011-05-19,,,
2011-05-20,,,
2011-05-21,,,
2011-05-22,,,
2011-05-23,,,
2011-05-24,,,
2011-05-25,,,
2011-05-26,,,
2011-05-27,,,
2011-05-28,,,
2011-05-29,,,
2011-05-30,,,
2011-05-31,,,
2011-06-01,,,
2011-06-02,,,
2011-06-03,,,
2011-06-04,,,
2011-06-05,,,
2011-06-06,,,
2011-06-07,,,
2011-06-08,,,
2011-06-09,,,
2011-06-10,,,
2011-06-11,,,
2011-06-12,,,
2011-06-13,,,
2011-06-14,,,
2011-06-15,,,
2011-06-16,,,
2011-06-17,,,
2011-06-18,,,
2011-06-19,,,
2011-06-20,,,
2011-06-21,,,
2011-06-22,,,
2011-06-23,,,
2011-06-24,,,
2011-06-25,,,
2011-06-26,,,
2011-06-27,,,
2011-06-28,,,
2011-06-29,,,
2011-06-30,,,
2011-07-01,,,
2011-07-02,,,
2011-07-03,,,
2011-07-04,,,
2011-07-05,,,
2011-07-06,,,
2011-07-07,,,
2011-07-08,,,
2011-07-09,,,
2011-07-10,,,
2011-07-11,,,
2011-07-12,,,
2011-07-13,,,
2011-07-14,,,
2011-07-15,,,
2011-07-16,,,
2011-07-17,,,
2011-07-18,,,
2011-07-19,,,
2011-07-20,,,
2011-07-21,,,
2011-07-22,,,
2011-07-23,,,
2011-07-24,,,
2011-07-25,,,
2011-07-26,,,
2011-07-27,,,
2011-07-28,,,
2011-07-29,,,
2011-07-30,,,
2011-07-31,,,
2011-08-01,,,
2011-08-02,,,
2011-08-03,,,
2011-08-04,,,
2011-08-05,,,
2011-08-06,,,
2011-08-07,,,
2011-08-08,,,
2011-08-09,,,
2011-08-10,,,
2011-08-11,,,
2011-08-12,,,
2011-08-13,,,
2011-08-14,,,
2011-08-15,,,
2011-08-16,,,
2011-08-17,,,
2011-08-18,,,
2011-08-19,,,
2011-08-20,,,
2011-08-21,,,
2011-08-22,,,
2011-08-23,,,
2011-08-24,,,
2011-08-25,,,
2011-08-26,,,
2011-08-27,,,
2011-08-28,,,
2011-08-29,,,
2011-08-30,,,
2011-08-31,,,
2011-09-01,,,
2011-09-02,,,
2011-09-03,,,
2011-09-04,,,
2011-09-05,,,
2011-09-06,,,
2011-09-07,,,
2011-09-08,,,
2011-09-09,,,
2011-09-10,,,
2011-09-11,,,
2011-09-12,,,
2011-09-13,,,
2011-09-14,,,
2011-09-15,,,
2011-09-16,,,
2011-09-17,,,
2011-09-18,,,
2011-09-19,,,
2011-09-20,,,
2011-09-21,,,
2011-09-22,,,
2011-09-23,,,
2011-09-24,,,
2011-09-25,,,
2011-09-26,,,
2011-09-27,,,
2011-09-28,,,
2011-09-29,,,
2011-09-30,,,
2011-10-01,,,
2011-10-02,,,
2011-10-03,,,
2011-10-04,,,
2011-10-05,,,
2011-10-06,,,
2011-10-07,,,
2011-10-08,,,
2011-10-09,,,
2011-10-10,,,
2011-10-11,,,
2011-10-12,,,
2011-10-13,,,
2011-10-14,,,
2011-10-15,,,
2011-10-16,,,
2011-10-17,,,
2011-10-18,,,
2011-10-19,,,
2011-10-20,,,
2011-10-21,,,
2011-10-22,,,
2011-10-23,,,
2011-10-24,,,
2011-10-25,,,
2011-10-26,,,
2011-10-27,,,
2011-10-28,,,
2011-10-29,,,
2011-10-30,,,
2011-10-31,,,
2011-11-01,,,
2011-11-02,,,
2011-11-03,,,
2011-11-04,,,
2011-11-05,,,
2011-11-06,,,
2011-11-07,,,
2011-11-08,,,
2011-11-09,,,
2011-11-10,,,
2011-11-11,,,
2011-11-12,,,
2011-11-13,,,
2011-11-14,,,
2011-11-15,,,
2011-11-16,,,
2011-11-17,,,
2011-11-18,,,
2011-11-19,,,
2011-11-20,,,
2011-11-21,,,
2011-11-22,,,
2011-11-23,,,
2011-11-24,,,
2011-11-25,,,
2011-11-26,,,
2011-11-27,,,
2011-11-28,,,
2011-11-29,,,
2011-11-30,,,
2011-12-01,,,
2011-12-02,,,
2011-12-03,,,
2011-12-04,,,
2011-12-05,,,
2011-12-06,,,
2011-12-07,,,
2011-12-08,,,
2011-12-09,,,
2011-12-10,,,
2011-12-11,,,
2011-12-12,,,
2011-12-13,,,
2011-12-14,,,
2011-12-15,,,
2011-12-16,,,
2011-12-17,,,
2011-12-18,,,
2011-12-19,,,
2011-12-20,,,
2011-12-21,,,
2011-12-22,,,
2011-12-23,,,
2011-12-24,,,
2011-12-25,,,
2011-12-26,,,
2011-12-27,,,
2011-12-28,,,
2011-12-29,,,
2011-12-30,,,
2011-12-31,,,
2012-01-01,,,
2012-01-02,,,
2012-01-03,,,
2012-01-04,,,
2012-01-05,,,
2012-01-06,,,
2012-01-07,,,
2012-01-08,,,
2012-01-09,,,
2012-01-10,,,
2012-01-11,,,
2012-01-12,,,
2012-01-13,,,
2012-01-14,,,
2012-01-15,,,
2012-01-16,,,
2012-01-17,,,
2012-01-18,,,
2012-01-19,,,
2012-01-20,,,
2012-01-21,,,
2012-01-22,,,
2012-01-23,,,
2012-01-24,,,
2012-01-25,,,
2012-01-26,,,
2012-01-27,,,
2012-01-28,,,
2012-01-29,,,
2012-01-30,,,
2012-01-31,,,
2012-02-01,,,
2012-02-02,,,
2012-02-03,,,
2012-02-04,,,
2012-02-05,,,
2012-02-06,,,
2012-02-07,,,
2012-02-08,,,
2012-02-09,,,
2012-02-10,,,
2012-02-11,,,
2012-02-12,,,
2012-02-13,,,
2012-02-14,,,
2012-02-15,,,
2012-02-16,,,
2012-02-17,,,
2012-02-18,,,
2012-02-19,,,
2012-02-20,,,
2012-02-21,,,
2012-02-22,,,
2012-02-23,,,
2012-02-24,,,
2012-02-25,,,
2012-02-26,,,
2012-02-27,,,
2012-02-28,,,
2012-02-29,,,
2012-03-01,,,
2012-03-02,,,
2012-03-03,,,
2012-03-04,,,
2012-03-05,,,
2012-03-06,,,
2012-03-07,,,
2012-03-08,,,
2012-03-09,,,
2012-03-10,,,
2012-03-11,,,
2012-03-12,,,
2012-03-13,,,
2012-03-14,,,
2012-03-15,,,
2012-03-16,,,
2012-03-17,,,
2012-03-18,,,
2012-03-19,,,
2012-03-20,,,
2012-03-21,,,
2012-03-22,,,
2012-03-23,,,
2012-03-24,,,
2012-03-25,,,
2012-03-26,,,
2012-03-27,,,
2012-03-28,,,
2012-03-29,,,
2012-03-30,,,
2012-03-31,,,
2012-04-01,,,
2012-04-02,,,
2012-04-03,,,
2012-04-04,,,
2012-04-05,,,
2012-04-06,,,
2012-04-07,,,
2012-04-08,,,
2012-04-09,,,
2012-04-10,,,
2012-04-11,,,
2012-04-12,,,
2012-04-13,,,
2012-04-14,,,
2012-04-15,,,
2012-04-16,,,
2012-04-17,,,
2012-04-18,,,
2012-04-19,,,
2012-04-20,,,
2012-04-21,,,
2012-04-22,,,
2012-04-23,,,
2012-04-24,,,
2012-04-25,,,
2012-04-26,,,
2012-04-27,,,
2012-04-28,,,
2012-04-29,,,
2012-04-30,,,
2012-05-01,,,
2012-05-02,,,
2012-05-03,,,
2012-05-04,,,
2012-05-05,,,
2012-05-06,,,
2012-05-07,,,
2012-05-08,,,
2012-05-09,,,
2012-05-10,,,
2012-05-11,,,
2012-05-12,,,
2012-05-13,,,
2012-05-14,,,
2012-05-15,,,
2012-05-16,,,
2012-05-17,,,
2012-05-18,,,
2012-05-19,,,
2012-05-20,,,
2012-05-21,,,
2012-05-22,,,
2012-05-23,,,
2012-05-24,,,
2012-05-25,,,
2012-05-26,,,
2012-05-27,,,
2012-05-28,,,
2012-05-29,,,
2012-05-30,,,
2012-05-31,,,
2012-06-01,,,
2012-06-02,,,
2012-06-03,,,
2012-06-04,,,
2012-06-05,,,
2012-06-06,,,
2012-06-07,,,
2012-06-08,,,
2012-06-09,,,
2012-06-10,,,
2012-06-11,,,
2012-06-12,,,
2012-06-13,,,
2012-06-14,,,
2012-06-15,,,
2012-06-16,,,
2012-06-17,,,
2012-06-18,,,
2012-06-19,,,
2012-06-20,,,
2012-06-21,,,
2012-06-22,,,
2012-06-23,,,
2012-06-24,,,
2012-06-25,,,
2012-06-26,,,
2012-06-27,,,
2012-06-28,,,
2012-06-29,,,
2012-06-30,,,
2012-07-01,,,
2012-07-02,,,
2012-07-03,,,
2012-07-04,,,
2012-07-05,,,
2012-07-06,,,
2012-07-07,,,
2012-07-08,,,
2012-07-09,,,
2012-07-10,,,
2012-07-11,,,
2012-07-12,,,
2012-07-13,,,
2012-07-14,,,
2012-07-15,,,
2012-07-16,,,
2012-07-17,,,
2012-07-18,,,
2012-07-19,,,
2012-07-20,,,
2012-07-21,,,
2012-07-22,,,
2012-07-23,,,
2012-07-24,,,
2012-07-25,,,
2012-07-26,,,
2012-07-27,,,
2012-07-28,,,
2012-07-29,,,
2012-07-30,,,
2012-07-31,,,
2012-08-01,,,
2012-08-02,,,
2012-08-03,,,
2012-08-04,,,
2012-08-05,,,
2012-08-06,,,
2012-08-07,,,
2012-08-08,,,
2012-08-09,,,
2012-08-10,,,
2012-08-11,,,
2012-08-12,,,
2012-08-13,,,
2012-08-14,,,
2012-08-15,,,
2012-08-16,,,
2012-08-17,,,
2012-08-18,,,
2012-08-19,,,
2012-08-20,,,
2012-08-21,,,
2012-08-22,,,
2012-08-23,,,
2012-08-24,,,
2012-08-25,,,
2012-08-26,,,
2012-08-27,,,
2012-08-28,,,
2012-08-29,,,
2012-08-30,,,
2012-08-31,,,
2012-09-01,,,
2012-09-02,,,
2012-09-03,,,
2012-09-04,,,
2012-09-05,,,
2012-09-06,,,
2012-09-07,,,
2012-09-08,,,
2012-09-09,,,
2012-09-10,,,
2012-09-11,,,
2012-09-12,,,
2012-09-13,,,
2012-09-14,,,
2012-09-15,,,
2012-09-16,,,
2012-09-17,,,
2012-09-18,,,
2012-09-19,,,
2012-09-20,,,
2012-09-21,,,
2012-09-22,,,
2012-09-23,,,
2012-09-24,,,
2012-09-25,,,
2012-09-26,,,
2012-09-27,,,
2012-09-28,,,
2012-09-29,,,
2012-09-30,,,
2012-10-01,,,
2012-10-02,,,
2012-10-03,,,
2012-10-04,,,
2012-10-05,,,
2012-10-06,,,
2012-10-07,,,
2012-10-08,,,
2012-10-09,,,
2012-10-10,,,
2012-10-11,,,
2012-10-12,,,
2012-10-13,,,
2012-10-14,,,
2012-10-15,,,
2012-10-16,,,
2012-10-17,,,
2012-10-18,,,
2012-10-19,,,
2012-10-20,,,
2012-10-21,,,
2012-10-22,,,
2012-10-23,,,
2012-10-24,,,
2012-10-25,,,
2012-10-26,,,
2012-10-27,,,
2012-10-28,,,
2012-10-29,,,
2012-10-30,,,
2012-10-31,,,
2012-11-01,,,
2012-11-02,,,
2012-11-03,,,
2012-11-04,,,
2012-11-05,,,
2012-11-06,,,
2012-11-07,,,
2012-11-08,,,
2012-11-09,,,
2012-11-10,,,
2012-11-11,,,
2012-11-12,,,
2012-11-13,,,
2012-11-14,,,
2012-11-15,,,
2012-11-16,,,
2012-11-17,,,
2012-11-18,,,
2012-11-19,,,
2012-11-20,,,
2012-11-21,,,
2012-11-22,,,
2012-11-23,,,
2012-11-24,,,
2012-11-25,,,
2012-11-26,,,
2012-11-27,,,
2012-11-28,,,
2012-11-29,,,
2012-11-30,,,
2012-12-01,,,
2012-12-02,,,
2012-12-03,,,
2012-12-04,,,
2012-12-05,,,
2012-12-06,,,
2012-12-07,,,
2012-12-08,,,
2012-12-09,,,
2012-12-10,,,
2012-12-11,,,
2012-12-12,,,
2012-12-13,,,
2012-12-14,,,
2012-12-15,,,
2012-12-16,,,
2012-12-17,,,
2012-12-18,,,
2012-12-19,,,
2012-12-20,,,
2012-12-21,,,
2012-12-22,,,
2012-12-23,,,
2012-12-24,,,
2012-12-25,,,
2012-12-26,,,
2012-12-27,,,
2012-12-28,,,
2012-12-29,,,
2012-12-30,,,
2012-12-31,,,
2013-01-01,,,
2013-01-02,,,
2013-01-03,,,
2013-01-04,,,
2013-01-05,,,
2013-01-06,,,
2013-01-07,,,
2013-01-08,,,
2013-01-09,,,
2013-01-10,,,
2013-01-11,,,
2013-01-12,,,
2013-01-13,,,
2013-01-14,,,
2013-01-15,,,
2013-01-16,,,
2013-01-17,,,
2013-01-18,,,
2013-01-19,,,
2013-01-20,,,
2013-01-21,,,
2013-01-22,,,
2013-01-23,,,
2013-01-24,,,
2013-01-25,,,
2013-01-26,,,
2013-01-27,,,
2013-01-28,,,
2013-01-29,,,
2013-01-30,,,
2013-01-31,,,
2013-02-01,,,
2013-02-02,,,
2013-02-03,,,
2013-02-04,,,
2013-02-05,,,
2013-02-06,,,
2013-02-07,,,
2013-02-08,,,
2013-02-09,,,
2013-02-10,,,
2013-02-11,,,
2013-02-12,,,
2013-02-13,,,
2013-02-14,,,
2013-02-15,,,
2013-02-16,,,
2013-02-17,,,
2013-02-18,,,
2013-02-19,,,
2013-02-20,,,
2013-02-21,,,
2013-02-22,,,
2013-02-23,,,
2013-02-24,,,
2013-02-25,,,
2013-02-26,,,
2013-02-27,,,
2013-02-28,,,
2013-03-01,,,
2013-03-02,,,
2013-03-03,,,
2013-03-04,,,
2013-03-05,,,
2013-03-06,,,
2013-03-07,,,
2013-03-08,,,
2013-03-09,,,
2013-03-10,,,
2013-03-11,,,
2013-03-12,,,
2013-03-13,,,
2013-03-14,,,
2013-03-15,,,
2013-03-16,,,
2013-03-17,,,
2013-03-18,,,
2013-03-19,,,
2013-03-20,,,
2013-03-21,,,
2013-03-22,,,
2013-03-23,,,
2013-03-24,,,
2013-03-25,,,
2013-03-26,,,
2013-03-27,,,
2013-03-28,,,
2013-03-29,,,
2013-03-30,,,
2013-03-31,,,
2013-04-01,,,
2013-04-02,,,
2013-04-03,,,
2013-04-04,,,
2013-04-05,,,
2013-04-06,,,
2013-04-07,,,
2013-04-08,,,
2013-04-09,,,
2013-04-10,,,
2013-04-11,,,
2013-04-12,,,
2013-04-13,,,
2013-04-14,,,
2013-04-15,,,
2013-04-16,,,
2013-04-17,,,
2013-04-18,,,
2013-04-19,,,
2013-04-20,,,
2013-04-21,,,
2013-04-22,,,
2013-04-23,,,
2013-04-24,,,
2013-04-25,,,
2013-04-26,,,
2013-04-27,,,
2013-04-28,,,
2013-04-29,,,
2013-04-30,,,
2013-05-01,,,
2013-05-02,,,
2013-05-03,,,
2013-05-04,,,
2013-05-05,,,
2013-05-06,,,
2013-05-07,,,
2013-05-08,,,
2013-05-09,,,
2013-05-10,,,
2013-05-11,,,
2013-05-12,,,
2013-05-13,,,
2013-05-14,,,
2013-05-15,,,
2013-05-16,,,
2013-05-17,,,
2013-05-18,,,
2013-05-19,,,
2013-05-20,,,
2013-05-21,,,
2013-05-22,,,
2013-05-23,,,
2013-05-24,,,
2013-05-25,,,
2013-05-26,,,
2013-05-27,,,
2013-05-28,,,
2013-05-29,,,
2013-05-30,,,
2013-05-31,,,
2013-06-01,,,
2013-06-02,,,
2013-06-03,,,
2013-06-04,,,
2013-06-05,,,
2013-06-06,,,
2013-06-07,,,
2013-06-08,,,
2013-06-09,,,
2013-06-10,,,
2013-06-11,,,
2013-06-12,,,
2013-06-13,,,
2013-06-14,,,
2013-06-15,,,
2013-06-16,,,
2013-06-17,,,
2013-06-18,,,
2013-06-19,,,
2013-06-20,,,
2013-06-21,,,
2013-06-22,,,
2013-06-23,,,
2013-06-24,,,
2013-06-25,,,
2013-06-26,,,
2013-06-27,,,
2013-06-28,,,
2013-06-29,,,
2013-06-30,,,
2013-07-01,,,
2013-07-02,,,
2013-07-03,,,
2013-07-04,,,
2013-07-05,,,
2013-07-06,,,
2013-07-07,,,
2013-07-08,,,
2013-07-09,,,
2013-07-10,,,
2013-07-11,,,
2013-07-12,,,
2013-07-13,,,
2013-07-14,,,
2013-07-15,,,
2013-07-16,,,
2013-07-17,,,
2013-07-18,,,
2013-07-19,,,
2013-07-20,,,
2013-07-21,,,
2013-07-22,,,
2013-07-23,,,
2013-07-24,,,
2013-07-25,,,
2013-07-26,,,
2013-07-27,,,
2013-07-28,,,
2013-07-29,,,
2013-07-30,,,
2013-07-31,,,
2013-08-01,,,
2013-08-02,,,
2013-08-03,,,
2013-08-04,,,
2013-08-05,,,
2013-08-06,,,
2013-08-07,,,
2013-08-08,,,
2013-08-09,,,
2013-08-10,,,
2013-08-11,,,
2013-08-12,,,
2013-08-13,,,
2013-08-14,,,
2013-08-15,,,
2013-08-16,,,
2013-08-17,,,
2013-08-18,,,
2013-08-19,,,
2013-08-20,,,
2013-08-21,,,
2013-08-22,,,
2013-08-23,,,
2013-08-24,,,
2013-08-25,,,
2013-08-26,,,
2013-08-27,,,
2013-08-28,,,
2013-08-29,,,
2013-08-30,,,
2013-08-31,,,
2013-09-01,,,
2013-09-02,,,
2013-09-03,,,
2013-09-04,,,
2013-09-05,,,
2013-09-06,,,
2013-09-07,,,
2013-09-08,,,
2013-09-09,,,
2013-09-10,,,
2013-09-11,,,
2013-09-12,,,
2013-09-13,,,
2013-09-14,,,
2013-09-15,,,
2013-09-16,,,
2013-09-17,,,
2013-09-18,,,
2013-09-19,,,
2013-09-20,,,
2013-09-21,,,
2013-09-22,,,
2013-09-23,,,
2013-09-24,,,
2013-09-25,,,
2013-09-26,,,
2013-09-27,,,
2013-09-28,,,
2013-09-29,,,
2013-09-30,,,
2013-10-01,,,
2013-10-02,,,
2013-10-03,,,
2013-10-04,,,
2013-10-05,,,
2013-10-06,,,
2013-10-07,,,
2013-10-08,,,
2013-10-09,,,
2013-10-10,,,
2013-10-11,,,
2013-10-12,,,
2013-10-13,,,
2013-10-14,,,
2013-10-15,,,
2013-10-16,,,
2013-10-17,,,
2013-10-18,,,
2013-10-19,,,
2013-10-20,,,
2013-10-21,,,
2013-10-22,,,
2013-10-23,,,
2013-10-24,,,
2013-10-25,,,
2013-10-26,,,
2013-10-27,,,
2013-10-28,,,
2013-10-29,,,
2013-10-30,,,
2013-10-31,,,
2013-11-01,,,
2013-11-02,,,
2013-11-03,,,
2013-11-04,,,
2013-11-05,,,
2013-11-06,,,
2013-11-07,,,
2013-11-08,,,
2013-11-09,,,
2013-11-10,,,
2013-11-11,,,
2013-11-12,,,
2013-11-13,,,
2013-11-14,,,
2013-11-15,,,
2013-11-16,,,
2013-11-17,,,
2013-11-18,,,
2013-11-19,,,
2013-11-20,,,
2013-11-21,,,
2013-11-22,,,
2013-11-23,,,
2013-11-24,,,
2013-11-25,,,
2013-11-26,,,
2013-11-27,,,
2013-11-28,,,
2013-11-29,,,
2013-11-30,,,
2013-12-01,,,
2013-12-02,,,
2013-12-03,,,
2013-12-04,,,
2013-12-05,,,
2013-12-06,,,
2013-12-07,,,
2013-12-08,,,
2013-12-09,,,
2013-12-10,,,
2013-12-11,,,
2013-12-12,,,
2013-12-13,,,
2013-12-14,,,
2013-12-15,,,
2013-12-16,,,
2013-12-17,,,
2013-12-18,,,
2013-12-19,,,
2013-12-20,,,
2013-12-21,,,
2013-12-22,,,
2013-12-23,,,
2013-12-24,,,
2013-12-25,,,
2013-12-26,,,
2013-12-27,,,
2013-12-28,,,
2013-12-29,,,
2013-12-30,,,
2013-12-31,,,
2014-01-01,,,
2014-01-02,,,
2014-01-03,,,
2014-01-04,,,
2014-01-05,,,
2014-01-06,,,
2014-01-07,,,
2014-01-08,,,
2014-01-09,,,
2014-01-10,,,
2014-01-11,,,
2014-01-12,,,
2014-01-13,,,
2014-01-14,,,
2014-01-15,,,
2014-01-16,,,
2014-01-17,,,
2014-01-18,,,
2014-01-19,,,
2014-01-20,,,
2014-01-21,,,
2014-01-22,,,
2014-01-23,,,
2014-01-24,,,
2014-01-25,,,
2014-01-26,,,
2014-01-27,,,
2014-01-28,,,
2014-01-29,,,
2014-01-30,,,
2014-01-31,,,
2014-02-01,,,
2014-02-02,,,
2014-02-03,,,
2014-02-04,,,
2014-02-05,,,
2014-02-06,,,
2014-02-07,,,
2014-02-08,,,
2014-02-09,,,
2014-02-10,,,
2014-02-11,,,
2014-02-12,,,
2014-02-13,,,
2014-02-14,,,
2014-02-15,,,
2014-02-16,,,
2014-02-17,,,
2014-02-18,,,
2014-02-19,,,
2014-02-20,,,
2014-02-21,,,
2014-02-22,,,
2014-02-23,,,
2014-02-24,,,
2014-02-25,,,
2014-02-26,,,
2014-02-27,,,
2014-02-28,,,
2014-03-01,,,
2014-03-02,,,
2014-03-03,,,
2014-03-04,,,
2014-03-05,,,
2014-03-06,,,
2014-03-07,,,
2014-03-08,,,
2014-03-09,,,
2014-03-10,,,
2014-03-11,,,
2014-03-12,,,
2014-03-13,,,
2014-03-14,,,
2014-03-15,,,
2014-03-16,,,
2014-03-17,,,
2014-03-18,,,
2014-03-19,,,
2014-03-20,,,
2014-03-21,,,
2014-03-22,,,
2014-03-23,,,
2014-03-24,,,
2014-03-25,,,
2014-03-26,,,
2014-03-27,,,
2014-03-28,,,
2014-03-29,,,
2014-03-30,,,
2014-03-31,,,
2014-04-01,,,
2014-04-02,,,
2014-04-03,,,
2014-04-04,,,
2014-04-05,,,
2014-04-06,,,
2014-04-07,,,
2014-04-08,,,
2014-04-09,,,
2014-04-10,,,
2014-04-11,,,
2014-04-12,,,
2014-04-13,,,
2014-04-14,,,
2014-04-15,,,
2014-04-16,,,
2014-04-17,,,
2014-04-18,,,
2014-04-19,,,
2014-04-20,,,
2014-04-21,,,
2014-04-22,,,
2014-04-23,,,
2014-04-24,,,
2014-04-25,,,
2014-04-26,,,
2014-04-27,,,
2014-04-28,,,
2014-04-29,,,
2014-04-30,,,
2014-05-01,,,
2014-05-02,,,
2014-05-03,,,
2014-05-04,,,
2014-05-05,,,
2014-05-06,,,
2014-05-07,,,
2014-05-08,,,
2014-05-09,,,
2014-05-10,,,
2014-05-11,,,
2014-05-12,,,
2014-05-13,,,
2014-05-14,,,
2014-05-15,,,
2014-05-16,,,
2014-05-17,,,
2014-05-18,,,
2014-05-19,,,
2014-05-20,,,
2014-05-21,,,
2014-05-22,,,
2014-05-23,,,
2014-05-24,,,
2014-05-25,,,
2014-05-26,,,
2014-05-27,,,
2014-05-28,,,
2014-05-29,,,
2014-05-30,,,
2014-05-31,,,
2014-06-01,,,
2014-06-02,,,
2014-06-03,,,
2014-06-04,,,
2014-06-05,,,
2014-06-06,,,
2014-06-07,,,
2014-06-08,,,
2014-06-09,,,
2014-06-10,,,
2014-06-11,,,
2014-06-12,,,
2014-06-13,,,
2014-06-14,,,
2014-06-15,,,
2014-06-16,,,
2014-06-17,,,
2014-06-18,,,
2014-06-19,,,
2014-06-20,,,
2014-06-21,,,
2014-06-22,,,
2014-06-23,,,
2014-06-24,,,
2014-06-25,,,
2014-06-26,,,
2014-06-27,,,
2014-06-28,,,
2014-06-29,,,
2014-06-30,,,
2014-07-01,,,
2014-07-02,,,
2014-07-03,,,
2014-07-04,,,
2014-07-05,,,
2014-07-06,,,
2014-07-07,,,
2014-07-08,,,
2014-07-09,,,
2014-07-10,,,
2014-07-11,,,
2014-07-12,,,
2014-07-13,,,
2014-07-14,,,
2014-07-15,,,
2014-07-16,,,
2014-07-17,,,
2014-07-18,,,
2014-07-19,,,
2014-07-20,,,
2014-07-21,,,
2014-07-22,,,
2014-07-23,,,
2014-07-24,,,
2014-07-25,,,
2014-07-26,,,
2014-07-27,,,
2014-07-28,,,
2014-07-29,,,
2014-07-30,,,
2014-07-31,,,
2014-08-01,,,
2014-08-02,,,
2014-08-03,,,
2014-08-04,,,
2014-08-05,,,
2014-08-06,,,
2014-08-07,,,
2014-08-08,,,
2014-08-09,,,
2014-08-10,,,
2014-08-11,,,
2014-08-12,,,
2014-08-13,,,
2014-08-14,,,
2014-08-15,,,
2014-08-16,,,
2014-08-17,,,
2014-08-18,,,
2014-08-19,,,
2014-08-20,,,
2014-08-21,,,
2014-08-22,,,
2014-08-23,,,
2014-08-24,,,
2014-08-25,,,
2014-08-26,,,
2014-08-27,,,
2014-08-28,,,
2014-08-29,,,
2014-08-30,,,
2014-08-31,,,
2014-09-01,,,
2014-09-02,,,
2014-09-03,,,
2014-09-04,,,
2014-09-05,,,
2014-09-06,,,
2014-09-07,,,
2014-09-08,,,
2014-09-09,,,
2014-09-10,,,
2014-09-11,,,
2014-09-12,,,
2014-09-13,,,
2014-09-14,,,
2014-09-15,,,
2014-09-16,,,
2014-09-17,,,
2014-09-18,,,
2014-09-19,,,
2014-09-20,,,
2014-09-21,,,
2014-09-22,,,
2014-09-23,,,
2014-09-24,,,
2014-09-25,,,
2014-09-26,,,
2014-09-27,,,
2014-09-28,,,
2014-09-29,,,
2014-09-30,,,
2014-10-01,,,
2014-10-02,,,
2014-10-03,,,
2014-10-04,,,
2014-10-05,,,
2014-10-06,,,
2014-10-07,,,
2014-10-08,,,
2014-10-09,,,
2014-10-10,,,
2014-10-11,,,
2014-10-12,,,
2014-10-13,,,
2014-10-14,,,
2014-10-15,,,
2014-10-16,,,
2014-10-17,,,
2014-10-18,,,
2014-10-19,,,
2014-10-20,,,
2014-10-21,,,
2014-10-22,,,
2014-10-23,,,
2014-10-24,,,
2014-10-25,,,
2014-10-26,,,
2014-10-27,,,
2014-10-28,,,
2014-10-29,,,
2014-10-30,,,
2014-10-31,,,
2014-11-01,,,
2014-11-02,,,
2014-11-03,,,
2014-11-04,,,
2014-11-05,,,
2014-11-06,,,
2014-11-07,,,
2014-11-08,,,
2014-11-09,,,
2014-11-10,,,
2014-11-11,,,
2014-11-12,,,
2014-11-13,,,
2014-11-14,,,
2014-11-15,,,
2014-11-16,,,
2014-11-17,,,
2014-11-18,,,
2014-11-19,,,
2014-11-20,,,
2014-11-21,,,
2014-11-22,,,
2014-11-23,,,
2014-11-24,,,
2014-11-25,,,
2014-11-26,,,
2014-11-27,,,
2014-11-28,,,
2014-11-29,,,
2014-11-30,,,
2014-12-01,,,
2014-12-02,,,
2014-12-03,,,
2014-12-04,,,
2014-12-05,,,
2014-12-06,,,
2014-12-07,,,
2014-12-08,,,
2014-12-09,,,
2014-12-10,,,
2014-12-11,,,
2014-12-12,,,
2014-12-13,,,
2014-12-14,,,
2014-12-15,,,
2014-12-16,,,
2014-12-17,,,
2014-12-18,,,
2014-12-19,,,
2014-12-20,,,
2014-12-21,,,
2014-12-22,,,
2014-12-23,,,
2014-12-24,,,
2014-12-25,,,
2014-12-26,,,
2014-12-27,,,
2014-12-28,,,
2014-12-29,,,
2014-12-30,,,
2014-12-31,,,
2015-01-01,,,
2015-01-02,,,
2015-01-03,,,
2015-01-04,,,
2015-01-05,,,
2015-01-06,,,
2015-01-07,,,
2015-01-08,,,
2015-01-09,,,
2015-01-10,,,
2015-01-11,,,
2015-01-12,,,
2015-01-13,,,
2015-01-14,,,
2015-01-15,,,
2015-01-16,,,
2015-01-17,,,
2015-01-18,,,
2015-01-19,,,
2015-01-20,,,
2015-01-21,,,
2015-01-22,,,
2015-01-23,,,
2015-01-24,,,
2015-01-25,,,
2015-01-26,,,
2015-01-27,,,
2015-01-28,,,
2015-01-29,,,
2015-01-30,,,
2015-01-31,,,
2015-02-01,,,
2015-02-02,,,
2015-02-03,,,
2015-02-04,,,
2015-02-05,,,
2015-02-06,,,
2015-02-07,,,
2015-02-08,,,
2015-02-09,,,
2015-02-10,,,
2015-02-11,,,
2015-02-12,,,
2015-02-13,,,
2015-02-14,,,
2015-02-15,,,
2015-02-16,,,
2015-02-17,,,
2015-02-18,,,
2015-02-19,,,
2015-02-20,,,
2015-02-21,,,
2015-02-22,,,
2015-02-23,,,
2015-02-24,,,
2015-02-25,,,
2015-02-26,,,
2015-02-27,,,
2015-02-28,,,
2015-03-01,,,
2015-03-02,,,
2015-03-03,,,
2015-03-04,,,
2015-03-05,,,
2015-03-06,,,
2015-03-07,,,
2015-03-08,,,
2015-03-09,,,
2015-03-10,,,
2015-03-11,,,
2015-03-12,,,
2015-03-13,,,
2015-03-14,,,
2015-03-15,,,
2015-03-16,,,
2015-03-17,,,
2015-03-18,,,
2015-03-19,,,
2015-03-20,,,
2015-03-21,,,
2015-03-22,,,
2015-03-23,,,
2015-03-24,,,
2015-03-25,,,
2015-03-26,,,
2015-03-27,,,
2015-03-28,,,
2015-03-29,,,
2015-03-30,,,
2015-03-31,,,
2015-04-01,,,
2015-04-02,,,
2015-04-03,,,
2015-04-04,,,
2015-04-05,,,
2015-04-06,,,
2015-04-07,,,
2015-04-08,,,
2015-04-09,,,
2015-04-10,,,
2015-04-11,,,
2015-04-12,,,
2015-04-13,,,
2015-04-14,,,
2015-04-15,,,
2015-04-16,,,
2015-04-17,,,
2015-04-18,,,
2015-04-19,,,
2015-04-20,,,
2015-04-21,,,
2015-04-22,,,
2015-04-23,,,
2015-04-24,,,
2015-04-25,,,
2015-04-26,,,
2015-04-27,,,
2015-04-28,,,
2015-04-29,,,
2015-04-30,,,
2015-05-01,,,
2015-05-02,,,
2015-05-03,,,
2015-05-04,,,
2015-05-05,,,
2015-05-06,,,
2015-05-07,,,
2015-05-08,,,
2015-05-09,,,
2015-05-10,,,
2015-05-11,,,
2015-05-12,,,
2015-05-13,,,
2015-05-14,,,
2015-05-15,,,
2015-05-16,,,
2015-05-17,,,
2015-05-18,,,
2015-05-19,,,
2015-05-20,,,
2015-05-21,,,
2015-05-22,,,
2015-05-23,,,
2015-05-24,,,
2015-05-25,,,
2015-05-26,,,
2015-05-27,,,
2015-05-28,,,
2015-05-29,,,
2015-05-30,,,
2015-05-31,,,
2015-06-01,,,
2015-06-02,,,
2015-06-03,,,
2015-06-04,,,
2015-06-05,,,
2015-06-06,,,
2015-06-07,,,
2015-06-08,,,
2015-06-09,,,
2015-06-10,,,
2015-06-11,,,
2015-06-12,,,
2015-06-13,,,
2015-06-14,,,
2015-06-15,,,
2015-06-16,,,
2015-06-17,,,
2015-06-18,,,
2015-06-19,,,
2015-06-20,,,
2015-06-21,,,
2015-06-22,,,
2015-06-23,,,
2015-06-24,,,
2015-06-25,,,
2015-06-26,,,
2015-06-27,,,
2015-06-28,,,
2015-06-29,,,
2015-06-30,,,
2015-07-01,,,
2015-07-02,,,
2015-07-03,,,
2015-07-04,,,
2015-07-05,,,
2015-07-06,,,
2015-07-07,,,
2015-07-08,,,
2015-07-09,,,
2015-07-10,,,
2015-07-11,,,
2015-07-12,,,
2015-07-13,,,
2015-07-14,,,
2015-07-15,,,
2015-07-16,,,
2015-07-17,,,
2015-07-18,,,
2015-07-19,,,
2015-07-20,,,
2015-07-21,,,
2015-07-22,,,
2015-07-23,,,
2015-07-24,,,
2015-07-25,,,
2015-07-26,,,
2015-07-27,,,
2015-07-28,,,
2015-07-29,,,
2015-07-30,,,
2015-07-31,,,
2015-08-01,,,
2015-08-02,,,
2015-08-03,,,
2015-08-04,,,
2015-08-05,,,
2015-08-06,,,
2015-08-07,,,
2015-08-08,,,
2015-08-09,,,
2015-08-10,,,
2015-08-11,,,
2015-08-12,,,
2015-08-13,,,
2015-08-14,,,
2015-08-15,,,
2015-08-16,,,
2015-08-17,,,
2015-08-18,,,
2015-08-19,,,
2015-08-20,,,
2015-08-21,,,
2015-08-22,,,
2015-08-23,,,
2015-08-24,,,
2015-08-25,,,
2015-08-26,,,
2015-08-27,,,
2015-08-28,,,
2015-08-29,,,
2015-08-30,,,
2015-08-31,,,
2015-09-01,,,
2015-09-02,,,
2015-09-03,,,
2015-09-04,,,
2015-09-05,,,
2015-09-06,,,
2015-09-07,,,
2015-09-08,,,
2015-09-09,,,
2015-09-10,,,
2015-09-11,,,
2015-09-12,,,
2015-09-13,,,
2015-09-14,,,
2015-09-15,,,
2015-09-16,,,
2015-09-17,,,
2015-09-18,,,
2015-09-19,,,
2015-09-20,,,
2015-09-21,,,
2015-09-22,,,
2015-09-23,,,
2015-09-24,,,
2015-09-25,,,
2015-09-26,,,
2015-09-27,,,
2015-09-28,,,
2015-09-29,,,
2015-09-30,,,
2015-10-01,,,
2015-10-02,,,
2015-10-03,,,
2015-10-04,,,
2015-10-05,,,
2015-10-06,,,
2015-10-07,,,
2015-10-08,,,
2015-10-09,,,
2015-10-10,,,
2015-10-11,,,
2015-10-12,,,
2015-10-13,,,
2015-10-14,,,
2015-10-15,,,
2015-10-16,,,
2015-10-17,,,
2015-10-18,,,
2015-10-19,,,
2015-10-20,,,
2015-10-21,,,
2015-10-22,,,
2015-10-23,,,
2015-10-24,,,
2015-10-25,,,
2015-10-26,,,
2015-10-27,,,
2015-10-28,,,
2015-10-29,,,
2015-10-30,,,
2015-10-31,,,
2015-11-01,,,
2015-11-02,,,
2015-11-03,,,
2015-11-04,,,
2015-11-05,,,
2015-11-06,,,
2015-11-07,,,
2015-11-08,,,
2015-11-09,,,
2015-11-10,,,
2015-11-11,,,
2015-11-12,,,
2015-11-13,,,
2015-11-14,,,
2015-11-15,,,
2015-11-16,,,
2015-11-17,,,
2015-11-18,,,
2015-11-19,,,
2015-11-20,,,
2015-11-21,,,
2015-11-22,,,
2015-11-23,,,
2015-11-24,,,
2015-11-25,,,
2015-11-26,,,
2015-11-27,,,
2015-11-28,,,
2015-11-29,,,
2015-11-30,,,
2015-12-01,,,
2015-12-02,,,
2015-12-03,,,
2015-12-04,,,
2015-12-05,,,
2015-12-06,,,
2015-12-07,,,
2015-12-08,,,
2015-12-09,,,
2015-12-10,,,
2015-12-11,,,
2015-12-12,,,
2015-12-13,,,
2015-12-14,,,
2015-12-15,,,
2015-12-16,,,
2015-12-17,,,
2015-12-18,,,
2015-12-19,,,
2015-12-20,,,
2015-12-21,,,
2015-12-22,,,
2015-12-23,,,
2015-12-24,,,
2015-12-25,,,
2015-12-26,,,
2015-12-27,,,
2015-12-28,,,
2015-12-29,,,
2015-12-30,,,
2015-12-31,,,
2016-01-01,,,
2016-01-02,,,
2016-01-03,,,
2016-01-04,,,
2016-01-05,,,
2016-01-06,,,
2016-01-07,,,
2016-01-08,,,
2016-01-09,,,
2016-01-10,,,
2016-01-11,,,
2016-01-12,,,
2016-01-13,,,
2016-01-14,,,
2016-01-15,,,
2016-01-16,,,
2016-01-17,,,
2016-01-18,,,
2016-01-19,,,
2016-01-20,,,
2016-01-21,,,
2016-01-22,,,
2016-01-23,,,
2016-01-24,,,
2016-01-25,,,
2016-01-26,,,
2016-01-27,,,
2016-01-28,,,
2016-01-29,,,
2016-01-30,,,
2016-01-31,,,
2016-02-01,,,
2016-02-02,,,
2016-02-03,,,
2016-02-04,,,
2016-02-05,,,
2016-02-06,,,
2016-02-07,,,
2016-02-08,,,
2016-02-09,,,
2016-02-10,,,
2016-02-11,,,
2016-02-12,,,
2016-02-13,,,
2016-02-14,,,
2016-02-15,,,
2016-02-16,,,
2016-02-17,,,
2016-02-18,,,
2016-02-19,,,
2016-02-20,,,
2016-02-21,,,
2016-02-22,,,
2016-02-23,,,
2016-02-24,,,
2016-02-25,,,
2016-02-26,,,
2016-02-27,,,
2016-02-28,,,
2016-02-29,,,
2016-03-01,,,
2016-03-02,,,
2016-03-03,,,
2016-03-04,,,
2016-03-05,,,
2016-03-06,,,
2016-03-07,,,
2016-03-08,,,
2016-03-09,,,
2016-03-10,,,
2016-03-11,,,
2016-03-12,,,
2016-03-13,,,
2016-03-14,,,
2016-03-15,,,
2016-03-16,,,
2016-03-17,,,
2016-03-18,,,
2016-03-19,,,
2016-03-20,,,
2016-03-21,,,
2016-03-22,,,
2016-03-23,,,
2016-03-24,,,
2016-03-25,,,
2016-03-26,,,
2016-03-27,,,
2016-03-28,,,
2016-03-29,,,
2016-03-30,,,
2016-03-31,,,
2016-04-01,,,
2016-04-02,,,
2016-04-03,,,
2016-04-04,,,
2016-04-05,,,
2016-04-06,,,
2016-04-07,,,
2016-04-08,,,
2016-04-09,,,
2016-04-10,,,
2016-04-11,,,
2016-04-12,,,
2016-04-13,,,
2016-04-14,,,
2016-04-15,,,
2016-04-16,,,
2016-04-17,,,
2016-04-18,,,
2016-04-19,,,
2016-04-20,,,
2016-04-21,,,
2016-04-22,,,
2016-04-23,,,
2016-04-24,,,
2016-04-25,,,
2016-04-26,,,
2016-04-27,,,
2016-04-28,,,
2016-04-29,,,
2016-04-30,,,
2016-05-01,,,
2016-05-02,,,
2016-05-03,,,
2016-05-04,,,
2016-05-05,,,
2016-05-06,,,
2016-05-07,,,
2016-05-08,,,
2016-05-09,,,
2016-05-10,,,
2016-05-11,,,
2016-05-12,,,
2016-05-13,,,
2016-05-14,,,
2016-05-15,,,
2016-05-16,,,
2016-05-17,,,
2016-05-18,,,
2016-05-19,,,
2016-05-20,,,
2016-05-21,,,
2016-05-22,,,
2016-05-23,,,
2016-05-24,,,
2016-05-25,,,
2016-05-26,,,
2016-05-27,,,
2016-05-28,,,
2016-05-29,,,
2016-05-30,,,
2016-05-31,,,
2016-06-01,,,
2016-06-02,,,
2016-06-03,,,
2016-06-04,,,
2016-06-05,,,
2016-06-06,,,
2016-06-07,,,
2016-06-08,,,
2016-06-09,,,
2016-06-10,,,
2016-06-11,,,
2016-06-12,,,
2016-06-13,,,
2016-06-14,,,
2016-06-15,,,
2016-06-16,,,
2016-06-17,,,
2016-06-18,,,
2016-06-19,,,
2016-06-20,,,
2016-06-21,,,
2016-06-22,,,
2016-06-23,,,
2016-06-24,,,
2016-06-25,,,
2016-06-26,,,
2016-06-27,,,
2016-06-28,,,
2016-06-29,,,
2016-06-30,,,
2016-07-01,,,
2016-07-02,,,
2016-07-03,,,
2016-07-04,,,
2016-07-05,,,
2016-07-06,,,
2016-07-07,,,
2016-07-08,,,
2016-07-09,,,
2016-07-10,,,
2016-07-11,,,
2016-07-12,,,
2016-07-13,,,
2016-07-14,,,
2016-07-15,,,
2016-07-16,,,
2016-07-17,,,
2016-07-18,,,
2016-07-19,,,
2016-07-20,,,
2016-07-21,,,
2016-07-22,,,
2016-07-23,,,
2016-07-24,,,
2016-07-25,,,
2016-07-26,,,
2016-07-27,,,
2016-07-28,,,
2016-07-29,,,
2016-07-30,,,
2016-07-31,,,
2016-08-01,,,
2016-08-02,,,
2016-08-03,,,
2016-08-04,,,
2016-08-05,,,
2016-08-06,,,
2016-08-07,,,
2016-08-08,,,
2016-08-09,,,
2016-08-10,,,
2016-08-11,,,
2016-08-12,,,
2016-08-13,,,
2016-08-14,,,
2016-08-15,,,
2016-08-16,,,
2016-08-17,,,
2016-08-18,,,
2016-08-19,,,
2016-08-20,,,
2016-08-21,,,
2016-08-22,,,
2016-08-23,,,
2016-08-24,,,
2016-08-25,,,
2016-08-26,,,
2016-08-27,,,
2016-08-28,,,
2016-08-29,,,
2016-08-30,,,
2016-08-31,,,
2016-09-01,,,
2016-09-02,,,
2016-09-03,,,
2016-09-04,,,
2016-09-05,,,
2016-09-06,,,
2016-09-07,,,
2016-09-08,,,
2016-09-09,,,
2016-09-10,,,
2016-09-11,,,
2016-09-12,,,
2016-09-13,,,
2016-09-14,,,
2016-09-15,,,
2016-09-16,,,
2016-09-17,,,
2016-09-18,,,
2016-09-19,,,
2016-09-20,,,
2016-09-21,,,
2016-09-22,,,
2016-09-23,,,
2016-09-24,,,
2016-09-25,,,
2016-09-26,,,
2016-09-27,,,
2016-09-28,,,
2016-09-29,,,
2016-09-30,,,
2016-10-01,,,
2016-10-02,,,
2016-10-03,,,
2016-10-04,,,
2016-10-05,,,
2016-10-06,,,
2016-10-07,,,
2016-10-08,,,
2016-10-09,,,
2016-10-10,,,
2016-10-11,,,
2016-10-12,,,
2016-10-13,,,
2016-10-14,,,
2016-10-15,,,
2016-10-16,,,
2016-10-17,,,
2016-10-18,,,
2016-10-19,,,
2016-10-20,,,
2016-10-21,,,
2016-10-22,,,
2016-10-23,,,
2016-10-24,,,
2016-10-25,,,
2016-10-26,,,
2016-10-27,,,
2016-10-28,,,
2016-10-29,,,
2016-10-30,,,
2016-10-31,,,
2016-11-01,,,
2016-11-02,,,
2016-11-03,,,
2016-11-04,,,
2016-11-05,,,
2016-11-06,,,
2016-11-07,,,
2016-11-08,,,
2016-11-09,,,
2016-11-10,,,
2016-11-11,,,
2016-11-12,,,
2016-11-13,,,
2016-11-14,,,
2016-11-15,,,
2016-11-16,,,
2016-11-17,,,
2016-11-18,,,
2016-11-19,,,
2016-11-20,,,
2016-11-21,,,
2016-11-22,,,
2016-11-23,,,
2016-11-24,,,
2016-11-25,,,
2016-11-26,,,
2016-11-27,,,
2016-11-28,,,
2016-11-29,,,
2016-11-30,,,
2016-12-01,,,
2016-12-02,,,
2016-12-03,,,
2016-12-04,,,
2016-12-05,,,
2016-12-06,,,
2016-12-07,,,
2016-12-08,,,
2016-12-09,,,
2016-12-10,,,
2016-12-11,,,
2016-12-12,,,
2016-12-13,,,
2016-12-14,,,
2016-12-15,,,
2016-12-16,,,
2016-12-17,,,
2016-12-18,,,
2016-12-19,,,
2016-12-20,,,
2016-12-21,,,
2016-12-22,,,
2016-12-23,,,
2016-12-24,,,
2016-12-25,,,
2016-12-26,,,
2016-12-27,,,
2016-12-28,,,
2016-12-29,,,
2016-12-30,,,
2016-12-31,,,
2017-01-01,,,
2017-01-02,,,
2017-01-03,,,
2017-01-04,,,
2017-01-05,,,
2017-01-06,,,
2017-01-07,,,
2017-01-08,,,
2017-01-09,,,
2017-01-10,,,
2017-01-11,,,
2017-01-12,,,
2017-01-13,,,
2017-01-14,,,
2017-01-15,,,
2017-01-16,,,
2017-01-17,,,
2017-01-18,,,
2017-01-19,,,
2017-01-20,,,
2017-01-21,,,
2017-01-22,,,
2017-01-23,,,
2017-01-24,,,
2017-01-25,,,
2017-01-26,,,
2017-01-27,,,
2017-01-28,,,
2017-01-29,,,
2017-01-30,,,
2017-01-31,,,
2017-02-01,,,
2017-02-02,,,
2017-02-03,,,
2017-02-04,,,
2017-02-05,,,
2017-02-06,,,
2017-02-07,,,
2017-02-08,,,
2017-02-09,,,
2017-02-10,,,
2017-02-11,,,
2017-02-12,,,
2017-02-13,,,
2017-02-14,,,
2017-02-15,,,
2017-02-16,,,
2017-02-17,,,
2017-02-18,,,
2017-02-19,,,
2017-02-20,,,
2017-02-21,,,
2017-02-22,,,
2017-02-23,,,
2017-02-24,,,
2017-02-25,,,
2017-02-26,,,
2017-02-27,,,
2017-02-28,,,
2017-03-01,,,
2017-03-02,,,
2017-03-03,,,
2017-03-04,,,
2017-03-05,,,
2017-03-06,,,
2017-03-07,,,
2017-03-08,,,
2017-03-09,,,
2017-03-10,,,
2017-03-11,,,
2017-03-12,,,
2017-03-13,,,
2017-03-14,,,
2017-03-15,,,
2017-03-16,,,
2017-03-17,,,
2017-03-18,,,
2017-03-19,,,
2017-03-20,,,
2017-03-21,,,
2017-03-22,,,
2017-03-23,,,
2017-03-24,,,
2017-03-25,,,
2017-03-26,,,
2017-03-27,,,
2017-03-28,,,
2017-03-29,,,
2017-03-30,,,
2017-03-31,,,
2017-04-01,,,
2017-04-02,,,
2017-04-03,,,
2017-04-04,,,
2017-04-05,,,
2017-04-06,,,
2017-04-07,,,
2017-04-08,,,
2017-04-09,,,
2017-04-10,,,
2017-04-11,,,
2017-04-12,,,
2017-04-13,,,
2017-04-14,,,
2017-04-15,,,
2017-04-16,,,
2017-04-17,,,
2017-04-18,,,
2017-04-19,,,
2017-04-20,,,
2017-04-21,,,
2017-04-22,,,
2017-04-23,,,
2017-04-24,,,
2017-04-25,,,
2017-04-26,,,
2017-04-27,,,
2017-04-28,,,
2017-04-29,,,
2017-04-30,,,
2017-05-01,,,
2017-05-02,,,
2017-05-03,,,
2017-05-04,,,
2017-05-05,,,
2017-05-06,,,
2017-05-07,,,
2017-05-08,,,
2017-05-09,,,
2017-05-10,,,
2017-05-11,,,
2017-05-12,,,
2017-05-13,,,
2017-05-14,,,
2017-05-15,,,
2017-05-16,,,
2017-05-17,,,
2017-05-18,,,
2017-05-19,,,
2017-05-20,,,
2017-05-21,,,
2017-05-22,,,
2017-05-23,,,
2017-05-24,,,
2017-05-25,,,
2017-05-26,,,
2017-05-27,,,
2017-05-28,,,
2017-05-29,,,
2017-05-30,,,
2017-05-31,,,
2017-06-01,,,
2017-06-02,,,
2017-06-03,,,
2017-06-04,,,
2017-06-05,,,
2017-06-06,,,
2017-06-07,,,
2017-06-08,,,
2017-06-09,,,
2017-06-10,,,
2017-06-11,,,
2017-06-12,,,
2017-06-13,,,
2017-06-14,,,
2017-06-15,,,
2017-06-16,,,
2017-06-17,,,
2017-06-18,,,
2017-06-19,,,
2017-06-20,,,
2017-06-21,,,
2017-06-22,,,
2017-06-23,,,
2017-06-24,,,
2017-06-25,,,
2017-06-26,,,
2017-06-27,,,
2017-06-28,,,
2017-06-29,,,
2017-06-30,,,
2017-07-01,,,
2017-07-02,,,
2017-07-03,,,
2017-07-04,,,
2017-07-05,,,
2017-07-06,,,
2017-07-07,,,
2017-07-08,,,
2017-07-09,,,
2017-07-10,,,
2017-07-11,,,
2017-07-12,,,
2017-07-13,,,
2017-07-14,,,
2017-07-15,,,
2017-07-16,,,
2017-07-17,,,
2017-07-18,,,
2017-07-19,,,
2017-07-20,,,
2017-07-21,,,
2017-07-22,,,
2017-07-23,,,
2017-07-24,,,
2017-07-25,,,
2017-07-26,,,
2017-07-27,,,
2017-07-28,,,
2017-07-29,,,
2017-07-30,,,
2017-07-31,,,
2017-08-01,,,
2017-08-02,,,
2017-08-03,,,
2017-08-04,,,
2017-08-05,,,
2017-08-06,,,
2017-08-07,,,
2017-08-08,,,
2017-08-09,,,
2017-08-10,,,
2017-08-11,,,
2017-08-12,,,
2017-08-13,,,
2017-08-14,,,
2017-08-15,,,
2017-08-16,,,
2017-08-17,,,
2017-08-18,,,
2017-08-19,,,
2017-08-20,,,
2017-08-21,,,
2017-08-22,,,
2017-08-23,,,
2017-08-24,,,
2017-08-25,,,
2017-08-26,,,
2017-08-27,,,
2017-08-28,,,
2017-08-29,,,
2017-08-30,,,
2017-08-31,,,
2017-09-01,,,
2017-09-02,,,
2017-09-03,,,
2017-09-04,,,
2017-09-05,,,
2017-09-06,,,
2017-09-07,,,
2017-09-08,,,
2017-09-09,,,
2017-09-10,,,
2017-09-11,,,
2017-09-12,,,
2017-09-13,,,
2017-09-14,,,
2017-09-15,,,
2017-09-16,,,
2017-09-17,,,
2017-09-18,,,
2017-09-19,,,
2017-09-20,,,
2017-09-21,,,
2017-09-22,,,
2017-09-23,,,
2017-09-24,,,
2017-09-25,,,
2017-09-26,,,
2017-09-27,,,
2017-09-28,,,
2017-09-29,,,
2017-09-30,,,
2017-10-01,,,
2017-10-02,,,
2017-10-03,,,
2017-10-04,,,
2017-10-05,,,
2017-10-06,,,
2017-10-07,,,
2017-10-08,,,
2017-10-09,,,
2017-10-10,,,
2017-10-11,,,
2017-10-12,,,
2017-10-13,,,
2017-10-14,,,
2017-10-15,,,
2017-10-16,,,
2017-10-17,,,
2017-10-18,,,
2017-10-19,,,
2017-10-20,,,
2017-10-21,,,
2017-10-22,,,
2017-10-23,,,
2017-10-24,,,
2017-10-25,,,
2017-10-26,,,
2017-10-27,,,
2017-10-28,,,
2017-10-29,,,
2017-10-30,,,
2017-10-31,,,
2017-11-01,,,
2017-11-02,,,
2017-11-03,,,
2017-11-04,,,
2017-11-05,,,
2017-11-06,,,
2017-11-07,,,
2017-11-08,,,
2017-11-09,,,
2017-11-10,,,
2017-11-11,,,
2017-11-12,,,
2017-11-13,,,
2017-11-14,,,
2017-11-15,,,
2017-11-16,,,
2017-11-17,,,
2017-11-18,,,
2017-11-19,,,
2017-11-20,,,
2017-11-21,,,
2017-11-22,,,
2017-11-23,,,
2017-11-24,,,
2017-11-25,,,
2017-11-26,,,
2017-11-27,,,
2017-11-28,,,
2017-11-29,,,
2017-11-30,,,
2017-12-01,,,
2017-12-02,,,
2017-12-03,,,
2017-12-04,,,
2017-12-05,,,
2017-12-06,,,
2017-12-07,,,
2017-12-08,,,
2017-12-09,,,
2017-12-10,,,
2017-12-11,,,
2017-12-12,,,
2017-12-13,,,
2017-12-14,,,
2017-12-15,,,
2017-12-16,,,
2017-12-17,,,
2017-12-18,,,
2017-12-19,,,
2017-12-20,,,
2017-12-21,,,
2017-12-22,,,
2017-12-23,,,
2017-12-24,,,
2017-12-25,,,
2017-12-26,,,
2017-12-27,,,
2017-12-28,,,
2017-12-29,,,
2017-12-30,,,
2017-12-31,,,
2018-01-01,,,
2018-01-02,,,
2018-01-03,,,
2018-01-04,,,
2018-01-05,,,
2018-01-06,,,
2018-01-07,,,
2018-01-08,,,
2018-01-09,,,
2018-01-10,,,
2018-01-11,,,
2018-01-12,,,
2018-01-13,,,
2018-01-14,,,
2018-01-15,,,
2018-01-16,,,
2018-01-17,,,
2018-01-18,,,
2018-01-19,,,
2018-01-20,,,
2018-01-21,,,
2018-01-22,,,
2018-01-23,,,
2018-01-24,,,
2018-01-25,,,
2018-01-26,,,
2018-01-27,,,
2018-01-28,,,
2018-01-29,,,
2018-01-30,,,
2018-01-31,,,
2018-02-01,,,
2018-02-02,,,
2018-02-03,,,
2018-02-04,,,
2018-02-05,,,
2018-02-06,,,
2018-02-07,,,
2018-02-08,,,
2018-02-09,,,
2018-02-10,,,
2018-02-11,,,
2018-02-12,,,
2018-02-13,,,
2018-02-14,,,
2018-02-15,,,
2018-02-16,,,
2018-02-17,,,
2018-02-18,,,
2018-02-19,,,
2018-02-20,,,
2018-02-21,,,
2018-02-22,,,
2018-02-23,,,
2018-02-24,,,
2018-02-25,,,
2018-02-26,,,
2018-02-27,,,
2018-02-28,,,
2018-03-01,,,
2018-03-02,,,
2018-03-03,,,
2018-03-04,,,
2018-03-05,,,
2018-03-06,,,
2018-03-07,,,
2018-03-08,,,
2018-03-09,,,
2018-03-10,,,
2018-03-11,,,
2018-03-12,,,
2018-03-13,,,
2018-03-14,,,
2018-03-15,,,
2018-03-16,,,
2018-03-17,,,
2018-03-18,,,
2018-03-19,,,
2018-03-20,,,
2018-03-21,,,
2018-03-22,,,
2018-03-23,,,
2018-03-24,,,
2018-03-25,,,
2018-03-26,,,
2018-03-27,,,
2018-03-28,,,
2018-03-29,,,
2018-03-30,,,
2018-03-31,,,
2018-04-01,,,
2018-04-02,,,
2018-04-03,,,
2018-04-04,,,
2018-04-05,,,
2018-04-06,,,
2018-04-07,,,
2018-04-08,,,
2018-04-09,,,
2018-04-10,,,
2018-04-11,,,
2018-04-12,,,
2018-04-13,,,
2018-04-14,,,
2018-04-15,,,
2018-04-16,,,
2018-04-17,,,
2018-04-18,,,
2018-04-19,,,
2018-04-20,,,
2018-04-21,,,
2018-04-22,,,
2018-04-23,,,
2018-04-24,,,
2018-04-25,,,
2018-04-26,,,
2018-04-27,,,
2018-04-28,,,
2018-04-29,,,
2018-04-30,,,
2018-05-01,,,
2018-05-02,,,
2018-05-03,,,
2018-05-04,,,
2018-05-05,,,
2018-05-06,,,
2018-05-07,,,
2018-05-08,,,
2018-05-09,,,
2018-05-10,,,
2018-05-11,,,
2018-05-12,,,
2018-05-13,,,
2018-05-14,,,
2018-05-15,,,
2018-05-16,,,
2018-05-17,,,
2018-05-18,,,
2018-05-19,,,
2018-05-20,,,
2018-05-21,,,
2018-05-22,,,
2018-05-23,,,
2018-05-24,,,
2018-05-25,,,
2018-05-26,,,
2018-05-27,,,
2018-05-28,,,
2018-05-29,,,
2018-05-30,,,
2018-05-31,,,
2018-06-01,,,
2018-06-02,,,
2018-06-03,,,
2018-06-04,,,
2018-06-05,,,
2018-06-06,,,
2018-06-07,,,
2018-06-08,,,
2018-06-09,,,
2018-06-10,,,
2018-06-11,,,
2018-06-12,,,
2018-06-13,,,
2018-06-14,,,
2018-06-15,,,
2018-06-16,,,
2018-06-17,,,
2018-06-18,,,
2018-06-19,,,
2018-06-20,,,
2018-06-21,,,
2018-06-22,,,
2018-06-23,,,
2018-06-24,,,
2018-06-25,,,
2018-06-26,,,
2018-06-27,,,
2018-06-28,,,
2018-06-29,,,
2018-06-30,,,
2018-07-01,,,
2018-07-02,,,
2018-07-03,,,
2018-07-04,,,
2018-07-05,,,
2018-07-06,,,
2018-07-07,,,
2018-07-08,,,
2018-07-09,,,
2018-07-10,,,
2018-07-11,,,
2018-07-12,,,
2018-07-13,,,
2018-07-14,,,
2018-07-15,,,
2018-07-16,,,
2018-07-17,,,
2018-07-18,,,
2018-07-19,,,
2018-07-20,,,
2018-07-21,,,
2018-07-22,,,
2018-07-23,,,
2018-07-24,,,
2018-07-25,,,
2018-07-26,,,
2018-07-27,,,
2018-07-28,,,
2018-07-29,,,
2018-07-30,,,
2018-07-31,,,
2018-08-01,,,
2018-08-02,,,
2018-08-03,,,
2018-08-04,,,
2018-08-05,,,
2018-08-06,,,
2018-08-07,,,
2018-08-08,,,
2018-08-09,,,
2018-08-10,,,
2018-08-11,,,
2018-08-12,,,
2018-08-13,,,
2018-08-14,,,
2018-08-15,,,
2018-08-16,,,
2018-08-17,,,
2018-08-18,,,
2018-08-19,,,
2018-08-20,,,
2018-08-21,,,
2018-08-22,,,
2018-08-23,,,
2018-08-24,,,
2018-08-25,,,
2018-08-26,,,
2018-08-27,,,
2018-08-28,,,
2018-08-29,,,
2018-08-30,,,
2018-08-31,,,
2018-09-01,,,
2018-09-02,,,
2018-09-03,,,
2018-09-04,,,
2018-09-05,,,
2018-09-06,,,
2018-09-07,,,
2018-09-08,,,
2018-09-09,,,
2018-09-10,,,
2018-09-11,,,
2018-09-12,,,
2018-09-13,,,
2018-09-14,,,
2018-09-15,,,
2018-09-16,,,
2018-09-17,,,
2018-09-18,,,
2018-09-19,,,
2018-09-20,,,
2018-09-21,,,
2018-09-22,,,
2018-09-23,,,
2018-09-24,,,
2018-09-25,,,
2018-09-26,,,
2018-09-27,,,
2018-09-28,,,
2018-09-29,,,
2018-09-30,,,
2018-10-01,,,
2018-10-02,,,
2018-10-03,,,
2018-10-04,,,
2018-10-05,,,
2018-10-06,,,
2018-10-07,,,
2018-10-08,,,
2018-10-09,,,
2018-10-10,,,
2018-10-11,,,
2018-10-12,,,
2018-10-13,,,
2018-10-14,,,
2018-10-15,,,
2018-10-16,,,
2018-10-17,,,
2018-10-18,,,
2018-10-19,,,
2018-10-20,,,
2018-10-21,,,
2018-10-22,,,
2018-10-23,,,
2018-10-24,,,
2018-10-25,,,
2018-10-26,,,
2018-10-27,,,
2018-10-28,,,
2018-10-29,,,
2018-10-30,,,
2018-10-31,,,
2018-11-01,,,
2018-11-02,,,
2018-11-03,,,
2018-11-04,,,
2018-11-05,,,
2018-11-06,,,
2018-11-07,,,
2018-11-08,,,
2018-11-09,,,
2018-11-10,,,
2018-11-11,,,
2018-11-12,,,
2018-11-13,,,
2018-11-14,,,
2018-11-15,,,
2018-11-16,,,
2018-11-17,,,
2018-11-18,,,
2018-11-19,,,
2018-11-20,,,
2018-11-21,,,
2018-11-22,,,
2018-11-23,,,
2018-11-24,,,
2018-11-25,,,
2018-11-26,,,
2018-11-27,,,
2018-11-28,,,
2018-11-29,,,
2018-11-30,,,
2018-12-01,,,
2018-12-02,,,
2018-12-03,,,
2018-12-04,,,
2018-12-05,,,
2018-12-06,,,
2018-12-07,,,
2018-12-08,,,
2018-12-09,,,
2018-12-10,,,
2018-12-11,,,
2018-12-12,,,
2018-12-13,,,
2018-12-14,,,
2018-12-15,,,
2018-12-16,,,
2018-12-17,,,
2018-12-18,,,
2018-12-19,,,
2018-12-20,,,
2018-12-21,,,
2018-12-22,,,
2018-12-23,,,
2018-12-24,,,
2018-12-25,,,
2018-12-26,,,
2018-12-27,,,
2018-12-28,,,
2018-12-29,,,
2018-12-30,,,
2018-12-31,,,
2019-01-01,,,
2019-01-02,,,
2019-01-03,,,
2019-01-04,,,
2019-01-05,,,
2019-01-06,,,
2019-01-07,,,
2019-01-08,,,
2019-01-09,,,
2019-01-10,,,
2019-01-11,,,
2019-01-12,,,
2019-01-13,,,
2019-01-14,,,
2019-01-15,,,
2019-01-16,,,
2019-01-17,,,
2019-01-18,,,
2019-01-19,,,
2019-01-20,,,
2019-01-21,,,
2019-01-22,,,
2019-01-23,,,
2019-01-24,,,
2019-01-25,,,
2019-01-26,,,
2019-01-27,,,
2019-01-28,,,
2019-01-29,,,
2019-01-30,,,
2019-01-31,,,
2019-02-01,,,
2019-02-02,,,
2019-02-03,,,
2019-02-04,,,
2019-02-05,,,
2019-02-06,,,
2019-02-07,,,
2019-02-08,,,
2019-02-09,,,
2019-02-10,,,
2019-02-11,,,
2019-02-12,,,
2019-02-13,,,
2019-02-14,,,
2019-02-15,,,
2019-02-16,,,
2019-02-17,,,
2019-02-18,,,
2019-02-19,,,
2019-02-20,,,
2019-02-21,,,
2019-02-22,,,
2019-02-23,,,
2019-02-24,,,
2019-02-25,,,
2019-02-26,,,
2019-02-27,,,
2019-02-28,,,
2019-03-01,,,
2019-03-02,,,
2019-03-03,,,
2019-03-04,,,
2019-03-05,,,
2019-03-06,,,
2019-03-07,,,
2019-03-08,,,
2019-03-09,,,
2019-03-10,,,
2019-03-11,,,
2019-03-12,,,
2019-03-13,,,
2019-03-14,,,
2019-03-15,,,
2019-03-16,,,
2019-03-17,,,
2019-03-18,,,
2019-03-19,,,
2019-03-20,,,
2019-03-21,,,
2019-03-22,,,
2019-03-23,,,
2019-03-24,,,
2019-03-25,,,
2019-03-26,,,
2019-03-27,,,
2019-03-28,,,
2019-03-29,,,
2019-03-30,,,
2019-03-31,,,
2019-04-01,,,
2019-04-02,,,
2019-04-03,,,
2019-04-04,,,
2019-04-05,,,
2019-04-06,,,
2019-04-07,,,
2019-04-08,,,
2019-04-09,,,
2019-04-10,,,
2019-04-11,,,
2019-04-12,,,
2019-04-13,,,
2019-04-14,,,
2019-04-15,,,
2019-04-16,,,
2019-04-17,,,
2019-04-18,,,
2019-04-19,,,
2019-04-20,,,
2019-04-21,,,
2019-04-22,,,
2019-04-23,,,
2019-04-24,,,
2019-04-25,,,
2019-04-26,,,
2019-04-27,,,
2019-04-28,,,
2019-04-29,,,
2019-04-30,,,
2019-05-01,,,
2019-05-02,,,
2019-05-03,,,
2019-05-04,,,
2019-05-05,,,
2019-05-06,,,
2019-05-07,,,
2019-05-08,,,
2019-05-09,,,
2019-05-10,,,
2019-05-11,,,
2019-05-12,,,
2019-05-13,,,
2019-05-14,,,
2019-05-15,,,
2019-05-16,,,
2019-05-17,,,
2019-05-18,,,
2019-05-19,,,
2019-05-20,,,
2019-05-21,,,
2019-05-22,,,
2019-05-23,,,
2019-05-24,,,
2019-05-25,,,
2019-05-26,,,
2019-05-27,,,
2019-05-28,,,
2019-05-29,,,
2019-05-30,,,
2019-05-31,,,
2019-06-01,,,
2019-06-02,,,
2019-06-03,,,
2019-06-04,,,
2019-06-05,,,
2019-06-06,,,
2019-06-07,,,
2019-06-08,,,
2019-06-09,,,
2019-06-10,,,
2019-06-11,,,
2019-06-12,,,
2019-06-13,,,
2019-06-14,,,
2019-06-15,,,
2019-06-16,,,
2019-06-17,,,
2019-06-18,,,
2019-06-19,,,
2019-06-20,,,
2019-06-21,,,
2019-06-22,,,
2019-06-23,,,
2019-06-24,,,
2019-06-25,,,
2019-06-26,,,
2019-06-27,,,
2019-06-28,,,
2019-06-29,,,
2019-06-30,,,
2019-07-01,,,
2019-07-02,,,
2019-07-03,,,
2019-07-04,,,
2019-07-05,,,
2019-07-06,,,
2019-07-07,,,
2019-07-08,,,
2019-07-09,,,
2019-07-10,,,
2019-07-11,,,
2019-07-12,,,
2019-07-13,,,
2019-07-14,,,
2019-07-15,,,
2019-07-16,,,
2019-07-17,,,
2019-07-18,,,
2019-07-19,,,
2019-07-20,,,
2019-07-21,,,
2019-07-22,,,
2019-07-23,,,
2019-07-24,,,
2019-07-25,,,
2019-07-26,,,
2019-07-27,,,
2019-07-28,,,
2019-07-29,,,
2019-07-30,,,
2019-07-31,,,
2019-08-01,,,
2019-08-02,,,
2019-08-03,,,
2019-08-04,,,
2019-08-05,,,
2019-08-06,,,
2019-08-07,,,
2019-08-08,,,
2019-08-09,,,
2019-08-10,,,
2019-08-11,,,
2019-08-12,,,
2019-08-13,,,
2019-08-14,,,
2019-08-15,,,
2019-08-16,,,
2019-08-17,,,
2019-08-18,,,
2019-08-19,,,
2019-08-20,,,
2019-08-21,,,
2019-08-22,,,
2019-08-23,,,
2019-08-24,,,
2019-08-25,,,
2019-08-26,,,
2019-08-27,,,
2019-08-28,,,
2019-08-29,,,
2019-08-30,,,
2019-08-31,,,
2019-09-01,,,
2019-09-02,,,
2019-09-03,,,
2019-09-04,,,
2019-09-05,,,
2019-09-06,,,
2019-09-07,,,
2019-09-08,,,
2019-09-09,,,
2019-09-10,,,
2019-09-11,,,
2019-09-12,,,
2019-09-13,,,
2019-09-14,,,
2019-09-15,,,
2019-09-16,,,
2019-09-17,,,
2019-09-18,,,
2019-09-19,,,
2019-09-20,,,
2019-09-21,,,
2019-09-22,,,
2019-09-23,,,
2019-09-24,,,
2019-09-25,,,
2019-09-26,,,
2019-09-27,,,
2019-09-28,,,
2019-09-29,,,
2019-09-30,,,
2019-10-01,,,
2019-10-02,,,
2019-10-03,,,
2019-10-04,,,
2019-10-05,,,
2019-10-06,,,
2019-10-07,,,
2019-10-08,,,
2019-10-09,,,
2019-10-10,,,
2019-10-11,,,
2019-10-12,,,
2019-10-13,,,
2019-10-14,,,
2019-10-15,,,
2019-10-16,,,
2019-10-17,,,
2019-10-18,,,
2019-10-19,,,
2019-10-20,,,
2019-10-21,,,
2019-10-22,,,
2019-10-23,,,
2019-10-24,,,
2019-10-25,,,
2019-10-26,,,
2019-10-27,,,
2019-10-28,,,
2019-10-29,,,
2019-10-30,,,
2019-10-31,,,
2019-11-01,,,
2019-11-02,,,
2019-11-03,,,
2019-11-04,,,
2019-11-05,,,
2019-11-06,,,
2019-11-07,,,
2019-11-08,,,
2019-11-09,,,
2019-11-10,,,
2019-11-11,,,
2019-11-12,,,
2019-11-13,,,
2019-11-14,,,
2019-11-15,,,
2019-11-16,,,
2019-11-17,,,
2019-11-18,,,
2019-11-19,,,
2019-11-20,,,
2019-11-21,,,
2019-11-22,,,
2019-11-23,,,
2019-11-24,,,
2019-11-25,,,
2019-11-26,,,
2019-11-27,,,
2019-11-28,,,
2019-11-29,,,
2019-11-30,,,
2019-12-01,,,
2019-12-02,,,
2019-12-03,,,
2019-12-04,,,
2019-12-05,,,
2019-12-06,,,
2019-12-07,,,
2019-12-08,,,
2019-12-09,,,
2019-12-10,,,
2019-12-11,,,
2019-12-12,,,
2019-12-13,,,
2019-12-14,,,
2019-12-15,,,
2019-12-16,,,
2019-12-17,,,
2019-12-18,,,
2019-12-19,,,
2019-12-20,,,
2019-12-21,,,
2019-12-22,,,
2019-12-23,,,
2019-12-24,,,
2019-12-25,,,
2019-12-26,,,
2019-12-27,,,
2019-12-28,,,
2019-12-29,,,
2019-12-30,,,
2019-12-31,,,
2020-01-01,,,
2020-01-02,,,
2020-01-03,,,
2020-01-04,,,
2020-01-05,,,
2020-01-06,,,
2020-01-07,,,
2020-01-08,,,
2020-01-09,,,
2020-01-10,,,
2020-01-11,,,
2020-01-12,,,
2020-01-13,,,
2020-01-14,,,
2020-01-15,,,
2020-01-16,,,
2020-01-17,,,
2020-01-18,,,
2020-01-19,,,
2020-01-20,,,
2020-01-21,,,
2020-01-22,,,
2020-01-23,,,
2020-01-24,,,
2020-01-25,,,
2020-01-26,,,
2020-01-27,,,
2020-01-28,,,
2020-01-29,,,
2020-01-30,,,
2020-01-31,,,
2020-02-01,,,
2020-02-02,,,
2020-02-03,,,
2020-02-04,,,
2020-02-05,,,
2020-02-06,,,
2020-02-07,,,
2020-02-08,,,
2020-02-09,,,
2020-02-10,,,
2020-02-11,,,
2020-02-12,,,
2020-02-13,,,
2020-02-14,,,
2020-02-15,,,
2020-02-16,,,
2020-02-17,,,
2020-02-18,,,
2020-02-19,,,
2020-02-20,,,
2020-02-21,,,
2020-02-22,,,
2020-02-23,,,
2020-02-24,,,
2020-02-25,,,
2020-02-26,,,
2020-02-27,,,
2020-02-28,,,
2020-02-29,,,
2020-03-01,,,
2020-03-02,,,
2020-03-03,,,
2020-03-04,,,
2020-03-05,,,
2020-03-06,,,
2020-03-07,,,
2020-03-08,,,
2020-03-09,,,
2020-03-10,,,
2020-03-11,,,
2020-03-12,,,
2020-03-13,,,
2020-03-14,,,
2020-03-15,,,
2020-03-16,,,
2020-03-17,,,
2020-03-18,,,
2020-03-19,,,
2020-03-20,,,
2020-03-21,,,
2020-03-22,,,
2020-03-23,,,
2020-03-24,,,
2020-03-25,,,
2020-03-26,,,
2020-03-27,,,
2020-03-28,,,
2020-03-29,,,
2020-03-30,,,
2020-03-31,,,
2020-04-01,,,
2020-04-02,,,
2020-04-03,,,
2020-04-04,,,
2020-04-05,,,
2020-04-06,,,
2020-04-07,,,
2020-04-08,,,
2020-04-09,,,
2020-04-10,,,
2020-04-11,,,
2020-04-12,,,
2020-04-13,,,
2020-04-14,,,
2020-04-15,,,
2020-04-16,,,
2020-04-17,,,
2020-04-18,,,
2020-04-19,,,
2020-04-20,,,
2020-04-21,,,
2020-04-22,,,
2020-04-23,,,
2020-04-24,,,
2020-04-25,,,
2020-04-26,,,
2020-04-27,,,
2020-04-28,,,
2020-04-29,,,
2020-04-30,,,
2020-05-01,,,
2020-05-02,,,
2020-05-03,,,
2020-05-04,,,
2020-05-05,,,
2020-05-06,,,
2020-05-07,,,
2020-05-08,,,
2020-05-09,,,
2020-05-10,,,
2020-05-11,,,
2020-05-12,,,
2020-05-13,,,
2020-05-14,,,
2020-05-15,,,
2020-05-16,,,
2020-05-17,,,
2020-05-18,,,
2020-05-19,,,
2020-05-20,,,
2020-05-21,,,
2020-05-22,,,
2020-05-23,,,
2020-05-24,,,
2020-05-25,,,
2020-05-26,,,
2020-05-27,,,
2020-05-28,,,
2020-05-29,,,
2020-05-30,,,
2020-05-31,,,
2020-06-01,,,
2020-06-02,,,
2020-06-03,,,
2020-06-04,,,
2020-06-05,,,
2020-06-06,,,
2020-06-07,,,
2020-06-08,,,
2020-06-09,,,
2020-06-10,,,
2020-06-11,,,
2020-06-12,,,
2020-06-13,,,
2020-06-14,,,
2020-06-15,,,
2020-06-16,,,
2020-06-17,,,
2020-06-18,,,
2020-06-19,,,
2020-06-20,,,
2020-06-21,,,
2020-06-22,,,
2020-06-23,,,
2020-06-24,,,
2020-06-25,,,
2020-06-26,,,
2020-06-27,,,
2020-06-28,,,
2020-06-29,,,
2020-06-30,,,
2020-07-01,,,
2020-07-02,,,
2020-07-03,,,
2020-07-04,,,
2020-07-05,,,
2020-07-06,,,
2020-07-07,,,
2020-07-08,,,
2020-07-09,,,
2020-07-10,,,
2020-07-11,,,
2020-07-12,,,
2020-07-13,,,
2020-07-14,,,
2020-07-15,,,
2020-07-16,,,
2020-07-17,,,
2020-07-18,,,
2020-07-19,,,
2020-07-20,,,
2020-07-21,,,
2020-07-22,,,
2020-07-23,,,
2020-07-24,,,
2020-07-25,,,
2020-07-26,,,
2020-07-27,,,
2020-07-28,,,
2020-07-29,,,
2020-07-30,,,
2020-07-31,,,
2020-08-01,,,
2020-08-02,,,
2020-08-03,,,
2020-08-04,,,
2020-08-05,,,
2020-08-06,,,
2020-08-07,,,
2020-08-08,,,
2020-08-09,,,
2020-08-10,,,
2020-08-11,,,
2020-08-12,,,
2020-08-13,,,
2020-08-14,,,
2020-08-15,,,
2020-08-16,,,
2020-08-17,,,
2020-08-18,,,
2020-08-19,,,
2020-08-20,,,
2020-08-21,,,
2020-08-22,,,
2020-08-23,,,
2020-08-24,,,
2020-08-25,,,
2020-08-26,,,
2020-08-27,,,
2020-08-28,,,
2020-08-29,,,
2020-08-30,,,
2020-08-31,,,
2020-09-01,,,
2020-09-02,,,
2020-09-03,,,
2020-09-04,,,
2020-09-05,,,
2020-09-06,,,
2020-09-07,,,
2020-09-08,,,
2020-09-09,,,
2020-09-10,,,
2020-09-11,,,
2020-09-12,,,
2020-09-13,,,
2020-09-14,,,
2020-09-15,,,
2020-09-16,,,
2020-09-17,,,
2020-09-18,,,
2020-09-19,,,
2020-09-20,,,
2020-09-21,,,
2020-09-22,,,
2020-09-23,,,
2020-09-24,,,
2020-09-25,,,
2020-09-26,,,
2020-09-27,,,
2020-09-28,,,
2020-09-29,,,
2020-09-30,,,
2020-10-01,,,
2020-10-02,,,
2020-10-03,,,
2020-10-04,,,
2020-10-05,,,
2020-10-06,,,
2020-10-07,,,
2020-10-08,,,
2020-10-09,,,
2020-10-10,,,
2020-10-11,,,
2020-10-12,,,
2020-10-13,,,
2020-10-14,,,
2020-10-15,,,
2020-10-16,,,
2020-10-17,,,
2020-10-18,,,
2020-10-19,,,
2020-10-20,,,
2020-10-21,,,
2020-10-22,,,
2020-10-23,,,
2020-10-24,,,
2020-10-25,,,
2020-10-26,,,
2020-10-27,,,
2020-10-28,,,
2020-10-29,,,
2020-10-30,,,
2020-10-31,,,
2020-11-01,,,
2020-11-02,,,
2020-11-03,,,
2020-11-04,,,
2020-11-05,,,
2020-11-06,,,
2020-11-07,,,
2020-11-08,,,
2020-11-09,,,
2020-11-10,,,
2020-11-11,,,
2020-11-12,,,
2020-11-13,,,
2020-11-14,,,
2020-11-15,,,
2020-11-16,,,
2020-11-17,,,
2020-11-18,,,
2020-11-19,,,
2020-11-20,,,
2020-11-21,,,
2020-11-22,,,
2020-11-23,,,
2020-11-24,,,
2020-11-25,,,
2020-11-26,,,
2020-11-27,,,
2020-11-28,,,
2020-11-29,,,
2020-11-30,,,
2020-12-01,,,
2020-12-02,,,
2020-12-03,,,
2020-12-04,,,
2020-12-05,,,
2020-12-06,,,
2020-12-07,,,
2020-12-08,,,
2020-12-09,,,
2020-12-10,,,
2020-12-11,,,
2020-12-12,,,
2020-12-13,,,
2020-12-14,,,
2020-12-15,,,
2020-12-16,,,
2020-12-17,,,
2020-12-18,,,
2020-12-19,,,
2020-12-20,,,
2020-12-21,,,
2020-12-22,,,
2020-12-23,,,
2020-12-24,,,
2020-12-25,,,
2020-12-26,,,
2020-12-27,,,
2020-12-28,,,
2020-12-29,,,
2020-12-30,,,
2020-12-31,,,
2021-01-01,,,
2021-01-02,,,
2021-01-03,,,
2021-01-04,,,
2021-01-05,,,
2021-01-06,,,
2021-01-07,,,
2021-01-08,,,
2021-01-09,,,
2021-01-10,,,
2021-01-11,,,
2021-01-12,,,
2021-01-13,,,
2021-01-14,,,
2021-01-15,,,
2021-01-16,,,
2021-01-17,,,
2021-01-18,,,
2021-01-19,,,
2021-01-20,,,
2021-01-21,,,
2021-01-22,,,
2021-01-23,,,
2021-01-24,,,
2021-01-25,,,
2021-01-26,,,
2021-01-27,,,
2021-01-28,,,
2021-01-29,,,
2021-01-30,,,
2021-01-31,,,
2021-02-01,,,
2021-02-02,,,
2021-02-03,,,
2021-02-04,,,
2021-02-05,,,
2021-02-06,,,
2021-02-07,,,
2021-02-08,,,
2021-02-09,,,
2021-02-10,,,
2021-02-11,,,
2021-02-12,,,
2021-02-13,,,
2021-02-14,,,
2021-02-15,,,
2021-02-16,,,
2021-02-17,,,
2021-02-18,,,
2021-02-19,,,
2021-02-20,,,
2021-02-21,,,
2021-02-22,,,
2021-02-23,,,
2021-02-24,,,
2021-02-25,,,
2021-02-26,,,
2021-02-27,,,
2021-02-28,,,
2021-03-01,,,
2021-03-02,,,
2021-03-03,,,
2021-03-04,,,
2021-03-05,,,
2021-03-06,,,
2021-03-07,,,
2021-03-08,,,
2021-03-09,,,
2021-03-10,,,
2021-03-11,,,
2021-03-12,,,
2021-03-13,,,
2021-03-14,,,
2021-03-15,,,
2021-03-16,,,
2021-03-17,,,
2021-03-18,,,
2021-03-19,,,
2021-03-20,,,
2021-03-21,,,
2021-03-22,,,
2021-03-23,,,
2021-03-24,,,
2021-03-25,,,
2021-03-26,,,
2021-03-27,,,
2021-03-28,,,
2021-03-29,,,
2021-03-30,,,
2021-03-31,,,
2021-04-01,,,
2021-04-02,,,
2021-04-03,,,
2021-04-04,,,
2021-04-05,,,
2021-04-06,,,
2021-04-07,,,
2021-04-08,,,
2021-04-09,,,
2021-04-10,,,
2021-04-11,,,
2021-04-12,,,
2021-04-13,,,
2021-04-14,,,
2021-04-15,,,
2021-04-16,,,
2021-04-17,,,
2021-04-18,,,
2021-04-19,,,
2021-04-20,,,
2021-04-21,,,
2021-04-22,,,
2021-04-23,,,
2021-04-24,,,
2021-04-25,,,
2021-04-26,,,
2021-04-27,,,
2021-04-28,,,
2021-04-29,,,
2021-04-30,,,
2021-05-01,,,
2021-05-02,,,
2021-05-03,,,
2021-05-04,,,
2021-05-05,,,
2021-05-06,,,
2021-05-07,,,
2021-05-08,,,
2021-05-09,,,
2021-05-10,,,
2021-05-11,,,
2021-05-12,,,
2021-05-13,,,
2021-05-14,,,
2021-05-15,,,
2021-05-16,,,
2021-05-17,,,
2021-05-18,,,
2021-05-19,,,
2021-05-20,,,
2021-05-21,,,
2021-05-22,,,
2021-05-23,,,
2021-05-24,,,
2021-05-25,,,
2021-05-26,,,
2021-05-27,,,
2021-05-28,,,
2021-05-29,,,
2021-05-30,,,
2021-05-31,,,
2021-06-01,,,
2021-06-02,,,
2021-06-03,,,
2021-06-04,,,
2021-06-05,,,
2021-06-06,,,
2021-06-07,,,
2021-06-08,,,
2021-06-09,,,
2021-06-10,,,
2021-06-11,,,
2021-06-12,,,
2021-06-13,,,
2021-06-14,,,
2021-06-15,,,
2021-06-16,,,
2021-06-17,,,
2021-06-18,,,
2021-06-19,,,
2021-06-20,,,
2021-06-21,,,
2021-06-22,,,
2021-06-23,,,
2021-06-24,,,
2021-06-25,,,
2021-06-26,,,
2021-06-27,,,
2021-06-28,,,
2021-06-29,,,
2021-06-30,,,
2021-07-01,,,
2021-07-02,,,
2021-07-03,,,
2021-07-04,,,
2021-07-05,,,
2021-07-06,,,
2021-07-07,,,
2021-07-08,,,
2021-07-09,,,
2021-07-10,,,
2021-07-11,,,
2021-07-12,,,
2021-07-13,,,
2021-07-14,,,
2021-07-15,,,
2021-07-16,,,
2021-07-17,,,
2021-07-18,,,
2021-07-19,,,
2021-07-20,,,
2021-07-21,,,
2021-07-22,,,
2021-07-23,,,
2021-07-24,,,
2021-07-25,,,
2021-07-26,,,
2021-07-27,,,
2021-07-28,,,
2021-07-29,,,
2021-07-30,,,
2021-07-31,,,
2021-08-01,,,
2021-08-02,,,
2021-08-03,,,
2021-08-04,,,
2021-08-05,,,
2021-08-06,,,
2021-08-07,,,
2021-08-08,,,
2021-08-09,,,
2021-08-10,,,
2021-08-11,,,
2021-08-12,,,
2021-08-13,,,
2021-08-14,,,
2021-08-15,,,
2021-08-16,,,
2021-08-17,,,
2021-08-18,,,
2021-08-19,,,
2021-08-20,,,
2021-08-21,,,
2021-08-22,,,
2021-08-23,,,
2021-08-24,,,
2021-08-25,,,
2021-08-26,,,
2021-08-27,,,
2021-08-28,,,
2021-08-29,,,
2021-08-30,,,
2021-08-31,,,
2021-09-01,,,
2021-09-02,,,
2021-09-03,,,
2021-09-04,,,
2021-09-05,,,
2021-09-06,,,
2021-09-07,,,
2021-09-08,,,
2021-09-09,,,
2021-09-10,,,
2021-09-11,,,
2021-09-12,,,
2021-09-13,,,
2021-09-14,,,
2021-09-15,,,
2021-09-16,,,
2021-09-17,,,
2021-09-18,,,
2021-09-19,,,
2021-09-20,,,
2021-09-21,,,
2021-09-22,,,
2021-09-23,,,
2021-09-24,,,
2021-09-25,,,
2021-09-26,,,
2021-09-27,,,
2021-09-28,,,
2021-09-29,,,
2021-09-30,,,
2021-10-01,,,
2021-10-02,,,
2021-10-03,,,
2021-10-04,,,
2021-10-05,,,
2021-10-06,,,
2021-10-07,,,
2021-10-08,,,
2021-10-09,,,
2021-10-10,,,
2021-10-11,,,
2021-10-12,,,
2021-10-13,,,
2021-10-14,,,
2021-10-15,,,
2021-10-16,,,
2021-10-17,,,
2021-10-18,,,
2021-10-19,,,
2021-10-20,,,
2021-10-21,,,
2021-10-22,,,
2021-10-23,,,
2021-10-24,,,
2021-10-25,,,
2021-10-26,,,
2021-10-27,,,
2021-10-28,,,
2021-10-29,,,
2021-10-30,,,
2021-10-31,,,
2021-11-01,,,
2021-11-02,,,
2021-11-03,,,
2021-11-04,,,
2021-11-05,,,
2021-11-06,,,
2021-11-07,,,
2021-11-08,,,
2021-11-09,,,
2021-11-10,,,
2021-11-11,,,
2021-11-12,,,
2021-11-13,,,
2021-11-14,,,
2021-11-15,,,
2021-11-16,,,
2021-11-17,,,
2021-11-18,,,
2021-11-19,,,
2021-11-20,,,
2021-11-21,,,
2021-11-22,,,
2021-11-23,,,
2021-11-24,,,
2021-11-25,,,
2021-11-26,,,
2021-11-27,,,
2021-11-28,,,
2021-11-29,,,
2021-11-30,,,
2021-12-01,,,
2021-12-02,,,
2021-12-03,,,
2021-12-04,,,
2021-12-05,,,
2021-12-06,,,
2021-12-07,,,
2021-12-08,,,
2021-12-09,,,
2021-12-10,,,
2021-12-11,,,
2021-12-12,,,
2021-12-13,,,
2021-12-14,,,
2021-12-15,,,
2021-12-16,,,
2021-12-17,,,
2021-12-18,,,
2021-12-19,,,
2021-12-20,,,
2021-12-21,,,
2021-12-22,,,
2021-12-23,,,
2021-12-24,,,
2021-12-25,,,
2021-12-26,,,
2021-12-27,,,
2021-12-28,,,
2021-12-29,,,
2021-12-30,,,
2021-12-31,,,
2022-01-01,,,
2022-01-02,,,
2022-01-03,,,
2022-01-04,,,
2022-01-05,,,
2022-01-06,,,
2022-01-07,,,
2022-01-08,,,
2022-01-09,,,
2022-01-10,,,
2022-01-11,,,
2022-01-12,,,
2022-01-13,,,
2022-01-14,,,
2022-01-15,,,
2022-01-16,,,
2022-01-17,,,
2022-01-18,,,
2022-01-19,,,
2022-01-20,,,
2022-01-21,,,
2022-01-22,,,
2022-01-23,,,
2022-01-24,,,
2022-01-25,,,
2022-01-26,,,
2022-01-27,,,
2022-01-28,,,
2022-01-29,,,
2022-01-30,,,
2022-01-31,,,
2022-02-01,,,
2022-02-02,,,
2022-02-03,,,
2022-02-04,,,
2022-02-05,,,
2022-02-06,,,
2022-02-07,,,
2022-02-08,,,
2022-02-09,,,
2022-02-10,,,
2022-02-11,,,
2022-02-12,,,
2022-02-13,,,
2022-02-14,,,
2022-02-15,,,
2022-02-16,,,
2022-02-17,,,
2022-02-18,,,
2022-02-19,,,
2022-02-20,,,
2022-02-21,,,
2022-02-22,,,
2022-02-23,,,
2022-02-24,,,
2022-02-25,,,
2022-02-26,,,
2022-02-27,,,
2022-02-28,,,
2022-03-01,,,
2022-03-02,,,
2022-03-03,,,
2022-03-04,,,
2022-03-05,,,
2022-03-06,,,
2022-03-07,,,
2022-03-08,,,
2022-03-09,,,
2022-03-10,,,
2022-03-11,,,
2022-03-12,,,
2022-03-13,,,
2022-03-14,,,
2022-03-15,,,
2022-03-16,,,
2022-03-17,,,
2022-03-18,,,
2022-03-19,,,
2022-03-20,,,
2022-03-21,,,
2022-03-22,,,
2022-03-23,,,
2022-03-24,,,
2022-03-25,,,
2022-03-26,,,
2022-03-27,,,
2022-03-28,,,
2022-03-29,,,
2022-03-30,,,
2022-03-31,,,
2022-04-01,,,
2022-04-02,,,
2022-04-03,,,
2022-04-04,,,
2022-04-05,,,
2022-04-06,,,
2022-04-07,,,
2022-04-08,,,
2022-04-09,,,
2022-04-10,,,
2022-04-11,,,
2022-04-12,,,
2022-04-13,,,
2022-04-14,,,
2022-04-15,,,
2022-04-16,,,
2022-04-17,,,
2022-04-18,,,
2022-04-19,,,
2022-04-20,,,
2022-04-21,,,
2022-04-22,,,
2022-04-23,,,
2022-04-24,,,
2022-04-25,,,
2022-04-26,,,
2022-04-27,,,
2022-04-28,,,
2022-04-29,,,
2022-04-30,,,
2022-05-01,,,
2022-05-02,,,
2022-05-03,,,
2022-05-04,,,
2022-05-05,,,
2022-05-06,,,
2022-05-07,,,
2022-05-08,,,
2022-05-09,,,
2022-05-10,,,
2022-05-11,,,
2022-05-12,,,
2022-05-13,,,
2022-05-14,,,
2022-05-15,,,
2022-05-16,,,
2022-05-17,,,
2022-05-18,,,
2022-05-19,,,
2022-05-20,,,
2022-05-21,,,
2022-05-22,,,
2022-05-23,,,
2022-05-24,,,
2022-05-25,,,
2022-05-26,,,
2022-05-27,,,
2022-05-28,,,
2022-05-29,,,
2022-05-30,,,
2022-05-31,,,
2022-06-01,,,
2022-06-02,,,
2022-06-03,,,
2022-06-04,,,
2022-06-05,,,
2022-06-06,,,
2022-06-07,,,
2022-06-08,,,
2022-06-09,,,
2022-06-10,,,
2022-06-11,,,
2022-06-12,,,
2022-06-13,,,
2022-06-14,,,
2022-06-15,,,
2022-06-16,,,
2022-06-17,,,
2022-06-18,,,
2022-06-19,,,
2022-06-20,,,
2022-06-21,,,
2022-06-22,,,
2022-06-23,,,
2022-06-24,,,
2022-06-25,,,
2022-06-26,,,
2022-06-27,,,
2022-06-28,,,
2022-06-29,,,
2022-06-30,,,
2022-07-01,,,
2022-07-02,,,
2022-07-03,,,
2022-07-04,,,
2022-07-05,,,
2022-07-06,,,
2022-07-07,,,
2022-07-08,,,
2022-07-09,,,
2022-07-10,,,
2022-07-11,,,
2022-07-12,,,
2022-07-13,,,
2022-07-14,,,
2022-07-15,,,
2022-07-16,,,
2022-07-17,,,
2022-07-18,,,
2022-07-19,,,
2022-07-20,,,
2022-07-21,,,
2022-07-22,,,
2022-07-23,,,
2022-07-24,,,
2022-07-25,,,
2022-07-26,,,
2022-07-27,,,
2022-07-28,,,
2022-07-29,,,
2022-07-30,,,
2022-07-31,,,
2022-08-01,,,
2022-08-02,,,
2022-08-03,,,
2022-08-04,,,
2022-08-05,,,
2022-08-06,,,
2022-08-07,,,
2022-08-08,,,
2022-08-09,,,
2022-08-10,,,
2022-08-11,,,
2022-08-12,,,
2022-08-13,,,
2022-08-14,,,
2022-08-15,,,
2022-08-16,,,
2022-08-17,,,
2022-08-18,,,
2022-08-19,,,
2022-08-20,,,
2022-08-21,,,
2022-08-22,,,
2022-08-23,,,
2022-08-24,,,
2022-08-25,,,
2022-08-26,,,
2022-08-27,,,
2022-08-28,,,
2022-08-29,,,
2022-08-30,,,
2022-08-31,,,
2022-09-01,,,
2022-09-02,,,
2022-09-03,,,
2022-09-04,,,
2022-09-05,,,
2022-09-06,,,
2022-09-07,,,
2022-09-08,,,
2022-09-09,,,
2022-09-10,0.009627727841280001,0.3400003203964509,0.0436485270661971
2022-09-11,0.009061390909440002,0.32000030154960085,0.04108096665053845
2022-09-12,0.009627727841280001,0.3400003203964509,0.0436485270661971
2022-09-13,0.010760401704960001,0.380000358090151,0.04878364789751441
2022-09-14,0.013592086364160002,0.48000045232440125,0.06162144997580768
2022-09-15,0.05181982926336001,1.83000172448678,0.2349317780327668
2022-09-16,0.03822774289920001,1.3500012721623786,0.1733103280569591
2022-09-17,0.031998036648960004,1.130001064847028,0.1450671634847139
2022-09-18,0.026334667330560006,0.9300008763785275,0.11939155932812737
2022-09-19,0.024918825000960005,0.8800008292614023,0.11297265828898075
2022-09-20,0.026051498864640005,0.9200008669551024,0.11810777912029806
2022-09-21,0.029449520455680004,1.0400009800362027,0.13351314161424996
2022-09-22,0.030299025853440006,1.070001008306478,0.13736448223773795
2022-09-23,0.025768330398720004,0.9100008575316774,0.11682399891246871
2022-09-24,0.023219814205440004,0.8200007727208521,0.10526997704200478
2022-09-25,0.022087140341760004,0.7800007350271521,0.10013485621068748
2022-09-26,0.021803971875840003,0.770000725603727,0.09885107600285814
2022-09-27,0.021803971875840003,0.770000725603727,0.09885107600285814
2022-09-28,0.020671298012160003,0.7300006879100269,0.09371595517154084
2022-09-29,0.021520803409920002,0.760000716180302,0.09756729579502882
2022-09-30,0.035679226705920004,1.2600011873515533,0.16175630618649514
2022-10-01,0.047289133808640006,1.6700015737119793,0.21439129470749754
2022-10-02,0.05436834545664001,1.920001809297605,0.24648579990323072
2022-10-03,0.059182209377280005,2.0900019694958303,0.26831006343632924
2022-10-04,0.04700596534272,1.6600015642885542,0.21310751449966817
2022-10-05,0.040776259092480005,1.4400013569732037,0.184864349927423
2022-10-06,0.03766140596736001,1.3300012533155285,0.17074276764130042
2022-10-07,0.033980215910400006,1.2000011308110032,0.1540536249395192
2022-10-08,0.033413878978560005,1.1800011119641531,0.15148606452386054
2022-10-09,0.031998036648960004,1.130001064847028,0.1450671634847139
2022-10-10,0.03228120511488,1.140001074270453,0.1463509436925432
2022-10-11,0.031998036648960004,1.130001064847028,0.1450671634847139
2022-10-12,0.029732688921600005,1.0500009894596278,0.13479692182207928
2022-10-13,0.028033678126080003,0.9900009329190775,0.12709424057510335
2022-10-14,0.027750509660160003,0.9800009234956525,0.125810460367274
2022-10-15,0.026901004262400004,0.9500008952253775,0.12195911974378604
2022-10-16,0.026334667330560006,0.9300008763785275,0.11939155932812737
2022-10-17,0.026051498864640005,0.9200008669551024,0.11810777912029806
2022-10-18,0.025201993466880006,0.8900008386848274,0.11425643849681007
2022-10-19,0.024635656535040004,0.8700008198379773,0.11168887808115141
2022-10-20,0.025485161932800003,0.9000008481082523,0.11554021870463939
2022-10-21,0.024918825000960005,0.8800008292614023,0.11297265828898075
2022-10-22,0.024635656535040004,0.8700008198379773,0.11168887808115141
2022-10-23,0.0396435852288,1.4000013192795036,0.1797292290961057
2022-10-24,0.031998036648960004,1.130001064847028,0.1450671634847139
2022-10-25,0.030015857387520006,1.0600009988830528,0.13608070202990863
2022-10-26,0.03171486818304001,1.120001055423603,0.14378338327688459
2022-10-27,0.03369704744448,1.190001121387578,0.15276984473168986
2022-10-28,0.028316846592000004,1.0000009423425027,0.12837802078293267
2022-10-29,0.026901004262400004,0.9500008952253775,0.12195911974378604
2022-10-30,0.029449520455680004,1.0400009800362027,0.13351314161424996
2022-10-31,0.028033678126080003,0.9900009329190775,0.12709424057510335
2022-11-01,0.026051498864640005,0.9200008669551024,0.11810777912029806
2022-11-02,0.025201993466880006,0.8900008386848274,0.11425643849681007
2022-11-03,0.030015857387520006,1.0600009988830528,0.13608070202990863
2022-11-04,0.029449520455680004,1.0400009800362027,0.13351314161424996
2022-11-05,0.028600015057920005,1.0100009517659276,0.12966180099076197
2022-11-06,0.028883183523840006,1.0200009611893528,0.13094558119859132
2022-11-07,0.028033678126080003,0.9900009329190775,0.12709424057510335
2022-11-08,0.025485161932800003,0.9000008481082523,0.11554021870463939
2022-11-09,0.027184172728320005,0.9600009046488025,0.12324289995161536
2022-11-10,0.03313071051264,1.170001102540728,0.1502022843160312
2022-11-11,0.027467341194240002,0.9700009140722274,0.12452668015944468
2022-11-12,0.025768330398720004,0.9100008575316774,0.11682399891246871
2022-11-13,0.025485161932800003,0.9000008481082523,0.11554021870463939
2022-11-14,0.024635656535040004,0.8700008198379773,0.11168887808115141
2022-11-15,0.02350298267136,0.8300007821442771,0.10655375724983408
2022-11-16,0.022087140341760004,0.7800007350271521,0.10013485621068748
2022-11-17,0.023219814205440004,0.8200007727208521,0.10526997704200478
2022-11-18,0.023219814205440004,0.8200007727208521,0.10526997704200478
2022-11-19,0.022936645739520006,0.8100007632974272,0.10398619683417547
2022-11-20,0.022370308807680005,0.7900007444505771,0.10141863641851681
2022-11-21,0.022087140341760004,0.7800007350271521,0.10013485621068748
2022-11-22,0.022087140341760004,0.7800007350271521,0.10013485621068748
2022-11-23,0.022087140341760004,0.7800007350271521,0.10013485621068748
2022-11-24,0.022087140341760004,0.7800007350271521,0.10013485621068748
2022-11-25,0.021803971875840003,0.770000725603727,0.09885107600285814
2022-11-26,0.022087140341760004,0.7800007350271521,0.10013485621068748
2022-11-27,0.022370308807680005,0.7900007444505771,0.10141863641851681
2022-11-28,0.022936645739520006,0.8100007632974272,0.10398619683417547
2022-11-29,0.025201993466880006,0.8900008386848274,0.11425643849681007
2022-11-30,0.022370308807680005,0.7900007444505771,0.10141863641851681
2022-12-01,0.023219814205440004,0.8200007727208521,0.10526997704200478
2022-12-02,0.025485161932800003,0.9000008481082523,0.11554021870463939
2022-12-03,0.026617835796480003,0.9400008858019524,0.12067533953595669
2022-12-04,0.025485161932800003,0.9000008481082523,0.11554021870463939
2022-12-05,0.026901004262400004,0.9500008952253775,0.12195911974378604
2022-12-06,0.026051498864640005,0.9200008669551024,0.11810777912029806
2022-12-07,0.024352488069120003,0.8600008104145522,0.11040509787332209
2022-12-08,0.026051498864640005,0.9200008669551024,0.11810777912029806
2022-12-09,0.024635656535040004,0.8700008198379773,0.11168887808115141
2022-12-10,0.023786151137280002,0.8400007915677021,0.10783753745766342
2022-12-11,0.023786151137280002,0.8400007915677021,0.10783753745766342
2022-12-12,0.025768330398720004,0.9100008575316774,0.11682399891246871
2022-12-13,0.028883183523840006,1.0200009611893528,0.13094558119859132
2022-12-14,0.026617835796480003,0.9400008858019524,0.12067533953595669
2022-12-15,0.022370308807680005,0.7900007444505771,0.10141863641851681
2022-12-16,0.01727327642112,0.6100005748289266,0.07831059267758891
2022-12-17,0.015574265625600004,0.5500005182883765,0.07060791143061297
2022-12-18,0.015574265625600004,0.5500005182883765,0.07060791143061297
2022-12-19,0.015857434091520003,0.5600005277118015,0.07189169163844229
2022-12-20,0.01614060255744,0.5700005371352265,0.0731754718462716
2022-12-21,0.01642377102336,0.5800005465586515,0.07445925205410094
2022-12-22,0.01614060255744,0.5700005371352265,0.0731754718462716
2022-12-23,0.01614060255744,0.5700005371352265,0.0731754718462716
2022-12-24,0.01614060255744,0.5700005371352265,0.0731754718462716
2022-12-25,0.01642377102336,0.5800005465586515,0.07445925205410094
2022-12-26,0.01642377102336,0.5800005465586515,0.07445925205410094
2022-12-27,0.01642377102336,0.5800005465586515,0.07445925205410094
2022-12-28,0.01642377102336,0.5800005465586515,0.07445925205410094
2022-12-29,0.01642377102336,0.5800005465586515,0.07445925205410094
2022-12-30,0.01614060255744,0.5700005371352265,0.0731754718462716
2022-12-31,0.01642377102336,0.5800005465586515,0.07445925205410094
2023-01-01,0.01642377102336,0.5800005465586515,0.07445925205410094
2023-01-02,0.01642377102336,0.5800005465586515,0.07445925205410094
2023-01-03,0.01642377102336,0.5800005465586515,0.07445925205410094
2023-01-04,0.01614060255744,0.5700005371352265,0.0731754718462716
2023-01-05,0.01614060255744,0.5700005371352265,0.0731754718462716
2023-01-06,0.01614060255744,0.5700005371352265,0.0731754718462716
2023-01-07,0.01614060255744,0.5700005371352265,0.0731754718462716
2023-01-08,0.01614060255744,0.5700005371352265,0.0731754718462716
2023-01-09,0.01614060255744,0.5700005371352265,0.0731754718462716
2023-01-10,0.01614060255744,0.5700005371352265,0.0731754718462716
2023-01-11,0.01614060255744,0.5700005371352265,0.0731754718462716
2023-01-12,0.015857434091520003,0.5600005277118015,0.07189169163844229
2023-01-13,0.015574265625600004,0.5500005182883765,0.07060791143061297
2023-01-14,0.015857434091520003,0.5600005277118015,0.07189169163844229
2023-01-15,0.015857434091520003,0.5600005277118015,0.07189169163844229
2023-01-16,0.015857434091520003,0.5600005277118015,0.07189169163844229
2023-01-17,0.015857434091520003,0.5600005277118015,0.07189169163844229
2023-01-18,0.015857434091520003,0.5600005277118015,0.07189169163844229
2023-01-19,0.015574265625600004,0.5500005182883765,0.07060791143061297
2023-01-20,0.015857434091520003,0.5600005277118015,0.07189169163844229
2023-01-21,0.015857434091520003,0.5600005277118015,0.07189169163844229
2023-01-22,0.015574265625600004,0.5500005182883765,0.07060791143061297
2023-01-23,0.015574265625600004,0.5500005182883765,0.07060791143061297
2023-01-24,0.015291097159680004,0.5400005088649514,0.06932413122278365
2023-01-25,0.015291097159680004,0.5400005088649514,0.06932413122278365
2023-01-26,0.015007928693760003,0.5300004994415264,0.06804035101495431
2023-01-27,0.015291097159680004,0.5400005088649514,0.06932413122278365
2023-01-28,0.015291097159680004,0.5400005088649514,0.06932413122278365
2023-01-29,0.015291097159680004,0.5400005088649514,0.06932413122278365
2023-01-30,0.015291097159680004,0.5400005088649514,0.06932413122278365
2023-01-31,0.014724760227840002,0.5200004900181013,0.06675657080712498
2023-02-01,0.013875254830080001,0.49000046174782624,0.062905230183637
2023-02-02,0.014158423296000002,0.5000004711712513,0.06418901039146634
2023-02-03,0.014441591761920003,0.5100004805946764,0.06547279059929566
2023-02-04,0.014441591761920003,0.5100004805946764,0.06547279059929566
2023-02-05,0.014441591761920003,0.5100004805946764,0.06547279059929566
2023-02-06,0.014158423296000002,0.5000004711712513,0.06418901039146634
2023-02-07,0.014158423296000002,0.5000004711712513,0.06418901039146634
2023-02-08,0.014158423296000002,0.5000004711712513,0.06418901039146634
2023-02-09,0.013875254830080001,0.49000046174782624,0.062905230183637
2023-02-10,0.013875254830080001,0.49000046174782624,0.062905230183637
2023-02-11,0.014158423296000002,0.5000004711712513,0.06418901039146634
2023-02-12,0.014158423296000002,0.5000004711712513,0.06418901039146634
2023-02-13,0.014158423296000002,0.5000004711712513,0.06418901039146634
2023-02-14,0.014158423296000002,0.5000004711712513,0.06418901039146634
2023-02-15,0.014158423296000002,0.5000004711712513,0.06418901039146634
2023-02-16,0.014158423296000002,0.5000004711712513,0.06418901039146634
2023-02-17,0.013875254830080001,0.49000046174782624,0.062905230183637
2023-02-18,0.014158423296000002,0.5000004711712513,0.06418901039146634
2023-02-19,0.014158423296000002,0.5000004711712513,0.06418901039146634
2023-02-20,0.014158423296000002,0.5000004711712513,0.06418901039146634
2023-02-21,0.014158423296000002,0.5000004711712513,0.06418901039146634
2023-02-22,0.014158423296000002,0.5000004711712513,0.06418901039146634
2023-02-23,0.013875254830080001,0.49000046174782624,0.062905230183637
2023-02-24,0.014158423296000002,0.5000004711712513,0.06418901039146634
2023-02-25,0.014158423296000002,0.5000004711712513,0.06418901039146634
2023-02-26,0.014158423296000002,0.5000004711712513,0.06418901039146634
2023-02-27,0.014158423296000002,0.5000004711712513,0.06418901039146634
2023-02-28,0.014158423296000002,0.5000004711712513,0.06418901039146634
2023-03-01,0.013875254830080001,0.49000046174782624,0.062905230183637
2023-03-02,0.014158423296000002,0.5000004711712513,0.06418901039146634
2023-03-03,0.014158423296000002,0.5000004711712513,0.06418901039146634
2023-03-04,0.014158423296000002,0.5000004711712513,0.06418901039146634
2023-03-05,0.013875254830080001,0.49000046174782624,0.062905230183637
2023-03-06,0.013875254830080001,0.49000046174782624,0.062905230183637
2023-03-07,0.014158423296000002,0.5000004711712513,0.06418901039146634
2023-03-08,0.014158423296000002,0.5000004711712513,0.06418901039146634
2023-03-09,0.014158423296000002,0.5000004711712513,0.06418901039146634
2023-03-10,0.014158423296000002,0.5000004711712513,0.06418901039146634
2023-03-11,0.014441591761920003,0.5100004805946764,0.06547279059929566
2023-03-12,0.014441591761920003,0.5100004805946764,0.06547279059929566
2023-03-13,0.014441591761920003,0.5100004805946764,0.06547279059929566
2023-03-14,0.014441591761920003,0.5100004805946764,0.06547279059929566
2023-03-15,0.014724760227840002,0.5200004900181013,0.06675657080712498
2023-03-16,0.014724760227840002,0.5200004900181013,0.06675657080712498
2023-03-17,0.014724760227840002,0.5200004900181013,0.06675657080712498
2023-03-18,0.014441591761920003,0.5100004805946764,0.06547279059929566
2023-03-19,0.014441591761920003,0.5100004805946764,0.06547279059929566
2023-03-20,0.014441591761920003,0.5100004805946764,0.06547279059929566
2023-03-21,0.014441591761920003,0.5100004805946764,0.06547279059929566
2023-03-22,0.014441591761920003,0.5100004805946764,0.06547279059929566
2023-03-23,0.014441591761920003,0.5100004805946764,0.06547279059929566
2023-03-24,0.014441591761920003,0.5100004805946764,0.06547279059929566
2023-03-25,0.014441591761920003,0.5100004805946764,0.06547279059929566
2023-03-26,0.014158423296000002,0.5000004711712513,0.06418901039146634
2023-03-27,0.014441591761920003,0.5100004805946764,0.06547279059929566
2023-03-28,0.014158423296000002,0.5000004711712513,0.06418901039146634
2023-03-29,0.014158423296000002,0.5000004711712513,0.06418901039146634
2023-03-30,0.014441591761920003,0.5100004805946764,0.06547279059929566
2023-03-31,0.014441591761920003,0.5100004805946764,0.06547279059929566
2023-04-01,0.014441591761920003,0.5100004805946764,0.06547279059929566
2023-04-02,0.014724760227840002,0.5200004900181013,0.06675657080712498
2023-04-03,0.015007928693760003,0.5300004994415264,0.06804035101495431
2023-04-04,0.015291097159680004,0.5400005088649514,0.06932413122278365
2023-04-05,0.015007928693760003,0.5300004994415264,0.06804035101495431
2023-04-06,0.015007928693760003,0.5300004994415264,0.06804035101495431
2023-04-07,0.015291097159680004,0.5400005088649514,0.06932413122278365
2023-04-08,0.01642377102336,0.5800005465586515,0.07445925205410094
2023-04-09,0.017839613352960002,0.6300005936757767,0.08087815309324757
2023-04-10,0.018122781818880003,0.6400006030992017,0.0821619333010769
2023-04-11,0.0198217926144,0.7000006596397518,0.08986461454805285
2023-04-12,0.023786151137280002,0.8400007915677021,0.10783753745766342
2023-04-13,0.028033678126080003,0.9900009329190775,0.12709424057510335
2023-04-14,0.030582194319360007,1.0800010177299029,0.1386482624455673
2023-04-15,0.03369704744448,1.190001121387578,0.15276984473168986
2023-04-16,0.033413878978560005,1.1800011119641531,0.15148606452386054
2023-04-17,0.033413878978560005,1.1800011119641531,0.15148606452386054
2023-04-18,0.033413878978560005,1.1800011119641531,0.15148606452386054
2023-04-19,0.033413878978560005,1.1800011119641531,0.15148606452386054
2023-04-20,0.03454655284224,1.2200011496578531,0.15662118535517783
2023-04-21,0.03539605824000001,1.2500011779281284,0.16047252597866582
2023-04-22,0.03652873210368,1.2900012156218283,0.16560764680998313
2023-04-23,0.03681190056960001,1.3000012250452535,0.16689142701781248
2023-04-24,0.03681190056960001,1.3000012250452535,0.16689142701781248
2023-04-25,0.03681190056960001,1.3000012250452535,0.16689142701781248
2023-04-26,0.03681190056960001,1.3000012250452535,0.16689142701781248
2023-04-27,0.03737823750144001,1.3200012438921036,0.16945898743347113
2023-04-28,0.03794457443328001,1.3400012627389537,0.17202654784912977
2023-04-29,0.03879407983104001,1.3700012910092287,0.17587788847261776
2023-04-30,0.042475269888,1.5000014135137538,0.19256703117439897
2023-05-01,0.053235671592960006,1.8800017716039048,0.24135067907191338
2023-05-02,0.07673865426432001,2.710002553748182,0.34790443632174756
2023-05-03,0.11383372329984001,4.020003788216861,0.5160796435473892
2023-05-04,0.16678622642688,5.89000555039734,0.7561465424114733
2023-05-05,0.21662387642880004,7.650007208920146,0.982091858989435
2023-05-06,0.25966548324864,9.170008641280749,1.1772264505794925
2023-05-07,0.30865362785280004,10.900010271533278,1.399320426533966
2023-05-08,0.35679226705920003,12.600011873515532,1.6175630618649515
2023-05-09,0.39643585228800005,14.000013192795036,1.7972922909610571
2023-05-10,0.43607943751680006,15.40001451207454,1.977021520057163
2023-05-11,0.49554481536000006,17.500016490993794,2.2466153637013218
2023-05-12,0.5266933466112002,18.60001752757055,2.387831186562548
2023-05-13,0.6965944261632001,24.600023181625563,3.1580993112601434
2023-05-14,0.9202975142400002,32.500030626131334,4.172285675445312
2023-05-15,1.2402778807296002,43.80004127460162,5.622957310292451
2023-05-16,1.8320999745024003,64.70006096955991,8.306057944655743
2023-05-17,2.2115457188352003,78.10007359694946,10.02632342314704
2023-05-18,2.3927735370240004,84.50007962794147,10.84794275615781
2023-05-19,2.8600015057920003,101.00009517659277,12.966180099076198
2023-05-20,3.1431699717120005,111.00010460001779,14.249960306905525
2023-05-21,3.4829721308160004,123.00011590812781,15.790496556300718
2023-05-22,3.1431699717120005,111.00010460001779,14.249960306905525
2023-05-23,3.0865362785280004,109.00010271533279,13.993204265339658
2023-05-24,3.2564373580800003,115.00010836938779,14.763472390037256
2023-05-25,3.3980215910400005,120.00011308110031,15.405362493951918
2023-05-26,4.105942755840001,145.00013663966288,18.61481301352524
2023-05-27,4.360794375168001,154.0001451207454,19.77021520057163
2023-05-28,4.190893295616001,148.0001394666904,18.999947075874037
2023-05-29,4.247526988800001,150.0001413513754,19.256703117439898
2023-05-30,4.247526988800001,150.0001413513754,19.256703117439898
2023-05-31,3.9643585228800005,140.00013192795035,17.972922909610574
2023-06-01,3.5679226705920004,126.00011873515533,16.175630618649514
2023-06-02,3.1431699717120005,111.00010460001779,14.249960306905525
2023-06-03,2.4947141847552,88.10008302037447,11.310103630976366
2023-06-04,2.4692290228224003,87.20008217226622,11.194563412271728
2023-06-05,2.8600015057920003,101.00009517659277,12.966180099076198
2023-06-06,3.6528732103680004,129.00012156218284,16.560764680998314
2023-06-07,4.077625909248001,144.0001356973204,18.486434992742304
2023-06-08,4.587329147904001,162.00015265948542,20.79723936683509
2023-06-09,4.247526988800001,150.0001413513754,19.256703117439898
2023-06-10,3.9926753694720007,141.00013287029287,18.101300930393506
2023-06-11,3.9360416762880006,139.00013098560785,17.84454488882764
2023-06-12,3.4263384376320003,121.0001140234428,15.53374051473485
2023-06-13,3.0299025853440003,107.00010083064777,13.736448223773793
2023-06-14,3.3413878978560003,118.0001111964153,15.148606452386053
2023-06-15,4.445744914944001,157.00014794777292,20.155349262920428
2023-06-16,3.9643585228800005,140.00013192795035,17.972922909610574
2023-06-17,2.9732688921600006,105.00009894596278,13.479692182207929
2023-06-18,2.6985954802176004,95.3000898052405,12.234425380613482
2023-06-19,3.5396058240000006,125.00011779281283,16.04725259786658
2023-06-20,3.7944574433280005,134.00012627389535,17.202654784912976
2023-06-21,3.6528732103680004,129.00012156218284,16.560764680998314
2023-06-22,3.3697047444480006,119.00011213875781,15.276984473168989
2023-06-23,2.9732688921600006,105.00009894596278,13.479692182207929
2023-06-24,2.5796647245312,91.10008584740197,11.695237693325165
2023-06-25,2.2143774034944004,78.2000736911837,10.039161225225333
2023-06-26,2.0161594773504006,71.20006709478619,9.140515079744807
2023-06-27,1.8604168210944003,65.70006191190242,8.434435965438675
2023-06-28,1.6990107955200002,60.000056540550155,7.702681246975959
2023-06-29,1.4611492841472002,51.60004862487313,6.624305872399325
2023-06-30,1.2544363040256001,44.300041745772866,5.687146320683917
2023-07-01,1.076040170496,38.000035809015095,4.878364789751441
2023-07-02,0.9316242528768001,32.900031003068335,4.223636883758484
2023-07-03,0.8551687670784001,30.200028458743578,3.8770162276445657
2023-07-04,0.7872083352576001,27.800026197121575,3.568908977765528
2023-07-05,0.7079211648000001,25.000023558562564,3.2094505195733167
2023-07-06,0.6314656790016001,22.30002101423781,2.8628298634593983
2023-07-07,0.5606735625216,19.80001865838155,2.541884811502067
2023-07-08,0.4813863920640001,17.000016019822546,2.1824263533098556
2023-07-09,0.4190893295616001,14.80001394666904,1.8999947075874035
2023-07-10,0.38227742899200007,13.500012721623786,1.733103280569591
2023-07-11,0.3454655284224,12.200011496578531,1.5662118535517784
2023-07-12,0.3171486818304,11.200010554236028,1.4378338327688456
2023-07-13,0.2916635198976001,10.300009706127778,1.3222936140642065
2023-07-14,0.26532885256704003,9.37000882974925,1.202902054736079
2023-07-15,0.2435248806912,8.600008104145521,1.1040509787332207
2023-07-16,0.21945556108800005,7.750007303154396,0.9949296610677282
2023-07-17,0.21096050711040004,7.450007020451645,0.9564162548328484
2023-07-18,0.18859019830272003,6.660006276001067,0.8549976184143315
2023-07-19,0.18122781818880004,6.400006030992017,0.8216193330107692
2023-07-20,0.21747338182656004,7.68000723719042,0.9859431996129229
2023-07-21,0.18349316591616005,6.480006106379418,0.8318895746734037
2023-07-22,0.16083968864256,5.680005352505415,0.7291871580470575
2023-07-23,0.16055652017664002,5.670005343081989,0.7279033778392282
2023-07-24,0.12629313580032,4.4600042028475615,0.5725659726918796
2023-07-25,0.12402778807296001,4.380004127460161,0.562295731029245
2023-07-26,0.1401683906304,4.9500046645953875,0.6354712028755167
2023-07-27,0.14186740142592003,5.010004721135938,0.6431738841224927
2023-07-28,0.10137431079936002,3.5800033735861594,0.45959331440289897
2023-07-29,0.09627727841280001,3.4000032039645087,0.436485270661971
2023-07-30,0.09542777301504002,3.370003175694234,0.43263393003848305
2023-07-31,0.09740995227648001,3.440003241658209,0.44162039149328836
2023-08-01,0.09825945767424002,3.470003269928484,0.4454717321167764
2023-08-02,0.10194064773120001,3.6000033924330093,0.46216087481855755
2023-08-03,0.10448916392448002,3.6900034772438346,0.47371489668902156
2023-08-04,0.11015253324288002,3.890003665712335,0.49939050084560804
2023-08-05,0.07702182273024001,2.720002563171607,0.3491882165295768
2023-08-06,0.06880993721856002,2.4300022898922817,0.3119585905025264
2023-08-07,0.07249112727552001,2.560002412396807,0.3286477332043076
2023-08-08,0.07305746420736,2.5800024312436567,0.33121529361996627
2023-08-09,0.06314656790016,2.2300021014237807,0.2862829863459398
2023-08-10,0.05974854630912001,2.1100019883426806,0.27087762385198794
2023-08-11,0.061447557104640005,2.1700020448832307,0.2785803050989638
2023-08-12,0.05776636704768001,2.0400019223787056,0.26189116239718263
2023-08-13,0.05776636704768001,2.0400019223787056,0.26189116239718263
2023-08-14,0.05606735625216001,1.980001865838155,0.2541884811502067
2023-08-15,0.053235671592960006,1.8800017716039048,0.24135067907191338
2023-08-16,0.05181982926336001,1.83000172448678,0.2349317780327668
2023-08-17,0.049554481536000006,1.7500016490993795,0.22466153637013214
2023-08-18,0.04643962841088001,1.6400015454417043,0.21053995408400955
2023-08-19,0.048138639206400005,1.7000016019822544,0.2182426353309855
2023-08-20,0.04530695454720001,1.6000015077480043,0.2054048332526923
2023-08-21,0.042192101422080006,1.4900014040903289,0.19128325096656967
2023-08-22,0.04020992216064,1.4200013381263537,0.18229678951176437
2023-08-23,0.042475269888,1.5000014135137538,0.19256703117439897
2023-08-24,0.05125349233152001,1.8100017056399298,0.23236421761710813
2023-08-25,0.05606735625216001,1.980001865838155,0.2541884811502067
2023-08-26,0.042192101422080006,1.4900014040903289,0.19128325096656967
2023-08-27,0.04020992216064,1.4200013381263537,0.18229678951176437
2023-08-28,0.04474061761536001,1.5800014889011542,0.20283727283703362
2023-08-29,0.05068715539968001,1.7900016867930797,0.22979665720144948
2023-08-30,0.03737823750144001,1.3200012438921036,0.16945898743347113
2023-08-31,0.03454655284224,1.2200011496578531,0.15662118535517783
2023-09-01,0.03313071051264,1.170001102540728,0.1502022843160312
2023-09-02,0.0325643735808,1.1500010836938779,0.14763472390037252
2023-09-03,0.03454655284224,1.2200011496578531,0.15662118535517783
2023-09-04,0.043041606819840005,1.520001432360604,0.19513459159005764
2023-09-05,0.03511288977408,1.2400011685047032,0.15918874577083647
2023-09-06,0.028883183523840006,1.0200009611893528,0.13094558119859132
2023-09-07,0.030582194319360007,1.0800010177299029,0.1386482624455673
2023-09-08,0.030015857387520006,1.0600009988830528,0.13608070202990863
2023-09-09,0.030582194319360007,1.0800010177299029,0.1386482624455673
2023-09-10,0.028033678126080003,0.9900009329190775,0.12709424057510335
2023-09-11,0.03114853125120001,1.100001036576753,0.14121582286122594
2023-09-12,0.03539605824000001,1.2500011779281284,0.16047252597866582
2023-09-13,0.03539605824000001,1.2500011779281284,0.16047252597866582
2023-09-14,0.035679226705920004,1.2600011873515533,0.16175630618649514
2023-09-15,0.033980215910400006,1.2000011308110032,0.1540536249395192
2023-09-16,0.034263384376320004,1.2100011402344282,0.15533740514734853
2023-09-17,0.03313071051264,1.170001102540728,0.1502022843160312
2023-09-18,0.033413878978560005,1.1800011119641531,0.15148606452386054
2023-09-19,0.03539605824000001,1.2500011779281284,0.16047252597866582
2023-09-20,0.03596239517184001,1.2700011967749785,0.1630400863943245
2023-09-21,0.03737823750144001,1.3200012438921036,0.16945898743347113
2023-09-22,0.037095069035520005,1.3100012344686784,0.1681752072256418
2023-09-23,0.03539605824000001,1.2500011779281284,0.16047252597866582
2023-09-24,0.03539605824000001,1.2500011779281284,0.16047252597866582
2023-09-25,0.03539605824000001,1.2500011779281284,0.16047252597866582
2023-09-26,0.035679226705920004,1.2600011873515533,0.16175630618649514
2023-09-27,0.035679226705920004,1.2600011873515533,0.16175630618649514
2023-09-28,0.03539605824000001,1.2500011779281284,0.16047252597866582
2023-09-29,0.03539605824000001,1.2500011779281284,0.16047252597866582
2023-09-30,0.03652873210368,1.2900012156218283,0.16560764680998313
2023-10-01,0.037095069035520005,1.3100012344686784,0.1681752072256418
2023-10-02,0.03737823750144001,1.3200012438921036,0.16945898743347113
2023-10-03,0.034263384376320004,1.2100011402344282,0.15533740514734853
2023-10-04,0.033413878978560005,1.1800011119641531,0.15148606452386054
2023-10-05,0.03143169971712001,1.1100010460001781,0.14249960306905526
2023-10-06,0.029732688921600005,1.0500009894596278,0.13479692182207928
2023-10-07,0.028883183523840006,1.0200009611893528,0.13094558119859132
2023-10-08,0.029166351989760007,1.0300009706127777,0.13222936140642064
2023-10-09,0.027467341194240002,0.9700009140722274,0.12452668015944468
2023-10-10,0.027184172728320005,0.9600009046488025,0.12324289995161536
2023-10-11,0.033413878978560005,1.1800011119641531,0.15148606452386054
2023-10-12,0.03822774289920001,1.3500012721623786,0.1733103280569591
2023-10-13,0.03284754204672,1.160001093117303,0.14891850410820187
2023-10-14,0.027750509660160003,0.9800009234956525,0.125810460367274
2023-10-15,0.025768330398720004,0.9100008575316774,0.11682399891246871
2023-10-16,0.029166351989760007,1.0300009706127777,0.13222936140642064
2023-10-17,0.03228120511488,1.140001074270453,0.1463509436925432
2023-10-18,0.03284754204672,1.160001093117303,0.14891850410820187
2023-10-19,0.0325643735808,1.1500010836938779,0.14763472390037252
2023-10-20,0.030015857387520006,1.0600009988830528,0.13608070202990863
2023-10-21,0.027750509660160003,0.9800009234956525,0.125810460367274
2023-10-22,0.028033678126080003,0.9900009329190775,0.12709424057510335
2023-10-23,0.025201993466880006,0.8900008386848274,0.11425643849681007
2023-10-24,0.023219814205440004,0.8200007727208521,0.10526997704200478
2023-10-25,0.023219814205440004,0.8200007727208521,0.10526997704200478
2023-10-26,0.023219814205440004,0.8200007727208521,0.10526997704200478
2023-10-27,0.02350298267136,0.8300007821442771,0.10655375724983408
2023-10-28,0.025768330398720004,0.9100008575316774,0.11682399891246871
2023-10-29,0.025201993466880006,0.8900008386848274,0.11425643849681007
2023-10-30,0.022653477273600005,0.8000007538740022,0.10270241662634615
2023-10-31,0.020954466478080004,0.740000697333452,0.09499973537937018
2023-11-01,0.020671298012160003,0.7300006879100269,0.09371595517154084
2023-11-02,0.021237634944,0.7500007067568769,0.09628351558719948
2023-11-03,0.021520803409920002,0.760000716180302,0.09756729579502882
2023-11-04,0.021803971875840003,0.770000725603727,0.09885107600285814
2023-11-05,0.021803971875840003,0.770000725603727,0.09885107600285814
2023-11-06,0.021237634944,0.7500007067568769,0.09628351558719948
2023-11-07,0.020388129546240003,0.7200006784866019,0.0924321749637115
2023-11-08,0.02010496108032,0.7100006690631768,0.09114839475588218
2023-11-09,0.0198217926144,0.7000006596397518,0.08986461454805285
2023-11-10,0.019255455682560003,0.6800006407929018,0.0872970541323942
2023-11-11,0.018972287216640005,0.6700006313694769,0.08601327392456488
2023-11-12,0.018689118750720005,0.6600006219460518,0.08472949371673556
2023-11-13,0.018122781818880003,0.6400006030992017,0.0821619333010769
2023-11-14,0.01755644488704,0.6200005842523516,0.07959437288541824
2023-11-15,0.016990107955200003,0.6000005654055016,0.0770268124697596
2023-11-16,0.018405950284800004,0.6500006125226268,0.08344571350890624
2023-11-17,0.018405950284800004,0.6500006125226268,0.08344571350890624
2023-11-18,0.01755644488704,0.6200005842523516,0.07959437288541824
2023-11-19,0.01727327642112,0.6100005748289266,0.07831059267758891
2023-11-20,0.016706939489280002,0.5900005559820766,0.07574303226193027
2023-11-21,0.01614060255744,0.5700005371352265,0.0731754718462716
2023-11-22,0.015291097159680004,0.5400005088649514,0.06932413122278365
2023-11-23,0.015007928693760003,0.5300004994415264,0.06804035101495431
2023-11-24,0.018122781818880003,0.6400006030992017,0.0821619333010769
2023-11-25,0.017839613352960002,0.6300005936757767,0.08087815309324757
2023-11-26,0.015291097159680004,0.5400005088649514,0.06932413122278365
2023-11-27,0.014441591761920003,0.5100004805946764,0.06547279059929566
2023-11-28,0.014158423296000002,0.5000004711712513,0.06418901039146634
2023-11-29,0.013875254830080001,0.49000046174782624,0.062905230183637
2023-11-30,0.014158423296000002,0.5000004711712513,0.06418901039146634
2023-12-01,0.014441591761920003,0.5100004805946764,0.06547279059929566
2023-12-02,0.016706939489280002,0.5900005559820766,0.07574303226193027
2023-12-03,0.015857434091520003,0.5600005277118015,0.07189169163844229
2023-12-04,0.016990107955200003,0.6000005654055016,0.0770268124697596
2023-12-05,0.016990107955200003,0.6000005654055016,0.0770268124697596
2023-12-06,0.01614060255744,0.5700005371352265,0.0731754718462716
2023-12-07,0.016706939489280002,0.5900005559820766,0.07574303226193027
2023-12-08,0.017839613352960002,0.6300005936757767,0.08087815309324757
2023-12-09,0.016706939489280002,0.5900005559820766,0.07574303226193027
2023-12-10,0.015857434091520003,0.5600005277118015,0.07189169163844229
2023-12-11,0.01642377102336,0.5800005465586515,0.07445925205410094
2023-12-12,0.015574265625600004,0.5500005182883765,0.07060791143061297
2023-12-13,0.015007928693760003,0.5300004994415264,0.06804035101495431
2023-12-14,0.014441591761920003,0.5100004805946764,0.06547279059929566
2023-12-15,0.014158423296000002,0.5000004711712513,0.06418901039146634
2023-12-16,0.013592086364160002,0.48000045232440125,0.06162144997580768
2023-12-17,0.013592086364160002,0.48000045232440125,0.06162144997580768
2023-12-18,0.013592086364160002,0.48000045232440125,0.06162144997580768
2023-12-19,0.013308917898240001,0.4700004429009762,0.060337669767978344
2023-12-20,0.013025749432320002,0.4600004334775512,0.05905388956014903
2023-12-21,0.012742580966400002,0.45000042405412616,0.057770109352319694
2023-12-22,0.013025749432320002,0.4600004334775512,0.05905388956014903
2023-12-23,0.013875254830080001,0.49000046174782624,0.062905230183637
2023-12-24,0.013025749432320002,0.4600004334775512,0.05905388956014903
2023-12-25,0.013592086364160002,0.48000045232440125,0.06162144997580768
2023-12-26,0.013025749432320002,0.4600004334775512,0.05905388956014903
2023-12-27,0.012459412500480002,0.44000041463070116,0.05648632914449037
2023-12-28,0.012459412500480002,0.44000041463070116,0.05648632914449037
2023-12-29,0.012176244034560002,0.4300004052072761,0.055202548936661044
2023-12-30,0.011893075568640001,0.42000039578385107,0.05391876872883171
2023-12-31,0.011326738636800003,0.4000003769370011,0.05135120831317307
2024-01-01,0.011043570170880002,0.39000036751357603,0.05006742810534374
2024-01-02,0.011043570170880002,0.39000036751357603,0.05006742810534374
2024-01-03,0.011043570170880002,0.39000036751357603,0.05006742810534374
2024-01-04,0.010760401704960001,0.380000358090151,0.04878364789751441
2024-01-05,0.010477233239040002,0.370000348666726,0.04749986768968509
2024-01-06,0.010760401704960001,0.380000358090151,0.04878364789751441
2024-01-07,0.011326738636800003,0.4000003769370011,0.05135120831317307
2024-01-08,0.010760401704960001,0.380000358090151,0.04878364789751441
2024-01-09,0.011043570170880002,0.39000036751357603,0.05006742810534374
2024-01-10,0.012176244034560002,0.4300004052072761,0.055202548936661044
2024-01-11,0.011609907102720002,0.4100003863604261,0.05263498852100239
2024-01-12,0.011609907102720002,0.4100003863604261,0.05263498852100239
2024-01-13,0.012459412500480002,0.44000041463070116,0.05648632914449037
2024-01-14,0.013592086364160002,0.48000045232440125,0.06162144997580768
2024-01-15,0.012742580966400002,0.45000042405412616,0.057770109352319694
2024-01-16,0.011043570170880002,0.39000036751357603,0.05006742810534374
2024-01-17,0.011326738636800003,0.4000003769370011,0.05135120831317307
2024-01-18,0.010760401704960001,0.380000358090151,0.04878364789751441
2024-01-19,0.009627727841280001,0.3400003203964509,0.0436485270661971
2024-01-20,0.009061390909440002,0.32000030154960085,0.04108096665053845
2024-01-21,0.009627727841280001,0.3400003203964509,0.0436485270661971
2024-01-22,0.0099108963072,0.3500003298198759,0.044932307274026424
2024-01-23,0.0099108963072,0.3500003298198759,0.044932307274026424
2024-01-24,0.009627727841280001,0.3400003203964509,0.0436485270661971
2024-01-25,0.0099108963072,0.3500003298198759,0.044932307274026424
2024-01-26,0.009061390909440002,0.32000030154960085,0.04108096665053845
2024-01-27,0.009061390909440002,0.32000030154960085,0.04108096665053845
2024-01-28,0.008495053977600002,0.3000002827027508,0.0385134062348798
2024-01-29,0.00821188551168,0.29000027327932576,0.03722962602705047
2024-01-30,0.00821188551168,0.29000027327932576,0.03722962602705047
2024-01-31,0.00821188551168,0.29000027327932576,0.03722962602705047
2024-02-01,0.00821188551168,0.29000027327932576,0.03722962602705047
2024-02-02,0.00821188551168,0.29000027327932576,0.03722962602705047
2024-02-03,0.00821188551168,0.29000027327932576,0.03722962602705047
2024-02-04,0.007645548579840002,0.2700002544324757,0.034662065611391825
2024-02-05,0.007362380113920001,0.26000024500905067,0.03337828540356249
2024-02-06,0.007362380113920001,0.26000024500905067,0.03337828540356249
2024-02-07,0.007928717045760002,0.28000026385590077,0.035945845819221146
2024-02-08,0.007928717045760002,0.28000026385590077,0.035945845819221146
2024-02-09,0.007362380113920001,0.26000024500905067,0.03337828540356249
2024-02-10,0.007362380113920001,0.26000024500905067,0.03337828540356249
2024-02-11,0.007079211648000001,0.2500002355856257,0.03209450519573317
2024-02-12,0.006796043182080001,0.24000022616220062,0.03081072498790384
2024-02-13,0.006512874716160001,0.2300002167387756,0.029526944780074515
2024-02-14,0.006512874716160001,0.2300002167387756,0.029526944780074515
2024-02-15,0.006512874716160001,0.2300002167387756,0.029526944780074515
2024-02-16,0.006512874716160001,0.2300002167387756,0.029526944780074515
2024-02-17,0.006512874716160001,0.2300002167387756,0.029526944780074515
2024-02-18,0.006512874716160001,0.2300002167387756,0.029526944780074515
2024-02-19,0.006229706250240001,0.22000020731535058,0.028243164572245186
2024-02-20,0.0059465377843200004,0.21000019789192553,0.026959384364415855
2024-02-21,0.0059465377843200004,0.21000019789192553,0.026959384364415855
2024-02-22,0.005663369318400001,0.20000018846850054,0.025675604156586537
2024-02-23,0.005663369318400001,0.20000018846850054,0.025675604156586537
2024-02-24,0.005663369318400001,0.20000018846850054,0.025675604156586537
2024-02-25,0.005097032386560001,0.18000016962165047,0.023108043740927876
2024-02-26,0.0053802008524800006,0.1900001790450755,0.024391823948757205
2024-02-27,0.005097032386560001,0.18000016962165047,0.023108043740927876
2024-02-28,0.005097032386560001,0.18000016962165047,0.023108043740927876
2024-02-29,0.005097032386560001,0.18000016962165047,0.023108043740927876
2024-03-01,0.005097032386560001,0.18000016962165047,0.023108043740927876
2024-03-02,0.005097032386560001,0.18000016962165047,0.023108043740927876
2024-03-03,0.005097032386560001,0.18000016962165047,0.023108043740927876
2024-03-04,0.005097032386560001,0.18000016962165047,0.023108043740927876
2024-03-05,0.005097032386560001,0.18000016962165047,0.023108043740927876
2024-03-06,0.005097032386560001,0.18000016962165047,0.023108043740927876
2024-03-07,0.005097032386560001,0.18000016962165047,0.023108043740927876
2024-03-08,0.004813863920640001,0.17000016019822545,0.02182426353309855
2024-03-09,0.004247526988800001,0.1500001413513754,0.0192567031174399
2024-03-10,0.004247526988800001,0.1500001413513754,0.0192567031174399
2024-03-11,0.004247526988800001,0.1500001413513754,0.0192567031174399
2024-03-12,0.004247526988800001,0.1500001413513754,0.0192567031174399
2024-03-13,0.004247526988800001,0.1500001413513754,0.0192567031174399
2024-03-14,0.004247526988800001,0.1500001413513754,0.0192567031174399
2024-03-15,0.003964358522880001,0.14000013192795038,0.017972922909610573
2024-03-16,0.003964358522880001,0.14000013192795038,0.017972922909610573
2024-03-17,0.0033980215910400006,0.12000011308110031,0.01540536249395192
2024-03-18,0.0033980215910400006,0.12000011308110031,0.01540536249395192
2024-03-19,0.0033980215910400006,0.12000011308110031,0.01540536249395192
2024-03-20,0.0031148531251200006,0.11000010365767529,0.014121582286122593
2024-03-21,0.0028316846592000007,0.10000009423425027,0.012837802078293268
2024-03-22,0.0025485161932800003,0.09000008481082523,0.011554021870463938
2024-03-23,0.0025485161932800003,0.09000008481082523,0.011554021870463938
2024-03-24,0.0028316846592000007,0.10000009423425027,0.012837802078293268
2024-03-25,0.0022653477273600004,0.08000007538740021,0.010270241662634613
2024-03-26,0.0022653477273600004,0.08000007538740021,0.010270241662634613
2024-03-27,0.0022653477273600004,0.08000007538740021,0.010270241662634613
2024-03-28,0.0022653477273600004,0.08000007538740021,0.010270241662634613
2024-03-29,0.0022653477273600004,0.08000007538740021,0.010270241662634613
2024-03-30,0.0022653477273600004,0.08000007538740021,0.010270241662634613
2024-03-31,0.0022653477273600004,0.08000007538740021,0.010270241662634613
2024-04-01,0.0019821792614400004,0.07000006596397519,0.008986461454805287
2024-04-02,0.0016990107955200003,0.060000056540550156,0.00770268124697596
2024-04-03,0.0016990107955200003,0.060000056540550156,0.00770268124697596
2024-04-04,0.0016990107955200003,0.060000056540550156,0.00770268124697596
2024-04-05,0.0016990107955200003,0.060000056540550156,0.00770268124697596
2024-04-06,0.0014158423296000003,0.050000047117125135,0.006418901039146634
2024-04-07,0.0014158423296000003,0.050000047117125135,0.006418901039146634
2024-04-08,0.0011326738636800002,0.040000037693700106,0.005135120831317307
2024-04-09,0.0008495053977600001,0.030000028270275078,0.00385134062348798
2024-04-10,0.0005663369318400001,0.020000018846850053,0.0025675604156586533
2024-04-11,0.00028316846592000005,0.010000009423425027,0.0012837802078293267
2024-04-12,0.0005663369318400001,0.020000018846850053,0.0025675604156586533
2024-04-13,0.0014158423296000003,0.050000047117125135,0.006418901039146634
2024-04-14,0.0025485161932800003,0.09000008481082523,0.011554021870463938
2024-04-15,0.0033980215910400006,0.12000011308110031,0.01540536249395192
2024-04-16,0.0028316846592000007,0.10000009423425027,0.012837802078293268
2024-04-17,0.0033980215910400006,0.12000011308110031,0.01540536249395192
2024-04-18,0.0033980215910400006,0.12000011308110031,0.01540536249395192
2024-04-19,0.003964358522880001,0.14000013192795038,0.017972922909610573
2024-04-20,0.004813863920640001,0.17000016019822545,0.02182426353309855
2024-04-21,0.0059465377843200004,0.21000019789192553,0.026959384364415855
2024-04-22,0.007928717045760002,0.28000026385590077,0.035945845819221146
2024-04-23,0.011326738636800003,0.4000003769370011,0.05135120831317307
2024-04-24,0.01755644488704,0.6200005842523516,0.07959437288541824
2024-04-25,0.024918825000960005,0.8800008292614023,0.11297265828898075
2024-04-26,0.027750509660160003,0.9800009234956525,0.125810460367274
2024-04-27,0.029449520455680004,1.0400009800362027,0.13351314161424996
2024-04-28,0.03652873210368,1.2900012156218283,0.16560764680998313
2024-04-29,0.047572302274560004,1.6800015831354043,0.21567507491532684
2024-04-30,0.05720003011584001,2.0200019035318553,0.25932360198152393
2024-05-01,0.06796043182080001,2.4000022616220065,0.3081072498790384
2024-05-02,0.07305746420736,2.5800024312436567,0.33121529361996627
2024-05-03,0.07334063267328,2.5900024406670816,0.33249907382779553
2024-05-04,0.06767726335488002,2.3900022521985815,0.30682346967120905
2024-05-05,0.06824360028672001,2.4100022710454314,0.3093910300868677
2024-05-06,0.07164162187776,2.5300023841265316,0.3247963925808196
2024-05-07,0.07079211648000001,2.5000023558562567,0.32094505195733164
2024-05-08,0.07079211648000001,2.5000023558562567,0.32094505195733164
2024-05-09,0.07022577954816,2.4800023370094064,0.31837749154167294
2024-05-10,0.06541191562752001,2.310002176811181,0.2965532280085745
2024-05-11,0.06286339943424002,2.2200020920003563,0.28499920613811053
2024-05-12,0.061164388638720014,2.1600020354598057,0.2772965248911346
2024-05-13,0.06682775795712001,2.3600022239283063,0.3029721290477211
2024-05-14,0.08749905596928001,3.090002911838333,0.3966880842192619
2024-05-15,0.10562183778816002,3.730003514937535,0.47885001752033884
2024-05-16,0.1401683906304,4.9500046645953875,0.6354712028755167
2024-05-17,0.19312089375744004,6.820006426775868,0.8755381017396008
2024-05-18,0.2888318352384,10.200009611893526,1.309455811985913
2024-05-19,0.5465151392256001,19.300018187210302,2.4776958011106003
2024-05-20,0.9542777301504002,33.70003175694234,4.326339300384831
2024-05-21,1.076040170496,38.000035809015095,4.878364789751441
2024-05-22,0.8523370824192001,30.100028364509328,3.8641784255662732
2024-05-23,0.7022577954816002,24.800023370094067,3.18377491541673
2024-05-24,0.7249112727552002,25.60002412396807,3.2864773320430767
2024-05-25,0.7277429574144001,25.700024218202316,3.2993151341213696
2024-05-26,0.6512874716160001,23.00002167387756,2.952694478007451
2024-05-27,0.7560598040064,26.70002516054482,3.427693154904302
2024-05-28,1.1411689176576,40.300037976402855,5.173634237552186
2024-05-29,1.8660801904128004,65.90006210037093,8.460111569595261
2024-05-30,3.0582194319360005,108.00010177299029,13.864826244556728
2024-05-31,3.9360416762880006,139.00013098560785,17.84454488882764
2024-06-01,4.219210142208,149.00014040903287,19.128325096656965
2024-06-02,4.898814460416001,173.00016302525296,22.20939759544735
2024-06-03,5.493468238848001,194.0001828144455,24.905336031888936
2024-06-04,6.173072557056001,218.00020543066557,27.986408530679316
2024-06-05,6.003171477504001,212.00019977661054,27.216140405981722
2024-06-06,5.8899040911360006,208.00019600724053,26.70262832284999
2024-06-07,5.153666079744001,182.00017150633548,23.364799782493748
2024-06-08,4.813863920640001,170.00016019822544,21.824263533098552
2024-06-09,4.587329147904001,162.00015265948542,20.79723936683509
2024-06-10,4.049309062656,143.00013475497786,18.35805697195937
2024-06-11,3.6811900569600007,130.00012250452534,16.689142701781247
2024-06-12,3.4829721308160004,123.00011590812781,15.790496556300718
2024-06-13,2.9449520455680003,104.00009800362027,13.351314161424995
2024-06-14,2.4380804915712,86.10008113568946,11.053347589410501
2024-06-15,1.9368723068928004,68.40006445622718,8.781056621552594
2024-06-16,1.6565355256320002,58.500055127036404,7.51011421580156
2024-06-17,1.3478818977792002,47.60004485550312,6.1107937892675945
2024-06-18,1.0477233239040002,37.0000348666726,4.749986768968509
2024-06-19,0.7957033892352001,28.100026479824322,3.6074223840004076
2024-06-20,0.7872083352576001,27.800026197121575,3.568908977765528
2024-06-21,0.9004757216256002,31.800029966491586,4.082421060897259
2024-06-22,0.7334063267328,25.900024406670816,3.3249907382779553
2024-06-23,0.5691686164992001,20.100018941084304,2.580398217736947
2024-06-24,0.44740617615360007,15.80001488901154,2.028372728370336
2024-06-25,0.35679226705920003,12.600011873515532,1.6175630618649515
2024-06-26,0.2888318352384,10.200009611893526,1.309455811985913
2024-06-27,0.26929321108992005,9.5100089616772,1.2208749776456895
2024-06-28,0.2607981571123201,9.21000867897445,1.1823615714108098
2024-06-29,0.21888922415616005,7.730007284307546,0.9923621006520694
2024-06-30,0.19113871449600003,6.750006360811893,0.8665516402847955
2024-07-01,0.17414860654080003,6.150005795406391,0.7895248278150359
2024-07-02,0.16055652017664002,5.670005343081989,0.7279033778392282
2024-07-03,0.1373367059712,4.850004570361137,0.6226334007972233
2024-07-04,0.11949709261824001,4.220003976685361,0.5417552477039759
2024-07-05,0.10618817472000001,3.7500035337843847,0.48141757793599743
2024-07-06,0.09457826761728001,3.3400031474239587,0.4287825894149951
2024-07-07,0.08664955057152002,3.060002883568058,0.3928367435957739
2024-07-08,0.07843766505984001,2.7700026102887323,0.35560711756872343
2024-07-09,0.0722079588096,2.5500024029733814,0.32736395299647825
2024-07-10,0.06767726335488002,2.3900022521985815,0.30682346967120905
2024-07-11,0.062013894036480006,2.1900020637300806,0.2811478655146225
2024-07-12,0.056916861649920006,2.0100018941084303,0.2580398217736946
2024-07-13,0.056916861649920006,2.0100018941084303,0.2580398217736946
2024-07-14,0.04927131307008001,1.7400016396759546,0.22337775616230282
2024-07-15,0.04502378608128001,1.5900014983245792,0.20412105304486292
2024-07-16,0.041625764490240004,1.4700013852434788,0.188715690550911
2024-07-17,0.03879407983104001,1.3700012910092287,0.17587788847261776
2024-07-18,0.04615645994496,1.6300015360182791,0.20925617387618023
2024-07-19,0.04134259602432001,1.4600013758200538,0.18743191034308168
2024-07-20,0.03822774289920001,1.3500012721623786,0.1733103280569591
2024-07-21,0.033413878978560005,1.1800011119641531,0.15148606452386054
2024-07-22,0.036245563637760006,1.2800012061984034,0.1643238666021538
2024-07-23,0.03313071051264,1.170001102540728,0.1502022843160312
2024-07-24,0.03143169971712001,1.1100010460001781,0.14249960306905526
2024-07-25,0.03454655284224,1.2200011496578531,0.15662118535517783
2024-07-26,0.038510911365120006,1.3600012815858036,0.1745941082647884
2024-07-27,0.03879407983104001,1.3700012910092287,0.17587788847261776
2024-07-28,0.03228120511488,1.140001074270453,0.1463509436925432
2024-07-29,0.029449520455680004,1.0400009800362027,0.13351314161424996
2024-07-30,0.027750509660160003,0.9800009234956525,0.125810460367274
2024-07-31,0.026617835796480003,0.9400008858019524,0.12067533953595669
2024-08-01,0.024635656535040004,0.8700008198379773,0.11168887808115141
2024-08-02,0.01953862414848,0.6900006502163267,0.08858083434022353
2024-08-03,0.020671298012160003,0.7300006879100269,0.09371595517154084
2024-08-04,0.013592086364160002,0.48000045232440125,0.06162144997580768
2024-08-05,0.020671298012160003,0.7300006879100269,0.09371595517154084
2024-08-06,0.025201993466880006,0.8900008386848274,0.11425643849681007
2024-08-07,0.024069319603200003,0.8500008009911272,0.10912131766549275
2024-08-08,0.022370308807680005,0.7900007444505771,0.10141863641851681
2024-08-09,0.023219814205440004,0.8200007727208521,0.10526997704200478
2024-08-10,0.024918825000960005,0.8800008292614023,0.11297265828898075
2024-08-11,0.033980215910400006,1.2000011308110032,0.1540536249395192
2024-08-12,0.022370308807680005,0.7900007444505771,0.10141863641851681
2024-08-13,0.021803971875840003,0.770000725603727,0.09885107600285814
2024-08-14,0.023786151137280002,0.8400007915677021,0.10783753745766342
2024-08-15,0.022087140341760004,0.7800007350271521,0.10013485621068748
2024-08-16,0.0198217926144,0.7000006596397518,0.08986461454805285
2024-08-17,0.018122781818880003,0.6400006030992017,0.0821619333010769
2024-08-18,0.020388129546240003,0.7200006784866019,0.0924321749637115
2024-08-19,0.0198217926144,0.7000006596397518,0.08986461454805285
2024-08-20,0.021237634944,0.7500007067568769,0.09628351558719948
2024-08-21,0.023219814205440004,0.8200007727208521,0.10526997704200478
2024-08-22,0.024635656535040004,0.8700008198379773,0.11168887808115141
2024-08-23,0.027750509660160003,0.9800009234956525,0.125810460367274
2024-08-24,0.03652873210368,1.2900012156218283,0.16560764680998313
2024-08-25,0.03652873210368,1.2900012156218283,0.16560764680998313
2024-08-26,0.03369704744448,1.190001121387578,0.15276984473168986
2024-08-27,0.03114853125120001,1.100001036576753,0.14121582286122594
2024-08-28,0.029449520455680004,1.0400009800362027,0.13351314161424996
2024-08-29,0.028600015057920005,1.0100009517659276,0.12966180099076197
2024-08-30,0.027750509660160003,0.9800009234956525,0.125810460367274
2024-08-31,0.027467341194240002,0.9700009140722274,0.12452668015944468
2024-09-01,0.026334667330560006,0.9300008763785275,0.11939155932812737
2024-09-02,0.026901004262400004,0.9500008952253775,0.12195911974378604
2024-09-03,0.025768330398720004,0.9100008575316774,0.11682399891246871
2024-09-04,0.024918825000960005,0.8800008292614023,0.11297265828898075
2024-09-05,0.025768330398720004,0.9100008575316774,0.11682399891246871
2024-09-06,0.023786151137280002,0.8400007915677021,0.10783753745766342
2024-09-07,0.021803971875840003,0.770000725603727,0.09885107600285814
2024-09-08,0.01953862414848,0.6900006502163267,0.08858083434022353
2024-09-09,0.01953862414848,0.6900006502163267,0.08858083434022353
2024-09-10,0.023786151137280002,0.8400007915677021,0.10783753745766342
2024-09-11,0.026334667330560006,0.9300008763785275,0.11939155932812737
2024-09-12,0.025201993466880006,0.8900008386848274,0.11425643849681007
2024-09-13,0.021237634944,0.7500007067568769,0.09628351558719948
2024-09-14,0.020388129546240003,0.7200006784866019,0.0924321749637115
2024-09-15,0.018972287216640005,0.6700006313694769,0.08601327392456488
2024-09-16,0.022370308807680005,0.7900007444505771,0.10141863641851681
2024-09-17,0.034829721308160005,1.2300011590812783,0.15790496556300715
2024-09-18,0.030015857387520006,1.0600009988830528,0.13608070202990863
2024-09-19,0.025201993466880006,0.8900008386848274,0.11425643849681007
2024-09-20,0.024352488069120003,0.8600008104145522,0.11040509787332209
2024-09-21,0.024918825000960005,0.8800008292614023,0.11297265828898075
2024-09-22,0.028600015057920005,1.0100009517659276,0.12966180099076197
2024-09-23,0.025485161932800003,0.9000008481082523,0.11554021870463939
2024-09-24,0.023786151137280002,0.8400007915677021,0.10783753745766342
2024-09-25,0.022936645739520006,0.8100007632974272,0.10398619683417547
2024-09-26,0.020671298012160003,0.7300006879100269,0.09371595517154084
2024-09-27,0.02010496108032,0.7100006690631768,0.09114839475588218
2024-09-28,0.02010496108032,0.7100006690631768,0.09114839475588218
2024-09-29,0.019255455682560003,0.6800006407929018,0.0872970541323942
2024-09-30,0.018405950284800004,0.6500006125226268,0.08344571350890624
2024-10-01,0.016990107955200003,0.6000005654055016,0.0770268124697596
2024-10-02,0.01642377102336,0.5800005465586515,0.07445925205410094
2024-10-03,0.01614060255744,0.5700005371352265,0.0731754718462716
2024-10-04,0.015574265625600004,0.5500005182883765,0.07060791143061297
2024-10-05,0.015007928693760003,0.5300004994415264,0.06804035101495431
2024-10-06,0.016706939489280002,0.5900005559820766,0.07574303226193027
2024-10-07,0.03228120511488,1.140001074270453,0.1463509436925432
2024-10-08,0.02010496108032,0.7100006690631768,0.09114839475588218
2024-10-09,0.0198217926144,0.7000006596397518,0.08986461454805285
2024-10-10,0.018689118750720005,0.6600006219460518,0.08472949371673556
2024-10-11,0.018689118750720005,0.6600006219460518,0.08472949371673556
2024-10-12,0.018405950284800004,0.6500006125226268,0.08344571350890624
2024-10-13,0.018689118750720005,0.6600006219460518,0.08472949371673556
2024-10-14,0.019255455682560003,0.6800006407929018,0.0872970541323942
2024-10-15,0.019255455682560003,0.6800006407929018,0.0872970541323942
2024-10-16,0.01953862414848,0.6900006502163267,0.08858083434022353
2024-10-17,0.022087140341760004,0.7800007350271521,0.10013485621068748
2024-10-18,0.026334667330560006,0.9300008763785275,0.11939155932812737
2024-10-19,0.024918825000960005,0.8800008292614023,0.11297265828898075
2024-10-20,0.023219814205440004,0.8200007727208521,0.10526997704200478
2024-10-21,0.029166351989760007,1.0300009706127777,0.13222936140642064
2024-10-22,0.024635656535040004,0.8700008198379773,0.11168887808115141
2024-10-23,0.025768330398720004,0.9100008575316774,0.11682399891246871
2024-10-24,0.026051498864640005,0.9200008669551024,0.11810777912029806
2024-10-25,0.022087140341760004,0.7800007350271521,0.10013485621068748
2024-10-26,0.0198217926144,0.7000006596397518,0.08986461454805285
2024-10-27,0.018405950284800004,0.6500006125226268,0.08344571350890624
2024-10-28,0.01727327642112,0.6100005748289266,0.07831059267758891
2024-10-29,0.029732688921600005,1.0500009894596278,0.13479692182207928
2024-10-30,0.030582194319360007,1.0800010177299029,0.1386482624455673
2024-10-31,0.022087140341760004,0.7800007350271521,0.10013485621068748
2024-11-01,0.020388129546240003,0.7200006784866019,0.0924321749637115
2024-11-02,0.020671298012160003,0.7300006879100269,0.09371595517154084
2024-11-03,0.019255455682560003,0.6800006407929018,0.0872970541323942
2024-11-04,0.018689118750720005,0.6600006219460518,0.08472949371673556
2024-11-05,0.018122781818880003,0.6400006030992017,0.0821619333010769
2024-11-06,0.018689118750720005,0.6600006219460518,0.08472949371673556
2024-11-07,0.01727327642112,0.6100005748289266,0.07831059267758891
2024-11-08,0.015857434091520003,0.5600005277118015,0.07189169163844229
2024-11-09,0.015857434091520003,0.5600005277118015,0.07189169163844229
2024-11-10,0.015007928693760003,0.5300004994415264,0.06804035101495431
2024-11-11,0.014158423296000002,0.5000004711712513,0.06418901039146634
2024-11-12,0.013592086364160002,0.48000045232440125,0.06162144997580768
2024-11-13,0.013875254830080001,0.49000046174782624,0.062905230183637
2024-11-14,0.013308917898240001,0.4700004429009762,0.060337669767978344
2024-11-15,0.013025749432320002,0.4600004334775512,0.05905388956014903
2024-11-16,0.012459412500480002,0.44000041463070116,0.05648632914449037
2024-11-17,0.012176244034560002,0.4300004052072761,0.055202548936661044
2024-11-18,0.011609907102720002,0.4100003863604261,0.05263498852100239
2024-11-19,0.012176244034560002,0.4300004052072761,0.055202548936661044
2024-11-20,0.011326738636800003,0.4000003769370011,0.05135120831317307
2024-11-21,0.011326738636800003,0.4000003769370011,0.05135120831317307
2024-11-22,0.010760401704960001,0.380000358090151,0.04878364789751441
2024-11-23,0.010194064773120001,0.36000033924330094,0.04621608748185575
2024-11-24,0.0099108963072,0.3500003298198759,0.044932307274026424
2024-11-25,0.010477233239040002,0.370000348666726,0.04749986768968509
2024-11-26,0.012742580966400002,0.45000042405412616,0.057770109352319694
2024-11-27,0.015857434091520003,0.5600005277118015,0.07189169163844229
2024-11-28,0.014158423296000002,0.5000004711712513,0.06418901039146634
2024-11-29,0.011893075568640001,0.42000039578385107,0.05391876872883171
2024-11-30,0.010194064773120001,0.36000033924330094,0.04621608748185575
2024-12-01,0.010760401704960001,0.380000358090151,0.04878364789751441
2024-12-02,0.010760401704960001,0.380000358090151,0.04878364789751441
2024-12-03,0.009627727841280001,0.3400003203964509,0.0436485270661971
2024-12-04,0.009627727841280001,0.3400003203964509,0.0436485270661971
2024-12-05,0.009344559375360002,0.3300003109730259,0.04236474685836778
2024-12-06,0.009061390909440002,0.32000030154960085,0.04108096665053845
2024-12-07,0.009061390909440002,0.32000030154960085,0.04108096665053845
2024-12-08,0.00877822244352,0.3100002921261758,0.03979718644270912
2024-12-09,0.00877822244352,0.3100002921261758,0.03979718644270912
2024-12-10,0.00821188551168,0.29000027327932576,0.03722962602705047
2024-12-11,0.008495053977600002,0.3000002827027508,0.0385134062348798
2024-12-12,0.009061390909440002,0.32000030154960085,0.04108096665053845
2024-12-13,0.007928717045760002,0.28000026385590077,0.035945845819221146
2024-12-14,0.007928717045760002,0.28000026385590077,0.035945845819221146
2024-12-15,0.00821188551168,0.29000027327932576,0.03722962602705047
2024-12-16,0.00821188551168,0.29000027327932576,0.03722962602705047
2024-12-17,0.007362380113920001,0.26000024500905067,0.03337828540356249
2024-12-18,0.00821188551168,0.29000027327932576,0.03722962602705047
2024-12-19,0.00821188551168,0.29000027327932576,0.03722962602705047
2024-12-20,0.007928717045760002,0.28000026385590077,0.035945845819221146
2024-12-21,0.007645548579840002,0.2700002544324757,0.034662065611391825
2024-12-22,0.007645548579840002,0.2700002544324757,0.034662065611391825
2024-12-23,0.006512874716160001,0.2300002167387756,0.029526944780074515
2024-12-24,0.007079211648000001,0.2500002355856257,0.03209450519573317
2024-12-25,0.007079211648000001,0.2500002355856257,0.03209450519573317
2024-12-26,0.006796043182080001,0.24000022616220062,0.03081072498790384
2024-12-27,0.00877822244352,0.3100002921261758,0.03979718644270912
2024-12-28,0.010194064773120001,0.36000033924330094,0.04621608748185575
2024-12-29,0.010477233239040002,0.370000348666726,0.04749986768968509
2024-12-30,0.010194064773120001,0.36000033924330094,0.04621608748185575
2024-12-31,0.010194064773120001,0.36000033924330094,0.04621608748185575
2025-01-01,0.009344559375360002,0.3300003109730259,0.04236474685836778
2025-01-02,0.009627727841280001,0.3400003203964509,0.0436485270661971
2025-01-03,0.0099108963072,0.3500003298198759,0.044932307274026424
2025-01-04,0.00877822244352,0.3100002921261758,0.03979718644270912
2025-01-05,0.008495053977600002,0.3000002827027508,0.0385134062348798
2025-01-06,0.00821188551168,0.29000027327932576,0.03722962602705047
2025-01-07,0.00821188551168,0.29000027327932576,0.03722962602705047
2025-01-08,0.008495053977600002,0.3000002827027508,0.0385134062348798
2025-01-09,0.007645548579840002,0.2700002544324757,0.034662065611391825
2025-01-10,0.007362380113920001,0.26000024500905067,0.03337828540356249
2025-01-11,0.007362380113920001,0.26000024500905067,0.03337828540356249
2025-01-12,0.007645548579840002,0.2700002544324757,0.034662065611391825
2025-01-13,0.007362380113920001,0.26000024500905067,0.03337828540356249
2025-01-14,0.007362380113920001,0.26000024500905067,0.03337828540356249
2025-01-15,0.007079211648000001,0.2500002355856257,0.03209450519573317
2025-01-16,0.006229706250240001,0.22000020731535058,0.028243164572245186
2025-01-17,0.0059465377843200004,0.21000019789192553,0.026959384364415855
2025-01-18,0.006229706250240001,0.22000020731535058,0.028243164572245186
2025-01-19,0.005663369318400001,0.20000018846850054,0.025675604156586537
2025-01-20,0.0059465377843200004,0.21000019789192553,0.026959384364415855
2025-01-21,0.006796043182080001,0.24000022616220062,0.03081072498790384
2025-01-22,0.006229706250240001,0.22000020731535058,0.028243164572245186
2025-01-23,0.006512874716160001,0.2300002167387756,0.029526944780074515
2025-01-24,0.0059465377843200004,0.21000019789192553,0.026959384364415855
2025-01-25,0.005663369318400001,0.20000018846850054,0.025675604156586537
2025-01-26,0.006796043182080001,0.24000022616220062,0.03081072498790384
2025-01-27,0.007362380113920001,0.26000024500905067,0.03337828540356249
2025-01-28,0.006796043182080001,0.24000022616220062,0.03081072498790384
2025-01-29,0.006512874716160001,0.2300002167387756,0.029526944780074515
2025-01-30,0.0059465377843200004,0.21000019789192553,0.026959384364415855
2025-01-31,0.005663369318400001,0.20000018846850054,0.025675604156586537
2025-02-01,0.005663369318400001,0.20000018846850054,0.025675604156586537
2025-02-02,0.0059465377843200004,0.21000019789192553,0.026959384364415855
2025-02-03,0.005663369318400001,0.20000018846850054,0.025675604156586537
2025-02-04,0.005097032386560001,0.18000016962165047,0.023108043740927876
2025-02-05,0.004247526988800001,0.1500001413513754,0.0192567031174399
2025-02-06,0.004247526988800001,0.1500001413513754,0.0192567031174399
2025-02-07,0.003964358522880001,0.14000013192795038,0.017972922909610573
2025-02-08,0.0036811900569600005,0.13000012250452533,0.016689142701781245
2025-02-09,0.0033980215910400006,0.12000011308110031,0.01540536249395192
2025-02-10,0.0031148531251200006,0.11000010365767529,0.014121582286122593
2025-02-11,0.0028316846592000007,0.10000009423425027,0.012837802078293268
2025-02-12,0.0025485161932800003,0.09000008481082523,0.011554021870463938
2025-02-13,0.0011326738636800002,0.040000037693700106,0.005135120831317307
2025-02-14,0.0019821792614400004,0.07000006596397519,0.008986461454805287
2025-02-15,0.0025485161932800003,0.09000008481082523,0.011554021870463938
2025-02-16,0.0022653477273600004,0.08000007538740021,0.010270241662634613
2025-02-17,0.0014158423296000003,0.050000047117125135,0.006418901039146634
2025-02-18,0.00028316846592000005,0.010000009423425027,0.0012837802078293267
2025-02-19,0.00028316846592000005,0.010000009423425027,0.0012837802078293267
2025-02-20,0.00028316846592000005,0.010000009423425027,0.0012837802078293267
2025-02-21,0.00028316846592000005,0.010000009423425027,0.0012837802078293267
2025-02-22,0.0005663369318400001,0.020000018846850053,0.0025675604156586533
2025-02-23,0.0011326738636800002,0.040000037693700106,0.005135120831317307
2025-02-24,0.0014158423296000003,0.050000047117125135,0.006418901039146634
2025-02-25,0.0019821792614400004,0.07000006596397519,0.008986461454805287
2025-02-26,0.0019821792614400004,0.07000006596397519,0.008986461454805287
2025-02-27,0.0019821792614400004,0.07000006596397519,0.008986461454805287
2025-02-28,0.0019821792614400004,0.07000006596397519,0.008986461454805287
2025-03-01,0.0016990107955200003,0.060000056540550156,0.00770268124697596
2025-03-02,0.0019821792614400004,0.07000006596397519,0.008986461454805287
2025-03-03,0.0019821792614400004,0.07000006596397519,0.008986461454805287
2025-03-04,0.0014158423296000003,0.050000047117125135,0.006418901039146634
2025-03-05,0.0011326738636800002,0.040000037693700106,0.005135120831317307
2025-03-06,0.0019821792614400004,0.07000006596397519,0.008986461454805287
2025-03-07,0.0022653477273600004,0.08000007538740021,0.010270241662634613
2025-03-08,0.0025485161932800003,0.09000008481082523,0.011554021870463938
2025-03-09,0.0025485161932800003,0.09000008481082523,0.011554021870463938
2025-03-10,0.0022653477273600004,0.08000007538740021,0.010270241662634613
2025-03-11,0.0019821792614400004,0.07000006596397519,0.008986461454805287
2025-03-12,0.0014158423296000003,0.050000047117125135,0.006418901039146634
2025-03-13,0.0014158423296000003,0.050000047117125135,0.006418901039146634
2025-03-14,0.0014158423296000003,0.050000047117125135,0.006418901039146634
2025-03-15,0.0008495053977600001,0.030000028270275078,0.00385134062348798
2025-03-16,0.0008495053977600001,0.030000028270275078,0.00385134062348798
2025-03-17,0.0008495053977600001,0.030000028270275078,0.00385134062348798
2025-03-18,0.0011326738636800002,0.040000037693700106,0.005135120831317307
2025-03-19,0.0008495053977600001,0.030000028270275078,0.00385134062348798
2025-03-20,0.0011326738636800002,0.040000037693700106,0.005135120831317307
2025-03-21,0.0008495053977600001,0.030000028270275078,0.00385134062348798
2025-03-22,0.0011326738636800002,0.040000037693700106,0.005135120831317307
2025-03-23,0.0011326738636800002,0.040000037693700106,0.005135120831317307
2025-03-24,0.0011326738636800002,0.040000037693700106,0.005135120831317307
2025-03-25,0.0014158423296000003,0.050000047117125135,0.006418901039146634
2025-03-26,0.0016990107955200003,0.060000056540550156,0.00770268124697596
2025-03-27,0.0025485161932800003,0.09000008481082523,0.011554021870463938
2025-03-28,0.0033980215910400006,0.12000011308110031,0.01540536249395192
2025-03-29,0.0031148531251200006,0.11000010365767529,0.014121582286122593
2025-03-30,0.0036811900569600005,0.13000012250452533,0.016689142701781245
2025-03-31,0.004247526988800001,0.1500001413513754,0.0192567031174399
2025-04-01,0.004813863920640001,0.17000016019822545,0.02182426353309855
2025-04-02,0.005097032386560001,0.18000016962165047,0.023108043740927876
2025-04-03,0.005097032386560001,0.18000016962165047,0.023108043740927876
2025-04-04,0.005097032386560001,0.18000016962165047,0.023108043740927876
2025-04-05,0.004530695454720001,0.16000015077480043,0.020540483325269226
2025-04-06,0.004247526988800001,0.1500001413513754,0.0192567031174399
2025-04-07,0.005097032386560001,0.18000016962165047,0.023108043740927876
2025-04-08,0.0053802008524800006,0.1900001790450755,0.024391823948757205
2025-04-09,0.005663369318400001,0.20000018846850054,0.025675604156586537
2025-04-10,0.005663369318400001,0.20000018846850054,0.025675604156586537
2025-04-11,0.00821188551168,0.29000027327932576,0.03722962602705047
2025-04-12,0.010760401704960001,0.380000358090151,0.04878364789751441
2025-04-13,0.012459412500480002,0.44000041463070116,0.05648632914449037
2025-04-14,0.014441591761920003,0.5100004805946764,0.06547279059929566
2025-04-15,0.026617835796480003,0.9400008858019524,0.12067533953595669
2025-04-16,0.04785547074048001,1.6900015925588294,0.21695885512315619
2025-04-17,0.07164162187776,2.5300023841265316,0.3247963925808196
2025-04-18,0.08608321363968001,3.040002864721208,0.3902691831801153
2025-04-19,0.10363965852672002,3.66000344897356,0.4698635560655336
2025-04-20,0.11270104943616002,3.9800037505231605,0.510944522716072
2025-04-21,0.09882579460608001,3.490003288775334,0.44803929253243496
2025-04-22,0.09061390909440002,3.2000030154960086,0.4108096665053846
2025-04-23,0.10222381619712001,3.610003401856434,0.4634446550263869
2025-04-24,0.12006342955008002,4.240003995532211,0.5443228081196345
2025-04-25,0.14583175994880004,5.150004853063889,0.6611468070321033
2025-04-26,0.18292682898432003,6.460006087532567,0.829322014257745
2025-04-27,0.23871101677056003,8.430007943947297,1.0822267152001221
2025-04-28,0.22795061506560005,8.050007585857147,1.0334430673026078
2025-04-29,0.21011100171264002,7.420006992181369,0.9525649142093603
2025-04-30,0.20133277926912005,7.1100067000551945,0.9127677277666513
2025-05-01,0.18972287216640005,6.700006313694768,0.8601327392456489
2025-05-02,0.18774069290496004,6.630006247730793,0.8511462777908436
2025-05-03,0.21690704489472004,7.66000721834357,0.9833756391972641
2025-05-04,0.26702786336256,9.430008886289798,1.210604735983055
2025-05-05,0.3001585738752,10.600009988830527,1.360807020299086
2025-05-06,0.32564373580800005,11.50001083693878,1.4763472390037256
2025-05-07,0.339802159104,12.00001130811003,1.5405362493951917
2025-05-08,0.42475269888000006,15.000014135137539,1.9256703117439897
2025-05-09,0.6173072557056001,21.800020543066555,2.798640853067932
2025-05-10,0.9231291988992002,32.60003072036559,4.185123477523605
2025-05-11,1.3960205369856,49.30004645748537,6.329036424598579
2025-05-12,2.0076644233728005,70.90006681208344,9.102001673509927
2025-05-13,2.5371894546432,89.60008443388823,11.502670662150765
2025-05-14,2.321981420544,82.0000772720852,10.526997704200477
2025-05-15,1.5942384631296003,56.3000530538829,7.227682570079109
2025-05-16,1.1666540795904004,41.20003882451111,5.289174456256826
2025-05-17,1.0562183778816001,37.30003514937535,4.788500175203388
2025-05-18,1.0618817472000002,37.50003533784385,4.814175779359974
2025-05-19,0.9486143608320001,33.50003156847384,4.300663696228244
2025-05-20,0.8098618125312002,28.600026950995577,3.671611394391874
2025-05-21,0.8211885511680002,29.000027327932578,3.722962602705047
2025-05-22,1.1100203864064002,39.200036939826106,5.0324184146909605
2025-05-23,1.7386543807488002,61.40005785982966,7.882410476072065
2025-05-24,2.2341991961088006,78.90007435082346,10.129025839773389
2025-05-25,2.2115457188352003,78.10007359694946,10.02632342314704
2025-05-26,2.2172090881536004,78.30007378541795,10.051999027303628
2025-05-27,2.279506150656,80.50007585857145,10.334430673026077
2025-05-28,2.3418032131584003,82.70007793172496,10.616862318748531
2025-05-29,2.3304764745216002,82.30007755478796,10.565511110435358
2025-05-30,2.2002189801984002,77.70007322001246,9.974972214833867
2025-05-31,2.0642981165568006,72.90006869676846,9.358757715075793
2025-06-01,1.8094464972288002,63.90006021568592,8.203355528029396
2025-06-02,1.5036245540352002,53.10005003838689,6.816872903573724
2025-06-03,1.2714264119808,44.90004231117836,5.764173133153676
2025-06-04,1.0590500625408001,37.400035243609594,4.8013379772816815
2025-06-05,0.9372876221952002,33.10003119153684,4.249312487915072
2025-06-06,0.8721588750336001,30.80002902414908,3.954043040114326
2025-06-07,0.7277429574144001,25.700024218202316,3.2993151341213696
2025-06-08,0.6144755710464,21.700020448832305,2.7858030509896383
2025-06-09,0.5351884005888,18.900017810273297,2.426344592797427
2025-06-10,0.4615645994496001,16.300015360182794,2.0925617387618023
2025-06-11,0.40209922160640005,14.200013381263537,1.8229678951176438
2025-06-12,0.35396058240000006,12.500011779281282,1.6047252597866584
2025-06-13,0.3171486818304,11.200010554236028,1.4378338327688456
2025-06-14,0.2789209389312,9.85000928207365,1.2645235047118866
2025-06-15,0.24607339688448002,8.690008188956346,1.1156050006036848
2025-06-16,0.21945556108800005,7.750007303154396,0.9949296610677282
2025-06-17,0.19680208381440004,6.950006549280394,0.892227244441382
2025-06-18,0.17924563892736003,6.330005965028041,0.8126328715559638
2025-06-19,0.16055652017664002,5.670005343081989,0.7279033778392282
2025-06-20,0.14526542301696002,5.130004834217038,0.6585792466164446
2025-06-21,0.13167333665280004,4.6500043818926375,0.596957796640637
2025-06-22,0.12346145114112003,4.360004108613312,0.5597281706135865
2025-06-23,0.10760401704960001,3.80000358090151,0.48783647897514415
2025-06-24,0.09571094148096002,3.380003185117659,0.43391771024631237
2025-06-25,0.08721588750336001,3.080002902414908,0.39540430401143256
2025-06-26,0.0863663821056,3.050002874144633,0.3915529633879446
2025-06-27,0.07900400199168,2.790002629135582,0.3581746779843821
2025-06-28,0.07249112727552001,2.560002412396807,0.3286477332043076
2025-06-29,0.05012081846784001,1.7700016679462296,0.22722909678579079
2025-06-30,0.050970323865600006,1.8000016962165046,0.23108043740927878
2025-07-01,0.05351884005888,1.8900017810273297,0.24263445927974267
2025-07-02,0.05889904091136001,2.0800019600724053,0.2670262832284999
2025-07-03,0.05748319858176,2.03000191295528,0.26060738218935325
2025-07-04,0.04502378608128001,1.5900014983245792,0.20412105304486292
2025-07-05,0.0396435852288,1.4000013192795036,0.1797292290961057
2025-07-06,0.031998036648960004,1.130001064847028,0.1450671634847139
2025-07-07,0.027184172728320005,0.9600009046488025,0.12324289995161536
2025-07-08,0.022370308807680005,0.7900007444505771,0.10141863641851681
2025-07-09,0.03228120511488,1.140001074270453,0.1463509436925432
2025-07-10,0.021803971875840003,0.770000725603727,0.09885107600285814
2025-07-11,0.034263384376320004,1.2100011402344282,0.15533740514734853
2025-07-12,0.033980215910400006,1.2000011308110032,0.1540536249395192
2025-07-13,0.034829721308160005,1.2300011590812783,0.15790496556300715
2025-07-14,0.028883183523840006,1.0200009611893528,0.13094558119859132
2025-07-15,0.02010496108032,0.7100006690631768,0.09114839475588218
2025-07-16,0.02010496108032,0.7100006690631768,0.09114839475588218
2025-07-17,0.027184172728320005,0.9600009046488025,0.12324289995161536
2025-07-18,0.027467341194240002,0.9700009140722274,0.12452668015944468
2025-07-19,0.02010496108032,0.7100006690631768,0.09114839475588218
2025-07-20,0.02010496108032,0.7100006690631768,0.09114839475588218
2025-07-21,0.020388129546240003,0.7200006784866019,0.0924321749637115
2025-07-22,0.02010496108032,0.7100006690631768,0.09114839475588218
2025-07-23,0.021237634944,0.7500007067568769,0.09628351558719948
2025-07-24,0.021520803409920002,0.760000716180302,0.09756729579502882
2025-07-25,0.020954466478080004,0.740000697333452,0.09499973537937018
2025-07-26,0.0198217926144,0.7000006596397518,0.08986461454805285
2025-07-27,0.018405950284800004,0.6500006125226268,0.08344571350890624
2025-07-28,0.018689118750720005,0.6600006219460518,0.08472949371673556
2025-07-29,0.020954466478080004,0.740000697333452,0.09499973537937018
2025-07-30,0.022936645739520006,0.8100007632974272,0.10398619683417547
2025-07-31,0.023786151137280002,0.8400007915677021,0.10783753745766342
2025-08-01,0.022936645739520006,0.8100007632974272,0.10398619683417547
2025-08-02,0.022653477273600005,0.8000007538740022,0.10270241662634615
2025-08-03,0.021520803409920002,0.760000716180302,0.09756729579502882
2025-08-04,0.02010496108032,0.7100006690631768,0.09114839475588218
2025-08-05,0.018122781818880003,0.6400006030992017,0.0821619333010769
2025-08-06,0.015857434091520003,0.5600005277118015,0.07189169163844229
2025-08-07,0.018122781818880003,0.6400006030992017,0.0821619333010769
2025-08-08,0.01755644488704,0.6200005842523516,0.07959437288541824
2025-08-09,0.01642377102336,0.5800005465586515,0.07445925205410094
2025-08-10,0.015857434091520003,0.5600005277118015,0.07189169163844229
2025-08-11,0.01642377102336,0.5800005465586515,0.07445925205410094
2025-08-12,0.018122781818880003,0.6400006030992017,0.0821619333010769
2025-08-13,0.01755644488704,0.6200005842523516,0.07959437288541824
2025-08-14,0.019255455682560003,0.6800006407929018,0.0872970541323942
2025-08-15,0.018405950284800004,0.6500006125226268,0.08344571350890624
2025-08-16,0.021237634944,0.7500007067568769,0.09628351558719948
2025-08-17,0.020954466478080004,0.740000697333452,0.09499973537937018
2025-08-18,0.018122781818880003,0.6400006030992017,0.0821619333010769
2025-08-19,0.016990107955200003,0.6000005654055016,0.0770268124697596
2025-08-20,0.015574265625600004,0.5500005182883765,0.07060791143061297
2025-08-21,0.013875254830080001,0.49000046174782624,0.062905230183637
2025-08-22,0.013875254830080001,0.49000046174782624,0.062905230183637
2025-08-23,0.013025749432320002,0.4600004334775512,0.05905388956014903
2025-08-24,0.012742580966400002,0.45000042405412616,0.057770109352319694
2025-08-25,0.014724760227840002,0.5200004900181013,0.06675657080712498
2025-08-26,0.018405950284800004,0.6500006125226268,0.08344571350890624
2025-08-27,0.022087140341760004,0.7800007350271521,0.10013485621068748
2025-08-28,0.022936645739520006,0.8100007632974272,0.10398619683417547
2025-08-29,0.019255455682560003,0.6800006407929018,0.0872970541323942
2025-08-30,0.01727327642112,0.6100005748289266,0.07831059267758891
2025-08-31,0.015007928693760003,0.5300004994415264,0.06804035101495431
2025-09-01,0.013592086364160002,0.48000045232440125,0.06162144997580768
2025-09-02,0.011893075568640001,0.42000039578385107,0.05391876872883171
2025-09-03,0.009061390909440002,0.32000030154960085,0.04108096665053845
2025-09-04,0.00821188551168,0.29000027327932576,0.03722962602705047
2025-09-05,0.007079211648000001,0.2500002355856257,0.03209450519573317
2025-09-06,0.003964358522880001,0.14000013192795038,0.017972922909610573
2025-09-07,0.003964358522880001,0.14000013192795038,0.017972922909610573
2025-09-08,0.004530695454720001,0.16000015077480043,0.020540483325269226
2025-09-09,0.004247526988800001,0.1500001413513754,0.0192567031174399
2025-09-10,0.003964358522880001,0.14000013192795038,0.017972922909610573
2025-09-11,0.0059465377843200004,0.21000019789192553,0.026959384364415855
2025-09-12,0.009344559375360002,0.3300003109730259,0.04236474685836778
2025-09-13,0.012176244034560002,0.4300004052072761,0.055202548936661044
2025-09-14,0.0099108963072,0.3500003298198759,0.044932307274026424
2025-09-15,0.006229706250240001,0.22000020731535058,0.028243164572245186
2025-09-16,0.005663369318400001,0.20000018846850054,0.025675604156586537
2025-09-17,0.0053802008524800006,0.1900001790450755,0.024391823948757205
2025-09-18,0.004247526988800001,0.1500001413513754,0.0192567031174399
2025-09-19,0.0028316846592000007,0.10000009423425027,0.012837802078293268
2025-09-20,0.0036811900569600005,0.13000012250452533,0.016689142701781245
2025-09-21,0.003964358522880001,0.14000013192795038,0.017972922909610573
2025-09-22,0.004813863920640001,0.17000016019822545,0.02182426353309855
2025-09-23,0.007645548579840002,0.2700002544324757,0.034662065611391825
2025-09-24,0.006512874716160001,0.2300002167387756,0.029526944780074515
2025-09-25,0.004813863920640001,0.17000016019822545,0.02182426353309855
2025-09-26,0.0033980215910400006,0.12000011308110031,0.01540536249395192
2025-09-27,0.0028316846592000007,0.10000009423425027,0.012837802078293268
2025-09-28,0.0022653477273600004,0.08000007538740021,0.010270241662634613
2025-09-29,0.0019821792614400004,0.07000006596397519,0.008986461454805287
2025-09-30,0.0019821792614400004,0.07000006596397519,0.008986461454805287
