date,Q_cms,Q_cfs,Q_mmd
1979-10-01,,,
1979-10-02,,,
1979-10-03,,,
1979-10-04,,,
1979-10-05,,,
1979-10-06,,,
1979-10-07,,,
1979-10-08,,,
1979-10-09,,,
1979-10-10,,,
1979-10-11,,,
1979-10-12,,,
1979-10-13,,,
1979-10-14,,,
1979-10-15,,,
1979-10-16,,,
1979-10-17,,,
1979-10-18,,,
1979-10-19,,,
1979-10-20,,,
1979-10-21,,,
1979-10-22,,,
1979-10-23,,,
1979-10-24,,,
1979-10-25,,,
1979-10-26,,,
1979-10-27,,,
1979-10-28,,,
1979-10-29,,,
1979-10-30,,,
1979-10-31,,,
1979-11-01,,,
1979-11-02,,,
1979-11-03,,,
1979-11-04,,,
1979-11-05,,,
1979-11-06,,,
1979-11-07,,,
1979-11-08,,,
1979-11-09,,,
1979-11-10,,,
1979-11-11,,,
1979-11-12,,,
1979-11-13,,,
1979-11-14,,,
1979-11-15,,,
1979-11-16,,,
1979-11-17,,,
1979-11-18,,,
1979-11-19,,,
1979-11-20,,,
1979-11-21,,,
1979-11-22,,,
1979-11-23,,,
1979-11-24,,,
1979-11-25,,,
1979-11-26,,,
1979-11-27,,,
1979-11-28,,,
1979-11-29,,,
1979-11-30,,,
1979-12-01,,,
1979-12-02,,,
1979-12-03,,,
1979-12-04,,,
1979-12-05,,,
1979-12-06,,,
1979-12-07,,,
1979-12-08,,,
1979-12-09,,,
1979-12-10,,,
1979-12-11,,,
1979-12-12,,,
1979-12-13,,,
1979-12-14,,,
1979-12-15,,,
1979-12-16,,,
1979-12-17,,,
1979-12-18,,,
1979-12-19,,,
1979-12-20,,,
1979-12-21,,,
1979-12-22,,,
1979-12-23,,,
1979-12-24,,,
1979-12-25,,,
1979-12-26,,,
1979-12-27,,,
1979-12-28,,,
1979-12-29,,,
1979-12-30,,,
1979-12-31,,,
1980-01-01,,,
1980-01-02,,,
1980-01-03,,,
1980-01-04,,,
1980-01-05,,,
1980-01-06,,,
1980-01-07,,,
1980-01-08,,,
1980-01-09,,,
1980-01-10,,,
1980-01-11,,,
1980-01-12,,,
1980-01-13,,,
1980-01-14,,,
1980-01-15,,,
1980-01-16,,,
1980-01-17,,,
1980-01-18,,,
1980-01-19,,,
1980-01-20,,,
1980-01-21,,,
1980-01-22,,,
1980-01-23,,,
1980-01-24,,,
1980-01-25,,,
1980-01-26,,,
1980-01-27,,,
1980-01-28,,,
1980-01-29,,,
1980-01-30,,,
1980-01-31,,,
1980-02-01,,,
1980-02-02,,,
1980-02-03,,,
1980-02-04,,,
1980-02-05,,,
1980-02-06,,,
1980-02-07,,,
1980-02-08,,,
1980-02-09,,,
1980-02-10,,,
1980-02-11,,,
1980-02-12,,,
1980-02-13,,,
1980-02-14,,,
1980-02-15,,,
1980-02-16,,,
1980-02-17,,,
1980-02-18,,,
1980-02-19,,,
1980-02-20,,,
1980-02-21,,,
1980-02-22,,,
1980-02-23,,,
1980-02-24,,,
1980-02-25,,,
1980-02-26,,,
1980-02-27,,,
1980-02-28,,,
1980-02-29,,,
1980-03-01,,,
1980-03-02,,,
1980-03-03,,,
1980-03-04,,,
1980-03-05,,,
1980-03-06,,,
1980-03-07,,,
1980-03-08,,,
1980-03-09,,,
1980-03-10,,,
1980-03-11,,,
1980-03-12,,,
1980-03-13,,,
1980-03-14,,,
1980-03-15,,,
1980-03-16,,,
1980-03-17,,,
1980-03-18,,,
1980-03-19,,,
1980-03-20,,,
1980-03-21,,,
1980-03-22,,,
1980-03-23,,,
1980-03-24,,,
1980-03-25,,,
1980-03-26,,,
1980-03-27,,,
1980-03-28,,,
1980-03-29,,,
1980-03-30,,,
1980-03-31,,,
1980-04-01,,,
1980-04-02,,,
1980-04-03,,,
1980-04-04,,,
1980-04-05,,,
1980-04-06,,,
1980-04-07,,,
1980-04-08,,,
1980-04-09,,,
1980-04-10,,,
1980-04-11,,,
1980-04-12,,,
1980-04-13,,,
1980-04-14,,,
1980-04-15,,,
1980-04-16,,,
1980-04-17,,,
1980-04-18,,,
1980-04-19,,,
1980-04-20,,,
1980-04-21,,,
1980-04-22,,,
1980-04-23,,,
1980-04-24,,,
1980-04-25,,,
1980-04-26,,,
1980-04-27,,,
1980-04-28,,,
1980-04-29,,,
1980-04-30,,,
1980-05-01,,,
1980-05-02,,,
1980-05-03,,,
1980-05-04,,,
1980-05-05,,,
1980-05-06,,,
1980-05-07,,,
1980-05-08,,,
1980-05-09,,,
1980-05-10,,,
1980-05-11,,,
1980-05-12,,,
1980-05-13,,,
1980-05-14,,,
1980-05-15,,,
1980-05-16,,,
1980-05-17,,,
1980-05-18,,,
1980-05-19,,,
1980-05-20,,,
1980-05-21,,,
1980-05-22,,,
1980-05-23,,,
1980-05-24,,,
1980-05-25,,,
1980-05-26,,,
1980-05-27,,,
1980-05-28,,,
1980-05-29,,,
1980-05-30,,,
1980-05-31,,,
1980-06-01,,,
1980-06-02,,,
1980-06-03,,,
1980-06-04,,,
1980-06-05,,,
1980-06-06,,,
1980-06-07,,,
1980-06-08,,,
1980-06-09,,,
1980-06-10,,,
1980-06-11,,,
1980-06-12,,,
1980-06-13,,,
1980-06-14,,,
1980-06-15,,,
1980-06-16,,,
1980-06-17,,,
1980-06-18,,,
1980-06-19,,,
1980-06-20,,,
1980-06-21,,,
1980-06-22,,,
1980-06-23,,,
1980-06-24,,,
1980-06-25,,,
1980-06-26,,,
1980-06-27,,,
1980-06-28,,,
1980-06-29,,,
1980-06-30,,,
1980-07-01,,,
1980-07-02,,,
1980-07-03,,,
1980-07-04,,,
1980-07-05,,,
1980-07-06,,,
1980-07-07,,,
1980-07-08,,,
1980-07-09,,,
1980-07-10,,,
1980-07-11,,,
1980-07-12,,,
1980-07-13,,,
1980-07-14,,,
1980-07-15,,,
1980-07-16,,,
1980-07-17,,,
1980-07-18,,,
1980-07-19,,,
1980-07-20,,,
1980-07-21,,,
1980-07-22,,,
1980-07-23,,,
1980-07-24,,,
1980-07-25,,,
1980-07-26,,,
1980-07-27,,,
1980-07-28,,,
1980-07-29,,,
1980-07-30,,,
1980-07-31,,,
1980-08-01,,,
1980-08-02,,,
1980-08-03,,,
1980-08-04,,,
1980-08-05,,,
1980-08-06,,,
1980-08-07,,,
1980-08-08,,,
1980-08-09,,,
1980-08-10,,,
1980-08-11,,,
1980-08-12,,,
1980-08-13,,,
1980-08-14,,,
1980-08-15,,,
1980-08-16,,,
1980-08-17,,,
1980-08-18,,,
1980-08-19,,,
1980-08-20,,,
1980-08-21,,,
1980-08-22,,,
1980-08-23,,,
1980-08-24,,,
1980-08-25,,,
1980-08-26,,,
1980-08-27,,,
1980-08-28,,,
1980-08-29,,,
1980-08-30,,,
1980-08-31,,,
1980-09-01,,,
1980-09-02,,,
1980-09-03,,,
1980-09-04,,,
1980-09-05,,,
1980-09-06,,,
1980-09-07,,,
1980-09-08,,,
1980-09-09,,,
1980-09-10,,,
1980-09-11,,,
1980-09-12,,,
1980-09-13,,,
1980-09-14,,,
1980-09-15,,,
1980-09-16,,,
1980-09-17,,,
1980-09-18,,,
1980-09-19,,,
1980-09-20,,,
1980-09-21,,,
1980-09-22,,,
1980-09-23,,,
1980-09-24,,,
1980-09-25,,,
1980-09-26,,,
1980-09-27,,,
1980-09-28,,,
1980-09-29,,,
1980-09-30,,,
1980-10-01,,,
1980-10-02,,,
1980-10-03,,,
1980-10-04,,,
1980-10-05,,,
1980-10-06,,,
1980-10-07,,,
1980-10-08,,,
1980-10-09,,,
1980-10-10,,,
1980-10-11,,,
1980-10-12,,,
1980-10-13,,,
1980-10-14,,,
1980-10-15,,,
1980-10-16,,,
1980-10-17,,,
1980-10-18,,,
1980-10-19,,,
1980-10-20,,,
1980-10-21,,,
1980-10-22,,,
1980-10-23,,,
1980-10-24,,,
1980-10-25,,,
1980-10-26,,,
1980-10-27,,,
1980-10-28,,,
1980-10-29,,,
1980-10-30,,,
1980-10-31,,,
1980-11-01,,,
1980-11-02,,,
1980-11-03,,,
1980-11-04,,,
1980-11-05,,,
1980-11-06,,,
1980-11-07,,,
1980-11-08,,,
1980-11-09,,,
1980-11-10,,,
1980-11-11,,,
1980-11-12,,,
1980-11-13,,,
1980-11-14,,,
1980-11-15,,,
1980-11-16,,,
1980-11-17,,,
1980-11-18,,,
1980-11-19,,,
1980-11-20,,,
1980-11-21,,,
1980-11-22,,,
1980-11-23,,,
1980-11-24,,,
1980-11-25,,,
1980-11-26,,,
1980-11-27,,,
1980-11-28,,,
1980-11-29,,,
1980-11-30,,,
1980-12-01,,,
1980-12-02,,,
1980-12-03,,,
1980-12-04,,,
1980-12-05,,,
1980-12-06,,,
1980-12-07,,,
1980-12-08,,,
1980-12-09,,,
1980-12-10,,,
1980-12-11,,,
1980-12-12,,,
1980-12-13,,,
1980-12-14,,,
1980-12-15,,,
1980-12-16,,,
1980-12-17,,,
1980-12-18,,,
1980-12-19,,,
1980-12-20,,,
1980-12-21,,,
1980-12-22,,,
1980-12-23,,,
1980-12-24,,,
1980-12-25,,,
1980-12-26,,,
1980-12-27,,,
1980-12-28,,,
1980-12-29,,,
1980-12-30,,,
1980-12-31,,,
1981-01-01,,,
1981-01-02,,,
1981-01-03,,,
1981-01-04,,,
1981-01-05,,,
1981-01-06,,,
1981-01-07,,,
1981-01-08,,,
1981-01-09,,,
1981-01-10,,,
1981-01-11,,,
1981-01-12,,,
1981-01-13,,,
1981-01-14,,,
1981-01-15,,,
1981-01-16,,,
1981-01-17,,,
1981-01-18,,,
1981-01-19,,,
1981-01-20,,,
1981-01-21,,,
1981-01-22,,,
1981-01-23,,,
1981-01-24,,,
1981-01-25,,,
1981-01-26,,,
1981-01-27,,,
1981-01-28,,,
1981-01-29,,,
1981-01-30,,,
1981-01-31,,,
1981-02-01,,,
1981-02-02,,,
1981-02-03,,,
1981-02-04,,,
1981-02-05,,,
1981-02-06,,,
1981-02-07,,,
1981-02-08,,,
1981-02-09,,,
1981-02-10,,,
1981-02-11,,,
1981-02-12,,,
1981-02-13,,,
1981-02-14,,,
1981-02-15,,,
1981-02-16,,,
1981-02-17,,,
1981-02-18,,,
1981-02-19,,,
1981-02-20,,,
1981-02-21,,,
1981-02-22,,,
1981-02-23,,,
1981-02-24,,,
1981-02-25,,,
1981-02-26,,,
1981-02-27,,,
1981-02-28,,,
1981-03-01,,,
1981-03-02,,,
1981-03-03,,,
1981-03-04,,,
1981-03-05,,,
1981-03-06,,,
1981-03-07,,,
1981-03-08,,,
1981-03-09,,,
1981-03-10,,,
1981-03-11,,,
1981-03-12,,,
1981-03-13,,,
1981-03-14,,,
1981-03-15,,,
1981-03-16,,,
1981-03-17,,,
1981-03-18,,,
1981-03-19,,,
1981-03-20,,,
1981-03-21,,,
1981-03-22,,,
1981-03-23,,,
1981-03-24,,,
1981-03-25,,,
1981-03-26,,,
1981-03-27,,,
1981-03-28,,,
1981-03-29,,,
1981-03-30,,,
1981-03-31,,,
1981-04-01,,,
1981-04-02,,,
1981-04-03,,,
1981-04-04,,,
1981-04-05,,,
1981-04-06,,,
1981-04-07,,,
1981-04-08,,,
1981-04-09,,,
1981-04-10,,,
1981-04-11,,,
1981-04-12,,,
1981-04-13,,,
1981-04-14,,,
1981-04-15,,,
1981-04-16,,,
1981-04-17,,,
1981-04-18,,,
1981-04-19,,,
1981-04-20,,,
1981-04-21,,,
1981-04-22,,,
1981-04-23,,,
1981-04-24,,,
1981-04-25,,,
1981-04-26,,,
1981-04-27,,,
1981-04-28,,,
1981-04-29,,,
1981-04-30,,,
1981-05-01,,,
1981-05-02,,,
1981-05-03,,,
1981-05-04,,,
1981-05-05,,,
1981-05-06,,,
1981-05-07,,,
1981-05-08,,,
1981-05-09,,,
1981-05-10,,,
1981-05-11,,,
1981-05-12,,,
1981-05-13,,,
1981-05-14,,,
1981-05-15,,,
1981-05-16,,,
1981-05-17,,,
1981-05-18,,,
1981-05-19,,,
1981-05-20,,,
1981-05-21,,,
1981-05-22,,,
1981-05-23,,,
1981-05-24,,,
1981-05-25,,,
1981-05-26,,,
1981-05-27,,,
1981-05-28,,,
1981-05-29,,,
1981-05-30,,,
1981-05-31,,,
1981-06-01,,,
1981-06-02,,,
1981-06-03,,,
1981-06-04,,,
1981-06-05,,,
1981-06-06,,,
1981-06-07,,,
1981-06-08,,,
1981-06-09,,,
1981-06-10,,,
1981-06-11,,,
1981-06-12,,,
1981-06-13,,,
1981-06-14,,,
1981-06-15,,,
1981-06-16,,,
1981-06-17,,,
1981-06-18,,,
1981-06-19,,,
1981-06-20,,,
1981-06-21,,,
1981-06-22,,,
1981-06-23,,,
1981-06-24,,,
1981-06-25,,,
1981-06-26,,,
1981-06-27,,,
1981-06-28,,,
1981-06-29,,,
1981-06-30,,,
1981-07-01,,,
1981-07-02,,,
1981-07-03,,,
1981-07-04,,,
1981-07-05,,,
1981-07-06,,,
1981-07-07,,,
1981-07-08,,,
1981-07-09,,,
1981-07-10,,,
1981-07-11,,,
1981-07-12,,,
1981-07-13,,,
1981-07-14,,,
1981-07-15,,,
1981-07-16,,,
1981-07-17,,,
1981-07-18,,,
1981-07-19,,,
1981-07-20,,,
1981-07-21,,,
1981-07-22,,,
1981-07-23,,,
1981-07-24,,,
1981-07-25,,,
1981-07-26,,,
1981-07-27,,,
1981-07-28,,,
1981-07-29,,,
1981-07-30,,,
1981-07-31,,,
1981-08-01,,,
1981-08-02,,,
1981-08-03,,,
1981-08-04,,,
1981-08-05,,,
1981-08-06,,,
1981-08-07,,,
1981-08-08,,,
1981-08-09,,,
1981-08-10,,,
1981-08-11,,,
1981-08-12,,,
1981-08-13,,,
1981-08-14,,,
1981-08-15,,,
1981-08-16,,,
1981-08-17,,,
1981-08-18,,,
1981-08-19,,,
1981-08-20,,,
1981-08-21,,,
1981-08-22,,,
1981-08-23,,,
1981-08-24,,,
1981-08-25,,,
1981-08-26,,,
1981-08-27,,,
1981-08-28,,,
1981-08-29,,,
1981-08-30,,,
1981-08-31,,,
1981-09-01,,,
1981-09-02,,,
1981-09-03,,,
1981-09-04,,,
1981-09-05,,,
1981-09-06,,,
1981-09-07,,,
1981-09-08,,,
1981-09-09,,,
1981-09-10,,,
1981-09-11,,,
1981-09-12,,,
1981-09-13,,,
1981-09-14,,,
1981-09-15,,,
1981-09-16,,,
1981-09-17,,,
1981-09-18,,,
1981-09-19,,,
1981-09-20,,,
1981-09-21,,,
1981-09-22,,,
1981-09-23,,,
1981-09-24,,,
1981-09-25,,,
1981-09-26,,,
1981-09-27,,,
1981-09-28,,,
1981-09-29,,,
1981-09-30,,,
1981-10-01,,,
1981-10-02,,,
1981-10-03,,,
1981-10-04,,,
1981-10-05,,,
1981-10-06,,,
1981-10-07,,,
1981-10-08,,,
1981-10-09,,,
1981-10-10,,,
1981-10-11,,,
1981-10-12,,,
1981-10-13,,,
1981-10-14,,,
1981-10-15,,,
1981-10-16,,,
1981-10-17,,,
1981-10-18,,,
1981-10-19,,,
1981-10-20,,,
1981-10-21,,,
1981-10-22,,,
1981-10-23,,,
1981-10-24,,,
1981-10-25,,,
1981-10-26,,,
1981-10-27,,,
1981-10-28,,,
1981-10-29,,,
1981-10-30,,,
1981-10-31,,,
1981-11-01,,,
1981-11-02,,,
1981-11-03,,,
1981-11-04,,,
1981-11-05,,,
1981-11-06,,,
1981-11-07,,,
1981-11-08,,,
1981-11-09,,,
1981-11-10,,,
1981-11-11,,,
1981-11-12,,,
1981-11-13,,,
1981-11-14,,,
1981-11-15,,,
1981-11-16,,,
1981-11-17,,,
1981-11-18,,,
1981-11-19,,,
1981-11-20,,,
1981-11-21,,,
1981-11-22,,,
1981-11-23,,,
1981-11-24,,,
1981-11-25,,,
1981-11-26,,,
1981-11-27,,,
1981-11-28,,,
1981-11-29,,,
1981-11-30,,,
1981-12-01,,,
1981-12-02,,,
1981-12-03,,,
1981-12-04,,,
1981-12-05,,,
1981-12-06,,,
1981-12-07,,,
1981-12-08,,,
1981-12-09,,,
1981-12-10,,,
1981-12-11,,,
1981-12-12,,,
1981-12-13,,,
1981-12-14,,,
1981-12-15,,,
1981-12-16,,,
1981-12-17,,,
1981-12-18,,,
1981-12-19,,,
1981-12-20,,,
1981-12-21,,,
1981-12-22,,,
1981-12-23,,,
1981-12-24,,,
1981-12-25,,,
1981-12-26,,,
1981-12-27,,,
1981-12-28,,,
1981-12-29,,,
1981-12-30,,,
1981-12-31,,,
1982-01-01,,,
1982-01-02,,,
1982-01-03,,,
1982-01-04,,,
1982-01-05,,,
1982-01-06,,,
1982-01-07,,,
1982-01-08,,,
1982-01-09,,,
1982-01-10,,,
1982-01-11,,,
1982-01-12,,,
1982-01-13,,,
1982-01-14,,,
1982-01-15,,,
1982-01-16,,,
1982-01-17,,,
1982-01-18,,,
1982-01-19,,,
1982-01-20,,,
1982-01-21,,,
1982-01-22,,,
1982-01-23,,,
1982-01-24,,,
1982-01-25,,,
1982-01-26,,,
1982-01-27,,,
1982-01-28,,,
1982-01-29,,,
1982-01-30,,,
1982-01-31,,,
1982-02-01,,,
1982-02-02,,,
1982-02-03,,,
1982-02-04,,,
1982-02-05,,,
1982-02-06,,,
1982-02-07,,,
1982-02-08,,,
1982-02-09,,,
1982-02-10,,,
1982-02-11,,,
1982-02-12,,,
1982-02-13,,,
1982-02-14,,,
1982-02-15,,,
1982-02-16,,,
1982-02-17,,,
1982-02-18,,,
1982-02-19,,,
1982-02-20,,,
1982-02-21,,,
1982-02-22,,,
1982-02-23,,,
1982-02-24,,,
1982-02-25,,,
1982-02-26,,,
1982-02-27,,,
1982-02-28,,,
1982-03-01,,,
1982-03-02,,,
1982-03-03,,,
1982-03-04,,,
1982-03-05,,,
1982-03-06,,,
1982-03-07,,,
1982-03-08,,,
1982-03-09,,,
1982-03-10,,,
1982-03-11,,,
1982-03-12,,,
1982-03-13,,,
1982-03-14,,,
1982-03-15,,,
1982-03-16,,,
1982-03-17,,,
1982-03-18,,,
1982-03-19,,,
1982-03-20,,,
1982-03-21,,,
1982-03-22,,,
1982-03-23,,,
1982-03-24,,,
1982-03-25,,,
1982-03-26,,,
1982-03-27,,,
1982-03-28,,,
1982-03-29,,,
1982-03-30,,,
1982-03-31,,,
1982-04-01,,,
1982-04-02,,,
1982-04-03,,,
1982-04-04,,,
1982-04-05,,,
1982-04-06,,,
1982-04-07,,,
1982-04-08,,,
1982-04-09,,,
1982-04-10,,,
1982-04-11,,,
1982-04-12,,,
1982-04-13,,,
1982-04-14,,,
1982-04-15,,,
1982-04-16,,,
1982-04-17,,,
1982-04-18,,,
1982-04-19,,,
1982-04-20,,,
1982-04-21,,,
1982-04-22,,,
1982-04-23,,,
1982-04-24,,,
1982-04-25,,,
1982-04-26,,,
1982-04-27,,,
1982-04-28,,,
1982-04-29,,,
1982-04-30,,,
1982-05-01,,,
1982-05-02,,,
1982-05-03,,,
1982-05-04,,,
1982-05-05,,,
1982-05-06,,,
1982-05-07,,,
1982-05-08,,,
1982-05-09,,,
1982-05-10,,,
1982-05-11,,,
1982-05-12,,,
1982-05-13,,,
1982-05-14,,,
1982-05-15,,,
1982-05-16,,,
1982-05-17,,,
1982-05-18,,,
1982-05-19,,,
1982-05-20,,,
1982-05-21,,,
1982-05-22,,,
1982-05-23,,,
1982-05-24,,,
1982-05-25,,,
1982-05-26,,,
1982-05-27,,,
1982-05-28,,,
1982-05-29,,,
1982-05-30,,,
1982-05-31,,,
1982-06-01,,,
1982-06-02,,,
1982-06-03,,,
1982-06-04,,,
1982-06-05,,,
1982-06-06,,,
1982-06-07,,,
1982-06-08,,,
1982-06-09,,,
1982-06-10,,,
1982-06-11,,,
1982-06-12,,,
1982-06-13,,,
1982-06-14,,,
1982-06-15,,,
1982-06-16,,,
1982-06-17,,,
1982-06-18,,,
1982-06-19,,,
1982-06-20,,,
1982-06-21,,,
1982-06-22,,,
1982-06-23,,,
1982-06-24,,,
1982-06-25,,,
1982-06-26,,,
1982-06-27,,,
1982-06-28,,,
1982-06-29,,,
1982-06-30,,,
1982-07-01,,,
1982-07-02,,,
1982-07-03,,,
1982-07-04,,,
1982-07-05,,,
1982-07-06,,,
1982-07-07,,,
1982-07-08,,,
1982-07-09,,,
1982-07-10,,,
1982-07-11,,,
1982-07-12,,,
1982-07-13,,,
1982-07-14,,,
1982-07-15,,,
1982-07-16,,,
1982-07-17,,,
1982-07-18,,,
1982-07-19,,,
1982-07-20,,,
1982-07-21,,,
1982-07-22,,,
1982-07-23,,,
1982-07-24,,,
1982-07-25,,,
1982-07-26,,,
1982-07-27,,,
1982-07-28,,,
1982-07-29,,,
1982-07-30,,,
1982-07-31,,,
1982-08-01,,,
1982-08-02,,,
1982-08-03,,,
1982-08-04,,,
1982-08-05,,,
1982-08-06,,,
1982-08-07,,,
1982-08-08,,,
1982-08-09,,,
1982-08-10,,,
1982-08-11,,,
1982-08-12,,,
1982-08-13,,,
1982-08-14,,,
1982-08-15,,,
1982-08-16,,,
1982-08-17,,,
1982-08-18,,,
1982-08-19,,,
1982-08-20,,,
1982-08-21,,,
1982-08-22,,,
1982-08-23,,,
1982-08-24,,,
1982-08-25,,,
1982-08-26,,,
1982-08-27,,,
1982-08-28,,,
1982-08-29,,,
1982-08-30,,,
1982-08-31,,,
1982-09-01,,,
1982-09-02,,,
1982-09-03,,,
1982-09-04,,,
1982-09-05,,,
1982-09-06,,,
1982-09-07,,,
1982-09-08,,,
1982-09-09,,,
1982-09-10,,,
1982-09-11,,,
1982-09-12,,,
1982-09-13,,,
1982-09-14,,,
1982-09-15,,,
1982-09-16,,,
1982-09-17,,,
1982-09-18,,,
1982-09-19,,,
1982-09-20,,,
1982-09-21,,,
1982-09-22,,,
1982-09-23,,,
1982-09-24,,,
1982-09-25,,,
1982-09-26,,,
1982-09-27,,,
1982-09-28,,,
1982-09-29,,,
1982-09-30,,,
1982-10-01,,,
1982-10-02,,,
1982-10-03,,,
1982-10-04,,,
1982-10-05,,,
1982-10-06,,,
1982-10-07,,,
1982-10-08,,,
1982-10-09,,,
1982-10-10,,,
1982-10-11,,,
1982-10-12,,,
1982-10-13,,,
1982-10-14,,,
1982-10-15,,,
1982-10-16,,,
1982-10-17,,,
1982-10-18,,,
1982-10-19,,,
1982-10-20,,,
1982-10-21,,,
1982-10-22,,,
1982-10-23,,,
1982-10-24,,,
1982-10-25,,,
1982-10-26,,,
1982-10-27,,,
1982-10-28,,,
1982-10-29,,,
1982-10-30,,,
1982-10-31,,,
1982-11-01,,,
1982-11-02,,,
1982-11-03,,,
1982-11-04,,,
1982-11-05,,,
1982-11-06,,,
1982-11-07,,,
1982-11-08,,,
1982-11-09,,,
1982-11-10,,,
1982-11-11,,,
1982-11-12,,,
1982-11-13,,,
1982-11-14,,,
1982-11-15,,,
1982-11-16,,,
1982-11-17,,,
1982-11-18,,,
1982-11-19,,,
1982-11-20,,,
1982-11-21,,,
1982-11-22,,,
1982-11-23,,,
1982-11-24,,,
1982-11-25,,,
1982-11-26,,,
1982-11-27,,,
1982-11-28,,,
1982-11-29,,,
1982-11-30,,,
1982-12-01,,,
1982-12-02,,,
1982-12-03,,,
1982-12-04,,,
1982-12-05,,,
1982-12-06,,,
1982-12-07,,,
1982-12-08,,,
1982-12-09,,,
1982-12-10,,,
1982-12-11,,,
1982-12-12,,,
1982-12-13,,,
1982-12-14,,,
1982-12-15,,,
1982-12-16,,,
1982-12-17,,,
1982-12-18,,,
1982-12-19,,,
1982-12-20,,,
1982-12-21,,,
1982-12-22,,,
1982-12-23,,,
1982-12-24,,,
1982-12-25,,,
1982-12-26,,,
1982-12-27,,,
1982-12-28,,,
1982-12-29,,,
1982-12-30,,,
1982-12-31,,,
1983-01-01,,,
1983-01-02,,,
1983-01-03,,,
1983-01-04,,,
1983-01-05,,,
1983-01-06,,,
1983-01-07,,,
1983-01-08,,,
1983-01-09,,,
1983-01-10,,,
1983-01-11,,,
1983-01-12,,,
1983-01-13,,,
1983-01-14,,,
1983-01-15,,,
1983-01-16,,,
1983-01-17,,,
1983-01-18,,,
1983-01-19,,,
1983-01-20,,,
1983-01-21,,,
1983-01-22,,,
1983-01-23,,,
1983-01-24,,,
1983-01-25,,,
1983-01-26,,,
1983-01-27,,,
1983-01-28,,,
1983-01-29,,,
1983-01-30,,,
1983-01-31,,,
1983-02-01,,,
1983-02-02,,,
1983-02-03,,,
1983-02-04,,,
1983-02-05,,,
1983-02-06,,,
1983-02-07,,,
1983-02-08,,,
1983-02-09,,,
1983-02-10,,,
1983-02-11,,,
1983-02-12,,,
1983-02-13,,,
1983-02-14,,,
1983-02-15,,,
1983-02-16,,,
1983-02-17,,,
1983-02-18,,,
1983-02-19,,,
1983-02-20,,,
1983-02-21,,,
1983-02-22,,,
1983-02-23,,,
1983-02-24,,,
1983-02-25,,,
1983-02-26,,,
1983-02-27,,,
1983-02-28,,,
1983-03-01,,,
1983-03-02,,,
1983-03-03,,,
1983-03-04,,,
1983-03-05,,,
1983-03-06,,,
1983-03-07,,,
1983-03-08,,,
1983-03-09,,,
1983-03-10,,,
1983-03-11,,,
1983-03-12,,,
1983-03-13,,,
1983-03-14,,,
1983-03-15,,,
1983-03-16,,,
1983-03-17,,,
1983-03-18,,,
1983-03-19,,,
1983-03-20,,,
1983-03-21,,,
1983-03-22,,,
1983-03-23,,,
1983-03-24,,,
1983-03-25,,,
1983-03-26,,,
1983-03-27,,,
1983-03-28,,,
1983-03-29,,,
1983-03-30,,,
1983-03-31,,,
1983-04-01,,,
1983-04-02,,,
1983-04-03,,,
1983-04-04,,,
1983-04-05,,,
1983-04-06,,,
1983-04-07,,,
1983-04-08,,,
1983-04-09,,,
1983-04-10,,,
1983-04-11,,,
1983-04-12,,,
1983-04-13,,,
1983-04-14,,,
1983-04-15,,,
1983-04-16,,,
1983-04-17,,,
1983-04-18,,,
1983-04-19,,,
1983-04-20,,,
1983-04-21,,,
1983-04-22,,,
1983-04-23,,,
1983-04-24,,,
1983-04-25,,,
1983-04-26,,,
1983-04-27,,,
1983-04-28,,,
1983-04-29,,,
1983-04-30,,,
1983-05-01,,,
1983-05-02,,,
1983-05-03,,,
1983-05-04,,,
1983-05-05,,,
1983-05-06,,,
1983-05-07,,,
1983-05-08,,,
1983-05-09,,,
1983-05-10,,,
1983-05-11,,,
1983-05-12,,,
1983-05-13,,,
1983-05-14,,,
1983-05-15,,,
1983-05-16,,,
1983-05-17,,,
1983-05-18,,,
1983-05-19,,,
1983-05-20,,,
1983-05-21,,,
1983-05-22,,,
1983-05-23,,,
1983-05-24,,,
1983-05-25,,,
1983-05-26,,,
1983-05-27,,,
1983-05-28,,,
1983-05-29,,,
1983-05-30,,,
1983-05-31,,,
1983-06-01,,,
1983-06-02,,,
1983-06-03,,,
1983-06-04,,,
1983-06-05,,,
1983-06-06,,,
1983-06-07,,,
1983-06-08,,,
1983-06-09,,,
1983-06-10,,,
1983-06-11,,,
1983-06-12,,,
1983-06-13,,,
1983-06-14,,,
1983-06-15,,,
1983-06-16,,,
1983-06-17,,,
1983-06-18,,,
1983-06-19,,,
1983-06-20,,,
1983-06-21,,,
1983-06-22,,,
1983-06-23,,,
1983-06-24,,,
1983-06-25,,,
1983-06-26,,,
1983-06-27,,,
1983-06-28,,,
1983-06-29,,,
1983-06-30,,,
1983-07-01,,,
1983-07-02,,,
1983-07-03,,,
1983-07-04,,,
1983-07-05,,,
1983-07-06,,,
1983-07-07,,,
1983-07-08,,,
1983-07-09,,,
1983-07-10,,,
1983-07-11,,,
1983-07-12,,,
1983-07-13,,,
1983-07-14,,,
1983-07-15,,,
1983-07-16,,,
1983-07-17,,,
1983-07-18,,,
1983-07-19,,,
1983-07-20,,,
1983-07-21,,,
1983-07-22,,,
1983-07-23,,,
1983-07-24,,,
1983-07-25,,,
1983-07-26,,,
1983-07-27,,,
1983-07-28,,,
1983-07-29,,,
1983-07-30,,,
1983-07-31,,,
1983-08-01,,,
1983-08-02,,,
1983-08-03,,,
1983-08-04,,,
1983-08-05,,,
1983-08-06,,,
1983-08-07,,,
1983-08-08,,,
1983-08-09,,,
1983-08-10,,,
1983-08-11,,,
1983-08-12,,,
1983-08-13,,,
1983-08-14,,,
1983-08-15,,,
1983-08-16,,,
1983-08-17,,,
1983-08-18,,,
1983-08-19,,,
1983-08-20,,,
1983-08-21,,,
1983-08-22,,,
1983-08-23,,,
1983-08-24,,,
1983-08-25,,,
1983-08-26,,,
1983-08-27,,,
1983-08-28,,,
1983-08-29,,,
1983-08-30,,,
1983-08-31,,,
1983-09-01,,,
1983-09-02,,,
1983-09-03,,,
1983-09-04,,,
1983-09-05,,,
1983-09-06,,,
1983-09-07,,,
1983-09-08,,,
1983-09-09,,,
1983-09-10,,,
1983-09-11,,,
1983-09-12,,,
1983-09-13,,,
1983-09-14,,,
1983-09-15,,,
1983-09-16,,,
1983-09-17,,,
1983-09-18,,,
1983-09-19,,,
1983-09-20,,,
1983-09-21,,,
1983-09-22,,,
1983-09-23,,,
1983-09-24,,,
1983-09-25,,,
1983-09-26,,,
1983-09-27,,,
1983-09-28,,,
1983-09-29,,,
1983-09-30,,,
1983-10-01,,,
1983-10-02,,,
1983-10-03,,,
1983-10-04,,,
1983-10-05,,,
1983-10-06,,,
1983-10-07,,,
1983-10-08,,,
1983-10-09,,,
1983-10-10,,,
1983-10-11,,,
1983-10-12,,,
1983-10-13,,,
1983-10-14,,,
1983-10-15,,,
1983-10-16,,,
1983-10-17,,,
1983-10-18,,,
1983-10-19,,,
1983-10-20,,,
1983-10-21,,,
1983-10-22,,,
1983-10-23,,,
1983-10-24,,,
1983-10-25,,,
1983-10-26,,,
1983-10-27,,,
1983-10-28,,,
1983-10-29,,,
1983-10-30,,,
1983-10-31,,,
1983-11-01,,,
1983-11-02,,,
1983-11-03,,,
1983-11-04,,,
1983-11-05,,,
1983-11-06,,,
1983-11-07,,,
1983-11-08,,,
1983-11-09,,,
1983-11-10,,,
1983-11-11,,,
1983-11-12,,,
1983-11-13,,,
1983-11-14,,,
1983-11-15,,,
1983-11-16,,,
1983-11-17,,,
1983-11-18,,,
1983-11-19,,,
1983-11-20,,,
1983-11-21,,,
1983-11-22,,,
1983-11-23,,,
1983-11-24,,,
1983-11-25,,,
1983-11-26,,,
1983-11-27,,,
1983-11-28,,,
1983-11-29,,,
1983-11-30,,,
1983-12-01,,,
1983-12-02,,,
1983-12-03,,,
1983-12-04,,,
1983-12-05,,,
1983-12-06,,,
1983-12-07,,,
1983-12-08,,,
1983-12-09,,,
1983-12-10,,,
1983-12-11,,,
1983-12-12,,,
1983-12-13,,,
1983-12-14,,,
1983-12-15,,,
1983-12-16,,,
1983-12-17,,,
1983-12-18,,,
1983-12-19,,,
1983-12-20,,,
1983-12-21,,,
1983-12-22,,,
1983-12-23,,,
1983-12-24,,,
1983-12-25,,,
1983-12-26,,,
1983-12-27,,,
1983-12-28,,,
1983-12-29,,,
1983-12-30,,,
1983-12-31,,,
1984-01-01,,,
1984-01-02,,,
1984-01-03,,,
1984-01-04,,,
1984-01-05,,,
1984-01-06,,,
1984-01-07,,,
1984-01-08,,,
1984-01-09,,,
1984-01-10,,,
1984-01-11,,,
1984-01-12,,,
1984-01-13,,,
1984-01-14,,,
1984-01-15,,,
1984-01-16,,,
1984-01-17,,,
1984-01-18,,,
1984-01-19,,,
1984-01-20,,,
1984-01-21,,,
1984-01-22,,,
1984-01-23,,,
1984-01-24,,,
1984-01-25,,,
1984-01-26,,,
1984-01-27,,,
1984-01-28,,,
1984-01-29,,,
1984-01-30,,,
1984-01-31,,,
1984-02-01,,,
1984-02-02,,,
1984-02-03,,,
1984-02-04,,,
1984-02-05,,,
1984-02-06,,,
1984-02-07,,,
1984-02-08,,,
1984-02-09,,,
1984-02-10,,,
1984-02-11,,,
1984-02-12,,,
1984-02-13,,,
1984-02-14,,,
1984-02-15,,,
1984-02-16,,,
1984-02-17,,,
1984-02-18,,,
1984-02-19,,,
1984-02-20,,,
1984-02-21,,,
1984-02-22,,,
1984-02-23,,,
1984-02-24,,,
1984-02-25,,,
1984-02-26,,,
1984-02-27,,,
1984-02-28,,,
1984-02-29,,,
1984-03-01,,,
1984-03-02,,,
1984-03-03,,,
1984-03-04,,,
1984-03-05,,,
1984-03-06,,,
1984-03-07,,,
1984-03-08,,,
1984-03-09,,,
1984-03-10,,,
1984-03-11,,,
1984-03-12,,,
1984-03-13,,,
1984-03-14,,,
1984-03-15,,,
1984-03-16,,,
1984-03-17,,,
1984-03-18,,,
1984-03-19,,,
1984-03-20,,,
1984-03-21,,,
1984-03-22,,,
1984-03-23,,,
1984-03-24,,,
1984-03-25,,,
1984-03-26,,,
1984-03-27,,,
1984-03-28,,,
1984-03-29,,,
1984-03-30,,,
1984-03-31,,,
1984-04-01,,,
1984-04-02,,,
1984-04-03,,,
1984-04-04,,,
1984-04-05,,,
1984-04-06,,,
1984-04-07,,,
1984-04-08,,,
1984-04-09,,,
1984-04-10,,,
1984-04-11,,,
1984-04-12,,,
1984-04-13,,,
1984-04-14,,,
1984-04-15,,,
1984-04-16,,,
1984-04-17,,,
1984-04-18,,,
1984-04-19,,,
1984-04-20,,,
1984-04-21,,,
1984-04-22,,,
1984-04-23,,,
1984-04-24,,,
1984-04-25,,,
1984-04-26,,,
1984-04-27,,,
1984-04-28,,,
1984-04-29,,,
1984-04-30,,,
1984-05-01,,,
1984-05-02,,,
1984-05-03,,,
1984-05-04,,,
1984-05-05,,,
1984-05-06,,,
1984-05-07,,,
1984-05-08,,,
1984-05-09,,,
1984-05-10,,,
1984-05-11,,,
1984-05-12,,,
1984-05-13,,,
1984-05-14,,,
1984-05-15,,,
1984-05-16,,,
1984-05-17,,,
1984-05-18,,,
1984-05-19,,,
1984-05-20,,,
1984-05-21,,,
1984-05-22,,,
1984-05-23,,,
1984-05-24,,,
1984-05-25,,,
1984-05-26,,,
1984-05-27,,,
1984-05-28,,,
1984-05-29,,,
1984-05-30,,,
1984-05-31,,,
1984-06-01,,,
1984-06-02,,,
1984-06-03,,,
1984-06-04,,,
1984-06-05,,,
1984-06-06,,,
1984-06-07,,,
1984-06-08,,,
1984-06-09,,,
1984-06-10,,,
1984-06-11,,,
1984-06-12,,,
1984-06-13,,,
1984-06-14,,,
1984-06-15,,,
1984-06-16,,,
1984-06-17,,,
1984-06-18,,,
1984-06-19,,,
1984-06-20,,,
1984-06-21,,,
1984-06-22,,,
1984-06-23,,,
1984-06-24,,,
1984-06-25,,,
1984-06-26,,,
1984-06-27,,,
1984-06-28,,,
1984-06-29,,,
1984-06-30,,,
1984-07-01,,,
1984-07-02,,,
1984-07-03,,,
1984-07-04,,,
1984-07-05,,,
1984-07-06,,,
1984-07-07,,,
1984-07-08,,,
1984-07-09,,,
1984-07-10,,,
1984-07-11,,,
1984-07-12,,,
1984-07-13,,,
1984-07-14,,,
1984-07-15,,,
1984-07-16,,,
1984-07-17,,,
1984-07-18,,,
1984-07-19,,,
1984-07-20,,,
1984-07-21,,,
1984-07-22,,,
1984-07-23,,,
1984-07-24,,,
1984-07-25,,,
1984-07-26,,,
1984-07-27,,,
1984-07-28,,,
1984-07-29,,,
1984-07-30,,,
1984-07-31,,,
1984-08-01,,,
1984-08-02,,,
1984-08-03,,,
1984-08-04,,,
1984-08-05,,,
1984-08-06,,,
1984-08-07,,,
1984-08-08,,,
1984-08-09,,,
1984-08-10,,,
1984-08-11,,,
1984-08-12,,,
1984-08-13,,,
1984-08-14,,,
1984-08-15,,,
1984-08-16,,,
1984-08-17,,,
1984-08-18,,,
1984-08-19,,,
1984-08-20,,,
1984-08-21,,,
1984-08-22,,,
1984-08-23,,,
1984-08-24,,,
1984-08-25,,,
1984-08-26,,,
1984-08-27,,,
1984-08-28,,,
1984-08-29,,,
1984-08-30,,,
1984-08-31,,,
1984-09-01,,,
1984-09-02,,,
1984-09-03,,,
1984-09-04,,,
1984-09-05,,,
1984-09-06,,,
1984-09-07,,,
1984-09-08,,,
1984-09-09,,,
1984-09-10,,,
1984-09-11,,,
1984-09-12,,,
1984-09-13,,,
1984-09-14,,,
1984-09-15,,,
1984-09-16,,,
1984-09-17,,,
1984-09-18,,,
1984-09-19,,,
1984-09-20,,,
1984-09-21,,,
1984-09-22,,,
1984-09-23,,,
1984-09-24,,,
1984-09-25,,,
1984-09-26,,,
1984-09-27,,,
1984-09-28,,,
1984-09-29,,,
1984-09-30,,,
1984-10-01,,,
1984-10-02,,,
1984-10-03,,,
1984-10-04,,,
1984-10-05,,,
1984-10-06,,,
1984-10-07,,,
1984-10-08,,,
1984-10-09,,,
1984-10-10,,,
1984-10-11,,,
1984-10-12,,,
1984-10-13,,,
1984-10-14,,,
1984-10-15,,,
1984-10-16,,,
1984-10-17,,,
1984-10-18,,,
1984-10-19,,,
1984-10-20,,,
1984-10-21,,,
1984-10-22,,,
1984-10-23,,,
1984-10-24,,,
1984-10-25,,,
1984-10-26,,,
1984-10-27,,,
1984-10-28,,,
1984-10-29,,,
1984-10-30,,,
1984-10-31,,,
1984-11-01,,,
1984-11-02,,,
1984-11-03,,,
1984-11-04,,,
1984-11-05,,,
1984-11-06,,,
1984-11-07,,,
1984-11-08,,,
1984-11-09,,,
1984-11-10,,,
1984-11-11,,,
1984-11-12,,,
1984-11-13,,,
1984-11-14,,,
1984-11-15,,,
1984-11-16,,,
1984-11-17,,,
1984-11-18,,,
1984-11-19,,,
1984-11-20,,,
1984-11-21,,,
1984-11-22,,,
1984-11-23,,,
1984-11-24,,,
1984-11-25,,,
1984-11-26,,,
1984-11-27,,,
1984-11-28,,,
1984-11-29,,,
1984-11-30,,,
1984-12-01,,,
1984-12-02,,,
1984-12-03,,,
1984-12-04,,,
1984-12-05,,,
1984-12-06,,,
1984-12-07,,,
1984-12-08,,,
1984-12-09,,,
1984-12-10,,,
1984-12-11,,,
1984-12-12,,,
1984-12-13,,,
1984-12-14,,,
1984-12-15,,,
1984-12-16,,,
1984-12-17,,,
1984-12-18,,,
1984-12-19,,,
1984-12-20,,,
1984-12-21,,,
1984-12-22,,,
1984-12-23,,,
1984-12-24,,,
1984-12-25,,,
1984-12-26,,,
1984-12-27,,,
1984-12-28,,,
1984-12-29,,,
1984-12-30,,,
1984-12-31,,,
1985-01-01,,,
1985-01-02,,,
1985-01-03,,,
1985-01-04,,,
1985-01-05,,,
1985-01-06,,,
1985-01-07,,,
1985-01-08,,,
1985-01-09,,,
1985-01-10,,,
1985-01-11,,,
1985-01-12,,,
1985-01-13,,,
1985-01-14,,,
1985-01-15,,,
1985-01-16,,,
1985-01-17,,,
1985-01-18,,,
1985-01-19,,,
1985-01-20,,,
1985-01-21,,,
1985-01-22,,,
1985-01-23,,,
1985-01-24,,,
1985-01-25,,,
1985-01-26,,,
1985-01-27,,,
1985-01-28,,,
1985-01-29,,,
1985-01-30,,,
1985-01-31,,,
1985-02-01,,,
1985-02-02,,,
1985-02-03,,,
1985-02-04,,,
1985-02-05,,,
1985-02-06,,,
1985-02-07,,,
1985-02-08,,,
1985-02-09,,,
1985-02-10,,,
1985-02-11,,,
1985-02-12,,,
1985-02-13,,,
1985-02-14,,,
1985-02-15,,,
1985-02-16,,,
1985-02-17,,,
1985-02-18,,,
1985-02-19,,,
1985-02-20,,,
1985-02-21,,,
1985-02-22,,,
1985-02-23,,,
1985-02-24,,,
1985-02-25,,,
1985-02-26,,,
1985-02-27,,,
1985-02-28,,,
1985-03-01,,,
1985-03-02,,,
1985-03-03,,,
1985-03-04,,,
1985-03-05,,,
1985-03-06,,,
1985-03-07,,,
1985-03-08,,,
1985-03-09,,,
1985-03-10,,,
1985-03-11,,,
1985-03-12,,,
1985-03-13,,,
1985-03-14,,,
1985-03-15,,,
1985-03-16,,,
1985-03-17,,,
1985-03-18,,,
1985-03-19,,,
1985-03-20,,,
1985-03-21,,,
1985-03-22,,,
1985-03-23,,,
1985-03-24,,,
1985-03-25,,,
1985-03-26,,,
1985-03-27,,,
1985-03-28,,,
1985-03-29,,,
1985-03-30,,,
1985-03-31,,,
1985-04-01,,,
1985-04-02,,,
1985-04-03,,,
1985-04-04,,,
1985-04-05,,,
1985-04-06,,,
1985-04-07,,,
1985-04-08,,,
1985-04-09,,,
1985-04-10,,,
1985-04-11,,,
1985-04-12,,,
1985-04-13,,,
1985-04-14,,,
1985-04-15,,,
1985-04-16,,,
1985-04-17,,,
1985-04-18,,,
1985-04-19,,,
1985-04-20,,,
1985-04-21,,,
1985-04-22,,,
1985-04-23,,,
1985-04-24,,,
1985-04-25,,,
1985-04-26,,,
1985-04-27,,,
1985-04-28,,,
1985-04-29,,,
1985-04-30,,,
1985-05-01,,,
1985-05-02,,,
1985-05-03,,,
1985-05-04,,,
1985-05-05,,,
1985-05-06,,,
1985-05-07,,,
1985-05-08,,,
1985-05-09,,,
1985-05-10,,,
1985-05-11,,,
1985-05-12,,,
1985-05-13,,,
1985-05-14,,,
1985-05-15,,,
1985-05-16,,,
1985-05-17,,,
1985-05-18,,,
1985-05-19,,,
1985-05-20,,,
1985-05-21,,,
1985-05-22,,,
1985-05-23,,,
1985-05-24,,,
1985-05-25,,,
1985-05-26,,,
1985-05-27,,,
1985-05-28,,,
1985-05-29,,,
1985-05-30,,,
1985-05-31,,,
1985-06-01,,,
1985-06-02,,,
1985-06-03,,,
1985-06-04,,,
1985-06-05,,,
1985-06-06,,,
1985-06-07,,,
1985-06-08,,,
1985-06-09,,,
1985-06-10,,,
1985-06-11,,,
1985-06-12,,,
1985-06-13,,,
1985-06-14,,,
1985-06-15,,,
1985-06-16,,,
1985-06-17,,,
1985-06-18,,,
1985-06-19,,,
1985-06-20,,,
1985-06-21,,,
1985-06-22,,,
1985-06-23,,,
1985-06-24,,,
1985-06-25,,,
1985-06-26,,,
1985-06-27,,,
1985-06-28,,,
1985-06-29,,,
1985-06-30,,,
1985-07-01,,,
1985-07-02,,,
1985-07-03,,,
1985-07-04,,,
1985-07-05,,,
1985-07-06,,,
1985-07-07,,,
1985-07-08,,,
1985-07-09,,,
1985-07-10,,,
1985-07-11,,,
1985-07-12,,,
1985-07-13,,,
1985-07-14,,,
1985-07-15,,,
1985-07-16,,,
1985-07-17,,,
1985-07-18,,,
1985-07-19,,,
1985-07-20,,,
1985-07-21,,,
1985-07-22,,,
1985-07-23,,,
1985-07-24,,,
1985-07-25,,,
1985-07-26,,,
1985-07-27,,,
1985-07-28,,,
1985-07-29,,,
1985-07-30,,,
1985-07-31,,,
1985-08-01,,,
1985-08-02,,,
1985-08-03,,,
1985-08-04,,,
1985-08-05,,,
1985-08-06,,,
1985-08-07,,,
1985-08-08,,,
1985-08-09,,,
1985-08-10,,,
1985-08-11,,,
1985-08-12,,,
1985-08-13,,,
1985-08-14,,,
1985-08-15,,,
1985-08-16,,,
1985-08-17,,,
1985-08-18,,,
1985-08-19,,,
1985-08-20,,,
1985-08-21,,,
1985-08-22,,,
1985-08-23,,,
1985-08-24,,,
1985-08-25,,,
1985-08-26,,,
1985-08-27,,,
1985-08-28,,,
1985-08-29,,,
1985-08-30,,,
1985-08-31,,,
1985-09-01,,,
1985-09-02,,,
1985-09-03,,,
1985-09-04,,,
1985-09-05,,,
1985-09-06,,,
1985-09-07,,,
1985-09-08,,,
1985-09-09,,,
1985-09-10,,,
1985-09-11,,,
1985-09-12,,,
1985-09-13,,,
1985-09-14,,,
1985-09-15,,,
1985-09-16,,,
1985-09-17,,,
1985-09-18,,,
1985-09-19,,,
1985-09-20,,,
1985-09-21,,,
1985-09-22,,,
1985-09-23,,,
1985-09-24,,,
1985-09-25,,,
1985-09-26,,,
1985-09-27,,,
1985-09-28,,,
1985-09-29,,,
1985-09-30,,,
1985-10-01,,,
1985-10-02,,,
1985-10-03,,,
1985-10-04,,,
1985-10-05,,,
1985-10-06,,,
1985-10-07,,,
1985-10-08,,,
1985-10-09,,,
1985-10-10,,,
1985-10-11,,,
1985-10-12,,,
1985-10-13,,,
1985-10-14,,,
1985-10-15,,,
1985-10-16,,,
1985-10-17,,,
1985-10-18,,,
1985-10-19,,,
1985-10-20,,,
1985-10-21,,,
1985-10-22,,,
1985-10-23,,,
1985-10-24,,,
1985-10-25,,,
1985-10-26,,,
1985-10-27,,,
1985-10-28,,,
1985-10-29,,,
1985-10-30,,,
1985-10-31,,,
1985-11-01,,,
1985-11-02,,,
1985-11-03,,,
1985-11-04,,,
1985-11-05,,,
1985-11-06,,,
1985-11-07,,,
1985-11-08,,,
1985-11-09,,,
1985-11-10,,,
1985-11-11,,,
1985-11-12,,,
1985-11-13,,,
1985-11-14,,,
1985-11-15,,,
1985-11-16,,,
1985-11-17,,,
1985-11-18,,,
1985-11-19,,,
1985-11-20,,,
1985-11-21,,,
1985-11-22,,,
1985-11-23,,,
1985-11-24,,,
1985-11-25,,,
1985-11-26,,,
1985-11-27,,,
1985-11-28,,,
1985-11-29,,,
1985-11-30,,,
1985-12-01,,,
1985-12-02,,,
1985-12-03,,,
1985-12-04,,,
1985-12-05,,,
1985-12-06,,,
1985-12-07,,,
1985-12-08,,,
1985-12-09,,,
1985-12-10,,,
1985-12-11,,,
1985-12-12,,,
1985-12-13,,,
1985-12-14,,,
1985-12-15,,,
1985-12-16,,,
1985-12-17,,,
1985-12-18,,,
1985-12-19,,,
1985-12-20,,,
1985-12-21,,,
1985-12-22,,,
1985-12-23,,,
1985-12-24,,,
1985-12-25,,,
1985-12-26,,,
1985-12-27,,,
1985-12-28,,,
1985-12-29,,,
1985-12-30,,,
1985-12-31,,,
1986-01-01,,,
1986-01-02,,,
1986-01-03,,,
1986-01-04,,,
1986-01-05,,,
1986-01-06,,,
1986-01-07,,,
1986-01-08,,,
1986-01-09,,,
1986-01-10,,,
1986-01-11,,,
1986-01-12,,,
1986-01-13,,,
1986-01-14,,,
1986-01-15,,,
1986-01-16,,,
1986-01-17,,,
1986-01-18,,,
1986-01-19,,,
1986-01-20,,,
1986-01-21,,,
1986-01-22,,,
1986-01-23,,,
1986-01-24,,,
1986-01-25,,,
1986-01-26,,,
1986-01-27,,,
1986-01-28,,,
1986-01-29,,,
1986-01-30,,,
1986-01-31,,,
1986-02-01,,,
1986-02-02,,,
1986-02-03,,,
1986-02-04,,,
1986-02-05,,,
1986-02-06,,,
1986-02-07,,,
1986-02-08,,,
1986-02-09,,,
1986-02-10,,,
1986-02-11,,,
1986-02-12,,,
1986-02-13,,,
1986-02-14,,,
1986-02-15,,,
1986-02-16,,,
1986-02-17,,,
1986-02-18,,,
1986-02-19,,,
1986-02-20,,,
1986-02-21,,,
1986-02-22,,,
1986-02-23,,,
1986-02-24,,,
1986-02-25,,,
1986-02-26,,,
1986-02-27,,,
1986-02-28,,,
1986-03-01,,,
1986-03-02,,,
1986-03-03,,,
1986-03-04,,,
1986-03-05,,,
1986-03-06,,,
1986-03-07,,,
1986-03-08,,,
1986-03-09,,,
1986-03-10,,,
1986-03-11,,,
1986-03-12,,,
1986-03-13,,,
1986-03-14,,,
1986-03-15,,,
1986-03-16,,,
1986-03-17,,,
1986-03-18,,,
1986-03-19,,,
1986-03-20,,,
1986-03-21,,,
1986-03-22,,,
1986-03-23,,,
1986-03-24,,,
1986-03-25,,,
1986-03-26,,,
1986-03-27,,,
1986-03-28,,,
1986-03-29,,,
1986-03-30,,,
1986-03-31,,,
1986-04-01,,,
1986-04-02,,,
1986-04-03,,,
1986-04-04,,,
1986-04-05,,,
1986-04-06,,,
1986-04-07,,,
1986-04-08,,,
1986-04-09,,,
1986-04-10,,,
1986-04-11,,,
1986-04-12,,,
1986-04-13,,,
1986-04-14,,,
1986-04-15,,,
1986-04-16,,,
1986-04-17,,,
1986-04-18,,,
1986-04-19,,,
1986-04-20,,,
1986-04-21,,,
1986-04-22,,,
1986-04-23,,,
1986-04-24,,,
1986-04-25,,,
1986-04-26,,,
1986-04-27,,,
1986-04-28,,,
1986-04-29,,,
1986-04-30,,,
1986-05-01,,,
1986-05-02,,,
1986-05-03,,,
1986-05-04,,,
1986-05-05,,,
1986-05-06,,,
1986-05-07,,,
1986-05-08,,,
1986-05-09,,,
1986-05-10,,,
1986-05-11,,,
1986-05-12,,,
1986-05-13,,,
1986-05-14,,,
1986-05-15,,,
1986-05-16,,,
1986-05-17,,,
1986-05-18,,,
1986-05-19,,,
1986-05-20,,,
1986-05-21,,,
1986-05-22,,,
1986-05-23,,,
1986-05-24,,,
1986-05-25,,,
1986-05-26,,,
1986-05-27,,,
1986-05-28,,,
1986-05-29,,,
1986-05-30,,,
1986-05-31,,,
1986-06-01,,,
1986-06-02,,,
1986-06-03,,,
1986-06-04,,,
1986-06-05,,,
1986-06-06,,,
1986-06-07,,,
1986-06-08,,,
1986-06-09,,,
1986-06-10,,,
1986-06-11,,,
1986-06-12,,,
1986-06-13,,,
1986-06-14,,,
1986-06-15,,,
1986-06-16,,,
1986-06-17,,,
1986-06-18,,,
1986-06-19,,,
1986-06-20,,,
1986-06-21,,,
1986-06-22,,,
1986-06-23,,,
1986-06-24,,,
1986-06-25,,,
1986-06-26,,,
1986-06-27,,,
1986-06-28,,,
1986-06-29,,,
1986-06-30,,,
1986-07-01,,,
1986-07-02,,,
1986-07-03,,,
1986-07-04,,,
1986-07-05,,,
1986-07-06,,,
1986-07-07,,,
1986-07-08,,,
1986-07-09,,,
1986-07-10,,,
1986-07-11,,,
1986-07-12,,,
1986-07-13,,,
1986-07-14,,,
1986-07-15,,,
1986-07-16,,,
1986-07-17,,,
1986-07-18,,,
1986-07-19,,,
1986-07-20,,,
1986-07-21,,,
1986-07-22,,,
1986-07-23,,,
1986-07-24,,,
1986-07-25,,,
1986-07-26,,,
1986-07-27,,,
1986-07-28,,,
1986-07-29,,,
1986-07-30,,,
1986-07-31,,,
1986-08-01,,,
1986-08-02,,,
1986-08-03,,,
1986-08-04,,,
1986-08-05,,,
1986-08-06,,,
1986-08-07,,,
1986-08-08,,,
1986-08-09,,,
1986-08-10,,,
1986-08-11,,,
1986-08-12,,,
1986-08-13,,,
1986-08-14,,,
1986-08-15,,,
1986-08-16,,,
1986-08-17,,,
1986-08-18,,,
1986-08-19,,,
1986-08-20,,,
1986-08-21,,,
1986-08-22,,,
1986-08-23,,,
1986-08-24,,,
1986-08-25,,,
1986-08-26,,,
1986-08-27,,,
1986-08-28,,,
1986-08-29,,,
1986-08-30,,,
1986-08-31,,,
1986-09-01,,,
1986-09-02,,,
1986-09-03,,,
1986-09-04,,,
1986-09-05,,,
1986-09-06,,,
1986-09-07,,,
1986-09-08,,,
1986-09-09,,,
1986-09-10,,,
1986-09-11,,,
1986-09-12,,,
1986-09-13,,,
1986-09-14,,,
1986-09-15,,,
1986-09-16,,,
1986-09-17,,,
1986-09-18,,,
1986-09-19,,,
1986-09-20,,,
1986-09-21,,,
1986-09-22,,,
1986-09-23,,,
1986-09-24,,,
1986-09-25,,,
1986-09-26,,,
1986-09-27,,,
1986-09-28,,,
1986-09-29,,,
1986-09-30,,,
1986-10-01,,,
1986-10-02,,,
1986-10-03,,,
1986-10-04,,,
1986-10-05,,,
1986-10-06,,,
1986-10-07,,,
1986-10-08,,,
1986-10-09,,,
1986-10-10,,,
1986-10-11,,,
1986-10-12,,,
1986-10-13,,,
1986-10-14,,,
1986-10-15,,,
1986-10-16,,,
1986-10-17,,,
1986-10-18,,,
1986-10-19,,,
1986-10-20,,,
1986-10-21,,,
1986-10-22,,,
1986-10-23,,,
1986-10-24,,,
1986-10-25,,,
1986-10-26,,,
1986-10-27,,,
1986-10-28,,,
1986-10-29,,,
1986-10-30,,,
1986-10-31,,,
1986-11-01,,,
1986-11-02,,,
1986-11-03,,,
1986-11-04,,,
1986-11-05,,,
1986-11-06,,,
1986-11-07,,,
1986-11-08,,,
1986-11-09,,,
1986-11-10,,,
1986-11-11,,,
1986-11-12,,,
1986-11-13,,,
1986-11-14,,,
1986-11-15,,,
1986-11-16,,,
1986-11-17,,,
1986-11-18,,,
1986-11-19,,,
1986-11-20,,,
1986-11-21,,,
1986-11-22,,,
1986-11-23,,,
1986-11-24,,,
1986-11-25,,,
1986-11-26,,,
1986-11-27,,,
1986-11-28,,,
1986-11-29,,,
1986-11-30,,,
1986-12-01,,,
1986-12-02,,,
1986-12-03,,,
1986-12-04,,,
1986-12-05,,,
1986-12-06,,,
1986-12-07,,,
1986-12-08,,,
1986-12-09,,,
1986-12-10,,,
1986-12-11,,,
1986-12-12,,,
1986-12-13,,,
1986-12-14,,,
1986-12-15,,,
1986-12-16,,,
1986-12-17,,,
1986-12-18,,,
1986-12-19,,,
1986-12-20,,,
1986-12-21,,,
1986-12-22,,,
1986-12-23,,,
1986-12-24,,,
1986-12-25,,,
1986-12-26,,,
1986-12-27,,,
1986-12-28,,,
1986-12-29,,,
1986-12-30,,,
1986-12-31,,,
1987-01-01,,,
1987-01-02,,,
1987-01-03,,,
1987-01-04,,,
1987-01-05,,,
1987-01-06,,,
1987-01-07,,,
1987-01-08,,,
1987-01-09,,,
1987-01-10,,,
1987-01-11,,,
1987-01-12,,,
1987-01-13,,,
1987-01-14,,,
1987-01-15,,,
1987-01-16,,,
1987-01-17,,,
1987-01-18,,,
1987-01-19,,,
1987-01-20,,,
1987-01-21,,,
1987-01-22,,,
1987-01-23,,,
1987-01-24,,,
1987-01-25,,,
1987-01-26,,,
1987-01-27,,,
1987-01-28,,,
1987-01-29,,,
1987-01-30,,,
1987-01-31,,,
1987-02-01,,,
1987-02-02,,,
1987-02-03,,,
1987-02-04,,,
1987-02-05,,,
1987-02-06,,,
1987-02-07,,,
1987-02-08,,,
1987-02-09,,,
1987-02-10,,,
1987-02-11,,,
1987-02-12,,,
1987-02-13,,,
1987-02-14,,,
1987-02-15,,,
1987-02-16,,,
1987-02-17,,,
1987-02-18,,,
1987-02-19,,,
1987-02-20,,,
1987-02-21,,,
1987-02-22,,,
1987-02-23,,,
1987-02-24,,,
1987-02-25,,,
1987-02-26,,,
1987-02-27,,,
1987-02-28,,,
1987-03-01,,,
1987-03-02,,,
1987-03-03,,,
1987-03-04,,,
1987-03-05,,,
1987-03-06,,,
1987-03-07,,,
1987-03-08,,,
1987-03-09,,,
1987-03-10,,,
1987-03-11,,,
1987-03-12,,,
1987-03-13,,,
1987-03-14,,,
1987-03-15,,,
1987-03-16,,,
1987-03-17,,,
1987-03-18,,,
1987-03-19,,,
1987-03-20,,,
1987-03-21,,,
1987-03-22,,,
1987-03-23,,,
1987-03-24,,,
1987-03-25,,,
1987-03-26,,,
1987-03-27,,,
1987-03-28,,,
1987-03-29,,,
1987-03-30,,,
1987-03-31,,,
1987-04-01,,,
1987-04-02,,,
1987-04-03,,,
1987-04-04,,,
1987-04-05,,,
1987-04-06,,,
1987-04-07,,,
1987-04-08,,,
1987-04-09,,,
1987-04-10,,,
1987-04-11,,,
1987-04-12,,,
1987-04-13,,,
1987-04-14,,,
1987-04-15,,,
1987-04-16,,,
1987-04-17,,,
1987-04-18,,,
1987-04-19,,,
1987-04-20,,,
1987-04-21,,,
1987-04-22,,,
1987-04-23,,,
1987-04-24,,,
1987-04-25,,,
1987-04-26,,,
1987-04-27,,,
1987-04-28,,,
1987-04-29,,,
1987-04-30,,,
1987-05-01,,,
1987-05-02,,,
1987-05-03,,,
1987-05-04,,,
1987-05-05,,,
1987-05-06,,,
1987-05-07,,,
1987-05-08,,,
1987-05-09,,,
1987-05-10,,,
1987-05-11,,,
1987-05-12,,,
1987-05-13,,,
1987-05-14,,,
1987-05-15,,,
1987-05-16,,,
1987-05-17,,,
1987-05-18,,,
1987-05-19,,,
1987-05-20,,,
1987-05-21,,,
1987-05-22,,,
1987-05-23,,,
1987-05-24,,,
1987-05-25,,,
1987-05-26,,,
1987-05-27,,,
1987-05-28,,,
1987-05-29,,,
1987-05-30,,,
1987-05-31,,,
1987-06-01,,,
1987-06-02,,,
1987-06-03,,,
1987-06-04,,,
1987-06-05,,,
1987-06-06,,,
1987-06-07,,,
1987-06-08,,,
1987-06-09,,,
1987-06-10,,,
1987-06-11,,,
1987-06-12,,,
1987-06-13,,,
1987-06-14,,,
1987-06-15,,,
1987-06-16,,,
1987-06-17,,,
1987-06-18,,,
1987-06-19,,,
1987-06-20,,,
1987-06-21,,,
1987-06-22,,,
1987-06-23,,,
1987-06-24,,,
1987-06-25,,,
1987-06-26,,,
1987-06-27,,,
1987-06-28,,,
1987-06-29,,,
1987-06-30,,,
1987-07-01,,,
1987-07-02,,,
1987-07-03,,,
1987-07-04,,,
1987-07-05,,,
1987-07-06,,,
1987-07-07,,,
1987-07-08,,,
1987-07-09,,,
1987-07-10,,,
1987-07-11,,,
1987-07-12,,,
1987-07-13,,,
1987-07-14,,,
1987-07-15,,,
1987-07-16,,,
1987-07-17,,,
1987-07-18,,,
1987-07-19,,,
1987-07-20,,,
1987-07-21,,,
1987-07-22,,,
1987-07-23,,,
1987-07-24,,,
1987-07-25,,,
1987-07-26,,,
1987-07-27,,,
1987-07-28,,,
1987-07-29,,,
1987-07-30,,,
1987-07-31,,,
1987-08-01,,,
1987-08-02,,,
1987-08-03,,,
1987-08-04,,,
1987-08-05,,,
1987-08-06,,,
1987-08-07,,,
1987-08-08,,,
1987-08-09,,,
1987-08-10,,,
1987-08-11,,,
1987-08-12,,,
1987-08-13,,,
1987-08-14,,,
1987-08-15,,,
1987-08-16,,,
1987-08-17,,,
1987-08-18,,,
1987-08-19,,,
1987-08-20,,,
1987-08-21,,,
1987-08-22,,,
1987-08-23,,,
1987-08-24,,,
1987-08-25,,,
1987-08-26,,,
1987-08-27,,,
1987-08-28,,,
1987-08-29,,,
1987-08-30,,,
1987-08-31,,,
1987-09-01,,,
1987-09-02,,,
1987-09-03,,,
1987-09-04,,,
1987-09-05,,,
1987-09-06,,,
1987-09-07,,,
1987-09-08,,,
1987-09-09,,,
1987-09-10,,,
1987-09-11,,,
1987-09-12,,,
1987-09-13,,,
1987-09-14,,,
1987-09-15,,,
1987-09-16,,,
1987-09-17,,,
1987-09-18,,,
1987-09-19,,,
1987-09-20,,,
1987-09-21,,,
1987-09-22,,,
1987-09-23,,,
1987-09-24,,,
1987-09-25,,,
1987-09-26,,,
1987-09-27,,,
1987-09-28,,,
1987-09-29,,,
1987-09-30,,,
1987-10-01,,,
1987-10-02,,,
1987-10-03,,,
1987-10-04,,,
1987-10-05,,,
1987-10-06,,,
1987-10-07,,,
1987-10-08,,,
1987-10-09,,,
1987-10-10,,,
1987-10-11,,,
1987-10-12,,,
1987-10-13,,,
1987-10-14,,,
1987-10-15,,,
1987-10-16,,,
1987-10-17,,,
1987-10-18,,,
1987-10-19,,,
1987-10-20,,,
1987-10-21,,,
1987-10-22,,,
1987-10-23,,,
1987-10-24,,,
1987-10-25,,,
1987-10-26,,,
1987-10-27,,,
1987-10-28,,,
1987-10-29,,,
1987-10-30,,,
1987-10-31,,,
1987-11-01,,,
1987-11-02,,,
1987-11-03,,,
1987-11-04,,,
1987-11-05,,,
1987-11-06,,,
1987-11-07,,,
1987-11-08,,,
1987-11-09,,,
1987-11-10,,,
1987-11-11,,,
1987-11-12,,,
1987-11-13,,,
1987-11-14,,,
1987-11-15,,,
1987-11-16,,,
1987-11-17,,,
1987-11-18,,,
1987-11-19,,,
1987-11-20,,,
1987-11-21,,,
1987-11-22,,,
1987-11-23,,,
1987-11-24,,,
1987-11-25,,,
1987-11-26,,,
1987-11-27,,,
1987-11-28,,,
1987-11-29,,,
1987-11-30,,,
1987-12-01,,,
1987-12-02,,,
1987-12-03,,,
1987-12-04,,,
1987-12-05,,,
1987-12-06,,,
1987-12-07,,,
1987-12-08,,,
1987-12-09,,,
1987-12-10,,,
1987-12-11,,,
1987-12-12,,,
1987-12-13,,,
1987-12-14,,,
1987-12-15,,,
1987-12-16,,,
1987-12-17,,,
1987-12-18,,,
1987-12-19,,,
1987-12-20,,,
1987-12-21,,,
1987-12-22,,,
1987-12-23,,,
1987-12-24,,,
1987-12-25,,,
1987-12-26,,,
1987-12-27,,,
1987-12-28,,,
1987-12-29,,,
1987-12-30,,,
1987-12-31,,,
1988-01-01,,,
1988-01-02,,,
1988-01-03,,,
1988-01-04,,,
1988-01-05,,,
1988-01-06,,,
1988-01-07,,,
1988-01-08,,,
1988-01-09,,,
1988-01-10,,,
1988-01-11,,,
1988-01-12,,,
1988-01-13,,,
1988-01-14,,,
1988-01-15,,,
1988-01-16,,,
1988-01-17,,,
1988-01-18,,,
1988-01-19,,,
1988-01-20,,,
1988-01-21,,,
1988-01-22,,,
1988-01-23,,,
1988-01-24,,,
1988-01-25,,,
1988-01-26,,,
1988-01-27,,,
1988-01-28,,,
1988-01-29,,,
1988-01-30,,,
1988-01-31,,,
1988-02-01,,,
1988-02-02,,,
1988-02-03,,,
1988-02-04,,,
1988-02-05,,,
1988-02-06,,,
1988-02-07,,,
1988-02-08,,,
1988-02-09,,,
1988-02-10,,,
1988-02-11,,,
1988-02-12,,,
1988-02-13,,,
1988-02-14,,,
1988-02-15,,,
1988-02-16,,,
1988-02-17,,,
1988-02-18,,,
1988-02-19,,,
1988-02-20,,,
1988-02-21,,,
1988-02-22,,,
1988-02-23,,,
1988-02-24,,,
1988-02-25,,,
1988-02-26,,,
1988-02-27,,,
1988-02-28,,,
1988-02-29,,,
1988-03-01,,,
1988-03-02,,,
1988-03-03,,,
1988-03-04,,,
1988-03-05,,,
1988-03-06,,,
1988-03-07,,,
1988-03-08,,,
1988-03-09,,,
1988-03-10,,,
1988-03-11,,,
1988-03-12,,,
1988-03-13,,,
1988-03-14,,,
1988-03-15,,,
1988-03-16,,,
1988-03-17,,,
1988-03-18,,,
1988-03-19,,,
1988-03-20,,,
1988-03-21,,,
1988-03-22,,,
1988-03-23,,,
1988-03-24,,,
1988-03-25,,,
1988-03-26,,,
1988-03-27,,,
1988-03-28,,,
1988-03-29,,,
1988-03-30,,,
1988-03-31,,,
1988-04-01,,,
1988-04-02,,,
1988-04-03,,,
1988-04-04,,,
1988-04-05,,,
1988-04-06,,,
1988-04-07,,,
1988-04-08,,,
1988-04-09,,,
1988-04-10,,,
1988-04-11,,,
1988-04-12,,,
1988-04-13,,,
1988-04-14,,,
1988-04-15,,,
1988-04-16,,,
1988-04-17,,,
1988-04-18,,,
1988-04-19,,,
1988-04-20,,,
1988-04-21,,,
1988-04-22,,,
1988-04-23,,,
1988-04-24,,,
1988-04-25,,,
1988-04-26,,,
1988-04-27,,,
1988-04-28,,,
1988-04-29,,,
1988-04-30,,,
1988-05-01,,,
1988-05-02,,,
1988-05-03,,,
1988-05-04,,,
1988-05-05,,,
1988-05-06,,,
1988-05-07,,,
1988-05-08,,,
1988-05-09,,,
1988-05-10,,,
1988-05-11,,,
1988-05-12,,,
1988-05-13,,,
1988-05-14,,,
1988-05-15,,,
1988-05-16,,,
1988-05-17,,,
1988-05-18,,,
1988-05-19,,,
1988-05-20,,,
1988-05-21,,,
1988-05-22,,,
1988-05-23,,,
1988-05-24,,,
1988-05-25,,,
1988-05-26,,,
1988-05-27,,,
1988-05-28,,,
1988-05-29,,,
1988-05-30,,,
1988-05-31,,,
1988-06-01,,,
1988-06-02,,,
1988-06-03,,,
1988-06-04,,,
1988-06-05,,,
1988-06-06,,,
1988-06-07,,,
1988-06-08,,,
1988-06-09,,,
1988-06-10,,,
1988-06-11,,,
1988-06-12,,,
1988-06-13,,,
1988-06-14,,,
1988-06-15,,,
1988-06-16,,,
1988-06-17,,,
1988-06-18,,,
1988-06-19,,,
1988-06-20,,,
1988-06-21,,,
1988-06-22,,,
1988-06-23,,,
1988-06-24,,,
1988-06-25,,,
1988-06-26,,,
1988-06-27,,,
1988-06-28,,,
1988-06-29,,,
1988-06-30,,,
1988-07-01,,,
1988-07-02,,,
1988-07-03,,,
1988-07-04,,,
1988-07-05,,,
1988-07-06,,,
1988-07-07,,,
1988-07-08,,,
1988-07-09,,,
1988-07-10,,,
1988-07-11,,,
1988-07-12,,,
1988-07-13,,,
1988-07-14,,,
1988-07-15,,,
1988-07-16,,,
1988-07-17,,,
1988-07-18,,,
1988-07-19,,,
1988-07-20,,,
1988-07-21,,,
1988-07-22,,,
1988-07-23,,,
1988-07-24,,,
1988-07-25,,,
1988-07-26,,,
1988-07-27,,,
1988-07-28,,,
1988-07-29,,,
1988-07-30,,,
1988-07-31,,,
1988-08-01,,,
1988-08-02,,,
1988-08-03,,,
1988-08-04,,,
1988-08-05,,,
1988-08-06,,,
1988-08-07,,,
1988-08-08,,,
1988-08-09,,,
1988-08-10,,,
1988-08-11,,,
1988-08-12,,,
1988-08-13,,,
1988-08-14,,,
1988-08-15,,,
1988-08-16,,,
1988-08-17,,,
1988-08-18,,,
1988-08-19,,,
1988-08-20,,,
1988-08-21,,,
1988-08-22,,,
1988-08-23,,,
1988-08-24,,,
1988-08-25,,,
1988-08-26,,,
1988-08-27,,,
1988-08-28,,,
1988-08-29,,,
1988-08-30,,,
1988-08-31,,,
1988-09-01,,,
1988-09-02,,,
1988-09-03,,,
1988-09-04,,,
1988-09-05,,,
1988-09-06,,,
1988-09-07,,,
1988-09-08,,,
1988-09-09,,,
1988-09-10,,,
1988-09-11,,,
1988-09-12,,,
1988-09-13,,,
1988-09-14,,,
1988-09-15,,,
1988-09-16,,,
1988-09-17,,,
1988-09-18,,,
1988-09-19,,,
1988-09-20,,,
1988-09-21,,,
1988-09-22,,,
1988-09-23,,,
1988-09-24,,,
1988-09-25,,,
1988-09-26,,,
1988-09-27,,,
1988-09-28,,,
1988-09-29,,,
1988-09-30,,,
1988-10-01,,,
1988-10-02,,,
1988-10-03,,,
1988-10-04,,,
1988-10-05,,,
1988-10-06,,,
1988-10-07,,,
1988-10-08,,,
1988-10-09,,,
1988-10-10,,,
1988-10-11,,,
1988-10-12,,,
1988-10-13,,,
1988-10-14,,,
1988-10-15,,,
1988-10-16,,,
1988-10-17,,,
1988-10-18,,,
1988-10-19,,,
1988-10-20,,,
1988-10-21,,,
1988-10-22,,,
1988-10-23,,,
1988-10-24,,,
1988-10-25,,,
1988-10-26,,,
1988-10-27,,,
1988-10-28,,,
1988-10-29,,,
1988-10-30,,,
1988-10-31,,,
1988-11-01,,,
1988-11-02,,,
1988-11-03,,,
1988-11-04,,,
1988-11-05,,,
1988-11-06,,,
1988-11-07,,,
1988-11-08,,,
1988-11-09,,,
1988-11-10,,,
1988-11-11,,,
1988-11-12,,,
1988-11-13,,,
1988-11-14,,,
1988-11-15,,,
1988-11-16,,,
1988-11-17,,,
1988-11-18,,,
1988-11-19,,,
1988-11-20,,,
1988-11-21,,,
1988-11-22,,,
1988-11-23,,,
1988-11-24,,,
1988-11-25,,,
1988-11-26,,,
1988-11-27,,,
1988-11-28,,,
1988-11-29,,,
1988-11-30,,,
1988-12-01,,,
1988-12-02,,,
1988-12-03,,,
1988-12-04,,,
1988-12-05,,,
1988-12-06,,,
1988-12-07,,,
1988-12-08,,,
1988-12-09,,,
1988-12-10,,,
1988-12-11,,,
1988-12-12,,,
1988-12-13,,,
1988-12-14,,,
1988-12-15,,,
1988-12-16,,,
1988-12-17,,,
1988-12-18,,,
1988-12-19,,,
1988-12-20,,,
1988-12-21,,,
1988-12-22,,,
1988-12-23,,,
1988-12-24,,,
1988-12-25,,,
1988-12-26,,,
1988-12-27,,,
1988-12-28,,,
1988-12-29,,,
1988-12-30,,,
1988-12-31,,,
1989-01-01,,,
1989-01-02,,,
1989-01-03,,,
1989-01-04,,,
1989-01-05,,,
1989-01-06,,,
1989-01-07,,,
1989-01-08,,,
1989-01-09,,,
1989-01-10,,,
1989-01-11,,,
1989-01-12,,,
1989-01-13,,,
1989-01-14,,,
1989-01-15,,,
1989-01-16,,,
1989-01-17,,,
1989-01-18,,,
1989-01-19,,,
1989-01-20,,,
1989-01-21,,,
1989-01-22,,,
1989-01-23,,,
1989-01-24,,,
1989-01-25,,,
1989-01-26,,,
1989-01-27,,,
1989-01-28,,,
1989-01-29,,,
1989-01-30,,,
1989-01-31,,,
1989-02-01,,,
1989-02-02,,,
1989-02-03,,,
1989-02-04,,,
1989-02-05,,,
1989-02-06,,,
1989-02-07,,,
1989-02-08,,,
1989-02-09,,,
1989-02-10,,,
1989-02-11,,,
1989-02-12,,,
1989-02-13,,,
1989-02-14,,,
1989-02-15,,,
1989-02-16,,,
1989-02-17,,,
1989-02-18,,,
1989-02-19,,,
1989-02-20,,,
1989-02-21,,,
1989-02-22,,,
1989-02-23,,,
1989-02-24,,,
1989-02-25,,,
1989-02-26,,,
1989-02-27,,,
1989-02-28,,,
1989-03-01,,,
1989-03-02,,,
1989-03-03,,,
1989-03-04,,,
1989-03-05,,,
1989-03-06,,,
1989-03-07,,,
1989-03-08,,,
1989-03-09,,,
1989-03-10,,,
1989-03-11,,,
1989-03-12,,,
1989-03-13,,,
1989-03-14,,,
1989-03-15,,,
1989-03-16,,,
1989-03-17,,,
1989-03-18,,,
1989-03-19,,,
1989-03-20,,,
1989-03-21,,,
1989-03-22,,,
1989-03-23,,,
1989-03-24,,,
1989-03-25,,,
1989-03-26,,,
1989-03-27,,,
1989-03-28,,,
1989-03-29,,,
1989-03-30,,,
1989-03-31,,,
1989-04-01,,,
1989-04-02,,,
1989-04-03,,,
1989-04-04,,,
1989-04-05,,,
1989-04-06,,,
1989-04-07,,,
1989-04-08,,,
1989-04-09,,,
1989-04-10,,,
1989-04-11,,,
1989-04-12,,,
1989-04-13,,,
1989-04-14,,,
1989-04-15,,,
1989-04-16,,,
1989-04-17,,,
1989-04-18,,,
1989-04-19,,,
1989-04-20,,,
1989-04-21,,,
1989-04-22,,,
1989-04-23,,,
1989-04-24,,,
1989-04-25,,,
1989-04-26,,,
1989-04-27,,,
1989-04-28,,,
1989-04-29,,,
1989-04-30,,,
1989-05-01,,,
1989-05-02,,,
1989-05-03,,,
1989-05-04,,,
1989-05-05,,,
1989-05-06,,,
1989-05-07,,,
1989-05-08,,,
1989-05-09,,,
1989-05-10,,,
1989-05-11,,,
1989-05-12,,,
1989-05-13,,,
1989-05-14,,,
1989-05-15,,,
1989-05-16,,,
1989-05-17,,,
1989-05-18,,,
1989-05-19,,,
1989-05-20,,,
1989-05-21,,,
1989-05-22,,,
1989-05-23,,,
1989-05-24,,,
1989-05-25,,,
1989-05-26,,,
1989-05-27,,,
1989-05-28,,,
1989-05-29,,,
1989-05-30,,,
1989-05-31,,,
1989-06-01,,,
1989-06-02,,,
1989-06-03,,,
1989-06-04,,,
1989-06-05,,,
1989-06-06,,,
1989-06-07,,,
1989-06-08,,,
1989-06-09,,,
1989-06-10,,,
1989-06-11,,,
1989-06-12,,,
1989-06-13,,,
1989-06-14,,,
1989-06-15,,,
1989-06-16,,,
1989-06-17,,,
1989-06-18,,,
1989-06-19,,,
1989-06-20,,,
1989-06-21,,,
1989-06-22,,,
1989-06-23,,,
1989-06-24,,,
1989-06-25,,,
1989-06-26,,,
1989-06-27,,,
1989-06-28,,,
1989-06-29,,,
1989-06-30,,,
1989-07-01,,,
1989-07-02,,,
1989-07-03,,,
1989-07-04,,,
1989-07-05,,,
1989-07-06,,,
1989-07-07,,,
1989-07-08,,,
1989-07-09,,,
1989-07-10,,,
1989-07-11,,,
1989-07-12,,,
1989-07-13,,,
1989-07-14,,,
1989-07-15,,,
1989-07-16,,,
1989-07-17,,,
1989-07-18,,,
1989-07-19,,,
1989-07-20,,,
1989-07-21,,,
1989-07-22,,,
1989-07-23,,,
1989-07-24,,,
1989-07-25,,,
1989-07-26,,,
1989-07-27,,,
1989-07-28,,,
1989-07-29,,,
1989-07-30,,,
1989-07-31,,,
1989-08-01,,,
1989-08-02,,,
1989-08-03,,,
1989-08-04,,,
1989-08-05,,,
1989-08-06,,,
1989-08-07,,,
1989-08-08,,,
1989-08-09,,,
1989-08-10,,,
1989-08-11,,,
1989-08-12,,,
1989-08-13,,,
1989-08-14,,,
1989-08-15,,,
1989-08-16,,,
1989-08-17,,,
1989-08-18,,,
1989-08-19,,,
1989-08-20,,,
1989-08-21,,,
1989-08-22,,,
1989-08-23,,,
1989-08-24,,,
1989-08-25,,,
1989-08-26,,,
1989-08-27,,,
1989-08-28,,,
1989-08-29,,,
1989-08-30,,,
1989-08-31,,,
1989-09-01,,,
1989-09-02,,,
1989-09-03,,,
1989-09-04,,,
1989-09-05,,,
1989-09-06,,,
1989-09-07,,,
1989-09-08,,,
1989-09-09,,,
1989-09-10,,,
1989-09-11,,,
1989-09-12,,,
1989-09-13,,,
1989-09-14,,,
1989-09-15,,,
1989-09-16,,,
1989-09-17,,,
1989-09-18,,,
1989-09-19,,,
1989-09-20,,,
1989-09-21,,,
1989-09-22,,,
1989-09-23,,,
1989-09-24,,,
1989-09-25,,,
1989-09-26,,,
1989-09-27,,,
1989-09-28,,,
1989-09-29,,,
1989-09-30,,,
1989-10-01,,,
1989-10-02,,,
1989-10-03,,,
1989-10-04,,,
1989-10-05,,,
1989-10-06,,,
1989-10-07,,,
1989-10-08,,,
1989-10-09,,,
1989-10-10,,,
1989-10-11,,,
1989-10-12,,,
1989-10-13,,,
1989-10-14,,,
1989-10-15,,,
1989-10-16,,,
1989-10-17,,,
1989-10-18,,,
1989-10-19,,,
1989-10-20,,,
1989-10-21,,,
1989-10-22,,,
1989-10-23,,,
1989-10-24,,,
1989-10-25,,,
1989-10-26,,,
1989-10-27,,,
1989-10-28,,,
1989-10-29,,,
1989-10-30,,,
1989-10-31,,,
1989-11-01,,,
1989-11-02,,,
1989-11-03,,,
1989-11-04,,,
1989-11-05,,,
1989-11-06,,,
1989-11-07,,,
1989-11-08,,,
1989-11-09,,,
1989-11-10,,,
1989-11-11,,,
1989-11-12,,,
1989-11-13,,,
1989-11-14,,,
1989-11-15,,,
1989-11-16,,,
1989-11-17,,,
1989-11-18,,,
1989-11-19,,,
1989-11-20,,,
1989-11-21,,,
1989-11-22,,,
1989-11-23,,,
1989-11-24,,,
1989-11-25,,,
1989-11-26,,,
1989-11-27,,,
1989-11-28,,,
1989-11-29,,,
1989-11-30,,,
1989-12-01,,,
1989-12-02,,,
1989-12-03,,,
1989-12-04,,,
1989-12-05,,,
1989-12-06,,,
1989-12-07,,,
1989-12-08,,,
1989-12-09,,,
1989-12-10,,,
1989-12-11,,,
1989-12-12,,,
1989-12-13,,,
1989-12-14,,,
1989-12-15,,,
1989-12-16,,,
1989-12-17,,,
1989-12-18,,,
1989-12-19,,,
1989-12-20,,,
1989-12-21,,,
1989-12-22,,,
1989-12-23,,,
1989-12-24,,,
1989-12-25,,,
1989-12-26,,,
1989-12-27,,,
1989-12-28,,,
1989-12-29,,,
1989-12-30,,,
1989-12-31,,,
1990-01-01,,,
1990-01-02,,,
1990-01-03,,,
1990-01-04,,,
1990-01-05,,,
1990-01-06,,,
1990-01-07,,,
1990-01-08,,,
1990-01-09,,,
1990-01-10,,,
1990-01-11,,,
1990-01-12,,,
1990-01-13,,,
1990-01-14,,,
1990-01-15,,,
1990-01-16,,,
1990-01-17,,,
1990-01-18,,,
1990-01-19,,,
1990-01-20,,,
1990-01-21,,,
1990-01-22,,,
1990-01-23,,,
1990-01-24,,,
1990-01-25,,,
1990-01-26,,,
1990-01-27,,,
1990-01-28,,,
1990-01-29,,,
1990-01-30,,,
1990-01-31,,,
1990-02-01,,,
1990-02-02,,,
1990-02-03,,,
1990-02-04,,,
1990-02-05,,,
1990-02-06,,,
1990-02-07,,,
1990-02-08,,,
1990-02-09,,,
1990-02-10,,,
1990-02-11,,,
1990-02-12,,,
1990-02-13,,,
1990-02-14,,,
1990-02-15,,,
1990-02-16,,,
1990-02-17,,,
1990-02-18,,,
1990-02-19,,,
1990-02-20,,,
1990-02-21,,,
1990-02-22,,,
1990-02-23,,,
1990-02-24,,,
1990-02-25,,,
1990-02-26,,,
1990-02-27,,,
1990-02-28,,,
1990-03-01,,,
1990-03-02,,,
1990-03-03,,,
1990-03-04,,,
1990-03-05,,,
1990-03-06,,,
1990-03-07,,,
1990-03-08,,,
1990-03-09,,,
1990-03-10,,,
1990-03-11,,,
1990-03-12,,,
1990-03-13,,,
1990-03-14,,,
1990-03-15,,,
1990-03-16,,,
1990-03-17,,,
1990-03-18,,,
1990-03-19,,,
1990-03-20,,,
1990-03-21,,,
1990-03-22,,,
1990-03-23,,,
1990-03-24,,,
1990-03-25,,,
1990-03-26,,,
1990-03-27,,,
1990-03-28,,,
1990-03-29,,,
1990-03-30,,,
1990-03-31,,,
1990-04-01,,,
1990-04-02,,,
1990-04-03,,,
1990-04-04,,,
1990-04-05,,,
1990-04-06,,,
1990-04-07,,,
1990-04-08,,,
1990-04-09,,,
1990-04-10,,,
1990-04-11,,,
1990-04-12,,,
1990-04-13,,,
1990-04-14,,,
1990-04-15,,,
1990-04-16,,,
1990-04-17,,,
1990-04-18,,,
1990-04-19,,,
1990-04-20,,,
1990-04-21,,,
1990-04-22,,,
1990-04-23,,,
1990-04-24,,,
1990-04-25,,,
1990-04-26,,,
1990-04-27,,,
1990-04-28,,,
1990-04-29,,,
1990-04-30,,,
1990-05-01,,,
1990-05-02,,,
1990-05-03,,,
1990-05-04,,,
1990-05-05,,,
1990-05-06,,,
1990-05-07,,,
1990-05-08,,,
1990-05-09,,,
1990-05-10,,,
1990-05-11,,,
1990-05-12,,,
1990-05-13,,,
1990-05-14,,,
1990-05-15,,,
1990-05-16,,,
1990-05-17,,,
1990-05-18,,,
1990-05-19,,,
1990-05-20,,,
1990-05-21,,,
1990-05-22,,,
1990-05-23,,,
1990-05-24,,,
1990-05-25,,,
1990-05-26,,,
1990-05-27,,,
1990-05-28,,,
1990-05-29,,,
1990-05-30,,,
1990-05-31,,,
1990-06-01,,,
1990-06-02,,,
1990-06-03,,,
1990-06-04,,,
1990-06-05,,,
1990-06-06,,,
1990-06-07,,,
1990-06-08,,,
1990-06-09,,,
1990-06-10,,,
1990-06-11,,,
1990-06-12,,,
1990-06-13,,,
1990-06-14,,,
1990-06-15,,,
1990-06-16,,,
1990-06-17,,,
1990-06-18,,,
1990-06-19,,,
1990-06-20,,,
1990-06-21,,,
1990-06-22,,,
1990-06-23,,,
1990-06-24,,,
1990-06-25,,,
1990-06-26,,,
1990-06-27,,,
1990-06-28,,,
1990-06-29,,,
1990-06-30,,,
1990-07-01,,,
1990-07-02,,,
1990-07-03,,,
1990-07-04,,,
1990-07-05,,,
1990-07-06,,,
1990-07-07,,,
1990-07-08,,,
1990-07-09,,,
1990-07-10,,,
1990-07-11,,,
1990-07-12,,,
1990-07-13,,,
1990-07-14,,,
1990-07-15,,,
1990-07-16,,,
1990-07-17,,,
1990-07-18,,,
1990-07-19,,,
1990-07-20,,,
1990-07-21,,,
1990-07-22,,,
1990-07-23,,,
1990-07-24,,,
1990-07-25,,,
1990-07-26,,,
1990-07-27,,,
1990-07-28,,,
1990-07-29,,,
1990-07-30,,,
1990-07-31,,,
1990-08-01,,,
1990-08-02,,,
1990-08-03,,,
1990-08-04,,,
1990-08-05,,,
1990-08-06,,,
1990-08-07,,,
1990-08-08,,,
1990-08-09,,,
1990-08-10,,,
1990-08-11,,,
1990-08-12,,,
1990-08-13,,,
1990-08-14,,,
1990-08-15,,,
1990-08-16,,,
1990-08-17,,,
1990-08-18,,,
1990-08-19,,,
1990-08-20,,,
1990-08-21,,,
1990-08-22,,,
1990-08-23,,,
1990-08-24,,,
1990-08-25,,,
1990-08-26,,,
1990-08-27,,,
1990-08-28,,,
1990-08-29,,,
1990-08-30,,,
1990-08-31,,,
1990-09-01,,,
1990-09-02,,,
1990-09-03,,,
1990-09-04,,,
1990-09-05,,,
1990-09-06,,,
1990-09-07,,,
1990-09-08,,,
1990-09-09,,,
1990-09-10,,,
1990-09-11,,,
1990-09-12,,,
1990-09-13,,,
1990-09-14,,,
1990-09-15,,,
1990-09-16,,,
1990-09-17,,,
1990-09-18,,,
1990-09-19,,,
1990-09-20,,,
1990-09-21,,,
1990-09-22,,,
1990-09-23,,,
1990-09-24,,,
1990-09-25,,,
1990-09-26,,,
1990-09-27,,,
1990-09-28,,,
1990-09-29,,,
1990-09-30,,,
1990-10-01,,,
1990-10-02,,,
1990-10-03,,,
1990-10-04,,,
1990-10-05,,,
1990-10-06,,,
1990-10-07,,,
1990-10-08,,,
1990-10-09,,,
1990-10-10,,,
1990-10-11,,,
1990-10-12,,,
1990-10-13,,,
1990-10-14,,,
1990-10-15,,,
1990-10-16,,,
1990-10-17,,,
1990-10-18,,,
1990-10-19,,,
1990-10-20,,,
1990-10-21,,,
1990-10-22,,,
1990-10-23,,,
1990-10-24,,,
1990-10-25,,,
1990-10-26,,,
1990-10-27,,,
1990-10-28,,,
1990-10-29,,,
1990-10-30,,,
1990-10-31,,,
1990-11-01,,,
1990-11-02,,,
1990-11-03,,,
1990-11-04,,,
1990-11-05,,,
1990-11-06,,,
1990-11-07,,,
1990-11-08,,,
1990-11-09,,,
1990-11-10,,,
1990-11-11,,,
1990-11-12,,,
1990-11-13,,,
1990-11-14,,,
1990-11-15,,,
1990-11-16,,,
1990-11-17,,,
1990-11-18,,,
1990-11-19,,,
1990-11-20,,,
1990-11-21,,,
1990-11-22,,,
1990-11-23,,,
1990-11-24,,,
1990-11-25,,,
1990-11-26,,,
1990-11-27,,,
1990-11-28,,,
1990-11-29,,,
1990-11-30,,,
1990-12-01,,,
1990-12-02,,,
1990-12-03,,,
1990-12-04,,,
1990-12-05,,,
1990-12-06,,,
1990-12-07,,,
1990-12-08,,,
1990-12-09,,,
1990-12-10,,,
1990-12-11,,,
1990-12-12,,,
1990-12-13,,,
1990-12-14,,,
1990-12-15,,,
1990-12-16,,,
1990-12-17,,,
1990-12-18,,,
1990-12-19,,,
1990-12-20,,,
1990-12-21,,,
1990-12-22,,,
1990-12-23,,,
1990-12-24,,,
1990-12-25,,,
1990-12-26,,,
1990-12-27,,,
1990-12-28,,,
1990-12-29,,,
1990-12-30,,,
1990-12-31,,,
1991-01-01,,,
1991-01-02,,,
1991-01-03,,,
1991-01-04,,,
1991-01-05,,,
1991-01-06,,,
1991-01-07,,,
1991-01-08,,,
1991-01-09,,,
1991-01-10,,,
1991-01-11,,,
1991-01-12,,,
1991-01-13,,,
1991-01-14,,,
1991-01-15,,,
1991-01-16,,,
1991-01-17,,,
1991-01-18,,,
1991-01-19,,,
1991-01-20,,,
1991-01-21,,,
1991-01-22,,,
1991-01-23,,,
1991-01-24,,,
1991-01-25,,,
1991-01-26,,,
1991-01-27,,,
1991-01-28,,,
1991-01-29,,,
1991-01-30,,,
1991-01-31,,,
1991-02-01,,,
1991-02-02,,,
1991-02-03,,,
1991-02-04,,,
1991-02-05,,,
1991-02-06,,,
1991-02-07,,,
1991-02-08,,,
1991-02-09,,,
1991-02-10,,,
1991-02-11,,,
1991-02-12,,,
1991-02-13,,,
1991-02-14,,,
1991-02-15,,,
1991-02-16,,,
1991-02-17,,,
1991-02-18,,,
1991-02-19,,,
1991-02-20,,,
1991-02-21,,,
1991-02-22,,,
1991-02-23,,,
1991-02-24,,,
1991-02-25,,,
1991-02-26,,,
1991-02-27,,,
1991-02-28,,,
1991-03-01,,,
1991-03-02,,,
1991-03-03,,,
1991-03-04,,,
1991-03-05,,,
1991-03-06,,,
1991-03-07,,,
1991-03-08,,,
1991-03-09,,,
1991-03-10,,,
1991-03-11,,,
1991-03-12,,,
1991-03-13,,,
1991-03-14,,,
1991-03-15,,,
1991-03-16,,,
1991-03-17,,,
1991-03-18,,,
1991-03-19,,,
1991-03-20,,,
1991-03-21,,,
1991-03-22,,,
1991-03-23,,,
1991-03-24,,,
1991-03-25,,,
1991-03-26,,,
1991-03-27,,,
1991-03-28,,,
1991-03-29,,,
1991-03-30,,,
1991-03-31,,,
1991-04-01,,,
1991-04-02,,,
1991-04-03,,,
1991-04-04,,,
1991-04-05,,,
1991-04-06,,,
1991-04-07,,,
1991-04-08,,,
1991-04-09,,,
1991-04-10,,,
1991-04-11,,,
1991-04-12,,,
1991-04-13,,,
1991-04-14,,,
1991-04-15,,,
1991-04-16,,,
1991-04-17,,,
1991-04-18,,,
1991-04-19,,,
1991-04-20,,,
1991-04-21,,,
1991-04-22,,,
1991-04-23,,,
1991-04-24,,,
1991-04-25,,,
1991-04-26,,,
1991-04-27,,,
1991-04-28,,,
1991-04-29,,,
1991-04-30,,,
1991-05-01,,,
1991-05-02,,,
1991-05-03,,,
1991-05-04,,,
1991-05-05,,,
1991-05-06,,,
1991-05-07,,,
1991-05-08,,,
1991-05-09,,,
1991-05-10,,,
1991-05-11,,,
1991-05-12,,,
1991-05-13,,,
1991-05-14,,,
1991-05-15,,,
1991-05-16,,,
1991-05-17,,,
1991-05-18,,,
1991-05-19,,,
1991-05-20,,,
1991-05-21,,,
1991-05-22,,,
1991-05-23,,,
1991-05-24,,,
1991-05-25,,,
1991-05-26,,,
1991-05-27,,,
1991-05-28,,,
1991-05-29,,,
1991-05-30,,,
1991-05-31,,,
1991-06-01,,,
1991-06-02,,,
1991-06-03,,,
1991-06-04,,,
1991-06-05,,,
1991-06-06,,,
1991-06-07,,,
1991-06-08,,,
1991-06-09,,,
1991-06-10,,,
1991-06-11,,,
1991-06-12,,,
1991-06-13,,,
1991-06-14,,,
1991-06-15,,,
1991-06-16,,,
1991-06-17,,,
1991-06-18,,,
1991-06-19,,,
1991-06-20,,,
1991-06-21,,,
1991-06-22,,,
1991-06-23,,,
1991-06-24,,,
1991-06-25,,,
1991-06-26,,,
1991-06-27,,,
1991-06-28,,,
1991-06-29,,,
1991-06-30,,,
1991-07-01,,,
1991-07-02,,,
1991-07-03,,,
1991-07-04,,,
1991-07-05,,,
1991-07-06,,,
1991-07-07,,,
1991-07-08,,,
1991-07-09,,,
1991-07-10,,,
1991-07-11,,,
1991-07-12,,,
1991-07-13,,,
1991-07-14,,,
1991-07-15,,,
1991-07-16,,,
1991-07-17,,,
1991-07-18,,,
1991-07-19,,,
1991-07-20,,,
1991-07-21,,,
1991-07-22,,,
1991-07-23,,,
1991-07-24,,,
1991-07-25,,,
1991-07-26,,,
1991-07-27,,,
1991-07-28,,,
1991-07-29,,,
1991-07-30,,,
1991-07-31,,,
1991-08-01,,,
1991-08-02,,,
1991-08-03,,,
1991-08-04,,,
1991-08-05,,,
1991-08-06,,,
1991-08-07,,,
1991-08-08,,,
1991-08-09,,,
1991-08-10,,,
1991-08-11,,,
1991-08-12,,,
1991-08-13,,,
1991-08-14,,,
1991-08-15,,,
1991-08-16,,,
1991-08-17,,,
1991-08-18,,,
1991-08-19,,,
1991-08-20,,,
1991-08-21,,,
1991-08-22,,,
1991-08-23,,,
1991-08-24,,,
1991-08-25,,,
1991-08-26,,,
1991-08-27,,,
1991-08-28,,,
1991-08-29,,,
1991-08-30,,,
1991-08-31,,,
1991-09-01,,,
1991-09-02,,,
1991-09-03,,,
1991-09-04,,,
1991-09-05,,,
1991-09-06,,,
1991-09-07,,,
1991-09-08,,,
1991-09-09,,,
1991-09-10,,,
1991-09-11,,,
1991-09-12,,,
1991-09-13,,,
1991-09-14,,,
1991-09-15,,,
1991-09-16,,,
1991-09-17,,,
1991-09-18,,,
1991-09-19,,,
1991-09-20,,,
1991-09-21,,,
1991-09-22,,,
1991-09-23,,,
1991-09-24,,,
1991-09-25,,,
1991-09-26,,,
1991-09-27,,,
1991-09-28,,,
1991-09-29,,,
1991-09-30,,,
1991-10-01,,,
1991-10-02,,,
1991-10-03,,,
1991-10-04,,,
1991-10-05,,,
1991-10-06,,,
1991-10-07,,,
1991-10-08,,,
1991-10-09,,,
1991-10-10,,,
1991-10-11,,,
1991-10-12,,,
1991-10-13,,,
1991-10-14,,,
1991-10-15,,,
1991-10-16,,,
1991-10-17,,,
1991-10-18,,,
1991-10-19,,,
1991-10-20,,,
1991-10-21,,,
1991-10-22,,,
1991-10-23,,,
1991-10-24,,,
1991-10-25,,,
1991-10-26,,,
1991-10-27,,,
1991-10-28,,,
1991-10-29,,,
1991-10-30,,,
1991-10-31,,,
1991-11-01,,,
1991-11-02,,,
1991-11-03,,,
1991-11-04,,,
1991-11-05,,,
1991-11-06,,,
1991-11-07,,,
1991-11-08,,,
1991-11-09,,,
1991-11-10,,,
1991-11-11,,,
1991-11-12,,,
1991-11-13,,,
1991-11-14,,,
1991-11-15,,,
1991-11-16,,,
1991-11-17,,,
1991-11-18,,,
1991-11-19,,,
1991-11-20,,,
1991-11-21,,,
1991-11-22,,,
1991-11-23,,,
1991-11-24,,,
1991-11-25,,,
1991-11-26,,,
1991-11-27,,,
1991-11-28,,,
1991-11-29,,,
1991-11-30,,,
1991-12-01,,,
1991-12-02,,,
1991-12-03,,,
1991-12-04,,,
1991-12-05,,,
1991-12-06,,,
1991-12-07,,,
1991-12-08,,,
1991-12-09,,,
1991-12-10,,,
1991-12-11,,,
1991-12-12,,,
1991-12-13,,,
1991-12-14,,,
1991-12-15,,,
1991-12-16,,,
1991-12-17,,,
1991-12-18,,,
1991-12-19,,,
1991-12-20,,,
1991-12-21,,,
1991-12-22,,,
1991-12-23,,,
1991-12-24,,,
1991-12-25,,,
1991-12-26,,,
1991-12-27,,,
1991-12-28,,,
1991-12-29,,,
1991-12-30,,,
1991-12-31,,,
1992-01-01,,,
1992-01-02,,,
1992-01-03,,,
1992-01-04,,,
1992-01-05,,,
1992-01-06,,,
1992-01-07,,,
1992-01-08,,,
1992-01-09,,,
1992-01-10,,,
1992-01-11,,,
1992-01-12,,,
1992-01-13,,,
1992-01-14,,,
1992-01-15,,,
1992-01-16,,,
1992-01-17,,,
1992-01-18,,,
1992-01-19,,,
1992-01-20,,,
1992-01-21,,,
1992-01-22,,,
1992-01-23,,,
1992-01-24,,,
1992-01-25,,,
1992-01-26,,,
1992-01-27,,,
1992-01-28,,,
1992-01-29,,,
1992-01-30,,,
1992-01-31,,,
1992-02-01,,,
1992-02-02,,,
1992-02-03,,,
1992-02-04,,,
1992-02-05,,,
1992-02-06,,,
1992-02-07,,,
1992-02-08,,,
1992-02-09,,,
1992-02-10,,,
1992-02-11,,,
1992-02-12,,,
1992-02-13,,,
1992-02-14,,,
1992-02-15,,,
1992-02-16,,,
1992-02-17,,,
1992-02-18,,,
1992-02-19,,,
1992-02-20,,,
1992-02-21,,,
1992-02-22,,,
1992-02-23,,,
1992-02-24,,,
1992-02-25,,,
1992-02-26,,,
1992-02-27,,,
1992-02-28,,,
1992-02-29,,,
1992-03-01,,,
1992-03-02,,,
1992-03-03,,,
1992-03-04,,,
1992-03-05,,,
1992-03-06,,,
1992-03-07,,,
1992-03-08,,,
1992-03-09,,,
1992-03-10,,,
1992-03-11,,,
1992-03-12,,,
1992-03-13,,,
1992-03-14,,,
1992-03-15,,,
1992-03-16,,,
1992-03-17,,,
1992-03-18,,,
1992-03-19,,,
1992-03-20,,,
1992-03-21,,,
1992-03-22,,,
1992-03-23,,,
1992-03-24,,,
1992-03-25,,,
1992-03-26,,,
1992-03-27,,,
1992-03-28,,,
1992-03-29,,,
1992-03-30,,,
1992-03-31,,,
1992-04-01,,,
1992-04-02,,,
1992-04-03,,,
1992-04-04,,,
1992-04-05,,,
1992-04-06,,,
1992-04-07,,,
1992-04-08,,,
1992-04-09,,,
1992-04-10,,,
1992-04-11,,,
1992-04-12,,,
1992-04-13,,,
1992-04-14,,,
1992-04-15,,,
1992-04-16,,,
1992-04-17,,,
1992-04-18,,,
1992-04-19,,,
1992-04-20,,,
1992-04-21,,,
1992-04-22,,,
1992-04-23,,,
1992-04-24,,,
1992-04-25,,,
1992-04-26,,,
1992-04-27,,,
1992-04-28,,,
1992-04-29,,,
1992-04-30,,,
1992-05-01,,,
1992-05-02,,,
1992-05-03,,,
1992-05-04,,,
1992-05-05,,,
1992-05-06,,,
1992-05-07,,,
1992-05-08,,,
1992-05-09,,,
1992-05-10,,,
1992-05-11,,,
1992-05-12,,,
1992-05-13,,,
1992-05-14,,,
1992-05-15,,,
1992-05-16,,,
1992-05-17,,,
1992-05-18,,,
1992-05-19,,,
1992-05-20,,,
1992-05-21,,,
1992-05-22,,,
1992-05-23,,,
1992-05-24,,,
1992-05-25,,,
1992-05-26,,,
1992-05-27,,,
1992-05-28,,,
1992-05-29,,,
1992-05-30,,,
1992-05-31,,,
1992-06-01,,,
1992-06-02,,,
1992-06-03,,,
1992-06-04,,,
1992-06-05,,,
1992-06-06,,,
1992-06-07,,,
1992-06-08,,,
1992-06-09,,,
1992-06-10,,,
1992-06-11,,,
1992-06-12,,,
1992-06-13,,,
1992-06-14,,,
1992-06-15,,,
1992-06-16,,,
1992-06-17,,,
1992-06-18,,,
1992-06-19,,,
1992-06-20,,,
1992-06-21,,,
1992-06-22,,,
1992-06-23,,,
1992-06-24,,,
1992-06-25,,,
1992-06-26,,,
1992-06-27,,,
1992-06-28,,,
1992-06-29,,,
1992-06-30,,,
1992-07-01,,,
1992-07-02,,,
1992-07-03,,,
1992-07-04,,,
1992-07-05,,,
1992-07-06,,,
1992-07-07,,,
1992-07-08,,,
1992-07-09,,,
1992-07-10,,,
1992-07-11,,,
1992-07-12,,,
1992-07-13,,,
1992-07-14,,,
1992-07-15,,,
1992-07-16,,,
1992-07-17,,,
1992-07-18,,,
1992-07-19,,,
1992-07-20,,,
1992-07-21,,,
1992-07-22,,,
1992-07-23,,,
1992-07-24,,,
1992-07-25,,,
1992-07-26,,,
1992-07-27,,,
1992-07-28,,,
1992-07-29,,,
1992-07-30,,,
1992-07-31,,,
1992-08-01,,,
1992-08-02,,,
1992-08-03,,,
1992-08-04,,,
1992-08-05,,,
1992-08-06,,,
1992-08-07,,,
1992-08-08,,,
1992-08-09,,,
1992-08-10,,,
1992-08-11,,,
1992-08-12,,,
1992-08-13,,,
1992-08-14,,,
1992-08-15,,,
1992-08-16,,,
1992-08-17,,,
1992-08-18,,,
1992-08-19,,,
1992-08-20,,,
1992-08-21,,,
1992-08-22,,,
1992-08-23,,,
1992-08-24,,,
1992-08-25,,,
1992-08-26,,,
1992-08-27,,,
1992-08-28,,,
1992-08-29,,,
1992-08-30,,,
1992-08-31,,,
1992-09-01,,,
1992-09-02,,,
1992-09-03,,,
1992-09-04,,,
1992-09-05,,,
1992-09-06,,,
1992-09-07,,,
1992-09-08,,,
1992-09-09,,,
1992-09-10,,,
1992-09-11,,,
1992-09-12,,,
1992-09-13,,,
1992-09-14,,,
1992-09-15,,,
1992-09-16,,,
1992-09-17,,,
1992-09-18,,,
1992-09-19,,,
1992-09-20,,,
1992-09-21,,,
1992-09-22,,,
1992-09-23,,,
1992-09-24,,,
1992-09-25,,,
1992-09-26,,,
1992-09-27,,,
1992-09-28,,,
1992-09-29,,,
1992-09-30,,,
1992-10-01,,,
1992-10-02,,,
1992-10-03,,,
1992-10-04,,,
1992-10-05,,,
1992-10-06,,,
1992-10-07,,,
1992-10-08,,,
1992-10-09,,,
1992-10-10,,,
1992-10-11,,,
1992-10-12,,,
1992-10-13,,,
1992-10-14,,,
1992-10-15,,,
1992-10-16,,,
1992-10-17,,,
1992-10-18,,,
1992-10-19,,,
1992-10-20,,,
1992-10-21,,,
1992-10-22,,,
1992-10-23,,,
1992-10-24,,,
1992-10-25,,,
1992-10-26,,,
1992-10-27,,,
1992-10-28,,,
1992-10-29,,,
1992-10-30,,,
1992-10-31,,,
1992-11-01,,,
1992-11-02,,,
1992-11-03,,,
1992-11-04,,,
1992-11-05,,,
1992-11-06,,,
1992-11-07,,,
1992-11-08,,,
1992-11-09,,,
1992-11-10,,,
1992-11-11,,,
1992-11-12,,,
1992-11-13,,,
1992-11-14,,,
1992-11-15,,,
1992-11-16,,,
1992-11-17,,,
1992-11-18,,,
1992-11-19,,,
1992-11-20,,,
1992-11-21,,,
1992-11-22,,,
1992-11-23,,,
1992-11-24,,,
1992-11-25,,,
1992-11-26,,,
1992-11-27,,,
1992-11-28,,,
1992-11-29,,,
1992-11-30,,,
1992-12-01,,,
1992-12-02,,,
1992-12-03,,,
1992-12-04,,,
1992-12-05,,,
1992-12-06,,,
1992-12-07,,,
1992-12-08,,,
1992-12-09,,,
1992-12-10,,,
1992-12-11,,,
1992-12-12,,,
1992-12-13,,,
1992-12-14,,,
1992-12-15,,,
1992-12-16,,,
1992-12-17,,,
1992-12-18,,,
1992-12-19,,,
1992-12-20,,,
1992-12-21,,,
1992-12-22,,,
1992-12-23,,,
1992-12-24,,,
1992-12-25,,,
1992-12-26,,,
1992-12-27,,,
1992-12-28,,,
1992-12-29,,,
1992-12-30,,,
1992-12-31,,,
1993-01-01,,,
1993-01-02,,,
1993-01-03,,,
1993-01-04,,,
1993-01-05,,,
1993-01-06,,,
1993-01-07,,,
1993-01-08,,,
1993-01-09,,,
1993-01-10,,,
1993-01-11,,,
1993-01-12,,,
1993-01-13,,,
1993-01-14,,,
1993-01-15,,,
1993-01-16,,,
1993-01-17,,,
1993-01-18,,,
1993-01-19,,,
1993-01-20,,,
1993-01-21,,,
1993-01-22,,,
1993-01-23,,,
1993-01-24,,,
1993-01-25,,,
1993-01-26,,,
1993-01-27,,,
1993-01-28,,,
1993-01-29,,,
1993-01-30,,,
1993-01-31,,,
1993-02-01,,,
1993-02-02,,,
1993-02-03,,,
1993-02-04,,,
1993-02-05,,,
1993-02-06,,,
1993-02-07,,,
1993-02-08,,,
1993-02-09,,,
1993-02-10,,,
1993-02-11,,,
1993-02-12,,,
1993-02-13,,,
1993-02-14,,,
1993-02-15,,,
1993-02-16,,,
1993-02-17,,,
1993-02-18,,,
1993-02-19,,,
1993-02-20,,,
1993-02-21,,,
1993-02-22,,,
1993-02-23,,,
1993-02-24,,,
1993-02-25,,,
1993-02-26,,,
1993-02-27,,,
1993-02-28,,,
1993-03-01,,,
1993-03-02,,,
1993-03-03,,,
1993-03-04,,,
1993-03-05,,,
1993-03-06,,,
1993-03-07,,,
1993-03-08,,,
1993-03-09,,,
1993-03-10,,,
1993-03-11,,,
1993-03-12,,,
1993-03-13,,,
1993-03-14,,,
1993-03-15,,,
1993-03-16,,,
1993-03-17,,,
1993-03-18,,,
1993-03-19,,,
1993-03-20,,,
1993-03-21,,,
1993-03-22,,,
1993-03-23,,,
1993-03-24,,,
1993-03-25,,,
1993-03-26,,,
1993-03-27,,,
1993-03-28,,,
1993-03-29,,,
1993-03-30,,,
1993-03-31,,,
1993-04-01,,,
1993-04-02,,,
1993-04-03,,,
1993-04-04,,,
1993-04-05,,,
1993-04-06,,,
1993-04-07,,,
1993-04-08,,,
1993-04-09,,,
1993-04-10,,,
1993-04-11,,,
1993-04-12,,,
1993-04-13,,,
1993-04-14,,,
1993-04-15,,,
1993-04-16,,,
1993-04-17,,,
1993-04-18,,,
1993-04-19,,,
1993-04-20,,,
1993-04-21,,,
1993-04-22,,,
1993-04-23,,,
1993-04-24,,,
1993-04-25,,,
1993-04-26,,,
1993-04-27,,,
1993-04-28,,,
1993-04-29,,,
1993-04-30,,,
1993-05-01,,,
1993-05-02,,,
1993-05-03,,,
1993-05-04,,,
1993-05-05,,,
1993-05-06,,,
1993-05-07,,,
1993-05-08,,,
1993-05-09,,,
1993-05-10,,,
1993-05-11,,,
1993-05-12,,,
1993-05-13,,,
1993-05-14,,,
1993-05-15,,,
1993-05-16,,,
1993-05-17,,,
1993-05-18,,,
1993-05-19,,,
1993-05-20,,,
1993-05-21,,,
1993-05-22,,,
1993-05-23,,,
1993-05-24,,,
1993-05-25,,,
1993-05-26,,,
1993-05-27,,,
1993-05-28,,,
1993-05-29,,,
1993-05-30,,,
1993-05-31,,,
1993-06-01,,,
1993-06-02,,,
1993-06-03,,,
1993-06-04,,,
1993-06-05,,,
1993-06-06,,,
1993-06-07,,,
1993-06-08,,,
1993-06-09,,,
1993-06-10,,,
1993-06-11,,,
1993-06-12,,,
1993-06-13,,,
1993-06-14,,,
1993-06-15,,,
1993-06-16,,,
1993-06-17,,,
1993-06-18,,,
1993-06-19,,,
1993-06-20,,,
1993-06-21,,,
1993-06-22,,,
1993-06-23,,,
1993-06-24,,,
1993-06-25,,,
1993-06-26,,,
1993-06-27,,,
1993-06-28,,,
1993-06-29,,,
1993-06-30,,,
1993-07-01,,,
1993-07-02,,,
1993-07-03,,,
1993-07-04,,,
1993-07-05,,,
1993-07-06,,,
1993-07-07,,,
1993-07-08,,,
1993-07-09,,,
1993-07-10,,,
1993-07-11,,,
1993-07-12,,,
1993-07-13,,,
1993-07-14,,,
1993-07-15,,,
1993-07-16,,,
1993-07-17,,,
1993-07-18,,,
1993-07-19,,,
1993-07-20,,,
1993-07-21,,,
1993-07-22,,,
1993-07-23,,,
1993-07-24,,,
1993-07-25,,,
1993-07-26,,,
1993-07-27,,,
1993-07-28,,,
1993-07-29,,,
1993-07-30,,,
1993-07-31,,,
1993-08-01,,,
1993-08-02,,,
1993-08-03,,,
1993-08-04,,,
1993-08-05,,,
1993-08-06,,,
1993-08-07,,,
1993-08-08,,,
1993-08-09,,,
1993-08-10,,,
1993-08-11,,,
1993-08-12,,,
1993-08-13,,,
1993-08-14,,,
1993-08-15,,,
1993-08-16,,,
1993-08-17,,,
1993-08-18,,,
1993-08-19,,,
1993-08-20,,,
1993-08-21,,,
1993-08-22,,,
1993-08-23,,,
1993-08-24,,,
1993-08-25,,,
1993-08-26,,,
1993-08-27,,,
1993-08-28,,,
1993-08-29,,,
1993-08-30,,,
1993-08-31,,,
1993-09-01,,,
1993-09-02,,,
1993-09-03,,,
1993-09-04,,,
1993-09-05,,,
1993-09-06,,,
1993-09-07,,,
1993-09-08,,,
1993-09-09,,,
1993-09-10,,,
1993-09-11,,,
1993-09-12,,,
1993-09-13,,,
1993-09-14,,,
1993-09-15,,,
1993-09-16,,,
1993-09-17,,,
1993-09-18,,,
1993-09-19,,,
1993-09-20,,,
1993-09-21,,,
1993-09-22,,,
1993-09-23,,,
1993-09-24,,,
1993-09-25,,,
1993-09-26,,,
1993-09-27,,,
1993-09-28,,,
1993-09-29,,,
1993-09-30,,,
1993-10-01,,,
1993-10-02,,,
1993-10-03,,,
1993-10-04,,,
1993-10-05,,,
1993-10-06,,,
1993-10-07,,,
1993-10-08,,,
1993-10-09,,,
1993-10-10,,,
1993-10-11,,,
1993-10-12,,,
1993-10-13,,,
1993-10-14,,,
1993-10-15,,,
1993-10-16,,,
1993-10-17,,,
1993-10-18,,,
1993-10-19,,,
1993-10-20,,,
1993-10-21,,,
1993-10-22,,,
1993-10-23,,,
1993-10-24,,,
1993-10-25,,,
1993-10-26,,,
1993-10-27,,,
1993-10-28,,,
1993-10-29,,,
1993-10-30,,,
1993-10-31,,,
1993-11-01,,,
1993-11-02,,,
1993-11-03,,,
1993-11-04,,,
1993-11-05,,,
1993-11-06,,,
1993-11-07,,,
1993-11-08,,,
1993-11-09,,,
1993-11-10,,,
1993-11-11,,,
1993-11-12,,,
1993-11-13,,,
1993-11-14,,,
1993-11-15,,,
1993-11-16,,,
1993-11-17,,,
1993-11-18,,,
1993-11-19,,,
1993-11-20,,,
1993-11-21,,,
1993-11-22,,,
1993-11-23,,,
1993-11-24,,,
1993-11-25,,,
1993-11-26,,,
1993-11-27,,,
1993-11-28,,,
1993-11-29,,,
1993-11-30,,,
1993-12-01,,,
1993-12-02,,,
1993-12-03,,,
1993-12-04,,,
1993-12-05,,,
1993-12-06,,,
1993-12-07,,,
1993-12-08,,,
1993-12-09,,,
1993-12-10,,,
1993-12-11,,,
1993-12-12,,,
1993-12-13,,,
1993-12-14,,,
1993-12-15,,,
1993-12-16,,,
1993-12-17,,,
1993-12-18,,,
1993-12-19,,,
1993-12-20,,,
1993-12-21,,,
1993-12-22,,,
1993-12-23,,,
1993-12-24,,,
1993-12-25,,,
1993-12-26,,,
1993-12-27,,,
1993-12-28,,,
1993-12-29,,,
1993-12-30,,,
1993-12-31,,,
1994-01-01,,,
1994-01-02,,,
1994-01-03,,,
1994-01-04,,,
1994-01-05,,,
1994-01-06,,,
1994-01-07,,,
1994-01-08,,,
1994-01-09,,,
1994-01-10,,,
1994-01-11,,,
1994-01-12,,,
1994-01-13,,,
1994-01-14,,,
1994-01-15,,,
1994-01-16,,,
1994-01-17,,,
1994-01-18,,,
1994-01-19,,,
1994-01-20,,,
1994-01-21,,,
1994-01-22,,,
1994-01-23,,,
1994-01-24,,,
1994-01-25,,,
1994-01-26,,,
1994-01-27,,,
1994-01-28,,,
1994-01-29,,,
1994-01-30,,,
1994-01-31,,,
1994-02-01,,,
1994-02-02,,,
1994-02-03,,,
1994-02-04,,,
1994-02-05,,,
1994-02-06,,,
1994-02-07,,,
1994-02-08,,,
1994-02-09,,,
1994-02-10,,,
1994-02-11,,,
1994-02-12,,,
1994-02-13,,,
1994-02-14,,,
1994-02-15,,,
1994-02-16,,,
1994-02-17,,,
1994-02-18,,,
1994-02-19,,,
1994-02-20,,,
1994-02-21,,,
1994-02-22,,,
1994-02-23,,,
1994-02-24,,,
1994-02-25,,,
1994-02-26,,,
1994-02-27,,,
1994-02-28,,,
1994-03-01,,,
1994-03-02,,,
1994-03-03,,,
1994-03-04,,,
1994-03-05,,,
1994-03-06,,,
1994-03-07,,,
1994-03-08,,,
1994-03-09,,,
1994-03-10,,,
1994-03-11,,,
1994-03-12,,,
1994-03-13,,,
1994-03-14,,,
1994-03-15,,,
1994-03-16,,,
1994-03-17,,,
1994-03-18,,,
1994-03-19,,,
1994-03-20,,,
1994-03-21,,,
1994-03-22,,,
1994-03-23,,,
1994-03-24,,,
1994-03-25,,,
1994-03-26,,,
1994-03-27,,,
1994-03-28,,,
1994-03-29,,,
1994-03-30,,,
1994-03-31,,,
1994-04-01,,,
1994-04-02,,,
1994-04-03,,,
1994-04-04,,,
1994-04-05,,,
1994-04-06,,,
1994-04-07,,,
1994-04-08,,,
1994-04-09,,,
1994-04-10,,,
1994-04-11,,,
1994-04-12,,,
1994-04-13,,,
1994-04-14,,,
1994-04-15,,,
1994-04-16,,,
1994-04-17,,,
1994-04-18,,,
1994-04-19,,,
1994-04-20,,,
1994-04-21,,,
1994-04-22,,,
1994-04-23,,,
1994-04-24,,,
1994-04-25,,,
1994-04-26,,,
1994-04-27,,,
1994-04-28,,,
1994-04-29,,,
1994-04-30,,,
1994-05-01,,,
1994-05-02,,,
1994-05-03,,,
1994-05-04,,,
1994-05-05,,,
1994-05-06,,,
1994-05-07,,,
1994-05-08,,,
1994-05-09,,,
1994-05-10,,,
1994-05-11,,,
1994-05-12,,,
1994-05-13,,,
1994-05-14,,,
1994-05-15,,,
1994-05-16,,,
1994-05-17,,,
1994-05-18,,,
1994-05-19,,,
1994-05-20,,,
1994-05-21,,,
1994-05-22,,,
1994-05-23,,,
1994-05-24,,,
1994-05-25,,,
1994-05-26,,,
1994-05-27,,,
1994-05-28,,,
1994-05-29,,,
1994-05-30,,,
1994-05-31,,,
1994-06-01,,,
1994-06-02,,,
1994-06-03,,,
1994-06-04,,,
1994-06-05,,,
1994-06-06,,,
1994-06-07,,,
1994-06-08,,,
1994-06-09,,,
1994-06-10,,,
1994-06-11,,,
1994-06-12,,,
1994-06-13,,,
1994-06-14,,,
1994-06-15,,,
1994-06-16,,,
1994-06-17,,,
1994-06-18,,,
1994-06-19,,,
1994-06-20,,,
1994-06-21,,,
1994-06-22,,,
1994-06-23,,,
1994-06-24,,,
1994-06-25,,,
1994-06-26,,,
1994-06-27,,,
1994-06-28,,,
1994-06-29,,,
1994-06-30,,,
1994-07-01,,,
1994-07-02,,,
1994-07-03,,,
1994-07-04,,,
1994-07-05,,,
1994-07-06,,,
1994-07-07,,,
1994-07-08,,,
1994-07-09,,,
1994-07-10,,,
1994-07-11,,,
1994-07-12,,,
1994-07-13,,,
1994-07-14,,,
1994-07-15,,,
1994-07-16,,,
1994-07-17,,,
1994-07-18,,,
1994-07-19,,,
1994-07-20,,,
1994-07-21,,,
1994-07-22,,,
1994-07-23,,,
1994-07-24,,,
1994-07-25,,,
1994-07-26,,,
1994-07-27,,,
1994-07-28,,,
1994-07-29,,,
1994-07-30,,,
1994-07-31,,,
1994-08-01,,,
1994-08-02,,,
1994-08-03,,,
1994-08-04,,,
1994-08-05,,,
1994-08-06,,,
1994-08-07,,,
1994-08-08,,,
1994-08-09,,,
1994-08-10,,,
1994-08-11,,,
1994-08-12,,,
1994-08-13,,,
1994-08-14,,,
1994-08-15,,,
1994-08-16,,,
1994-08-17,,,
1994-08-18,,,
1994-08-19,,,
1994-08-20,,,
1994-08-21,,,
1994-08-22,,,
1994-08-23,,,
1994-08-24,,,
1994-08-25,,,
1994-08-26,,,
1994-08-27,,,
1994-08-28,,,
1994-08-29,,,
1994-08-30,,,
1994-08-31,,,
1994-09-01,,,
1994-09-02,,,
1994-09-03,,,
1994-09-04,,,
1994-09-05,,,
1994-09-06,,,
1994-09-07,,,
1994-09-08,,,
1994-09-09,,,
1994-09-10,,,
1994-09-11,,,
1994-09-12,,,
1994-09-13,,,
1994-09-14,,,
1994-09-15,,,
1994-09-16,,,
1994-09-17,,,
1994-09-18,,,
1994-09-19,,,
1994-09-20,,,
1994-09-21,,,
1994-09-22,,,
1994-09-23,,,
1994-09-24,,,
1994-09-25,,,
1994-09-26,,,
1994-09-27,,,
1994-09-28,,,
1994-09-29,,,
1994-09-30,,,
1994-10-01,,,
1994-10-02,,,
1994-10-03,,,
1994-10-04,,,
1994-10-05,,,
1994-10-06,,,
1994-10-07,,,
1994-10-08,,,
1994-10-09,,,
1994-10-10,,,
1994-10-11,,,
1994-10-12,,,
1994-10-13,,,
1994-10-14,,,
1994-10-15,,,
1994-10-16,,,
1994-10-17,,,
1994-10-18,,,
1994-10-19,,,
1994-10-20,,,
1994-10-21,,,
1994-10-22,,,
1994-10-23,,,
1994-10-24,,,
1994-10-25,,,
1994-10-26,,,
1994-10-27,,,
1994-10-28,,,
1994-10-29,,,
1994-10-30,,,
1994-10-31,,,
1994-11-01,,,
1994-11-02,,,
1994-11-03,,,
1994-11-04,,,
1994-11-05,,,
1994-11-06,,,
1994-11-07,,,
1994-11-08,,,
1994-11-09,,,
1994-11-10,,,
1994-11-11,,,
1994-11-12,,,
1994-11-13,,,
1994-11-14,,,
1994-11-15,,,
1994-11-16,,,
1994-11-17,,,
1994-11-18,,,
1994-11-19,,,
1994-11-20,,,
1994-11-21,,,
1994-11-22,,,
1994-11-23,,,
1994-11-24,,,
1994-11-25,,,
1994-11-26,,,
1994-11-27,,,
1994-11-28,,,
1994-11-29,,,
1994-11-30,,,
1994-12-01,,,
1994-12-02,,,
1994-12-03,,,
1994-12-04,,,
1994-12-05,,,
1994-12-06,,,
1994-12-07,,,
1994-12-08,,,
1994-12-09,,,
1994-12-10,,,
1994-12-11,,,
1994-12-12,,,
1994-12-13,,,
1994-12-14,,,
1994-12-15,,,
1994-12-16,,,
1994-12-17,,,
1994-12-18,,,
1994-12-19,,,
1994-12-20,,,
1994-12-21,,,
1994-12-22,,,
1994-12-23,,,
1994-12-24,,,
1994-12-25,,,
1994-12-26,,,
1994-12-27,,,
1994-12-28,,,
1994-12-29,,,
1994-12-30,,,
1994-12-31,,,
1995-01-01,,,
1995-01-02,,,
1995-01-03,,,
1995-01-04,,,
1995-01-05,,,
1995-01-06,,,
1995-01-07,,,
1995-01-08,,,
1995-01-09,,,
1995-01-10,,,
1995-01-11,,,
1995-01-12,,,
1995-01-13,,,
1995-01-14,,,
1995-01-15,,,
1995-01-16,,,
1995-01-17,,,
1995-01-18,,,
1995-01-19,,,
1995-01-20,,,
1995-01-21,,,
1995-01-22,,,
1995-01-23,,,
1995-01-24,,,
1995-01-25,,,
1995-01-26,,,
1995-01-27,,,
1995-01-28,,,
1995-01-29,,,
1995-01-30,,,
1995-01-31,,,
1995-02-01,,,
1995-02-02,,,
1995-02-03,,,
1995-02-04,,,
1995-02-05,,,
1995-02-06,,,
1995-02-07,,,
1995-02-08,,,
1995-02-09,,,
1995-02-10,,,
1995-02-11,,,
1995-02-12,,,
1995-02-13,,,
1995-02-14,,,
1995-02-15,,,
1995-02-16,,,
1995-02-17,,,
1995-02-18,,,
1995-02-19,,,
1995-02-20,,,
1995-02-21,,,
1995-02-22,,,
1995-02-23,,,
1995-02-24,,,
1995-02-25,,,
1995-02-26,,,
1995-02-27,,,
1995-02-28,,,
1995-03-01,,,
1995-03-02,,,
1995-03-03,,,
1995-03-04,,,
1995-03-05,,,
1995-03-06,,,
1995-03-07,,,
1995-03-08,,,
1995-03-09,,,
1995-03-10,,,
1995-03-11,,,
1995-03-12,,,
1995-03-13,,,
1995-03-14,,,
1995-03-15,,,
1995-03-16,,,
1995-03-17,,,
1995-03-18,,,
1995-03-19,,,
1995-03-20,,,
1995-03-21,,,
1995-03-22,,,
1995-03-23,,,
1995-03-24,,,
1995-03-25,,,
1995-03-26,,,
1995-03-27,,,
1995-03-28,,,
1995-03-29,,,
1995-03-30,,,
1995-03-31,,,
1995-04-01,,,
1995-04-02,,,
1995-04-03,,,
1995-04-04,,,
1995-04-05,,,
1995-04-06,,,
1995-04-07,,,
1995-04-08,,,
1995-04-09,,,
1995-04-10,,,
1995-04-11,,,
1995-04-12,,,
1995-04-13,,,
1995-04-14,,,
1995-04-15,,,
1995-04-16,,,
1995-04-17,,,
1995-04-18,,,
1995-04-19,,,
1995-04-20,,,
1995-04-21,,,
1995-04-22,,,
1995-04-23,,,
1995-04-24,,,
1995-04-25,,,
1995-04-26,,,
1995-04-27,,,
1995-04-28,,,
1995-04-29,,,
1995-04-30,,,
1995-05-01,,,
1995-05-02,,,
1995-05-03,,,
1995-05-04,,,
1995-05-05,,,
1995-05-06,,,
1995-05-07,,,
1995-05-08,,,
1995-05-09,,,
1995-05-10,,,
1995-05-11,,,
1995-05-12,,,
1995-05-13,,,
1995-05-14,,,
1995-05-15,,,
1995-05-16,,,
1995-05-17,,,
1995-05-18,,,
1995-05-19,,,
1995-05-20,,,
1995-05-21,,,
1995-05-22,,,
1995-05-23,,,
1995-05-24,,,
1995-05-25,,,
1995-05-26,,,
1995-05-27,,,
1995-05-28,,,
1995-05-29,,,
1995-05-30,,,
1995-05-31,,,
1995-06-01,,,
1995-06-02,,,
1995-06-03,,,
1995-06-04,,,
1995-06-05,,,
1995-06-06,,,
1995-06-07,,,
1995-06-08,,,
1995-06-09,,,
1995-06-10,,,
1995-06-11,,,
1995-06-12,,,
1995-06-13,,,
1995-06-14,,,
1995-06-15,,,
1995-06-16,,,
1995-06-17,,,
1995-06-18,,,
1995-06-19,,,
1995-06-20,,,
1995-06-21,,,
1995-06-22,,,
1995-06-23,,,
1995-06-24,,,
1995-06-25,,,
1995-06-26,,,
1995-06-27,,,
1995-06-28,,,
1995-06-29,,,
1995-06-30,,,
1995-07-01,,,
1995-07-02,,,
1995-07-03,,,
1995-07-04,,,
1995-07-05,,,
1995-07-06,,,
1995-07-07,,,
1995-07-08,,,
1995-07-09,,,
1995-07-10,,,
1995-07-11,,,
1995-07-12,,,
1995-07-13,,,
1995-07-14,,,
1995-07-15,,,
1995-07-16,,,
1995-07-17,,,
1995-07-18,,,
1995-07-19,,,
1995-07-20,,,
1995-07-21,,,
1995-07-22,,,
1995-07-23,,,
1995-07-24,,,
1995-07-25,,,
1995-07-26,,,
1995-07-27,,,
1995-07-28,,,
1995-07-29,,,
1995-07-30,,,
1995-07-31,,,
1995-08-01,,,
1995-08-02,,,
1995-08-03,,,
1995-08-04,,,
1995-08-05,,,
1995-08-06,,,
1995-08-07,,,
1995-08-08,,,
1995-08-09,,,
1995-08-10,,,
1995-08-11,,,
1995-08-12,,,
1995-08-13,,,
1995-08-14,,,
1995-08-15,,,
1995-08-16,,,
1995-08-17,,,
1995-08-18,,,
1995-08-19,,,
1995-08-20,,,
1995-08-21,,,
1995-08-22,,,
1995-08-23,,,
1995-08-24,,,
1995-08-25,,,
1995-08-26,,,
1995-08-27,,,
1995-08-28,,,
1995-08-29,,,
1995-08-30,,,
1995-08-31,,,
1995-09-01,,,
1995-09-02,,,
1995-09-03,,,
1995-09-04,,,
1995-09-05,,,
1995-09-06,,,
1995-09-07,,,
1995-09-08,,,
1995-09-09,,,
1995-09-10,,,
1995-09-11,,,
1995-09-12,,,
1995-09-13,,,
1995-09-14,,,
1995-09-15,,,
1995-09-16,,,
1995-09-17,,,
1995-09-18,,,
1995-09-19,,,
1995-09-20,,,
1995-09-21,,,
1995-09-22,,,
1995-09-23,,,
1995-09-24,,,
1995-09-25,,,
1995-09-26,,,
1995-09-27,,,
1995-09-28,,,
1995-09-29,,,
1995-09-30,,,
1995-10-01,,,
1995-10-02,,,
1995-10-03,,,
1995-10-04,,,
1995-10-05,,,
1995-10-06,,,
1995-10-07,,,
1995-10-08,,,
1995-10-09,,,
1995-10-10,,,
1995-10-11,,,
1995-10-12,,,
1995-10-13,,,
1995-10-14,,,
1995-10-15,,,
1995-10-16,,,
1995-10-17,,,
1995-10-18,,,
1995-10-19,,,
1995-10-20,,,
1995-10-21,,,
1995-10-22,,,
1995-10-23,,,
1995-10-24,,,
1995-10-25,,,
1995-10-26,,,
1995-10-27,,,
1995-10-28,,,
1995-10-29,,,
1995-10-30,,,
1995-10-31,,,
1995-11-01,,,
1995-11-02,,,
1995-11-03,,,
1995-11-04,,,
1995-11-05,,,
1995-11-06,,,
1995-11-07,,,
1995-11-08,,,
1995-11-09,,,
1995-11-10,,,
1995-11-11,,,
1995-11-12,,,
1995-11-13,,,
1995-11-14,,,
1995-11-15,,,
1995-11-16,,,
1995-11-17,,,
1995-11-18,,,
1995-11-19,,,
1995-11-20,,,
1995-11-21,,,
1995-11-22,,,
1995-11-23,,,
1995-11-24,,,
1995-11-25,,,
1995-11-26,,,
1995-11-27,,,
1995-11-28,,,
1995-11-29,,,
1995-11-30,,,
1995-12-01,,,
1995-12-02,,,
1995-12-03,,,
1995-12-04,,,
1995-12-05,,,
1995-12-06,,,
1995-12-07,,,
1995-12-08,,,
1995-12-09,,,
1995-12-10,,,
1995-12-11,,,
1995-12-12,,,
1995-12-13,,,
1995-12-14,,,
1995-12-15,,,
1995-12-16,,,
1995-12-17,,,
1995-12-18,,,
1995-12-19,,,
1995-12-20,,,
1995-12-21,,,
1995-12-22,,,
1995-12-23,,,
1995-12-24,,,
1995-12-25,,,
1995-12-26,,,
1995-12-27,,,
1995-12-28,,,
1995-12-29,,,
1995-12-30,,,
1995-12-31,,,
1996-01-01,,,
1996-01-02,,,
1996-01-03,,,
1996-01-04,,,
1996-01-05,,,
1996-01-06,,,
1996-01-07,,,
1996-01-08,,,
1996-01-09,,,
1996-01-10,,,
1996-01-11,,,
1996-01-12,,,
1996-01-13,,,
1996-01-14,,,
1996-01-15,,,
1996-01-16,,,
1996-01-17,,,
1996-01-18,,,
1996-01-19,,,
1996-01-20,,,
1996-01-21,,,
1996-01-22,,,
1996-01-23,,,
1996-01-24,,,
1996-01-25,,,
1996-01-26,,,
1996-01-27,,,
1996-01-28,,,
1996-01-29,,,
1996-01-30,,,
1996-01-31,,,
1996-02-01,,,
1996-02-02,,,
1996-02-03,,,
1996-02-04,,,
1996-02-05,,,
1996-02-06,,,
1996-02-07,,,
1996-02-08,,,
1996-02-09,,,
1996-02-10,,,
1996-02-11,,,
1996-02-12,,,
1996-02-13,,,
1996-02-14,,,
1996-02-15,,,
1996-02-16,,,
1996-02-17,,,
1996-02-18,,,
1996-02-19,,,
1996-02-20,,,
1996-02-21,,,
1996-02-22,,,
1996-02-23,,,
1996-02-24,,,
1996-02-25,,,
1996-02-26,,,
1996-02-27,,,
1996-02-28,,,
1996-02-29,,,
1996-03-01,,,
1996-03-02,,,
1996-03-03,,,
1996-03-04,,,
1996-03-05,,,
1996-03-06,,,
1996-03-07,,,
1996-03-08,,,
1996-03-09,,,
1996-03-10,,,
1996-03-11,,,
1996-03-12,,,
1996-03-13,,,
1996-03-14,,,
1996-03-15,,,
1996-03-16,,,
1996-03-17,,,
1996-03-18,,,
1996-03-19,,,
1996-03-20,,,
1996-03-21,,,
1996-03-22,,,
1996-03-23,,,
1996-03-24,,,
1996-03-25,,,
1996-03-26,,,
1996-03-27,,,
1996-03-28,,,
1996-03-29,,,
1996-03-30,,,
1996-03-31,,,
1996-04-01,,,
1996-04-02,,,
1996-04-03,,,
1996-04-04,,,
1996-04-05,,,
1996-04-06,,,
1996-04-07,,,
1996-04-08,,,
1996-04-09,,,
1996-04-10,,,
1996-04-11,,,
1996-04-12,,,
1996-04-13,,,
1996-04-14,,,
1996-04-15,,,
1996-04-16,,,
1996-04-17,,,
1996-04-18,,,
1996-04-19,,,
1996-04-20,,,
1996-04-21,,,
1996-04-22,,,
1996-04-23,,,
1996-04-24,,,
1996-04-25,,,
1996-04-26,,,
1996-04-27,,,
1996-04-28,,,
1996-04-29,,,
1996-04-30,,,
1996-05-01,,,
1996-05-02,,,
1996-05-03,,,
1996-05-04,,,
1996-05-05,,,
1996-05-06,,,
1996-05-07,,,
1996-05-08,,,
1996-05-09,,,
1996-05-10,,,
1996-05-11,,,
1996-05-12,,,
1996-05-13,,,
1996-05-14,,,
1996-05-15,,,
1996-05-16,,,
1996-05-17,,,
1996-05-18,,,
1996-05-19,,,
1996-05-20,,,
1996-05-21,,,
1996-05-22,,,
1996-05-23,,,
1996-05-24,,,
1996-05-25,,,
1996-05-26,,,
1996-05-27,,,
1996-05-28,,,
1996-05-29,,,
1996-05-30,,,
1996-05-31,,,
1996-06-01,,,
1996-06-02,,,
1996-06-03,,,
1996-06-04,,,
1996-06-05,,,
1996-06-06,,,
1996-06-07,,,
1996-06-08,,,
1996-06-09,,,
1996-06-10,,,
1996-06-11,,,
1996-06-12,,,
1996-06-13,,,
1996-06-14,,,
1996-06-15,,,
1996-06-16,,,
1996-06-17,,,
1996-06-18,,,
1996-06-19,,,
1996-06-20,,,
1996-06-21,,,
1996-06-22,,,
1996-06-23,,,
1996-06-24,,,
1996-06-25,,,
1996-06-26,,,
1996-06-27,,,
1996-06-28,,,
1996-06-29,,,
1996-06-30,,,
1996-07-01,,,
1996-07-02,,,
1996-07-03,,,
1996-07-04,,,
1996-07-05,,,
1996-07-06,,,
1996-07-07,,,
1996-07-08,,,
1996-07-09,,,
1996-07-10,,,
1996-07-11,,,
1996-07-12,,,
1996-07-13,,,
1996-07-14,,,
1996-07-15,,,
1996-07-16,,,
1996-07-17,,,
1996-07-18,,,
1996-07-19,,,
1996-07-20,,,
1996-07-21,,,
1996-07-22,,,
1996-07-23,,,
1996-07-24,,,
1996-07-25,,,
1996-07-26,,,
1996-07-27,,,
1996-07-28,,,
1996-07-29,,,
1996-07-30,,,
1996-07-31,,,
1996-08-01,,,
1996-08-02,,,
1996-08-03,,,
1996-08-04,,,
1996-08-05,,,
1996-08-06,,,
1996-08-07,,,
1996-08-08,,,
1996-08-09,,,
1996-08-10,,,
1996-08-11,,,
1996-08-12,,,
1996-08-13,,,
1996-08-14,,,
1996-08-15,,,
1996-08-16,,,
1996-08-17,,,
1996-08-18,,,
1996-08-19,,,
1996-08-20,,,
1996-08-21,,,
1996-08-22,,,
1996-08-23,,,
1996-08-24,,,
1996-08-25,,,
1996-08-26,,,
1996-08-27,,,
1996-08-28,,,
1996-08-29,,,
1996-08-30,,,
1996-08-31,,,
1996-09-01,,,
1996-09-02,,,
1996-09-03,,,
1996-09-04,,,
1996-09-05,,,
1996-09-06,,,
1996-09-07,,,
1996-09-08,,,
1996-09-09,,,
1996-09-10,,,
1996-09-11,,,
1996-09-12,,,
1996-09-13,,,
1996-09-14,,,
1996-09-15,,,
1996-09-16,,,
1996-09-17,,,
1996-09-18,,,
1996-09-19,,,
1996-09-20,,,
1996-09-21,,,
1996-09-22,,,
1996-09-23,,,
1996-09-24,,,
1996-09-25,,,
1996-09-26,,,
1996-09-27,,,
1996-09-28,,,
1996-09-29,,,
1996-09-30,,,
1996-10-01,,,
1996-10-02,,,
1996-10-03,,,
1996-10-04,,,
1996-10-05,,,
1996-10-06,,,
1996-10-07,,,
1996-10-08,,,
1996-10-09,,,
1996-10-10,,,
1996-10-11,,,
1996-10-12,,,
1996-10-13,,,
1996-10-14,,,
1996-10-15,,,
1996-10-16,,,
1996-10-17,,,
1996-10-18,,,
1996-10-19,,,
1996-10-20,,,
1996-10-21,,,
1996-10-22,,,
1996-10-23,,,
1996-10-24,,,
1996-10-25,,,
1996-10-26,,,
1996-10-27,,,
1996-10-28,,,
1996-10-29,,,
1996-10-30,,,
1996-10-31,,,
1996-11-01,,,
1996-11-02,,,
1996-11-03,,,
1996-11-04,,,
1996-11-05,,,
1996-11-06,,,
1996-11-07,,,
1996-11-08,,,
1996-11-09,,,
1996-11-10,,,
1996-11-11,,,
1996-11-12,,,
1996-11-13,,,
1996-11-14,,,
1996-11-15,,,
1996-11-16,,,
1996-11-17,,,
1996-11-18,,,
1996-11-19,,,
1996-11-20,,,
1996-11-21,,,
1996-11-22,,,
1996-11-23,,,
1996-11-24,,,
1996-11-25,,,
1996-11-26,,,
1996-11-27,,,
1996-11-28,,,
1996-11-29,,,
1996-11-30,,,
1996-12-01,,,
1996-12-02,,,
1996-12-03,,,
1996-12-04,,,
1996-12-05,,,
1996-12-06,,,
1996-12-07,,,
1996-12-08,,,
1996-12-09,,,
1996-12-10,,,
1996-12-11,,,
1996-12-12,,,
1996-12-13,,,
1996-12-14,,,
1996-12-15,,,
1996-12-16,,,
1996-12-17,,,
1996-12-18,,,
1996-12-19,,,
1996-12-20,,,
1996-12-21,,,
1996-12-22,,,
1996-12-23,,,
1996-12-24,,,
1996-12-25,,,
1996-12-26,,,
1996-12-27,,,
1996-12-28,,,
1996-12-29,,,
1996-12-30,,,
1996-12-31,,,
1997-01-01,,,
1997-01-02,,,
1997-01-03,,,
1997-01-04,,,
1997-01-05,,,
1997-01-06,,,
1997-01-07,,,
1997-01-08,,,
1997-01-09,,,
1997-01-10,,,
1997-01-11,,,
1997-01-12,,,
1997-01-13,,,
1997-01-14,,,
1997-01-15,,,
1997-01-16,,,
1997-01-17,,,
1997-01-18,,,
1997-01-19,,,
1997-01-20,,,
1997-01-21,,,
1997-01-22,,,
1997-01-23,,,
1997-01-24,,,
1997-01-25,,,
1997-01-26,,,
1997-01-27,,,
1997-01-28,,,
1997-01-29,,,
1997-01-30,,,
1997-01-31,,,
1997-02-01,,,
1997-02-02,,,
1997-02-03,,,
1997-02-04,,,
1997-02-05,,,
1997-02-06,,,
1997-02-07,,,
1997-02-08,,,
1997-02-09,,,
1997-02-10,,,
1997-02-11,,,
1997-02-12,,,
1997-02-13,,,
1997-02-14,,,
1997-02-15,,,
1997-02-16,,,
1997-02-17,,,
1997-02-18,,,
1997-02-19,,,
1997-02-20,,,
1997-02-21,,,
1997-02-22,,,
1997-02-23,,,
1997-02-24,,,
1997-02-25,,,
1997-02-26,,,
1997-02-27,,,
1997-02-28,,,
1997-03-01,,,
1997-03-02,,,
1997-03-03,,,
1997-03-04,,,
1997-03-05,,,
1997-03-06,,,
1997-03-07,,,
1997-03-08,,,
1997-03-09,,,
1997-03-10,,,
1997-03-11,,,
1997-03-12,,,
1997-03-13,,,
1997-03-14,,,
1997-03-15,,,
1997-03-16,,,
1997-03-17,,,
1997-03-18,,,
1997-03-19,,,
1997-03-20,,,
1997-03-21,,,
1997-03-22,,,
1997-03-23,,,
1997-03-24,,,
1997-03-25,,,
1997-03-26,,,
1997-03-27,,,
1997-03-28,,,
1997-03-29,,,
1997-03-30,,,
1997-03-31,,,
1997-04-01,,,
1997-04-02,,,
1997-04-03,,,
1997-04-04,,,
1997-04-05,,,
1997-04-06,,,
1997-04-07,,,
1997-04-08,,,
1997-04-09,,,
1997-04-10,,,
1997-04-11,,,
1997-04-12,,,
1997-04-13,,,
1997-04-14,,,
1997-04-15,,,
1997-04-16,,,
1997-04-17,,,
1997-04-18,,,
1997-04-19,,,
1997-04-20,,,
1997-04-21,,,
1997-04-22,,,
1997-04-23,,,
1997-04-24,,,
1997-04-25,,,
1997-04-26,,,
1997-04-27,,,
1997-04-28,,,
1997-04-29,,,
1997-04-30,,,
1997-05-01,,,
1997-05-02,,,
1997-05-03,,,
1997-05-04,,,
1997-05-05,,,
1997-05-06,,,
1997-05-07,,,
1997-05-08,,,
1997-05-09,,,
1997-05-10,,,
1997-05-11,,,
1997-05-12,,,
1997-05-13,,,
1997-05-14,,,
1997-05-15,,,
1997-05-16,,,
1997-05-17,,,
1997-05-18,,,
1997-05-19,,,
1997-05-20,,,
1997-05-21,,,
1997-05-22,,,
1997-05-23,,,
1997-05-24,,,
1997-05-25,,,
1997-05-26,,,
1997-05-27,,,
1997-05-28,,,
1997-05-29,,,
1997-05-30,,,
1997-05-31,,,
1997-06-01,,,
1997-06-02,,,
1997-06-03,,,
1997-06-04,,,
1997-06-05,,,
1997-06-06,,,
1997-06-07,,,
1997-06-08,,,
1997-06-09,,,
1997-06-10,,,
1997-06-11,,,
1997-06-12,,,
1997-06-13,,,
1997-06-14,,,
1997-06-15,,,
1997-06-16,,,
1997-06-17,,,
1997-06-18,,,
1997-06-19,,,
1997-06-20,,,
1997-06-21,,,
1997-06-22,,,
1997-06-23,,,
1997-06-24,,,
1997-06-25,,,
1997-06-26,,,
1997-06-27,,,
1997-06-28,,,
1997-06-29,,,
1997-06-30,,,
1997-07-01,,,
1997-07-02,,,
1997-07-03,,,
1997-07-04,,,
1997-07-05,,,
1997-07-06,,,
1997-07-07,,,
1997-07-08,,,
1997-07-09,,,
1997-07-10,,,
1997-07-11,,,
1997-07-12,,,
1997-07-13,,,
1997-07-14,,,
1997-07-15,,,
1997-07-16,,,
1997-07-17,,,
1997-07-18,,,
1997-07-19,,,
1997-07-20,,,
1997-07-21,,,
1997-07-22,,,
1997-07-23,,,
1997-07-24,,,
1997-07-25,,,
1997-07-26,,,
1997-07-27,,,
1997-07-28,,,
1997-07-29,,,
1997-07-30,,,
1997-07-31,,,
1997-08-01,,,
1997-08-02,,,
1997-08-03,,,
1997-08-04,,,
1997-08-05,,,
1997-08-06,,,
1997-08-07,,,
1997-08-08,,,
1997-08-09,,,
1997-08-10,,,
1997-08-11,,,
1997-08-12,,,
1997-08-13,,,
1997-08-14,,,
1997-08-15,,,
1997-08-16,,,
1997-08-17,,,
1997-08-18,,,
1997-08-19,,,
1997-08-20,,,
1997-08-21,,,
1997-08-22,,,
1997-08-23,,,
1997-08-24,,,
1997-08-25,,,
1997-08-26,,,
1997-08-27,,,
1997-08-28,,,
1997-08-29,,,
1997-08-30,,,
1997-08-31,,,
1997-09-01,,,
1997-09-02,,,
1997-09-03,,,
1997-09-04,,,
1997-09-05,,,
1997-09-06,,,
1997-09-07,,,
1997-09-08,,,
1997-09-09,,,
1997-09-10,,,
1997-09-11,,,
1997-09-12,,,
1997-09-13,,,
1997-09-14,,,
1997-09-15,,,
1997-09-16,,,
1997-09-17,,,
1997-09-18,,,
1997-09-19,,,
1997-09-20,,,
1997-09-21,,,
1997-09-22,,,
1997-09-23,,,
1997-09-24,,,
1997-09-25,,,
1997-09-26,,,
1997-09-27,,,
1997-09-28,,,
1997-09-29,,,
1997-09-30,,,
1997-10-01,,,
1997-10-02,,,
1997-10-03,,,
1997-10-04,,,
1997-10-05,,,
1997-10-06,,,
1997-10-07,,,
1997-10-08,,,
1997-10-09,,,
1997-10-10,,,
1997-10-11,,,
1997-10-12,,,
1997-10-13,,,
1997-10-14,,,
1997-10-15,,,
1997-10-16,,,
1997-10-17,,,
1997-10-18,,,
1997-10-19,,,
1997-10-20,,,
1997-10-21,,,
1997-10-22,,,
1997-10-23,,,
1997-10-24,,,
1997-10-25,,,
1997-10-26,,,
1997-10-27,,,
1997-10-28,,,
1997-10-29,,,
1997-10-30,,,
1997-10-31,,,
1997-11-01,,,
1997-11-02,,,
1997-11-03,,,
1997-11-04,,,
1997-11-05,,,
1997-11-06,,,
1997-11-07,,,
1997-11-08,,,
1997-11-09,,,
1997-11-10,,,
1997-11-11,,,
1997-11-12,,,
1997-11-13,,,
1997-11-14,,,
1997-11-15,,,
1997-11-16,,,
1997-11-17,,,
1997-11-18,,,
1997-11-19,,,
1997-11-20,,,
1997-11-21,,,
1997-11-22,,,
1997-11-23,,,
1997-11-24,,,
1997-11-25,,,
1997-11-26,,,
1997-11-27,,,
1997-11-28,,,
1997-11-29,,,
1997-11-30,,,
1997-12-01,,,
1997-12-02,,,
1997-12-03,,,
1997-12-04,,,
1997-12-05,,,
1997-12-06,,,
1997-12-07,,,
1997-12-08,,,
1997-12-09,,,
1997-12-10,,,
1997-12-11,,,
1997-12-12,,,
1997-12-13,,,
1997-12-14,,,
1997-12-15,,,
1997-12-16,,,
1997-12-17,,,
1997-12-18,,,
1997-12-19,,,
1997-12-20,,,
1997-12-21,,,
1997-12-22,,,
1997-12-23,,,
1997-12-24,,,
1997-12-25,,,
1997-12-26,,,
1997-12-27,,,
1997-12-28,,,
1997-12-29,,,
1997-12-30,,,
1997-12-31,,,
1998-01-01,,,
1998-01-02,,,
1998-01-03,,,
1998-01-04,,,
1998-01-05,,,
1998-01-06,,,
1998-01-07,,,
1998-01-08,,,
1998-01-09,,,
1998-01-10,,,
1998-01-11,,,
1998-01-12,,,
1998-01-13,,,
1998-01-14,,,
1998-01-15,,,
1998-01-16,,,
1998-01-17,,,
1998-01-18,,,
1998-01-19,,,
1998-01-20,,,
1998-01-21,,,
1998-01-22,,,
1998-01-23,,,
1998-01-24,,,
1998-01-25,,,
1998-01-26,,,
1998-01-27,,,
1998-01-28,,,
1998-01-29,,,
1998-01-30,,,
1998-01-31,,,
1998-02-01,,,
1998-02-02,,,
1998-02-03,,,
1998-02-04,,,
1998-02-05,,,
1998-02-06,,,
1998-02-07,,,
1998-02-08,,,
1998-02-09,,,
1998-02-10,,,
1998-02-11,,,
1998-02-12,,,
1998-02-13,,,
1998-02-14,,,
1998-02-15,,,
1998-02-16,,,
1998-02-17,,,
1998-02-18,,,
1998-02-19,,,
1998-02-20,,,
1998-02-21,,,
1998-02-22,,,
1998-02-23,,,
1998-02-24,,,
1998-02-25,,,
1998-02-26,,,
1998-02-27,,,
1998-02-28,,,
1998-03-01,,,
1998-03-02,,,
1998-03-03,,,
1998-03-04,,,
1998-03-05,,,
1998-03-06,,,
1998-03-07,,,
1998-03-08,,,
1998-03-09,,,
1998-03-10,,,
1998-03-11,,,
1998-03-12,,,
1998-03-13,,,
1998-03-14,,,
1998-03-15,,,
1998-03-16,,,
1998-03-17,,,
1998-03-18,,,
1998-03-19,,,
1998-03-20,,,
1998-03-21,,,
1998-03-22,,,
1998-03-23,,,
1998-03-24,,,
1998-03-25,,,
1998-03-26,,,
1998-03-27,,,
1998-03-28,,,
1998-03-29,,,
1998-03-30,,,
1998-03-31,,,
1998-04-01,,,
1998-04-02,,,
1998-04-03,,,
1998-04-04,,,
1998-04-05,,,
1998-04-06,,,
1998-04-07,,,
1998-04-08,,,
1998-04-09,,,
1998-04-10,,,
1998-04-11,,,
1998-04-12,,,
1998-04-13,,,
1998-04-14,,,
1998-04-15,,,
1998-04-16,,,
1998-04-17,,,
1998-04-18,,,
1998-04-19,,,
1998-04-20,,,
1998-04-21,,,
1998-04-22,,,
1998-04-23,,,
1998-04-24,,,
1998-04-25,,,
1998-04-26,,,
1998-04-27,,,
1998-04-28,,,
1998-04-29,,,
1998-04-30,,,
1998-05-01,,,
1998-05-02,,,
1998-05-03,,,
1998-05-04,,,
1998-05-05,,,
1998-05-06,,,
1998-05-07,,,
1998-05-08,,,
1998-05-09,,,
1998-05-10,,,
1998-05-11,,,
1998-05-12,,,
1998-05-13,,,
1998-05-14,,,
1998-05-15,,,
1998-05-16,,,
1998-05-17,,,
1998-05-18,,,
1998-05-19,,,
1998-05-20,,,
1998-05-21,,,
1998-05-22,,,
1998-05-23,,,
1998-05-24,,,
1998-05-25,,,
1998-05-26,,,
1998-05-27,,,
1998-05-28,,,
1998-05-29,,,
1998-05-30,,,
1998-05-31,,,
1998-06-01,,,
1998-06-02,,,
1998-06-03,,,
1998-06-04,,,
1998-06-05,,,
1998-06-06,,,
1998-06-07,,,
1998-06-08,,,
1998-06-09,,,
1998-06-10,,,
1998-06-11,,,
1998-06-12,,,
1998-06-13,,,
1998-06-14,,,
1998-06-15,,,
1998-06-16,,,
1998-06-17,,,
1998-06-18,,,
1998-06-19,,,
1998-06-20,,,
1998-06-21,,,
1998-06-22,,,
1998-06-23,,,
1998-06-24,,,
1998-06-25,,,
1998-06-26,,,
1998-06-27,,,
1998-06-28,,,
1998-06-29,,,
1998-06-30,,,
1998-07-01,,,
1998-07-02,,,
1998-07-03,,,
1998-07-04,,,
1998-07-05,,,
1998-07-06,,,
1998-07-07,,,
1998-07-08,,,
1998-07-09,,,
1998-07-10,,,
1998-07-11,,,
1998-07-12,,,
1998-07-13,,,
1998-07-14,,,
1998-07-15,,,
1998-07-16,,,
1998-07-17,,,
1998-07-18,,,
1998-07-19,,,
1998-07-20,,,
1998-07-21,,,
1998-07-22,,,
1998-07-23,,,
1998-07-24,,,
1998-07-25,,,
1998-07-26,,,
1998-07-27,,,
1998-07-28,,,
1998-07-29,,,
1998-07-30,,,
1998-07-31,,,
1998-08-01,,,
1998-08-02,,,
1998-08-03,,,
1998-08-04,,,
1998-08-05,,,
1998-08-06,,,
1998-08-07,,,
1998-08-08,,,
1998-08-09,,,
1998-08-10,,,
1998-08-11,,,
1998-08-12,,,
1998-08-13,,,
1998-08-14,,,
1998-08-15,,,
1998-08-16,,,
1998-08-17,,,
1998-08-18,,,
1998-08-19,,,
1998-08-20,,,
1998-08-21,,,
1998-08-22,,,
1998-08-23,,,
1998-08-24,,,
1998-08-25,,,
1998-08-26,,,
1998-08-27,,,
1998-08-28,,,
1998-08-29,,,
1998-08-30,,,
1998-08-31,,,
1998-09-01,,,
1998-09-02,,,
1998-09-03,,,
1998-09-04,,,
1998-09-05,,,
1998-09-06,,,
1998-09-07,,,
1998-09-08,,,
1998-09-09,,,
1998-09-10,,,
1998-09-11,,,
1998-09-12,,,
1998-09-13,,,
1998-09-14,,,
1998-09-15,,,
1998-09-16,,,
1998-09-17,,,
1998-09-18,,,
1998-09-19,,,
1998-09-20,,,
1998-09-21,,,
1998-09-22,,,
1998-09-23,,,
1998-09-24,,,
1998-09-25,,,
1998-09-26,,,
1998-09-27,,,
1998-09-28,,,
1998-09-29,,,
1998-09-30,,,
1998-10-01,,,
1998-10-02,,,
1998-10-03,,,
1998-10-04,,,
1998-10-05,,,
1998-10-06,,,
1998-10-07,,,
1998-10-08,,,
1998-10-09,,,
1998-10-10,,,
1998-10-11,,,
1998-10-12,,,
1998-10-13,,,
1998-10-14,,,
1998-10-15,,,
1998-10-16,,,
1998-10-17,,,
1998-10-18,,,
1998-10-19,,,
1998-10-20,,,
1998-10-21,,,
1998-10-22,,,
1998-10-23,,,
1998-10-24,,,
1998-10-25,,,
1998-10-26,,,
1998-10-27,,,
1998-10-28,,,
1998-10-29,,,
1998-10-30,,,
1998-10-31,,,
1998-11-01,,,
1998-11-02,,,
1998-11-03,,,
1998-11-04,,,
1998-11-05,,,
1998-11-06,,,
1998-11-07,,,
1998-11-08,,,
1998-11-09,,,
1998-11-10,,,
1998-11-11,,,
1998-11-12,,,
1998-11-13,,,
1998-11-14,,,
1998-11-15,,,
1998-11-16,,,
1998-11-17,,,
1998-11-18,,,
1998-11-19,,,
1998-11-20,,,
1998-11-21,,,
1998-11-22,,,
1998-11-23,,,
1998-11-24,,,
1998-11-25,,,
1998-11-26,,,
1998-11-27,,,
1998-11-28,,,
1998-11-29,,,
1998-11-30,,,
1998-12-01,,,
1998-12-02,,,
1998-12-03,,,
1998-12-04,,,
1998-12-05,,,
1998-12-06,,,
1998-12-07,,,
1998-12-08,,,
1998-12-09,,,
1998-12-10,,,
1998-12-11,,,
1998-12-12,,,
1998-12-13,,,
1998-12-14,,,
1998-12-15,,,
1998-12-16,,,
1998-12-17,,,
1998-12-18,,,
1998-12-19,,,
1998-12-20,,,
1998-12-21,,,
1998-12-22,,,
1998-12-23,,,
1998-12-24,,,
1998-12-25,,,
1998-12-26,,,
1998-12-27,,,
1998-12-28,,,
1998-12-29,,,
1998-12-30,,,
1998-12-31,,,
1999-01-01,,,
1999-01-02,,,
1999-01-03,,,
1999-01-04,,,
1999-01-05,,,
1999-01-06,,,
1999-01-07,,,
1999-01-08,,,
1999-01-09,,,
1999-01-10,,,
1999-01-11,,,
1999-01-12,,,
1999-01-13,,,
1999-01-14,,,
1999-01-15,,,
1999-01-16,,,
1999-01-17,,,
1999-01-18,,,
1999-01-19,,,
1999-01-20,,,
1999-01-21,,,
1999-01-22,,,
1999-01-23,,,
1999-01-24,,,
1999-01-25,,,
1999-01-26,,,
1999-01-27,,,
1999-01-28,,,
1999-01-29,,,
1999-01-30,,,
1999-01-31,,,
1999-02-01,,,
1999-02-02,,,
1999-02-03,,,
1999-02-04,,,
1999-02-05,,,
1999-02-06,,,
1999-02-07,,,
1999-02-08,,,
1999-02-09,,,
1999-02-10,,,
1999-02-11,,,
1999-02-12,,,
1999-02-13,,,
1999-02-14,,,
1999-02-15,,,
1999-02-16,,,
1999-02-17,,,
1999-02-18,,,
1999-02-19,,,
1999-02-20,,,
1999-02-21,,,
1999-02-22,,,
1999-02-23,,,
1999-02-24,,,
1999-02-25,,,
1999-02-26,,,
1999-02-27,,,
1999-02-28,,,
1999-03-01,,,
1999-03-02,,,
1999-03-03,,,
1999-03-04,,,
1999-03-05,,,
1999-03-06,,,
1999-03-07,,,
1999-03-08,,,
1999-03-09,,,
1999-03-10,,,
1999-03-11,,,
1999-03-12,,,
1999-03-13,,,
1999-03-14,,,
1999-03-15,,,
1999-03-16,,,
1999-03-17,,,
1999-03-18,,,
1999-03-19,,,
1999-03-20,,,
1999-03-21,,,
1999-03-22,,,
1999-03-23,,,
1999-03-24,,,
1999-03-25,,,
1999-03-26,,,
1999-03-27,,,
1999-03-28,,,
1999-03-29,,,
1999-03-30,,,
1999-03-31,,,
1999-04-01,,,
1999-04-02,,,
1999-04-03,,,
1999-04-04,,,
1999-04-05,,,
1999-04-06,,,
1999-04-07,,,
1999-04-08,,,
1999-04-09,,,
1999-04-10,,,
1999-04-11,,,
1999-04-12,,,
1999-04-13,,,
1999-04-14,,,
1999-04-15,,,
1999-04-16,,,
1999-04-17,,,
1999-04-18,,,
1999-04-19,,,
1999-04-20,,,
1999-04-21,,,
1999-04-22,,,
1999-04-23,,,
1999-04-24,,,
1999-04-25,,,
1999-04-26,,,
1999-04-27,,,
1999-04-28,,,
1999-04-29,,,
1999-04-30,,,
1999-05-01,,,
1999-05-02,,,
1999-05-03,,,
1999-05-04,,,
1999-05-05,,,
1999-05-06,,,
1999-05-07,,,
1999-05-08,,,
1999-05-09,,,
1999-05-10,,,
1999-05-11,,,
1999-05-12,,,
1999-05-13,,,
1999-05-14,,,
1999-05-15,,,
1999-05-16,,,
1999-05-17,,,
1999-05-18,,,
1999-05-19,,,
1999-05-20,,,
1999-05-21,,,
1999-05-22,,,
1999-05-23,,,
1999-05-24,,,
1999-05-25,,,
1999-05-26,,,
1999-05-27,,,
1999-05-28,,,
1999-05-29,,,
1999-05-30,,,
1999-05-31,,,
1999-06-01,,,
1999-06-02,,,
1999-06-03,,,
1999-06-04,,,
1999-06-05,,,
1999-06-06,,,
1999-06-07,,,
1999-06-08,,,
1999-06-09,,,
1999-06-10,,,
1999-06-11,,,
1999-06-12,,,
1999-06-13,,,
1999-06-14,,,
1999-06-15,,,
1999-06-16,,,
1999-06-17,,,
1999-06-18,,,
1999-06-19,,,
1999-06-20,,,
1999-06-21,,,
1999-06-22,,,
1999-06-23,,,
1999-06-24,,,
1999-06-25,,,
1999-06-26,,,
1999-06-27,,,
1999-06-28,,,
1999-06-29,,,
1999-06-30,,,
1999-07-01,,,
1999-07-02,,,
1999-07-03,,,
1999-07-04,,,
1999-07-05,,,
1999-07-06,,,
1999-07-07,,,
1999-07-08,,,
1999-07-09,,,
1999-07-10,,,
1999-07-11,,,
1999-07-12,,,
1999-07-13,,,
1999-07-14,,,
1999-07-15,,,
1999-07-16,,,
1999-07-17,,,
1999-07-18,,,
1999-07-19,,,
1999-07-20,,,
1999-07-21,,,
1999-07-22,,,
1999-07-23,,,
1999-07-24,,,
1999-07-25,,,
1999-07-26,,,
1999-07-27,,,
1999-07-28,,,
1999-07-29,,,
1999-07-30,,,
1999-07-31,,,
1999-08-01,,,
1999-08-02,,,
1999-08-03,,,
1999-08-04,,,
1999-08-05,,,
1999-08-06,,,
1999-08-07,,,
1999-08-08,,,
1999-08-09,,,
1999-08-10,,,
1999-08-11,,,
1999-08-12,,,
1999-08-13,,,
1999-08-14,,,
1999-08-15,,,
1999-08-16,,,
1999-08-17,,,
1999-08-18,,,
1999-08-19,,,
1999-08-20,,,
1999-08-21,,,
1999-08-22,,,
1999-08-23,,,
1999-08-24,,,
1999-08-25,,,
1999-08-26,,,
1999-08-27,,,
1999-08-28,,,
1999-08-29,,,
1999-08-30,,,
1999-08-31,,,
1999-09-01,,,
1999-09-02,,,
1999-09-03,,,
1999-09-04,,,
1999-09-05,,,
1999-09-06,,,
1999-09-07,,,
1999-09-08,,,
1999-09-09,,,
1999-09-10,,,
1999-09-11,,,
1999-09-12,,,
1999-09-13,,,
1999-09-14,,,
1999-09-15,,,
1999-09-16,,,
1999-09-17,,,
1999-09-18,,,
1999-09-19,,,
1999-09-20,,,
1999-09-21,,,
1999-09-22,,,
1999-09-23,,,
1999-09-24,,,
1999-09-25,,,
1999-09-26,,,
1999-09-27,,,
1999-09-28,,,
1999-09-29,,,
1999-09-30,,,
1999-10-01,,,
1999-10-02,,,
1999-10-03,,,
1999-10-04,,,
1999-10-05,,,
1999-10-06,,,
1999-10-07,,,
1999-10-08,,,
1999-10-09,,,
1999-10-10,,,
1999-10-11,,,
1999-10-12,,,
1999-10-13,,,
1999-10-14,,,
1999-10-15,,,
1999-10-16,,,
1999-10-17,,,
1999-10-18,,,
1999-10-19,,,
1999-10-20,,,
1999-10-21,,,
1999-10-22,,,
1999-10-23,,,
1999-10-24,,,
1999-10-25,,,
1999-10-26,,,
1999-10-27,,,
1999-10-28,,,
1999-10-29,,,
1999-10-30,,,
1999-10-31,,,
1999-11-01,,,
1999-11-02,,,
1999-11-03,,,
1999-11-04,,,
1999-11-05,,,
1999-11-06,,,
1999-11-07,,,
1999-11-08,,,
1999-11-09,,,
1999-11-10,,,
1999-11-11,,,
1999-11-12,,,
1999-11-13,,,
1999-11-14,,,
1999-11-15,,,
1999-11-16,,,
1999-11-17,,,
1999-11-18,,,
1999-11-19,,,
1999-11-20,,,
1999-11-21,,,
1999-11-22,,,
1999-11-23,,,
1999-11-24,,,
1999-11-25,,,
1999-11-26,,,
1999-11-27,,,
1999-11-28,,,
1999-11-29,,,
1999-11-30,,,
1999-12-01,,,
1999-12-02,,,
1999-12-03,,,
1999-12-04,,,
1999-12-05,,,
1999-12-06,,,
1999-12-07,,,
1999-12-08,,,
1999-12-09,,,
1999-12-10,,,
1999-12-11,,,
1999-12-12,,,
1999-12-13,,,
1999-12-14,,,
1999-12-15,,,
1999-12-16,,,
1999-12-17,,,
1999-12-18,,,
1999-12-19,,,
1999-12-20,,,
1999-12-21,,,
1999-12-22,,,
1999-12-23,,,
1999-12-24,,,
1999-12-25,,,
1999-12-26,,,
1999-12-27,,,
1999-12-28,,,
1999-12-29,,,
1999-12-30,,,
1999-12-31,,,
2000-01-01,,,
2000-01-02,,,
2000-01-03,,,
2000-01-04,,,
2000-01-05,,,
2000-01-06,,,
2000-01-07,,,
2000-01-08,,,
2000-01-09,,,
2000-01-10,,,
2000-01-11,,,
2000-01-12,,,
2000-01-13,,,
2000-01-14,,,
2000-01-15,,,
2000-01-16,,,
2000-01-17,,,
2000-01-18,,,
2000-01-19,,,
2000-01-20,,,
2000-01-21,,,
2000-01-22,,,
2000-01-23,,,
2000-01-24,,,
2000-01-25,,,
2000-01-26,,,
2000-01-27,,,
2000-01-28,,,
2000-01-29,,,
2000-01-30,,,
2000-01-31,,,
2000-02-01,,,
2000-02-02,,,
2000-02-03,,,
2000-02-04,,,
2000-02-05,,,
2000-02-06,,,
2000-02-07,,,
2000-02-08,,,
2000-02-09,,,
2000-02-10,,,
2000-02-11,,,
2000-02-12,,,
2000-02-13,,,
2000-02-14,,,
2000-02-15,,,
2000-02-16,,,
2000-02-17,,,
2000-02-18,,,
2000-02-19,,,
2000-02-20,,,
2000-02-21,,,
2000-02-22,,,
2000-02-23,,,
2000-02-24,,,
2000-02-25,,,
2000-02-26,,,
2000-02-27,,,
2000-02-28,,,
2000-02-29,,,
2000-03-01,,,
2000-03-02,,,
2000-03-03,,,
2000-03-04,,,
2000-03-05,,,
2000-03-06,,,
2000-03-07,,,
2000-03-08,,,
2000-03-09,,,
2000-03-10,,,
2000-03-11,,,
2000-03-12,,,
2000-03-13,,,
2000-03-14,,,
2000-03-15,,,
2000-03-16,,,
2000-03-17,,,
2000-03-18,,,
2000-03-19,,,
2000-03-20,,,
2000-03-21,,,
2000-03-22,,,
2000-03-23,,,
2000-03-24,,,
2000-03-25,,,
2000-03-26,,,
2000-03-27,,,
2000-03-28,,,
2000-03-29,,,
2000-03-30,,,
2000-03-31,,,
2000-04-01,,,
2000-04-02,,,
2000-04-03,,,
2000-04-04,,,
2000-04-05,,,
2000-04-06,,,
2000-04-07,,,
2000-04-08,,,
2000-04-09,,,
2000-04-10,,,
2000-04-11,,,
2000-04-12,,,
2000-04-13,,,
2000-04-14,,,
2000-04-15,,,
2000-04-16,,,
2000-04-17,,,
2000-04-18,,,
2000-04-19,,,
2000-04-20,,,
2000-04-21,,,
2000-04-22,,,
2000-04-23,,,
2000-04-24,,,
2000-04-25,,,
2000-04-26,,,
2000-04-27,,,
2000-04-28,,,
2000-04-29,,,
2000-04-30,,,
2000-05-01,,,
2000-05-02,,,
2000-05-03,,,
2000-05-04,,,
2000-05-05,,,
2000-05-06,,,
2000-05-07,,,
2000-05-08,,,
2000-05-09,,,
2000-05-10,,,
2000-05-11,,,
2000-05-12,,,
2000-05-13,,,
2000-05-14,,,
2000-05-15,,,
2000-05-16,,,
2000-05-17,,,
2000-05-18,,,
2000-05-19,,,
2000-05-20,,,
2000-05-21,,,
2000-05-22,,,
2000-05-23,,,
2000-05-24,,,
2000-05-25,,,
2000-05-26,,,
2000-05-27,,,
2000-05-28,,,
2000-05-29,,,
2000-05-30,,,
2000-05-31,,,
2000-06-01,,,
2000-06-02,,,
2000-06-03,,,
2000-06-04,,,
2000-06-05,,,
2000-06-06,,,
2000-06-07,,,
2000-06-08,,,
2000-06-09,,,
2000-06-10,,,
2000-06-11,,,
2000-06-12,,,
2000-06-13,,,
2000-06-14,,,
2000-06-15,,,
2000-06-16,,,
2000-06-17,,,
2000-06-18,,,
2000-06-19,,,
2000-06-20,,,
2000-06-21,,,
2000-06-22,,,
2000-06-23,,,
2000-06-24,,,
2000-06-25,,,
2000-06-26,,,
2000-06-27,,,
2000-06-28,,,
2000-06-29,,,
2000-06-30,,,
2000-07-01,,,
2000-07-02,,,
2000-07-03,,,
2000-07-04,,,
2000-07-05,,,
2000-07-06,,,
2000-07-07,,,
2000-07-08,,,
2000-07-09,,,
2000-07-10,,,
2000-07-11,,,
2000-07-12,,,
2000-07-13,,,
2000-07-14,,,
2000-07-15,,,
2000-07-16,,,
2000-07-17,,,
2000-07-18,,,
2000-07-19,,,
2000-07-20,,,
2000-07-21,,,
2000-07-22,,,
2000-07-23,,,
2000-07-24,,,
2000-07-25,,,
2000-07-26,,,
2000-07-27,,,
2000-07-28,,,
2000-07-29,,,
2000-07-30,,,
2000-07-31,,,
2000-08-01,,,
2000-08-02,,,
2000-08-03,,,
2000-08-04,,,
2000-08-05,,,
2000-08-06,,,
2000-08-07,,,
2000-08-08,,,
2000-08-09,,,
2000-08-10,,,
2000-08-11,,,
2000-08-12,,,
2000-08-13,,,
2000-08-14,,,
2000-08-15,,,
2000-08-16,,,
2000-08-17,,,
2000-08-18,,,
2000-08-19,,,
2000-08-20,,,
2000-08-21,,,
2000-08-22,,,
2000-08-23,,,
2000-08-24,,,
2000-08-25,,,
2000-08-26,,,
2000-08-27,,,
2000-08-28,,,
2000-08-29,,,
2000-08-30,,,
2000-08-31,,,
2000-09-01,,,
2000-09-02,,,
2000-09-03,,,
2000-09-04,,,
2000-09-05,,,
2000-09-06,,,
2000-09-07,,,
2000-09-08,,,
2000-09-09,,,
2000-09-10,,,
2000-09-11,,,
2000-09-12,,,
2000-09-13,,,
2000-09-14,,,
2000-09-15,,,
2000-09-16,,,
2000-09-17,,,
2000-09-18,,,
2000-09-19,,,
2000-09-20,,,
2000-09-21,,,
2000-09-22,,,
2000-09-23,,,
2000-09-24,,,
2000-09-25,,,
2000-09-26,,,
2000-09-27,,,
2000-09-28,,,
2000-09-29,,,
2000-09-30,,,
2000-10-01,,,
2000-10-02,,,
2000-10-03,,,
2000-10-04,,,
2000-10-05,,,
2000-10-06,,,
2000-10-07,,,
2000-10-08,,,
2000-10-09,,,
2000-10-10,,,
2000-10-11,,,
2000-10-12,,,
2000-10-13,,,
2000-10-14,,,
2000-10-15,,,
2000-10-16,,,
2000-10-17,,,
2000-10-18,,,
2000-10-19,,,
2000-10-20,,,
2000-10-21,,,
2000-10-22,,,
2000-10-23,,,
2000-10-24,,,
2000-10-25,,,
2000-10-26,,,
2000-10-27,,,
2000-10-28,,,
2000-10-29,,,
2000-10-30,,,
2000-10-31,,,
2000-11-01,,,
2000-11-02,,,
2000-11-03,,,
2000-11-04,,,
2000-11-05,,,
2000-11-06,,,
2000-11-07,,,
2000-11-08,,,
2000-11-09,,,
2000-11-10,,,
2000-11-11,,,
2000-11-12,,,
2000-11-13,,,
2000-11-14,,,
2000-11-15,,,
2000-11-16,,,
2000-11-17,,,
2000-11-18,,,
2000-11-19,,,
2000-11-20,,,
2000-11-21,,,
2000-11-22,,,
2000-11-23,,,
2000-11-24,,,
2000-11-25,,,
2000-11-26,,,
2000-11-27,,,
2000-11-28,,,
2000-11-29,,,
2000-11-30,,,
2000-12-01,,,
2000-12-02,,,
2000-12-03,,,
2000-12-04,,,
2000-12-05,,,
2000-12-06,,,
2000-12-07,,,
2000-12-08,,,
2000-12-09,,,
2000-12-10,,,
2000-12-11,,,
2000-12-12,,,
2000-12-13,,,
2000-12-14,,,
2000-12-15,,,
2000-12-16,,,
2000-12-17,,,
2000-12-18,,,
2000-12-19,,,
2000-12-20,,,
2000-12-21,,,
2000-12-22,,,
2000-12-23,,,
2000-12-24,,,
2000-12-25,,,
2000-12-26,,,
2000-12-27,,,
2000-12-28,,,
2000-12-29,,,
2000-12-30,,,
2000-12-31,,,
2001-01-01,,,
2001-01-02,,,
2001-01-03,,,
2001-01-04,,,
2001-01-05,,,
2001-01-06,,,
2001-01-07,,,
2001-01-08,,,
2001-01-09,,,
2001-01-10,,,
2001-01-11,,,
2001-01-12,,,
2001-01-13,,,
2001-01-14,,,
2001-01-15,,,
2001-01-16,,,
2001-01-17,,,
2001-01-18,,,
2001-01-19,,,
2001-01-20,,,
2001-01-21,,,
2001-01-22,,,
2001-01-23,,,
2001-01-24,,,
2001-01-25,,,
2001-01-26,,,
2001-01-27,,,
2001-01-28,,,
2001-01-29,,,
2001-01-30,,,
2001-01-31,,,
2001-02-01,,,
2001-02-02,,,
2001-02-03,,,
2001-02-04,,,
2001-02-05,,,
2001-02-06,,,
2001-02-07,,,
2001-02-08,,,
2001-02-09,,,
2001-02-10,,,
2001-02-11,,,
2001-02-12,,,
2001-02-13,,,
2001-02-14,,,
2001-02-15,,,
2001-02-16,,,
2001-02-17,,,
2001-02-18,,,
2001-02-19,,,
2001-02-20,,,
2001-02-21,,,
2001-02-22,,,
2001-02-23,,,
2001-02-24,,,
2001-02-25,,,
2001-02-26,,,
2001-02-27,,,
2001-02-28,,,
2001-03-01,,,
2001-03-02,,,
2001-03-03,,,
2001-03-04,,,
2001-03-05,,,
2001-03-06,,,
2001-03-07,,,
2001-03-08,,,
2001-03-09,,,
2001-03-10,,,
2001-03-11,,,
2001-03-12,,,
2001-03-13,,,
2001-03-14,,,
2001-03-15,,,
2001-03-16,,,
2001-03-17,,,
2001-03-18,,,
2001-03-19,,,
2001-03-20,,,
2001-03-21,,,
2001-03-22,,,
2001-03-23,,,
2001-03-24,,,
2001-03-25,,,
2001-03-26,,,
2001-03-27,,,
2001-03-28,,,
2001-03-29,,,
2001-03-30,,,
2001-03-31,,,
2001-04-01,,,
2001-04-02,,,
2001-04-03,,,
2001-04-04,,,
2001-04-05,,,
2001-04-06,,,
2001-04-07,,,
2001-04-08,,,
2001-04-09,,,
2001-04-10,,,
2001-04-11,,,
2001-04-12,,,
2001-04-13,,,
2001-04-14,,,
2001-04-15,,,
2001-04-16,,,
2001-04-17,,,
2001-04-18,,,
2001-04-19,,,
2001-04-20,,,
2001-04-21,,,
2001-04-22,,,
2001-04-23,,,
2001-04-24,,,
2001-04-25,,,
2001-04-26,,,
2001-04-27,,,
2001-04-28,,,
2001-04-29,,,
2001-04-30,,,
2001-05-01,,,
2001-05-02,,,
2001-05-03,,,
2001-05-04,,,
2001-05-05,,,
2001-05-06,,,
2001-05-07,,,
2001-05-08,,,
2001-05-09,,,
2001-05-10,,,
2001-05-11,,,
2001-05-12,,,
2001-05-13,,,
2001-05-14,,,
2001-05-15,,,
2001-05-16,,,
2001-05-17,,,
2001-05-18,,,
2001-05-19,,,
2001-05-20,,,
2001-05-21,,,
2001-05-22,,,
2001-05-23,,,
2001-05-24,,,
2001-05-25,,,
2001-05-26,,,
2001-05-27,,,
2001-05-28,,,
2001-05-29,,,
2001-05-30,,,
2001-05-31,,,
2001-06-01,,,
2001-06-02,,,
2001-06-03,,,
2001-06-04,,,
2001-06-05,,,
2001-06-06,,,
2001-06-07,,,
2001-06-08,,,
2001-06-09,,,
2001-06-10,,,
2001-06-11,,,
2001-06-12,,,
2001-06-13,,,
2001-06-14,,,
2001-06-15,,,
2001-06-16,,,
2001-06-17,,,
2001-06-18,,,
2001-06-19,,,
2001-06-20,,,
2001-06-21,,,
2001-06-22,,,
2001-06-23,,,
2001-06-24,,,
2001-06-25,,,
2001-06-26,,,
2001-06-27,,,
2001-06-28,,,
2001-06-29,,,
2001-06-30,,,
2001-07-01,,,
2001-07-02,,,
2001-07-03,,,
2001-07-04,,,
2001-07-05,,,
2001-07-06,,,
2001-07-07,,,
2001-07-08,,,
2001-07-09,,,
2001-07-10,,,
2001-07-11,,,
2001-07-12,,,
2001-07-13,,,
2001-07-14,,,
2001-07-15,,,
2001-07-16,,,
2001-07-17,,,
2001-07-18,,,
2001-07-19,,,
2001-07-20,,,
2001-07-21,,,
2001-07-22,,,
2001-07-23,,,
2001-07-24,,,
2001-07-25,,,
2001-07-26,,,
2001-07-27,,,
2001-07-28,,,
2001-07-29,,,
2001-07-30,,,
2001-07-31,,,
2001-08-01,,,
2001-08-02,,,
2001-08-03,,,
2001-08-04,,,
2001-08-05,,,
2001-08-06,,,
2001-08-07,,,
2001-08-08,,,
2001-08-09,,,
2001-08-10,,,
2001-08-11,,,
2001-08-12,,,
2001-08-13,,,
2001-08-14,,,
2001-08-15,,,
2001-08-16,,,
2001-08-17,,,
2001-08-18,,,
2001-08-19,,,
2001-08-20,,,
2001-08-21,,,
2001-08-22,,,
2001-08-23,,,
2001-08-24,,,
2001-08-25,,,
2001-08-26,,,
2001-08-27,,,
2001-08-28,,,
2001-08-29,,,
2001-08-30,,,
2001-08-31,,,
2001-09-01,,,
2001-09-02,,,
2001-09-03,,,
2001-09-04,,,
2001-09-05,,,
2001-09-06,,,
2001-09-07,,,
2001-09-08,,,
2001-09-09,,,
2001-09-10,,,
2001-09-11,,,
2001-09-12,,,
2001-09-13,,,
2001-09-14,,,
2001-09-15,,,
2001-09-16,,,
2001-09-17,,,
2001-09-18,,,
2001-09-19,,,
2001-09-20,,,
2001-09-21,,,
2001-09-22,,,
2001-09-23,,,
2001-09-24,,,
2001-09-25,,,
2001-09-26,,,
2001-09-27,,,
2001-09-28,,,
2001-09-29,,,
2001-09-30,,,
2001-10-01,,,
2001-10-02,,,
2001-10-03,,,
2001-10-04,,,
2001-10-05,,,
2001-10-06,,,
2001-10-07,,,
2001-10-08,,,
2001-10-09,,,
2001-10-10,,,
2001-10-11,,,
2001-10-12,,,
2001-10-13,,,
2001-10-14,,,
2001-10-15,,,
2001-10-16,,,
2001-10-17,,,
2001-10-18,,,
2001-10-19,,,
2001-10-20,,,
2001-10-21,,,
2001-10-22,,,
2001-10-23,,,
2001-10-24,,,
2001-10-25,,,
2001-10-26,,,
2001-10-27,,,
2001-10-28,,,
2001-10-29,,,
2001-10-30,,,
2001-10-31,,,
2001-11-01,,,
2001-11-02,,,
2001-11-03,,,
2001-11-04,,,
2001-11-05,,,
2001-11-06,,,
2001-11-07,,,
2001-11-08,,,
2001-11-09,,,
2001-11-10,,,
2001-11-11,,,
2001-11-12,,,
2001-11-13,,,
2001-11-14,,,
2001-11-15,,,
2001-11-16,,,
2001-11-17,,,
2001-11-18,,,
2001-11-19,,,
2001-11-20,,,
2001-11-21,,,
2001-11-22,,,
2001-11-23,,,
2001-11-24,,,
2001-11-25,,,
2001-11-26,,,
2001-11-27,,,
2001-11-28,,,
2001-11-29,,,
2001-11-30,,,
2001-12-01,,,
2001-12-02,,,
2001-12-03,,,
2001-12-04,,,
2001-12-05,,,
2001-12-06,,,
2001-12-07,,,
2001-12-08,,,
2001-12-09,,,
2001-12-10,,,
2001-12-11,,,
2001-12-12,,,
2001-12-13,,,
2001-12-14,,,
2001-12-15,,,
2001-12-16,,,
2001-12-17,,,
2001-12-18,,,
2001-12-19,,,
2001-12-20,,,
2001-12-21,,,
2001-12-22,,,
2001-12-23,,,
2001-12-24,,,
2001-12-25,,,
2001-12-26,,,
2001-12-27,,,
2001-12-28,,,
2001-12-29,,,
2001-12-30,,,
2001-12-31,,,
2002-01-01,,,
2002-01-02,,,
2002-01-03,,,
2002-01-04,,,
2002-01-05,,,
2002-01-06,,,
2002-01-07,,,
2002-01-08,,,
2002-01-09,,,
2002-01-10,,,
2002-01-11,,,
2002-01-12,,,
2002-01-13,,,
2002-01-14,,,
2002-01-15,,,
2002-01-16,,,
2002-01-17,,,
2002-01-18,,,
2002-01-19,,,
2002-01-20,,,
2002-01-21,,,
2002-01-22,,,
2002-01-23,,,
2002-01-24,,,
2002-01-25,,,
2002-01-26,,,
2002-01-27,,,
2002-01-28,,,
2002-01-29,,,
2002-01-30,,,
2002-01-31,,,
2002-02-01,,,
2002-02-02,,,
2002-02-03,,,
2002-02-04,,,
2002-02-05,,,
2002-02-06,,,
2002-02-07,,,
2002-02-08,,,
2002-02-09,,,
2002-02-10,,,
2002-02-11,,,
2002-02-12,,,
2002-02-13,,,
2002-02-14,,,
2002-02-15,,,
2002-02-16,,,
2002-02-17,,,
2002-02-18,,,
2002-02-19,,,
2002-02-20,,,
2002-02-21,,,
2002-02-22,,,
2002-02-23,,,
2002-02-24,,,
2002-02-25,,,
2002-02-26,,,
2002-02-27,,,
2002-02-28,,,
2002-03-01,,,
2002-03-02,,,
2002-03-03,,,
2002-03-04,,,
2002-03-05,,,
2002-03-06,,,
2002-03-07,,,
2002-03-08,,,
2002-03-09,,,
2002-03-10,,,
2002-03-11,,,
2002-03-12,,,
2002-03-13,,,
2002-03-14,,,
2002-03-15,,,
2002-03-16,,,
2002-03-17,,,
2002-03-18,,,
2002-03-19,,,
2002-03-20,,,
2002-03-21,,,
2002-03-22,,,
2002-03-23,,,
2002-03-24,,,
2002-03-25,,,
2002-03-26,,,
2002-03-27,,,
2002-03-28,,,
2002-03-29,,,
2002-03-30,,,
2002-03-31,,,
2002-04-01,,,
2002-04-02,,,
2002-04-03,,,
2002-04-04,,,
2002-04-05,,,
2002-04-06,,,
2002-04-07,,,
2002-04-08,,,
2002-04-09,,,
2002-04-10,,,
2002-04-11,,,
2002-04-12,,,
2002-04-13,,,
2002-04-14,,,
2002-04-15,,,
2002-04-16,,,
2002-04-17,,,
2002-04-18,,,
2002-04-19,,,
2002-04-20,,,
2002-04-21,,,
2002-04-22,,,
2002-04-23,,,
2002-04-24,,,
2002-04-25,,,
2002-04-26,,,
2002-04-27,,,
2002-04-28,,,
2002-04-29,,,
2002-04-30,,,
2002-05-01,,,
2002-05-02,,,
2002-05-03,,,
2002-05-04,,,
2002-05-05,,,
2002-05-06,,,
2002-05-07,,,
2002-05-08,,,
2002-05-09,,,
2002-05-10,,,
2002-05-11,,,
2002-05-12,,,
2002-05-13,,,
2002-05-14,,,
2002-05-15,,,
2002-05-16,,,
2002-05-17,,,
2002-05-18,,,
2002-05-19,,,
2002-05-20,,,
2002-05-21,,,
2002-05-22,,,
2002-05-23,,,
2002-05-24,,,
2002-05-25,,,
2002-05-26,,,
2002-05-27,,,
2002-05-28,,,
2002-05-29,,,
2002-05-30,,,
2002-05-31,,,
2002-06-01,,,
2002-06-02,,,
2002-06-03,,,
2002-06-04,,,
2002-06-05,,,
2002-06-06,,,
2002-06-07,,,
2002-06-08,,,
2002-06-09,,,
2002-06-10,,,
2002-06-11,,,
2002-06-12,,,
2002-06-13,,,
2002-06-14,,,
2002-06-15,,,
2002-06-16,,,
2002-06-17,,,
2002-06-18,,,
2002-06-19,,,
2002-06-20,,,
2002-06-21,,,
2002-06-22,,,
2002-06-23,,,
2002-06-24,,,
2002-06-25,,,
2002-06-26,,,
2002-06-27,,,
2002-06-28,,,
2002-06-29,,,
2002-06-30,,,
2002-07-01,,,
2002-07-02,,,
2002-07-03,,,
2002-07-04,,,
2002-07-05,,,
2002-07-06,,,
2002-07-07,,,
2002-07-08,,,
2002-07-09,,,
2002-07-10,,,
2002-07-11,,,
2002-07-12,,,
2002-07-13,,,
2002-07-14,,,
2002-07-15,,,
2002-07-16,,,
2002-07-17,,,
2002-07-18,,,
2002-07-19,,,
2002-07-20,,,
2002-07-21,,,
2002-07-22,,,
2002-07-23,,,
2002-07-24,,,
2002-07-25,,,
2002-07-26,,,
2002-07-27,,,
2002-07-28,,,
2002-07-29,,,
2002-07-30,,,
2002-07-31,,,
2002-08-01,,,
2002-08-02,,,
2002-08-03,,,
2002-08-04,,,
2002-08-05,,,
2002-08-06,,,
2002-08-07,,,
2002-08-08,,,
2002-08-09,,,
2002-08-10,,,
2002-08-11,,,
2002-08-12,,,
2002-08-13,,,
2002-08-14,,,
2002-08-15,,,
2002-08-16,,,
2002-08-17,,,
2002-08-18,,,
2002-08-19,,,
2002-08-20,,,
2002-08-21,,,
2002-08-22,,,
2002-08-23,,,
2002-08-24,,,
2002-08-25,,,
2002-08-26,,,
2002-08-27,,,
2002-08-28,,,
2002-08-29,,,
2002-08-30,,,
2002-08-31,,,
2002-09-01,,,
2002-09-02,,,
2002-09-03,,,
2002-09-04,,,
2002-09-05,,,
2002-09-06,,,
2002-09-07,,,
2002-09-08,,,
2002-09-09,,,
2002-09-10,,,
2002-09-11,,,
2002-09-12,,,
2002-09-13,,,
2002-09-14,,,
2002-09-15,,,
2002-09-16,,,
2002-09-17,,,
2002-09-18,,,
2002-09-19,,,
2002-09-20,,,
2002-09-21,,,
2002-09-22,,,
2002-09-23,,,
2002-09-24,,,
2002-09-25,,,
2002-09-26,,,
2002-09-27,,,
2002-09-28,,,
2002-09-29,,,
2002-09-30,,,
2002-10-01,,,
2002-10-02,,,
2002-10-03,,,
2002-10-04,,,
2002-10-05,,,
2002-10-06,,,
2002-10-07,,,
2002-10-08,,,
2002-10-09,,,
2002-10-10,,,
2002-10-11,,,
2002-10-12,,,
2002-10-13,,,
2002-10-14,,,
2002-10-15,,,
2002-10-16,,,
2002-10-17,,,
2002-10-18,,,
2002-10-19,,,
2002-10-20,,,
2002-10-21,,,
2002-10-22,,,
2002-10-23,,,
2002-10-24,,,
2002-10-25,,,
2002-10-26,,,
2002-10-27,,,
2002-10-28,,,
2002-10-29,,,
2002-10-30,,,
2002-10-31,,,
2002-11-01,,,
2002-11-02,,,
2002-11-03,,,
2002-11-04,,,
2002-11-05,,,
2002-11-06,,,
2002-11-07,,,
2002-11-08,,,
2002-11-09,,,
2002-11-10,,,
2002-11-11,,,
2002-11-12,,,
2002-11-13,,,
2002-11-14,,,
2002-11-15,,,
2002-11-16,,,
2002-11-17,,,
2002-11-18,,,
2002-11-19,,,
2002-11-20,,,
2002-11-21,,,
2002-11-22,,,
2002-11-23,,,
2002-11-24,,,
2002-11-25,,,
2002-11-26,,,
2002-11-27,,,
2002-11-28,,,
2002-11-29,,,
2002-11-30,,,
2002-12-01,,,
2002-12-02,,,
2002-12-03,,,
2002-12-04,,,
2002-12-05,,,
2002-12-06,,,
2002-12-07,,,
2002-12-08,,,
2002-12-09,,,
2002-12-10,,,
2002-12-11,,,
2002-12-12,,,
2002-12-13,,,
2002-12-14,,,
2002-12-15,,,
2002-12-16,,,
2002-12-17,,,
2002-12-18,,,
2002-12-19,,,
2002-12-20,,,
2002-12-21,,,
2002-12-22,,,
2002-12-23,,,
2002-12-24,,,
2002-12-25,,,
2002-12-26,,,
2002-12-27,,,
2002-12-28,,,
2002-12-29,,,
2002-12-30,,,
2002-12-31,,,
2003-01-01,,,
2003-01-02,,,
2003-01-03,,,
2003-01-04,,,
2003-01-05,,,
2003-01-06,,,
2003-01-07,,,
2003-01-08,,,
2003-01-09,,,
2003-01-10,,,
2003-01-11,,,
2003-01-12,,,
2003-01-13,,,
2003-01-14,,,
2003-01-15,,,
2003-01-16,,,
2003-01-17,,,
2003-01-18,,,
2003-01-19,,,
2003-01-20,,,
2003-01-21,,,
2003-01-22,,,
2003-01-23,,,
2003-01-24,,,
2003-01-25,,,
2003-01-26,,,
2003-01-27,,,
2003-01-28,,,
2003-01-29,,,
2003-01-30,,,
2003-01-31,,,
2003-02-01,,,
2003-02-02,,,
2003-02-03,,,
2003-02-04,,,
2003-02-05,,,
2003-02-06,,,
2003-02-07,,,
2003-02-08,,,
2003-02-09,,,
2003-02-10,,,
2003-02-11,,,
2003-02-12,,,
2003-02-13,,,
2003-02-14,,,
2003-02-15,,,
2003-02-16,,,
2003-02-17,,,
2003-02-18,,,
2003-02-19,,,
2003-02-20,,,
2003-02-21,,,
2003-02-22,,,
2003-02-23,,,
2003-02-24,,,
2003-02-25,,,
2003-02-26,,,
2003-02-27,,,
2003-02-28,,,
2003-03-01,,,
2003-03-02,,,
2003-03-03,,,
2003-03-04,,,
2003-03-05,,,
2003-03-06,,,
2003-03-07,,,
2003-03-08,,,
2003-03-09,,,
2003-03-10,,,
2003-03-11,,,
2003-03-12,,,
2003-03-13,,,
2003-03-14,,,
2003-03-15,,,
2003-03-16,,,
2003-03-17,,,
2003-03-18,,,
2003-03-19,,,
2003-03-20,,,
2003-03-21,,,
2003-03-22,,,
2003-03-23,,,
2003-03-24,,,
2003-03-25,,,
2003-03-26,,,
2003-03-27,,,
2003-03-28,,,
2003-03-29,,,
2003-03-30,,,
2003-03-31,,,
2003-04-01,,,
2003-04-02,,,
2003-04-03,,,
2003-04-04,,,
2003-04-05,,,
2003-04-06,,,
2003-04-07,,,
2003-04-08,,,
2003-04-09,,,
2003-04-10,,,
2003-04-11,,,
2003-04-12,,,
2003-04-13,,,
2003-04-14,,,
2003-04-15,,,
2003-04-16,,,
2003-04-17,,,
2003-04-18,,,
2003-04-19,,,
2003-04-20,,,
2003-04-21,,,
2003-04-22,,,
2003-04-23,,,
2003-04-24,,,
2003-04-25,,,
2003-04-26,,,
2003-04-27,,,
2003-04-28,,,
2003-04-29,,,
2003-04-30,,,
2003-05-01,,,
2003-05-02,,,
2003-05-03,,,
2003-05-04,,,
2003-05-05,,,
2003-05-06,,,
2003-05-07,,,
2003-05-08,,,
2003-05-09,,,
2003-05-10,,,
2003-05-11,,,
2003-05-12,,,
2003-05-13,,,
2003-05-14,,,
2003-05-15,,,
2003-05-16,,,
2003-05-17,,,
2003-05-18,,,
2003-05-19,,,
2003-05-20,,,
2003-05-21,,,
2003-05-22,,,
2003-05-23,,,
2003-05-24,,,
2003-05-25,,,
2003-05-26,,,
2003-05-27,,,
2003-05-28,,,
2003-05-29,,,
2003-05-30,,,
2003-05-31,,,
2003-06-01,,,
2003-06-02,,,
2003-06-03,,,
2003-06-04,,,
2003-06-05,,,
2003-06-06,,,
2003-06-07,,,
2003-06-08,,,
2003-06-09,,,
2003-06-10,,,
2003-06-11,,,
2003-06-12,,,
2003-06-13,,,
2003-06-14,,,
2003-06-15,,,
2003-06-16,,,
2003-06-17,,,
2003-06-18,,,
2003-06-19,,,
2003-06-20,,,
2003-06-21,,,
2003-06-22,,,
2003-06-23,,,
2003-06-24,,,
2003-06-25,,,
2003-06-26,,,
2003-06-27,,,
2003-06-28,,,
2003-06-29,,,
2003-06-30,,,
2003-07-01,,,
2003-07-02,,,
2003-07-03,,,
2003-07-04,,,
2003-07-05,,,
2003-07-06,,,
2003-07-07,,,
2003-07-08,,,
2003-07-09,,,
2003-07-10,,,
2003-07-11,,,
2003-07-12,,,
2003-07-13,,,
2003-07-14,,,
2003-07-15,,,
2003-07-16,,,
2003-07-17,,,
2003-07-18,,,
2003-07-19,,,
2003-07-20,,,
2003-07-21,,,
2003-07-22,,,
2003-07-23,,,
2003-07-24,,,
2003-07-25,,,
2003-07-26,,,
2003-07-27,,,
2003-07-28,,,
2003-07-29,,,
2003-07-30,,,
2003-07-31,,,
2003-08-01,,,
2003-08-02,,,
2003-08-03,,,
2003-08-04,,,
2003-08-05,,,
2003-08-06,,,
2003-08-07,,,
2003-08-08,,,
2003-08-09,,,
2003-08-10,,,
2003-08-11,,,
2003-08-12,,,
2003-08-13,,,
2003-08-14,,,
2003-08-15,,,
2003-08-16,,,
2003-08-17,,,
2003-08-18,,,
2003-08-19,,,
2003-08-20,,,
2003-08-21,,,
2003-08-22,,,
2003-08-23,,,
2003-08-24,,,
2003-08-25,,,
2003-08-26,,,
2003-08-27,,,
2003-08-28,,,
2003-08-29,,,
2003-08-30,,,
2003-08-31,,,
2003-09-01,,,
2003-09-02,,,
2003-09-03,,,
2003-09-04,,,
2003-09-05,,,
2003-09-06,,,
2003-09-07,,,
2003-09-08,,,
2003-09-09,,,
2003-09-10,,,
2003-09-11,,,
2003-09-12,,,
2003-09-13,,,
2003-09-14,,,
2003-09-15,,,
2003-09-16,,,
2003-09-17,,,
2003-09-18,,,
2003-09-19,,,
2003-09-20,,,
2003-09-21,,,
2003-09-22,,,
2003-09-23,,,
2003-09-24,,,
2003-09-25,,,
2003-09-26,,,
2003-09-27,,,
2003-09-28,,,
2003-09-29,,,
2003-09-30,,,
2003-10-01,,,
2003-10-02,,,
2003-10-03,,,
2003-10-04,,,
2003-10-05,,,
2003-10-06,,,
2003-10-07,,,
2003-10-08,,,
2003-10-09,,,
2003-10-10,,,
2003-10-11,,,
2003-10-12,,,
2003-10-13,,,
2003-10-14,,,
2003-10-15,,,
2003-10-16,,,
2003-10-17,,,
2003-10-18,,,
2003-10-19,,,
2003-10-20,,,
2003-10-21,,,
2003-10-22,,,
2003-10-23,,,
2003-10-24,,,
2003-10-25,,,
2003-10-26,,,
2003-10-27,,,
2003-10-28,,,
2003-10-29,,,
2003-10-30,,,
2003-10-31,,,
2003-11-01,,,
2003-11-02,,,
2003-11-03,,,
2003-11-04,,,
2003-11-05,,,
2003-11-06,,,
2003-11-07,,,
2003-11-08,,,
2003-11-09,,,
2003-11-10,,,
2003-11-11,,,
2003-11-12,,,
2003-11-13,,,
2003-11-14,,,
2003-11-15,,,
2003-11-16,,,
2003-11-17,,,
2003-11-18,,,
2003-11-19,,,
2003-11-20,,,
2003-11-21,,,
2003-11-22,,,
2003-11-23,,,
2003-11-24,,,
2003-11-25,,,
2003-11-26,,,
2003-11-27,,,
2003-11-28,,,
2003-11-29,,,
2003-11-30,,,
2003-12-01,,,
2003-12-02,,,
2003-12-03,,,
2003-12-04,,,
2003-12-05,,,
2003-12-06,,,
2003-12-07,,,
2003-12-08,,,
2003-12-09,,,
2003-12-10,,,
2003-12-11,,,
2003-12-12,,,
2003-12-13,,,
2003-12-14,,,
2003-12-15,,,
2003-12-16,,,
2003-12-17,,,
2003-12-18,,,
2003-12-19,,,
2003-12-20,,,
2003-12-21,,,
2003-12-22,,,
2003-12-23,,,
2003-12-24,,,
2003-12-25,,,
2003-12-26,,,
2003-12-27,,,
2003-12-28,,,
2003-12-29,,,
2003-12-30,,,
2003-12-31,,,
2004-01-01,,,
2004-01-02,,,
2004-01-03,,,
2004-01-04,,,
2004-01-05,,,
2004-01-06,,,
2004-01-07,,,
2004-01-08,,,
2004-01-09,,,
2004-01-10,,,
2004-01-11,,,
2004-01-12,,,
2004-01-13,,,
2004-01-14,,,
2004-01-15,,,
2004-01-16,,,
2004-01-17,,,
2004-01-18,,,
2004-01-19,,,
2004-01-20,,,
2004-01-21,,,
2004-01-22,,,
2004-01-23,,,
2004-01-24,,,
2004-01-25,,,
2004-01-26,,,
2004-01-27,,,
2004-01-28,,,
2004-01-29,,,
2004-01-30,,,
2004-01-31,,,
2004-02-01,,,
2004-02-02,,,
2004-02-03,,,
2004-02-04,,,
2004-02-05,,,
2004-02-06,,,
2004-02-07,,,
2004-02-08,,,
2004-02-09,,,
2004-02-10,,,
2004-02-11,,,
2004-02-12,,,
2004-02-13,,,
2004-02-14,,,
2004-02-15,,,
2004-02-16,,,
2004-02-17,,,
2004-02-18,,,
2004-02-19,,,
2004-02-20,,,
2004-02-21,,,
2004-02-22,,,
2004-02-23,,,
2004-02-24,,,
2004-02-25,,,
2004-02-26,,,
2004-02-27,,,
2004-02-28,,,
2004-02-29,,,
2004-03-01,,,
2004-03-02,,,
2004-03-03,,,
2004-03-04,,,
2004-03-05,,,
2004-03-06,,,
2004-03-07,,,
2004-03-08,,,
2004-03-09,,,
2004-03-10,,,
2004-03-11,,,
2004-03-12,,,
2004-03-13,,,
2004-03-14,,,
2004-03-15,,,
2004-03-16,,,
2004-03-17,,,
2004-03-18,,,
2004-03-19,,,
2004-03-20,,,
2004-03-21,,,
2004-03-22,,,
2004-03-23,,,
2004-03-24,,,
2004-03-25,,,
2004-03-26,,,
2004-03-27,,,
2004-03-28,,,
2004-03-29,,,
2004-03-30,,,
2004-03-31,,,
2004-04-01,,,
2004-04-02,,,
2004-04-03,,,
2004-04-04,,,
2004-04-05,,,
2004-04-06,,,
2004-04-07,,,
2004-04-08,,,
2004-04-09,,,
2004-04-10,,,
2004-04-11,,,
2004-04-12,,,
2004-04-13,,,
2004-04-14,,,
2004-04-15,,,
2004-04-16,,,
2004-04-17,,,
2004-04-18,,,
2004-04-19,,,
2004-04-20,,,
2004-04-21,,,
2004-04-22,,,
2004-04-23,,,
2004-04-24,,,
2004-04-25,,,
2004-04-26,,,
2004-04-27,,,
2004-04-28,,,
2004-04-29,,,
2004-04-30,,,
2004-05-01,,,
2004-05-02,,,
2004-05-03,,,
2004-05-04,,,
2004-05-05,,,
2004-05-06,,,
2004-05-07,,,
2004-05-08,,,
2004-05-09,,,
2004-05-10,,,
2004-05-11,,,
2004-05-12,,,
2004-05-13,,,
2004-05-14,,,
2004-05-15,,,
2004-05-16,,,
2004-05-17,,,
2004-05-18,,,
2004-05-19,,,
2004-05-20,,,
2004-05-21,,,
2004-05-22,,,
2004-05-23,,,
2004-05-24,,,
2004-05-25,,,
2004-05-26,,,
2004-05-27,,,
2004-05-28,,,
2004-05-29,,,
2004-05-30,,,
2004-05-31,,,
2004-06-01,,,
2004-06-02,,,
2004-06-03,,,
2004-06-04,,,
2004-06-05,,,
2004-06-06,,,
2004-06-07,,,
2004-06-08,,,
2004-06-09,,,
2004-06-10,,,
2004-06-11,,,
2004-06-12,,,
2004-06-13,,,
2004-06-14,,,
2004-06-15,,,
2004-06-16,,,
2004-06-17,,,
2004-06-18,,,
2004-06-19,,,
2004-06-20,,,
2004-06-21,,,
2004-06-22,,,
2004-06-23,,,
2004-06-24,,,
2004-06-25,,,
2004-06-26,,,
2004-06-27,,,
2004-06-28,,,
2004-06-29,,,
2004-06-30,,,
2004-07-01,,,
2004-07-02,,,
2004-07-03,,,
2004-07-04,,,
2004-07-05,,,
2004-07-06,,,
2004-07-07,,,
2004-07-08,,,
2004-07-09,,,
2004-07-10,,,
2004-07-11,,,
2004-07-12,,,
2004-07-13,,,
2004-07-14,,,
2004-07-15,,,
2004-07-16,,,
2004-07-17,,,
2004-07-18,,,
2004-07-19,,,
2004-07-20,,,
2004-07-21,,,
2004-07-22,,,
2004-07-23,,,
2004-07-24,,,
2004-07-25,,,
2004-07-26,,,
2004-07-27,,,
2004-07-28,,,
2004-07-29,,,
2004-07-30,,,
2004-07-31,,,
2004-08-01,,,
2004-08-02,,,
2004-08-03,,,
2004-08-04,,,
2004-08-05,,,
2004-08-06,,,
2004-08-07,,,
2004-08-08,,,
2004-08-09,,,
2004-08-10,,,
2004-08-11,,,
2004-08-12,,,
2004-08-13,,,
2004-08-14,,,
2004-08-15,,,
2004-08-16,,,
2004-08-17,,,
2004-08-18,,,
2004-08-19,,,
2004-08-20,,,
2004-08-21,,,
2004-08-22,,,
2004-08-23,,,
2004-08-24,,,
2004-08-25,,,
2004-08-26,,,
2004-08-27,,,
2004-08-28,,,
2004-08-29,,,
2004-08-30,,,
2004-08-31,,,
2004-09-01,,,
2004-09-02,,,
2004-09-03,,,
2004-09-04,,,
2004-09-05,,,
2004-09-06,,,
2004-09-07,,,
2004-09-08,,,
2004-09-09,,,
2004-09-10,,,
2004-09-11,,,
2004-09-12,,,
2004-09-13,,,
2004-09-14,,,
2004-09-15,,,
2004-09-16,,,
2004-09-17,,,
2004-09-18,,,
2004-09-19,,,
2004-09-20,,,
2004-09-21,,,
2004-09-22,,,
2004-09-23,,,
2004-09-24,,,
2004-09-25,,,
2004-09-26,,,
2004-09-27,,,
2004-09-28,,,
2004-09-29,,,
2004-09-30,,,
2004-10-01,,,
2004-10-02,,,
2004-10-03,,,
2004-10-04,,,
2004-10-05,,,
2004-10-06,,,
2004-10-07,,,
2004-10-08,,,
2004-10-09,,,
2004-10-10,,,
2004-10-11,,,
2004-10-12,,,
2004-10-13,,,
2004-10-14,,,
2004-10-15,,,
2004-10-16,,,
2004-10-17,,,
2004-10-18,,,
2004-10-19,,,
2004-10-20,,,
2004-10-21,,,
2004-10-22,,,
2004-10-23,,,
2004-10-24,,,
2004-10-25,,,
2004-10-26,,,
2004-10-27,,,
2004-10-28,,,
2004-10-29,,,
2004-10-30,,,
2004-10-31,,,
2004-11-01,,,
2004-11-02,,,
2004-11-03,,,
2004-11-04,,,
2004-11-05,,,
2004-11-06,,,
2004-11-07,,,
2004-11-08,,,
2004-11-09,,,
2004-11-10,,,
2004-11-11,,,
2004-11-12,,,
2004-11-13,,,
2004-11-14,,,
2004-11-15,,,
2004-11-16,,,
2004-11-17,,,
2004-11-18,,,
2004-11-19,,,
2004-11-20,,,
2004-11-21,,,
2004-11-22,,,
2004-11-23,,,
2004-11-24,,,
2004-11-25,,,
2004-11-26,,,
2004-11-27,,,
2004-11-28,,,
2004-11-29,,,
2004-11-30,,,
2004-12-01,,,
2004-12-02,,,
2004-12-03,,,
2004-12-04,,,
2004-12-05,,,
2004-12-06,,,
2004-12-07,,,
2004-12-08,,,
2004-12-09,,,
2004-12-10,,,
2004-12-11,,,
2004-12-12,,,
2004-12-13,,,
2004-12-14,,,
2004-12-15,,,
2004-12-16,,,
2004-12-17,,,
2004-12-18,,,
2004-12-19,,,
2004-12-20,,,
2004-12-21,,,
2004-12-22,,,
2004-12-23,,,
2004-12-24,,,
2004-12-25,,,
2004-12-26,,,
2004-12-27,,,
2004-12-28,,,
2004-12-29,,,
2004-12-30,,,
2004-12-31,,,
2005-01-01,,,
2005-01-02,,,
2005-01-03,,,
2005-01-04,,,
2005-01-05,,,
2005-01-06,,,
2005-01-07,,,
2005-01-08,,,
2005-01-09,,,
2005-01-10,,,
2005-01-11,,,
2005-01-12,,,
2005-01-13,,,
2005-01-14,,,
2005-01-15,,,
2005-01-16,,,
2005-01-17,,,
2005-01-18,,,
2005-01-19,,,
2005-01-20,,,
2005-01-21,,,
2005-01-22,,,
2005-01-23,,,
2005-01-24,,,
2005-01-25,,,
2005-01-26,,,
2005-01-27,,,
2005-01-28,,,
2005-01-29,,,
2005-01-30,,,
2005-01-31,,,
2005-02-01,,,
2005-02-02,,,
2005-02-03,,,
2005-02-04,,,
2005-02-05,,,
2005-02-06,,,
2005-02-07,,,
2005-02-08,,,
2005-02-09,,,
2005-02-10,,,
2005-02-11,,,
2005-02-12,,,
2005-02-13,,,
2005-02-14,,,
2005-02-15,,,
2005-02-16,,,
2005-02-17,,,
2005-02-18,,,
2005-02-19,,,
2005-02-20,,,
2005-02-21,,,
2005-02-22,,,
2005-02-23,,,
2005-02-24,,,
2005-02-25,,,
2005-02-26,,,
2005-02-27,,,
2005-02-28,,,
2005-03-01,,,
2005-03-02,,,
2005-03-03,,,
2005-03-04,,,
2005-03-05,,,
2005-03-06,,,
2005-03-07,,,
2005-03-08,,,
2005-03-09,,,
2005-03-10,,,
2005-03-11,,,
2005-03-12,,,
2005-03-13,,,
2005-03-14,,,
2005-03-15,,,
2005-03-16,,,
2005-03-17,,,
2005-03-18,,,
2005-03-19,,,
2005-03-20,,,
2005-03-21,,,
2005-03-22,,,
2005-03-23,,,
2005-03-24,,,
2005-03-25,,,
2005-03-26,,,
2005-03-27,,,
2005-03-28,,,
2005-03-29,,,
2005-03-30,,,
2005-03-31,,,
2005-04-01,,,
2005-04-02,,,
2005-04-03,,,
2005-04-04,,,
2005-04-05,,,
2005-04-06,,,
2005-04-07,,,
2005-04-08,,,
2005-04-09,,,
2005-04-10,,,
2005-04-11,,,
2005-04-12,,,
2005-04-13,,,
2005-04-14,,,
2005-04-15,,,
2005-04-16,,,
2005-04-17,,,
2005-04-18,,,
2005-04-19,,,
2005-04-20,,,
2005-04-21,,,
2005-04-22,,,
2005-04-23,,,
2005-04-24,,,
2005-04-25,,,
2005-04-26,,,
2005-04-27,,,
2005-04-28,,,
2005-04-29,,,
2005-04-30,,,
2005-05-01,,,
2005-05-02,,,
2005-05-03,,,
2005-05-04,,,
2005-05-05,,,
2005-05-06,,,
2005-05-07,,,
2005-05-08,,,
2005-05-09,,,
2005-05-10,,,
2005-05-11,,,
2005-05-12,,,
2005-05-13,,,
2005-05-14,,,
2005-05-15,,,
2005-05-16,,,
2005-05-17,,,
2005-05-18,,,
2005-05-19,,,
2005-05-20,,,
2005-05-21,,,
2005-05-22,,,
2005-05-23,,,
2005-05-24,,,
2005-05-25,,,
2005-05-26,,,
2005-05-27,,,
2005-05-28,,,
2005-05-29,,,
2005-05-30,,,
2005-05-31,,,
2005-06-01,,,
2005-06-02,,,
2005-06-03,,,
2005-06-04,,,
2005-06-05,,,
2005-06-06,,,
2005-06-07,,,
2005-06-08,,,
2005-06-09,,,
2005-06-10,,,
2005-06-11,,,
2005-06-12,,,
2005-06-13,,,
2005-06-14,,,
2005-06-15,,,
2005-06-16,,,
2005-06-17,,,
2005-06-18,,,
2005-06-19,,,
2005-06-20,,,
2005-06-21,,,
2005-06-22,,,
2005-06-23,,,
2005-06-24,,,
2005-06-25,,,
2005-06-26,,,
2005-06-27,,,
2005-06-28,,,
2005-06-29,,,
2005-06-30,,,
2005-07-01,,,
2005-07-02,,,
2005-07-03,,,
2005-07-04,,,
2005-07-05,,,
2005-07-06,,,
2005-07-07,,,
2005-07-08,,,
2005-07-09,,,
2005-07-10,,,
2005-07-11,,,
2005-07-12,,,
2005-07-13,,,
2005-07-14,,,
2005-07-15,,,
2005-07-16,,,
2005-07-17,,,
2005-07-18,,,
2005-07-19,,,
2005-07-20,,,
2005-07-21,,,
2005-07-22,,,
2005-07-23,,,
2005-07-24,,,
2005-07-25,,,
2005-07-26,,,
2005-07-27,,,
2005-07-28,,,
2005-07-29,,,
2005-07-30,,,
2005-07-31,,,
2005-08-01,,,
2005-08-02,,,
2005-08-03,,,
2005-08-04,,,
2005-08-05,,,
2005-08-06,,,
2005-08-07,,,
2005-08-08,,,
2005-08-09,,,
2005-08-10,,,
2005-08-11,,,
2005-08-12,,,
2005-08-13,,,
2005-08-14,,,
2005-08-15,,,
2005-08-16,,,
2005-08-17,,,
2005-08-18,,,
2005-08-19,,,
2005-08-20,,,
2005-08-21,,,
2005-08-22,,,
2005-08-23,,,
2005-08-24,,,
2005-08-25,,,
2005-08-26,,,
2005-08-27,,,
2005-08-28,,,
2005-08-29,,,
2005-08-30,,,
2005-08-31,,,
2005-09-01,,,
2005-09-02,,,
2005-09-03,,,
2005-09-04,,,
2005-09-05,,,
2005-09-06,,,
2005-09-07,,,
2005-09-08,,,
2005-09-09,,,
2005-09-10,,,
2005-09-11,,,
2005-09-12,,,
2005-09-13,,,
2005-09-14,,,
2005-09-15,,,
2005-09-16,,,
2005-09-17,,,
2005-09-18,,,
2005-09-19,,,
2005-09-20,,,
2005-09-21,,,
2005-09-22,,,
2005-09-23,,,
2005-09-24,,,
2005-09-25,,,
2005-09-26,,,
2005-09-27,,,
2005-09-28,,,
2005-09-29,,,
2005-09-30,,,
2005-10-01,,,
2005-10-02,,,
2005-10-03,,,
2005-10-04,,,
2005-10-05,,,
2005-10-06,,,
2005-10-07,,,
2005-10-08,,,
2005-10-09,,,
2005-10-10,,,
2005-10-11,,,
2005-10-12,,,
2005-10-13,,,
2005-10-14,,,
2005-10-15,,,
2005-10-16,,,
2005-10-17,,,
2005-10-18,,,
2005-10-19,,,
2005-10-20,,,
2005-10-21,,,
2005-10-22,,,
2005-10-23,,,
2005-10-24,,,
2005-10-25,,,
2005-10-26,,,
2005-10-27,,,
2005-10-28,,,
2005-10-29,,,
2005-10-30,,,
2005-10-31,,,
2005-11-01,,,
2005-11-02,,,
2005-11-03,,,
2005-11-04,,,
2005-11-05,,,
2005-11-06,,,
2005-11-07,,,
2005-11-08,,,
2005-11-09,,,
2005-11-10,,,
2005-11-11,,,
2005-11-12,,,
2005-11-13,,,
2005-11-14,,,
2005-11-15,,,
2005-11-16,,,
2005-11-17,,,
2005-11-18,,,
2005-11-19,,,
2005-11-20,,,
2005-11-21,,,
2005-11-22,,,
2005-11-23,,,
2005-11-24,,,
2005-11-25,,,
2005-11-26,,,
2005-11-27,,,
2005-11-28,,,
2005-11-29,,,
2005-11-30,,,
2005-12-01,,,
2005-12-02,,,
2005-12-03,,,
2005-12-04,,,
2005-12-05,,,
2005-12-06,,,
2005-12-07,,,
2005-12-08,,,
2005-12-09,,,
2005-12-10,,,
2005-12-11,,,
2005-12-12,,,
2005-12-13,,,
2005-12-14,,,
2005-12-15,,,
2005-12-16,,,
2005-12-17,,,
2005-12-18,,,
2005-12-19,,,
2005-12-20,,,
2005-12-21,,,
2005-12-22,,,
2005-12-23,,,
2005-12-24,,,
2005-12-25,,,
2005-12-26,,,
2005-12-27,,,
2005-12-28,,,
2005-12-29,,,
2005-12-30,,,
2005-12-31,,,
2006-01-01,,,
2006-01-02,,,
2006-01-03,,,
2006-01-04,,,
2006-01-05,,,
2006-01-06,,,
2006-01-07,,,
2006-01-08,,,
2006-01-09,,,
2006-01-10,,,
2006-01-11,,,
2006-01-12,,,
2006-01-13,,,
2006-01-14,,,
2006-01-15,,,
2006-01-16,,,
2006-01-17,,,
2006-01-18,,,
2006-01-19,,,
2006-01-20,,,
2006-01-21,,,
2006-01-22,,,
2006-01-23,,,
2006-01-24,,,
2006-01-25,,,
2006-01-26,,,
2006-01-27,,,
2006-01-28,,,
2006-01-29,,,
2006-01-30,,,
2006-01-31,,,
2006-02-01,,,
2006-02-02,,,
2006-02-03,,,
2006-02-04,,,
2006-02-05,,,
2006-02-06,,,
2006-02-07,,,
2006-02-08,,,
2006-02-09,,,
2006-02-10,,,
2006-02-11,,,
2006-02-12,,,
2006-02-13,,,
2006-02-14,,,
2006-02-15,,,
2006-02-16,,,
2006-02-17,,,
2006-02-18,,,
2006-02-19,,,
2006-02-20,,,
2006-02-21,,,
2006-02-22,,,
2006-02-23,,,
2006-02-24,,,
2006-02-25,,,
2006-02-26,,,
2006-02-27,,,
2006-02-28,,,
2006-03-01,,,
2006-03-02,,,
2006-03-03,,,
2006-03-04,,,
2006-03-05,,,
2006-03-06,,,
2006-03-07,,,
2006-03-08,,,
2006-03-09,,,
2006-03-10,,,
2006-03-11,,,
2006-03-12,,,
2006-03-13,,,
2006-03-14,,,
2006-03-15,,,
2006-03-16,,,
2006-03-17,,,
2006-03-18,,,
2006-03-19,,,
2006-03-20,,,
2006-03-21,,,
2006-03-22,,,
2006-03-23,,,
2006-03-24,,,
2006-03-25,,,
2006-03-26,,,
2006-03-27,,,
2006-03-28,,,
2006-03-29,,,
2006-03-30,,,
2006-03-31,,,
2006-04-01,,,
2006-04-02,,,
2006-04-03,,,
2006-04-04,,,
2006-04-05,,,
2006-04-06,,,
2006-04-07,,,
2006-04-08,,,
2006-04-09,,,
2006-04-10,,,
2006-04-11,,,
2006-04-12,,,
2006-04-13,,,
2006-04-14,,,
2006-04-15,,,
2006-04-16,,,
2006-04-17,,,
2006-04-18,,,
2006-04-19,,,
2006-04-20,,,
2006-04-21,,,
2006-04-22,,,
2006-04-23,,,
2006-04-24,,,
2006-04-25,,,
2006-04-26,,,
2006-04-27,,,
2006-04-28,,,
2006-04-29,,,
2006-04-30,,,
2006-05-01,,,
2006-05-02,,,
2006-05-03,,,
2006-05-04,,,
2006-05-05,,,
2006-05-06,,,
2006-05-07,,,
2006-05-08,,,
2006-05-09,,,
2006-05-10,,,
2006-05-11,,,
2006-05-12,,,
2006-05-13,,,
2006-05-14,,,
2006-05-15,,,
2006-05-16,,,
2006-05-17,,,
2006-05-18,,,
2006-05-19,,,
2006-05-20,,,
2006-05-21,,,
2006-05-22,,,
2006-05-23,,,
2006-05-24,,,
2006-05-25,,,
2006-05-26,,,
2006-05-27,,,
2006-05-28,,,
2006-05-29,,,
2006-05-30,,,
2006-05-31,,,
2006-06-01,,,
2006-06-02,,,
2006-06-03,,,
2006-06-04,,,
2006-06-05,,,
2006-06-06,,,
2006-06-07,,,
2006-06-08,,,
2006-06-09,,,
2006-06-10,,,
2006-06-11,,,
2006-06-12,,,
2006-06-13,,,
2006-06-14,,,
2006-06-15,,,
2006-06-16,,,
2006-06-17,,,
2006-06-18,,,
2006-06-19,,,
2006-06-20,,,
2006-06-21,,,
2006-06-22,,,
2006-06-23,,,
2006-06-24,,,
2006-06-25,,,
2006-06-26,,,
2006-06-27,,,
2006-06-28,,,
2006-06-29,,,
2006-06-30,,,
2006-07-01,,,
2006-07-02,,,
2006-07-03,,,
2006-07-04,,,
2006-07-05,,,
2006-07-06,,,
2006-07-07,,,
2006-07-08,,,
2006-07-09,,,
2006-07-10,,,
2006-07-11,,,
2006-07-12,,,
2006-07-13,,,
2006-07-14,,,
2006-07-15,,,
2006-07-16,,,
2006-07-17,,,
2006-07-18,,,
2006-07-19,,,
2006-07-20,,,
2006-07-21,,,
2006-07-22,,,
2006-07-23,,,
2006-07-24,,,
2006-07-25,,,
2006-07-26,,,
2006-07-27,,,
2006-07-28,,,
2006-07-29,,,
2006-07-30,,,
2006-07-31,,,
2006-08-01,,,
2006-08-02,,,
2006-08-03,,,
2006-08-04,,,
2006-08-05,,,
2006-08-06,,,
2006-08-07,,,
2006-08-08,,,
2006-08-09,,,
2006-08-10,,,
2006-08-11,,,
2006-08-12,,,
2006-08-13,,,
2006-08-14,,,
2006-08-15,,,
2006-08-16,,,
2006-08-17,,,
2006-08-18,,,
2006-08-19,,,
2006-08-20,,,
2006-08-21,,,
2006-08-22,,,
2006-08-23,,,
2006-08-24,,,
2006-08-25,,,
2006-08-26,,,
2006-08-27,,,
2006-08-28,,,
2006-08-29,,,
2006-08-30,,,
2006-08-31,,,
2006-09-01,,,
2006-09-02,,,
2006-09-03,,,
2006-09-04,,,
2006-09-05,,,
2006-09-06,,,
2006-09-07,,,
2006-09-08,,,
2006-09-09,,,
2006-09-10,,,
2006-09-11,,,
2006-09-12,,,
2006-09-13,,,
2006-09-14,,,
2006-09-15,,,
2006-09-16,,,
2006-09-17,,,
2006-09-18,,,
2006-09-19,,,
2006-09-20,,,
2006-09-21,,,
2006-09-22,,,
2006-09-23,,,
2006-09-24,,,
2006-09-25,,,
2006-09-26,,,
2006-09-27,,,
2006-09-28,,,
2006-09-29,,,
2006-09-30,,,
2006-10-01,,,
2006-10-02,,,
2006-10-03,,,
2006-10-04,,,
2006-10-05,,,
2006-10-06,,,
2006-10-07,,,
2006-10-08,,,
2006-10-09,,,
2006-10-10,,,
2006-10-11,,,
2006-10-12,,,
2006-10-13,,,
2006-10-14,,,
2006-10-15,,,
2006-10-16,,,
2006-10-17,,,
2006-10-18,,,
2006-10-19,,,
2006-10-20,,,
2006-10-21,,,
2006-10-22,,,
2006-10-23,,,
2006-10-24,,,
2006-10-25,,,
2006-10-26,,,
2006-10-27,,,
2006-10-28,,,
2006-10-29,,,
2006-10-30,,,
2006-10-31,,,
2006-11-01,,,
2006-11-02,,,
2006-11-03,,,
2006-11-04,,,
2006-11-05,,,
2006-11-06,,,
2006-11-07,,,
2006-11-08,,,
2006-11-09,,,
2006-11-10,,,
2006-11-11,,,
2006-11-12,,,
2006-11-13,,,
2006-11-14,,,
2006-11-15,,,
2006-11-16,,,
2006-11-17,,,
2006-11-18,,,
2006-11-19,,,
2006-11-20,,,
2006-11-21,,,
2006-11-22,,,
2006-11-23,,,
2006-11-24,,,
2006-11-25,,,
2006-11-26,,,
2006-11-27,,,
2006-11-28,,,
2006-11-29,,,
2006-11-30,,,
2006-12-01,,,
2006-12-02,,,
2006-12-03,,,
2006-12-04,,,
2006-12-05,,,
2006-12-06,,,
2006-12-07,,,
2006-12-08,,,
2006-12-09,,,
2006-12-10,,,
2006-12-11,,,
2006-12-12,,,
2006-12-13,,,
2006-12-14,,,
2006-12-15,,,
2006-12-16,,,
2006-12-17,,,
2006-12-18,,,
2006-12-19,,,
2006-12-20,,,
2006-12-21,,,
2006-12-22,,,
2006-12-23,,,
2006-12-24,,,
2006-12-25,,,
2006-12-26,,,
2006-12-27,,,
2006-12-28,,,
2006-12-29,,,
2006-12-30,,,
2006-12-31,,,
2007-01-01,,,
2007-01-02,,,
2007-01-03,,,
2007-01-04,,,
2007-01-05,,,
2007-01-06,,,
2007-01-07,,,
2007-01-08,,,
2007-01-09,,,
2007-01-10,,,
2007-01-11,,,
2007-01-12,,,
2007-01-13,,,
2007-01-14,,,
2007-01-15,,,
2007-01-16,,,
2007-01-17,,,
2007-01-18,,,
2007-01-19,,,
2007-01-20,,,
2007-01-21,,,
2007-01-22,,,
2007-01-23,,,
2007-01-24,,,
2007-01-25,,,
2007-01-26,,,
2007-01-27,,,
2007-01-28,,,
2007-01-29,,,
2007-01-30,,,
2007-01-31,,,
2007-02-01,,,
2007-02-02,,,
2007-02-03,,,
2007-02-04,,,
2007-02-05,,,
2007-02-06,,,
2007-02-07,,,
2007-02-08,,,
2007-02-09,,,
2007-02-10,,,
2007-02-11,,,
2007-02-12,,,
2007-02-13,,,
2007-02-14,,,
2007-02-15,,,
2007-02-16,,,
2007-02-17,,,
2007-02-18,,,
2007-02-19,,,
2007-02-20,,,
2007-02-21,,,
2007-02-22,,,
2007-02-23,,,
2007-02-24,,,
2007-02-25,,,
2007-02-26,,,
2007-02-27,,,
2007-02-28,,,
2007-03-01,,,
2007-03-02,,,
2007-03-03,,,
2007-03-04,,,
2007-03-05,,,
2007-03-06,,,
2007-03-07,,,
2007-03-08,,,
2007-03-09,,,
2007-03-10,,,
2007-03-11,,,
2007-03-12,,,
2007-03-13,,,
2007-03-14,,,
2007-03-15,,,
2007-03-16,,,
2007-03-17,,,
2007-03-18,,,
2007-03-19,,,
2007-03-20,,,
2007-03-21,,,
2007-03-22,,,
2007-03-23,,,
2007-03-24,,,
2007-03-25,,,
2007-03-26,,,
2007-03-27,,,
2007-03-28,,,
2007-03-29,,,
2007-03-30,,,
2007-03-31,,,
2007-04-01,,,
2007-04-02,,,
2007-04-03,,,
2007-04-04,,,
2007-04-05,,,
2007-04-06,,,
2007-04-07,,,
2007-04-08,,,
2007-04-09,,,
2007-04-10,,,
2007-04-11,,,
2007-04-12,,,
2007-04-13,,,
2007-04-14,,,
2007-04-15,,,
2007-04-16,,,
2007-04-17,,,
2007-04-18,,,
2007-04-19,,,
2007-04-20,,,
2007-04-21,,,
2007-04-22,,,
2007-04-23,,,
2007-04-24,,,
2007-04-25,,,
2007-04-26,,,
2007-04-27,,,
2007-04-28,,,
2007-04-29,,,
2007-04-30,,,
2007-05-01,,,
2007-05-02,,,
2007-05-03,,,
2007-05-04,,,
2007-05-05,,,
2007-05-06,,,
2007-05-07,,,
2007-05-08,,,
2007-05-09,,,
2007-05-10,,,
2007-05-11,,,
2007-05-12,,,
2007-05-13,,,
2007-05-14,,,
2007-05-15,,,
2007-05-16,,,
2007-05-17,,,
2007-05-18,,,
2007-05-19,,,
2007-05-20,,,
2007-05-21,,,
2007-05-22,,,
2007-05-23,,,
2007-05-24,,,
2007-05-25,,,
2007-05-26,,,
2007-05-27,,,
2007-05-28,,,
2007-05-29,,,
2007-05-30,,,
2007-05-31,,,
2007-06-01,,,
2007-06-02,,,
2007-06-03,,,
2007-06-04,,,
2007-06-05,,,
2007-06-06,,,
2007-06-07,,,
2007-06-08,,,
2007-06-09,,,
2007-06-10,,,
2007-06-11,,,
2007-06-12,,,
2007-06-13,,,
2007-06-14,,,
2007-06-15,,,
2007-06-16,,,
2007-06-17,,,
2007-06-18,,,
2007-06-19,,,
2007-06-20,,,
2007-06-21,,,
2007-06-22,,,
2007-06-23,,,
2007-06-24,,,
2007-06-25,,,
2007-06-26,,,
2007-06-27,,,
2007-06-28,,,
2007-06-29,,,
2007-06-30,,,
2007-07-01,,,
2007-07-02,,,
2007-07-03,,,
2007-07-04,,,
2007-07-05,,,
2007-07-06,,,
2007-07-07,,,
2007-07-08,,,
2007-07-09,,,
2007-07-10,,,
2007-07-11,,,
2007-07-12,,,
2007-07-13,,,
2007-07-14,,,
2007-07-15,,,
2007-07-16,,,
2007-07-17,,,
2007-07-18,,,
2007-07-19,,,
2007-07-20,,,
2007-07-21,,,
2007-07-22,,,
2007-07-23,,,
2007-07-24,,,
2007-07-25,,,
2007-07-26,,,
2007-07-27,,,
2007-07-28,,,
2007-07-29,,,
2007-07-30,,,
2007-07-31,,,
2007-08-01,,,
2007-08-02,,,
2007-08-03,,,
2007-08-04,,,
2007-08-05,,,
2007-08-06,,,
2007-08-07,,,
2007-08-08,,,
2007-08-09,,,
2007-08-10,,,
2007-08-11,,,
2007-08-12,,,
2007-08-13,,,
2007-08-14,,,
2007-08-15,,,
2007-08-16,,,
2007-08-17,,,
2007-08-18,,,
2007-08-19,,,
2007-08-20,,,
2007-08-21,,,
2007-08-22,,,
2007-08-23,,,
2007-08-24,,,
2007-08-25,,,
2007-08-26,,,
2007-08-27,,,
2007-08-28,,,
2007-08-29,,,
2007-08-30,,,
2007-08-31,,,
2007-09-01,,,
2007-09-02,,,
2007-09-03,,,
2007-09-04,,,
2007-09-05,,,
2007-09-06,,,
2007-09-07,,,
2007-09-08,,,
2007-09-09,,,
2007-09-10,,,
2007-09-11,,,
2007-09-12,,,
2007-09-13,,,
2007-09-14,,,
2007-09-15,,,
2007-09-16,,,
2007-09-17,,,
2007-09-18,,,
2007-09-19,,,
2007-09-20,,,
2007-09-21,,,
2007-09-22,,,
2007-09-23,,,
2007-09-24,,,
2007-09-25,,,
2007-09-26,,,
2007-09-27,,,
2007-09-28,,,
2007-09-29,,,
2007-09-30,,,
2007-10-01,,,
2007-10-02,,,
2007-10-03,,,
2007-10-04,,,
2007-10-05,,,
2007-10-06,,,
2007-10-07,,,
2007-10-08,,,
2007-10-09,,,
2007-10-10,,,
2007-10-11,,,
2007-10-12,,,
2007-10-13,,,
2007-10-14,,,
2007-10-15,,,
2007-10-16,,,
2007-10-17,,,
2007-10-18,,,
2007-10-19,,,
2007-10-20,,,
2007-10-21,,,
2007-10-22,,,
2007-10-23,,,
2007-10-24,,,
2007-10-25,,,
2007-10-26,,,
2007-10-27,,,
2007-10-28,,,
2007-10-29,,,
2007-10-30,,,
2007-10-31,,,
2007-11-01,,,
2007-11-02,,,
2007-11-03,,,
2007-11-04,,,
2007-11-05,,,
2007-11-06,,,
2007-11-07,,,
2007-11-08,,,
2007-11-09,,,
2007-11-10,,,
2007-11-11,,,
2007-11-12,,,
2007-11-13,,,
2007-11-14,,,
2007-11-15,,,
2007-11-16,,,
2007-11-17,,,
2007-11-18,,,
2007-11-19,,,
2007-11-20,,,
2007-11-21,,,
2007-11-22,,,
2007-11-23,,,
2007-11-24,,,
2007-11-25,,,
2007-11-26,,,
2007-11-27,,,
2007-11-28,,,
2007-11-29,,,
2007-11-30,,,
2007-12-01,,,
2007-12-02,,,
2007-12-03,,,
2007-12-04,,,
2007-12-05,,,
2007-12-06,,,
2007-12-07,,,
2007-12-08,,,
2007-12-09,,,
2007-12-10,,,
2007-12-11,,,
2007-12-12,,,
2007-12-13,,,
2007-12-14,,,
2007-12-15,,,
2007-12-16,,,
2007-12-17,,,
2007-12-18,,,
2007-12-19,,,
2007-12-20,,,
2007-12-21,,,
2007-12-22,,,
2007-12-23,,,
2007-12-24,,,
2007-12-25,,,
2007-12-26,,,
2007-12-27,,,
2007-12-28,,,
2007-12-29,,,
2007-12-30,,,
2007-12-31,,,
2008-01-01,,,
2008-01-02,,,
2008-01-03,,,
2008-01-04,,,
2008-01-05,,,
2008-01-06,,,
2008-01-07,,,
2008-01-08,,,
2008-01-09,,,
2008-01-10,,,
2008-01-11,,,
2008-01-12,,,
2008-01-13,,,
2008-01-14,,,
2008-01-15,,,
2008-01-16,,,
2008-01-17,,,
2008-01-18,,,
2008-01-19,,,
2008-01-20,,,
2008-01-21,,,
2008-01-22,,,
2008-01-23,,,
2008-01-24,,,
2008-01-25,,,
2008-01-26,,,
2008-01-27,,,
2008-01-28,,,
2008-01-29,,,
2008-01-30,,,
2008-01-31,,,
2008-02-01,,,
2008-02-02,,,
2008-02-03,,,
2008-02-04,,,
2008-02-05,,,
2008-02-06,,,
2008-02-07,,,
2008-02-08,,,
2008-02-09,,,
2008-02-10,,,
2008-02-11,,,
2008-02-12,,,
2008-02-13,,,
2008-02-14,,,
2008-02-15,,,
2008-02-16,,,
2008-02-17,,,
2008-02-18,,,
2008-02-19,,,
2008-02-20,,,
2008-02-21,,,
2008-02-22,,,
2008-02-23,,,
2008-02-24,,,
2008-02-25,,,
2008-02-26,,,
2008-02-27,,,
2008-02-28,,,
2008-02-29,,,
2008-03-01,,,
2008-03-02,,,
2008-03-03,,,
2008-03-04,,,
2008-03-05,,,
2008-03-06,,,
2008-03-07,,,
2008-03-08,,,
2008-03-09,,,
2008-03-10,,,
2008-03-11,,,
2008-03-12,,,
2008-03-13,,,
2008-03-14,,,
2008-03-15,,,
2008-03-16,,,
2008-03-17,,,
2008-03-18,,,
2008-03-19,,,
2008-03-20,,,
2008-03-21,,,
2008-03-22,,,
2008-03-23,,,
2008-03-24,,,
2008-03-25,,,
2008-03-26,,,
2008-03-27,,,
2008-03-28,,,
2008-03-29,,,
2008-03-30,,,
2008-03-31,,,
2008-04-01,,,
2008-04-02,,,
2008-04-03,,,
2008-04-04,,,
2008-04-05,,,
2008-04-06,,,
2008-04-07,,,
2008-04-08,,,
2008-04-09,,,
2008-04-10,,,
2008-04-11,,,
2008-04-12,,,
2008-04-13,,,
2008-04-14,,,
2008-04-15,,,
2008-04-16,,,
2008-04-17,,,
2008-04-18,,,
2008-04-19,,,
2008-04-20,,,
2008-04-21,,,
2008-04-22,,,
2008-04-23,,,
2008-04-24,,,
2008-04-25,,,
2008-04-26,,,
2008-04-27,,,
2008-04-28,,,
2008-04-29,,,
2008-04-30,,,
2008-05-01,,,
2008-05-02,,,
2008-05-03,,,
2008-05-04,,,
2008-05-05,,,
2008-05-06,,,
2008-05-07,,,
2008-05-08,,,
2008-05-09,,,
2008-05-10,,,
2008-05-11,,,
2008-05-12,,,
2008-05-13,,,
2008-05-14,,,
2008-05-15,,,
2008-05-16,,,
2008-05-17,,,
2008-05-18,,,
2008-05-19,,,
2008-05-20,,,
2008-05-21,,,
2008-05-22,,,
2008-05-23,,,
2008-05-24,,,
2008-05-25,,,
2008-05-26,,,
2008-05-27,,,
2008-05-28,,,
2008-05-29,,,
2008-05-30,,,
2008-05-31,,,
2008-06-01,,,
2008-06-02,,,
2008-06-03,,,
2008-06-04,,,
2008-06-05,,,
2008-06-06,,,
2008-06-07,,,
2008-06-08,,,
2008-06-09,,,
2008-06-10,,,
2008-06-11,,,
2008-06-12,,,
2008-06-13,,,
2008-06-14,,,
2008-06-15,,,
2008-06-16,,,
2008-06-17,,,
2008-06-18,,,
2008-06-19,,,
2008-06-20,,,
2008-06-21,,,
2008-06-22,,,
2008-06-23,,,
2008-06-24,,,
2008-06-25,,,
2008-06-26,,,
2008-06-27,,,
2008-06-28,,,
2008-06-29,,,
2008-06-30,,,
2008-07-01,,,
2008-07-02,,,
2008-07-03,,,
2008-07-04,,,
2008-07-05,,,
2008-07-06,,,
2008-07-07,,,
2008-07-08,,,
2008-07-09,,,
2008-07-10,,,
2008-07-11,,,
2008-07-12,,,
2008-07-13,,,
2008-07-14,,,
2008-07-15,,,
2008-07-16,,,
2008-07-17,,,
2008-07-18,,,
2008-07-19,,,
2008-07-20,,,
2008-07-21,,,
2008-07-22,,,
2008-07-23,,,
2008-07-24,,,
2008-07-25,,,
2008-07-26,,,
2008-07-27,,,
2008-07-28,,,
2008-07-29,,,
2008-07-30,,,
2008-07-31,,,
2008-08-01,,,
2008-08-02,,,
2008-08-03,,,
2008-08-04,,,
2008-08-05,,,
2008-08-06,,,
2008-08-07,,,
2008-08-08,,,
2008-08-09,,,
2008-08-10,,,
2008-08-11,,,
2008-08-12,,,
2008-08-13,,,
2008-08-14,,,
2008-08-15,,,
2008-08-16,,,
2008-08-17,,,
2008-08-18,,,
2008-08-19,,,
2008-08-20,,,
2008-08-21,,,
2008-08-22,,,
2008-08-23,,,
2008-08-24,,,
2008-08-25,,,
2008-08-26,,,
2008-08-27,,,
2008-08-28,,,
2008-08-29,,,
2008-08-30,,,
2008-08-31,,,
2008-09-01,,,
2008-09-02,,,
2008-09-03,,,
2008-09-04,,,
2008-09-05,,,
2008-09-06,,,
2008-09-07,,,
2008-09-08,,,
2008-09-09,,,
2008-09-10,,,
2008-09-11,,,
2008-09-12,,,
2008-09-13,,,
2008-09-14,,,
2008-09-15,,,
2008-09-16,,,
2008-09-17,,,
2008-09-18,,,
2008-09-19,,,
2008-09-20,,,
2008-09-21,,,
2008-09-22,,,
2008-09-23,,,
2008-09-24,,,
2008-09-25,,,
2008-09-26,,,
2008-09-27,,,
2008-09-28,,,
2008-09-29,,,
2008-09-30,,,
2008-10-01,,,
2008-10-02,,,
2008-10-03,,,
2008-10-04,,,
2008-10-05,,,
2008-10-06,,,
2008-10-07,,,
2008-10-08,,,
2008-10-09,,,
2008-10-10,,,
2008-10-11,,,
2008-10-12,,,
2008-10-13,,,
2008-10-14,,,
2008-10-15,,,
2008-10-16,,,
2008-10-17,,,
2008-10-18,,,
2008-10-19,,,
2008-10-20,,,
2008-10-21,,,
2008-10-22,,,
2008-10-23,,,
2008-10-24,,,
2008-10-25,,,
2008-10-26,,,
2008-10-27,,,
2008-10-28,,,
2008-10-29,,,
2008-10-30,,,
2008-10-31,,,
2008-11-01,,,
2008-11-02,,,
2008-11-03,,,
2008-11-04,,,
2008-11-05,,,
2008-11-06,,,
2008-11-07,,,
2008-11-08,,,
2008-11-09,,,
2008-11-10,,,
2008-11-11,,,
2008-11-12,,,
2008-11-13,,,
2008-11-14,,,
2008-11-15,,,
2008-11-16,,,
2008-11-17,,,
2008-11-18,,,
2008-11-19,,,
2008-11-20,,,
2008-11-21,,,
2008-11-22,,,
2008-11-23,,,
2008-11-24,,,
2008-11-25,,,
2008-11-26,,,
2008-11-27,,,
2008-11-28,,,
2008-11-29,,,
2008-11-30,,,
2008-12-01,,,
2008-12-02,,,
2008-12-03,,,
2008-12-04,,,
2008-12-05,,,
2008-12-06,,,
2008-12-07,,,
2008-12-08,,,
2008-12-09,,,
2008-12-10,,,
2008-12-11,,,
2008-12-12,,,
2008-12-13,,,
2008-12-14,,,
2008-12-15,,,
2008-12-16,,,
2008-12-17,,,
2008-12-18,,,
2008-12-19,,,
2008-12-20,,,
2008-12-21,,,
2008-12-22,,,
2008-12-23,,,
2008-12-24,,,
2008-12-25,,,
2008-12-26,,,
2008-12-27,,,
2008-12-28,,,
2008-12-29,,,
2008-12-30,,,
2008-12-31,,,
2009-01-01,,,
2009-01-02,,,
2009-01-03,,,
2009-01-04,,,
2009-01-05,,,
2009-01-06,,,
2009-01-07,,,
2009-01-08,,,
2009-01-09,,,
2009-01-10,,,
2009-01-11,,,
2009-01-12,,,
2009-01-13,,,
2009-01-14,,,
2009-01-15,,,
2009-01-16,,,
2009-01-17,,,
2009-01-18,,,
2009-01-19,,,
2009-01-20,,,
2009-01-21,,,
2009-01-22,,,
2009-01-23,,,
2009-01-24,,,
2009-01-25,,,
2009-01-26,,,
2009-01-27,,,
2009-01-28,,,
2009-01-29,,,
2009-01-30,,,
2009-01-31,,,
2009-02-01,,,
2009-02-02,,,
2009-02-03,,,
2009-02-04,,,
2009-02-05,,,
2009-02-06,,,
2009-02-07,,,
2009-02-08,,,
2009-02-09,,,
2009-02-10,,,
2009-02-11,,,
2009-02-12,,,
2009-02-13,,,
2009-02-14,,,
2009-02-15,,,
2009-02-16,,,
2009-02-17,,,
2009-02-18,,,
2009-02-19,,,
2009-02-20,,,
2009-02-21,,,
2009-02-22,,,
2009-02-23,,,
2009-02-24,,,
2009-02-25,,,
2009-02-26,,,
2009-02-27,,,
2009-02-28,,,
2009-03-01,,,
2009-03-02,,,
2009-03-03,,,
2009-03-04,,,
2009-03-05,,,
2009-03-06,,,
2009-03-07,,,
2009-03-08,,,
2009-03-09,,,
2009-03-10,,,
2009-03-11,,,
2009-03-12,,,
2009-03-13,,,
2009-03-14,,,
2009-03-15,,,
2009-03-16,,,
2009-03-17,,,
2009-03-18,,,
2009-03-19,,,
2009-03-20,,,
2009-03-21,,,
2009-03-22,,,
2009-03-23,,,
2009-03-24,,,
2009-03-25,,,
2009-03-26,,,
2009-03-27,,,
2009-03-28,,,
2009-03-29,,,
2009-03-30,,,
2009-03-31,,,
2009-04-01,,,
2009-04-02,,,
2009-04-03,,,
2009-04-04,,,
2009-04-05,,,
2009-04-06,,,
2009-04-07,,,
2009-04-08,,,
2009-04-09,,,
2009-04-10,,,
2009-04-11,,,
2009-04-12,,,
2009-04-13,,,
2009-04-14,,,
2009-04-15,,,
2009-04-16,,,
2009-04-17,,,
2009-04-18,,,
2009-04-19,,,
2009-04-20,,,
2009-04-21,,,
2009-04-22,,,
2009-04-23,,,
2009-04-24,,,
2009-04-25,,,
2009-04-26,,,
2009-04-27,,,
2009-04-28,,,
2009-04-29,,,
2009-04-30,,,
2009-05-01,,,
2009-05-02,,,
2009-05-03,,,
2009-05-04,,,
2009-05-05,,,
2009-05-06,,,
2009-05-07,,,
2009-05-08,,,
2009-05-09,,,
2009-05-10,,,
2009-05-11,,,
2009-05-12,,,
2009-05-13,,,
2009-05-14,,,
2009-05-15,,,
2009-05-16,,,
2009-05-17,,,
2009-05-18,,,
2009-05-19,,,
2009-05-20,,,
2009-05-21,,,
2009-05-22,,,
2009-05-23,,,
2009-05-24,,,
2009-05-25,,,
2009-05-26,,,
2009-05-27,,,
2009-05-28,,,
2009-05-29,,,
2009-05-30,,,
2009-05-31,,,
2009-06-01,,,
2009-06-02,,,
2009-06-03,,,
2009-06-04,,,
2009-06-05,,,
2009-06-06,,,
2009-06-07,,,
2009-06-08,,,
2009-06-09,,,
2009-06-10,,,
2009-06-11,,,
2009-06-12,,,
2009-06-13,,,
2009-06-14,,,
2009-06-15,,,
2009-06-16,,,
2009-06-17,,,
2009-06-18,,,
2009-06-19,,,
2009-06-20,,,
2009-06-21,,,
2009-06-22,,,
2009-06-23,,,
2009-06-24,,,
2009-06-25,,,
2009-06-26,,,
2009-06-27,,,
2009-06-28,,,
2009-06-29,,,
2009-06-30,,,
2009-07-01,,,
2009-07-02,,,
2009-07-03,,,
2009-07-04,,,
2009-07-05,,,
2009-07-06,,,
2009-07-07,,,
2009-07-08,,,
2009-07-09,,,
2009-07-10,,,
2009-07-11,,,
2009-07-12,,,
2009-07-13,,,
2009-07-14,,,
2009-07-15,,,
2009-07-16,,,
2009-07-17,,,
2009-07-18,,,
2009-07-19,,,
2009-07-20,,,
2009-07-21,,,
2009-07-22,,,
2009-07-23,,,
2009-07-24,,,
2009-07-25,,,
2009-07-26,,,
2009-07-27,,,
2009-07-28,,,
2009-07-29,,,
2009-07-30,,,
2009-07-31,,,
2009-08-01,,,
2009-08-02,,,
2009-08-03,,,
2009-08-04,,,
2009-08-05,,,
2009-08-06,,,
2009-08-07,,,
2009-08-08,,,
2009-08-09,,,
2009-08-10,,,
2009-08-11,,,
2009-08-12,,,
2009-08-13,,,
2009-08-14,,,
2009-08-15,,,
2009-08-16,,,
2009-08-17,,,
2009-08-18,,,
2009-08-19,,,
2009-08-20,,,
2009-08-21,,,
2009-08-22,,,
2009-08-23,,,
2009-08-24,,,
2009-08-25,,,
2009-08-26,,,
2009-08-27,,,
2009-08-28,,,
2009-08-29,,,
2009-08-30,,,
2009-08-31,,,
2009-09-01,,,
2009-09-02,,,
2009-09-03,,,
2009-09-04,,,
2009-09-05,,,
2009-09-06,,,
2009-09-07,,,
2009-09-08,,,
2009-09-09,,,
2009-09-10,,,
2009-09-11,,,
2009-09-12,,,
2009-09-13,,,
2009-09-14,,,
2009-09-15,,,
2009-09-16,,,
2009-09-17,,,
2009-09-18,,,
2009-09-19,,,
2009-09-20,,,
2009-09-21,,,
2009-09-22,,,
2009-09-23,,,
2009-09-24,,,
2009-09-25,,,
2009-09-26,,,
2009-09-27,,,
2009-09-28,,,
2009-09-29,,,
2009-09-30,,,
2009-10-01,,,
2009-10-02,,,
2009-10-03,,,
2009-10-04,,,
2009-10-05,,,
2009-10-06,,,
2009-10-07,,,
2009-10-08,,,
2009-10-09,,,
2009-10-10,,,
2009-10-11,,,
2009-10-12,,,
2009-10-13,,,
2009-10-14,,,
2009-10-15,,,
2009-10-16,,,
2009-10-17,,,
2009-10-18,,,
2009-10-19,,,
2009-10-20,,,
2009-10-21,,,
2009-10-22,,,
2009-10-23,,,
2009-10-24,,,
2009-10-25,,,
2009-10-26,,,
2009-10-27,,,
2009-10-28,,,
2009-10-29,,,
2009-10-30,,,
2009-10-31,,,
2009-11-01,,,
2009-11-02,,,
2009-11-03,,,
2009-11-04,,,
2009-11-05,,,
2009-11-06,,,
2009-11-07,,,
2009-11-08,,,
2009-11-09,,,
2009-11-10,,,
2009-11-11,,,
2009-11-12,,,
2009-11-13,,,
2009-11-14,,,
2009-11-15,,,
2009-11-16,,,
2009-11-17,,,
2009-11-18,,,
2009-11-19,,,
2009-11-20,,,
2009-11-21,,,
2009-11-22,,,
2009-11-23,,,
2009-11-24,,,
2009-11-25,,,
2009-11-26,,,
2009-11-27,,,
2009-11-28,,,
2009-11-29,,,
2009-11-30,,,
2009-12-01,,,
2009-12-02,,,
2009-12-03,,,
2009-12-04,,,
2009-12-05,,,
2009-12-06,,,
2009-12-07,,,
2009-12-08,,,
2009-12-09,,,
2009-12-10,,,
2009-12-11,,,
2009-12-12,,,
2009-12-13,,,
2009-12-14,,,
2009-12-15,,,
2009-12-16,,,
2009-12-17,,,
2009-12-18,,,
2009-12-19,,,
2009-12-20,,,
2009-12-21,,,
2009-12-22,,,
2009-12-23,,,
2009-12-24,,,
2009-12-25,,,
2009-12-26,,,
2009-12-27,,,
2009-12-28,,,
2009-12-29,,,
2009-12-30,,,
2009-12-31,,,
2010-01-01,,,
2010-01-02,,,
2010-01-03,,,
2010-01-04,,,
2010-01-05,,,
2010-01-06,,,
2010-01-07,,,
2010-01-08,,,
2010-01-09,,,
2010-01-10,,,
2010-01-11,,,
2010-01-12,,,
2010-01-13,,,
2010-01-14,,,
2010-01-15,,,
2010-01-16,,,
2010-01-17,,,
2010-01-18,,,
2010-01-19,,,
2010-01-20,,,
2010-01-21,,,
2010-01-22,,,
2010-01-23,,,
2010-01-24,,,
2010-01-25,,,
2010-01-26,,,
2010-01-27,,,
2010-01-28,,,
2010-01-29,,,
2010-01-30,,,
2010-01-31,,,
2010-02-01,,,
2010-02-02,,,
2010-02-03,,,
2010-02-04,,,
2010-02-05,,,
2010-02-06,,,
2010-02-07,,,
2010-02-08,,,
2010-02-09,,,
2010-02-10,,,
2010-02-11,,,
2010-02-12,,,
2010-02-13,,,
2010-02-14,,,
2010-02-15,,,
2010-02-16,,,
2010-02-17,,,
2010-02-18,,,
2010-02-19,,,
2010-02-20,,,
2010-02-21,,,
2010-02-22,,,
2010-02-23,,,
2010-02-24,,,
2010-02-25,,,
2010-02-26,,,
2010-02-27,,,
2010-02-28,,,
2010-03-01,,,
2010-03-02,,,
2010-03-03,,,
2010-03-04,,,
2010-03-05,,,
2010-03-06,,,
2010-03-07,,,
2010-03-08,,,
2010-03-09,,,
2010-03-10,,,
2010-03-11,,,
2010-03-12,,,
2010-03-13,,,
2010-03-14,,,
2010-03-15,,,
2010-03-16,,,
2010-03-17,,,
2010-03-18,,,
2010-03-19,,,
2010-03-20,,,
2010-03-21,,,
2010-03-22,,,
2010-03-23,,,
2010-03-24,,,
2010-03-25,,,
2010-03-26,,,
2010-03-27,,,
2010-03-28,,,
2010-03-29,,,
2010-03-30,,,
2010-03-31,,,
2010-04-01,,,
2010-04-02,,,
2010-04-03,,,
2010-04-04,,,
2010-04-05,,,
2010-04-06,,,
2010-04-07,,,
2010-04-08,,,
2010-04-09,,,
2010-04-10,,,
2010-04-11,,,
2010-04-12,,,
2010-04-13,,,
2010-04-14,,,
2010-04-15,,,
2010-04-16,,,
2010-04-17,,,
2010-04-18,,,
2010-04-19,,,
2010-04-20,,,
2010-04-21,,,
2010-04-22,,,
2010-04-23,,,
2010-04-24,,,
2010-04-25,,,
2010-04-26,,,
2010-04-27,,,
2010-04-28,,,
2010-04-29,,,
2010-04-30,,,
2010-05-01,,,
2010-05-02,,,
2010-05-03,,,
2010-05-04,,,
2010-05-05,,,
2010-05-06,,,
2010-05-07,,,
2010-05-08,,,
2010-05-09,,,
2010-05-10,,,
2010-05-11,,,
2010-05-12,,,
2010-05-13,,,
2010-05-14,,,
2010-05-15,,,
2010-05-16,,,
2010-05-17,,,
2010-05-18,,,
2010-05-19,,,
2010-05-20,,,
2010-05-21,,,
2010-05-22,,,
2010-05-23,,,
2010-05-24,,,
2010-05-25,,,
2010-05-26,,,
2010-05-27,,,
2010-05-28,,,
2010-05-29,,,
2010-05-30,,,
2010-05-31,,,
2010-06-01,,,
2010-06-02,,,
2010-06-03,,,
2010-06-04,,,
2010-06-05,,,
2010-06-06,,,
2010-06-07,,,
2010-06-08,,,
2010-06-09,,,
2010-06-10,,,
2010-06-11,,,
2010-06-12,,,
2010-06-13,,,
2010-06-14,,,
2010-06-15,,,
2010-06-16,,,
2010-06-17,,,
2010-06-18,,,
2010-06-19,,,
2010-06-20,,,
2010-06-21,,,
2010-06-22,,,
2010-06-23,,,
2010-06-24,,,
2010-06-25,,,
2010-06-26,,,
2010-06-27,,,
2010-06-28,,,
2010-06-29,,,
2010-06-30,,,
2010-07-01,,,
2010-07-02,,,
2010-07-03,,,
2010-07-04,,,
2010-07-05,,,
2010-07-06,,,
2010-07-07,,,
2010-07-08,,,
2010-07-09,,,
2010-07-10,,,
2010-07-11,,,
2010-07-12,,,
2010-07-13,,,
2010-07-14,,,
2010-07-15,,,
2010-07-16,,,
2010-07-17,,,
2010-07-18,,,
2010-07-19,,,
2010-07-20,,,
2010-07-21,,,
2010-07-22,,,
2010-07-23,,,
2010-07-24,,,
2010-07-25,,,
2010-07-26,,,
2010-07-27,,,
2010-07-28,,,
2010-07-29,,,
2010-07-30,,,
2010-07-31,,,
2010-08-01,,,
2010-08-02,,,
2010-08-03,,,
2010-08-04,,,
2010-08-05,,,
2010-08-06,,,
2010-08-07,,,
2010-08-08,,,
2010-08-09,,,
2010-08-10,,,
2010-08-11,,,
2010-08-12,,,
2010-08-13,,,
2010-08-14,,,
2010-08-15,,,
2010-08-16,,,
2010-08-17,,,
2010-08-18,,,
2010-08-19,,,
2010-08-20,,,
2010-08-21,,,
2010-08-22,,,
2010-08-23,,,
2010-08-24,,,
2010-08-25,,,
2010-08-26,,,
2010-08-27,,,
2010-08-28,,,
2010-08-29,,,
2010-08-30,,,
2010-08-31,,,
2010-09-01,,,
2010-09-02,,,
2010-09-03,,,
2010-09-04,,,
2010-09-05,,,
2010-09-06,,,
2010-09-07,,,
2010-09-08,,,
2010-09-09,,,
2010-09-10,,,
2010-09-11,,,
2010-09-12,,,
2010-09-13,,,
2010-09-14,,,
2010-09-15,,,
2010-09-16,,,
2010-09-17,,,
2010-09-18,,,
2010-09-19,,,
2010-09-20,,,
2010-09-21,,,
2010-09-22,,,
2010-09-23,,,
2010-09-24,,,
2010-09-25,,,
2010-09-26,,,
2010-09-27,,,
2010-09-28,,,
2010-09-29,,,
2010-09-30,,,
2010-10-01,,,
2010-10-02,,,
2010-10-03,,,
2010-10-04,,,
2010-10-05,,,
2010-10-06,,,
2010-10-07,,,
2010-10-08,,,
2010-10-09,,,
2010-10-10,,,
2010-10-11,,,
2010-10-12,,,
2010-10-13,,,
2010-10-14,,,
2010-10-15,,,
2010-10-16,,,
2010-10-17,,,
2010-10-18,,,
2010-10-19,,,
2010-10-20,,,
2010-10-21,,,
2010-10-22,,,
2010-10-23,,,
2010-10-24,,,
2010-10-25,,,
2010-10-26,,,
2010-10-27,,,
2010-10-28,,,
2010-10-29,,,
2010-10-30,,,
2010-10-31,,,
2010-11-01,,,
2010-11-02,,,
2010-11-03,,,
2010-11-04,,,
2010-11-05,,,
2010-11-06,,,
2010-11-07,,,
2010-11-08,,,
2010-11-09,,,
2010-11-10,,,
2010-11-11,,,
2010-11-12,,,
2010-11-13,,,
2010-11-14,,,
2010-11-15,,,
2010-11-16,,,
2010-11-17,,,
2010-11-18,,,
2010-11-19,,,
2010-11-20,,,
2010-11-21,,,
2010-11-22,,,
2010-11-23,,,
2010-11-24,,,
2010-11-25,,,
2010-11-26,,,
2010-11-27,,,
2010-11-28,,,
2010-11-29,,,
2010-11-30,,,
2010-12-01,,,
2010-12-02,,,
2010-12-03,,,
2010-12-04,,,
2010-12-05,,,
2010-12-06,,,
2010-12-07,,,
2010-12-08,,,
2010-12-09,,,
2010-12-10,,,
2010-12-11,,,
2010-12-12,,,
2010-12-13,,,
2010-12-14,,,
2010-12-15,,,
2010-12-16,,,
2010-12-17,,,
2010-12-18,,,
2010-12-19,,,
2010-12-20,,,
2010-12-21,,,
2010-12-22,,,
2010-12-23,,,
2010-12-24,,,
2010-12-25,,,
2010-12-26,,,
2010-12-27,,,
2010-12-28,,,
2010-12-29,,,
2010-12-30,,,
2010-12-31,,,
2011-01-01,,,
2011-01-02,,,
2011-01-03,,,
2011-01-04,,,
2011-01-05,,,
2011-01-06,,,
2011-01-07,,,
2011-01-08,,,
2011-01-09,,,
2011-01-10,,,
2011-01-11,,,
2011-01-12,,,
2011-01-13,,,
2011-01-14,,,
2011-01-15,,,
2011-01-16,,,
2011-01-17,,,
2011-01-18,,,
2011-01-19,,,
2011-01-20,,,
2011-01-21,,,
2011-01-22,,,
2011-01-23,,,
2011-01-24,,,
2011-01-25,,,
2011-01-26,,,
2011-01-27,,,
2011-01-28,,,
2011-01-29,,,
2011-01-30,,,
2011-01-31,,,
2011-02-01,,,
2011-02-02,,,
2011-02-03,,,
2011-02-04,,,
2011-02-05,,,
2011-02-06,,,
2011-02-07,,,
2011-02-08,,,
2011-02-09,,,
2011-02-10,,,
2011-02-11,,,
2011-02-12,,,
2011-02-13,,,
2011-02-14,,,
2011-02-15,,,
2011-02-16,,,
2011-02-17,,,
2011-02-18,,,
2011-02-19,,,
2011-02-20,,,
2011-02-21,,,
2011-02-22,,,
2011-02-23,,,
2011-02-24,,,
2011-02-25,,,
2011-02-26,,,
2011-02-27,,,
2011-02-28,,,
2011-03-01,,,
2011-03-02,,,
2011-03-03,,,
2011-03-04,,,
2011-03-05,,,
2011-03-06,,,
2011-03-07,,,
2011-03-08,,,
2011-03-09,,,
2011-03-10,,,
2011-03-11,,,
2011-03-12,,,
2011-03-13,,,
2011-03-14,,,
2011-03-15,,,
2011-03-16,,,
2011-03-17,,,
2011-03-18,,,
2011-03-19,,,
2011-03-20,,,
2011-03-21,,,
2011-03-22,,,
2011-03-23,,,
2011-03-24,,,
2011-03-25,,,
2011-03-26,,,
2011-03-27,,,
2011-03-28,,,
2011-03-29,,,
2011-03-30,,,
2011-03-31,,,
2011-04-01,,,
2011-04-02,,,
2011-04-03,,,
2011-04-04,,,
2011-04-05,,,
2011-04-06,,,
2011-04-07,,,
2011-04-08,,,
2011-04-09,,,
2011-04-10,,,
2011-04-11,,,
2011-04-12,,,
2011-04-13,,,
2011-04-14,,,
2011-04-15,,,
2011-04-16,,,
2011-04-17,,,
2011-04-18,,,
2011-04-19,,,
2011-04-20,,,
2011-04-21,,,
2011-04-22,,,
2011-04-23,,,
2011-04-24,,,
2011-04-25,,,
2011-04-26,,,
2011-04-27,,,
2011-04-28,,,
2011-04-29,,,
2011-04-30,,,
2011-05-01,,,
2011-05-02,,,
2011-05-03,,,
2011-05-04,,,
2011-05-05,,,
2011-05-06,,,
2011-05-07,,,
2011-05-08,,,
2011-05-09,,,
2011-05-10,,,
2011-05-11,,,
2011-05-12,,,
2011-05-13,,,
2011-05-14,,,
2011-05-15,,,
2011-05-16,,,
2011-05-17,,,
2011-05-18,,,
2011-05-19,,,
2011-05-20,,,
2011-05-21,,,
2011-05-22,,,
2011-05-23,,,
2011-05-24,,,
2011-05-25,,,
2011-05-26,,,
2011-05-27,,,
2011-05-28,,,
2011-05-29,,,
2011-05-30,,,
2011-05-31,,,
2011-06-01,,,
2011-06-02,,,
2011-06-03,,,
2011-06-04,,,
2011-06-05,,,
2011-06-06,,,
2011-06-07,,,
2011-06-08,,,
2011-06-09,,,
2011-06-10,,,
2011-06-11,,,
2011-06-12,,,
2011-06-13,,,
2011-06-14,,,
2011-06-15,,,
2011-06-16,,,
2011-06-17,,,
2011-06-18,,,
2011-06-19,,,
2011-06-20,,,
2011-06-21,,,
2011-06-22,,,
2011-06-23,,,
2011-06-24,,,
2011-06-25,,,
2011-06-26,,,
2011-06-27,,,
2011-06-28,,,
2011-06-29,,,
2011-06-30,,,
2011-07-01,,,
2011-07-02,,,
2011-07-03,,,
2011-07-04,,,
2011-07-05,,,
2011-07-06,,,
2011-07-07,,,
2011-07-08,,,
2011-07-09,,,
2011-07-10,,,
2011-07-11,,,
2011-07-12,,,
2011-07-13,,,
2011-07-14,,,
2011-07-15,,,
2011-07-16,,,
2011-07-17,,,
2011-07-18,,,
2011-07-19,,,
2011-07-20,,,
2011-07-21,,,
2011-07-22,,,
2011-07-23,,,
2011-07-24,,,
2011-07-25,,,
2011-07-26,,,
2011-07-27,,,
2011-07-28,,,
2011-07-29,,,
2011-07-30,,,
2011-07-31,,,
2011-08-01,,,
2011-08-02,,,
2011-08-03,,,
2011-08-04,,,
2011-08-05,,,
2011-08-06,,,
2011-08-07,,,
2011-08-08,,,
2011-08-09,,,
2011-08-10,,,
2011-08-11,,,
2011-08-12,,,
2011-08-13,,,
2011-08-14,,,
2011-08-15,,,
2011-08-16,,,
2011-08-17,,,
2011-08-18,,,
2011-08-19,,,
2011-08-20,,,
2011-08-21,,,
2011-08-22,,,
2011-08-23,,,
2011-08-24,,,
2011-08-25,,,
2011-08-26,,,
2011-08-27,,,
2011-08-28,,,
2011-08-29,,,
2011-08-30,,,
2011-08-31,,,
2011-09-01,,,
2011-09-02,,,
2011-09-03,,,
2011-09-04,,,
2011-09-05,,,
2011-09-06,,,
2011-09-07,,,
2011-09-08,,,
2011-09-09,,,
2011-09-10,,,
2011-09-11,,,
2011-09-12,,,
2011-09-13,,,
2011-09-14,,,
2011-09-15,,,
2011-09-16,,,
2011-09-17,,,
2011-09-18,,,
2011-09-19,,,
2011-09-20,,,
2011-09-21,,,
2011-09-22,,,
2011-09-23,,,
2011-09-24,,,
2011-09-25,,,
2011-09-26,,,
2011-09-27,,,
2011-09-28,,,
2011-09-29,,,
2011-09-30,,,
2011-10-01,,,
2011-10-02,,,
2011-10-03,,,
2011-10-04,,,
2011-10-05,,,
2011-10-06,,,
2011-10-07,,,
2011-10-08,,,
2011-10-09,,,
2011-10-10,,,
2011-10-11,,,
2011-10-12,,,
2011-10-13,,,
2011-10-14,,,
2011-10-15,,,
2011-10-16,,,
2011-10-17,,,
2011-10-18,,,
2011-10-19,,,
2011-10-20,,,
2011-10-21,,,
2011-10-22,,,
2011-10-23,,,
2011-10-24,,,
2011-10-25,,,
2011-10-26,,,
2011-10-27,,,
2011-10-28,,,
2011-10-29,,,
2011-10-30,,,
2011-10-31,,,
2011-11-01,,,
2011-11-02,,,
2011-11-03,,,
2011-11-04,,,
2011-11-05,,,
2011-11-06,,,
2011-11-07,,,
2011-11-08,,,
2011-11-09,,,
2011-11-10,,,
2011-11-11,,,
2011-11-12,,,
2011-11-13,,,
2011-11-14,,,
2011-11-15,,,
2011-11-16,,,
2011-11-17,,,
2011-11-18,,,
2011-11-19,,,
2011-11-20,,,
2011-11-21,,,
2011-11-22,,,
2011-11-23,,,
2011-11-24,,,
2011-11-25,,,
2011-11-26,,,
2011-11-27,,,
2011-11-28,,,
2011-11-29,,,
2011-11-30,,,
2011-12-01,,,
2011-12-02,,,
2011-12-03,,,
2011-12-04,,,
2011-12-05,,,
2011-12-06,,,
2011-12-07,,,
2011-12-08,,,
2011-12-09,,,
2011-12-10,,,
2011-12-11,,,
2011-12-12,,,
2011-12-13,,,
2011-12-14,,,
2011-12-15,,,
2011-12-16,,,
2011-12-17,,,
2011-12-18,,,
2011-12-19,,,
2011-12-20,,,
2011-12-21,,,
2011-12-22,,,
2011-12-23,,,
2011-12-24,,,
2011-12-25,,,
2011-12-26,,,
2011-12-27,,,
2011-12-28,,,
2011-12-29,,,
2011-12-30,,,
2011-12-31,,,
2012-01-01,,,
2012-01-02,,,
2012-01-03,,,
2012-01-04,,,
2012-01-05,,,
2012-01-06,,,
2012-01-07,,,
2012-01-08,,,
2012-01-09,,,
2012-01-10,,,
2012-01-11,,,
2012-01-12,,,
2012-01-13,,,
2012-01-14,,,
2012-01-15,,,
2012-01-16,,,
2012-01-17,,,
2012-01-18,,,
2012-01-19,,,
2012-01-20,,,
2012-01-21,,,
2012-01-22,,,
2012-01-23,,,
2012-01-24,,,
2012-01-25,,,
2012-01-26,,,
2012-01-27,,,
2012-01-28,,,
2012-01-29,,,
2012-01-30,,,
2012-01-31,,,
2012-02-01,,,
2012-02-02,,,
2012-02-03,,,
2012-02-04,,,
2012-02-05,,,
2012-02-06,,,
2012-02-07,,,
2012-02-08,,,
2012-02-09,,,
2012-02-10,,,
2012-02-11,,,
2012-02-12,,,
2012-02-13,,,
2012-02-14,,,
2012-02-15,,,
2012-02-16,,,
2012-02-17,,,
2012-02-18,,,
2012-02-19,,,
2012-02-20,,,
2012-02-21,,,
2012-02-22,,,
2012-02-23,,,
2012-02-24,,,
2012-02-25,,,
2012-02-26,,,
2012-02-27,,,
2012-02-28,,,
2012-02-29,,,
2012-03-01,,,
2012-03-02,,,
2012-03-03,,,
2012-03-04,,,
2012-03-05,,,
2012-03-06,,,
2012-03-07,,,
2012-03-08,,,
2012-03-09,,,
2012-03-10,,,
2012-03-11,,,
2012-03-12,,,
2012-03-13,,,
2012-03-14,,,
2012-03-15,,,
2012-03-16,,,
2012-03-17,,,
2012-03-18,,,
2012-03-19,,,
2012-03-20,,,
2012-03-21,,,
2012-03-22,,,
2012-03-23,,,
2012-03-24,,,
2012-03-25,,,
2012-03-26,,,
2012-03-27,,,
2012-03-28,,,
2012-03-29,,,
2012-03-30,,,
2012-03-31,,,
2012-04-01,,,
2012-04-02,,,
2012-04-03,,,
2012-04-04,,,
2012-04-05,,,
2012-04-06,,,
2012-04-07,,,
2012-04-08,,,
2012-04-09,,,
2012-04-10,,,
2012-04-11,,,
2012-04-12,,,
2012-04-13,,,
2012-04-14,,,
2012-04-15,,,
2012-04-16,,,
2012-04-17,,,
2012-04-18,,,
2012-04-19,,,
2012-04-20,,,
2012-04-21,,,
2012-04-22,,,
2012-04-23,,,
2012-04-24,,,
2012-04-25,,,
2012-04-26,,,
2012-04-27,,,
2012-04-28,,,
2012-04-29,,,
2012-04-30,,,
2012-05-01,,,
2012-05-02,,,
2012-05-03,,,
2012-05-04,,,
2012-05-05,,,
2012-05-06,,,
2012-05-07,,,
2012-05-08,,,
2012-05-09,,,
2012-05-10,,,
2012-05-11,,,
2012-05-12,,,
2012-05-13,,,
2012-05-14,,,
2012-05-15,,,
2012-05-16,,,
2012-05-17,,,
2012-05-18,,,
2012-05-19,,,
2012-05-20,,,
2012-05-21,,,
2012-05-22,,,
2012-05-23,,,
2012-05-24,,,
2012-05-25,,,
2012-05-26,,,
2012-05-27,,,
2012-05-28,,,
2012-05-29,,,
2012-05-30,,,
2012-05-31,,,
2012-06-01,,,
2012-06-02,,,
2012-06-03,,,
2012-06-04,,,
2012-06-05,,,
2012-06-06,,,
2012-06-07,,,
2012-06-08,,,
2012-06-09,,,
2012-06-10,,,
2012-06-11,,,
2012-06-12,,,
2012-06-13,,,
2012-06-14,,,
2012-06-15,,,
2012-06-16,,,
2012-06-17,,,
2012-06-18,,,
2012-06-19,,,
2012-06-20,,,
2012-06-21,,,
2012-06-22,,,
2012-06-23,,,
2012-06-24,,,
2012-06-25,,,
2012-06-26,,,
2012-06-27,,,
2012-06-28,,,
2012-06-29,,,
2012-06-30,,,
2012-07-01,,,
2012-07-02,,,
2012-07-03,,,
2012-07-04,,,
2012-07-05,,,
2012-07-06,,,
2012-07-07,,,
2012-07-08,,,
2012-07-09,,,
2012-07-10,,,
2012-07-11,,,
2012-07-12,,,
2012-07-13,,,
2012-07-14,,,
2012-07-15,,,
2012-07-16,,,
2012-07-17,,,
2012-07-18,,,
2012-07-19,,,
2012-07-20,,,
2012-07-21,,,
2012-07-22,,,
2012-07-23,,,
2012-07-24,,,
2012-07-25,,,
2012-07-26,,,
2012-07-27,,,
2012-07-28,,,
2012-07-29,,,
2012-07-30,,,
2012-07-31,,,
2012-08-01,,,
2012-08-02,,,
2012-08-03,,,
2012-08-04,,,
2012-08-05,,,
2012-08-06,,,
2012-08-07,,,
2012-08-08,,,
2012-08-09,,,
2012-08-10,,,
2012-08-11,,,
2012-08-12,,,
2012-08-13,,,
2012-08-14,,,
2012-08-15,,,
2012-08-16,,,
2012-08-17,,,
2012-08-18,,,
2012-08-19,,,
2012-08-20,,,
2012-08-21,,,
2012-08-22,,,
2012-08-23,,,
2012-08-24,,,
2012-08-25,,,
2012-08-26,,,
2012-08-27,,,
2012-08-28,,,
2012-08-29,,,
2012-08-30,,,
2012-08-31,,,
2012-09-01,,,
2012-09-02,,,
2012-09-03,,,
2012-09-04,,,
2012-09-05,,,
2012-09-06,,,
2012-09-07,,,
2012-09-08,,,
2012-09-09,,,
2012-09-10,,,
2012-09-11,,,
2012-09-12,,,
2012-09-13,,,
2012-09-14,,,
2012-09-15,,,
2012-09-16,,,
2012-09-17,,,
2012-09-18,,,
2012-09-19,,,
2012-09-20,,,
2012-09-21,,,
2012-09-22,,,
2012-09-23,,,
2012-09-24,,,
2012-09-25,,,
2012-09-26,,,
2012-09-27,,,
2012-09-28,,,
2012-09-29,,,
2012-09-30,,,
2012-10-01,,,
2012-10-02,,,
2012-10-03,,,
2012-10-04,,,
2012-10-05,,,
2012-10-06,,,
2012-10-07,,,
2012-10-08,,,
2012-10-09,,,
2012-10-10,,,
2012-10-11,,,
2012-10-12,,,
2012-10-13,,,
2012-10-14,,,
2012-10-15,,,
2012-10-16,,,
2012-10-17,,,
2012-10-18,,,
2012-10-19,,,
2012-10-20,,,
2012-10-21,,,
2012-10-22,,,
2012-10-23,,,
2012-10-24,,,
2012-10-25,,,
2012-10-26,,,
2012-10-27,,,
2012-10-28,,,
2012-10-29,,,
2012-10-30,,,
2012-10-31,,,
2012-11-01,,,
2012-11-02,,,
2012-11-03,,,
2012-11-04,,,
2012-11-05,,,
2012-11-06,,,
2012-11-07,,,
2012-11-08,,,
2012-11-09,,,
2012-11-10,,,
2012-11-11,,,
2012-11-12,,,
2012-11-13,,,
2012-11-14,,,
2012-11-15,,,
2012-11-16,,,
2012-11-17,,,
2012-11-18,,,
2012-11-19,,,
2012-11-20,,,
2012-11-21,,,
2012-11-22,,,
2012-11-23,,,
2012-11-24,,,
2012-11-25,,,
2012-11-26,,,
2012-11-27,,,
2012-11-28,,,
2012-11-29,,,
2012-11-30,,,
2012-12-01,,,
2012-12-02,,,
2012-12-03,,,
2012-12-04,,,
2012-12-05,,,
2012-12-06,,,
2012-12-07,,,
2012-12-08,,,
2012-12-09,,,
2012-12-10,,,
2012-12-11,,,
2012-12-12,,,
2012-12-13,,,
2012-12-14,,,
2012-12-15,,,
2012-12-16,,,
2012-12-17,,,
2012-12-18,,,
2012-12-19,,,
2012-12-20,,,
2012-12-21,,,
2012-12-22,,,
2012-12-23,,,
2012-12-24,,,
2012-12-25,,,
2012-12-26,,,
2012-12-27,,,
2012-12-28,,,
2012-12-29,,,
2012-12-30,,,
2012-12-31,,,
2013-01-01,,,
2013-01-02,,,
2013-01-03,,,
2013-01-04,,,
2013-01-05,,,
2013-01-06,,,
2013-01-07,,,
2013-01-08,,,
2013-01-09,,,
2013-01-10,,,
2013-01-11,,,
2013-01-12,,,
2013-01-13,,,
2013-01-14,,,
2013-01-15,,,
2013-01-16,,,
2013-01-17,,,
2013-01-18,,,
2013-01-19,,,
2013-01-20,,,
2013-01-21,,,
2013-01-22,,,
2013-01-23,,,
2013-01-24,,,
2013-01-25,,,
2013-01-26,,,
2013-01-27,,,
2013-01-28,,,
2013-01-29,,,
2013-01-30,,,
2013-01-31,,,
2013-02-01,,,
2013-02-02,,,
2013-02-03,,,
2013-02-04,,,
2013-02-05,,,
2013-02-06,,,
2013-02-07,,,
2013-02-08,,,
2013-02-09,,,
2013-02-10,,,
2013-02-11,,,
2013-02-12,,,
2013-02-13,,,
2013-02-14,,,
2013-02-15,,,
2013-02-16,,,
2013-02-17,,,
2013-02-18,,,
2013-02-19,,,
2013-02-20,,,
2013-02-21,,,
2013-02-22,,,
2013-02-23,,,
2013-02-24,,,
2013-02-25,,,
2013-02-26,,,
2013-02-27,,,
2013-02-28,,,
2013-03-01,,,
2013-03-02,,,
2013-03-03,,,
2013-03-04,,,
2013-03-05,,,
2013-03-06,,,
2013-03-07,,,
2013-03-08,,,
2013-03-09,,,
2013-03-10,,,
2013-03-11,,,
2013-03-12,,,
2013-03-13,,,
2013-03-14,,,
2013-03-15,,,
2013-03-16,,,
2013-03-17,,,
2013-03-18,,,
2013-03-19,,,
2013-03-20,,,
2013-03-21,,,
2013-03-22,,,
2013-03-23,,,
2013-03-24,,,
2013-03-25,,,
2013-03-26,,,
2013-03-27,,,
2013-03-28,,,
2013-03-29,,,
2013-03-30,,,
2013-03-31,,,
2013-04-01,,,
2013-04-02,,,
2013-04-03,,,
2013-04-04,,,
2013-04-05,,,
2013-04-06,,,
2013-04-07,,,
2013-04-08,,,
2013-04-09,,,
2013-04-10,,,
2013-04-11,,,
2013-04-12,,,
2013-04-13,,,
2013-04-14,,,
2013-04-15,,,
2013-04-16,,,
2013-04-17,,,
2013-04-18,,,
2013-04-19,,,
2013-04-20,,,
2013-04-21,,,
2013-04-22,,,
2013-04-23,,,
2013-04-24,,,
2013-04-25,,,
2013-04-26,,,
2013-04-27,,,
2013-04-28,,,
2013-04-29,,,
2013-04-30,,,
2013-05-01,,,
2013-05-02,,,
2013-05-03,,,
2013-05-04,,,
2013-05-05,,,
2013-05-06,,,
2013-05-07,,,
2013-05-08,,,
2013-05-09,,,
2013-05-10,,,
2013-05-11,,,
2013-05-12,,,
2013-05-13,,,
2013-05-14,,,
2013-05-15,,,
2013-05-16,,,
2013-05-17,,,
2013-05-18,,,
2013-05-19,,,
2013-05-20,,,
2013-05-21,,,
2013-05-22,,,
2013-05-23,,,
2013-05-24,,,
2013-05-25,,,
2013-05-26,,,
2013-05-27,,,
2013-05-28,,,
2013-05-29,,,
2013-05-30,,,
2013-05-31,,,
2013-06-01,,,
2013-06-02,,,
2013-06-03,,,
2013-06-04,,,
2013-06-05,,,
2013-06-06,,,
2013-06-07,,,
2013-06-08,,,
2013-06-09,,,
2013-06-10,,,
2013-06-11,,,
2013-06-12,,,
2013-06-13,,,
2013-06-14,,,
2013-06-15,,,
2013-06-16,,,
2013-06-17,,,
2013-06-18,,,
2013-06-19,,,
2013-06-20,,,
2013-06-21,,,
2013-06-22,,,
2013-06-23,,,
2013-06-24,,,
2013-06-25,,,
2013-06-26,,,
2013-06-27,,,
2013-06-28,,,
2013-06-29,,,
2013-06-30,,,
2013-07-01,,,
2013-07-02,,,
2013-07-03,,,
2013-07-04,,,
2013-07-05,,,
2013-07-06,,,
2013-07-07,,,
2013-07-08,,,
2013-07-09,,,
2013-07-10,,,
2013-07-11,,,
2013-07-12,,,
2013-07-13,,,
2013-07-14,,,
2013-07-15,,,
2013-07-16,,,
2013-07-17,,,
2013-07-18,,,
2013-07-19,,,
2013-07-20,,,
2013-07-21,,,
2013-07-22,,,
2013-07-23,,,
2013-07-24,,,
2013-07-25,,,
2013-07-26,,,
2013-07-27,,,
2013-07-28,,,
2013-07-29,,,
2013-07-30,,,
2013-07-31,,,
2013-08-01,,,
2013-08-02,,,
2013-08-03,,,
2013-08-04,,,
2013-08-05,,,
2013-08-06,,,
2013-08-07,,,
2013-08-08,,,
2013-08-09,,,
2013-08-10,,,
2013-08-11,,,
2013-08-12,,,
2013-08-13,,,
2013-08-14,,,
2013-08-15,,,
2013-08-16,,,
2013-08-17,,,
2013-08-18,,,
2013-08-19,,,
2013-08-20,,,
2013-08-21,,,
2013-08-22,,,
2013-08-23,,,
2013-08-24,,,
2013-08-25,,,
2013-08-26,,,
2013-08-27,,,
2013-08-28,,,
2013-08-29,,,
2013-08-30,,,
2013-08-31,,,
2013-09-01,,,
2013-09-02,,,
2013-09-03,,,
2013-09-04,,,
2013-09-05,,,
2013-09-06,,,
2013-09-07,,,
2013-09-08,,,
2013-09-09,,,
2013-09-10,,,
2013-09-11,,,
2013-09-12,,,
2013-09-13,,,
2013-09-14,,,
2013-09-15,,,
2013-09-16,,,
2013-09-17,,,
2013-09-18,,,
2013-09-19,,,
2013-09-20,,,
2013-09-21,,,
2013-09-22,,,
2013-09-23,,,
2013-09-24,,,
2013-09-25,,,
2013-09-26,,,
2013-09-27,,,
2013-09-28,,,
2013-09-29,,,
2013-09-30,,,
2013-10-01,,,
2013-10-02,,,
2013-10-03,,,
2013-10-04,,,
2013-10-05,,,
2013-10-06,,,
2013-10-07,,,
2013-10-08,,,
2013-10-09,,,
2013-10-10,,,
2013-10-11,,,
2013-10-12,,,
2013-10-13,,,
2013-10-14,,,
2013-10-15,,,
2013-10-16,,,
2013-10-17,,,
2013-10-18,,,
2013-10-19,,,
2013-10-20,,,
2013-10-21,,,
2013-10-22,,,
2013-10-23,,,
2013-10-24,,,
2013-10-25,,,
2013-10-26,,,
2013-10-27,,,
2013-10-28,,,
2013-10-29,,,
2013-10-30,,,
2013-10-31,,,
2013-11-01,,,
2013-11-02,,,
2013-11-03,,,
2013-11-04,,,
2013-11-05,,,
2013-11-06,,,
2013-11-07,,,
2013-11-08,,,
2013-11-09,,,
2013-11-10,,,
2013-11-11,,,
2013-11-12,,,
2013-11-13,,,
2013-11-14,,,
2013-11-15,,,
2013-11-16,,,
2013-11-17,,,
2013-11-18,,,
2013-11-19,,,
2013-11-20,,,
2013-11-21,,,
2013-11-22,,,
2013-11-23,,,
2013-11-24,,,
2013-11-25,,,
2013-11-26,,,
2013-11-27,,,
2013-11-28,,,
2013-11-29,,,
2013-11-30,,,
2013-12-01,,,
2013-12-02,,,
2013-12-03,,,
2013-12-04,,,
2013-12-05,,,
2013-12-06,,,
2013-12-07,,,
2013-12-08,,,
2013-12-09,,,
2013-12-10,,,
2013-12-11,,,
2013-12-12,,,
2013-12-13,,,
2013-12-14,,,
2013-12-15,,,
2013-12-16,,,
2013-12-17,,,
2013-12-18,,,
2013-12-19,,,
2013-12-20,,,
2013-12-21,,,
2013-12-22,,,
2013-12-23,,,
2013-12-24,,,
2013-12-25,,,
2013-12-26,,,
2013-12-27,,,
2013-12-28,,,
2013-12-29,,,
2013-12-30,,,
2013-12-31,,,
2014-01-01,,,
2014-01-02,,,
2014-01-03,,,
2014-01-04,,,
2014-01-05,,,
2014-01-06,,,
2014-01-07,,,
2014-01-08,,,
2014-01-09,,,
2014-01-10,,,
2014-01-11,,,
2014-01-12,,,
2014-01-13,,,
2014-01-14,,,
2014-01-15,,,
2014-01-16,,,
2014-01-17,,,
2014-01-18,,,
2014-01-19,,,
2014-01-20,,,
2014-01-21,,,
2014-01-22,,,
2014-01-23,,,
2014-01-24,,,
2014-01-25,,,
2014-01-26,,,
2014-01-27,,,
2014-01-28,,,
2014-01-29,,,
2014-01-30,,,
2014-01-31,,,
2014-02-01,,,
2014-02-02,,,
2014-02-03,,,
2014-02-04,,,
2014-02-05,,,
2014-02-06,,,
2014-02-07,,,
2014-02-08,,,
2014-02-09,,,
2014-02-10,,,
2014-02-11,,,
2014-02-12,,,
2014-02-13,,,
2014-02-14,,,
2014-02-15,,,
2014-02-16,,,
2014-02-17,,,
2014-02-18,,,
2014-02-19,,,
2014-02-20,,,
2014-02-21,,,
2014-02-22,,,
2014-02-23,,,
2014-02-24,,,
2014-02-25,,,
2014-02-26,,,
2014-02-27,,,
2014-02-28,,,
2014-03-01,,,
2014-03-02,,,
2014-03-03,,,
2014-03-04,,,
2014-03-05,,,
2014-03-06,,,
2014-03-07,,,
2014-03-08,,,
2014-03-09,,,
2014-03-10,,,
2014-03-11,,,
2014-03-12,,,
2014-03-13,,,
2014-03-14,,,
2014-03-15,,,
2014-03-16,,,
2014-03-17,,,
2014-03-18,,,
2014-03-19,,,
2014-03-20,,,
2014-03-21,,,
2014-03-22,,,
2014-03-23,,,
2014-03-24,,,
2014-03-25,,,
2014-03-26,,,
2014-03-27,,,
2014-03-28,,,
2014-03-29,,,
2014-03-30,,,
2014-03-31,,,
2014-04-01,,,
2014-04-02,,,
2014-04-03,,,
2014-04-04,,,
2014-04-05,,,
2014-04-06,,,
2014-04-07,,,
2014-04-08,,,
2014-04-09,,,
2014-04-10,,,
2014-04-11,,,
2014-04-12,,,
2014-04-13,,,
2014-04-14,,,
2014-04-15,,,
2014-04-16,,,
2014-04-17,,,
2014-04-18,,,
2014-04-19,,,
2014-04-20,,,
2014-04-21,,,
2014-04-22,,,
2014-04-23,,,
2014-04-24,,,
2014-04-25,,,
2014-04-26,,,
2014-04-27,,,
2014-04-28,,,
2014-04-29,,,
2014-04-30,,,
2014-05-01,,,
2014-05-02,,,
2014-05-03,,,
2014-05-04,,,
2014-05-05,,,
2014-05-06,,,
2014-05-07,,,
2014-05-08,,,
2014-05-09,,,
2014-05-10,,,
2014-05-11,,,
2014-05-12,,,
2014-05-13,,,
2014-05-14,,,
2014-05-15,,,
2014-05-16,,,
2014-05-17,,,
2014-05-18,,,
2014-05-19,,,
2014-05-20,,,
2014-05-21,,,
2014-05-22,,,
2014-05-23,,,
2014-05-24,,,
2014-05-25,,,
2014-05-26,,,
2014-05-27,,,
2014-05-28,,,
2014-05-29,,,
2014-05-30,,,
2014-05-31,,,
2014-06-01,,,
2014-06-02,,,
2014-06-03,,,
2014-06-04,,,
2014-06-05,,,
2014-06-06,,,
2014-06-07,,,
2014-06-08,,,
2014-06-09,,,
2014-06-10,,,
2014-06-11,,,
2014-06-12,,,
2014-06-13,,,
2014-06-14,,,
2014-06-15,,,
2014-06-16,,,
2014-06-17,,,
2014-06-18,,,
2014-06-19,,,
2014-06-20,,,
2014-06-21,,,
2014-06-22,,,
2014-06-23,,,
2014-06-24,,,
2014-06-25,,,
2014-06-26,,,
2014-06-27,,,
2014-06-28,,,
2014-06-29,,,
2014-06-30,,,
2014-07-01,,,
2014-07-02,,,
2014-07-03,,,
2014-07-04,,,
2014-07-05,,,
2014-07-06,,,
2014-07-07,,,
2014-07-08,,,
2014-07-09,,,
2014-07-10,,,
2014-07-11,,,
2014-07-12,,,
2014-07-13,,,
2014-07-14,,,
2014-07-15,,,
2014-07-16,,,
2014-07-17,,,
2014-07-18,,,
2014-07-19,,,
2014-07-20,,,
2014-07-21,,,
2014-07-22,,,
2014-07-23,,,
2014-07-24,,,
2014-07-25,,,
2014-07-26,,,
2014-07-27,,,
2014-07-28,,,
2014-07-29,,,
2014-07-30,,,
2014-07-31,,,
2014-08-01,,,
2014-08-02,,,
2014-08-03,,,
2014-08-04,,,
2014-08-05,,,
2014-08-06,,,
2014-08-07,,,
2014-08-08,,,
2014-08-09,,,
2014-08-10,,,
2014-08-11,,,
2014-08-12,,,
2014-08-13,,,
2014-08-14,,,
2014-08-15,,,
2014-08-16,,,
2014-08-17,,,
2014-08-18,,,
2014-08-19,,,
2014-08-20,,,
2014-08-21,,,
2014-08-22,,,
2014-08-23,,,
2014-08-24,,,
2014-08-25,,,
2014-08-26,,,
2014-08-27,,,
2014-08-28,,,
2014-08-29,,,
2014-08-30,,,
2014-08-31,,,
2014-09-01,,,
2014-09-02,,,
2014-09-03,,,
2014-09-04,,,
2014-09-05,,,
2014-09-06,,,
2014-09-07,,,
2014-09-08,,,
2014-09-09,,,
2014-09-10,,,
2014-09-11,,,
2014-09-12,,,
2014-09-13,,,
2014-09-14,,,
2014-09-15,,,
2014-09-16,,,
2014-09-17,,,
2014-09-18,,,
2014-09-19,,,
2014-09-20,,,
2014-09-21,,,
2014-09-22,,,
2014-09-23,,,
2014-09-24,,,
2014-09-25,,,
2014-09-26,,,
2014-09-27,,,
2014-09-28,,,
2014-09-29,,,
2014-09-30,,,
2014-10-01,0.362455636,12.8000120486492,0.6087610586782227
2014-10-02,0.399267537,14.100013288893901,0.6705883544875171
2014-10-03,0.353960582,12.500011765155401,0.594493221312966
2014-10-04,0.33413879,11.800011127213,0.5612016019137314
2014-10-05,0.317148682,11.200010560225401,0.532665927183218
2014-10-06,0.297326889,10.5000098869683,0.499374306104437
2014-10-07,0.286000151,10.1000095325197,0.4803505240704591
2014-10-08,0.276655591,9.7700091994877,0.46465590196094886
2014-10-09,0.302990259,10.7000100995073,0.5088861988009724
2014-10-10,0.336970474,11.900011198167801,0.5659575465824527
2014-10-11,0.308653628,10.900010276731601,0.5183980898179614
2014-10-12,0.308653628,10.900010276731601,0.5183980898179614
2014-10-13,0.317148682,11.200010560225401,0.532665927183218
2014-10-14,0.317148682,11.200010560225401,0.532665927183218
2014-10-15,0.311485313,11.0000103830011,0.523154036166229
2014-10-16,0.297326889,10.5000098869683,0.499374306104437
2014-10-17,0.278920939,9.8500092845033,0.468460659039563
2014-10-18,0.276655591,9.7700091994877,0.46465590196094886
2014-10-19,0.268726874,9.4900089372478,0.4513392538653458
2014-10-20,0.251736766,8.890008370260201,0.42280357913483246
2014-10-21,0.268726874,9.4900089372478,0.4513392538653458
2014-10-22,0.41342596,14.600013749612,0.6943680828697627
2014-10-23,0.37095069,13.100012332143002,0.6230288960434794
2014-10-24,0.322812051,11.4000107374497,0.542177818200207
2014-10-25,0.302990259,10.7000100995073,0.5088861988009724
2014-10-26,0.294495205,10.4000098160135,0.4946183614357157
2014-10-27,0.29166352,10.300009709744002,0.4898624150874481
2014-10-28,0.276372423,9.7600092065181,0.46418030816589534
2014-10-29,0.260798157,9.2100086750079,0.4380226057697426
2014-10-30,0.257966472,9.110008568738401,0.4332666594214749
2014-10-31,0.255984293,9.0400085120071,0.42993749781746077
2014-11-01,0.255701125,9.0300085190375,0.4294619040224072
2014-11-02,0.273823907,9.6700091285329,0.4598999572922276
2014-11-03,0.277505097,9.8000092490259,0.46608268670520236
2014-11-04,0.25286944,8.930008412768,0.4247059576741395
2014-11-05,0.232764479,8.2200077465413,0.3909387428003049
2014-11-06,0.266178358,9.4000088592626,0.44705890299167805
2014-11-07,0.277505097,9.8000092490259,0.46608268670520236
2014-11-08,0.238427848,8.420007923765601,0.4004506338172939
2014-11-09,0.221720909,7.8300073850623,0.3723905545613805
2014-11-10,0.215208034,7.600007158299801,0.36145187880013807
2014-11-11,0.186891188,6.600006236863601,0.31389242203564677
2014-11-12,0.218039719,7.7000072645693,0.3662078251484057
2014-11-13,0.181227818,6.4000060243246,0.30438052933911136
2014-11-14,0.214924866,7.5900071653302,0.36097628500508444
2014-11-15,0.195386241,6.9000064850427,0.328160257721357
2014-11-16,,,
2014-11-17,,,
2014-11-18,,,
2014-11-19,,,
2014-11-20,,,
2014-11-21,,,
2014-11-22,,,
2014-11-23,,,
2014-11-24,,,
2014-11-25,,,
2014-11-26,,,
2014-11-27,,,
2014-11-28,,,
2014-11-29,,,
2014-11-30,,,
2014-12-01,,,
2014-12-02,,,
2014-12-03,,,
2014-12-04,,,
2014-12-05,,,
2014-12-06,,,
2014-12-07,,,
2014-12-08,,,
2014-12-09,,,
2014-12-10,,,
2014-12-11,,,
2014-12-12,,,
2014-12-13,,,
2014-12-14,,,
2014-12-15,,,
2014-12-16,,,
2014-12-17,,,
2014-12-18,,,
2014-12-19,,,
2014-12-20,,,
2014-12-21,,,
2014-12-22,,,
2014-12-23,,,
2014-12-24,,,
2014-12-25,,,
2014-12-26,,,
2014-12-27,,,
2014-12-28,,,
2014-12-29,,,
2014-12-30,,,
2014-12-31,,,
2015-01-01,,,
2015-01-02,,,
2015-01-03,,,
2015-01-04,,,
2015-01-05,,,
2015-01-06,,,
2015-01-07,,,
2015-01-08,,,
2015-01-09,,,
2015-01-10,,,
2015-01-11,,,
2015-01-12,,,
2015-01-13,,,
2015-01-14,,,
2015-01-15,,,
2015-01-16,,,
2015-01-17,,,
2015-01-18,,,
2015-01-19,,,
2015-01-20,,,
2015-01-21,,,
2015-01-22,,,
2015-01-23,,,
2015-01-24,,,
2015-01-25,,,
2015-01-26,,,
2015-01-27,,,
2015-01-28,,,
2015-01-29,,,
2015-01-30,,,
2015-01-31,,,
2015-02-01,,,
2015-02-02,,,
2015-02-03,,,
2015-02-04,,,
2015-02-05,,,
2015-02-06,,,
2015-02-07,,,
2015-02-08,,,
2015-02-09,,,
2015-02-10,,,
2015-02-11,,,
2015-02-12,,,
2015-02-13,,,
2015-02-14,,,
2015-02-15,,,
2015-02-16,,,
2015-02-17,,,
2015-02-18,,,
2015-02-19,,,
2015-02-20,,,
2015-02-21,,,
2015-02-22,,,
2015-02-23,,,
2015-02-24,,,
2015-02-25,,,
2015-02-26,,,
2015-02-27,,,
2015-02-28,,,
2015-03-01,,,
2015-03-02,,,
2015-03-03,,,
2015-03-04,,,
2015-03-05,,,
2015-03-06,,,
2015-03-07,,,
2015-03-08,,,
2015-03-09,,,
2015-03-10,,,
2015-03-11,,,
2015-03-12,,,
2015-03-13,,,
2015-03-14,,,
2015-03-15,,,
2015-03-16,,,
2015-03-17,,,
2015-03-18,,,
2015-03-19,,,
2015-03-20,,,
2015-03-21,,,
2015-03-22,,,
2015-03-23,,,
2015-03-24,,,
2015-03-25,,,
2015-03-26,,,
2015-03-27,,,
2015-03-28,,,
2015-03-29,,,
2015-03-30,,,
2015-03-31,,,
2015-04-01,1.087366909,38.4000361812623,1.8262831777142146
2015-04-02,0.999584685,35.3000332753695,1.6788488593929265
2015-04-03,0.91746583,32.400030546701004,1.5409264320886276
2015-04-04,0.877822244,31.000029200186802,1.4743431899310653
2015-04-05,0.866495506,30.6000288457382,1.4553194078970875
2015-04-06,0.920297514,32.5000306176558,1.5456823767573489
2015-04-07,0.979762892,34.6000326021124,1.6455572383141455
2015-04-08,1.025069847,36.2000341258509,1.7216523714886964
2015-04-09,1.013743108,35.8000337360876,1.7026285877751721
2015-04-10,1.013743108,35.8000337360876,1.7026285877751721
2015-04-11,1.050555009,37.1000349763323,1.7644558835844666
2015-04-12,1.073208486,37.9000357205442,1.8025034493319687
2015-04-13,1.115683756,39.4000371380132,1.873842636158252
2015-04-14,1.217624403,43.0000405046241,2.045056682861786
2015-04-15,1.282753151,45.3000427016197,2.154443437115118
2015-04-16,1.192139242,42.100039689457404,2.0022531724455623
2015-04-17,1.087366909,38.4000361812623,1.8262831777142146
2015-04-18,0.979762892,34.6000326021124,1.6455572383141455
2015-04-19,0.920297514,32.5000306176558,1.5456823767573489
2015-04-20,0.872158875,30.8000290229625,1.4648312989140764
2015-04-21,0.858000452,30.3000285622444,1.4410515705318307
2015-04-22,0.860832136,30.400028633199202,1.4458075152005523
2015-04-23,0.843842028,29.8000280662116,1.4172718404700388
2015-04-24,0.829683605,29.300027605493504,1.3934921120877932
2015-04-25,0.815525182,28.800027144775402,1.3697123837055476
2015-04-26,0.795703389,28.1000264715183,1.3364207626267666
2015-04-27,0.778713281,27.500025904530702,1.3078850878962534
2015-04-28,0.83251529,29.400027711763002,1.3982480584360608
2015-04-29,1.002416369,35.40003334632431,1.683604804061648
2015-04-30,1.231782827,43.5000410006569,2.068836412923578
2015-05-01,1.489466131,52.6000495764257,2.5016274785499992
2015-05-02,1.795288074,63.4000597468878,3.015269622019693
2015-05-03,2.041644639,72.1000679328933,3.42903690393259
2015-05-04,2.03598127,71.90006775566901,3.419525012915601
2015-05-05,2.137921918,75.5000711575946,3.5907390612986814
2015-05-06,2.554179563,90.2000850134761,4.289863090516712
2015-05-07,2.474892392,87.40008235576241,4.156696607881134
2015-05-08,2.262516043,79.90007530373211,3.800000675429264
2015-05-09,2.15774371,76.20007179553701,3.6240306806979157
2015-05-10,1.948199046,68.8000648497762,3.272090694594313
2015-05-11,1.792456389,63.30005964061831,3.0105136756714255
2015-05-12,1.803783128,63.70006003038161,3.02953745938495
2015-05-13,1.953862415,69.0000650270005,3.281602585611302
2015-05-14,2.018991162,71.3000671886814,3.3909893381850873
2015-05-15,2.058634747,72.70006849988091,3.4575725786631035
2015-05-16,1.854753452,65.5000617313444,3.1151444835764894
2015-05-17,1.730159327,61.100057585206905,2.9058828694459073
2015-05-18,1.662198895,58.7000553172565,2.791740170523854
2015-05-19,1.877406929,66.3000624755563,3.153192049323992
2015-05-20,1.766971227,62.4000587901369,2.9677101635756555
2015-05-21,1.792456389,63.30005964061831,3.0105136756714255
2015-05-22,1.948199046,68.8000648497762,3.272090694594313
2015-05-23,2.058634747,72.70006849988091,3.4575725786631035
2015-05-24,1.970852523,69.6000655939881,3.310138260341815
2015-05-25,2.050139693,72.40006821638711,3.443304741297847
2015-05-26,2.186060557,77.2000727522879,3.671590139141953
2015-05-27,2.426753753,85.7000807610691,4.075845530037861
2015-05-28,2.769387597,97.80009217177592,4.65131496931685
2015-05-29,2.973268892,105.00009894031241,4.993743064403463
2015-05-30,3.284754205,116.00010932331351,5.516897100569691
2015-05-31,3.90772483,138.000130054001,6.563205171222604
2015-06-01,4.672279688,165.0001554978136,7.8473105307366104
2015-06-02,5.606735625,198.0001865761875,9.416772635876207
2015-06-03,6.371290483,225.0002120200001,10.700877995390213
2015-06-04,6.626142103,234.00022052481413,11.128913116347913
2015-06-05,6.286339943,222.0002091850621,10.558199621737646
2015-06-06,5.889904091,208.00019600243772,9.892367213598398
2015-06-07,5.436834546,192.0001809416262,9.131415890250619
2015-06-08,5.493468239,194.00018281981332,9.22653480545915
2015-06-09,5.918220938,209.00019695918863,9.939926672042436
2015-06-10,6.286339943,222.0002091850621,10.558199621737646
2015-06-11,8.438420284,298.0002808033748,14.172718411418572
2015-06-12,8.325152898,294.0002770470006,13.982480581001518
2015-06-13,6.541191563,231.0002176898761,10.986234742695347
2015-06-14,5.380200852,190.0001790281244,9.036296973362544
2015-06-15,4.785547074,169.00015925418782,8.03754836115367
2015-06-16,5.06871554,179.000168680438,8.51314293887586
2015-06-17,4.983765,176.00016584550002,8.370464565223294
2015-06-18,4.587329148,162.00015266287562,7.704632157084045
2015-06-19,4.134259602,146.0001375667494,6.94368083205672
2015-06-20,3.794457443,134.0001262623121,6.372967339126
2015-06-21,3.398021591,120.00011307968771,5.707134930986751
2015-06-22,2.888318352,102.00009610537441,4.851064690750897
2015-06-23,2.497545869,88.20008309997431,4.194744173628636
2015-06-24,2.319149736,81.9000771819192,3.8951195906377927
2015-06-25,2.084119909,73.6000693503623,3.5003760907588735
2015-06-26,1.823604921,64.4000607036387,3.0628290804637306
2015-06-27,1.605565202,56.7000534390694,2.6966212553153253
2015-06-28,1.384693798,48.9000460682306,2.3256574838186514
2015-06-29,1.237446196,43.700041177881204,2.078348303940567
2015-06-30,1.084535224,38.300036074992796,1.8215272313659467
2015-07-01,0.948614361,33.5000315744067,1.5932418352013864
2015-07-02,0.883485614,31.200029412725804,1.483855082627601
2015-07-03,0.835346974,29.5000277827178,1.4030040031047821
2015-07-04,0.809861813,28.600026967551102,1.3602004926885587
2015-07-05,0.761723173,26.900025337543102,1.27934941316574
2015-07-06,0.761723173,26.900025337543102,1.27934941316574
2015-07-07,0.838178659,29.600027888987302,1.40775994945305
2015-07-08,0.894812352,31.6000297671744,1.5028788646615787
2015-07-09,0.897644037,31.7000298734439,1.5076348110098465
2015-07-10,0.807030128,28.5000268612816,1.3554445463402909
2015-07-11,0.70508948,24.900023459356003,1.184230497957211
2015-07-12,0.665445895,23.5000221481565,1.117647257479195
2015-07-13,0.631465679,22.3000210141813,1.0605759080181683
2015-07-14,0.659782526,23.3000219709322,1.1081353664622062
2015-07-15,0.642792418,22.7000214039446,1.0795996917316928
2015-07-16,0.546515139,19.300018179243303,0.9178975343656018
2015-07-17,0.4983765,17.60001658455,0.8370464565223295
2015-07-18,0.492713131,17.4000164073257,0.8275345655053405
2015-07-19,0.478554707,16.9000159112929,0.8037548354435484
2015-07-20,0.543683455,19.200018108288504,0.9131415896968805
2015-07-21,0.597485463,21.1000198802061,1.0035045585571418
2015-07-22,0.506871554,17.9000168680438,0.8513142938875861
2015-07-23,0.430416068,15.200014316599601,0.7229037576002761
2015-07-24,0.535188401,18.900017824794702,0.8988737523316238
2015-07-25,0.538020085,19.0000178957495,0.903629697000345
2015-07-26,0.433247753,15.3000144228691,0.7276597039485437
2015-07-27,0.399267537,14.100013288893901,0.6705883544875171
2015-07-28,0.353960582,12.500011765155401,0.594493221312966
2015-07-29,0.317148682,11.200010560225401,0.532665927183218
2015-07-30,0.297326889,10.5000098869683,0.499374306104437
2015-07-31,0.286000151,10.1000095325197,0.4803505240704591
2015-08-01,0.29166352,10.300009709744002,0.4898624150874481
2015-08-02,0.305821943,10.8000101704621,0.5136421434696937
2015-08-03,0.359623952,12.700011977694402,0.6040051140095014
2015-08-04,0.365287321,12.9000121549187,0.6135170050264904
2015-08-05,0.288831835,10.2000096034745,0.48510646873918034
2015-08-06,0.26957638,9.520008986786001,0.4527660386095993
2015-08-07,0.26391301,9.320008774247,0.4432541459130639
2015-08-08,0.29166352,10.300009709744002,0.4898624150874481
2015-08-09,0.243241712,8.590008086766401,0.40853574176957574
2015-08-10,0.230499131,8.1400076615257,0.3871339857216908
2015-08-11,0.246073397,8.6900081930359,0.41329168811784345
2015-08-12,0.27495658,9.710009135726,0.46180233415198835
2015-08-13,0.217190213,7.6700072150311005,0.3647810404041522
2015-08-14,0.198784263,7.0200066125661,0.33386739333927823
2015-08-15,0.183776334,6.490006102309801,0.3086608802127791
2015-08-16,0.182643661,6.4500060951167,0.3067585033530184
2015-08-17,0.189439704,6.6900063148488,0.31817277290931445
2015-08-18,0.179528807,6.340005960562901,0.30152696153015074
2015-08-19,0.168768406,5.960005627368201,0.2834543687658263
2015-08-20,0.160839689,5.6800053651283005,0.27013772067022324
2015-08-21,0.158857509,5.610005273082301,0.26680855738666265
2015-08-22,0.153477309,5.420005124142301,0.2577722618442736
2015-08-23,0.153477309,5.420005124142301,0.2577722618442736
2015-08-24,0.142433738,5.030004727348601,0.23922407192580283
2015-08-25,0.143283244,5.0600047768868,0.2406508566700563
2015-08-26,0.144699086,5.110004812364201,0.24302882900441697
2015-08-27,0.37661406,13.300012544682,0.6325407887400147
2015-08-28,0.24918825,8.800008292275,0.4185232282611647
2015-08-29,0.178679302,6.310005946339401,0.3001001784654436
2015-08-30,0.165936721,5.8600055210987,0.27869842241755866
2015-08-31,0.175564449,6.200005847100301,0.2948686383221224
2015-09-01,0.163954542,5.7900054643674,0.27536926081354446
2015-09-02,0.204730801,7.2300068180747,0.34385487983086716
2015-09-03,0.239843691,8.470007994557701,0.4028286078312009
2015-09-04,0.268726874,9.4900089372478,0.4513392538653458
2015-09-05,0.382277429,13.5000127219063,0.6420526797570038
2015-09-06,0.270425885,9.5500090010095,0.45419282167430636
2015-09-07,0.261364494,9.2300086962618,0.43897379503939615
2015-09-08,0.232481311,8.2100077535717,0.3904631490052513
2015-09-09,0.203314959,7.1800067825973,0.3414769074965065
2015-09-10,0.186324851,6.580006215609701,0.3129412327659932
2015-09-11,0.176697123,6.240005889608101,0.2967710168614295
2015-09-12,0.170750585,6.030005684099501,0.28678353036984056
2015-09-13,0.163954542,5.7900054643674,0.27536926081354446
2015-09-14,0.162821868,5.7500054218596,0.2734668822742374
2015-09-15,0.33413879,11.800011127213,0.5612016019137314
2015-09-16,0.283168466,10.0000094262502,0.4755945777221914
2015-09-17,0.219172393,7.7400073070771,0.36811020368771274
2015-09-18,0.193120894,6.8200064353418,0.3243555023222892
2015-09-19,0.182926829,6.460006088086301,0.307234097148072
2015-09-20,0.171316922,6.050005705353401,0.28773471963949404
2015-09-21,0.164804047,5.8200054785909,0.2767960438782516
2015-09-22,0.164520879,5.810005485621301,0.276320450083198
2015-09-23,0.155742656,5.500005173843201,0.26157701724334137
2015-09-24,0.130540663,4.610004351646101,0.2192491006221713
2015-09-25,0.127708978,4.5100042453766,0.2144931542739036
2015-09-26,0.132239674,4.6700044154078,0.2221026684311319
2015-09-27,0.135071358,4.7700044863626,0.2268586130998532
2015-09-28,0.122328777,4.3200040611219,0.20545685705196817
2015-09-29,0.122045609,4.3100040681523,0.20498126325691463
2015-09-30,0.128841652,4.5500042878844,0.21639553281321067
2015-10-01,0.13478819,4.760004493393001,0.22638301930479965
2015-10-02,0.133938684,4.7300044438548,0.22495623456054614
2015-10-03,0.132522842,4.680004408377401,0.2225782622261855
2015-10-04,0.135354527,4.7800045146469,0.22733420857445316
2015-10-05,0.161122857,5.690005358097901,0.27061331446527676
2015-10-06,0.218889224,7.7300072787928,0.36763460821311283
2015-10-07,0.174714943,6.1700057975621005,0.2934418535778689
2015-10-08,0.166503058,5.880005542352601,0.2796496116872122
2015-10-09,0.140168391,4.9500046776477005,0.23541931652673506
2015-10-10,0.132522842,4.680004408377401,0.2225782622261855
2015-10-11,0.132806011,4.690004436661701,0.22305385770078548
2015-10-12,0.12912482,4.560004280854001,0.21687112660826427
2015-10-13,0.12742581,4.500004252407,0.21401756047885004
2015-10-14,0.126009967,4.4500041816149,0.21163958646494302
2015-10-15,0.122895114,4.3400040823758,0.20640804632162174
2015-10-16,0.132239674,4.6700044154078,0.2221026684311319
2015-10-17,0.136204032,4.8100045288704,0.2287609916391603
2015-10-18,0.146964434,5.190004897379801,0.2468335860830311
2015-10-19,0.196518915,6.9400065275505,0.330062636260664
2015-10-20,0.18830703,6.650006272341,0.31627039437000737
2015-10-21,0.179528807,6.340005960562901,0.30152696153015074
2015-10-22,0.216340708,7.6400072008076005,0.3633542573394451
2015-10-23,0.221154572,7.8100073638084,0.37143936529172694
2015-10-24,0.203598127,7.1900067755669,0.34195250129156013
2015-10-25,0.188590198,6.6600062653106,0.31674598816506094
2015-10-26,0.208978328,7.3800069598216,0.3509887985134955
2015-10-27,0.197934758,6.9900065983426,0.33244061027457106
2015-10-28,0.17896247,6.3200059393090005,0.30057577226049725
2015-10-29,0.174148607,6.150005811622901,0.29249066598776174
2015-10-30,0.178679302,6.310005946339401,0.3001001784654436
2015-10-31,0.168768406,5.960005627368201,0.2834543687658263
2015-11-01,0.164520879,5.810005485621301,0.276320450083198
2015-11-02,0.158008004,5.580005258858801,0.26538177432195553
2015-11-03,0.158574341,5.6000052801127005,0.266332963591609
2015-11-04,0.170467416,6.020005655815201,0.2863079348952406
2015-11-05,0.163105036,5.760005414829201,0.27394247606929095
2015-11-06,0.161406026,5.700005386382201,0.2710889099398767
2015-11-07,0.150079287,5.300004996618901,0.25206512622635235
2015-11-08,0.155742656,5.500005173843201,0.26157701724334137
2015-11-09,0.161689194,5.7100053793518,0.2715645037349303
2015-11-10,0.165370384,5.840005499844801,0.2777472331479051
2015-11-11,0.168202069,5.9400056061143,0.2825031794961728
2015-11-12,0.156308993,5.5200051950971005,0.2625282065129949
2015-11-13,0.158008004,5.580005258858801,0.26538177432195553
2015-11-14,0.15687533,5.540005216351001,0.2634793957826484
2015-11-15,0.157158499,5.550005244635301,0.2639549912572484
2015-11-16,,,
2015-11-17,,,
2015-11-18,,,
2015-11-19,,,
2015-11-20,,,
2015-11-21,,,
2015-11-22,,,
2015-11-23,,,
2015-11-24,,,
2015-11-25,,,
2015-11-26,,,
2015-11-27,,,
2015-11-28,,,
2015-11-29,,,
2015-11-30,,,
2015-12-01,,,
2015-12-02,,,
2015-12-03,,,
2015-12-04,,,
2015-12-05,,,
2015-12-06,,,
2015-12-07,,,
2015-12-08,,,
2015-12-09,,,
2015-12-10,,,
2015-12-11,,,
2015-12-12,,,
2015-12-13,,,
2015-12-14,,,
2015-12-15,,,
2015-12-16,,,
2015-12-17,,,
2015-12-18,,,
2015-12-19,,,
2015-12-20,,,
2015-12-21,,,
2015-12-22,,,
2015-12-23,,,
2015-12-24,,,
2015-12-25,,,
2015-12-26,,,
2015-12-27,,,
2015-12-28,,,
2015-12-29,,,
2015-12-30,,,
2015-12-31,,,
2016-01-01,,,
2016-01-02,,,
2016-01-03,,,
2016-01-04,,,
2016-01-05,,,
2016-01-06,,,
2016-01-07,,,
2016-01-08,,,
2016-01-09,,,
2016-01-10,,,
2016-01-11,,,
2016-01-12,,,
2016-01-13,,,
2016-01-14,,,
2016-01-15,,,
2016-01-16,,,
2016-01-17,,,
2016-01-18,,,
2016-01-19,,,
2016-01-20,,,
2016-01-21,,,
2016-01-22,,,
2016-01-23,,,
2016-01-24,,,
2016-01-25,,,
2016-01-26,,,
2016-01-27,,,
2016-01-28,,,
2016-01-29,,,
2016-01-30,,,
2016-01-31,,,
2016-02-01,,,
2016-02-02,,,
2016-02-03,,,
2016-02-04,,,
2016-02-05,,,
2016-02-06,,,
2016-02-07,,,
2016-02-08,,,
2016-02-09,,,
2016-02-10,,,
2016-02-11,,,
2016-02-12,,,
2016-02-13,,,
2016-02-14,,,
2016-02-15,,,
2016-02-16,,,
2016-02-17,,,
2016-02-18,,,
2016-02-19,,,
2016-02-20,,,
2016-02-21,,,
2016-02-22,,,
2016-02-23,,,
2016-02-24,,,
2016-02-25,,,
2016-02-26,,,
2016-02-27,,,
2016-02-28,,,
2016-02-29,,,
2016-03-01,,,
2016-03-02,,,
2016-03-03,,,
2016-03-04,,,
2016-03-05,,,
2016-03-06,,,
2016-03-07,,,
2016-03-08,,,
2016-03-09,,,
2016-03-10,,,
2016-03-11,,,
2016-03-12,,,
2016-03-13,,,
2016-03-14,,,
2016-03-15,,,
2016-03-16,,,
2016-03-17,,,
2016-03-18,,,
2016-03-19,,,
2016-03-20,,,
2016-03-21,,,
2016-03-22,,,
2016-03-23,,,
2016-03-24,,,
2016-03-25,,,
2016-03-26,,,
2016-03-27,,,
2016-03-28,,,
2016-03-29,,,
2016-03-30,,,
2016-03-31,,,
2016-04-01,0.192554557,6.8000064140879,0.3234043130526357
2016-04-02,0.195386241,6.9000064850427,0.328160257721357
2016-04-03,0.20671298,7.300006874806,0.34718404143488135
2016-04-04,0.257683304,9.1000085757688,0.43279106562642133
2016-04-05,0.308653628,10.900010276731601,0.5183980898179614
2016-04-06,0.294495205,10.4000098160135,0.4946183614357157
2016-04-07,0.385109114,13.6000128281758,0.6468086261052713
2016-04-08,0.549346824,19.4000182855128,0.9226534807138694
2016-04-09,0.693762742,24.500023104907402,1.1652067159232329
2016-04-10,0.685267688,24.200022821413604,1.1509388785579762
2016-04-11,0.733406327,25.900024416106902,1.2317899564012484
2016-04-12,0.82685192,29.200027499224,1.3887361657395254
2016-04-13,0.923129199,32.6000307239253,1.5504383231056167
2016-04-14,1.010911423,35.7000336298181,1.6978726414269045
2016-04-15,0.951446045,33.6000316453615,1.597997779870108
2016-04-16,0.812693497,28.700027038505905,1.3649564373572798
2016-04-17,0.702257795,24.8000233530865,1.179474551608943
2016-04-18,0.614475571,21.700020447193705,1.0320402332876553
2016-04-19,0.552178509,19.5000183917823,0.927409427062137
2016-04-20,0.526693347,18.600017541300904,0.8846059149663672
2016-04-21,0.54085177,19.100018002019,0.9083856433486127
2016-04-22,0.631465679,22.3000210141813,1.0605759080181683
2016-04-23,0.767386543,27.1000255500821,1.288861305862275
2016-04-24,0.801366759,28.3000266840573,1.3459326553233018
2016-04-25,0.815525182,28.800027144775402,1.3697123837055476
2016-04-26,0.835346974,29.5000277827178,1.4030040031047821
2016-04-27,0.775881597,27.400025833575903,1.3031291432275318
2016-04-28,0.724911273,25.600024132613104,1.2175221190359917
2016-04-29,0.679604318,24.000022608874602,1.1414269858614408
2016-04-30,0.634297364,22.400021120450802,1.065331854366436
2016-05-01,0.594653778,21.0000197739366,0.998748612208874
2016-05-02,0.560673563,19.800018675276103,0.9416772644273939
2016-05-03,0.62013894,21.900020624418,1.0415521243046442
2016-05-04,0.812693497,28.700027038505905,1.3649564373572798
2016-05-05,1.211961034,42.8000403273998,2.0355447918447966
2016-05-06,1.735822696,61.30005776243121,2.9153947604628963
2016-05-07,1.868911875,66.0000621920625,3.1389242119587353
2016-05-08,1.597070148,56.400053155575606,2.6823534179500683
2016-05-09,1.512119608,53.4000503206376,2.539675044297501
2016-05-10,1.877406929,66.3000624755563,3.153192049323992
2016-05-11,1.690515742,59.70005627400741,2.8392996289678916
2016-05-12,1.500792869,53.000049930874304,2.5206512605839775
2016-05-13,1.747149435,61.70005815219451,2.934418544176421
2016-05-14,2.353129952,83.10007831589441,3.9521909400988195
2016-05-15,3.341387898,118.0001112015006,5.612016015778221
2016-05-16,3.482972131,123.00011591462571,5.849813304639317
2016-05-17,2.860001506,101.00009518393821,4.803505233986406
2016-05-18,2.409763645,85.1000801940815,4.047309855307348
2016-05-19,2.571169671,90.8000855804637,4.318398765247224
2016-05-20,3.284754205,116.00010932331351,5.516897100569691
2016-05-21,4.219210142,149.0001404016874,7.086359205709286
2016-05-22,4.983765,176.00016584550002,8.370464565223294
2016-05-23,4.813863921,170.00016021093873,8.085107819597708
2016-05-24,4.530695455,160.00015078468851,7.609513241875516
2016-05-25,4.530695455,160.00015078468851,7.609513241875516
2016-05-26,4.134259602,146.0001375667494,6.94368083205672
2016-05-27,3.482972131,123.00011591462571,5.849813304639317
2016-05-28,3.228120511,114.00010740981172,5.421778183681618
2016-05-29,3.313071051,117.0001102447497,5.564456557334184
2016-05-30,3.426338438,121.00011403643862,5.754694389430789
2016-05-31,3.879407983,137.00012909725012,6.515645712778567
2016-06-01,4.757230227,168.0001582974369,7.989988902709632
2016-06-02,5.635052472,199.0001875329384,9.464332094320243
2016-06-03,6.14475571,217.00020447193702,10.32040233287655
2016-06-04,6.852676875,242.00022803756252,11.50938877718203
2016-06-05,7.702182273,272.00025631631314,12.936172510348603
2016-06-06,7.673865426,271.00025535956223,12.888613051904565
2016-06-07,7.362380114,260.0002450118758,12.365459017417882
2016-06-08,6.569508409,232.0002186113123,11.03379419945984
2016-06-09,6.371290483,225.0002120200001,10.700877995390213
2016-06-10,6.427924176,227.0002138981872,10.795996910598744
2016-06-11,6.031488324,213.0002007155628,10.130164502459493
2016-06-12,5.436834546,192.0001809416262,9.131415890250619
2016-06-13,4.813863921,170.00016021093873,8.085107819597708
2016-06-14,4.162576449,147.0001385235003,6.991240290500759
2016-06-15,3.709506904,131.0001234626888,6.230288967152979
2016-06-16,3.426338438,121.00011403643862,5.754694389430789
2016-06-17,3.143169972,111.0001046101884,5.279099811708597
2016-06-18,2.916635199,103.0000970621253,4.8986241491949345
2016-06-19,2.752397489,97.2000916047883,4.622779294586335
2016-06-20,2.616476625,92.4000870688875,4.394493896742229
2016-06-21,2.494714185,88.1000830290195,4.189988228959915
2016-06-22,2.330476475,82.30007757168251,3.914143374351317
2016-06-23,1.996337685,70.50006644446951,3.3529417724375854
2016-06-24,1.66503058,58.800055423526004,2.7964961168721216
2016-06-25,1.435664122,50.700047769193404,2.4112645080101918
2016-06-26,1.251604619,44.2000416385993,2.102128032322813
2016-06-27,1.115683756,39.4000371380132,1.873842636158252
2016-06-28,1.013743108,35.8000337360876,1.7026285877751721
2016-06-29,0.951446045,33.6000316453615,1.597997779870108
2016-06-30,0.928792568,32.800030901149604,1.5599502141226056
2016-07-01,1.047723324,37.0000348700628,1.7596999372361986
2016-07-02,0.996753,35.2000331691,1.674092913044659
2016-07-03,1.070376801,37.800035614274705,1.7977475029837013
2016-07-04,0.784376651,27.7000261170697,1.3173969805927885
2016-07-05,0.696594426,24.6000231758622,1.1699626605919542
2016-07-06,0.62580231,22.100020836957,1.0510640170011794
2016-07-07,0.563505247,19.900018746230902,0.9464332090961152
2016-07-08,0.526693347,18.600017541300904,0.8846059149663672
2016-07-09,0.489881446,17.3000163010562,0.8227786191570727
2016-07-10,0.45590123,16.100015167081,0.7657072696960461
2016-07-11,0.424752699,15.0000141393753,0.713391866583287
2016-07-12,0.399267537,14.100013288893901,0.6705883544875171
2016-07-13,0.368119006,13.000012261188202,0.6182729513747581
2016-07-14,0.342633844,12.100011410706802,0.5754694392789881
2016-07-15,0.33413879,11.800011127213,0.5612016019137314
2016-07-16,0.317148682,11.200010560225401,0.532665927183218
2016-07-17,0.29166352,10.300009709744002,0.4898624150874481
2016-07-18,0.300158574,10.600009993237801,0.5041302524527047
2016-07-19,0.382277429,13.5000127219063,0.6420526797570038
2016-07-20,0.393604168,13.9000131116696,0.6610764634705281
2016-07-21,0.433247753,15.3000144228691,0.7276597039485437
2016-07-22,0.362455636,12.8000120486492,0.6087610586782227
2016-07-23,0.276655591,9.7700091994877,0.46465590196094886
2016-07-24,0.257400136,9.0900085827992,0.4323154718313678
2016-07-25,0.249754587,8.8200083135289,0.4194744175308182
2016-07-26,0.233897153,8.2600077890491,0.392841121339612
2016-07-27,0.211243676,7.4600070448372,0.3547935555921096
2016-07-28,0.190572378,6.7300063573566,0.3200751514486215
2016-07-29,0.18094465,6.390006031355001,0.30390493554405784
2016-07-30,0.174714943,6.1700057975621005,0.2934418535778689
2016-07-31,0.184059503,6.500006130594101,0.30913647568737906
2016-08-01,0.199916937,7.0600066550739,0.33576977187858525
2016-08-02,0.175847617,6.2100058400699005,0.295344232117176
2016-08-03,0.177829797,6.280005932115901,0.29867339540073656
2016-08-04,0.283168466,10.0000094262502,0.4755945777221914
2016-08-05,0.504039869,17.8000167617743,0.8465583475393184
2016-08-06,0.336970474,11.900011198167801,0.5659575465824527
2016-08-07,0.255417956,9.0200084907532,0.4289863085478072
2016-08-08,0.226534773,8.0000075480631,0.3804756625136623
2016-08-09,0.206996149,7.3100069030903,0.3476596369094814
2016-08-10,0.225402099,7.9600075055553,0.3785732839743553
2016-08-11,0.188873367,6.6700062935949,0.3172215836396609
2016-08-12,0.164804047,5.8200054785909,0.2767960438782516
2016-08-13,0.14951295,5.280004975365,0.25111393695669887
2016-08-14,0.136204032,4.8100045288704,0.2287609916391603
2016-08-15,0.127992147,4.5200042736609,0.2149687497485036
2016-08-16,0.121479272,4.2900040468984,0.2040300739872611
2016-08-17,0.127992147,4.5200042736609,0.2149687497485036
2016-08-18,0.121479272,4.2900040468984,0.2040300739872611
2016-08-19,0.113550555,4.0100037846585,0.19071342589165796
2016-08-20,0.110435702,3.9000036854194002,0.18548188574833668
2016-08-21,0.106754512,3.7700035649264,0.1792991563353619
2016-08-22,0.128558484,4.5400042949148,0.21591993901815712
2016-08-23,0.167352563,5.910005556576101,0.2810763947519193
2016-08-24,0.205863475,7.2700068605825,0.34575725837017424
2016-08-25,0.148097108,5.230004939887601,0.24873596462233818
2016-08-26,0.172166427,6.080005719576901,0.28916150270420116
2016-08-27,0.137336706,4.8500045713782,0.23066337017846736
2016-08-28,0.110152533,3.8900036571351,0.18500629027373672
2016-08-29,0.10703768,3.7800035578960003,0.17977475013041547
2016-08-30,0.107604017,3.8000035791499003,0.18072593940006904
2016-08-31,0.092596088,3.2700030688936,0.15551942627356985
2016-09-01,0.075322812,2.6600025089364,0.12650815774800295
2016-09-02,0.096843615,3.4200032106405,0.16265334495619818
2016-09-03,0.121479272,4.2900040468984,0.2040300739872611
2016-09-04,0.12374462,4.370004131914,0.20783483106587525
2016-09-05,0.094011931,3.3200031396857006,0.15789740028747692
2016-09-06,0.081835687,2.8900027356989004,0.13744683350924544
2016-09-07,0.077304991,2.7300025656677,0.12983731935201714
2016-09-08,0.071641622,2.5300023884434,0.12032542833502816
2016-09-09,0.065978253,2.3300022112191003,0.11081353731803918
2016-09-10,0.065695084,2.3200021829348003,0.1103379418434392
2016-09-11,0.06456241,2.2800021404270003,0.10843556330413213
2016-09-12,0.067960432,2.4000022679504003,0.11414269892205336
2016-09-13,0.065978253,2.3300022112191003,0.11081353731803918
2016-09-14,0.071358453,2.5200023601591,0.11984983286042819
2016-09-15,0.081835687,2.8900027356989004,0.13744683350924544
2016-09-16,0.071641622,2.5300023884434,0.12032542833502816
2016-09-17,0.083251529,2.9400027711763004,0.1398248058436061
2016-09-18,0.091180246,3.2200030334162,0.15314145393920922
2016-09-19,0.091180246,3.2200030334162,0.15314145393920922
2016-09-20,0.089481235,3.1600029696545002,0.15028788613024863
2016-09-21,0.103922827,3.6700034586569,0.1745432099870942
2016-09-22,0.103922827,3.6700034586569,0.1745432099870942
2016-09-23,0.143000075,5.0500047486025,0.24017526119545635
2016-09-24,0.127142641,4.4900042241227,0.21354196500425007
2016-09-25,0.127708978,4.5100042453766,0.2144931542739036
2016-09-26,0.137619874,4.8600045643478005,0.23113896397352093
2016-09-27,0.114116892,4.0300038059124,0.19166461516131147
2016-09-28,0.104772332,3.7000034728804,0.17596999305180133
2016-09-29,0.100807974,3.5600033594178,0.16931166984377294
2016-09-30,0.114966397,4.0600038201359006,0.19309139822601862
2016-10-01,0.111002039,3.9200037066733002,0.18643307501799025
2016-10-02,0.108453522,3.8300035933734002,0.18215272246477612
2016-10-03,0.11071887,3.910003678389,0.18595747954339026
2016-10-04,0.111002039,3.9200037066733002,0.18643307501799025
2016-10-05,0.110435702,3.9000036854194002,0.18548188574833668
2016-10-06,0.124027788,4.3800041248836,0.2083104248609288
2016-10-07,0.119497093,4.2200039901671005,0.20070091238324692
2016-10-08,0.114966397,4.0600038201359006,0.19309139822601862
2016-10-09,0.114966397,4.0600038201359006,0.19309139822601862
2016-10-10,0.117231745,4.1400039051515005,0.19689615530463275
2016-10-11,0.142716907,5.040004755632901,0.2396996674004028
2016-10-12,0.151211961,5.340005039126701,0.25396750476565944
2016-10-13,0.12544363,4.430004160361,0.21068839719528945
2016-10-14,0.112701049,3.9800037351203,0.18928664114740446
2016-10-15,0.108453522,3.8300035933734002,0.18215272246477612
2016-10-16,0.10335649,3.650003437403,0.17359202071744068
2016-10-17,0.098825795,3.4900033026865,0.16598250823975877
2016-10-18,0.097693121,3.4500032601787,0.16408012970045172
2016-10-19,0.103073322,3.6400034444334,0.1731164269223871
2016-10-20,0.098825795,3.4900033026865,0.16598250823975877
2016-10-21,0.104772332,3.7000034728804,0.17596999305180133
2016-10-22,0.125160462,4.4200041673914,0.21021280340023588
2016-10-23,0.12374462,4.370004131914,0.20783483106587525
2016-10-24,0.124594125,4.4000041461375,0.20926161413058236
2016-10-25,0.137903043,4.8700045926321005,0.2316145594481209
2016-10-26,0.141867401,5.0100047060947,0.23827288265614927
2016-10-27,0.129974326,4.5900043303922,0.21829791135251778
2016-10-28,0.126009967,4.4500041816149,0.21163958646494302
2016-10-29,0.113833723,4.020003777628101,0.1911890196867115
2016-10-30,0.115532734,4.0800038413898,0.19404258749567213
2016-10-31,0.111851544,3.9500037208968,0.18785985808269734
2016-11-01,0.108453522,3.8300035933734002,0.18215272246477612
2016-11-02,0.115249566,4.070003848420201,0.19356699370061858
2016-11-03,0.116665408,4.1200038838976,0.1959449660349792
2016-11-04,0.126859473,4.4800042311531,0.2130663712091965
2016-11-05,0.136204032,4.8100045288704,0.2287609916391603
2016-11-06,0.157441667,5.5600052376049005,0.264430585052302
2016-11-07,0.155459488,5.490005180873601,0.2611014234482878
2016-11-08,0.133372347,4.710004422600901,0.2240050452908926
2016-11-09,0.125726799,4.4400041886453,0.21116399266988942
2016-11-10,0.121479272,4.2900040468984,0.2040300739872611
2016-11-11,0.117231745,4.1400039051515005,0.19689615530463275
2016-11-12,0.117798082,4.1600039264054,0.19784734457428632
2016-11-13,0.117514913,4.1500038981211,0.19737174909968636
2016-11-14,0.112701049,3.9800037351203,0.18928664114740446
2016-11-15,0.122895114,4.3400040823758,0.20640804632162174
2016-11-16,,,
2016-11-17,,,
2016-11-18,,,
2016-11-19,,,
2016-11-20,,,
2016-11-21,,,
2016-11-22,,,
2016-11-23,,,
2016-11-24,,,
2016-11-25,,,
2016-11-26,,,
2016-11-27,,,
2016-11-28,,,
2016-11-29,,,
2016-11-30,,,
2016-12-01,,,
2016-12-02,,,
2016-12-03,,,
2016-12-04,,,
2016-12-05,,,
2016-12-06,,,
2016-12-07,,,
2016-12-08,,,
2016-12-09,,,
2016-12-10,,,
2016-12-11,,,
2016-12-12,,,
2016-12-13,,,
2016-12-14,,,
2016-12-15,,,
2016-12-16,,,
2016-12-17,,,
2016-12-18,,,
2016-12-19,,,
2016-12-20,,,
2016-12-21,,,
2016-12-22,,,
2016-12-23,,,
2016-12-24,,,
2016-12-25,,,
2016-12-26,,,
2016-12-27,,,
2016-12-28,,,
2016-12-29,,,
2016-12-30,,,
2016-12-31,,,
2017-01-01,,,
2017-01-02,,,
2017-01-03,,,
2017-01-04,,,
2017-01-05,,,
2017-01-06,,,
2017-01-07,,,
2017-01-08,,,
2017-01-09,,,
2017-01-10,,,
2017-01-11,,,
2017-01-12,,,
2017-01-13,,,
2017-01-14,,,
2017-01-15,,,
2017-01-16,,,
2017-01-17,,,
2017-01-18,,,
2017-01-19,,,
2017-01-20,,,
2017-01-21,,,
2017-01-22,,,
2017-01-23,,,
2017-01-24,,,
2017-01-25,,,
2017-01-26,,,
2017-01-27,,,
2017-01-28,,,
2017-01-29,,,
2017-01-30,,,
2017-01-31,,,
2017-02-01,,,
2017-02-02,,,
2017-02-03,,,
2017-02-04,,,
2017-02-05,,,
2017-02-06,,,
2017-02-07,,,
2017-02-08,,,
2017-02-09,,,
2017-02-10,,,
2017-02-11,,,
2017-02-12,,,
2017-02-13,,,
2017-02-14,,,
2017-02-15,,,
2017-02-16,,,
2017-02-17,,,
2017-02-18,,,
2017-02-19,,,
2017-02-20,,,
2017-02-21,,,
2017-02-22,,,
2017-02-23,,,
2017-02-24,,,
2017-02-25,,,
2017-02-26,,,
2017-02-27,,,
2017-02-28,,,
2017-03-01,,,
2017-03-02,,,
2017-03-03,,,
2017-03-04,,,
2017-03-05,,,
2017-03-06,,,
2017-03-07,,,
2017-03-08,,,
2017-03-09,,,
2017-03-10,,,
2017-03-11,,,
2017-03-12,,,
2017-03-13,,,
2017-03-14,,,
2017-03-15,,,
2017-03-16,,,
2017-03-17,,,
2017-03-18,,,
2017-03-19,,,
2017-03-20,,,
2017-03-21,,,
2017-03-22,,,
2017-03-23,,,
2017-03-24,,,
2017-03-25,,,
2017-03-26,,,
2017-03-27,,,
2017-03-28,,,
2017-03-29,,,
2017-03-30,,,
2017-03-31,0.57766367,20.400019206949,0.9702129374783607
2017-04-01,0.54085177,19.100018002019,0.9083856433486127
2017-04-02,0.557841878,19.7000185690066,0.936921318079126
2017-04-03,0.569168616,20.100018923455202,0.9559451001131041
2017-04-04,0.526693347,18.600017541300904,0.8846059149663672
2017-04-05,0.458732915,16.200015273350502,0.7704632160443138
2017-04-06,0.458732915,16.200015273350502,0.7704632160443138
2017-04-07,0.563505247,19.900018746230902,0.9464332090961152
2017-04-08,0.693762742,24.500023104907402,1.1652067159232329
2017-04-09,0.741901381,26.200024699600704,1.2460577937665052
2017-04-10,0.713584534,25.2000237428498,1.1984983353224674
2017-04-11,0.730574642,25.8000243098374,1.2270340100529809
2017-04-12,0.863663821,30.500028739468704,1.45056346154882
2017-04-13,1.268594727,44.800042205586905,2.130663707053326
2017-04-14,1.591406778,56.2000529430366,2.672841525253533
2017-04-15,1.761307858,62.2000586129126,2.958198272558666
2017-04-16,1.817941551,64.2000604910997,3.053317187767196
2017-04-17,1.800951443,63.6000599241121,3.0247815130366815
2017-04-18,1.91421883,67.600063715801,3.2150193451332862
2017-04-19,2.109605071,74.5000702008437,3.543179602854643
2017-04-20,1.911387145,67.50006360953151,3.2102633987850187
2017-04-21,1.585743409,56.000052765812306,2.6633296342365442
2017-04-22,1.336555159,47.200044473537304,2.244806405975379
2017-04-23,1.387525483,49.0000461745001,2.330413430166919
2017-04-24,1.642377102,58.000054643999405,2.758448549445073
2017-04-25,1.531941401,54.100050993894705,2.572966665376283
2017-04-26,1.313901682,46.400043729325404,2.206758840227877
2017-04-27,1.180812503,41.700039299694104,1.983229388732038
2017-04-28,1.047723324,37.0000348700628,1.7596999372361986
2017-04-29,0.920297514,32.5000306176558,1.5456823767573489
2017-04-30,0.83251529,29.400027711763002,1.3982480584360608
2017-05-01,0.787208335,27.8000261880245,1.3221529252615096
2017-05-02,0.767386543,27.1000255500821,1.288861305862275
2017-05-03,0.781544966,27.600026010800203,1.3126410342445207
2017-05-04,0.962772784,34.0000320351248,1.617021563583632
2017-05-05,1.585743409,56.000052765812306,2.6633296342365442
2017-05-06,2.395605222,84.6000797333634,4.0235301269251025
2017-05-07,3.029902585,107.0001008184995,5.088861979611992
2017-05-08,3.426338438,121.00011403643862,5.754694389430789
2017-05-09,3.313071051,117.0001102447497,5.564456557334184
2017-05-10,3.086536279,109.00010273200131,5.183980896500068
2017-05-11,3.369704744,119.0001121229368,5.659575472542712
2017-05-12,4.247526989,150.0001413584383,7.133918664153324
2017-05-13,5.06871554,179.000168680438,8.51314293887586
2017-05-14,5.578418779,197.0001856547513,9.369213179111714
2017-05-15,5.465151392,193.0001818630624,9.178975347015111
2017-05-16,5.097032387,180.0001696371889,8.560702397319897
2017-05-17,4.360794375,154.0001451148125,7.324156494570382
2017-05-18,3.65287321,129.000121549187,6.135170050264904
2017-05-19,2.973268892,105.00009894031241,4.993743064403463
2017-05-20,2.418258699,85.4000804775753,4.061577692672605
2017-05-21,2.177565503,76.9000724687941,3.6573223017766967
2017-05-22,2.169070449,76.6000721853003,3.6430544644114398
2017-05-23,2.32764479,82.200077465413,3.909387428003049
2017-05-24,3.029902585,107.0001008184995,5.088861979611992
2017-05-25,3.992675369,141.0001328536243,6.7058835431956245
2017-05-26,4.89881446,173.000163010562,8.227786191570727
2017-05-27,5.097032387,180.0001696371889,8.560702397319897
2017-05-28,4.955448154,175.0001649240638,8.322905108458803
2017-05-29,5.181982926,183.0001724368122,8.703380769292918
2017-05-30,5.521785085,195.00018374124951,9.27409426222364
2017-05-31,5.776636705,204.0001922460635,9.702129383181338
2017-06-01,6.059805171,214.0002016723137,10.177723960903531
2017-06-02,6.286339943,222.0002091850621,10.558199621737646
2017-06-03,6.682775796,236.0002224030012,11.224032031556442
2017-06-04,7.503964347,265.0002497250009,12.60325630627898
2017-06-05,8.070301279,285.00026857750134,13.554445461723363
2017-06-06,8.495053978,300.0002827168766,14.267837328306648
2017-06-07,8.466737131,299.00028176012574,14.220277869862612
2017-06-08,8.466737131,299.00028176012574,14.220277869862612
2017-06-09,8.268519205,292.0002751688135,13.887361665792987
2017-06-10,8.126934972,287.00027045568845,13.649564376931892
2017-06-11,7.64554858,270.00025443812603,12.841053595140075
2017-06-12,7.135845341,252.0002374638127,11.98498335490422
2017-06-13,6.258023097,221.0002082636259,10.510640164973154
2017-06-14,5.408517699,191.0001799848753,9.08385643180658
2017-06-15,5.06871554,179.000168680438,8.51314293887586
2017-06-16,5.06871554,179.000168680438,8.51314293887586
2017-06-17,5.323567159,188.00017714993731,8.941178058154016
2017-06-18,5.578418779,197.0001856547513,9.369213179111714
2017-06-19,5.380200852,190.0001790281244,9.036296973362544
2017-06-20,5.040398693,178.00016772368713,8.465583480431823
2017-06-21,4.785547074,169.00015925418782,8.03754836115367
2017-06-22,4.417428068,156.00014699299962,7.419275409778912
2017-06-23,3.964358523,140.0001319321881,6.658324086431133
2017-06-24,3.454655284,122.00011495787481,5.80225384619528
2017-06-25,3.001585739,106.0000998970633,5.0413025228475
2017-06-26,2.687268742,94.9000894431074,4.513392542012551
2017-06-27,2.429585438,85.80008086733861,4.080601476386129
2017-06-28,2.188892242,77.30007285855741,3.6763460854902212
2017-06-29,1.953862415,69.0000650270005,3.281602585611302
2017-06-30,1.749981119,61.80005822314931,2.939174488845142
2017-07-01,1.557426563,55.0000518443761,2.6157701774720525
2017-07-02,1.455485915,51.4000484424505,2.4445561290889724
2017-07-03,1.319565051,46.60004390654971,2.216270731244866
2017-07-04,1.192139242,42.100039689457404,2.0022531724455623
2017-07-05,1.11851544,39.500037208968,1.8785985808269732
2017-07-06,1.030733216,36.4000343030752,1.7311642625056853
2017-07-07,0.959941099,33.900031928855306,1.6122656172353647
2017-07-08,0.866495506,30.6000288457382,1.4553194078970875
2017-07-09,0.801366759,28.3000266840573,1.3459326553233018
2017-07-10,0.719247903,25.4000239200741,1.2080102263394563
2017-07-11,0.665445895,23.5000221481565,1.117647257479195
2017-07-12,0.804198443,28.4000267550121,1.350688599992023
2017-07-13,0.756059804,26.7000251603188,1.2698375221487506
2017-07-14,1.010911423,35.7000336298181,1.6978726414269045
2017-07-15,0.852337082,30.100028349705404,1.4315396778352956
2017-07-16,0.645624102,22.8000214748994,1.084355636400414
2017-07-17,0.597485463,21.1000198802061,1.0035045585571418
2017-07-18,0.580495355,20.500019313218502,0.9749688838266285
2017-07-19,0.549346824,19.4000182855128,0.9226534807138694
2017-07-20,0.518198293,18.3000172578071,0.8703380776011104
2017-07-21,0.458732915,16.200015273350502,0.7704632160443138
2017-07-22,0.475723023,16.8000158403381,0.7989988907748271
2017-07-23,0.472891338,16.7000157340686,0.7942429444265593
2017-07-24,0.416257645,14.700013855881501,0.6991240292180304
2017-07-25,0.45590123,16.100015167081,0.7657072696960461
2017-07-26,0.461564599,16.3000153443053,0.7752191607130351
2017-07-27,0.359623952,12.700011977694402,0.6040051140095014
2017-07-28,0.345465528,12.200011481661601,0.5802253839477094
2017-07-29,0.4983765,17.60001658455,0.8370464565223295
2017-07-30,0.546515139,19.300018179243303,0.9178975343656018
2017-07-31,0.379445744,13.4000126156368,0.637296733408736
2017-08-01,0.336970474,11.900011198167801,0.5659575465824527
2017-08-02,0.300158574,10.600009993237801,0.5041302524527047
2017-08-03,0.272691233,9.6300090860251,0.4579975787529205
2017-08-04,0.267027863,9.4300088734861,0.4484856860563851
2017-08-05,0.220871403,7.8000073355241,0.37096376981712703
2017-08-06,0.210111002,7.4200070023294,0.3528911770528026
2017-08-07,0.202465453,7.1500067330591,0.340050122752253
2017-08-08,0.359623952,12.700011977694402,0.6040051140095014
2017-08-09,0.348297213,12.3000115879311,0.5849813302959771
2017-08-10,0.242675375,8.5700080655125,0.4075845524999222
2017-08-11,0.205013969,7.2400068110443,0.34433047362592073
2017-08-12,0.19566941,6.910006513327,0.32863585319595695
2017-08-13,0.179528807,6.340005960562901,0.30152696153015074
2017-08-14,0.209544665,7.4000069810755,0.351939987783149
2017-08-15,0.187457524,6.6200062228028,0.3148436096257538
2017-08-16,0.159140678,5.620005301366601,0.2672841528612626
2017-08-17,0.137903043,4.8700045926321005,0.2316145594481209
2017-08-18,0.129407989,4.570004309138301,0.21734672208286424
2017-08-19,0.116948576,4.1300038768672005,0.1964205598300328
2017-08-20,0.106188175,3.7500035436725,0.17834796706570838
2017-08-21,0.10335649,3.650003437403,0.17359202071744068
2017-08-22,0.106471343,3.7600035366421,0.17882356086076193
2017-08-23,0.093162425,3.2900030901475,0.1564706155432234
2017-08-24,0.077871328,2.7500025869216005,0.13078850862167068
2017-08-25,0.076738654,2.7100025444138,0.1288861300823636
2017-08-26,0.090897078,3.2100030404466002,0.15266586014415565
2017-08-27,0.097976289,3.4600032531483,0.16455572349550526
2017-08-28,0.094295099,3.3300031326553,0.15837299408253047
2017-08-29,0.086932719,3.0700028916693003,0.1460075352565809
2017-08-30,0.091746583,3.2400030546701,0.15409264320886276
2017-08-31,0.086649551,3.0600028986997003,0.14553194146152731
2017-09-01,0.097126784,3.4300032389248,0.16312894043079815
2017-09-02,0.08495054,3.0000028349380004,0.1426783736525667
2017-09-03,0.07928717,2.8000026223990004,0.1331664809560313
2017-09-04,0.074756475,2.6400024876825,0.12555696847834943
2017-09-05,0.07022578,2.4800023529660002,0.11794745600066751
2017-09-06,0.070792116,2.5000023389052,0.11889864359077465
2017-09-07,0.066827758,2.3600022254426003,0.11224032038274628
2017-09-08,0.067394095,2.3800022466965003,0.11319150965239982
2017-09-09,0.067110926,2.3700022184122003,0.11271591417779986
2017-09-10,0.071641622,2.5300023884434,0.12032542833502816
2017-09-11,0.099108963,3.5000032956561,0.16645810203481232
2017-09-12,0.101091142,3.5700033523874,0.16978726363882654
2017-09-13,0.080136676,2.8300026719372005,0.13459326570028482
2017-09-14,0.131956505,4.6600043871235,0.22162707295653195
2017-09-15,0.189439704,6.6900063148488,0.31817277290931445
2017-09-16,0.113550555,4.0100037846585,0.19071342589165796
2017-09-17,0.125160462,4.4200041673914,0.21021280340023588
2017-09-18,0.130257494,4.600004323361801,0.21877350514757132
2017-09-19,0.111285207,3.9300036996429,0.18690866881304383
2017-09-20,0.095144605,3.3600031821935,0.15979977882678398
2017-09-21,0.091180246,3.2200030334162,0.15314145393920922
2017-09-22,0.069376274,2.4500023034278002,0.116520671256414
2017-09-23,0.067677263,2.3900022396661003,0.11366710344745339
2017-09-24,0.072491127,2.5600024026669,0.12175221139973526
2017-09-25,0.067677263,2.3900022396661003,0.11366710344745339
2017-09-26,0.065695084,2.3200021829348003,0.1103379418434392
2017-09-27,0.067110926,2.3700022184122003,0.11271591417779986
2017-09-28,0.122611946,4.3300040894062,0.2059324525265682
2017-09-29,0.119780261,4.2300039831367,0.2011765061783005
2017-09-30,0.16990108,6.000005669876001,0.2853567473051334
2017-10-01,0.188023861,6.6400062440567,0.3157947988954074
2017-10-02,0.162821868,5.7500054218596,0.2734668822742374
2017-10-03,0.144132749,5.0900047911103,0.24207763973476343
2017-10-04,0.120912935,4.2700040256445,0.20307888471760757
2017-10-05,0.139885222,4.9400046493634004,0.2349437210521351
2017-10-06,0.147247602,5.2000048903494,0.2473091798780847
2017-10-07,0.146114928,5.1600048478416,0.24540680133877762
2017-10-08,0.150362455,5.3100049895885,0.25254072002140593
2017-10-09,0.158857509,5.610005273082301,0.26680855738666265
2017-10-10,0.167352563,5.910005556576101,0.2810763947519193
2017-10-11,0.158008004,5.580005258858801,0.26538177432195553
2017-10-12,0.155742656,5.500005173843201,0.26157701724334137
2017-10-13,0.154609982,5.4600051313354,0.2596746387040343
2017-10-14,0.147530771,5.2100049186337,0.24778477535268467
2017-10-15,0.137053538,4.8400045784086005,0.23018777638341378
2017-10-16,0.144415918,5.1000048193946,0.2425532352093634
2017-10-17,0.140168391,4.9500046776477005,0.23541931652673506
2017-10-18,0.141584233,5.0000047131251,0.2377972888610957
2017-10-19,0.141017896,4.9800046918712,0.23684609959144218
2017-10-20,0.148380276,5.2400049328572,0.24921155841739176
2017-10-21,0.168202069,5.9400056061143,0.2825031794961728
2017-10-22,0.152061466,5.370005053350201,0.25539428783036655
2017-10-23,0.159140678,5.620005301366601,0.2672841528612626
2017-10-24,0.141584233,5.0000047131251,0.2377972888610957
2017-10-25,0.159990183,5.650005315590101,0.2687109359259697
2017-10-26,0.12742581,4.500004252407,0.21401756047885004
2017-10-27,0.129407989,4.570004309138301,0.21734672208286424
2017-10-28,0.129407989,4.570004309138301,0.21734672208286424
2017-10-29,0.130823831,4.6200043446157,0.2197246944172249
2017-10-30,0.138752548,4.9000046068556005,0.233041342512828
2017-10-31,0.176697123,6.240005889608101,0.2967710168614295
2017-11-01,0.156592162,5.5300052233814005,0.2630038019875949
2017-11-02,0.151778298,5.3600050603806,0.254918694035313
2017-11-03,0.148380276,5.2400049328572,0.24921155841739176
2017-11-04,0.160839689,5.6800053651283005,0.27013772067022324
2017-11-05,0.156592162,5.5300052233814005,0.2630038019875949
2017-11-06,0.161689194,5.7100053793518,0.2715645037349303
2017-11-07,0.157158499,5.550005244635301,0.2639549912572484
2017-11-08,0.146964434,5.190004897379801,0.2468335860830311
2017-11-09,0.130540663,4.610004351646101,0.2192491006221713
2017-11-10,0.148380276,5.2400049328572,0.24921155841739176
2017-11-11,0.150362455,5.3100049895885,0.25254072002140593
2017-11-12,0.141584233,5.0000047131251,0.2377972888610957
2017-11-13,0.144699086,5.110004812364201,0.24302882900441697
2017-11-14,0.141584233,5.0000047131251,0.2377972888610957
2017-11-15,0.130540663,4.610004351646101,0.2192491006221713
2017-11-16,,,
2017-11-17,,,
2017-11-18,,,
2017-11-19,,,
2017-11-20,,,
2017-11-21,,,
2017-11-22,,,
2017-11-23,,,
2017-11-24,,,
2017-11-25,,,
2017-11-26,,,
2017-11-27,,,
2017-11-28,,,
2017-11-29,,,
2017-11-30,,,
2017-12-01,,,
2017-12-02,,,
2017-12-03,,,
2017-12-04,,,
2017-12-05,,,
2017-12-06,,,
2017-12-07,,,
2017-12-08,,,
2017-12-09,,,
2017-12-10,,,
2017-12-11,,,
2017-12-12,,,
2017-12-13,,,
2017-12-14,,,
2017-12-15,,,
2017-12-16,,,
2017-12-17,,,
2017-12-18,,,
2017-12-19,,,
2017-12-20,,,
2017-12-21,,,
2017-12-22,,,
2017-12-23,,,
2017-12-24,,,
2017-12-25,,,
2017-12-26,,,
2017-12-27,,,
2017-12-28,,,
2017-12-29,,,
2017-12-30,,,
2017-12-31,,,
2018-01-01,,,
2018-01-02,,,
2018-01-03,,,
2018-01-04,,,
2018-01-05,,,
2018-01-06,,,
2018-01-07,,,
2018-01-08,,,
2018-01-09,,,
2018-01-10,,,
2018-01-11,,,
2018-01-12,,,
2018-01-13,,,
2018-01-14,,,
2018-01-15,,,
2018-01-16,,,
2018-01-17,,,
2018-01-18,,,
2018-01-19,,,
2018-01-20,,,
2018-01-21,,,
2018-01-22,,,
2018-01-23,,,
2018-01-24,,,
2018-01-25,,,
2018-01-26,,,
2018-01-27,,,
2018-01-28,,,
2018-01-29,,,
2018-01-30,,,
2018-01-31,,,
2018-02-01,,,
2018-02-02,,,
2018-02-03,,,
2018-02-04,,,
2018-02-05,,,
2018-02-06,,,
2018-02-07,,,
2018-02-08,,,
2018-02-09,,,
2018-02-10,,,
2018-02-11,,,
2018-02-12,,,
2018-02-13,,,
2018-02-14,,,
2018-02-15,,,
2018-02-16,,,
2018-02-17,,,
2018-02-18,,,
2018-02-19,,,
2018-02-20,,,
2018-02-21,,,
2018-02-22,,,
2018-02-23,,,
2018-02-24,,,
2018-02-25,,,
2018-02-26,,,
2018-02-27,,,
2018-02-28,,,
2018-03-01,,,
2018-03-02,,,
2018-03-03,,,
2018-03-04,,,
2018-03-05,,,
2018-03-06,,,
2018-03-07,,,
2018-03-08,,,
2018-03-09,,,
2018-03-10,,,
2018-03-11,,,
2018-03-12,,,
2018-03-13,,,
2018-03-14,,,
2018-03-15,,,
2018-03-16,,,
2018-03-17,,,
2018-03-18,,,
2018-03-19,,,
2018-03-20,,,
2018-03-21,,,
2018-03-22,,,
2018-03-23,,,
2018-03-24,,,
2018-03-25,,,
2018-03-26,,,
2018-03-27,,,
2018-03-28,,,
2018-03-29,,,
2018-03-30,,,
2018-03-31,,,
2018-04-01,0.188590198,6.6600062653106,0.31674598816506094
2018-04-02,0.224552593,7.9300074560171,0.3771464992301018
2018-04-03,0.233047647,8.230007739510901,0.39141433659535846
2018-04-04,0.187174356,6.6100062298332,0.3143680158307003
2018-04-05,0.188873367,6.6700062935949,0.3172215836396609
2018-04-06,0.198784263,7.0200066125661,0.33386739333927823
2018-04-07,0.373782375,13.2000124384125,0.627784842391747
2018-04-08,0.600317148,21.200019986475603,1.0082605049054094
2018-04-09,0.447406176,15.8000148835872,0.7514394323307894
2018-04-10,0.399267537,14.100013288893901,0.6705883544875171
2018-04-11,0.45590123,16.100015167081,0.7657072696960461
2018-04-12,0.543683455,19.200018108288504,0.9131415896968805
2018-04-13,0.475723023,16.8000158403381,0.7989988907748271
2018-04-14,0.368119006,13.000012261188202,0.6182729513747581
2018-04-15,0.353960582,12.500011765155401,0.594493221312966
2018-04-16,0.424752699,15.0000141393753,0.713391866583287
2018-04-17,0.447406176,15.8000148835872,0.7514394323307894
2018-04-18,0.475723023,16.8000158403381,0.7989988907748271
2018-04-19,0.501208185,17.7000166908195,0.8418024028705972
2018-04-20,0.566336932,20.0000188525004,0.9511891554443828
2018-04-21,0.458732915,16.200015273350502,0.7704632160443138
2018-04-22,0.4983765,17.60001658455,0.8370464565223295
2018-04-23,0.727742957,25.700024203567903,1.2222780637047133
2018-04-24,1.03922827,36.700034586569004,1.745432099870942
2018-04-25,1.078871855,38.10003589776851,1.8120153403489578
2018-04-26,1.294079889,45.7000430560683,2.173467219149096
2018-04-27,1.449822546,51.20004826522621,2.4350442380719834
2018-04-28,1.568753301,55.40005219882471,2.634793959506031
2018-04-29,1.755644489,62.0000584356883,2.9486863815416777
2018-04-30,1.761307858,62.2000586129126,2.958198272558666
2018-05-01,1.614060256,57.0000537225632,2.7108890926805818
2018-05-02,1.328060105,46.9000441900435,2.2305385686101227
2018-05-03,1.141168918,40.3000379884946,1.9166461482540222
2018-05-04,1.070376801,37.800035614274705,1.7977475029837013
2018-05-05,1.345050213,47.5000447570311,2.259074243340636
2018-05-06,1.778297966,62.8000591799002,2.9867339472891796
2018-05-07,2.098278332,74.1000698110804,3.5241558191411193
2018-05-08,2.571169671,90.8000855804637,4.318398765247224
2018-05-09,2.973268892,105.00009894031241,4.993743064403463
2018-05-10,3.256437358,115.0001083665626,5.469337642125654
2018-05-11,3.567922671,126.0001187495637,5.992491678291883
2018-05-12,3.426338438,121.00011403643862,5.754694389430789
2018-05-13,3.369704744,119.0001121229368,5.659575472542712
2018-05-14,3.398021591,120.00011307968771,5.707134930986751
2018-05-15,3.228120511,114.00010740981172,5.421778183681618
2018-05-16,3.171486818,112.00010553162461,5.3266592684730885
2018-05-17,3.228120511,114.00010740981172,5.421778183681618
2018-05-18,2.973268892,105.00009894031241,4.993743064403463
2018-05-19,2.633466733,93.0000876358751,4.423029571472743
2018-05-20,2.429585438,85.80008086733861,4.080601476386129
2018-05-21,2.256852673,79.7000750911931,3.7904887827327283
2018-05-22,2.268179412,80.1000754809564,3.8095125664462524
2018-05-23,2.24269425,79.200074630475,3.766709054350482
2018-05-24,2.248357619,79.40007480769931,3.7762209453674713
2018-05-25,2.302159628,81.30007661493161,3.8665839159072792
2018-05-26,2.228535827,78.7000741697569,3.742929325968237
2018-05-27,2.098278332,74.1000698110804,3.5241558191411193
2018-05-28,1.95103073,68.90006492073101,3.2768466392630344
2018-05-29,1.766971227,62.4000587901369,2.9677101635756555
2018-05-30,1.656535526,58.50005514003221,2.782228279506865
2018-05-31,1.560258247,55.1000519153309,2.620526122140774
2018-06-01,1.435664122,50.700047769193404,2.4112645080101918
2018-06-02,1.291248205,45.600042985113504,2.1687112744803745
2018-06-03,1.209129349,42.7000402211303,2.030788845496529
2018-06-04,1.107188702,39.1000368545194,1.8595747987929956
2018-06-05,1.010911423,35.7000336298181,1.6978726414269045
2018-06-06,0.923129199,32.6000307239253,1.5504383231056167
2018-06-07,0.838178659,29.600027888987302,1.40775994945305
2018-06-08,0.764554858,27.0000254438126,1.2841053595140075
2018-06-09,0.688099372,24.300022892368403,1.1556948232266975
2018-06-10,0.614475571,21.700020447193705,1.0320402332876553
2018-06-11,0.552178509,19.5000183917823,0.927409427062137
2018-06-12,0.504039869,17.8000167617743,0.8465583475393184
2018-06-13,0.458732915,16.200015273350502,0.7704632160443138
2018-06-14,0.41908933,14.800013962151,0.703879975566298
2018-06-15,0.385109114,13.6000128281758,0.6468086261052713
2018-06-16,0.382277429,13.5000127219063,0.6420526797570038
2018-06-17,0.699426111,24.7000232821317,1.1747186069402218
2018-06-18,0.600317148,21.200019986475603,1.0082605049054094
2018-06-19,0.438911122,15.500014600093401,0.7371715949655326
2018-06-20,0.373782375,13.2000124384125,0.627784842391747
2018-06-21,0.339802159,12.000011304437301,0.5707134929307204
2018-06-22,0.319980366,11.300010631180202,0.5374218718519393
2018-06-23,0.297326889,10.5000098869683,0.499374306104437
2018-06-24,0.272974401,9.6400090789947,0.4584731725479741
2018-06-25,0.253435777,8.9500084340219,0.42565714694379303
2018-06-26,0.226251604,7.9900075197788,0.3800000670390624
2018-06-27,0.208128822,7.3500069102834,0.34956201376924195
2018-06-28,0.199067432,7.0300066408504,0.3343429888138782
2018-06-29,0.167635732,5.920005584860401,0.2815519902265193
2018-06-30,0.122045609,4.3100040681523,0.20498126325691463
2018-07-01,0.108736691,3.8400036216577003,0.1826283179393761
2018-07-02,0.109019859,3.8500036146273002,0.18310391173442966
2018-07-03,0.112134713,3.9600037491811,0.1883354535572973
2018-07-04,0.101091142,3.5700033523874,0.16978726363882654
2018-07-05,0.104489164,3.6900034799108,0.17549439925674776
2018-07-06,0.10335649,3.650003437403,0.17359202071744068
2018-07-07,0.105621838,3.7300035224186,0.1773967777960548
2018-07-08,0.193687231,6.8400064565957,0.32530669159194275
2018-07-09,0.165370384,5.840005499844801,0.2777472331479051
2018-07-10,0.122045609,4.3100040681523,0.20498126325691463
2018-07-11,0.132239674,4.6700044154078,0.2221026684311319
2018-07-12,0.11808125,4.1700039193750005,0.19832293836933987
2018-07-13,0.10703768,3.7800035578960003,0.17977475013041547
2018-07-14,0.092596088,3.2700030688936,0.15551942627356985
2018-07-15,0.087782224,3.1000029058928003,0.147434318321288
2018-07-16,0.09599411,3.390003196417,0.16122656189149107
2018-07-17,0.097409952,3.4400032318944,0.1636045342258517
2018-07-18,0.079004002,2.7900026294294005,0.13269088716097777
2018-07-19,0.064845579,2.2900021687113004,0.1089111587787321
2018-07-20,0.061447557,2.1700020411879,0.10320402316081087
2018-07-21,0.058899041,2.0800019632027,0.09892367228714316
2018-07-22,0.050687155,1.7900016726785,0.08513142871694004
2018-07-23,0.054368345,1.9200017931715,0.09131415812991484
2018-07-24,0.047005965,1.6600015521855,0.07894869930396525
2018-07-25,0.063146568,2.2300021049496,0.10605759096977149
2018-07-26,0.051536661,1.8200017222167,0.08655821346119355
2018-07-27,0.039077248,1.3800012899456002,0.06563205120836212
2018-07-28,0.048421808,1.7100016229776,0.0813266733178723
2018-07-29,0.065128747,2.3000021616809003,0.10938675257378566
2018-07-30,0.045590123,1.6100015167081,0.07657072696960461
2018-07-31,0.03879408,1.370001296976,0.06515645741330856
2018-08-01,0.037378238,1.3200012614986,0.0627784850789479
2018-08-02,0.032281205,1.1400010702135002,0.05421778165206607
2018-08-03,0.040209922,1.4200013324534002,0.0675344297476692
2018-08-04,0.045590123,1.6100015167081,0.07657072696960461
2018-08-05,0.044457449,1.5700014742003001,0.07466834843029754
2018-08-06,0.033697047,1.1900011056909001,0.05659575398642671
2018-08-07,0.02576833,0.910000843451,0.04327910589082357
2018-08-08,0.022936646,0.8100007724962001,0.03852316122210229
2018-08-09,0.022370309,0.7900007512423001,0.037571971952448754
2018-08-10,0.02576833,0.910000843451,0.04327910589082357
2018-08-11,0.024352488,0.8600008079736,0.040901133556462924
2018-08-12,0.02038813,0.720000694511,0.03424281034843457
2018-08-13,0.017556445,0.6200005882415001,0.02948686400016688
2018-08-14,0.016990108,0.6000005669876001,0.02853567473051334
2018-08-15,0.015857434,0.5600005244798001,0.026633296191206263
2018-08-16,0.02775051,0.9800009354970001,0.046608269174384154
2018-08-17,0.052386166,1.8500017364402,0.08798499652590067
2018-08-18,0.045023786,1.5900014954542,0.07561953769995107
2018-08-19,0.036528732,1.2900012119604,0.061351700334694406
2018-08-20,0.028033678,0.9900009284666,0.04708386296943773
2018-08-21,0.040209922,1.4200013324534002,0.0675344297476692
2018-08-22,0.063712905,2.2500021262035,0.10700878023942502
2018-08-23,0.057766367,2.0400019206949,0.09702129374783607
2018-08-24,0.03879408,1.370001296976,0.06515645741330856
2018-08-25,0.028033678,0.9900009284666,0.04708386296943773
2018-08-26,0.031998037,1.1300010772439,0.0537421878570125
2018-08-27,0.051536661,1.8200017222167,0.08655821346119355
2018-08-28,0.029166352,1.0300009709744,0.0489862415087448
2018-08-29,0.024352488,0.8600008079736,0.040901133556462924
2018-08-30,0.019255456,0.6800006520032,0.03234043180912749
2018-08-31,0.023502983,0.8300007937501,0.03947435049175583
2018-09-01,0.019821793,0.7000006732571,0.03329162107878103
2018-09-02,0.019538624,0.6900006449728001,0.03281602560418106
2018-09-03,0.022370309,0.7900007512423001,0.037571971952448754
2018-09-04,0.02208714,0.780000722958,0.03709637647784878
2018-09-05,0.067394095,2.3800022466965003,0.11319150965239982
2018-09-06,0.06088122,2.150002019934,0.10225283389115733
2018-09-07,0.030582194,1.0800010064518,0.05136421384310545
2018-09-08,0.026901004,0.9500008859588001,0.045181484430130654
2018-09-09,0.028316847,1.0000009567509,0.0475594584440377
2018-09-10,0.022936646,0.8100007724962001,0.03852316122210229
2018-09-11,0.02208714,0.780000722958,0.03709637647784878
2018-09-12,0.033413879,1.1800011127213001,0.05612016019137314
2018-09-13,0.048138639,1.7000015946933,0.08085107784327232
2018-09-14,0.047855471,1.6900016017237,0.08037548404821876
2018-09-15,0.04983765,1.760001658455,0.08370464565223294
2018-09-16,0.046722797,1.6500015592159003,0.07847310550891169
2018-09-17,0.052386166,1.8500017364402,0.08798499652590067
2018-09-18,0.048704976,1.7200016159472,0.08180226711292585
2018-09-19,0.082402024,2.9100027569528004,0.13839802277889898
2018-09-20,0.104489164,3.6900034799108,0.17549439925674776
2018-09-21,0.064845579,2.2900021687113004,0.1089111587787321
2018-09-22,0.063996073,2.2600021191731003,0.1074843740344786
2018-09-23,0.061447557,2.1700020411879,0.10320402316081087
2018-09-24,0.075322812,2.6600025089364,0.12650815774800295
2018-09-25,0.084667371,2.9900028066537003,0.14220277817796673
2018-09-26,0.08863173,3.1300029554310003,0.14886110306554148
2018-09-27,0.082402024,2.9100027569528004,0.13839802277889898
2018-09-28,0.083534697,2.9500027641459003,0.14030039963865967
2018-09-29,0.080419844,2.8400026649068004,0.1350688594953384
2018-09-30,0.085516877,3.0200028561919003,0.14362956292222026
2018-10-01,0.091463414,3.2300030263858006,0.1536170477342628
2018-10-02,0.151495129,5.3500050320963,0.254443098560713
2018-10-03,0.231065468,8.1600076827796,0.38808517499134426
2018-10-04,0.123178283,4.3500041106601,0.2068836417962217
2018-10-05,0.105055501,3.7100035011647,0.1764455885264013
2018-10-06,0.106188175,3.7500035436725,0.17834796706570838
2018-10-07,0.097409952,3.4400032318944,0.1636045342258517
2018-10-08,0.111285207,3.9300036996429,0.18690866881304383
2018-10-09,0.109586196,3.8700036358812,0.1840551010040832
2018-10-10,0.14215057,5.020004734379,0.23874847813074923
2018-10-11,0.13478819,4.760004493393001,0.22638301930479965
2018-10-12,0.135071358,4.7700044863626,0.2268586130998532
2018-10-13,0.148946613,5.260004954111101,0.2501627476870453
2018-10-14,0.147530771,5.2100049186337,0.24778477535268467
2018-10-15,0.180095144,6.3600059818168,0.3024781507998043
2018-10-16,0.219455561,7.7500073000467005,0.3685857974827663
2018-10-17,0.118364419,4.1800039476593005,0.19879853384393983
2018-10-18,0.133655516,4.720004450885201,0.22448064076549257
2018-10-19,0.131107,4.6300043729,0.22020028989182486
2018-10-20,0.136770369,4.8300045501243005,0.22971218090881382
2018-10-21,0.133655516,4.720004450885201,0.22448064076549257
2018-10-22,0.147813939,5.220004911603301,0.24826036914773822
2018-10-23,0.184059503,6.500006130594101,0.30913647568737906
2018-10-24,0.188873367,6.6700062935949,0.3172215836396609
2018-10-25,0.165087216,5.8300055068752,0.27727163935285154
2018-10-26,0.140168391,4.9500046776477005,0.23541931652673506
2018-10-27,0.130257494,4.600004323361801,0.21877350514757132
2018-10-28,0.129974326,4.5900043303922,0.21829791135251778
2018-10-29,0.124027788,4.3800041248836,0.2083104248609288
2018-10-30,0.133372347,4.710004422600901,0.2240050452908926
2018-10-31,0.122328777,4.3200040611219,0.20545685705196817
2018-11-01,0.117798082,4.1600039264054,0.19784734457428632
2018-11-02,0.113267386,4.0000037563742,0.190237830417058
2018-11-03,0.131390168,4.640004365869601,0.2206758836868784
2018-11-04,0.147530771,5.2100049186337,0.24778477535268467
2018-11-05,0.201615948,7.1200067188356,0.3386233396875459
2018-11-06,0.186891188,6.600006236863601,0.31389242203564677
2018-11-07,0.164520879,5.810005485621301,0.276320450083198
2018-11-08,0.153477309,5.420005124142301,0.2577722618442736
2018-11-09,0.119780261,4.2300039831367,0.2011765061783005
2018-11-10,0.14215057,5.020004734379,0.23874847813074923
2018-11-11,0.169617911,5.990005641591701,0.2848811518305334
2018-11-12,0.146398097,5.1700048761259,0.2458823968133776
2018-11-13,0.125160462,4.4200041673914,0.21021280340023588
2018-11-14,0.149796118,5.290004968334601,0.2515895307517524
2018-11-15,0.152910972,5.4000051028884,0.25682107257462006
2018-11-16,,,
2018-11-17,,,
2018-11-18,,,
2018-11-19,,,
2018-11-20,,,
2018-11-21,,,
2018-11-22,,,
2018-11-23,,,
2018-11-24,,,
2018-11-25,,,
2018-11-26,,,
2018-11-27,,,
2018-11-28,,,
2018-11-29,,,
2018-11-30,,,
2018-12-01,,,
2018-12-02,,,
2018-12-03,,,
2018-12-04,,,
2018-12-05,,,
2018-12-06,,,
2018-12-07,,,
2018-12-08,,,
2018-12-09,,,
2018-12-10,,,
2018-12-11,,,
2018-12-12,,,
2018-12-13,,,
2018-12-14,,,
2018-12-15,,,
2018-12-16,,,
2018-12-17,,,
2018-12-18,,,
2018-12-19,,,
2018-12-20,,,
2018-12-21,,,
2018-12-22,,,
2018-12-23,,,
2018-12-24,,,
2018-12-25,,,
2018-12-26,,,
2018-12-27,,,
2018-12-28,,,
2018-12-29,,,
2018-12-30,,,
2018-12-31,,,
2019-01-01,,,
2019-01-02,,,
2019-01-03,,,
2019-01-04,,,
2019-01-05,,,
2019-01-06,,,
2019-01-07,,,
2019-01-08,,,
2019-01-09,,,
2019-01-10,,,
2019-01-11,,,
2019-01-12,,,
2019-01-13,,,
2019-01-14,,,
2019-01-15,,,
2019-01-16,,,
2019-01-17,,,
2019-01-18,,,
2019-01-19,,,
2019-01-20,,,
2019-01-21,,,
2019-01-22,,,
2019-01-23,,,
2019-01-24,,,
2019-01-25,,,
2019-01-26,,,
2019-01-27,,,
2019-01-28,,,
2019-01-29,,,
2019-01-30,,,
2019-01-31,,,
2019-02-01,,,
2019-02-02,,,
2019-02-03,,,
2019-02-04,,,
2019-02-05,,,
2019-02-06,,,
2019-02-07,,,
2019-02-08,,,
2019-02-09,,,
2019-02-10,,,
2019-02-11,,,
2019-02-12,,,
2019-02-13,,,
2019-02-14,,,
2019-02-15,,,
2019-02-16,,,
2019-02-17,,,
2019-02-18,,,
2019-02-19,,,
2019-02-20,,,
2019-02-21,,,
2019-02-22,,,
2019-02-23,,,
2019-02-24,,,
2019-02-25,,,
2019-02-26,,,
2019-02-27,,,
2019-02-28,,,
2019-03-01,,,
2019-03-02,,,
2019-03-03,,,
2019-03-04,,,
2019-03-05,,,
2019-03-06,,,
2019-03-07,,,
2019-03-08,,,
2019-03-09,,,
2019-03-10,,,
2019-03-11,,,
2019-03-12,,,
2019-03-13,,,
2019-03-14,,,
2019-03-15,,,
2019-03-16,,,
2019-03-17,,,
2019-03-18,,,
2019-03-19,,,
2019-03-20,,,
2019-03-21,,,
2019-03-22,,,
2019-03-23,,,
2019-03-24,,,
2019-03-25,,,
2019-03-26,,,
2019-03-27,,,
2019-03-28,,,
2019-03-29,,,
2019-03-30,,,
2019-03-31,,,
2019-04-01,0.14951295,5.280004975365,0.25111393695669887
2019-04-02,0.164804047,5.8200054785909,0.2767960438782516
2019-04-03,0.175564449,6.200005847100301,0.2948686383221224
2019-04-04,0.174431775,6.160005804592501,0.2929662597828153
2019-04-05,0.199067432,7.0300066408504,0.3343429888138782
2019-04-06,0.216057539,7.6300071725233005,0.3628786618648451
2019-04-07,0.251453598,8.8800083772906,0.42232798533977883
2019-04-08,0.302990259,10.7000100995073,0.5088861988009724
2019-04-09,0.362455636,12.8000120486492,0.6087610586782227
2019-04-10,0.390772483,13.800013005400102,0.6563205171222604
2019-04-11,0.342633844,12.100011410706802,0.5754694392789881
2019-04-12,0.311485313,11.0000103830011,0.523154036166229
2019-04-13,0.297326889,10.5000098869683,0.499374306104437
2019-04-14,0.300158574,10.600009993237801,0.5041302524527047
2019-04-15,0.353960582,12.500011765155401,0.594493221312966
2019-04-16,0.464396284,16.400015450574802,0.7799751070613028
2019-04-17,0.569168616,20.100018923455202,0.9559451001131041
2019-04-18,0.758891489,26.800025266588303,1.2745934684970184
2019-04-19,0.985426261,34.8000327793367,1.6550691293311344
2019-04-20,1.362040321,48.1000453240187,2.287609918071149
2019-04-21,1.294079889,45.7000430560683,2.173467219149096
2019-04-22,1.172317449,41.400039016200296,1.968961551366781
2019-04-23,1.418674014,50.10004720220581,2.3827288332796783
2019-04-24,1.74431775,61.600058045925,2.9296625978281527
2019-04-25,1.928377253,68.10006417651911,3.238799073515532
2019-04-26,2.222872457,78.5000739572179,3.7334174332717014
2019-04-27,2.860001506,101.00009518393821,4.803505233986406
2019-04-28,3.001585739,106.0000998970633,5.0413025228475
2019-04-29,2.562674617,90.5000852969699,4.3041309278819675
2019-04-30,2.098278332,74.1000698110804,3.5241558191411193
2019-05-01,1.699010796,60.0000565575012,2.853567466333148
2019-05-02,1.322396736,46.7000440128192,2.2210266775931338
2019-05-03,1.186475872,41.9000394769184,1.9927412797490267
2019-05-04,1.220456088,43.1000406108936,2.0498126292100536
2019-05-05,1.370535375,48.4000456075125,2.301877755436406
2019-05-06,1.687684057,59.600056167737904,2.834543682619624
2019-05-07,1.948199046,68.8000648497762,3.272090694594313
2019-05-08,1.900060406,67.1000632197682,3.191239615071494
2019-05-09,1.648040472,58.2000548565384,2.767960442141608
2019-05-10,1.427169068,50.4000474856996,2.396996670644935
2019-05-11,1.350713582,47.7000449342554,2.268586134357625
2019-05-12,1.531941401,54.100050993894705,2.572966665376283
2019-05-13,2.033149585,71.8000676493995,3.414769066567333
2019-05-14,2.590991463,91.5000862184061,4.351690384646459
2019-05-15,3.228120511,114.00010740981172,5.421778183681618
2019-05-16,3.879407983,137.00012909725012,6.515645712778567
2019-05-17,4.105942756,145.0001366453132,6.896121375292229
2019-05-18,3.143169972,111.0001046101884,5.279099811708597
2019-05-19,2.463565654,87.0000820013138,4.137672825847156
2019-05-20,2.081288225,73.50006927940751,3.4956201460901526
2019-05-21,1.812278182,64.00006031387541,3.0438052967502065
2019-05-22,1.599901832,56.500053226530405,2.6871093626187896
2019-05-23,1.466812653,51.800048796899105,2.4635799111229506
2019-05-24,1.401683906,49.5000466352182,2.354193158549165
2019-05-25,1.444159176,51.000048052687205,2.4255323453754487
2019-05-26,1.611228571,56.900053616293704,2.706133146332314
2019-05-27,1.721664273,60.8000573017131,2.891615032080651
2019-05-28,1.66503058,58.800055423526004,2.7964961168721216
2019-05-29,1.574416671,55.600052411363706,2.644305852202566
2019-05-30,1.704674165,60.2000567347255,2.8630793573501374
2019-05-31,1.982179261,70.0000659484367,3.329162042375793
2019-06-01,2.752397489,97.2000916047883,4.622779294586335
2019-06-02,3.90772483,138.000130054001,6.563205171222604
2019-06-03,4.785547074,169.00015925418782,8.03754836115367
2019-06-04,5.266933466,186.0001752717502,8.846059142945485
2019-06-05,5.776636705,204.0001922460635,9.702129383181338
2019-06-06,7.164162188,253.0002384205636,12.03254281334826
2019-06-07,8.268519205,292.0002751688135,13.887361665792987
2019-06-08,9.514460455,336.00031663018854,15.97997780709881
2019-06-09,9.599410995,339.0003194651265,16.122656180751374
2019-06-10,8.72158875,308.000290229625,14.648312989140765
2019-06-11,8.410103438,297.00027988193864,14.125158954654083
2019-06-12,8.89148983,314.000295899501,14.933669736445896
2019-06-13,9.797628921,346.0003260564387,16.455572384821
2019-06-14,10.53386693,372.00035047287105,17.69211828253188
2019-06-15,10.3922827,367.00034586569006,17.454320998709424
2019-06-16,9.712678381,343.0003232215007,16.312894011168435
2019-06-17,9.202975142,325.0003062471874,15.456823770932582
2019-06-18,8.693271904,307.0002893081888,14.600753532376274
2019-06-19,9.004757216,318.0002996558752,15.123907566862956
2019-06-20,9.372876222,331.0003119170634,15.742180518237715
2019-06-21,8.72158875,308.000290229625,14.648312989140765
2019-06-22,7.588914887,268.00025255993893,12.745934679931544
2019-06-23,6.22970625,220.00020730687498,10.463080706529118
2019-06-24,5.635052472,199.0001875329384,9.464332094320243
2019-06-25,5.663369318,200.0001884543746,9.511891551084735
2019-06-26,5.974854631,211.00019883737573,10.035045587250965
2019-06-27,6.597825256,233.00021956806322,11.081353657903875
2019-06-28,7.249112728,256.00024125550163,12.175221187000826
2019-06-29,7.787132813,275.0002591512511,13.07885088400117
2019-06-30,7.787132813,275.0002591512511,13.07885088400117
2019-07-01,7.702182273,272.00025631631314,12.936172510348603
2019-07-02,7.135845341,252.0002374638127,11.98498335490422
2019-07-03,6.597825256,233.00021956806322,11.081353657903875
2019-07-04,6.031488324,213.0002007155628,10.130164502459493
2019-07-05,5.408517699,191.0001799848753,9.08385643180658
2019-07-06,4.870497614,172.0001620891258,8.180226734806235
2019-07-07,4.332477529,153.00014419337631,7.2765970378058915
2019-07-08,4.049309063,143.0001347671261,6.8010024600837005
2019-07-09,3.567922671,126.0001187495637,5.992491678291883
2019-07-10,3.171486818,112.00010553162461,5.3266592684730885
2019-07-11,2.860001506,101.00009518393821,4.803505233986406
2019-07-12,2.593823148,91.6000863246756,4.356446330994727
2019-07-13,2.32764479,82.200077465413,3.909387428003049
2019-07-14,2.058634747,72.70006849988091,3.4575725786631035
2019-07-15,1.863248506,65.8000620148382,3.1294123209417464
2019-07-16,1.699010796,60.0000565575012,2.853567466333148
2019-07-17,1.571584986,55.5000523050942,2.6395499058542984
2019-07-18,1.401683906,49.5000466352182,2.354193158549165
2019-07-19,1.262931358,44.6000420283626,2.1211518160363365
2019-07-20,1.180812503,41.700039299694104,1.983229388732038
2019-07-21,1.078871855,38.10003589776851,1.8120153403489578
2019-07-22,0.968436153,34.2000322123491,1.626533454600621
2019-07-23,0.889148983,31.4000295899501,1.4933669736445898
2019-07-24,0.829683605,29.300027605493504,1.3934921120877932
2019-07-25,0.821188551,29.000027321999703,1.3792242747225365
2019-07-26,0.744733065,26.300024770555503,1.2508137384352265
2019-07-27,0.761723173,26.900025337543102,1.27934941316574
2019-07-28,0.775881597,27.400025833575903,1.3031291432275318
2019-07-29,0.62013894,21.900020624418,1.0415521243046442
2019-07-30,0.603148832,21.3000200574304,1.013016449574131
2019-07-31,0.637129048,22.5000211914056,1.0700877990351576
2019-08-01,0.57766367,20.400019206949,0.9702129374783607
2019-08-02,0.529525031,18.700017612255703,0.8893618596350885
2019-08-03,0.487049761,17.200016194786702,0.818022672808805
2019-08-04,0.512534923,18.100017045268103,0.8608261849045752
2019-08-05,0.506871554,17.9000168680438,0.8513142938875861
2019-08-06,0.424752699,15.0000141393753,0.713391866583287
2019-08-07,0.399267537,14.100013288893901,0.6705883544875171
2019-08-08,0.396435852,14.0000131826244,0.6658324081392493
2019-08-09,0.37095069,13.100012332143002,0.6230288960434794
2019-08-10,0.353960582,12.500011765155401,0.594493221312966
2019-08-11,0.402099222,14.2000133951634,0.6753443008357848
2019-08-12,0.368119006,13.000012261188202,0.6182729513747581
2019-08-13,0.317148682,11.200010560225401,0.532665927183218
2019-08-14,0.283168466,10.0000094262502,0.4755945777221914
2019-08-15,0.272408064,9.6200090577408,0.4575219832783206
2019-08-16,0.259948652,9.1800086607844,0.43659582270503555
2019-08-17,0.245790228,8.6800081647516,0.4128160926432435
2019-08-18,0.236445669,8.3500078670343,0.39712147221327965
2019-08-19,0.21407536,7.560007115792001,0.35954950026083093
2019-08-20,0.197085252,6.9600065488044,0.3310138255303176
2019-08-21,0.182926829,6.460006088086301,0.307234097148072
2019-08-22,0.180095144,6.3600059818168,0.3024781507998043
2019-08-23,0.175847617,6.2100058400699005,0.295344232117176
2019-08-24,0.170467416,6.020005655815201,0.2863079348952406
2019-08-25,0.160839689,5.6800053651283005,0.27013772067022324
2019-08-26,0.154609982,5.4600051313354,0.2596746387040343
2019-08-27,0.148097108,5.230004939887601,0.24873596462233818
2019-08-28,0.132806011,4.690004436661701,0.22305385770078548
2019-08-29,0.131390168,4.640004365869601,0.2206758836868784
2019-08-30,0.133089179,4.7000044296313,0.22352945149583903
2019-08-31,0.124877293,4.4100041391071,0.2097372079256359
2019-09-01,0.122045609,4.3100040681523,0.20498126325691463
2019-09-02,0.114116892,4.0300038059124,0.19166461516131147
2019-09-03,0.112984218,3.9900037634046,0.18976223662200442
2019-09-04,0.114116892,4.0300038059124,0.19166461516131147
2019-09-05,0.116948576,4.1300038768672005,0.1964205598300328
2019-09-06,0.115249566,4.070003848420201,0.19356699370061858
2019-09-07,0.112701049,3.9800037351203,0.18928664114740446
2019-09-08,0.11440006,4.040003798882,0.19214020895636508
2019-09-09,0.116099071,4.1000038626437005,0.1949937767653257
2019-09-10,0.108170354,3.8200036004038003,0.18167712866972255
2019-09-11,0.107604017,3.8000035791499003,0.18072593940006904
2019-09-12,0.108453522,3.8300035933734002,0.18215272246477612
2019-09-13,0.115249566,4.070003848420201,0.19356699370061858
2019-09-14,0.114116892,4.0300038059124,0.19166461516131147
2019-09-15,0.111002039,3.9200037066733002,0.18643307501799025
2019-09-16,0.117514913,4.1500038981211,0.19737174909968636
2019-09-17,0.126293136,4.4600042098992,0.21211518193954298
2019-09-18,0.119213924,4.2100039618828005,0.20022531690864695
2019-09-19,0.111851544,3.9500037208968,0.18785985808269734
2019-09-20,0.112134713,3.9600037491811,0.1883354535572973
2019-09-21,0.109869365,3.8800036641655002,0.18453069647868317
2019-09-22,0.111851544,3.9500037208968,0.18785985808269734
2019-09-23,0.111851544,3.9500037208968,0.18785985808269734
2019-09-24,0.109586196,3.8700036358812,0.1840551010040832
2019-09-25,0.107604017,3.8000035791499003,0.18072593940006904
2019-09-26,0.105338669,3.7200034941343,0.17692118232145485
2019-09-27,0.107320849,3.7900035861803,0.18025034560501543
2019-09-28,0.107320849,3.7900035861803,0.18025034560501543
2019-09-29,0.10703768,3.7800035578960003,0.17977475013041547
2019-09-30,0.106754512,3.7700035649264,0.1792991563353619
2019-10-01,0.102506985,3.6200034231795,0.17216523765273356
2019-10-02,0.106754512,3.7700035649264,0.1792991563353619
2019-10-03,0.109019859,3.8500036146273002,0.18310391173442966
2019-10-04,0.11440006,4.040003798882,0.19214020895636508
2019-10-05,0.111851544,3.9500037208968,0.18785985808269734
2019-10-06,0.109586196,3.8700036358812,0.1840551010040832
2019-10-07,0.116948576,4.1300038768672005,0.1964205598300328
2019-10-08,0.128275315,4.530004266630501,0.21544434354355715
2019-10-09,0.123461451,4.3600041036297,0.20735923559127528
2019-10-10,0.134221853,4.7400044721391,0.2254318300351461
2019-10-11,0.136770369,4.8300045501243005,0.22971218090881382
2019-10-12,0.139035717,4.9100046351399005,0.23351693798742795
2019-10-13,0.149229782,5.270004982395401,0.2506383431616453
2019-10-14,0.112984218,3.9900037634046,0.18976223662200442
2019-10-15,0.112134713,3.9600037491811,0.1883354535572973
2019-10-16,0.107604017,3.8000035791499003,0.18072593940006904
2019-10-17,0.106471343,3.7600035366421,0.17882356086076193
2019-10-18,0.141584233,5.0000047131251,0.2377972888610957
2019-10-19,0.114683229,4.0500038271663,0.19261580443096504
2019-10-20,0.127142641,4.4900042241227,0.21354196500425007
2019-10-21,0.152910972,5.4000051028884,0.25682107257462006
2019-10-22,0.111002039,3.9200037066733002,0.18643307501799025
2019-10-23,0.110152533,3.8900036571351,0.18500629027373672
2019-10-24,0.118930756,4.2000039689132,0.19974972311359337
2019-10-25,0.140451559,4.9600046706173,0.2358949103217886
2019-10-26,0.184909008,6.530006144817601,0.3105632587520862
2019-10-27,0.146114928,5.1600048478416,0.24540680133877762
2019-10-28,0.115532734,4.0800038413898,0.19404258749567213
2019-10-29,0.138186211,4.8800045856017,0.23209015324317447
2019-10-30,0.135071358,4.7700044863626,0.2268586130998532
2019-10-31,0.120912935,4.2700040256445,0.20307888471760757
2019-11-01,0.181510987,6.4100060526089,0.3048561248137113
2019-11-02,0.182360492,6.4400060668324,0.30628290787841844
2019-11-03,0.200766442,7.0900066692974,0.33719655494329237
2019-11-04,0.187740693,6.6300062510871,0.3153192051003538
2019-11-05,0.159140678,5.620005301366601,0.2672841528612626
2019-11-06,0.148097108,5.230004939887601,0.24873596462233818
2019-11-07,0.137903043,4.8700045926321005,0.2316145594481209
2019-11-08,0.128275315,4.530004266630501,0.21544434354355715
2019-11-09,0.12742581,4.500004252407,0.21401756047885004
2019-11-10,0.12374462,4.370004131914,0.20783483106587525
2019-11-11,0.121479272,4.2900040468984,0.2040300739872611
2019-11-12,0.103639659,3.6600034656873,0.17406761619204064
2019-11-13,0.117231745,4.1400039051515005,0.19689615530463275
2019-11-14,0.107320849,3.7900035861803,0.18025034560501543
2019-11-15,0.104772332,3.7000034728804,0.17596999305180133
2019-11-16,,,
2019-11-17,,,
2019-11-18,,,
2019-11-19,,,
2019-11-20,,,
2019-11-21,,,
2019-11-22,,,
2019-11-23,,,
2019-11-24,,,
2019-11-25,,,
2019-11-26,,,
2019-11-27,,,
2019-11-28,,,
2019-11-29,,,
2019-11-30,,,
2019-12-01,,,
2019-12-02,,,
2019-12-03,,,
2019-12-04,,,
2019-12-05,,,
2019-12-06,,,
2019-12-07,,,
2019-12-08,,,
2019-12-09,,,
2019-12-10,,,
2019-12-11,,,
2019-12-12,,,
2019-12-13,,,
2019-12-14,,,
2019-12-15,,,
2019-12-16,,,
2019-12-17,,,
2019-12-18,,,
2019-12-19,,,
2019-12-20,,,
2019-12-21,,,
2019-12-22,,,
2019-12-23,,,
2019-12-24,,,
2019-12-25,,,
2019-12-26,,,
2019-12-27,,,
2019-12-28,,,
2019-12-29,,,
2019-12-30,,,
2019-12-31,,,
2020-01-01,,,
2020-01-02,,,
2020-01-03,,,
2020-01-04,,,
2020-01-05,,,
2020-01-06,,,
2020-01-07,,,
2020-01-08,,,
2020-01-09,,,
2020-01-10,,,
2020-01-11,,,
2020-01-12,,,
2020-01-13,,,
2020-01-14,,,
2020-01-15,,,
2020-01-16,,,
2020-01-17,,,
2020-01-18,,,
2020-01-19,,,
2020-01-20,,,
2020-01-21,,,
2020-01-22,,,
2020-01-23,,,
2020-01-24,,,
2020-01-25,,,
2020-01-26,,,
2020-01-27,,,
2020-01-28,,,
2020-01-29,,,
2020-01-30,,,
2020-01-31,,,
2020-02-01,,,
2020-02-02,,,
2020-02-03,,,
2020-02-04,,,
2020-02-05,,,
2020-02-06,,,
2020-02-07,,,
2020-02-08,,,
2020-02-09,,,
2020-02-10,,,
2020-02-11,,,
2020-02-12,,,
2020-02-13,,,
2020-02-14,,,
2020-02-15,,,
2020-02-16,,,
2020-02-17,,,
2020-02-18,,,
2020-02-19,,,
2020-02-20,,,
2020-02-21,,,
2020-02-22,,,
2020-02-23,,,
2020-02-24,,,
2020-02-25,,,
2020-02-26,,,
2020-02-27,,,
2020-02-28,,,
2020-02-29,,,
2020-03-01,,,
2020-03-02,,,
2020-03-03,,,
2020-03-04,,,
2020-03-05,,,
2020-03-06,,,
2020-03-07,,,
2020-03-08,,,
2020-03-09,,,
2020-03-10,,,
2020-03-11,,,
2020-03-12,,,
2020-03-13,,,
2020-03-14,,,
2020-03-15,,,
2020-03-16,,,
2020-03-17,,,
2020-03-18,,,
2020-03-19,,,
2020-03-20,,,
2020-03-21,,,
2020-03-22,,,
2020-03-23,,,
2020-03-24,,,
2020-03-25,,,
2020-03-26,,,
2020-03-27,,,
2020-03-28,,,
2020-03-29,,,
2020-03-30,,,
2020-03-31,,,
2020-04-01,0.121196103,4.2800040186141,0.20355447851266112
2020-04-02,0.120912935,4.2700040256445,0.20307888471760757
2020-04-03,0.116099071,4.1000038626437005,0.1949937767653257
2020-04-04,0.118930756,4.2000039689132,0.19974972311359337
2020-04-05,0.126009967,4.4500041816149,0.21163958646494302
2020-04-06,0.154043645,5.440005110081501,0.25872344943438075
2020-04-07,0.202465453,7.1500067330591,0.340050122752253
2020-04-08,0.247206071,8.7300082355437,0.41519406665715053
2020-04-09,0.297326889,10.5000098869683,0.499374306104437
2020-04-10,0.336970474,11.900011198167801,0.5659575465824527
2020-04-11,0.365287321,12.9000121549187,0.6135170050264904
2020-04-12,0.373782375,13.2000124384125,0.627784842391747
2020-04-13,0.305821943,10.8000101704621,0.5136421434696937
2020-04-14,0.235596164,8.3200078528108,0.39569468914857264
2020-04-15,0.218889224,7.7300072787928,0.36763460821311283
2020-04-16,0.196235747,6.9300065345809,0.3295870424656105
2020-04-17,0.17896247,6.3200059393090005,0.30057577226049725
2020-04-18,0.184909008,6.530006144817601,0.3105632587520862
2020-04-19,0.20303179,7.170006754313,0.34100131202190653
2020-04-20,0.194819905,6.8800064991035,0.32720907013124984
2020-04-21,0.217473382,7.6800072433154005,0.3652566358787522
2020-04-22,0.280336781,9.9000093199807,0.4708386313739237
2020-04-23,0.345465528,12.200011481661601,0.5802253839477094
2020-04-24,0.362455636,12.8000120486492,0.6087610586782227
2020-04-25,0.424752699,15.0000141393753,0.713391866583287
2020-04-26,0.608812202,21.5000202699694,1.0225283422706661
2020-04-27,0.846673713,29.900028172481104,1.4220277868183067
2020-04-28,1.206297665,42.6000401501755,2.0260329008278077
2020-04-29,1.472476023,52.0000490094381,2.473091803819486
2020-04-30,1.730159327,61.100057585206905,2.9058828694459073
2020-05-01,2.044476324,72.20006803916282,3.433792850280858
2020-05-02,2.254020989,79.6000750202383,3.7857328380640065
2020-05-03,2.381446798,84.1000792373306,3.99975039686331
2020-05-04,2.531526085,89.4000842339495,4.251815523089663
2020-05-05,2.330476475,82.30007757168251,3.914143374351317
2020-05-06,2.118100125,74.8000704843375,3.5574474402199
2020-05-07,2.050139693,72.40006821638711,3.443304741297847
2020-05-08,2.016159477,71.2000670824119,3.3862333918368197
2020-05-09,2.016159477,71.2000670824119,3.3862333918368197
2020-05-10,2.089783278,73.8000695275866,3.509887981775863
2020-05-11,2.217209088,78.30007377999361,3.7239055422547125
2020-05-12,2.531526085,89.4000842339495,4.251815523089663
2020-05-13,2.709922219,95.7000901873193,4.551440107760053
2020-05-14,2.777882651,98.1000924552697,4.665582806682107
2020-05-15,2.673110318,94.40008894707461,4.489612811950758
2020-05-16,2.653288526,93.7000883091322,4.456321192551523
2020-05-17,3.143169972,111.0001046101884,5.279099811708597
2020-05-18,4.162576449,147.0001385235003,6.991240290500759
2020-05-19,4.587329148,162.00015266287562,7.704632157084045
2020-05-20,4.643962841,164.0001545410627,7.799751072292573
2020-05-21,4.105942756,145.0001366453132,6.896121375292229
2020-05-22,3.766140597,133.0001253408759,6.3254078823615085
2020-05-23,3.454655284,122.00011495787481,5.80225384619528
2020-05-24,3.114853125,110.00010365343749,5.231540353264559
2020-05-25,2.860001506,101.00009518393821,4.803505233986406
2020-05-26,2.803367813,99.00009330575111,4.708386318777876
2020-05-27,3.171486818,112.00010553162461,5.3266592684730885
2020-05-28,3.851091137,136.0001281758139,6.468086256014075
2020-05-29,4.700596534,166.0001564192498,7.894869987501102
2020-05-30,5.181982926,183.0001724368122,8.703380769292918
2020-05-31,5.465151392,193.0001818630624,9.178975347015111
2020-06-01,4.927131307,174.00016396731291,8.275345650014765
2020-06-02,4.672279688,165.0001554978136,7.8473105307366104
2020-06-03,4.247526989,150.0001413584383,7.133918664153324
2020-06-04,3.82277429,135.00012721906302,6.420526797570037
2020-06-05,3.398021591,120.00011307968771,5.707134930986751
2020-06-06,4.474061762,158.0001489065014,7.514394326666987
2020-06-07,3.511288977,124.0001168360619,5.897372761403808
2020-06-08,2.709922219,95.7000901873193,4.551440107760053
2020-06-09,2.463565654,87.0000820013138,4.137672825847156
2020-06-10,2.203050665,77.80007331927551,3.7001258138724666
2020-06-11,1.82926829,64.600060880863,3.0723409714807195
2020-06-12,1.599901832,56.500053226530405,2.6871093626187896
2020-06-13,1.509287923,53.300050214368106,2.534919097949234
2020-06-14,1.483802761,52.4000493638867,2.492115585853464
2020-06-15,1.316733367,46.50004383559491,2.211514786576145
2020-06-16,1.200634296,42.400039972951205,2.016521009810819
2020-06-17,1.07604017,38.000035791499,1.80725939400069
2020-06-18,0.982594577,34.7000327083819,1.650313184662413
2020-06-19,0.903307406,31.900030050668203,1.5171467020268354
2020-06-20,0.804198443,28.4000267550121,1.350688599992023
2020-06-21,0.722079588,25.500024026343603,1.2127661726877244
2020-06-22,0.659782526,23.3000219709322,1.1081353664622062
2020-06-23,0.600317148,21.200019986475603,1.0082605049054094
2020-06-24,0.546515139,19.300018179243303,0.9178975343656018
2020-06-25,0.523861662,18.5000174350314,0.8798499686180993
2020-06-26,0.475723023,16.8000158403381,0.7989988907748271
2020-06-27,0.404930906,14.3000134661182,0.680100245504506
2020-06-28,0.382277429,13.5000127219063,0.6420526797570038
2020-06-29,0.348297213,12.3000115879311,0.5849813302959771
2020-06-30,0.317148682,11.200010560225401,0.532665927183218
2020-07-01,0.29166352,10.300009709744002,0.4898624150874481
2020-07-02,0.272974401,9.6400090789947,0.4584731725479741
2020-07-03,0.258815978,9.140008618276601,0.43469344416572847
2020-07-04,0.254568451,8.990008476529699,0.42755952548310006
2020-07-05,0.232198142,8.200007725287401,0.3899875535306514
2020-07-06,0.183209997,6.470006081055901,0.30770969094312556
2020-07-07,0.141584233,5.0000047131251,0.2377972888610957
2020-07-08,0.129974326,4.5900043303922,0.21829791135251778
2020-07-09,0.123178283,4.3500041106601,0.2068836417962217
2020-07-10,0.131107,4.6300043729,0.22020028989182486
2020-07-11,0.123178283,4.3500041106601,0.2068836417962217
2020-07-12,0.12176244,4.300004039868,0.20450566778231466
2020-07-13,0.141584233,5.0000047131251,0.2377972888610957
2020-07-14,0.154326814,5.450005138365801,0.2591990449089807
2020-07-15,0.144699086,5.110004812364201,0.24302882900441697
2020-07-16,0.136204032,4.8100045288704,0.2287609916391603
2020-07-17,0.123461451,4.3600041036297,0.20735923559127528
2020-07-18,0.109586196,3.8700036358812,0.1840551010040832
2020-07-19,0.102790153,3.6300034161491,0.17264083144778714
2020-07-20,0.097976289,3.4600032531483,0.16455572349550526
2020-07-21,0.085233708,3.0100028279076003,0.1431539674476203
2020-07-22,0.08495054,3.0000028349380004,0.1426783736525667
2020-07-23,0.092596088,3.2700030688936,0.15551942627356985
2020-07-24,0.113550555,4.0100037846585,0.19071342589165796
2020-07-25,0.127708978,4.5100042453766,0.2144931542739036
2020-07-26,0.139885222,4.9400046493634004,0.2349437210521351
2020-07-27,0.135071358,4.7700044863626,0.2268586130998532
2020-07-28,0.088065393,3.1100029341771003,0.14790991379588797
2020-07-29,0.076738654,2.7100025444138,0.1288861300823636
2020-07-30,0.070508948,2.4900023459356,0.11842304979572109
2020-07-31,0.06456241,2.2800021404270003,0.10843556330413213
2020-08-01,0.068526769,2.4200022892043003,0.11509388819170689
2020-08-02,0.07560598,2.670002501906,0.12698375154305652
2020-08-03,0.072774296,2.5700024309512,0.12222780687433522
2020-08-04,0.06088122,2.150002019934,0.10225283389115733
2020-08-05,0.065695084,2.3200021829348003,0.1103379418434392
2020-08-06,0.058615872,2.0700019349184,0.09844807681254318
2020-08-07,0.058899041,2.0800019632027,0.09892367228714316
2020-08-08,0.064279242,2.2700021474574,0.10795996950907856
2020-08-09,0.080419844,2.8400026649068004,0.1350688594953384
2020-08-10,0.076738654,2.7100025444138,0.1288861300823636
2020-08-11,0.075039643,2.6500024806521,0.12603256227340298
2020-08-12,0.068809937,2.4300022821739002,0.11556948198676047
2020-08-13,0.06456241,2.2800021404270003,0.10843556330413213
2020-08-14,0.058615872,2.0700019349184,0.09844807681254318
2020-08-15,0.051819829,1.8300017151863,0.08703380725624711
2020-08-16,0.049554482,1.7500016654854,0.08322905185717937
2020-08-17,0.049554482,1.7500016654854,0.08322905185717937
2020-08-18,0.05351884,1.8900017789480001,0.08988737506520773
2020-08-19,0.045023786,1.5900014954542,0.07561953769995107
2020-08-20,0.047005965,1.6600015521855,0.07894869930396525
2020-08-21,0.041342596,1.4600013749612002,0.06943680828697628
2020-08-22,0.036245564,1.2800012189908,0.06087610653964083
2020-08-23,0.038227743,1.3500012757221,0.06420526814365501
2020-08-24,0.037944574,1.3400012474378002,0.06372967266905505
2020-08-25,0.045306955,1.6000015237385001,0.07609513317455105
2020-08-26,0.058615872,2.0700019349184,0.09844807681254318
2020-08-27,0.050970324,1.8000017009628,0.08560702419154001
2020-08-28,0.049554482,1.7500016654854,0.08322905185717937
2020-08-29,0.077304991,2.7300025656677,0.12983731935201714
2020-08-30,0.084384203,2.9800028136841004,0.14172718438291315
2020-08-31,0.084667371,2.9900028066537003,0.14220277817796673
2020-09-01,0.076738654,2.7100025444138,0.1288861300823636
2020-09-02,0.060031715,2.1200020057105,0.10082605082645023
2020-09-03,0.045873291,1.6200015096777,0.07704632076465817
2020-09-04,0.041059428,1.4500013819916002,0.0689612144919227
2020-09-05,0.035396058,1.2500011694526,0.059449321795387325
2020-09-06,0.033413879,1.1800011127213001,0.05612016019137314
2020-09-07,0.039077248,1.3800012899456002,0.06563205120836212
2020-09-08,0.072491127,2.5600024026669,0.12175221139973526
2020-09-09,0.116948576,4.1300038768672005,0.1964205598300328
2020-09-10,0.116665408,4.1200038838976,0.1959449660349792
2020-09-11,0.11071887,3.910003678389,0.18595747954339026
2020-09-12,0.103073322,3.6400034444334,0.1731164269223871
2020-09-13,0.093445594,3.3000031184318006,0.15694621101782338
2020-09-14,0.083251529,2.9400027711763004,0.1398248058436061
2020-09-15,0.07390697,2.610002473459,0.12413018541364232
2020-09-16,0.069093106,2.4400023104582003,0.11604507746136043
2020-09-17,0.063712905,2.2500021262035,0.10700878023942502
2020-09-18,0.065978253,2.3300022112191003,0.11081353731803918
2020-09-19,0.063146568,2.2300021049496,0.10605759096977149
2020-09-20,0.05720003,2.020001899441,0.09607010447818254
2020-09-21,0.056916862,2.0100019064714,0.09559451068312896
2020-09-22,0.056350525,1.9900018852175,0.09464332141347544
2020-09-23,0.058615872,2.0700019349184,0.09844807681254318
2020-09-24,0.055217851,1.9500018427097001,0.09274094287416834
2020-09-25,0.052386166,1.8500017364402,0.08798499652590067
2020-09-26,0.050120818,1.7700016514246,0.0841802394472865
2020-09-27,0.045590123,1.6100015167081,0.07657072696960461
2020-09-28,0.043891112,1.5500014529464001,0.073717159160644
2020-09-29,0.048704976,1.7200016159472,0.08180226711292585
2020-09-30,0.052952503,1.8700017576941,0.0889361857955542
2020-10-01,0.058049536,2.0500019489792,0.09749688922243603
2020-10-02,0.054934682,1.9400018144254,0.09226534739956838
2020-10-03,0.050970324,1.8000017009628,0.08560702419154001
2020-10-04,0.055784188,1.9700018639636,0.0936921321438219
2020-10-05,0.051253492,1.8100016939324,0.08608261798659358
2020-10-06,0.04983765,1.760001658455,0.08370464565223294
2020-10-07,0.050687155,1.7900016726785,0.08513142871694004
2020-10-08,0.052669335,1.8600017647245,0.08846059200050063
2020-10-09,0.053235672,1.8800017859784,0.08941178127015417
2020-10-10,0.054085177,1.9100018002019001,0.09083856433486127
2020-10-11,0.055501019,1.9600018356793,0.09321653666922193
2020-10-12,0.057766367,2.0400019206949,0.09702129374783607
2020-10-13,0.055501019,1.9600018356793,0.09321653666922193
2020-10-14,0.054085177,1.9100018002019001,0.09083856433486127
2020-10-15,0.050403987,1.7800016797089,0.08465583492188647
2020-10-16,0.048138639,1.7000015946933,0.08085107784327232
2020-10-17,0.048138639,1.7000015946933,0.08085107784327232
2020-10-18,0.046722797,1.6500015592159003,0.07847310550891169
2020-10-19,0.045023786,1.5900014954542,0.07561953769995107
2020-10-20,0.043041607,1.5200014387229002,0.07229037609593689
2020-10-21,0.043891112,1.5500014529464001,0.073717159160644
2020-10-22,0.047289134,1.6700015804698,0.07942429477856522
2020-10-23,0.043041607,1.5200014387229002,0.07229037609593689
2020-10-24,0.038510911,1.3600012686917002,0.06468086193870859
2020-10-25,0.047289134,1.6700015804698,0.07942429477856522
2020-10-26,0.057766367,2.0400019206949,0.09702129374783607
2020-10-27,0.04983765,1.760001658455,0.08370464565223294
2020-10-28,0.050403987,1.7800016797089,0.08465583492188647
2020-10-29,0.055501019,1.9600018356793,0.09321653666922193
2020-10-30,0.054085177,1.9100018002019001,0.09083856433486127
2020-10-31,0.047289134,1.6700015804698,0.07942429477856522
2020-11-01,0.043324775,1.5300014316925001,0.07276596989099046
2020-11-02,0.039643585,1.4000013111995002,0.06658324047801566
2020-11-03,0.042192101,1.4900013891847002,0.07086359135168338
2020-11-04,0.043324775,1.5300014316925001,0.07276596989099046
2020-11-05,0.043324775,1.5300014316925001,0.07276596989099046
2020-11-06,0.040493091,1.4300013607377002,0.06801002522226916
2020-11-07,0.043607944,1.5400014599768002,0.07324156536559043
2020-11-08,0.052102998,1.8400017434706,0.08750940273084708
2020-11-09,0.049554482,1.7500016654854,0.08322905185717937
2020-11-10,0.045023786,1.5900014954542,0.07561953769995107
2020-11-11,0.036811901,1.3000012402447,0.06182729580929437
2020-11-12,0.039643585,1.4000013111995002,0.06658324047801566
2020-11-13,0.036528732,1.2900012119604,0.061351700334694406
2020-11-14,0.041625764,1.4700013679308002,0.06991240208202985
2020-11-15,0.037661406,1.3300012544682,0.06325407887400147
2020-11-16,,,
2020-11-17,,,
2020-11-18,,,
2020-11-19,,,
2020-11-20,,,
2020-11-21,,,
2020-11-22,,,
2020-11-23,,,
2020-11-24,,,
2020-11-25,,,
2020-11-26,,,
2020-11-27,,,
2020-11-28,,,
2020-11-29,,,
2020-11-30,,,
2020-12-01,,,
2020-12-02,,,
2020-12-03,,,
2020-12-04,,,
2020-12-05,,,
2020-12-06,,,
2020-12-07,,,
2020-12-08,,,
2020-12-09,,,
2020-12-10,,,
2020-12-11,,,
2020-12-12,,,
2020-12-13,,,
2020-12-14,,,
2020-12-15,,,
2020-12-16,,,
2020-12-17,,,
2020-12-18,,,
2020-12-19,,,
2020-12-20,,,
2020-12-21,,,
2020-12-22,,,
2020-12-23,,,
2020-12-24,,,
2020-12-25,,,
2020-12-26,,,
2020-12-27,,,
2020-12-28,,,
2020-12-29,,,
2020-12-30,,,
2020-12-31,,,
2021-01-01,,,
2021-01-02,,,
2021-01-03,,,
2021-01-04,,,
2021-01-05,,,
2021-01-06,,,
2021-01-07,,,
2021-01-08,,,
2021-01-09,,,
2021-01-10,,,
2021-01-11,,,
2021-01-12,,,
2021-01-13,,,
2021-01-14,,,
2021-01-15,,,
2021-01-16,,,
2021-01-17,,,
2021-01-18,,,
2021-01-19,,,
2021-01-20,,,
2021-01-21,,,
2021-01-22,,,
2021-01-23,,,
2021-01-24,,,
2021-01-25,,,
2021-01-26,,,
2021-01-27,,,
2021-01-28,,,
2021-01-29,,,
2021-01-30,,,
2021-01-31,,,
2021-02-01,,,
2021-02-02,,,
2021-02-03,,,
2021-02-04,,,
2021-02-05,,,
2021-02-06,,,
2021-02-07,,,
2021-02-08,,,
2021-02-09,,,
2021-02-10,,,
2021-02-11,,,
2021-02-12,,,
2021-02-13,,,
2021-02-14,,,
2021-02-15,,,
2021-02-16,,,
2021-02-17,,,
2021-02-18,,,
2021-02-19,,,
2021-02-20,,,
2021-02-21,,,
2021-02-22,,,
2021-02-23,,,
2021-02-24,,,
2021-02-25,,,
2021-02-26,,,
2021-02-27,,,
2021-02-28,,,
2021-03-01,,,
2021-03-02,,,
2021-03-03,,,
2021-03-04,,,
2021-03-05,,,
2021-03-06,,,
2021-03-07,,,
2021-03-08,,,
2021-03-09,,,
2021-03-10,,,
2021-03-11,,,
2021-03-12,,,
2021-03-13,,,
2021-03-14,,,
2021-03-15,,,
2021-03-16,,,
2021-03-17,,,
2021-03-18,,,
2021-03-19,,,
2021-03-20,,,
2021-03-21,,,
2021-03-22,,,
2021-03-23,,,
2021-03-24,,,
2021-03-25,,,
2021-03-26,,,
2021-03-27,,,
2021-03-28,,,
2021-03-29,,,
2021-03-30,,,
2021-03-31,,,
2021-04-01,0.12912482,4.560004280854001,0.21687112660826427
2021-04-02,0.181510987,6.4100060526089,0.3048561248137113
2021-04-03,0.218606056,7.7200072858232005,0.36715901441805926
2021-04-04,0.261647663,9.2400087245461,0.43944939051399606
2021-04-05,0.317148682,11.200010560225401,0.532665927183218
2021-04-06,0.41908933,14.800013962151,0.703879975566298
2021-04-07,0.441742807,15.600014706362902,0.7419275413138005
2021-04-08,0.467227969,16.500015556844303,0.7847310534095705
2021-04-09,0.509703239,18.0000169743133,0.8560702402358539
2021-04-10,0.515366608,18.2000171515376,0.8655821312528427
2021-04-11,0.566336932,20.0000188525004,0.9511891554443828
2021-04-12,0.603148832,21.3000200574304,1.013016449574131
2021-04-13,0.605980517,21.4000201636999,1.0177723959223983
2021-04-14,0.54085177,19.100018002019,0.9083856433486127
2021-04-15,0.54085177,19.100018002019,0.9083856433486127
2021-04-16,0.475723023,16.8000158403381,0.7989988907748271
2021-04-17,0.461564599,16.3000153443053,0.7752191607130351
2021-04-18,0.430416068,15.200014316599601,0.7229037576002761
2021-04-19,0.45590123,16.100015167081,0.7657072696960461
2021-04-20,0.467227969,16.500015556844303,0.7847310534095705
2021-04-21,0.421921014,14.9000140331058,0.7086359202350194
2021-04-22,0.41342596,14.600013749612,0.6943680828697627
2021-04-23,0.390772483,13.800013005400102,0.6563205171222604
2021-04-24,0.356792267,12.6000118714249,0.5992491676612337
2021-04-25,0.464396284,16.400015450574802,0.7799751070613028
2021-04-26,0.594653778,21.0000197739366,0.998748612208874
2021-04-27,0.588990409,20.8000195967123,0.9892367211918851
2021-04-28,0.535188401,18.900017824794702,0.8988737523316238
2021-04-29,0.654119156,23.100021758393204,1.0986234737656708
2021-04-30,1.044891639,36.9000347637933,1.7549439908879314
2021-05-01,1.432832438,50.6000476982386,2.40650856334147
2021-05-02,1.611228571,56.900053616293704,2.706133146332314
2021-05-03,1.463980969,51.700048725944306,2.4588239664542293
2021-05-04,1.127010494,39.800037492461804,1.8928664181922303
2021-05-05,0.965604469,34.1000321413943,1.6217775099318998
2021-05-06,1.042059955,36.8000346928385,1.7501880462192099
2021-05-07,1.364872006,48.2000454302882,2.2923658644194167
2021-05-08,1.574416671,55.600052411363706,2.644305852202566
2021-05-09,1.472476023,52.0000490094381,2.473091803819486
2021-05-10,1.231782827,43.5000410006569,2.068836412923578
2021-05-11,1.042059955,36.8000346928385,1.7501880462192099
2021-05-12,0.965604469,34.1000321413943,1.6217775099318998
2021-05-13,1.061881747,37.5000353307809,1.7834796656184444
2021-05-14,1.311069997,46.3000436230559,2.2020028938796092
2021-05-15,1.585743409,56.000052765812306,2.6633296342365442
2021-05-16,1.781129651,62.90005928616971,2.9914898936374477
2021-05-17,1.738654381,61.4000578687007,2.920150706811164
2021-05-18,1.633882048,57.700054360505604,2.744180712079816
2021-05-19,1.840595028,65.0000612353116,3.0913647535146977
2021-05-20,2.12093181,74.900070590607,3.562203386568168
2021-05-21,2.044476324,72.20006803916282,3.433792850280858
2021-05-22,2.171902134,76.70007229156981,3.6478104107597082
2021-05-23,2.259684358,79.8000751974626,3.7952447290809954
2021-05-24,2.174733818,76.8000723625246,3.652566355428429
2021-05-25,2.152080341,76.0000716183127,3.6145187896809263
2021-05-26,2.013327793,71.10006701145711,3.3814774471680993
2021-05-27,2.030317901,71.7000675784447,3.4100131218986123
2021-05-28,2.129426864,75.2000708741008,3.5764712239334244
2021-05-29,2.160575395,76.3000719018065,3.6287866270461833
2021-05-30,2.140753602,75.60007122854941,3.5954950059674027
2021-05-31,2.084119909,73.6000693503623,3.5003760907588735
2021-06-01,1.979347577,69.90006587748191,3.324406097707072
2021-06-02,1.942535676,68.60006463723721,3.2625788018977775
2021-06-03,2.052971378,72.5000683226566,3.4480606876461146
2021-06-04,2.234199196,78.9000743469812,3.752441216985226
2021-06-05,2.293664574,81.00007633143781,3.8523160785420223
2021-06-06,2.174733818,76.8000723625246,3.652566355428429
2021-06-07,1.982179261,70.0000659484367,3.329162042375793
2021-06-08,1.766971227,62.4000587901369,2.9677101635756555
2021-06-09,1.565921617,55.300052127869904,2.6300380148373095
2021-06-10,1.37336706,48.50004571378201,2.3066337017846736
2021-06-11,1.200634296,42.400039972951205,2.016521009810819
2021-06-12,1.053386693,37.2000350472871,1.7692118282531877
2021-06-13,0.931624253,32.9000310074191,1.5647061604708732
2021-06-14,0.82685192,29.200027499224,1.3887361657395254
2021-06-15,0.764554858,27.0000254438126,1.2841053595140075
2021-06-16,0.710752849,25.100023636580303,1.1937423889741998
2021-06-17,0.645624102,22.8000214748994,1.084355636400414
2021-06-18,0.608812202,21.5000202699694,1.0225283422706661
2021-06-19,0.597485463,21.1000198802061,1.0035045585571418
2021-06-20,0.535188401,18.900017824794702,0.8988737523316238
2021-06-21,0.45590123,16.100015167081,0.7657072696960461
2021-06-22,0.404930906,14.3000134661182,0.680100245504506
2021-06-23,0.379445744,13.4000126156368,0.637296733408736
2021-06-24,0.591822094,20.9000197029818,0.9939926675401528
2021-06-25,0.535188401,18.900017824794702,0.8988737523316238
2021-06-26,0.450237861,15.900014989856702,0.7561953786790572
2021-06-27,0.368119006,13.000012261188202,0.6182729513747581
2021-06-28,0.368119006,13.000012261188202,0.6182729513747581
2021-06-29,0.387940798,13.7000128991306,0.6515645707739927
2021-06-30,0.382277429,13.5000127219063,0.6420526797570038
2021-07-01,0.336970474,11.900011198167801,0.5659575465824527
2021-07-02,0.274673412,9.7000091427564,0.4613267403569347
2021-07-03,0.242392207,8.560008072542901,0.40710895870486863
2021-07-04,0.203314959,7.1800067825973,0.3414769074965065
2021-07-05,0.206146643,7.2800068535521,0.3462328521652278
2021-07-06,0.27693876,9.780009227772,0.4651314974355489
2021-07-07,0.179245639,6.3300059675933005,0.3010513677350972
2021-07-08,0.135920864,4.800004535900801,0.22828539784410673
2021-07-09,0.153477309,5.420005124142301,0.2577722618442736
2021-07-10,0.150079287,5.300004996618901,0.25206512622635235
2021-07-11,0.146681265,5.180004869095501,0.24635799060843114
2021-07-12,0.128841652,4.5500042878844,0.21639553281321067
2021-07-13,0.192837725,6.8100064070575,0.32387990684768925
2021-07-14,0.342633844,12.100011410706802,0.5754694392789881
2021-07-15,0.255417956,9.0200084907532,0.4289863085478072
2021-07-16,0.220305066,7.7800073142702,0.37001258054747344
2021-07-17,0.203881295,7.2000067685365,0.3424280950866137
2021-07-18,0.147530771,5.2100049186337,0.24778477535268467
2021-07-19,0.118364419,4.1800039476593005,0.19879853384393983
2021-07-20,0.122328777,4.3200040611219,0.20545685705196817
2021-07-21,0.146681265,5.180004869095501,0.24635799060843114
2021-07-22,0.070508948,2.4900023459356,0.11842304979572109
2021-07-23,0.070508948,2.4900023459356,0.11842304979572109
2021-07-24,0.063146568,2.2300021049496,0.10605759096977149
2021-07-25,0.069659443,2.4600023317121003,0.11699626673101396
2021-07-26,0.106754512,3.7700035649264,0.1792991563353619
2021-07-27,0.080986181,2.8600026861607004,0.13602004876499194
2021-07-28,0.080703013,2.8500026931911004,0.13554445496993836
2021-07-29,0.088914898,3.1400029484006002,0.1493366968605951
2021-07-30,0.278920939,9.8500092845033,0.468460659039563
2021-07-31,0.271558559,9.5900090435173,0.4560952002136134
2021-08-01,0.29166352,10.300009709744002,0.4898624150874481
2021-08-02,0.237012006,8.3700078882882,0.39807266148293324
2021-08-03,0.199067432,7.0300066408504,0.3343429888138782
2021-08-04,0.16990108,6.000005669876001,0.2853567473051334
2021-08-05,0.130257494,4.600004323361801,0.21877350514757132
2021-08-06,0.109303028,3.8600036429116003,0.18357950720902963
2021-08-07,0.099958468,3.5300033098796,0.16788488509951943
2021-08-08,0.092879257,3.2800030971779006,0.15599502174816984
2021-08-09,0.080419844,2.8400026649068004,0.1350688594953384
2021-08-10,0.07192479,2.540002381413,0.12080102213008173
2021-08-11,0.064279242,2.2700021474574,0.10795996950907856
2021-08-12,0.060598052,2.1400020269644,0.10177724009610377
2021-08-13,0.060314883,2.1300019986801,0.1013016446215038
2021-08-14,0.055217851,1.9500018427097001,0.09274094287416834
2021-08-15,0.052386166,1.8500017364402,0.08798499652590067
2021-08-16,0.062013894,2.1900020624418,0.1041552124304644
2021-08-17,0.048138639,1.7000015946933,0.08085107784327232
2021-08-18,0.038227743,1.3500012757221,0.06420526814365501
2021-08-19,0.099108963,3.5000032956561,0.16645810203481232
2021-08-20,0.124877293,4.4100041391071,0.2097372079256359
2021-08-21,0.076738654,2.7100025444138,0.1288861300823636
2021-08-22,0.065978253,2.3300022112191003,0.11081353731803918
2021-08-23,0.056916862,2.0100019064714,0.09559451068312896
2021-08-24,0.04983765,1.760001658455,0.08370464565223294
2021-08-25,0.045023786,1.5900014954542,0.07561953769995107
2021-08-26,0.050120818,1.7700016514246,0.0841802394472865
2021-08-27,0.054934682,1.9400018144254,0.09226534739956838
2021-08-28,0.047289134,1.6700015804698,0.07942429477856522
2021-08-29,0.039926754,1.4100013394838002,0.06705883595261564
2021-08-30,0.037095069,1.3100012332143,0.06230288960434794
2021-08-31,0.040776259,1.4400013537073002,0.06848561901732274
2021-09-01,0.07560598,2.670002501906,0.12698375154305652
2021-09-02,0.103073322,3.6400034444334,0.1731164269223871
2021-09-03,0.079004002,2.7900026294294005,0.13269088716097777
2021-09-04,0.065411916,2.3100021899652003,0.10986234804838563
2021-09-05,0.056067356,1.9800018569332,0.09416772593887546
2021-09-06,0.050120818,1.7700016514246,0.0841802394472865
2021-09-07,0.050120818,1.7700016514246,0.0841802394472865
2021-09-08,0.046439628,1.6400015309316,0.07799751003431171
2021-09-09,0.042758438,1.5100014104386001,0.07181478062133692
2021-09-10,0.041059428,1.4500013819916002,0.0689612144919227
2021-09-11,0.041908933,1.4800013962151002,0.07038799755662982
2021-09-12,0.041625764,1.4700013679308002,0.06991240208202985
2021-09-13,0.043891112,1.5500014529464001,0.073717159160644
2021-09-14,0.048988145,1.7300016442315,0.08227786258752584
2021-09-15,0.056633693,2.0000018781871,0.095118915208529
2021-09-16,0.048988145,1.7300016442315,0.08227786258752584
2021-09-17,0.054085177,1.9100018002019001,0.09083856433486127
2021-09-18,0.055217851,1.9500018427097001,0.09274094287416834
2021-09-19,0.075039643,2.6500024806521,0.12603256227340298
2021-09-20,0.072207959,2.5500024096973,0.1212766176046817
2021-09-21,0.067960432,2.4000022679504003,0.11414269892205336
2021-09-22,0.064279242,2.2700021474574,0.10795996950907856
2021-09-23,0.063429736,2.2400020979192004,0.10653318476482505
2021-09-24,0.058332704,2.0600019419488,0.0979724830174896
2021-09-25,0.043891112,1.5500014529464001,0.073717159160644
2021-09-26,0.047855471,1.6900016017237,0.08037548404821876
2021-09-27,0.044740618,1.5800015024846001,0.07514394390489751
2021-09-28,0.079004002,2.7900026294294005,0.13269088716097777
2021-09-29,0.201049611,7.1000066975817,0.3376721504178924
2021-09-30,0.113267386,4.0000037563742,0.190237830417058
2021-10-01,0.094861436,3.3500031539092,0.159324183352184
2021-10-02,0.105905006,3.7400035153882,0.1778723715911084
2021-10-03,0.08126935,2.8700027144450004,0.13649564423959193
2021-10-04,0.068809937,2.4300022821739002,0.11556948198676047
2021-10-05,0.061730726,2.1800020694722,0.10367961863541084
2021-10-06,0.062863399,2.2200020766653,0.10558199549517153
2021-10-07,0.066261421,2.3400022041887003,0.11128913111309276
2021-10-08,0.065411916,2.3100021899652003,0.10986234804838563
2021-10-09,0.244091218,8.6200081363046,0.40996252651382925
2021-10-10,0.133938684,4.7300044438548,0.22495623456054614
2021-10-11,0.093445594,3.3000031184318006,0.15694621101782338
2021-10-12,0.082402024,2.9100027569528004,0.13839802277889898
2021-10-13,0.085516877,3.0200028561919003,0.14362956292222026
2021-10-14,0.078154497,2.7600026152059,0.13126410409627065
2021-10-15,0.085800045,3.0300028491615003,0.1441051567172738
2021-10-16,0.085800045,3.0300028491615003,0.1441051567172738
2021-10-17,0.097976289,3.4600032531483,0.16455572349550526
2021-10-18,0.117798082,4.1600039264054,0.19784734457428632
2021-10-19,0.142716907,5.040004755632901,0.2396996674004028
2021-10-20,0.110152533,3.8900036571351,0.18500629027373672
2021-10-21,0.103639659,3.6600034656873,0.17406761619204064
2021-10-22,0.093728762,3.3100031114014,0.1574218048128769
2021-10-23,0.089198067,3.1500029766849003,0.14981229233519505
2021-10-24,0.117798082,4.1600039264054,0.19784734457428632
2021-10-25,0.107604017,3.8000035791499003,0.18072593940006904
2021-10-26,0.124877293,4.4100041391071,0.2097372079256359
2021-10-27,0.105338669,3.7200034941343,0.17692118232145485
2021-10-28,0.117231745,4.1400039051515005,0.19689615530463275
2021-10-29,0.109869365,3.8800036641655002,0.18453069647868317
2021-10-30,0.124877293,4.4100041391071,0.2097372079256359
2021-10-31,0.117798082,4.1600039264054,0.19784734457428632
2021-11-01,0.132806011,4.690004436661701,0.22305385770078548
2021-11-02,0.155176319,5.4800051525893005,0.26062582797368783
2021-11-03,0.140168391,4.9500046776477005,0.23541931652673506
2021-11-04,0.127142641,4.4900042241227,0.21354196500425007
2021-11-05,0.130823831,4.6200043446157,0.2197246944172249
2021-11-06,0.122611946,4.3300040894062,0.2059324525265682
2021-11-07,0.126293136,4.4600042098992,0.21211518193954298
2021-11-08,0.102223816,3.6100033948952,0.1716896421781336
2021-11-09,0.104772332,3.7000034728804,0.17596999305180133
2021-11-10,0.11808125,4.1700039193750005,0.19832293836933987
2021-11-11,0.115249566,4.070003848420201,0.19356699370061858
2021-11-12,0.104772332,3.7000034728804,0.17596999305180133
2021-11-13,0.122895114,4.3400040823758,0.20640804632162174
2021-11-14,0.12912482,4.560004280854001,0.21687112660826427
2021-11-15,0.132522842,4.680004408377401,0.2225782622261855
2021-11-16,,,
2021-11-17,,,
2021-11-18,,,
2021-11-19,,,
2021-11-20,,,
2021-11-21,,,
2021-11-22,,,
2021-11-23,,,
2021-11-24,,,
2021-11-25,,,
2021-11-26,,,
2021-11-27,,,
2021-11-28,,,
2021-11-29,,,
2021-11-30,,,
2021-12-01,,,
2021-12-02,,,
2021-12-03,,,
2021-12-04,,,
2021-12-05,,,
2021-12-06,,,
2021-12-07,,,
2021-12-08,,,
2021-12-09,,,
2021-12-10,,,
2021-12-11,,,
2021-12-12,,,
2021-12-13,,,
2021-12-14,,,
2021-12-15,,,
2021-12-16,,,
2021-12-17,,,
2021-12-18,,,
2021-12-19,,,
2021-12-20,,,
2021-12-21,,,
2021-12-22,,,
2021-12-23,,,
2021-12-24,,,
2021-12-25,,,
2021-12-26,,,
2021-12-27,,,
2021-12-28,,,
2021-12-29,,,
2021-12-30,,,
2021-12-31,,,
2022-01-01,,,
2022-01-02,,,
2022-01-03,,,
2022-01-04,,,
2022-01-05,,,
2022-01-06,,,
2022-01-07,,,
2022-01-08,,,
2022-01-09,,,
2022-01-10,,,
2022-01-11,,,
2022-01-12,,,
2022-01-13,,,
2022-01-14,,,
2022-01-15,,,
2022-01-16,,,
2022-01-17,,,
2022-01-18,,,
2022-01-19,,,
2022-01-20,,,
2022-01-21,,,
2022-01-22,,,
2022-01-23,,,
2022-01-24,,,
2022-01-25,,,
2022-01-26,,,
2022-01-27,,,
2022-01-28,,,
2022-01-29,,,
2022-01-30,,,
2022-01-31,,,
2022-02-01,,,
2022-02-02,,,
2022-02-03,,,
2022-02-04,,,
2022-02-05,,,
2022-02-06,,,
2022-02-07,,,
2022-02-08,,,
2022-02-09,,,
2022-02-10,,,
2022-02-11,,,
2022-02-12,,,
2022-02-13,,,
2022-02-14,,,
2022-02-15,,,
2022-02-16,,,
2022-02-17,,,
2022-02-18,,,
2022-02-19,,,
2022-02-20,,,
2022-02-21,,,
2022-02-22,,,
2022-02-23,,,
2022-02-24,,,
2022-02-25,,,
2022-02-26,,,
2022-02-27,,,
2022-02-28,,,
2022-03-01,,,
2022-03-02,,,
2022-03-03,,,
2022-03-04,,,
2022-03-05,,,
2022-03-06,,,
2022-03-07,,,
2022-03-08,,,
2022-03-09,,,
2022-03-10,,,
2022-03-11,,,
2022-03-12,,,
2022-03-13,,,
2022-03-14,,,
2022-03-15,,,
2022-03-16,,,
2022-03-17,,,
2022-03-18,,,
2022-03-19,,,
2022-03-20,,,
2022-03-21,,,
2022-03-22,,,
2022-03-23,,,
2022-03-24,,,
2022-03-25,,,
2022-03-26,,,
2022-03-27,,,
2022-03-28,,,
2022-03-29,,,
2022-03-30,,,
2022-03-31,,,
2022-04-01,0.297326889,10.5000098869683,0.499374306104437
2022-04-02,0.28061995,9.910009348265001,0.47131422684852364
2022-04-03,0.282885297,9.990009397965899,0.4751189822475914
2022-04-04,0.274390243,9.6900091144721,0.4608511448823347
2022-04-05,0.273823907,9.6700091285329,0.4598999572922276
2022-04-06,0.286000151,10.1000095325197,0.4803505240704591
2022-04-07,0.294495205,10.4000098160135,0.4946183614357157
2022-04-08,0.311485313,11.0000103830011,0.523154036166229
2022-04-09,0.41908933,14.800013962151,0.703879975566298
2022-04-10,0.526693347,18.600017541300904,0.8846059149663672
2022-04-11,0.487049761,17.200016194786702,0.818022672808805
2022-04-12,0.433247753,15.3000144228691,0.7276597039485437
2022-04-13,0.399267537,14.100013288893901,0.6705883544875171
2022-04-14,0.351128898,12.400011694200602,0.5897372766442448
2022-04-15,0.266461526,9.4100088522322,0.44753449678673163
2022-04-16,0.25286944,8.930008412768,0.4247059576741395
2022-04-17,0.254285282,8.9800084482454,0.42708393000850015
2022-04-18,0.365287321,12.9000121549187,0.6135170050264904
2022-04-19,0.605980517,21.4000201636999,1.0177723959223983
2022-04-20,1.223287773,43.200040717163105,2.054568575558321
2022-04-21,1.90855546,67.400063503262,3.2055074524367515
2022-04-22,2.222872457,78.5000739572179,3.7334174332717014
2022-04-23,1.860416821,65.7000619085687,3.124656374593479
2022-04-24,1.432832438,50.6000476982386,2.40650856334147
2022-04-25,1.110020386,39.2000369254742,1.864330743461717
2022-04-26,0.991089631,35.000032991875706,1.66458102202767
2022-04-27,0.979762892,34.6000326021124,1.6455572383141455
2022-04-28,1.033564901,36.50003440934471,1.7359202088539532
2022-04-29,1.234614511,43.6000410716117,2.073592357592299
2022-04-30,1.381862114,48.8000459972758,2.32090153914993
2022-05-01,1.70184248,60.100056628456,2.85832341100187
2022-05-02,1.74431775,61.600058045925,2.9296625978281527
2022-05-03,1.62255531,57.300054006057,2.7251569300458387
2022-05-04,1.554594878,54.900051738106605,2.611014231123785
2022-05-05,1.758476173,62.1000585066431,2.9534423262103986
2022-05-06,2.506040923,88.50008338346811,4.209012010993893
2022-05-07,3.454655284,122.00011495787481,5.80225384619528
2022-05-08,4.559012301,161.0001517061247,7.6570726986400075
2022-05-09,4.955448154,175.0001649240638,8.322905108458803
2022-05-10,4.955448154,175.0001649240638,8.322905108458803
2022-05-11,5.323567159,188.00017714993731,8.941178058154016
2022-05-12,5.351884006,189.0001781066882,8.988737516598052
2022-05-13,4.813863921,170.00016021093873,8.085107819597708
2022-05-14,4.927131307,174.00016396731291,8.275345650014765
2022-05-15,5.918220938,209.00019695918863,9.939926672042436
2022-05-16,6.14475571,217.00020447193702,10.32040233287655
2022-05-17,6.201389404,219.00020638543882,10.415521249764627
2022-05-18,6.512874716,230.0002167331252,10.938675284251309
2022-05-19,7.022577955,248.00023370743853,11.794745524487164
2022-05-20,6.937627415,245.0002308725005,11.652067150834597
2022-05-21,5.606735625,198.0001865761875,9.416772635876207
2022-05-22,4.417428068,156.00014699299962,7.419275409778912
2022-05-23,3.851091137,136.0001281758139,6.468086256014075
2022-05-24,3.624556364,128.00012062775082,6.087610593500413
2022-05-25,3.596239517,127.00011967099991,6.040051135056374
2022-05-26,4.077625909,144.0001356885623,6.84856191684819
2022-05-27,4.870497614,172.0001620891258,8.180226734806235
2022-05-28,5.408517699,191.0001799848753,9.08385643180658
2022-05-29,5.181982926,183.0001724368122,8.703380769292918
2022-05-30,4.615645994,163.00015358431182,7.752191613848536
2022-05-31,3.851091137,136.0001281758139,6.468086256014075
2022-06-01,3.567922671,126.0001187495637,5.992491678291883
2022-06-02,3.709506904,131.0001234626888,6.230288967152979
2022-06-03,3.794457443,134.0001262623121,6.372967339126
2022-06-04,3.766140597,133.0001253408759,6.3254078823615085
2022-06-05,3.879407983,137.00012909725012,6.515645712778567
2022-06-06,4.077625909,144.0001356885623,6.84856191684819
2022-06-07,4.275843835,151.0001422798745,7.181478120917816
2022-06-08,4.190893296,148.0001394802512,7.038799748944794
2022-06-09,4.077625909,144.0001356885623,6.84856191684819
2022-06-10,3.936041676,139.0001309754372,6.610764627987096
2022-06-11,3.73782375,132.000124384125,6.2778484239174706
2022-06-12,3.482972131,123.00011591462571,5.849813304639317
2022-06-13,3.114853125,110.00010365343749,5.231540353264559
2022-06-14,2.74107075,96.800091215025,4.603755510872812
2022-06-15,2.37012006,83.70007888288201,3.9807266148293325
2022-06-16,2.052971378,72.5000683226566,3.4480606876461146
2022-06-17,1.868911875,66.0000621920625,3.1389242119587353
2022-06-18,1.987842631,70.2000661609757,3.3386739350723285
2022-06-19,2.112436756,74.60007030711321,3.547935549202911
2022-06-20,1.65936721,58.60005521098701,2.7869842241755864
2022-06-21,1.404515591,49.6000467414877,2.3589491048974325
2022-06-22,1.251604619,44.2000416385993,2.102128032322813
2022-06-23,1.175149134,41.5000391224698,1.973717497715049
2022-06-24,1.084535224,38.300036074992796,1.8215272313659467
2022-06-25,0.965604469,34.1000321413943,1.6217775099318998
2022-06-26,1.067545117,37.700035543319906,1.79299155831498
2022-06-27,0.991089631,35.000032991875706,1.66458102202767
2022-06-28,0.812693497,28.700027038505905,1.3649564373572798
2022-06-29,0.727742957,25.700024203567903,1.2222780637047133
2022-06-30,0.750396435,26.5000249830945,1.2603256311317619
2022-07-01,0.685267688,24.200022821413604,1.1509388785579762
2022-07-02,0.642792418,22.7000214039446,1.0795996917316928
2022-07-03,0.639960733,22.600021297675102,1.0748437453834252
2022-07-04,0.560673563,19.800018675276103,0.9416772644273939
2022-07-05,0.563505247,19.900018746230902,0.9464332090961152
2022-07-06,0.557841878,19.7000185690066,0.936921318079126
2022-07-07,0.54085177,19.100018002019,0.9083856433486127
2022-07-08,0.447406176,15.8000148835872,0.7514394323307894
2022-07-09,0.393604168,13.9000131116696,0.6610764634705281
2022-07-10,0.365287321,12.9000121549187,0.6135170050264904
2022-07-11,0.353960582,12.500011765155401,0.594493221312966
2022-07-12,0.311485313,11.0000103830011,0.523154036166229
2022-07-13,0.302990259,10.7000100995073,0.5088861988009724
2022-07-14,0.294495205,10.4000098160135,0.4946183614357157
2022-07-15,0.297326889,10.5000098869683,0.499374306104437
2022-07-16,0.283168466,10.0000094262502,0.4755945777221914
2022-07-17,0.247206071,8.7300082355437,0.41519406665715053
2022-07-18,0.242109038,8.5500080442586,0.4066333632302687
2022-07-19,0.220021898,7.7700073213006,0.3695369867524199
2022-07-20,0.16990108,6.000005669876001,0.2853567473051334
2022-07-21,0.163671373,5.7800054360831,0.2748936653389445
2022-07-22,0.198217926,7.0000065913122,0.33291620406962463
2022-07-23,0.193970399,6.8500064495653,0.32578228538699633
2022-07-24,0.32847542,11.600010914674002,0.5516897092171961
2022-07-25,0.314316997,11.1000104539559,0.5279099808349503
2022-07-26,0.246356565,8.700008186005501,0.41376728191289697
2022-07-27,0.220305066,7.7800073142702,0.37001258054747344
2022-07-28,0.252303103,8.910008391514099,0.42375476840448595
2022-07-29,0.251170429,8.8700083490063,0.4218523898651788
2022-07-30,0.247772408,8.750008256797601,0.416145255926804
2022-07-31,0.222853583,7.8700074275701,0.37429293310068756
2022-08-01,0.276089254,9.750009178233801,0.4637047126912954
2022-08-02,0.319980366,11.300010631180202,0.5374218718519393
2022-08-03,0.228516952,8.0700076047944,0.3838048241176766
2022-08-04,0.202465453,7.1500067330591,0.340050122752253
2022-08-05,0.186324851,6.580006215609701,0.3129412327659932
2022-08-06,0.184342671,6.510006123563701,0.30961206948243264
2022-08-07,0.165653553,5.850005528129101,0.2782228286225051
2022-08-08,0.139885222,4.9400046493634004,0.2349437210521351
2022-08-09,0.113550555,4.0100037846585,0.19071342589165796
2022-08-10,0.117231745,4.1400039051515005,0.19689615530463275
2022-08-11,0.162255531,5.730005400605701,0.27251569300458384
2022-08-12,0.178396134,6.3000059533698005,0.2996245846703901
2022-08-13,0.139035717,4.9100046351399005,0.23351693798742795
2022-08-14,0.117231745,4.1400039051515005,0.19689615530463275
2022-08-15,0.116099071,4.1000038626437005,0.1949937767653257
2022-08-16,0.146964434,5.190004897379801,0.2468335860830311
2022-08-17,0.197934758,6.9900065983426,0.33244061027457106
2022-08-18,0.184059503,6.500006130594101,0.30913647568737906
2022-08-19,0.148097108,5.230004939887601,0.24873596462233818
2022-08-20,0.161689194,5.7100053793518,0.2715645037349303
2022-08-21,0.135354527,4.7800045146469,0.22733420857445316
2022-08-22,0.129691157,4.5800043021079,0.2178223158779178
2022-08-23,0.120346598,4.2500040043906,0.202127695447954
2022-08-24,0.118647587,4.1900039406289,0.1992741276389934
2022-08-25,0.150079287,5.300004996618901,0.25206512622635235
2022-08-26,0.260514989,9.2000086820383,0.43754701197468904
2022-08-27,0.1993506,7.04000663382,0.33481858260893177
2022-08-28,0.137053538,4.8400045784086005,0.23018777638341378
2022-08-29,0.123461451,4.3600041036297,0.20735923559127528
2022-08-30,0.099958468,3.5300033098796,0.16788488509951943
2022-08-31,0.090897078,3.2100030404466002,0.15266586014415565
2022-09-01,0.084384203,2.9800028136841004,0.14172718438291315
2022-09-02,0.075889149,2.6800025301903,0.1274593470176565
2022-09-03,0.07192479,2.540002381413,0.12080102213008173
2022-09-04,0.065411916,2.3100021899652003,0.10986234804838563
2022-09-05,0.063996073,2.2600021191731003,0.1074843740344786
2022-09-06,0.060314883,2.1300019986801,0.1013016446215038
2022-09-07,0.057483199,2.0300019277253,0.0965456999527825
2022-09-08,0.052952503,1.8700017576941,0.0889361857955542
2022-09-09,0.050403987,1.7800016797089,0.08465583492188647
2022-09-10,0.043041607,1.5200014387229002,0.07229037609593689
2022-09-11,0.043607944,1.5400014599768002,0.07324156536559043
2022-09-12,0.044457449,1.5700014742003001,0.07466834843029754
2022-09-13,0.047855471,1.6900016017237,0.08037548404821876
2022-09-14,0.061730726,2.1800020694722,0.10367961863541084
2022-09-15,0.09599411,3.390003196417,0.16122656189149107
2022-09-16,0.069659443,2.4600023317121003,0.11699626673101396
2022-09-17,0.059182209,2.0900019561723,0.09939926608219671
2022-09-18,0.055217851,1.9500018427097001,0.09274094287416834
2022-09-19,0.054651514,1.9300018214558001,0.09178975360451481
2022-09-20,0.050403987,1.7800016797089,0.08465583492188647
2022-09-21,0.063996073,2.2600021191731003,0.1074843740344786
2022-09-22,0.132239674,4.6700044154078,0.2221026684311319
2022-09-23,0.095710941,3.3800031681327,0.1607509664168911
2022-09-24,0.069093106,2.4400023104582003,0.11604507746136043
2022-09-25,0.066261421,2.3400022041887003,0.11128913111309276
2022-09-26,0.0682436,2.4100022609200002,0.11461829271710693
2022-09-27,0.065411916,2.3100021899652003,0.10986234804838563
2022-09-28,0.065411916,2.3100021899652003,0.10986234804838563
2022-09-29,0.069376274,2.4500023034278002,0.116520671256414
2022-09-30,0.07928717,2.8000026223990004,0.1331664809560313
2022-10-01,0.152344635,5.380005081634501,0.2558698833049665
2022-10-02,0.177546628,6.270005903831601,0.2981977999261366
2022-10-03,0.225968436,7.9800075268092,0.37952447324400884
2022-10-04,0.142433738,5.030004727348601,0.23922407192580283
2022-10-05,0.111568376,3.9400037279272,0.1873842642876438
2022-10-06,0.102790153,3.6300034161491,0.17264083144778714
2022-10-07,0.099392132,3.5100033239404,0.16693369750941234
2022-10-08,0.091463414,3.2300030263858006,0.1536170477342628
2022-10-09,0.087782224,3.1000029058928003,0.147434318321288
2022-10-10,0.087215888,3.0800029199536003,0.14648313073118086
2022-10-11,0.089198067,3.1500029766849003,0.14981229233519505
2022-10-12,0.083251529,2.9400027711763004,0.1398248058436061
2022-10-13,0.080986181,2.8600026861607004,0.13602004876499194
2022-10-14,0.081552518,2.8800027074146004,0.13697123803464548
2022-10-15,0.079853507,2.8200026436529004,0.13411767022568485
2022-10-16,0.08126935,2.8700027144450004,0.13649564423959193
2022-10-17,0.083251529,2.9400027711763004,0.1398248058436061
2022-10-18,0.080986181,2.8600026861607004,0.13602004876499194
2022-10-19,0.078437665,2.7700026081755005,0.1317396978913242
2022-10-20,0.07928717,2.8000026223990004,0.1331664809560313
2022-10-21,0.085516877,3.0200028561919003,0.14362956292222026
2022-10-22,0.086083214,3.0400028774458003,0.14458075219187377
2022-10-23,0.111285207,3.9300036996429,0.18690866881304383
2022-10-24,0.093445594,3.3000031184318006,0.15694621101782338
2022-10-25,0.091180246,3.2200030334162,0.15314145393920922
2022-10-26,0.100524805,3.5500033311335,0.16883607436917297
2022-10-27,0.104489164,3.6900034799108,0.17549439925674776
2022-10-28,0.099108963,3.5000032956561,0.16645810203481232
2022-10-29,0.101940648,3.6000034019256,0.17121404838308002
2022-10-30,0.101940648,3.6000034019256,0.17121404838308002
2022-10-31,0.100524805,3.5500033311335,0.16883607436917297
2022-11-01,0.102223816,3.6100033948952,0.1716896421781336
2022-11-02,0.099108963,3.5000032956561,0.16645810203481232
2022-11-03,0.111851544,3.9500037208968,0.18785985808269734
2022-11-04,0.109586196,3.8700036358812,0.1840551010040832
2022-11-05,0.105621838,3.7300035224186,0.1773967777960548
2022-11-06,0.105905006,3.7400035153882,0.1778723715911084
2022-11-07,0.106471343,3.7600035366421,0.17882356086076193
2022-11-08,0.115815903,4.0900038696741,0.1945181829702721
2022-11-09,0.118647587,4.1900039406289,0.1992741276389934
2022-11-10,0.126576304,4.4700042028688,0.21259077573459653
2022-11-11,0.11808125,4.1700039193750005,0.19832293836933987
2022-11-12,0.120912935,4.2700040256445,0.20307888471760757
2022-11-13,0.138186211,4.8800045856017,0.23209015324317447
2022-11-14,0.137053538,4.8400045784086005,0.23018777638341378
2022-11-15,0.127142641,4.4900042241227,0.21354196500425007
2022-11-16,,,
2022-11-17,,,
2022-11-18,,,
2022-11-19,,,
2022-11-20,,,
2022-11-21,,,
2022-11-22,,,
2022-11-23,,,
2022-11-24,,,
2022-11-25,,,
2022-11-26,,,
2022-11-27,,,
2022-11-28,,,
2022-11-29,,,
2022-11-30,,,
2022-12-01,,,
2022-12-02,,,
2022-12-03,,,
2022-12-04,,,
2022-12-05,,,
2022-12-06,,,
2022-12-07,,,
2022-12-08,,,
2022-12-09,,,
2022-12-10,,,
2022-12-11,,,
2022-12-12,,,
2022-12-13,,,
2022-12-14,,,
2022-12-15,,,
2022-12-16,,,
2022-12-17,,,
2022-12-18,,,
2022-12-19,,,
2022-12-20,,,
2022-12-21,,,
2022-12-22,,,
2022-12-23,,,
2022-12-24,,,
2022-12-25,,,
2022-12-26,,,
2022-12-27,,,
2022-12-28,,,
2022-12-29,,,
2022-12-30,,,
2022-12-31,,,
2023-01-01,,,
2023-01-02,,,
2023-01-03,,,
2023-01-04,,,
2023-01-05,,,
2023-01-06,,,
2023-01-07,,,
2023-01-08,,,
2023-01-09,,,
2023-01-10,,,
2023-01-11,,,
2023-01-12,,,
2023-01-13,,,
2023-01-14,,,
2023-01-15,,,
2023-01-16,,,
2023-01-17,,,
2023-01-18,,,
2023-01-19,,,
2023-01-20,,,
2023-01-21,,,
2023-01-22,,,
2023-01-23,,,
2023-01-24,,,
2023-01-25,,,
2023-01-26,,,
2023-01-27,,,
2023-01-28,,,
2023-01-29,,,
2023-01-30,,,
2023-01-31,,,
2023-02-01,,,
2023-02-02,,,
2023-02-03,,,
2023-02-04,,,
2023-02-05,,,
2023-02-06,,,
2023-02-07,,,
2023-02-08,,,
2023-02-09,,,
2023-02-10,,,
2023-02-11,,,
2023-02-12,,,
2023-02-13,,,
2023-02-14,,,
2023-02-15,,,
2023-02-16,,,
2023-02-17,,,
2023-02-18,,,
2023-02-19,,,
2023-02-20,,,
2023-02-21,,,
2023-02-22,,,
2023-02-23,,,
2023-02-24,,,
2023-02-25,,,
2023-02-26,,,
2023-02-27,,,
2023-02-28,,,
2023-03-01,,,
2023-03-02,,,
2023-03-03,,,
2023-03-04,,,
2023-03-05,,,
2023-03-06,,,
2023-03-07,,,
2023-03-08,,,
2023-03-09,,,
2023-03-10,,,
2023-03-11,,,
2023-03-12,,,
2023-03-13,,,
2023-03-14,,,
2023-03-15,,,
2023-03-16,,,
2023-03-17,,,
2023-03-18,,,
2023-03-19,,,
2023-03-20,,,
2023-03-21,,,
2023-03-22,,,
2023-03-23,,,
2023-03-24,,,
2023-03-25,,,
2023-03-26,,,
2023-03-27,,,
2023-03-28,,,
2023-03-29,,,
2023-03-30,,,
2023-03-31,,,
2023-04-01,0.137053538,4.8400045784086005,0.23018777638341378
2023-04-02,0.146681265,5.180004869095501,0.24635799060843114
2023-04-03,0.154609982,5.4600051313354,0.2596746387040343
2023-04-04,0.163671373,5.7800054360831,0.2748936653389445
2023-04-05,0.157724836,5.5700052658892005,0.26490618052690196
2023-04-06,0.154326814,5.450005138365801,0.2591990449089807
2023-04-07,0.165936721,5.8600055210987,0.27869842241755866
2023-04-08,0.187740693,6.6300062510871,0.3153192051003538
2023-04-09,0.237295174,8.3800078812578,0.3985482552779868
2023-04-10,0.342633844,12.100011410706802,0.5754694392789881
2023-04-11,0.385109114,13.6000128281758,0.6468086261052713
2023-04-12,0.453069545,16.000015060811503,0.7609513233477784
2023-04-13,0.600317148,21.200019986475603,1.0082605049054094
2023-04-14,0.781544966,27.600026010800203,1.3126410342445207
2023-04-15,0.74756475,26.400024876825,1.255569684783494
2023-04-16,0.744733065,26.300024770555503,1.2508137384352265
2023-04-17,0.872158875,30.8000290229625,1.4648312989140764
2023-04-18,0.928792568,32.800030901149604,1.5599502141226056
2023-04-19,0.942950992,33.3000313971824,1.5837299441843975
2023-04-20,0.824020236,29.1000274282692,1.383980221070804
2023-04-21,0.62013894,21.900020624418,1.0415521243046442
2023-04-22,0.509703239,18.0000169743133,0.8560702402358539
2023-04-23,0.492713131,17.4000164073257,0.8275345655053405
2023-04-24,0.529525031,18.700017612255703,0.8893618596350885
2023-04-25,0.563505247,19.900018746230902,0.9464332090961152
2023-04-26,0.588990409,20.8000195967123,0.9892367211918851
2023-04-27,0.750396435,26.5000249830945,1.2603256311317619
2023-04-28,0.940119307,33.200031290912904,1.5789739978361297
2023-04-29,1.260099673,44.500041922093104,2.1163958696880694
2023-04-30,1.800951443,63.6000599241121,3.0247815130366815
2023-05-01,2.32764479,82.200077465413,3.909387428003049
2023-05-02,2.520199347,89.0000838795009,4.232791741055685
2023-05-03,2.746734119,97.0000913922493,4.613267401889801
2023-05-04,2.973268892,105.00009894031241,4.993743064403463
2023-05-05,2.732575696,96.5000909315312,4.589487673507556
2023-05-06,2.174733818,76.8000723625246,3.652566355428429
2023-05-07,2.002001054,70.70006662169381,3.3624536634545743
2023-05-08,2.041644639,72.1000679328933,3.42903690393259
2023-05-09,2.707090534,95.60009008104981,4.546684161411785
2023-05-10,3.171486818,112.00010553162461,5.3266592684730885
2023-05-11,2.860001506,101.00009518393821,4.803505233986406
2023-05-12,2.817526236,99.5000937664692,4.7321660471601215
2023-05-13,3.228120511,114.00010740981172,5.421778183681618
2023-05-14,3.482972131,123.00011591462571,5.849813304639317
2023-05-15,4.530695455,160.00015078468851,7.609513241875516
2023-05-16,5.861587245,207.00019508100152,9.844807756833905
2023-05-17,6.767726335,239.0002252026245,11.366710403529462
2023-05-18,7.192479034,254.00023934199982,12.080102270112748
2023-05-19,6.880993722,243.00022899431343,11.556948235626068
2023-05-20,6.767726335,239.0002252026245,11.366710403529462
2023-05-21,6.796043182,240.00022615937542,11.414269861973501
2023-05-22,6.541191563,231.0002176898761,10.986234742695347
2023-05-23,6.512874716,230.0002167331252,10.938675284251309
2023-05-24,6.22970625,220.00020730687498,10.463080706529118
2023-05-25,6.39960733,226.00021297675102,10.748437453834251
2023-05-26,6.937627415,245.0002308725005,11.652067150834597
2023-05-27,7.419013807,262.0002468900629,12.460577932626412
2023-05-28,7.503964347,265.0002497250009,12.60325630627898
2023-05-29,7.277429574,257.00024217693783,12.222780643765319
2023-05-30,7.532281193,266.0002506464371,12.65081576304347
2023-05-31,7.305746421,258.00024313368874,12.270340102209355
2023-06-01,6.880993722,243.00022899431343,11.556948235626068
2023-06-02,6.031488324,213.0002007155628,10.130164502459493
2023-06-03,5.408517699,191.0001799848753,9.08385643180658
2023-06-04,5.720003012,202.00019036787643,9.607010467972811
2023-06-05,6.427924176,227.0002138981872,10.795996910598744
2023-06-06,6.994261108,247.00023275068762,11.747186066043124
2023-06-07,7.164162188,253.0002384205636,12.03254281334826
2023-06-08,7.447330654,263.0002478468138,12.50813739107045
2023-06-09,6.852676875,242.00022803756252,11.50938877718203
2023-06-10,6.173072557,218.00020542868793,10.367961791320589
2023-06-11,5.974854631,211.00019883737573,10.035045587250965
2023-06-12,5.918220938,209.00019695918863,9.939926672042436
2023-06-13,5.663369318,200.0001884543746,9.511891551084735
2023-06-14,5.295250313,187.00017622850112,8.893618601389523
2023-06-15,5.691686165,201.00018941112552,9.559451009528773
2023-06-16,5.889904091,208.00019600243772,9.892367213598398
2023-06-17,5.635052472,199.0001875329384,9.464332094320243
2023-06-18,4.983765,176.00016584550002,8.370464565223294
2023-06-19,5.210299773,184.0001733935631,8.750940227736956
2023-06-20,5.521785085,195.00018374124951,9.27409426222364
2023-06-21,5.606735625,198.0001865761875,9.416772635876207
2023-06-22,5.436834546,192.0001809416262,9.131415890250619
2023-06-23,5.125349233,181.0001705586251,8.60826185408439
2023-06-24,4.643962841,164.0001545410627,7.799751072292573
2023-06-25,4.190893296,148.0001394802512,7.038799748944794
2023-06-26,3.992675369,141.0001328536243,6.7058835431956245
2023-06-27,4.020992216,142.0001338103752,6.753443001639662
2023-06-28,3.82277429,135.00012721906302,6.420526797570037
2023-06-29,3.426338438,121.00011403643862,5.754694389430789
2023-06-30,3.001585739,106.0000998970633,5.0413025228475
2023-07-01,2.681605372,94.70008923056841,4.503880649316015
2023-07-02,2.472060707,87.3000822494929,4.151940661532866
2023-07-03,2.307822997,81.50007679215591,3.876095806924268
2023-07-04,2.166238764,76.5000720790308,3.6382985180631726
2023-07-05,2.013327793,71.10006701145711,3.3814774471680993
2023-07-06,1.826436605,64.5000607745935,3.067585025132452
2023-07-07,1.656535526,58.50005514003221,2.782228279506865
2023-07-08,1.512119608,53.4000503206376,2.539675044297501
2023-07-09,1.36770369,48.300045501243,2.297121809088138
2023-07-10,1.248772935,44.1000415676445,2.0973720876540916
2023-07-11,1.132673864,40.0000377050008,1.9023783108887655
2023-07-12,1.03922827,36.700034586569004,1.745432099870942
2023-07-13,0.957109415,33.8000318579005,1.6075096725666431
2023-07-14,0.880653929,31.1000293064563,1.479099136279333
2023-07-15,0.807030128,28.5000268612816,1.3554445463402909
2023-07-16,0.716416219,25.3000238491193,1.203254281670735
2023-07-17,0.671109264,23.700022325380804,1.1271591484961843
2023-07-18,0.617307256,21.800020553463202,1.0367961796359229
2023-07-19,0.569168616,20.100018923455202,0.9559451001131041
2023-07-20,0.523861662,18.5000174350314,0.8798499686180993
2023-07-21,0.489881446,17.3000163010562,0.8227786191570727
2023-07-22,0.45590123,16.100015167081,0.7657072696960461
2023-07-23,0.441742807,15.600014706362902,0.7419275413138005
2023-07-24,0.382277429,13.5000127219063,0.6420526797570038
2023-07-25,0.351128898,12.400011694200602,0.5897372766442448
2023-07-26,0.336970474,11.900011198167801,0.5659575465824527
2023-07-27,0.32847542,11.600010914674002,0.5516897092171961
2023-07-28,0.317148682,11.200010560225401,0.532665927183218
2023-07-29,0.300158574,10.600009993237801,0.5041302524527047
2023-07-30,0.339802159,12.000011304437301,0.5707134929307204
2023-07-31,0.300158574,10.600009993237801,0.5041302524527047
2023-08-01,0.311485313,11.0000103830011,0.523154036166229
2023-08-02,0.288831835,10.2000096034745,0.48510646873918034
2023-08-03,0.314316997,11.1000104539559,0.5279099808349503
2023-08-04,0.256833799,9.070008561545299,0.4313642825617142
2023-08-05,0.242675375,8.5700080655125,0.4075845524999222
2023-08-06,0.220871403,7.8000073355241,0.37096376981712703
2023-08-07,0.210111002,7.4200070023294,0.3528911770528026
2023-08-08,0.197651589,6.9800065700583,0.33196501479997115
2023-08-09,0.190289209,6.7200063290723,0.3195995559740215
2023-08-10,0.184342671,6.510006123563701,0.30961206948243264
2023-08-11,0.183209997,6.470006081055901,0.30770969094312556
2023-08-12,0.189722872,6.7000063078184,0.318648366704368
2023-08-13,0.183209997,6.470006081055901,0.30770969094312556
2023-08-14,0.162821868,5.7500054218596,0.2734668822742374
2023-08-15,0.159140678,5.620005301366601,0.2672841528612626
2023-08-16,0.14583176,5.150004854872001,0.24493120754372405
2023-08-17,0.144982255,5.120004840648501,0.24350442447901693
2023-08-18,0.143283244,5.0600047768868,0.2406508566700563
2023-08-19,0.141017896,4.9800046918712,0.23684609959144218
2023-08-20,0.12742581,4.500004252407,0.21401756047885004
2023-08-21,0.11808125,4.1700039193750005,0.19832293836933987
2023-08-22,0.123461451,4.3600041036297,0.20735923559127528
2023-08-23,0.120629766,4.2600039973602,0.2026032892430076
2023-08-24,0.117798082,4.1600039264054,0.19784734457428632
2023-08-25,0.137053538,4.8400045784086005,0.23018777638341378
2023-08-26,0.143000075,5.0500047486025,0.24017526119545635
2023-08-27,0.152910972,5.4000051028884,0.25682107257462006
2023-08-28,0.222287246,7.8500074063162,0.3733417438310341
2023-08-29,0.16055652,5.670005336844,0.26966212519562327
2023-08-30,0.120912935,4.2700040256445,0.20307888471760757
2023-08-31,0.120912935,4.2700040256445,0.20307888471760757
2023-09-01,0.112984218,3.9900037634046,0.18976223662200442
2023-09-02,0.105905006,3.7400035153882,0.1778723715911084
2023-09-03,0.118930756,4.2000039689132,0.19974972311359337
2023-09-04,0.112984218,3.9900037634046,0.18976223662200442
2023-09-05,0.103073322,3.6400034444334,0.1731164269223871
2023-09-06,0.095710941,3.3800031681327,0.1607509664168911
2023-09-07,0.09231292,3.2600030759240006,0.1550438324785163
2023-09-08,0.080703013,2.8500026931911004,0.13554445496993836
2023-09-09,0.084667371,2.9900028066537003,0.14220277817796673
2023-09-10,0.090047572,3.1800029909084,0.15123907539990214
2023-09-11,0.12176244,4.300004039868,0.20450566778231466
2023-09-12,0.10703768,3.7800035578960003,0.17977475013041547
2023-09-13,0.133089179,4.7000044296313,0.22352945149583903
2023-09-14,0.139318885,4.9200046281095,0.23399253178248156
2023-09-15,0.189156535,6.6800062865645,0.31769717743471443
2023-09-16,0.173865438,6.140005783338601,0.2920150705131618
2023-09-17,0.127142641,4.4900042241227,0.21354196500425007
2023-09-18,0.149796118,5.290004968334601,0.2515895307517524
2023-09-19,0.166219889,5.870005514068301,0.27917401621261223
2023-09-20,0.140451559,4.9600046706173,0.2358949103217886
2023-09-21,0.130540663,4.610004351646101,0.2192491006221713
2023-09-22,0.123461451,4.3600041036297,0.20735923559127528
2023-09-23,0.119213924,4.2100039618828005,0.20022531690864695
2023-09-24,0.124594125,4.4000041461375,0.20926161413058236
2023-09-25,0.116099071,4.1000038626437005,0.1949937767653257
2023-09-26,0.118647587,4.1900039406289,0.1992741276389934
2023-09-27,0.120346598,4.2500040043906,0.202127695447954
2023-09-28,0.118930756,4.2000039689132,0.19974972311359337
2023-09-29,0.117231745,4.1400039051515005,0.19689615530463275
2023-09-30,0.118647587,4.1900039406289,0.1992741276389934
2023-10-01,0.122328777,4.3200040611219,0.20545685705196817
2023-10-02,0.164804047,5.8200054785909,0.2767960438782516
2023-10-03,0.187457524,6.6200062228028,0.3148436096257538
2023-10-04,0.158008004,5.580005258858801,0.26538177432195553
2023-10-05,0.148380276,5.2400049328572,0.24921155841739176
2023-10-06,0.143849581,5.080004798140701,0.24160204593970985
2023-10-07,0.140734728,4.9700046989016,0.23637050579638857
2023-10-08,0.140734728,4.9700046989016,0.23637050579638857
2023-10-09,0.14215057,5.020004734379,0.23874847813074923
2023-10-10,0.148097108,5.230004939887601,0.24873596462233818
2023-10-11,0.175564449,6.200005847100301,0.2948686383221224
2023-10-12,0.231065468,8.1600076827796,0.38808517499134426
2023-10-13,0.21039417,7.430006995299,0.3533667708478561
2023-10-14,0.200766442,7.0900066692974,0.33719655494329237
2023-10-15,0.198501095,7.0100066195965,0.33339179954422465
2023-10-16,0.213509023,7.5400070945381,0.35859831099117745
2023-10-17,0.218889224,7.7300072787928,0.36763460821311283
2023-10-18,0.212659518,7.5100070803146,0.35717152792647033
2023-10-19,0.197651589,6.9800065700583,0.33196501479997115
2023-10-20,0.183493166,6.4800061093402,0.3081852864177255
2023-10-21,0.17358227,6.130005790369001,0.2915394767181082
2023-10-22,0.169051574,5.9700056203378,0.28392996256087993
2023-10-23,0.168768406,5.960005627368201,0.2834543687658263
2023-10-24,0.163954542,5.7900054643674,0.27536926081354446
2023-10-25,0.160273352,5.660005343874401,0.26918653140056964
2023-10-26,0.157441667,5.5600052376049005,0.264430585052302
2023-10-27,0.165087216,5.8300055068752,0.27727163935285154
2023-10-28,0.259665483,9.1700086325001,0.43612022723043553
2023-10-29,0.294495205,10.4000098160135,0.4946183614357157
2023-10-30,0.21775655,7.690007236285,0.3657322296738057
2023-10-31,0.247489239,8.7400082285133,0.4156696604522041
2023-11-01,0.245223891,8.6600081434977,0.41186490337358994
2023-11-02,0.250604092,8.8500083277524,0.4209012005955253
2023-11-03,0.222287246,7.8500074063162,0.3733417438310341
2023-11-04,0.17726346,6.2600059108620005,0.29772220613108297
2023-11-05,0.163954542,5.7900054643674,0.27536926081354446
2023-11-06,0.166219889,5.870005514068301,0.27917401621261223
2023-11-07,0.165370384,5.840005499844801,0.2777472331479051
2023-11-08,0.161689194,5.7100053793518,0.2715645037349303
2023-11-09,0.140451559,4.9600046706173,0.2358949103217886
2023-11-10,0.150079287,5.300004996618901,0.25206512622635235
2023-11-11,0.160273352,5.660005343874401,0.26918653140056964
2023-11-12,0.163671373,5.7800054360831,0.2748936653389445
2023-11-13,0.15687533,5.540005216351001,0.2634793957826484
2023-11-14,0.150079287,5.300004996618901,0.25206512622635235
2023-11-15,0.158574341,5.6000052801127005,0.266332963591609
2023-11-16,,,
2023-11-17,,,
2023-11-18,,,
2023-11-19,,,
2023-11-20,,,
2023-11-21,,,
2023-11-22,,,
2023-11-23,,,
2023-11-24,,,
2023-11-25,,,
2023-11-26,,,
2023-11-27,,,
2023-11-28,,,
2023-11-29,,,
2023-11-30,,,
2023-12-01,,,
2023-12-02,,,
2023-12-03,,,
2023-12-04,,,
2023-12-05,,,
2023-12-06,,,
2023-12-07,,,
2023-12-08,,,
2023-12-09,,,
2023-12-10,,,
2023-12-11,,,
2023-12-12,,,
2023-12-13,,,
2023-12-14,,,
2023-12-15,,,
2023-12-16,,,
2023-12-17,,,
2023-12-18,,,
2023-12-19,,,
2023-12-20,,,
2023-12-21,,,
2023-12-22,,,
2023-12-23,,,
2023-12-24,,,
2023-12-25,,,
2023-12-26,,,
2023-12-27,,,
2023-12-28,,,
2023-12-29,,,
2023-12-30,,,
2023-12-31,,,
2024-01-01,,,
2024-01-02,,,
2024-01-03,,,
2024-01-04,,,
2024-01-05,,,
2024-01-06,,,
2024-01-07,,,
2024-01-08,,,
2024-01-09,,,
2024-01-10,,,
2024-01-11,,,
2024-01-12,,,
2024-01-13,,,
2024-01-14,,,
2024-01-15,,,
2024-01-16,,,
2024-01-17,,,
2024-01-18,,,
2024-01-19,,,
2024-01-20,,,
2024-01-21,,,
2024-01-22,,,
2024-01-23,,,
2024-01-24,,,
2024-01-25,,,
2024-01-26,,,
2024-01-27,,,
2024-01-28,,,
2024-01-29,,,
2024-01-30,,,
2024-01-31,,,
2024-02-01,,,
2024-02-02,,,
2024-02-03,,,
2024-02-04,,,
2024-02-05,,,
2024-02-06,,,
2024-02-07,,,
2024-02-08,,,
2024-02-09,,,
2024-02-10,,,
2024-02-11,,,
2024-02-12,,,
2024-02-13,,,
2024-02-14,,,
2024-02-15,,,
2024-02-16,,,
2024-02-17,,,
2024-02-18,,,
2024-02-19,,,
2024-02-20,,,
2024-02-21,,,
2024-02-22,,,
2024-02-23,,,
2024-02-24,,,
2024-02-25,,,
2024-02-26,,,
2024-02-27,,,
2024-02-28,,,
2024-02-29,,,
2024-03-01,,,
2024-03-02,,,
2024-03-03,,,
2024-03-04,,,
2024-03-05,,,
2024-03-06,,,
2024-03-07,,,
2024-03-08,,,
2024-03-09,,,
2024-03-10,,,
2024-03-11,,,
2024-03-12,,,
2024-03-13,,,
2024-03-14,,,
2024-03-15,,,
2024-03-16,,,
2024-03-17,,,
2024-03-18,,,
2024-03-19,,,
2024-03-20,,,
2024-03-21,,,
2024-03-22,,,
2024-03-23,,,
2024-03-24,,,
2024-03-25,,,
2024-03-26,,,
2024-03-27,,,
2024-03-28,,,
2024-03-29,,,
2024-03-30,,,
2024-03-31,,,
2024-04-01,0.130540663,4.610004351646101,0.2192491006221713
2024-04-02,0.142433738,5.030004727348601,0.23922407192580283
2024-04-03,0.195952578,6.9200065062966,0.3291114469910105
2024-04-04,0.302990259,10.7000100995073,0.5088861988009724
2024-04-05,0.436079438,15.4000145291386,0.7324156502968114
2024-04-06,0.430416068,15.200014316599601,0.7229037576002761
2024-04-07,0.362455636,12.8000120486492,0.6087610586782227
2024-04-08,0.288831835,10.2000096034745,0.48510646873918034
2024-04-09,0.270992222,9.5700090222634,0.4551440109439599
2024-04-10,0.336970474,11.900011198167801,0.5659575465824527
2024-04-11,0.458732915,16.200015273350502,0.7704632160443138
2024-04-12,0.622970625,22.000020730687503,1.0463080706529118
2024-04-13,0.91746583,32.400030546701004,1.5409264320886276
2024-04-14,1.223287773,43.200040717163105,2.054568575558321
2024-04-15,1.220456088,43.1000406108936,2.0498126292100536
2024-04-16,0.872158875,30.8000290229625,1.4648312989140764
2024-04-17,0.764554858,27.0000254438126,1.2841053595140075
2024-04-18,0.798535074,28.200026577787803,1.3411767089750342
2024-04-19,0.87499056,30.900029129232,1.4695872452623442
2024-04-20,0.979762892,34.6000326021124,1.6455572383141455
2024-04-21,1.144000602,40.4000380594494,1.9214020929227433
2024-04-22,1.597070148,56.400053155575606,2.6823534179500683
2024-04-23,2.067129801,73.0000687833747,3.47184041602836
2024-04-24,2.503209239,88.4000833125133,4.204256066325171
2024-04-25,2.743902435,96.9000913212945,4.608511457221079
2024-04-26,2.231367511,78.80007424071171,3.7476852706369583
2024-04-27,1.769802912,62.50005889640641,2.972466109923923
2024-04-28,1.430000753,50.50004759196911,2.401752616993203
2024-04-29,1.240277881,43.8000412841507,2.083104250288834
2024-04-30,1.291248205,45.600042985113504,2.1687112744803745
2024-05-01,1.492297815,52.7000496473805,2.5063834232187205
2024-05-02,1.548931509,54.7000515608823,2.601502340106796
2024-05-03,1.645208787,58.1000547502689,2.7632044957933406
2024-05-04,1.843426713,65.1000613415811,3.0961206998629653
2024-05-05,1.996337685,70.50006644446951,3.3529417724375854
2024-05-06,1.953862415,69.0000650270005,3.281602585611302
2024-05-07,1.650872156,58.3000549274932,2.7727163868103295
2024-05-08,1.404515591,49.6000467414877,2.3589491048974325
2024-05-09,1.194970926,42.2000397604122,2.0070091171142836
2024-05-10,1.098693648,38.8000365710256,1.8453069614277389
2024-05-11,1.042059955,36.8000346928385,1.7501880462192099
2024-05-12,1.090198594,38.500036287531806,1.8310391240624824
2024-05-13,1.197802611,42.3000398666817,2.0117650634625512
2024-05-14,1.585743409,56.000052765812306,2.6633296342365442
2024-05-15,2.118100125,74.8000704843375,3.5574474402199
2024-05-16,2.610813256,92.2000868916632,4.384982005725241
2024-05-17,3.398021591,120.00011307968771,5.707134930986751
2024-05-18,3.964358523,140.0001319321881,6.658324086431133
2024-05-19,4.389111222,155.00014607156342,7.371715953014421
2024-05-20,4.728913381,167.00015737600071,7.94242944594514
2024-05-21,4.304160682,152.0001432366254,7.229037579361853
2024-05-22,3.369704744,119.0001121229368,5.659575472542712
2024-05-23,3.029902585,107.0001008184995,5.088861979611992
2024-05-24,2.944952046,104.0000980188762,4.946183607638972
2024-05-25,3.001585739,106.0000998970633,5.0413025228475
2024-05-26,3.086536279,109.00010273200131,5.183980896500068
2024-05-27,3.624556364,128.00012062775082,6.087610593500413
2024-05-28,4.587329148,162.00015266287562,7.704632157084045
2024-05-29,5.323567159,188.00017714993731,8.941178058154016
2024-05-30,6.088122017,215.00020259374992,10.225283417668022
2024-05-31,6.597825256,233.00021956806322,11.081353657903875
2024-06-01,6.682775796,236.0002224030012,11.224032031556442
2024-06-02,7.107528495,251.00023654237654,11.93742389813973
2024-06-03,7.050894801,249.00023462887472,11.842304981251656
2024-06-04,7.73049912,273.000257273064,12.983731968792643
2024-06-05,8.240202358,291.0002742120626,13.83980220734895
2024-06-06,8.72158875,308.000290229625,14.648312989140765
2024-06-07,8.693271904,307.0002893081888,14.600753532376274
2024-06-08,8.410103438,297.00027988193864,14.125158954654083
2024-06-09,7.56059804,267.000251603188,12.698375221487508
2024-06-10,6.654458949,235.00022144625032,11.176472573112406
2024-06-11,6.14475571,217.00020447193702,10.32040233287655
2024-06-12,5.691686165,201.00018941112552,9.559451009528773
2024-06-13,5.23861662,185.000174350314,8.798499686180994
2024-06-14,4.757230227,168.0001582974369,7.989988902709632
2024-06-15,3.992675369,141.0001328536243,6.7058835431956245
2024-06-16,3.482972131,123.00011591462571,5.849813304639317
2024-06-17,3.171486818,112.00010553162461,5.3266592684730885
2024-06-18,2.817526236,99.5000937664692,4.7321660471601215
2024-06-19,2.460733969,86.90008189504431,4.132916879498889
2024-06-20,2.593823148,91.6000863246756,4.356446330994727
2024-06-21,2.746734119,97.0000913922493,4.613267401889801
2024-06-22,2.32764479,82.200077465413,3.909387428003049
2024-06-23,1.987842631,70.2000661609757,3.3386739350723285
2024-06-24,1.764139543,62.300058719182104,2.962954218906934
2024-06-25,1.602733517,56.60005333279991,2.6918653089670577
2024-06-26,1.509287923,53.300050214368106,2.534919097949234
2024-06-27,1.543268139,54.500051348343305,2.5919904474102604
2024-06-28,1.540436455,54.400051277388506,2.587234502741539
2024-06-29,1.384693798,48.9000460682306,2.3256574838186514
2024-06-30,1.396020537,49.30004645799391,2.344681267532176
2024-07-01,1.424337384,50.3000474147448,2.3922407259762135
2024-07-02,1.962357469,69.3000653104943,3.295870422976559
2024-07-03,1.404515591,49.6000467414877,2.3589491048974325
2024-07-04,1.206297665,42.6000401501755,2.0260329008278077
2024-07-05,1.07604017,38.000035791499,1.80725939400069
2024-07-06,0.95427773,33.700031751631,1.6027537262183758
2024-07-07,0.872158875,30.8000290229625,1.4648312989140764
2024-07-08,0.784376651,27.7000261170697,1.3173969805927885
2024-07-09,0.699426111,24.7000232821317,1.1747186069402218
2024-07-10,0.654119156,23.100021758393204,1.0986234737656708
2024-07-11,0.597485463,21.1000198802061,1.0035045585571418
2024-07-12,0.538020085,19.0000178957495,0.903629697000345
2024-07-13,0.495544815,17.500016478280504,0.8322905101740617
2024-07-14,0.467227969,16.500015556844303,0.7847310534095705
2024-07-15,0.487049761,17.200016194786702,0.818022672808805
2024-07-16,0.472891338,16.7000157340686,0.7942429444265593
2024-07-17,0.410594276,14.5000136786572,0.6896121382010415
2024-07-18,0.393604168,13.9000131116696,0.6610764634705281
2024-07-19,0.37661406,13.300012544682,0.6325407887400147
2024-07-20,0.353960582,12.500011765155401,0.594493221312966
2024-07-21,0.32847542,11.600010914674002,0.5516897092171961
2024-07-22,0.305821943,10.8000101704621,0.5136421434696937
2024-07-23,0.288831835,10.2000096034745,0.48510646873918034
2024-07-24,0.276089254,9.750009178233801,0.4637047126912954
2024-07-25,0.259099146,9.1500086112462,0.43516903796078205
2024-07-26,0.240126859,8.4800079875273,0.4033042016262545
2024-07-27,0.23446349,8.280007810303001,0.3937923106092655
2024-07-28,0.222570414,7.8600073992858,0.37381733762608765
2024-07-29,0.201615948,7.1200067188356,0.3386233396875459
2024-07-30,0.184059503,6.500006130594101,0.30913647568737906
2024-07-31,0.177829797,6.280005932115901,0.29867339540073656
2024-08-01,0.169334743,5.9800056486221,0.2844055580354799
2024-08-02,0.155176319,5.4800051525893005,0.26062582797368783
2024-08-03,0.161122857,5.690005358097901,0.27061331446527676
2024-08-04,0.163388205,5.770005443113501,0.2744180715438909
2024-08-05,0.180095144,6.3600059818168,0.3024781507998043
2024-08-06,0.24182587,8.540008051289,0.40615776943521514
2024-08-07,0.240976364,8.510008001750801,0.4047309846909616
2024-08-08,0.199916937,7.0600066550739,0.33576977187858525
2024-08-09,0.181794155,6.420006045578501,0.3053317186087649
2024-08-10,0.185192177,6.540006173101901,0.31103885422668615
2024-08-11,0.219172393,7.7400073070771,0.36811020368771274
2024-08-12,0.179528807,6.340005960562901,0.30152696153015074
2024-08-13,0.218322887,7.7100072575389005,0.3666834189434593
2024-08-14,0.283168466,10.0000094262502,0.4755945777221914
2024-08-15,0.191138714,6.7500063432958,0.3210263390387287
2024-08-16,0.163105036,5.760005414829201,0.27394247606929095
2024-08-17,0.166786226,5.8900055353222,0.2801252054822657
2024-08-18,0.192837725,6.8100064070575,0.32387990684768925
2024-08-19,0.186891188,6.600006236863601,0.31389242203564677
2024-08-20,0.154609982,5.4600051313354,0.2596746387040343
2024-08-21,0.197934758,6.9900065983426,0.33244061027457106
2024-08-22,0.279204107,9.8600092774729,0.4689362528346166
2024-08-23,0.272691233,9.6300090860251,0.4579975787529205
2024-08-24,0.288831835,10.2000096034745,0.48510646873918034
2024-08-25,0.232764479,8.2200077465413,0.3909387428003049
2024-08-26,0.252303103,8.910008391514099,0.42375476840448595
2024-08-27,0.196235747,6.9300065345809,0.3295870424656105
2024-08-28,0.163388205,5.770005443113501,0.2744180715438909
2024-08-29,0.143283244,5.0600047768868,0.2406508566700563
2024-08-30,0.136487201,4.8200045571547,0.22923658711376027
2024-08-31,0.124310957,4.3900041531679,0.20878602033552882
2024-09-01,0.124877293,4.4100041391071,0.2097372079256359
2024-09-02,0.113833723,4.020003777628101,0.1911890196867115
2024-09-03,0.12544363,4.430004160361,0.21068839719528945
2024-09-04,0.114683229,4.0500038271663,0.19261580443096504
2024-09-05,0.126293136,4.4600042098992,0.21211518193954298
2024-09-06,0.12742581,4.500004252407,0.21401756047885004
2024-09-07,0.114116892,4.0300038059124,0.19166461516131147
2024-09-08,0.107604017,3.8000035791499003,0.18072593940006904
2024-09-09,0.110435702,3.9000036854194002,0.18548188574833668
2024-09-10,0.14215057,5.020004734379,0.23874847813074923
2024-09-11,0.197085252,6.9600065488044,0.3310138255303176
2024-09-12,0.143283244,5.0600047768868,0.2406508566700563
2024-09-13,0.122328777,4.3200040611219,0.20545685705196817
2024-09-14,0.11440006,4.040003798882,0.19214020895636508
2024-09-15,0.131390168,4.640004365869601,0.2206758836868784
2024-09-16,0.15687533,5.540005216351001,0.2634793957826484
2024-09-17,0.200766442,7.0900066692974,0.33719655494329237
2024-09-18,0.187740693,6.6300062510871,0.3153192051003538
2024-09-19,0.155459488,5.490005180873601,0.2611014234482878
2024-09-20,0.139602054,4.9300046563938,0.23446812725708152
2024-09-21,0.247206071,8.7300082355437,0.41519406665715053
2024-09-22,0.331307105,11.700011020943501,0.5564456555654637
2024-09-23,0.26023182,9.190008653754001,0.43707141650008907
2024-09-24,0.206146643,7.2800068535521,0.3462328521652278
2024-09-25,0.182643661,6.4500060951167,0.3067585033530184
2024-09-26,0.16990108,6.000005669876001,0.2853567473051334
2024-09-27,0.163954542,5.7900054643674,0.27536926081354446
2024-09-28,0.16055652,5.670005336844,0.26966212519562327
2024-09-29,0.152910972,5.4000051028884,0.25682107257462006
2024-09-30,0.14951295,5.280004975365,0.25111393695669887
2024-10-01,0.143283244,5.0600047768868,0.2406508566700563
2024-10-02,0.144132749,5.0900047911103,0.24207763973476343
2024-10-03,0.141867401,5.0100047060947,0.23827288265614927
2024-10-04,0.140451559,4.9600046706173,0.2358949103217886
2024-10-05,0.130540663,4.610004351646101,0.2192491006221713
2024-10-06,0.12006343,4.240004011421,0.20165210165290046
2024-10-07,0.120629766,4.2600039973602,0.2026032892430076
2024-10-08,0.118647587,4.1900039406289,0.1992741276389934
2024-10-09,0.122611946,4.3300040894062,0.2059324525265682
2024-10-10,0.12006343,4.240004011421,0.20165210165290046
2024-10-11,0.116665408,4.1200038838976,0.1959449660349792
2024-10-12,0.11808125,4.1700039193750005,0.19832293836933987
2024-10-13,0.116099071,4.1000038626437005,0.1949937767653257
2024-10-14,0.111851544,3.9500037208968,0.18785985808269734
2024-10-15,0.113267386,4.0000037563742,0.190237830417058
2024-10-16,0.111002039,3.9200037066733002,0.18643307501799025
2024-10-17,0.133938684,4.7300044438548,0.22495623456054614
2024-10-18,0.13846938,4.890004613886,0.23256574871777444
2024-10-19,0.140451559,4.9600046706173,0.2358949103217886
2024-10-20,0.134221853,4.7400044721391,0.2254318300351461
2024-10-21,0.17160009,6.060005698323001,0.2882103134345476
2024-10-22,0.160273352,5.660005343874401,0.26918653140056964
2024-10-23,0.163388205,5.770005443113501,0.2744180715438909
2024-10-24,0.15319414,5.410005095858001,0.25729666636967363
2024-10-25,0.140168391,4.9500046776477005,0.23541931652673506
2024-10-26,0.134505021,4.750004465108701,0.22590742383019968
2024-10-27,0.134221853,4.7400044721391,0.2254318300351461
2024-10-28,0.135637695,4.7900045076165005,0.22780980236950674
2024-10-29,0.199916937,7.0600066550739,0.33576977187858525
2024-10-30,0.163954542,5.7900054643674,0.27536926081354446
2024-10-31,0.150928792,5.330005010842401,0.25349190929105947
2024-11-01,0.138186211,4.8800045856017,0.23209015324317447
2024-11-02,0.140168391,4.9500046776477005,0.23541931652673506
2024-11-03,0.147530771,5.2100049186337,0.24778477535268467
2024-11-04,0.149229782,5.270004982395401,0.2506383431616453
2024-11-05,0.144415918,5.1000048193946,0.2425532352093634
2024-11-06,0.141584233,5.0000047131251,0.2377972888610957
2024-11-07,0.13478819,4.760004493393001,0.22638301930479965
2024-11-08,0.147813939,5.220004911603301,0.24826036914773822
2024-11-09,0.141867401,5.0100047060947,0.23827288265614927
2024-11-10,0.127142641,4.4900042241227,0.21354196500425007
2024-11-11,0.126576304,4.4700042028688,0.21259077573459653
2024-11-12,0.12912482,4.560004280854001,0.21687112660826427
2024-11-13,0.134505021,4.750004465108701,0.22590742383019968
2024-11-14,0.136204032,4.8100045288704,0.2287609916391603
2024-11-15,0.135637695,4.7900045076165005,0.22780980236950674
2024-11-16,,,
2024-11-17,,,
2024-11-18,,,
2024-11-19,,,
2024-11-20,,,
2024-11-21,,,
2024-11-22,,,
2024-11-23,,,
2024-11-24,,,
2024-11-25,,,
2024-11-26,,,
2024-11-27,,,
2024-11-28,,,
2024-11-29,,,
2024-11-30,,,
2024-12-01,,,
2024-12-02,,,
2024-12-03,,,
2024-12-04,,,
2024-12-05,,,
2024-12-06,,,
2024-12-07,,,
2024-12-08,,,
2024-12-09,,,
2024-12-10,,,
2024-12-11,,,
2024-12-12,,,
2024-12-13,,,
2024-12-14,,,
2024-12-15,,,
2024-12-16,,,
2024-12-17,,,
2024-12-18,,,
2024-12-19,,,
2024-12-20,,,
2024-12-21,,,
2024-12-22,,,
2024-12-23,,,
2024-12-24,,,
2024-12-25,,,
2024-12-26,,,
2024-12-27,,,
2024-12-28,,,
2024-12-29,,,
2024-12-30,,,
2024-12-31,,,
2025-01-01,,,
2025-01-02,,,
2025-01-03,,,
2025-01-04,,,
2025-01-05,,,
2025-01-06,,,
2025-01-07,,,
2025-01-08,,,
2025-01-09,,,
2025-01-10,,,
2025-01-11,,,
2025-01-12,,,
2025-01-13,,,
2025-01-14,,,
2025-01-15,,,
2025-01-16,,,
2025-01-17,,,
2025-01-18,,,
2025-01-19,,,
2025-01-20,,,
2025-01-21,,,
2025-01-22,,,
2025-01-23,,,
2025-01-24,,,
2025-01-25,,,
2025-01-26,,,
2025-01-27,,,
2025-01-28,,,
2025-01-29,,,
2025-01-30,,,
2025-01-31,,,
2025-02-01,,,
2025-02-02,,,
2025-02-03,,,
2025-02-04,,,
2025-02-05,,,
2025-02-06,,,
2025-02-07,,,
2025-02-08,,,
2025-02-09,,,
2025-02-10,,,
2025-02-11,,,
2025-02-12,,,
2025-02-13,,,
2025-02-14,,,
2025-02-15,,,
2025-02-16,,,
2025-02-17,,,
2025-02-18,,,
2025-02-19,,,
2025-02-20,,,
2025-02-21,,,
2025-02-22,,,
2025-02-23,,,
2025-02-24,,,
2025-02-25,,,
2025-02-26,,,
2025-02-27,,,
2025-02-28,,,
2025-03-01,,,
2025-03-02,,,
2025-03-03,,,
2025-03-04,,,
2025-03-05,,,
2025-03-06,,,
2025-03-07,,,
2025-03-08,,,
2025-03-09,,,
2025-03-10,,,
2025-03-11,,,
2025-03-12,,,
2025-03-13,,,
2025-03-14,,,
2025-03-15,,,
2025-03-16,,,
2025-03-17,,,
2025-03-18,,,
2025-03-19,,,
2025-03-20,,,
2025-03-21,,,
2025-03-22,,,
2025-03-23,,,
2025-03-24,,,
2025-03-25,,,
2025-03-26,,,
2025-03-27,,,
2025-03-28,,,
2025-03-29,,,
2025-03-30,,,
2025-03-31,,,
2025-04-01,0.362455636,12.8000120486492,0.6087610586782227
2025-04-02,0.314316997,11.1000104539559,0.5279099808349503
2025-04-03,0.302990259,10.7000100995073,0.5088861988009724
2025-04-04,0.282318961,9.9700094120267,0.47416779465748427
2025-04-05,0.266178358,9.4000088592626,0.44705890299167805
2025-04-06,0.251736766,8.890008370260201,0.42280357913483246
2025-04-07,0.260514989,9.2000086820383,0.43754701197468904
2025-04-08,0.282602129,9.9800094049963,0.47464338845253784
2025-04-09,0.37661406,13.300012544682,0.6325407887400147
2025-04-10,0.549346824,19.4000182855128,0.9226534807138694
2025-04-11,0.841010344,29.7000279952568,1.4125158958013175
2025-04-12,1.144000602,40.4000380594494,1.9214020929227433
2025-04-13,1.294079889,45.7000430560683,2.173467219149096
2025-04-14,1.404515591,49.6000467414877,2.3589491048974325
2025-04-15,1.492297815,52.7000496473805,2.5063834232187205
2025-04-16,1.480971077,52.3000492929319,2.4873596411847427
2025-04-17,1.500792869,53.000049930874304,2.5206512605839775
2025-04-18,1.407347276,49.70004684775721,2.3637050512457005
2025-04-19,1.12417881,39.700037421507005,1.8881104735235088
2025-04-20,0.931624253,32.9000310074191,1.5647061604708732
2025-04-21,0.838178659,29.600027888987302,1.40775994945305
2025-04-22,0.860832136,30.400028633199202,1.4458075152005523
2025-04-23,1.056218378,37.30003515355661,1.7739677746014555
2025-04-24,1.356376952,47.900045146794405,2.27809802705416
2025-04-25,1.599901832,56.500053226530405,2.6871093626187896
2025-04-26,1.925545568,68.0000640702496,3.234043127167264
2025-04-27,2.11526844,74.700070378068,3.5526914938716323
2025-04-28,1.888733668,66.70006286531961,3.1722158330375163
2025-04-29,1.639545418,57.9000545730446,2.7536926047763512
2025-04-30,1.458317599,51.5000485134053,2.4493120737576937
2025-05-01,1.384693798,48.9000460682306,2.3256574838186514
2025-05-02,1.390357168,49.100046280769604,2.335169376515187
2025-05-03,1.741486065,61.5000579396555,2.924906651479885
2025-05-04,1.919882199,67.8000638930253,3.224531236150275
2025-05-05,1.834931659,64.80006105808731,3.0818528624977084
2025-05-06,1.676357318,59.200055777974605,2.8155198989061
2025-05-07,1.548931509,54.7000515608823,2.601502340106796
2025-05-08,1.591406778,56.2000529430366,2.672841525253533
2025-05-09,2.007664423,70.9000667989181,3.371965554471563
2025-05-10,2.627803364,92.80008745865081,4.413517680455754
2025-05-11,3.114853125,110.00010365343749,5.231540353264559
2025-05-12,3.709506904,131.0001234626888,6.230288967152979
2025-05-13,4.247526989,150.0001413584383,7.133918664153324
2025-05-14,3.90772483,138.000130054001,6.563205171222604
2025-05-15,2.916635199,103.0000970621253,4.8986241491949345
2025-05-16,2.500377554,88.3000832062438,4.1995001199769035
2025-05-17,2.282337835,80.6000759416745,3.8332922948284978
2025-05-18,2.180397188,77.00007257506361,3.6620782481249647
2025-05-19,2.050139693,72.40006821638711,3.443304741297847
2025-05-20,1.840595028,65.0000612353116,3.0913647535146977
2025-05-21,1.91421883,67.600063715801,3.2150193451332862
2025-05-22,2.395605222,84.6000797333634,4.0235301269251025
2025-05-23,3.143169972,111.0001046101884,5.279099811708597
2025-05-24,3.794457443,134.0001262623121,6.372967339126
2025-05-25,3.936041676,139.0001309754372,6.610764627987096
2025-05-26,3.567922671,126.0001187495637,5.992491678291883
2025-05-27,3.426338438,121.00011403643862,5.754694389430789
2025-05-28,3.624556364,128.00012062775082,6.087610593500413
2025-05-29,3.879407983,137.00012909725012,6.515645712778567
2025-05-30,4.077625909,144.0001356885623,6.84856191684819
2025-05-31,4.417428068,156.00014699299962,7.419275409778912
2025-06-01,4.530695455,160.00015078468851,7.609513241875516
2025-06-02,4.587329148,162.00015266287562,7.704632157084045
2025-06-03,4.813863921,170.00016021093873,8.085107819597708
2025-06-04,4.105942756,145.0001366453132,6.896121375292229
2025-06-05,3.879407983,137.00012909725012,6.515645712778567
2025-06-06,3.681190057,130.0001225059379,6.182729508708941
2025-06-07,3.284754205,116.00010932331351,5.516897100569691
2025-06-08,3.029902585,107.0001008184995,5.088861979611992
2025-06-09,2.860001506,101.00009518393821,4.803505233986406
2025-06-10,2.622139994,92.6000872461118,4.4040057877592185
2025-06-11,2.41259533,85.200080300351,4.0520658016556155
2025-06-12,2.231367511,78.80007424071171,3.7476852706369583
2025-06-13,1.996337685,70.50006644446951,3.3529417724375854
2025-06-14,1.789624705,63.2000595696635,3.0057577310027037
2025-06-15,1.614060256,57.0000537225632,2.7108890926805818
2025-06-16,1.435664122,50.700047769193404,2.4112645080101918
2025-06-17,1.271426412,44.9000423118564,2.1354196534015935
2025-06-18,1.12417881,39.700037421507005,1.8881104735235088
2025-06-19,0.993921315,35.100033062830505,1.669336966696391
2025-06-20,0.87499056,30.900029129232,1.4695872452623442
2025-06-21,0.775881597,27.400025833575903,1.3031291432275318
2025-06-22,0.70508948,24.900023459356003,1.184230497957211
2025-06-23,0.628633994,22.2000209079118,1.0558199616699007
2025-06-24,0.588990409,20.8000195967123,0.9892367211918851
2025-06-25,0.552178509,19.5000183917823,0.927409427062137
2025-06-26,0.512534923,18.100017045268103,0.8608261849045752
2025-06-27,0.504039869,17.8000167617743,0.8465583475393184
2025-06-28,0.461564599,16.3000153443053,0.7752191607130351
2025-06-29,0.430416068,15.200014316599601,0.7229037576002761
2025-06-30,0.402099222,14.2000133951634,0.6753443008357848
2025-07-01,0.399267537,14.100013288893901,0.6705883544875171
2025-07-02,0.365287321,12.9000121549187,0.6135170050264904
2025-07-03,0.33413879,11.800011127213,0.5612016019137314
2025-07-04,0.325643736,11.5000108437192,0.5469337645484748
2025-07-05,0.297326889,10.5000098869683,0.499374306104437
2025-07-06,0.270425885,9.5500090010095,0.45419282167430636
2025-07-07,0.251170429,8.8700083490063,0.4218523898651788
2025-07-08,0.22880012,8.080007597764,0.38428041791273015
2025-07-09,0.214641697,7.5800071370459,0.3605006895304845
2025-07-10,0.212659518,7.5100070803146,0.35717152792647033
2025-07-11,0.205580306,7.2600068322982,0.34528166289557427
2025-07-12,0.200483274,7.0800066763278,0.3367209611482388
2025-07-13,0.183776334,6.490006102309801,0.3086608802127791
2025-07-14,0.180661481,6.380006003070701,0.3034293400694579
2025-07-15,0.166786226,5.8900055353222,0.2801252054822657
2025-07-16,0.161406026,5.700005386382201,0.2710889099398767
2025-07-17,0.157158499,5.550005244635301,0.2639549912572484
2025-07-18,0.156308993,5.5200051950971005,0.2625282065129949
2025-07-19,0.161122857,5.690005358097901,0.27061331446527676
2025-07-20,0.143849581,5.080004798140701,0.24160204593970985
2025-07-21,0.140734728,4.9700046989016,0.23637050579638857
2025-07-22,0.141017896,4.9800046918712,0.23684609959144218
2025-07-23,0.140451559,4.9600046706173,0.2358949103217886
2025-07-24,0.131107,4.6300043729,0.22020028989182486
2025-07-25,0.126293136,4.4600042098992,0.21211518193954298
2025-07-26,0.116948576,4.1300038768672005,0.1964205598300328
2025-07-27,0.109303028,3.8600036429116003,0.18357950720902963
2025-07-28,0.097409952,3.4400032318944,0.1636045342258517
2025-07-29,0.094295099,3.3300031326553,0.15837299408253047
2025-07-30,0.098825795,3.4900033026865,0.16598250823975877
2025-07-31,0.102790153,3.6300034161491,0.17264083144778714
2025-08-01,0.12544363,4.430004160361,0.21068839719528945
2025-08-02,0.113550555,4.0100037846585,0.19071342589165796
2025-08-03,0.105905006,3.7400035153882,0.1778723715911084
2025-08-04,0.086649551,3.0600028986997003,0.14553194146152731
2025-08-05,0.078437665,2.7700026081755005,0.1317396978913242
2025-08-06,0.079004002,2.7900026294294005,0.13269088716097777
2025-08-07,0.07560598,2.670002501906,0.12698375154305652
2025-08-08,0.072207959,2.5500024096973,0.1212766176046817
2025-08-09,0.069376274,2.4500023034278002,0.116520671256414
2025-08-10,0.071358453,2.5200023601591,0.11984983286042819
2025-08-11,0.066827758,2.3600022254426003,0.11224032038274628
2025-08-12,0.067110926,2.3700022184122003,0.11271591417779986
2025-08-13,0.065978253,2.3300022112191003,0.11081353731803918
2025-08-14,0.07022578,2.4800023529660002,0.11794745600066751
2025-08-15,0.067677263,2.3900022396661003,0.11366710344745339
2025-08-16,0.07022578,2.4800023529660002,0.11794745600066751
2025-08-17,0.066261421,2.3400022041887003,0.11128913111309276
2025-08-18,0.056916862,2.0100019064714,0.09559451068312896
2025-08-19,0.05720003,2.020001899441,0.09607010447818254
2025-08-20,0.058899041,2.0800019632027,0.09892367228714316
2025-08-21,0.052952503,1.8700017576941,0.0889361857955542
2025-08-22,0.050970324,1.8000017009628,0.08560702419154001
2025-08-23,0.056350525,1.9900018852175,0.09464332141347544
2025-08-24,0.067110926,2.3700022184122003,0.11271591417779986
2025-08-25,0.102790153,3.6300034161491,0.17264083144778714
2025-08-26,0.097409952,3.4400032318944,0.1636045342258517
2025-08-27,0.141584233,5.0000047131251,0.2377972888610957
2025-08-28,0.093728762,3.3100031114014,0.1574218048128769
2025-08-29,0.088065393,3.1100029341771003,0.14790991379588797
2025-08-30,0.100241637,3.5400033381639,0.1683604805741194
2025-08-31,0.080703013,2.8500026931911004,0.13554445496993836
2025-09-01,0.073623801,2.6000024451747,0.12365458993904235
2025-09-02,0.071358453,2.5200023601591,0.11984983286042819
2025-09-03,0.075039643,2.6500024806521,0.12603256227340298
2025-09-04,0.070508948,2.4900023459356,0.11842304979572109
2025-09-05,0.070792116,2.5000023389052,0.11889864359077465
2025-09-06,0.074190138,2.6200024664286,0.12460577920869588
2025-09-07,0.067394095,2.3800022466965003,0.11319150965239982
2025-09-08,0.063429736,2.2400020979192004,0.10653318476482505
2025-09-09,0.065128747,2.3000021616809003,0.10938675257378566
2025-09-10,0.064845579,2.2900021687113004,0.1089111587787321
2025-09-11,0.125160462,4.4200041673914,0.21021280340023588
2025-09-12,0.234180321,8.2700077820187,0.39331671513466554
2025-09-13,0.239560522,8.4600079662734,0.402353012356601
2025-09-14,0.171033753,6.040005677069101,0.2872591241648941
2025-09-15,0.114683229,4.0500038271663,0.19261580443096504
2025-09-16,0.099958468,3.5300033098796,0.16788488509951943
2025-09-17,0.101091142,3.5700033523874,0.16978726363882654
2025-09-18,0.085516877,3.0200028561919003,0.14362956292222026
2025-09-19,0.082685192,2.9200027499224004,0.13887361657395256
2025-09-20,0.082118855,2.9000027286685004,0.13792242730429902
2025-09-21,0.07928717,2.8000026223990004,0.1331664809560313
2025-09-22,0.088348561,3.1200029271467002,0.14838550759094152
2025-09-23,0.120912935,4.2700040256445,0.20307888471760757
2025-09-24,0.09231292,3.2600030759240006,0.1550438324785163
2025-09-25,0.085233708,3.0100028279076003,0.1431539674476203
2025-09-26,0.082685192,2.9200027499224004,0.13887361657395256
2025-09-27,0.08126935,2.8700027144450004,0.13649564423959193
2025-09-28,0.086649551,3.0600028986997003,0.14553194146152731
2025-09-29,0.091746583,3.2400030546701,0.15409264320886276
2025-09-30,0.086649551,3.0600028986997003,0.14553194146152731
