date,Q_cms,Q_cfs,Q_mmd
1979-10-01,0.764554858,27.0000254438126,0.33534157979485874
1979-10-02,0.736238011,26.0000244870617,0.32292152110524497
1979-10-03,0.736238011,26.0000244870617,0.32292152110524497
1979-10-04,0.707921165,25.0000235656255,0.31050146285424146
1979-10-05,0.707921165,25.0000235656255,0.31050146285424146
1979-10-06,0.707921165,25.0000235656255,0.31050146285424146
1979-10-07,0.679604318,24.000022608874602,0.2980814041646277
1979-10-08,0.651287472,23.0000216874384,0.2856613459136242
1979-10-09,0.622970625,22.000020730687503,0.2732412872240104
1979-10-10,0.594653778,21.0000197739366,0.26082122853439665
1979-10-11,0.566336932,20.0000188525004,0.24840117028339315
1979-10-12,0.538020085,19.0000178957495,0.23598111159377938
1979-10-13,0.509703239,18.0000169743133,0.2235610533427759
1979-10-14,0.481386392,17.0000160175624,0.2111409946531621
1979-10-15,0.453069545,16.000015060811503,0.1987209359635484
1979-10-16,0.481386392,17.0000160175624,0.2111409946531621
1979-10-17,0.453069545,16.000015060811503,0.1987209359635484
1979-10-18,0.453069545,16.000015060811503,0.1987209359635484
1979-10-19,0.594653778,21.0000197739366,0.26082122853439665
1979-10-20,0.594653778,21.0000197739366,0.26082122853439665
1979-10-21,0.566336932,20.0000188525004,0.24840117028339315
1979-10-22,0.566336932,20.0000188525004,0.24840117028339315
1979-10-23,0.622970625,22.000020730687503,0.2732412872240104
1979-10-24,0.651287472,23.0000216874384,0.2856613459136242
1979-10-25,0.679604318,24.000022608874602,0.2980814041646277
1979-10-26,0.707921165,25.0000235656255,0.31050146285424146
1979-10-27,0.707921165,25.0000235656255,0.31050146285424146
1979-10-28,0.736238011,26.0000244870617,0.32292152110524497
1979-10-29,0.707921165,25.0000235656255,0.31050146285424146
1979-10-30,0.679604318,24.000022608874602,0.2980814041646277
1979-10-31,0.651287472,23.0000216874384,0.2856613459136242
1979-11-01,0.651287472,23.0000216874384,0.2856613459136242
1979-11-02,0.622970625,22.000020730687503,0.2732412872240104
1979-11-03,0.594653778,21.0000197739366,0.26082122853439665
1979-11-04,0.566336932,20.0000188525004,0.24840117028339315
1979-11-05,0.566336932,20.0000188525004,0.24840117028339315
1979-11-06,0.538020085,19.0000178957495,0.23598111159377938
1979-11-07,0.509703239,18.0000169743133,0.2235610533427759
1979-11-08,0.481386392,17.0000160175624,0.2111409946531621
1979-11-09,0.481386392,17.0000160175624,0.2111409946531621
1979-11-10,0.453069545,16.000015060811503,0.1987209359635484
1979-11-11,0.481386392,17.0000160175624,0.2111409946531621
1979-11-12,0.453069545,16.000015060811503,0.1987209359635484
1979-11-13,0.453069545,16.000015060811503,0.1987209359635484
1979-11-14,0.424752699,15.0000141393753,0.18630087771254486
1979-11-15,0.424752699,15.0000141393753,0.18630087771254486
1979-11-16,0.396435852,14.0000131826244,0.1738808190229311
1979-11-17,0.396435852,14.0000131826244,0.1738808190229311
1979-11-18,0.396435852,14.0000131826244,0.1738808190229311
1979-11-19,0.396435852,14.0000131826244,0.1738808190229311
1979-11-20,0.368119006,13.000012261188202,0.16146076077192761
1979-11-21,0.368119006,13.000012261188202,0.16146076077192761
1979-11-22,0.368119006,13.000012261188202,0.16146076077192761
1979-11-23,0.339802159,12.000011304437301,0.14904070208231385
1979-11-24,0.339802159,12.000011304437301,0.14904070208231385
1979-11-25,0.339802159,12.000011304437301,0.14904070208231385
1979-11-26,0.311485313,11.0000103830011,0.1366206438313103
1979-11-27,0.311485313,11.0000103830011,0.1366206438313103
1979-11-28,0.311485313,11.0000103830011,0.1366206438313103
1979-11-29,0.283168466,10.0000094262502,0.12420058514169657
1979-11-30,0.283168466,10.0000094262502,0.12420058514169657
1979-12-01,0.311485313,11.0000103830011,0.1366206438313103
1979-12-02,0.339802159,12.000011304437301,0.14904070208231385
1979-12-03,0.339802159,12.000011304437301,0.14904070208231385
1979-12-04,0.311485313,11.0000103830011,0.1366206438313103
1979-12-05,0.339802159,12.000011304437301,0.14904070208231385
1979-12-06,0.311485313,11.0000103830011,0.1366206438313103
1979-12-07,0.311485313,11.0000103830011,0.1366206438313103
1979-12-08,0.311485313,11.0000103830011,0.1366206438313103
1979-12-09,0.311485313,11.0000103830011,0.1366206438313103
1979-12-10,0.283168466,10.0000094262502,0.12420058514169657
1979-12-11,0.283168466,10.0000094262502,0.12420058514169657
1979-12-12,0.283168466,10.0000094262502,0.12420058514169657
1979-12-13,0.283168466,10.0000094262502,0.12420058514169657
1979-12-14,0.283168466,10.0000094262502,0.12420058514169657
1979-12-15,0.277505097,9.8000092490259,0.1217165735792179
1979-12-16,0.277505097,9.8000092490259,0.1217165735792179
1979-12-17,0.263346673,9.300008752993099,0.11550654401510592
1979-12-18,0.252019935,8.9000083985445,0.11053852089014858
1979-12-19,0.246356565,8.700008186005501,0.10805450888905971
1979-12-20,0.240693196,8.5000080087812,0.10557049732658105
1979-12-21,0.232198142,8.200007725287401,0.10184447976355797
1979-12-22,0.218039719,7.7000072645693,0.0956344506380562
1979-12-23,0.209544665,7.4000069810755,0.09190843307503309
1979-12-24,0.212376349,7.5000070520303,0.09315043863696731
1979-12-25,0.212376349,7.5000070520303,0.09315043863696731
1979-12-26,0.212376349,7.5000070520303,0.09315043863696731
1979-12-27,0.212376349,7.5000070520303,0.09315043863696731
1979-12-28,0.203881295,7.2000067685365,0.08942442107394422
1979-12-29,0.198217926,7.0000065913122,0.08694040951146555
1979-12-30,0.198217926,7.0000065913122,0.08694040951146555
1979-12-31,0.218039719,7.7000072645693,0.0956344506380562
1980-01-01,0.212376349,7.5000070520303,0.09315043863696731
1980-01-02,0.203881295,7.2000067685365,0.08942442107394422
1980-01-03,0.198217926,7.0000065913122,0.08694040951146555
1980-01-04,0.212376349,7.5000070520303,0.09315043863696731
1980-01-05,0.203881295,7.2000067685365,0.08942442107394422
1980-01-06,0.212376349,7.5000070520303,0.09315043863696731
1980-01-07,0.212376349,7.5000070520303,0.09315043863696731
1980-01-08,0.203881295,7.2000067685365,0.08942442107394422
1980-01-09,0.198217926,7.0000065913122,0.08694040951146555
1980-01-10,0.198217926,7.0000065913122,0.08694040951146555
1980-01-11,0.226534773,8.0000075480631,0.0993604682010793
1980-01-12,0.254851619,9.0000084694993,0.1117805264520828
1980-01-13,0.311485313,11.0000103830011,0.1366206438313103
1980-01-14,0.339802159,12.000011304437301,0.14904070208231385
1980-01-15,0.339802159,12.000011304437301,0.14904070208231385
1980-01-16,0.339802159,12.000011304437301,0.14904070208231385
1980-01-17,0.311485313,11.0000103830011,0.1366206438313103
1980-01-18,0.283168466,10.0000094262502,0.12420058514169657
1980-01-19,0.269010043,9.5000089655321,0.1179905560161948
1980-01-20,0.254851619,9.0000084694993,0.1117805264520828
1980-01-21,0.254851619,9.0000084694993,0.1117805264520828
1980-01-22,0.254851619,9.0000084694993,0.1117805264520828
1980-01-23,0.254851619,9.0000084694993,0.1117805264520828
1980-01-24,0.269010043,9.5000089655321,0.1179905560161948
1980-01-25,0.254851619,9.0000084694993,0.1117805264520828
1980-01-26,0.226534773,8.0000075480631,0.0993604682010793
1980-01-27,0.212376349,7.5000070520303,0.09315043863696731
1980-01-28,0.203881295,7.2000067685365,0.08942442107394422
1980-01-29,0.212376349,7.5000070520303,0.09315043863696731
1980-01-30,0.192554557,6.8000064140879,0.08445639794898689
1980-01-31,0.198217926,7.0000065913122,0.08694040951146555
1980-02-01,0.254851619,9.0000084694993,0.1117805264520828
1980-02-02,0.339802159,12.000011304437301,0.14904070208231385
1980-02-03,0.396435852,14.0000131826244,0.1738808190229311
1980-02-04,0.368119006,13.000012261188202,0.16146076077192761
1980-02-05,0.339802159,12.000011304437301,0.14904070208231385
1980-02-06,0.339802159,12.000011304437301,0.14904070208231385
1980-02-07,0.311485313,11.0000103830011,0.1366206438313103
1980-02-08,0.283168466,10.0000094262502,0.12420058514169657
1980-02-09,0.269010043,9.5000089655321,0.1179905560161948
1980-02-10,0.254851619,9.0000084694993,0.1117805264520828
1980-02-11,0.269010043,9.5000089655321,0.1179905560161948
1980-02-12,0.283168466,10.0000094262502,0.12420058514169657
1980-02-13,0.311485313,11.0000103830011,0.1366206438313103
1980-02-14,0.311485313,11.0000103830011,0.1366206438313103
1980-02-15,0.339802159,12.000011304437301,0.14904070208231385
1980-02-16,0.339802159,12.000011304437301,0.14904070208231385
1980-02-17,0.339802159,12.000011304437301,0.14904070208231385
1980-02-18,0.339802159,12.000011304437301,0.14904070208231385
1980-02-19,0.368119006,13.000012261188202,0.16146076077192761
1980-02-20,0.368119006,13.000012261188202,0.16146076077192761
1980-02-21,0.396435852,14.0000131826244,0.1738808190229311
1980-02-22,0.396435852,14.0000131826244,0.1738808190229311
1980-02-23,0.368119006,13.000012261188202,0.16146076077192761
1980-02-24,0.339802159,12.000011304437301,0.14904070208231385
1980-02-25,0.339802159,12.000011304437301,0.14904070208231385
1980-02-26,0.339802159,12.000011304437301,0.14904070208231385
1980-02-27,0.368119006,13.000012261188202,0.16146076077192761
1980-02-28,0.368119006,13.000012261188202,0.16146076077192761
1980-02-29,0.368119006,13.000012261188202,0.16146076077192761
1980-03-01,0.339802159,12.000011304437301,0.14904070208231385
1980-03-02,0.339802159,12.000011304437301,0.14904070208231385
1980-03-03,0.339802159,12.000011304437301,0.14904070208231385
1980-03-04,0.368119006,13.000012261188202,0.16146076077192761
1980-03-05,0.368119006,13.000012261188202,0.16146076077192761
1980-03-06,0.368119006,13.000012261188202,0.16146076077192761
1980-03-07,0.339802159,12.000011304437301,0.14904070208231385
1980-03-08,0.368119006,13.000012261188202,0.16146076077192761
1980-03-09,0.396435852,14.0000131826244,0.1738808190229311
1980-03-10,0.396435852,14.0000131826244,0.1738808190229311
1980-03-11,0.396435852,14.0000131826244,0.1738808190229311
1980-03-12,0.396435852,14.0000131826244,0.1738808190229311
1980-03-13,0.368119006,13.000012261188202,0.16146076077192761
1980-03-14,0.396435852,14.0000131826244,0.1738808190229311
1980-03-15,0.396435852,14.0000131826244,0.1738808190229311
1980-03-16,0.368119006,13.000012261188202,0.16146076077192761
1980-03-17,0.368119006,13.000012261188202,0.16146076077192761
1980-03-18,0.424752699,15.0000141393753,0.18630087771254486
1980-03-19,0.368119006,13.000012261188202,0.16146076077192761
1980-03-20,0.368119006,13.000012261188202,0.16146076077192761
1980-03-21,0.368119006,13.000012261188202,0.16146076077192761
1980-03-22,0.368119006,13.000012261188202,0.16146076077192761
1980-03-23,0.339802159,12.000011304437301,0.14904070208231385
1980-03-24,0.339802159,12.000011304437301,0.14904070208231385
1980-03-25,0.339802159,12.000011304437301,0.14904070208231385
1980-03-26,0.339802159,12.000011304437301,0.14904070208231385
1980-03-27,0.339802159,12.000011304437301,0.14904070208231385
1980-03-28,0.368119006,13.000012261188202,0.16146076077192761
1980-03-29,0.368119006,13.000012261188202,0.16146076077192761
1980-03-30,0.311485313,11.0000103830011,0.1366206438313103
1980-03-31,0.311485313,11.0000103830011,0.1366206438313103
1980-04-01,0.311485313,11.0000103830011,0.1366206438313103
1980-04-02,0.283168466,10.0000094262502,0.12420058514169657
1980-04-03,0.283168466,10.0000094262502,0.12420058514169657
1980-04-04,0.311485313,11.0000103830011,0.1366206438313103
1980-04-05,0.311485313,11.0000103830011,0.1366206438313103
1980-04-06,0.311485313,11.0000103830011,0.1366206438313103
1980-04-07,0.311485313,11.0000103830011,0.1366206438313103
1980-04-08,0.311485313,11.0000103830011,0.1366206438313103
1980-04-09,0.339802159,12.000011304437301,0.14904070208231385
1980-04-10,0.339802159,12.000011304437301,0.14904070208231385
1980-04-11,0.339802159,12.000011304437301,0.14904070208231385
1980-04-12,0.339802159,12.000011304437301,0.14904070208231385
1980-04-13,0.339802159,12.000011304437301,0.14904070208231385
1980-04-14,0.339802159,12.000011304437301,0.14904070208231385
1980-04-15,0.368119006,13.000012261188202,0.16146076077192761
1980-04-16,0.396435852,14.0000131826244,0.1738808190229311
1980-04-17,0.424752699,15.0000141393753,0.18630087771254486
1980-04-18,0.481386392,17.0000160175624,0.2111409946531621
1980-04-19,0.622970625,22.000020730687503,0.2732412872240104
1980-04-20,0.906139091,32.000030156937704,0.397441872365707
1980-04-21,1.274258097,45.0000424181259,0.5589026331376346
1980-04-22,1.699010796,60.0000565575012,0.7452035108501794
1980-04-23,2.265347727,80.0000753746869,0.9936046806949623
1980-04-24,2.831684659,100.0000942271873,1.2420058509783556
1980-04-25,3.398021591,120.00011307968771,1.4904070212617488
1980-04-26,3.90772483,138.000130054001,1.7139680746045245
1980-04-27,4.134259602,146.0001375667494,1.8133285423669936
1980-04-28,4.672279688,165.0001554978136,2.049309654399383
1980-04-29,5.323567159,188.00017714993731,2.3349709998743973
1980-04-30,6.14475571,217.00020447193702,2.695152696609873
1980-05-01,6.541191563,231.0002176898761,2.8690335160714144
1980-05-02,6.739409489,238.0002242811883,2.95597392558288
1980-05-03,7.249112728,256.00024125550163,3.179534978925656
1980-05-04,8.296836051,293.0002760902497,3.6390771434236004
1980-05-05,8.749905597,309.00029118637593,3.837798079825759
1980-05-06,9.401193069,332.0003128738143,4.123459425739384
1980-05-07,11.12852071,393.00037031743705,4.8810829944019565
1980-05-08,12.37446196,437.000411778812,5.427565568849977
1980-05-09,13.05406628,461.000434458316,5.725646973891825
1980-05-10,11.52495656,407.000383429432,5.054963812547666
1980-05-11,9.96753,352.00033169100004,4.371860595584167
1980-05-12,8.410103438,297.00027988193864,3.6887573777434457
1980-05-13,7.334063267,259.00024405512494,3.2167951541172766
1980-05-14,6.597825256,233.00021956806322,2.893873633012032
1980-05-15,6.116438864,216.0002035505008,2.68273263835887
1980-05-16,5.946537784,210.00019788062482,2.6082122870984077
1980-05-17,5.974854631,211.00019883737573,2.6206323457880214
1980-05-18,5.748319858,203.00019128931262,2.5212718775869423
1980-05-19,5.663369318,200.0001884543746,2.484011701956711
1980-05-20,6.767726335,239.0002252026245,2.9683939838338835
1980-05-21,11.83644188,418.00039405963605,5.191584459449249
1980-05-22,21.80397188,770.000725750636,9.563445055033416
1980-05-23,34.82972131,1230.001159146257,15.276671968919795
1980-05-24,27.66555912,977.0009206550641,12.134397164747151
1980-05-25,19.48199046,688.000648497762,8.545000257397836
1980-05-26,14.46990861,511.000481589567,6.346649899600308
1980-05-27,10.95861963,387.000364647561,4.806562643141494
1980-05-28,8.948123523,316.0002977776881,3.924738489337225
1980-05-29,7.957033892,281.0002647858124,3.490036441341287
1980-05-30,7.192479034,254.00023934199982,3.154694861546428
1980-05-31,6.937627415,245.0002308725005,3.0429143350943457
1980-06-01,6.739409489,238.0002242811883,2.95597392558288
1980-06-02,6.569508409,232.0002186113123,2.881453574322418
1980-06-03,6.427924176,227.0002138981872,2.81935328175157
1980-06-04,6.116438864,216.0002035505008,2.68273263835887
1980-06-05,6.371290483,225.0002120200001,2.7945131648109522
1980-06-06,6.456241023,228.0002148549381,2.8317733404411833
1980-06-07,6.39960733,226.00021297675102,2.8069332235005664
1980-06-08,7.362380114,260.0002450118758,3.2292152128068903
1980-06-09,10.98693648,388.00036571025606,4.818982703146939
1980-06-10,19.62357469,693.0006531049431,8.607100548652854
1980-06-11,31.43169972,1110.0010461018842,13.786264948096658
1980-06-12,38.2277429,1350.00127219063,16.767078989742938
1980-06-13,35.96239517,1270.001196709999,15.773474307732142
1980-06-14,34.54655284,1220.001149578748,15.15247138202366
1980-06-15,29.16635199,1030.000970621253,12.792660266085864
1980-06-16,20.24654531,715.0006736590569,8.880341833683813
1980-06-17,19.93506,704.0006633820001,8.743721191168333
1980-06-18,27.43902435,969.0009132129451,12.035036697861903
1980-06-19,30.01585739,1060.0009989706332,13.165262022388177
1980-06-20,35.96239517,1270.001196709999,15.773474307732142
1980-06-21,35.67922671,1260.0011874956372,15.649273725222107
1980-06-22,34.54655284,1220.001149578748,15.15247138202366
1980-06-23,38.51091137,1360.0012817581392,16.89127957663907
1980-06-24,34.82972131,1230.001159146257,15.276671968919795
1980-06-25,34.54655284,1220.001149578748,15.15247138202366
1980-06-26,35.39605824,1250.001177928128,15.525073138325972
1980-06-27,33.69704744,1190.001121229368,14.779869625721348
1980-06-28,25.68337986,907.000854741942,11.264993069632494
1980-06-29,21.37921918,755.0007115759461,9.37714417688226
1980-06-30,20.50139693,724.000682163871,8.992122360574506
1980-07-01,33.13071051,1170.001102447497,14.531468456315176
1980-07-02,33.13071051,1170.001102447497,14.531468456315176
1980-07-03,29.16635199,1030.000970621253,12.792660266085864
1980-07-04,27.12753904,958.000902935888,11.898416055346422
1980-07-05,22.34199196,789.000743469812,9.799426164434145
1980-07-06,20.81288225,735.0006927940751,9.12874300747609
1980-07-07,19.0855546,674.0006350326199,8.371119434866023
1980-07-08,16.5936721,586.00055210987,7.278154285969981
1980-07-09,16.14060256,570.0005372256321,7.0794333521994846
1980-07-10,16.76357318,592.0005577797461,7.352674637230444
1980-07-11,16.93347426,598.0005634496221,7.427194988490906
1980-07-12,15.54594878,549.0005173810661,6.818612122787867
1980-07-13,14.01683906,495.00046635218206,6.14792896144371
1980-07-14,12.57267989,444.00041851138303,5.514505980115884
1980-07-15,10.78871855,381.00035897768504,4.732042291881032
1980-07-16,9.486143608,335.0003156734376,4.160719600931005
1980-07-17,8.89148983,314.000295899501,3.899898372396607
1980-07-18,8.80653929,311.00029306456304,3.862638196766377
1980-07-19,9.797628921,346.0003260564387,4.297340244762315
1980-07-20,11.49663972,406.000382719884,5.042543756928325
1980-07-21,9.797628921,346.0003260564387,4.297340244762315
1980-07-22,7.957033892,281.0002647858124,3.490036441341287
1980-07-23,7.135845341,252.0002374638127,3.1298547446058107
1980-07-24,6.626142103,234.00022052481413,2.9062936917016455
1980-07-25,6.342973637,224.0002110985639,2.7820931065599486
1980-07-26,6.003171478,212.0001997941266,2.633052404477635
1980-07-27,5.550101932,196.0001846980004,2.4343314680754764
1980-07-28,5.15366608,182.000171515376,2.260450649052545
1980-07-29,4.842180767,171.00016113237493,2.1238300052212353
1980-07-30,4.615645994,163.00015358431182,2.0244695370201558
1980-07-31,4.445744915,157.0001479497505,1.9499491861983036
1980-08-01,4.389111222,155.00014607156342,1.9251090692576869
1980-08-02,4.304160682,152.0001432366254,1.8878488936274556
1980-08-03,4.162576449,147.0001385235003,1.8257486010566077
1980-08-04,3.879407983,137.00012909725012,1.701548015914911
1980-08-05,3.709506904,131.0001234626888,1.6270276650930589
1980-08-06,3.454655284,122.00011495787481,1.515247138202366
1980-08-07,3.228120511,114.00010740981172,1.4158866700012869
1980-08-08,3.029902585,107.0001008184995,1.328946260489821
1980-08-09,2.831684659,100.0000942271873,1.2420058509783556
1980-08-10,2.633466733,93.0000876358751,1.15506544146689
1980-08-11,2.548516193,90.00008480093712,1.117805265836659
1980-08-12,2.463565654,87.0000820013138,1.0805450906450382
1980-08-13,2.40693196,85.00008008781201,1.0557049732658108
1980-08-14,2.321981421,82.00007728818869,1.0184447980741897
1980-08-15,2.321981421,82.00007728818869,1.0184447980741897
1980-08-16,2.321981421,82.00007728818869,1.0184447980741897
1980-08-17,2.237030881,79.0000744532507,0.9811846224439589
1980-08-18,2.180397188,77.00007257506361,0.9563445055033416
1980-08-19,2.180397188,77.00007257506361,0.9563445055033416
1980-08-20,2.152080341,76.0000716183127,0.9439244468137278
1980-08-21,2.067129801,73.0000687833747,0.9066642711834968
1980-08-22,1.982179261,70.0000659484367,0.8694040955532657
1980-08-23,1.925545568,68.0000640702496,0.8445639786126484
1980-08-24,1.812278182,64.00006031387541,0.794883744731414
1980-08-25,1.727327642,61.00005747893741,0.757623569101183
1980-08-26,1.755644489,62.0000584356883,0.7700436277907968
1980-08-27,1.614060256,57.0000537225632,0.7079433352199485
1980-08-28,1.557426563,55.0000518443761,0.6831032182793311
1980-08-29,1.472476023,52.0000490094381,0.6458430426491001
1980-08-30,1.444159176,51.000048052687205,0.6334229839594865
1980-08-31,1.472476023,52.0000490094381,0.6458430426491001
1980-09-01,1.472476023,52.0000490094381,0.6458430426491001
1980-09-02,1.444159176,51.000048052687205,0.6334229839594865
1980-09-03,1.41584233,50.000047131251,0.6210029257084829
1980-09-04,1.359208636,48.000045217749204,0.5961628083292554
1980-09-05,1.302574943,46.000043339562104,0.571322691388638
1980-09-06,1.274258097,45.0000424181259,0.5589026331376346
1980-09-07,1.217624403,43.0000405046241,0.5340625157584071
1980-09-08,1.217624403,43.0000405046241,0.5340625157584071
1980-09-09,1.189307557,42.000039583187906,0.5216424575074036
1980-09-10,1.16099071,41.000038626437004,0.5092223988177899
1980-09-11,1.189307557,42.000039583187906,0.5216424575074036
1980-09-12,1.359208636,48.000045217749204,0.5961628083292554
1980-09-13,1.783961335,63.000059357124506,0.7824636860418003
1980-09-14,1.868911875,66.0000621920625,0.8197238616720313
1980-09-15,1.925545568,68.0000640702496,0.8445639786126484
1980-09-16,2.010496108,71.0000669051876,0.8818241542428794
1980-09-17,2.067129801,73.0000687833747,0.9066642711834968
1980-09-18,2.095446648,74.0000697401256,0.9190843298731104
1980-09-19,2.038812955,72.0000678619385,0.8942442129324933
1980-09-20,2.010496108,71.0000669051876,0.8818241542428794
1980-09-21,1.953862415,69.0000650270005,0.8569840373022622
1980-09-22,1.840595028,65.0000612353116,0.8073038029824176
1980-09-23,1.727327642,61.00005747893741,0.757623569101183
1980-09-24,1.670693949,59.0000556007503,0.7327834521605657
1980-09-25,1.557426563,55.0000518443761,0.6831032182793311
1980-09-26,1.472476023,52.0000490094381,0.6458430426491001
1980-09-27,1.387525483,49.0000461745001,0.6085828670188691
1980-09-28,1.302574943,46.000043339562104,0.571322691388638
1980-09-29,1.24594125,44.000041461375005,0.5464825744480208
1980-09-30,1.217624403,43.0000405046241,0.5340625157584071
1980-10-01,1.16099071,41.000038626437004,0.5092223988177899
1980-10-02,1.07604017,38.000035791499,0.47196222318755876
1980-10-03,1.019406477,36.0000339133119,0.44712210624694154
1980-10-04,0.962772784,34.0000320351248,0.4222819893063242
1980-10-05,0.906139091,32.000030156937704,0.397441872365707
1980-10-06,0.877822244,31.000029200186802,0.3850218136760932
1980-10-07,0.849505398,30.0000282787506,0.3726017554250897
1980-10-08,0.792871705,28.000026400563502,0.3477616384844725
1980-10-09,0.764554858,27.0000254438126,0.33534157979485874
1980-10-10,0.736238011,26.0000244870617,0.32292152110524497
1980-10-11,0.707921165,25.0000235656255,0.31050146285424146
1980-10-12,0.679604318,24.000022608874602,0.2980814041646277
1980-10-13,0.707921165,25.0000235656255,0.31050146285424146
1980-10-14,0.679604318,24.000022608874602,0.2980814041646277
1980-10-15,0.679604318,24.000022608874602,0.2980814041646277
1980-10-16,0.651287472,23.0000216874384,0.2856613459136242
1980-10-17,0.651287472,23.0000216874384,0.2856613459136242
1980-10-18,0.651287472,23.0000216874384,0.2856613459136242
1980-10-19,0.651287472,23.0000216874384,0.2856613459136242
1980-10-20,0.651287472,23.0000216874384,0.2856613459136242
1980-10-21,0.651287472,23.0000216874384,0.2856613459136242
1980-10-22,0.651287472,23.0000216874384,0.2856613459136242
1980-10-23,0.594653778,21.0000197739366,0.26082122853439665
1980-10-24,0.594653778,21.0000197739366,0.26082122853439665
1980-10-25,0.594653778,21.0000197739366,0.26082122853439665
1980-10-26,0.566336932,20.0000188525004,0.24840117028339315
1980-10-27,0.566336932,20.0000188525004,0.24840117028339315
1980-10-28,0.538020085,19.0000178957495,0.23598111159377938
1980-10-29,0.509703239,18.0000169743133,0.2235610533427759
1980-10-30,0.509703239,18.0000169743133,0.2235610533427759
1980-10-31,0.481386392,17.0000160175624,0.2111409946531621
1980-11-01,0.453069545,16.000015060811503,0.1987209359635484
1980-11-02,0.453069545,16.000015060811503,0.1987209359635484
1980-11-03,0.424752699,15.0000141393753,0.18630087771254486
1980-11-04,0.424752699,15.0000141393753,0.18630087771254486
1980-11-05,0.396435852,14.0000131826244,0.1738808190229311
1980-11-06,0.396435852,14.0000131826244,0.1738808190229311
1980-11-07,0.396435852,14.0000131826244,0.1738808190229311
1980-11-08,0.424752699,15.0000141393753,0.18630087771254486
1980-11-09,0.396435852,14.0000131826244,0.1738808190229311
1980-11-10,0.396435852,14.0000131826244,0.1738808190229311
1980-11-11,0.396435852,14.0000131826244,0.1738808190229311
1980-11-12,0.424752699,15.0000141393753,0.18630087771254486
1980-11-13,0.481386392,17.0000160175624,0.2111409946531621
1980-11-14,0.481386392,17.0000160175624,0.2111409946531621
1980-11-15,0.453069545,16.000015060811503,0.1987209359635484
1980-11-16,0.453069545,16.000015060811503,0.1987209359635484
1980-11-17,0.481386392,17.0000160175624,0.2111409946531621
1980-11-18,0.481386392,17.0000160175624,0.2111409946531621
1980-11-19,0.481386392,17.0000160175624,0.2111409946531621
1980-11-20,0.481386392,17.0000160175624,0.2111409946531621
1980-11-21,0.481386392,17.0000160175624,0.2111409946531621
1980-11-22,0.453069545,16.000015060811503,0.1987209359635484
1980-11-23,0.453069545,16.000015060811503,0.1987209359635484
1980-11-24,0.424752699,15.0000141393753,0.18630087771254486
1980-11-25,0.424752699,15.0000141393753,0.18630087771254486
1980-11-26,0.396435852,14.0000131826244,0.1738808190229311
1980-11-27,0.396435852,14.0000131826244,0.1738808190229311
1980-11-28,0.368119006,13.000012261188202,0.16146076077192761
1980-11-29,0.368119006,13.000012261188202,0.16146076077192761
1980-11-30,0.368119006,13.000012261188202,0.16146076077192761
1980-12-01,0.368119006,13.000012261188202,0.16146076077192761
1980-12-02,0.368119006,13.000012261188202,0.16146076077192761
1980-12-03,0.396435852,14.0000131826244,0.1738808190229311
1980-12-04,0.424752699,15.0000141393753,0.18630087771254486
1980-12-05,0.481386392,17.0000160175624,0.2111409946531621
1980-12-06,0.481386392,17.0000160175624,0.2111409946531621
1980-12-07,0.453069545,16.000015060811503,0.1987209359635484
1980-12-08,0.424752699,15.0000141393753,0.18630087771254486
1980-12-09,0.424752699,15.0000141393753,0.18630087771254486
1980-12-10,0.424752699,15.0000141393753,0.18630087771254486
1980-12-11,0.453069545,16.000015060811503,0.1987209359635484
1980-12-12,0.481386392,17.0000160175624,0.2111409946531621
1980-12-13,0.509703239,18.0000169743133,0.2235610533427759
1980-12-14,0.509703239,18.0000169743133,0.2235610533427759
1980-12-15,0.509703239,18.0000169743133,0.2235610533427759
1980-12-16,0.509703239,18.0000169743133,0.2235610533427759
1980-12-17,0.481386392,17.0000160175624,0.2111409946531621
1980-12-18,0.453069545,16.000015060811503,0.1987209359635484
1980-12-19,0.424752699,15.0000141393753,0.18630087771254486
1980-12-20,0.396435852,14.0000131826244,0.1738808190229311
1980-12-21,0.396435852,14.0000131826244,0.1738808190229311
1980-12-22,0.396435852,14.0000131826244,0.1738808190229311
1980-12-23,0.396435852,14.0000131826244,0.1738808190229311
1980-12-24,0.396435852,14.0000131826244,0.1738808190229311
1980-12-25,0.396435852,14.0000131826244,0.1738808190229311
1980-12-26,0.424752699,15.0000141393753,0.18630087771254486
1980-12-27,0.453069545,16.000015060811503,0.1987209359635484
1980-12-28,0.424752699,15.0000141393753,0.18630087771254486
1980-12-29,0.453069545,16.000015060811503,0.1987209359635484
1980-12-30,0.424752699,15.0000141393753,0.18630087771254486
1980-12-31,0.424752699,15.0000141393753,0.18630087771254486
1981-01-01,0.424752699,15.0000141393753,0.18630087771254486
1981-01-02,0.396435852,14.0000131826244,0.1738808190229311
1981-01-03,0.396435852,14.0000131826244,0.1738808190229311
1981-01-04,0.396435852,14.0000131826244,0.1738808190229311
1981-01-05,0.396435852,14.0000131826244,0.1738808190229311
1981-01-06,0.396435852,14.0000131826244,0.1738808190229311
1981-01-07,0.368119006,13.000012261188202,0.16146076077192761
1981-01-08,0.339802159,12.000011304437301,0.14904070208231385
1981-01-09,0.339802159,12.000011304437301,0.14904070208231385
1981-01-10,0.339802159,12.000011304437301,0.14904070208231385
1981-01-11,0.368119006,13.000012261188202,0.16146076077192761
1981-01-12,0.339802159,12.000011304437301,0.14904070208231385
1981-01-13,0.311485313,11.0000103830011,0.1366206438313103
1981-01-14,0.311485313,11.0000103830011,0.1366206438313103
1981-01-15,0.283168466,10.0000094262502,0.12420058514169657
1981-01-16,0.311485313,11.0000103830011,0.1366206438313103
1981-01-17,0.283168466,10.0000094262502,0.12420058514169657
1981-01-18,0.283168466,10.0000094262502,0.12420058514169657
1981-01-19,0.283168466,10.0000094262502,0.12420058514169657
1981-01-20,0.269010043,9.5000089655321,0.1179905560161948
1981-01-21,0.257683304,9.1000085757688,0.11302253245262726
1981-01-22,0.252019935,8.9000083985445,0.11053852089014858
1981-01-23,0.24918825,8.800008292275,0.10929651488960417
1981-01-24,0.24918825,8.800008292275,0.10929651488960417
1981-01-25,0.24918825,8.800008292275,0.10929651488960417
1981-01-26,0.24918825,8.800008292275,0.10929651488960417
1981-01-27,0.24918825,8.800008292275,0.10929651488960417
1981-01-28,0.237861511,8.4000079025117,0.10432849132603662
1981-01-29,0.240693196,8.5000080087812,0.10557049732658105
1981-01-30,0.252019935,8.9000083985445,0.11053852089014858
1981-01-31,0.254851619,9.0000084694993,0.1117805264520828
1981-02-01,0.254851619,9.0000084694993,0.1117805264520828
1981-02-02,0.254851619,9.0000084694993,0.1117805264520828
1981-02-03,0.266178358,9.4000088592626,0.11674855001565038
1981-02-04,0.257683304,9.1000085757688,0.11302253245262726
1981-02-05,0.254851619,9.0000084694993,0.1117805264520828
1981-02-06,0.254851619,9.0000084694993,0.1117805264520828
1981-02-07,0.24918825,8.800008292275,0.10929651488960417
1981-02-08,0.24918825,8.800008292275,0.10929651488960417
1981-02-09,0.252019935,8.9000083985445,0.11053852089014858
1981-02-10,0.263346673,9.300008752993099,0.11550654401510592
1981-02-11,0.271841727,9.6000090364869,0.11923256157812903
1981-02-12,0.274673412,9.7000091427564,0.12047456757867346
1981-02-13,0.274673412,9.7000091427564,0.12047456757867346
1981-02-14,0.266178358,9.4000088592626,0.11674855001565038
1981-02-15,0.257683304,9.1000085757688,0.11302253245262726
1981-02-16,0.257683304,9.1000085757688,0.11302253245262726
1981-02-17,0.260514989,9.2000086820383,0.1142645384531717
1981-02-18,0.266178358,9.4000088592626,0.11674855001565038
1981-02-19,0.269010043,9.5000089655321,0.1179905560161948
1981-02-20,0.271841727,9.6000090364869,0.11923256157812903
1981-02-21,0.269010043,9.5000089655321,0.1179905560161948
1981-02-22,0.280336781,9.9000093199807,0.12295857914115212
1981-02-23,0.269010043,9.5000089655321,0.1179905560161948
1981-02-24,0.263346673,9.300008752993099,0.11550654401510592
1981-02-25,0.257683304,9.1000085757688,0.11302253245262726
1981-02-26,0.257683304,9.1000085757688,0.11302253245262726
1981-02-27,0.254851619,9.0000084694993,0.1117805264520828
1981-02-28,0.254851619,9.0000084694993,0.1117805264520828
1981-03-01,0.24918825,8.800008292275,0.10929651488960417
1981-03-02,0.24918825,8.800008292275,0.10929651488960417
1981-03-03,0.246356565,8.700008186005501,0.10805450888905971
1981-03-04,0.243524881,8.6000081150507,0.10681250332712551
1981-03-05,0.240693196,8.5000080087812,0.10557049732658105
1981-03-06,0.232198142,8.200007725287401,0.10184447976355797
1981-03-07,0.240693196,8.5000080087812,0.10557049732658105
1981-03-08,0.24918825,8.800008292275,0.10929651488960417
1981-03-09,0.257683304,9.1000085757688,0.11302253245262726
1981-03-10,0.24918825,8.800008292275,0.10929651488960417
1981-03-11,0.254851619,9.0000084694993,0.1117805264520828
1981-03-12,0.254851619,9.0000084694993,0.1117805264520828
1981-03-13,0.24918825,8.800008292275,0.10929651488960417
1981-03-14,0.246356565,8.700008186005501,0.10805450888905971
1981-03-15,0.252019935,8.9000083985445,0.11053852089014858
1981-03-16,0.243524881,8.6000081150507,0.10681250332712551
1981-03-17,0.24918825,8.800008292275,0.10929651488960417
1981-03-18,0.246356565,8.700008186005501,0.10805450888905971
1981-03-19,0.243524881,8.6000081150507,0.10681250332712551
1981-03-20,0.254851619,9.0000084694993,0.1117805264520828
1981-03-21,0.274673412,9.7000091427564,0.12047456757867346
1981-03-22,0.274673412,9.7000091427564,0.12047456757867346
1981-03-23,0.283168466,10.0000094262502,0.12420058514169657
1981-03-24,0.280336781,9.9000093199807,0.12295857914115212
1981-03-25,0.274673412,9.7000091427564,0.12047456757867346
1981-03-26,0.274673412,9.7000091427564,0.12047456757867346
1981-03-27,0.283168466,10.0000094262502,0.12420058514169657
1981-03-28,0.339802159,12.000011304437301,0.14904070208231385
1981-03-29,0.311485313,11.0000103830011,0.1366206438313103
1981-03-30,0.311485313,11.0000103830011,0.1366206438313103
1981-03-31,0.283168466,10.0000094262502,0.12420058514169657
1981-04-01,0.311485313,11.0000103830011,0.1366206438313103
1981-04-02,0.311485313,11.0000103830011,0.1366206438313103
1981-04-03,0.311485313,11.0000103830011,0.1366206438313103
1981-04-04,0.311485313,11.0000103830011,0.1366206438313103
1981-04-05,0.311485313,11.0000103830011,0.1366206438313103
1981-04-06,0.311485313,11.0000103830011,0.1366206438313103
1981-04-07,0.311485313,11.0000103830011,0.1366206438313103
1981-04-08,0.311485313,11.0000103830011,0.1366206438313103
1981-04-09,0.311485313,11.0000103830011,0.1366206438313103
1981-04-10,0.311485313,11.0000103830011,0.1366206438313103
1981-04-11,0.311485313,11.0000103830011,0.1366206438313103
1981-04-12,0.339802159,12.000011304437301,0.14904070208231385
1981-04-13,0.339802159,12.000011304437301,0.14904070208231385
1981-04-14,0.339802159,12.000011304437301,0.14904070208231385
1981-04-15,0.368119006,13.000012261188202,0.16146076077192761
1981-04-16,0.368119006,13.000012261188202,0.16146076077192761
1981-04-17,0.396435852,14.0000131826244,0.1738808190229311
1981-04-18,0.481386392,17.0000160175624,0.2111409946531621
1981-04-19,0.679604318,24.000022608874602,0.2980814041646277
1981-04-20,0.764554858,27.0000254438126,0.33534157979485874
1981-04-21,0.821188551,29.000027321999703,0.36018169673547595
1981-04-22,0.849505398,30.0000282787506,0.3726017554250897
1981-04-23,0.991089631,35.000032991875706,0.43470204799593803
1981-04-24,1.24594125,44.000041461375005,0.5464825744480208
1981-04-25,1.699010796,60.0000565575012,0.7452035108501794
1981-04-26,2.038812955,72.0000678619385,0.8942442129324933
1981-04-27,2.208714034,78.00007349649981,0.9687645637543452
1981-04-28,2.435248807,86.0000810445629,1.0681250319554243
1981-04-29,3.029902585,107.0001008184995,1.328946260489821
1981-04-30,3.879407983,137.00012909725012,1.701548015914911
1981-05-01,5.06871554,179.000168680438,2.2231904734223145
1981-05-02,6.626142103,234.00022052481413,2.9062936917016455
1981-05-03,6.116438864,216.0002035505008,2.68273263835887
1981-05-04,5.210299773,184.0001733935631,2.2852907659931625
1981-05-05,4.785547074,169.00015925418782,2.098989888280618
1981-05-06,4.842180767,171.00016113237493,2.1238300052212353
1981-05-07,4.700596534,166.0001564192498,2.061729712650387
1981-05-08,4.389111222,155.00014607156342,1.9251090692576869
1981-05-09,4.077625909,144.0001356885623,1.7884884254263762
1981-05-10,3.794457443,134.0001262623121,1.66428784028468
1981-05-11,3.82277429,135.00012721906302,1.6767078989742936
1981-05-12,3.624556364,128.00012062775082,1.589767489462828
1981-05-13,3.398021591,120.00011307968771,1.4904070212617488
1981-05-14,3.199803665,113.00010648837551,1.4034666117502832
1981-05-15,3.228120511,114.00010740981172,1.4158866700012869
1981-05-16,3.454655284,122.00011495787481,1.515247138202366
1981-05-17,3.709506904,131.0001234626888,1.6270276650930589
1981-05-18,3.936041676,139.0001309754372,1.726388132855528
1981-05-19,4.219210142,149.0001404016874,1.8505887179972245
1981-05-20,4.615645994,163.00015358431182,2.0244695370201558
1981-05-21,4.757230227,168.0001582974369,2.0865698295910042
1981-05-22,4.785547074,169.00015925418782,2.098989888280618
1981-05-23,4.955448154,175.0001649240638,2.1735102395410797
1981-05-24,5.408517699,191.0001799848753,2.3722311755046284
1981-05-25,6.258023097,221.0002082636259,2.7448329309297175
1981-05-26,7.305746421,258.00024313368874,3.2043750958662733
1981-05-27,11.29842179,399.0003759873131,4.955603345662419
1981-05-28,14.1584233,500.00047131251006,6.2100292570848294
1981-05-29,17.78297966,628.000591799002,7.799796744793214
1981-05-30,21.18100125,748.000704843375,9.290203765616354
1981-05-31,23.75783429,839.0007906010632,10.420429090142628
1981-06-01,25.17367662,889.000837732314,11.04143201585111
1981-06-02,22.82337835,806.000759416745,10.010567158210085
1981-06-03,22.25704142,786.0007406348741,9.762165988803913
1981-06-04,23.95605222,846.0007973336341,10.507369501408533
1981-06-05,22.20040773,784.000738862631,9.737325873179126
1981-06-06,29.73268892,1050.000989403124,13.041061435492038
1981-06-07,36.81190057,1300.001225059379,16.14607606403445
1981-06-08,31.43169972,1110.0010461018842,13.786264948096658
1981-06-09,51.5366608,1820.0017151537602,22.604506490525452
1981-06-10,41.62576449,1470.0013852350032,18.257486010566076
1981-06-11,24.66397338,871.0008207226861,10.817870962069724
1981-06-12,23.81446798,841.000792373306,10.445269205767413
1981-06-13,30.29902585,1070.001008184995,13.28946260489821
1981-06-14,20.07664423,709.000667989181,8.805821482423351
1981-06-15,13.50713582,477.000449342554,5.924367907662323
1981-06-16,10.19406477,360.00033913311904,4.471221062469415
1981-06-17,11.04357017,390.00036748249903,4.843822818771726
1981-06-18,11.52495656,407.000383429432,5.054963812547666
1981-06-19,13.53545267,478.000450405249,5.936787967667767
1981-06-20,15.82911724,559.000526595428,6.942812705297903
1981-06-21,17.49981119,618.000582231493,7.675596157897078
1981-06-22,20.75624855,733.000690668685,9.103902887465198
1981-06-23,24.46575546,864.000814343262,10.73093055518992
1981-06-24,27.4107075,968.0009121502501,12.022616637856459
1981-06-25,23.61625006,834.000785993882,10.358328798887609
1981-06-26,22.82337835,806.000759416745,10.010567158210085
1981-06-27,25.03209239,884.000833125133,10.979331724596092
1981-06-28,22.93664574,810.000763314378,10.06024739384576
1981-06-29,19.85010946,701.000660547062,8.706461015538101
1981-06-30,17.58476173,621.0005850664311,7.71285633352731
1981-07-01,16.53703841,584.000550337627,7.253314170345195
1981-07-02,14.72476023,520.000490094381,6.4584304264910015
1981-07-03,12.79921466,452.00042595350203,5.613866447001133
1981-07-04,12.20456088,431.00040610893603,5.353045217589515
1981-07-05,12.57267989,444.00041851138303,5.514505980115884
1981-07-06,13.22396736,467.000440128192,5.800167325152287
1981-07-07,14.07347276,497.000468477572,6.1727690814545975
1981-07-08,14.61149284,516.000486196748,6.408750190855326
1981-07-09,11.46832287,405.000381657189,5.03012369692288
1981-07-10,9.061390909,320.0003015340623,3.97441872321846
1981-07-11,8.749905597,309.00029118637593,3.837798079825759
1981-07-12,9.372876222,331.0003119170634,4.11103936704977
1981-07-13,9.542777302,337.0003175869394,4.185559718310232
1981-07-14,8.80653929,311.00029306456304,3.862638196766377
1981-07-15,7.588914887,268.00025255993893,3.3285756810079694
1981-07-16,6.371290483,225.0002120200001,2.7945131648109522
1981-07-17,5.578418779,197.0001856547513,2.44675152676509
1981-07-18,5.06871554,179.000168680438,2.2231904734223145
1981-07-19,4.842180767,171.00016113237493,2.1238300052212353
1981-07-20,4.700596534,166.0001564192498,2.061729712650387
1981-07-21,4.502378608,159.0001498279376,1.974789303138921
1981-07-22,4.304160682,152.0001432366254,1.8878488936274556
1981-07-23,4.162576449,147.0001385235003,1.8257486010566077
1981-07-24,3.964358523,140.0001319321881,1.7388081915451419
1981-07-25,3.851091137,136.0001281758139,1.6891279576639073
1981-07-26,3.936041676,139.0001309754372,1.726388132855528
1981-07-27,3.90772483,138.000130054001,1.7139680746045245
1981-07-28,3.794457443,134.0001262623121,1.66428784028468
1981-07-29,3.681190057,130.0001225059379,1.6146076064034451
1981-07-30,3.511288977,124.0001168360619,1.5400872551429832
1981-07-31,3.341387898,118.0001112015006,1.4655669043211315
1981-08-01,3.171486818,112.00010553162461,1.3910465530606695
1981-08-02,3.086536279,109.00010273200131,1.3537863778690487
1981-08-03,2.973268892,105.00009894031241,1.3041061435492038
1981-08-04,2.888318352,102.00009610537441,1.266845967918973
1981-08-05,2.775050966,98.0000923490002,1.2171657340377382
1981-08-06,2.690100426,95.0000895140622,1.1799055584075073
1981-08-07,2.605149886,92.00008667912421,1.142645382777276
1981-08-08,2.548516193,90.00008480093712,1.117805265836659
1981-08-09,2.66178358,94.000088592626,1.1674855001565037
1981-08-10,2.718417273,96.0000904708131,1.192325617097121
1981-08-11,2.633466733,93.0000876358751,1.15506544146689
1981-08-12,2.57683304,91.000085757688,1.1302253245262726
1981-08-13,2.57683304,91.000085757688,1.1302253245262726
1981-08-14,2.57683304,91.000085757688,1.1302253245262726
1981-08-15,2.520199347,89.0000838795009,1.1053852075856556
1981-08-16,2.435248807,86.0000810445629,1.0681250319554243
1981-08-17,2.378615114,84.00007916637581,1.0432849150148071
1981-08-18,2.350298267,83.0000782096249,1.0308648563251934
1981-08-19,2.293664574,81.00007633143781,1.006024739384576
1981-08-20,2.237030881,79.0000744532507,0.9811846224439589
1981-08-21,2.265347727,80.0000753746869,0.9936046806949623
1981-08-22,2.265347727,80.0000753746869,0.9936046806949623
1981-08-23,2.265347727,80.0000753746869,0.9936046806949623
1981-08-24,2.265347727,80.0000753746869,0.9936046806949623
1981-08-25,2.265347727,80.0000753746869,0.9936046806949623
1981-08-26,2.265347727,80.0000753746869,0.9936046806949623
1981-08-27,2.265347727,80.0000753746869,0.9936046806949623
1981-08-28,2.265347727,80.0000753746869,0.9936046806949623
1981-08-29,2.265347727,80.0000753746869,0.9936046806949623
1981-08-30,2.208714034,78.00007349649981,0.9687645637543452
1981-08-31,2.180397188,77.00007257506361,0.9563445055033416
1981-09-01,2.095446648,74.0000697401256,0.9190843298731104
1981-09-02,2.038812955,72.0000678619385,0.8942442129324933
1981-09-03,1.953862415,69.0000650270005,0.8569840373022622
1981-09-04,1.868911875,66.0000621920625,0.8197238616720313
1981-09-05,1.812278182,64.00006031387541,0.794883744731414
1981-09-06,1.727327642,61.00005747893741,0.757623569101183
1981-09-07,1.614060256,57.0000537225632,0.7079433352199485
1981-09-08,1.529109716,54.0000508876252,0.6706831595897175
1981-09-09,1.444159176,51.000048052687205,0.6334229839594865
1981-09-10,1.359208636,48.000045217749204,0.5961628083292554
1981-09-11,1.302574943,46.000043339562104,0.571322691388638
1981-09-12,1.24594125,44.000041461375005,0.5464825744480208
1981-09-13,1.217624403,43.0000405046241,0.5340625157584071
1981-09-14,1.16099071,41.000038626437004,0.5092223988177899
1981-09-15,1.132673864,40.0000377050008,0.4968023405667863
1981-09-16,1.104357017,39.000036748249904,0.4843822818771726
1981-09-17,1.104357017,39.000036748249904,0.4843822818771726
1981-09-18,1.07604017,38.000035791499,0.47196222318755876
1981-09-19,1.019406477,36.0000339133119,0.44712210624694154
1981-09-20,1.019406477,36.0000339133119,0.44712210624694154
1981-09-21,0.991089631,35.000032991875706,0.43470204799593803
1981-09-22,0.962772784,34.0000320351248,0.4222819893063242
1981-09-23,0.962772784,34.0000320351248,0.4222819893063242
1981-09-24,0.934455938,33.00003111368861,0.40986193105532076
1981-09-25,0.934455938,33.00003111368861,0.40986193105532076
1981-09-26,0.906139091,32.000030156937704,0.397441872365707
1981-09-27,0.877822244,31.000029200186802,0.3850218136760932
1981-09-28,0.877822244,31.000029200186802,0.3850218136760932
1981-09-29,0.849505398,30.0000282787506,0.3726017554250897
1981-09-30,0.849505398,30.0000282787506,0.3726017554250897
1981-10-01,0.792871705,28.000026400563502,0.3477616384844725
1981-10-02,0.764554858,27.0000254438126,0.33534157979485874
1981-10-03,0.736238011,26.0000244870617,0.32292152110524497
1981-10-04,0.736238011,26.0000244870617,0.32292152110524497
1981-10-05,0.679604318,24.000022608874602,0.2980814041646277
1981-10-06,0.679604318,24.000022608874602,0.2980814041646277
1981-10-07,0.679604318,24.000022608874602,0.2980814041646277
1981-10-08,0.679604318,24.000022608874602,0.2980814041646277
1981-10-09,0.679604318,24.000022608874602,0.2980814041646277
1981-10-10,0.707921165,25.0000235656255,0.31050146285424146
1981-10-11,0.877822244,31.000029200186802,0.3850218136760932
1981-10-12,0.934455938,33.00003111368861,0.40986193105532076
1981-10-13,0.934455938,33.00003111368861,0.40986193105532076
1981-10-14,0.991089631,35.000032991875706,0.43470204799593803
1981-10-15,0.991089631,35.000032991875706,0.43470204799593803
1981-10-16,1.104357017,39.000036748249904,0.4843822818771726
1981-10-17,1.104357017,39.000036748249904,0.4843822818771726
1981-10-18,1.07604017,38.000035791499,0.47196222318755876
1981-10-19,1.07604017,38.000035791499,0.47196222318755876
1981-10-20,1.07604017,38.000035791499,0.47196222318755876
1981-10-21,1.07604017,38.000035791499,0.47196222318755876
1981-10-22,1.07604017,38.000035791499,0.47196222318755876
1981-10-23,1.047723324,37.0000348700628,0.4595421649365552
1981-10-24,1.047723324,37.0000348700628,0.4595421649365552
1981-10-25,1.047723324,37.0000348700628,0.4595421649365552
1981-10-26,1.019406477,36.0000339133119,0.44712210624694154
1981-10-27,1.019406477,36.0000339133119,0.44712210624694154
1981-10-28,1.019406477,36.0000339133119,0.44712210624694154
1981-10-29,1.047723324,37.0000348700628,0.4595421649365552
1981-10-30,1.047723324,37.0000348700628,0.4595421649365552
1981-10-31,1.019406477,36.0000339133119,0.44712210624694154
1981-11-01,1.019406477,36.0000339133119,0.44712210624694154
1981-11-02,1.019406477,36.0000339133119,0.44712210624694154
1981-11-03,0.991089631,35.000032991875706,0.43470204799593803
1981-11-04,0.934455938,33.00003111368861,0.40986193105532076
1981-11-05,0.934455938,33.00003111368861,0.40986193105532076
1981-11-06,0.934455938,33.00003111368861,0.40986193105532076
1981-11-07,0.906139091,32.000030156937704,0.397441872365707
1981-11-08,0.906139091,32.000030156937704,0.397441872365707
1981-11-09,0.877822244,31.000029200186802,0.3850218136760932
1981-11-10,0.821188551,29.000027321999703,0.36018169673547595
1981-11-11,0.792871705,28.000026400563502,0.3477616384844725
1981-11-12,0.821188551,29.000027321999703,0.36018169673547595
1981-11-13,0.792871705,28.000026400563502,0.3477616384844725
1981-11-14,0.792871705,28.000026400563502,0.3477616384844725
1981-11-15,0.792871705,28.000026400563502,0.3477616384844725
1981-11-16,0.877822244,31.000029200186802,0.3850218136760932
1981-11-17,0.877822244,31.000029200186802,0.3850218136760932
1981-11-18,0.877822244,31.000029200186802,0.3850218136760932
1981-11-19,0.821188551,29.000027321999703,0.36018169673547595
1981-11-20,0.849505398,30.0000282787506,0.3726017554250897
1981-11-21,0.906139091,32.000030156937704,0.397441872365707
1981-11-22,0.906139091,32.000030156937704,0.397441872365707
1981-11-23,0.849505398,30.0000282787506,0.3726017554250897
1981-11-24,0.849505398,30.0000282787506,0.3726017554250897
1981-11-25,0.821188551,29.000027321999703,0.36018169673547595
1981-11-26,0.821188551,29.000027321999703,0.36018169673547595
1981-11-27,0.821188551,29.000027321999703,0.36018169673547595
1981-11-28,0.849505398,30.0000282787506,0.3726017554250897
1981-11-29,0.877822244,31.000029200186802,0.3850218136760932
1981-11-30,0.906139091,32.000030156937704,0.397441872365707
1981-12-01,0.934455938,33.00003111368861,0.40986193105532076
1981-12-02,0.962772784,34.0000320351248,0.4222819893063242
1981-12-03,0.991089631,35.000032991875706,0.43470204799593803
1981-12-04,1.019406477,36.0000339133119,0.44712210624694154
1981-12-05,1.019406477,36.0000339133119,0.44712210624694154
1981-12-06,1.019406477,36.0000339133119,0.44712210624694154
1981-12-07,1.019406477,36.0000339133119,0.44712210624694154
1981-12-08,0.962772784,34.0000320351248,0.4222819893063242
1981-12-09,0.906139091,32.000030156937704,0.397441872365707
1981-12-10,0.877822244,31.000029200186802,0.3850218136760932
1981-12-11,0.821188551,29.000027321999703,0.36018169673547595
1981-12-12,0.821188551,29.000027321999703,0.36018169673547595
1981-12-13,0.821188551,29.000027321999703,0.36018169673547595
1981-12-14,0.792871705,28.000026400563502,0.3477616384844725
1981-12-15,0.792871705,28.000026400563502,0.3477616384844725
1981-12-16,0.764554858,27.0000254438126,0.33534157979485874
1981-12-17,0.736238011,26.0000244870617,0.32292152110524497
1981-12-18,0.736238011,26.0000244870617,0.32292152110524497
1981-12-19,0.764554858,27.0000254438126,0.33534157979485874
1981-12-20,0.792871705,28.000026400563502,0.3477616384844725
1981-12-21,0.821188551,29.000027321999703,0.36018169673547595
1981-12-22,0.849505398,30.0000282787506,0.3726017554250897
1981-12-23,0.877822244,31.000029200186802,0.3850218136760932
1981-12-24,0.877822244,31.000029200186802,0.3850218136760932
1981-12-25,0.849505398,30.0000282787506,0.3726017554250897
1981-12-26,0.821188551,29.000027321999703,0.36018169673547595
1981-12-27,0.821188551,29.000027321999703,0.36018169673547595
1981-12-28,0.821188551,29.000027321999703,0.36018169673547595
1981-12-29,0.821188551,29.000027321999703,0.36018169673547595
1981-12-30,0.821188551,29.000027321999703,0.36018169673547595
1981-12-31,0.792871705,28.000026400563502,0.3477616384844725
1982-01-01,0.821188551,29.000027321999703,0.36018169673547595
1982-01-02,0.849505398,30.0000282787506,0.3726017554250897
1982-01-03,0.877822244,31.000029200186802,0.3850218136760932
1982-01-04,0.877822244,31.000029200186802,0.3850218136760932
1982-01-05,0.849505398,30.0000282787506,0.3726017554250897
1982-01-06,0.821188551,29.000027321999703,0.36018169673547595
1982-01-07,0.792871705,28.000026400563502,0.3477616384844725
1982-01-08,0.792871705,28.000026400563502,0.3477616384844725
1982-01-09,0.821188551,29.000027321999703,0.36018169673547595
1982-01-10,0.849505398,30.0000282787506,0.3726017554250897
1982-01-11,0.877822244,31.000029200186802,0.3850218136760932
1982-01-12,0.821188551,29.000027321999703,0.36018169673547595
1982-01-13,0.792871705,28.000026400563502,0.3477616384844725
1982-01-14,0.764554858,27.0000254438126,0.33534157979485874
1982-01-15,0.764554858,27.0000254438126,0.33534157979485874
1982-01-16,0.764554858,27.0000254438126,0.33534157979485874
1982-01-17,0.792871705,28.000026400563502,0.3477616384844725
1982-01-18,0.792871705,28.000026400563502,0.3477616384844725
1982-01-19,0.821188551,29.000027321999703,0.36018169673547595
1982-01-20,0.792871705,28.000026400563502,0.3477616384844725
1982-01-21,0.764554858,27.0000254438126,0.33534157979485874
1982-01-22,0.792871705,28.000026400563502,0.3477616384844725
1982-01-23,0.792871705,28.000026400563502,0.3477616384844725
1982-01-24,0.821188551,29.000027321999703,0.36018169673547595
1982-01-25,0.821188551,29.000027321999703,0.36018169673547595
1982-01-26,0.849505398,30.0000282787506,0.3726017554250897
1982-01-27,0.821188551,29.000027321999703,0.36018169673547595
1982-01-28,0.792871705,28.000026400563502,0.3477616384844725
1982-01-29,0.764554858,27.0000254438126,0.33534157979485874
1982-01-30,0.764554858,27.0000254438126,0.33534157979485874
1982-01-31,0.736238011,26.0000244870617,0.32292152110524497
1982-02-01,0.736238011,26.0000244870617,0.32292152110524497
1982-02-02,0.707921165,25.0000235656255,0.31050146285424146
1982-02-03,0.679604318,24.000022608874602,0.2980814041646277
1982-02-04,0.651287472,23.0000216874384,0.2856613459136242
1982-02-05,0.651287472,23.0000216874384,0.2856613459136242
1982-02-06,0.651287472,23.0000216874384,0.2856613459136242
1982-02-07,0.622970625,22.000020730687503,0.2732412872240104
1982-02-08,0.594653778,21.0000197739366,0.26082122853439665
1982-02-09,0.566336932,20.0000188525004,0.24840117028339315
1982-02-10,0.566336932,20.0000188525004,0.24840117028339315
1982-02-11,0.538020085,19.0000178957495,0.23598111159377938
1982-02-12,0.509703239,18.0000169743133,0.2235610533427759
1982-02-13,0.509703239,18.0000169743133,0.2235610533427759
1982-02-14,0.481386392,17.0000160175624,0.2111409946531621
1982-02-15,0.481386392,17.0000160175624,0.2111409946531621
1982-02-16,0.509703239,18.0000169743133,0.2235610533427759
1982-02-17,0.509703239,18.0000169743133,0.2235610533427759
1982-02-18,0.509703239,18.0000169743133,0.2235610533427759
1982-02-19,0.509703239,18.0000169743133,0.2235610533427759
1982-02-20,0.509703239,18.0000169743133,0.2235610533427759
1982-02-21,0.509703239,18.0000169743133,0.2235610533427759
1982-02-22,0.509703239,18.0000169743133,0.2235610533427759
1982-02-23,0.509703239,18.0000169743133,0.2235610533427759
1982-02-24,0.481386392,17.0000160175624,0.2111409946531621
1982-02-25,0.481386392,17.0000160175624,0.2111409946531621
1982-02-26,0.481386392,17.0000160175624,0.2111409946531621
1982-02-27,0.481386392,17.0000160175624,0.2111409946531621
1982-02-28,0.481386392,17.0000160175624,0.2111409946531621
1982-03-01,0.481386392,17.0000160175624,0.2111409946531621
1982-03-02,0.481386392,17.0000160175624,0.2111409946531621
1982-03-03,0.481386392,17.0000160175624,0.2111409946531621
1982-03-04,0.481386392,17.0000160175624,0.2111409946531621
1982-03-05,0.453069545,16.000015060811503,0.1987209359635484
1982-03-06,0.424752699,15.0000141393753,0.18630087771254486
1982-03-07,0.453069545,16.000015060811503,0.1987209359635484
1982-03-08,0.453069545,16.000015060811503,0.1987209359635484
1982-03-09,0.453069545,16.000015060811503,0.1987209359635484
1982-03-10,0.453069545,16.000015060811503,0.1987209359635484
1982-03-11,0.453069545,16.000015060811503,0.1987209359635484
1982-03-12,0.481386392,17.0000160175624,0.2111409946531621
1982-03-13,0.481386392,17.0000160175624,0.2111409946531621
1982-03-14,0.509703239,18.0000169743133,0.2235610533427759
1982-03-15,0.538020085,19.0000178957495,0.23598111159377938
1982-03-16,0.566336932,20.0000188525004,0.24840117028339315
1982-03-17,0.594653778,21.0000197739366,0.26082122853439665
1982-03-18,0.594653778,21.0000197739366,0.26082122853439665
1982-03-19,0.651287472,23.0000216874384,0.2856613459136242
1982-03-20,0.679604318,24.000022608874602,0.2980814041646277
1982-03-21,0.651287472,23.0000216874384,0.2856613459136242
1982-03-22,0.622970625,22.000020730687503,0.2732412872240104
1982-03-23,0.594653778,21.0000197739366,0.26082122853439665
1982-03-24,0.622970625,22.000020730687503,0.2732412872240104
1982-03-25,0.622970625,22.000020730687503,0.2732412872240104
1982-03-26,0.622970625,22.000020730687503,0.2732412872240104
1982-03-27,0.594653778,21.0000197739366,0.26082122853439665
1982-03-28,0.594653778,21.0000197739366,0.26082122853439665
1982-03-29,0.594653778,21.0000197739366,0.26082122853439665
1982-03-30,0.594653778,21.0000197739366,0.26082122853439665
1982-03-31,0.566336932,20.0000188525004,0.24840117028339315
1982-04-01,0.566336932,20.0000188525004,0.24840117028339315
1982-04-02,0.566336932,20.0000188525004,0.24840117028339315
1982-04-03,0.594653778,21.0000197739366,0.26082122853439665
1982-04-04,0.594653778,21.0000197739366,0.26082122853439665
1982-04-05,0.594653778,21.0000197739366,0.26082122853439665
1982-04-06,0.594653778,21.0000197739366,0.26082122853439665
1982-04-07,0.594653778,21.0000197739366,0.26082122853439665
1982-04-08,0.594653778,21.0000197739366,0.26082122853439665
1982-04-09,0.594653778,21.0000197739366,0.26082122853439665
1982-04-10,0.566336932,20.0000188525004,0.24840117028339315
1982-04-11,0.594653778,21.0000197739366,0.26082122853439665
1982-04-12,0.651287472,23.0000216874384,0.2856613459136242
1982-04-13,0.679604318,24.000022608874602,0.2980814041646277
1982-04-14,0.679604318,24.000022608874602,0.2980814041646277
1982-04-15,0.679604318,24.000022608874602,0.2980814041646277
1982-04-16,0.679604318,24.000022608874602,0.2980814041646277
1982-04-17,0.651287472,23.0000216874384,0.2856613459136242
1982-04-18,0.622970625,22.000020730687503,0.2732412872240104
1982-04-19,0.594653778,21.0000197739366,0.26082122853439665
1982-04-20,0.707921165,25.0000235656255,0.31050146285424146
1982-04-21,0.679604318,24.000022608874602,0.2980814041646277
1982-04-22,0.622970625,22.000020730687503,0.2732412872240104
1982-04-23,0.821188551,29.000027321999703,0.36018169673547595
1982-04-24,1.019406477,36.0000339133119,0.44712210624694154
1982-04-25,1.274258097,45.0000424181259,0.5589026331376346
1982-04-26,1.41584233,50.000047131251,0.6210029257084829
1982-04-27,1.472476023,52.0000490094381,0.6458430426491001
1982-04-28,1.614060256,57.0000537225632,0.7079433352199485
1982-04-29,2.152080341,76.0000716183127,0.9439244468137278
1982-04-30,2.152080341,76.0000716183127,0.9439244468137278
1982-05-01,2.548516193,90.00008480093712,1.117805265836659
1982-05-02,3.454655284,122.00011495787481,1.515247138202366
1982-05-03,4.162576449,147.0001385235003,1.8257486010566077
1982-05-04,4.304160682,152.0001432366254,1.8878488936274556
1982-05-05,3.851091137,136.0001281758139,1.6891279576639073
1982-05-06,3.511288977,124.0001168360619,1.5400872551429832
1982-05-07,3.341387898,118.0001112015006,1.4655669043211315
1982-05-08,3.228120511,114.00010740981172,1.4158866700012869
1982-05-09,3.228120511,114.00010740981172,1.4158866700012869
1982-05-10,3.114853125,110.00010365343749,1.366206436120052
1982-05-11,2.973268892,105.00009894031241,1.3041061435492038
1982-05-12,2.775050966,98.0000923490002,1.2171657340377382
1982-05-13,2.633466733,93.0000876358751,1.15506544146689
1982-05-14,2.746734119,97.0000913922493,1.2047456753481245
1982-05-15,3.029902585,107.0001008184995,1.328946260489821
1982-05-16,3.681190057,130.0001225059379,1.6146076064034451
1982-05-17,4.870497614,172.0001620891258,2.1362500639108486
1982-05-18,5.889904091,208.00019600243772,2.5833721701577903
1982-05-19,6.711092642,237.0002233244374,2.9435538668932666
1982-05-20,6.31465679,223.000210141813,2.7696730478703353
1982-05-21,6.14475571,217.00020447193702,2.695152696609873
1982-05-22,7.390696961,261.0002459686267,3.2416352714965044
1982-05-23,9.061390909,320.0003015340623,3.97441872321846
1982-05-24,10.3922827,367.00034586569006,4.558161473735322
1982-05-25,12.11961034,428.000403273998,5.315785041959284
1982-05-26,15.17782977,536.000504978619,6.657151360261499
1982-05-27,19.65189153,694.0006538144911,8.619520604272195
1982-05-28,21.37921918,755.0007115759461,9.37714417688226
1982-05-29,16.28218679,575.000541832813,7.141533643454503
1982-05-30,12.43109565,439.00041355105503,5.452405684474763
1982-05-31,10.33564901,365.000344093447,4.533321358110534
1982-06-01,10.10911423,357.000336298181,4.433960886839184
1982-06-02,9.995846847,353.0003326477509,4.38428065427378
1982-06-03,9.287925682,328.0003090821254,4.073779191419539
1982-06-04,8.919806676,315.00029682093725,3.9123184306476118
1982-06-05,8.353469745,295.00027800375153,3.6639172608028288
1982-06-06,8.80653929,311.00029306456304,3.862638196766377
1982-06-07,7.702182273,272.00025631631314,3.378255914889204
1982-06-08,7.079211648,250.00023558562563,3.1050146276651938
1982-06-09,6.39960733,226.00021297675102,2.8069332235005664
1982-06-10,6.116438864,216.0002035505008,2.68273263835887
1982-06-11,6.116438864,216.0002035505008,2.68273263835887
1982-06-12,7.164162188,253.0002384205636,3.142274803295425
1982-06-13,10.25069847,362.000341258509,4.496061182480304
1982-06-14,14.27169068,504.00047485699605,6.259709488334402
1982-06-15,17.38654381,614.000578687007,7.625915926647505
1982-06-16,23.41803213,827.0007792613111,10.271388387621704
1982-06-17,26.81605372,947.000892305684,11.761795408444842
1982-06-18,30.86536279,1090.001027320013,13.537863778690484
1982-06-19,34.26338438,1210.001140364386,15.028270799513622
1982-06-20,38.2277429,1350.00127219063,16.767078989742938
1982-06-21,39.64358523,1400.001319321881,17.388081915451416
1982-06-22,42.47526989,1500.001413584383,18.63008776686838
1982-06-23,45.30695455,1600.001507846885,19.872093618285348
1982-06-24,43.89111222,1550.001460715634,19.251090692576863
1982-06-25,45.87329148,1620.001526628756,20.12049478769152
1982-06-26,44.74061762,1580.001489065014,19.623692448879176
1982-06-27,48.9881446,1730.00163010562,21.486701221618524
1982-06-28,53.23567159,1880.0017714993733,23.349709998743975
1982-06-29,58.04953551,2050.001931674997,25.461119945275595
1982-06-30,53.80200852,1900.0017902812442,23.598111168150144
1982-07-01,50.12081847,1770.0016680225092,21.983503564816974
1982-07-02,41.90893296,1480.001394802512,18.38168659746221
1982-07-03,36.24556364,1280.0012062775081,15.89767489462828
1982-07-04,33.41387898,1180.0011120150061,14.655669043211315
1982-07-05,34.82972131,1230.001159146257,15.276671968919795
1982-07-06,26.22139994,926.0008724611181,11.500974179033223
1982-07-07,23.53129952,831.000783158944,10.321068623257379
1982-07-08,26.95763796,952.0008972660121,11.823895704085961
1982-07-09,31.43169972,1110.0010461018842,13.786264948096658
1982-07-10,32.56437358,1150.001083665626,14.283067286909006
1982-07-11,31.71486818,1120.001055316246,13.910465530606693
1982-07-12,31.43169972,1110.0010461018842,13.786264948096658
1982-07-13,33.41387898,1180.0011120150061,14.655669043211315
1982-07-14,31.71486818,1120.001055316246,13.910465530606693
1982-07-15,36.24556364,1280.0012062775081,15.89767489462828
1982-07-16,35.39605824,1250.001177928128,15.525073138325972
1982-07-17,28.31684659,1000.0009422718731,12.420058509783555
1982-07-18,22.28535827,787.0007416975691,9.774586048809356
1982-07-19,23.16318051,818.0007707564971,10.15960786073101
1982-07-20,25.11704293,887.0008359600711,11.016591900226322
1982-07-21,26.5612021,938.00088380087,11.650014881554148
1982-07-22,27.63724227,976.0009195923691,12.121977104741708
1982-07-23,27.38239065,967.0009110875551,12.010196577851016
1982-07-24,31.71486818,1120.001055316246,13.910465530606693
1982-07-25,33.98021591,1200.001130796877,14.904070212617487
1982-07-26,27.55229173,973.000916757431,12.084716929111476
1982-07-27,26.33466733,930.000876358751,11.550654414668898
1982-07-28,29.73268892,1050.000989403124,13.041061435492038
1982-07-29,30.58219432,1080.0010177525041,13.413663191794349
1982-07-30,28.60001506,1010.0009518393821,12.544259096679692
1982-07-31,22.03050665,778.000733192755,9.662805521918663
1982-08-01,18.80238614,664.0006258182581,8.246918852355988
1982-08-02,18.88733668,667.000628653196,8.284179027986218
1982-08-03,18.88733668,667.000628653196,8.284179027986218
1982-08-04,17.0184248,601.00056628456,7.464455164121135
1982-08-05,14.21505699,502.0004730847531,6.234869372709616
1982-08-06,11.92139242,421.000396894574,5.22884463507948
1982-08-07,10.78871855,381.00035897768504,4.732042291881032
1982-08-08,10.36396585,366.000344802995,4.545741413729877
1982-08-09,11.72317449,414.00039016200304,5.141904223813573
1982-08-10,13.96020537,493.00046457993903,6.123088845818922
1982-08-11,12.14792719,429.00040433669307,5.328205101964729
1982-08-12,10.3922827,367.00034586569006,4.558161473735322
1982-08-13,9.316242529,329.0003100388763,4.086199250109153
1982-08-14,8.211885512,290.0002732906264,3.6018169682319807
1982-08-15,7.532281193,266.0002506464371,3.303735563628742
1982-08-16,7.107528495,251.00023654237654,3.117434686354808
1982-08-17,6.965944262,246.00023182925142,3.055334393783959
1982-08-18,6.711092642,237.0002233244374,2.9435538668932666
1982-08-19,6.427924176,227.0002138981872,2.81935328175157
1982-08-20,6.22970625,220.00020730687498,2.732412872240104
1982-08-21,6.116438864,216.0002035505008,2.68273263835887
1982-08-22,6.003171478,212.0001997941266,2.633052404477635
1982-08-23,5.776636705,204.0001922460635,2.5336919362765555
1982-08-24,5.578418779,197.0001856547513,2.44675152676509
1982-08-25,5.408517699,191.0001799848753,2.3722311755046284
1982-08-26,5.210299773,184.0001733935631,2.2852907659931625
1982-08-27,4.89881446,173.000163010562,2.1486701221618523
1982-08-28,4.615645994,163.00015358431182,2.0244695370201558
1982-08-29,4.445744915,157.0001479497505,1.9499491861983036
1982-08-30,4.389111222,155.00014607156342,1.9251090692576869
1982-08-31,4.955448154,175.0001649240638,2.1735102395410797
1982-09-01,5.550101932,196.0001846980004,2.4343314680754764
1982-09-02,6.031488324,213.0002007155628,2.645472462728639
1982-09-03,5.550101932,196.0001846980004,2.4343314680754764
1982-09-04,5.040398693,178.00016772368713,2.2107704147327008
1982-09-05,4.615645994,163.00015358431182,2.0244695370201558
1982-09-06,4.247526989,150.0001413584383,1.8630087766868382
1982-09-07,3.992675369,141.0001328536243,1.7512282497961453
1982-09-08,3.73782375,132.000124384125,1.6394477233440625
1982-09-09,3.539605824,125.00011779281282,1.5525073138325969
1982-09-10,3.426338438,121.00011403643862,1.5028270799513626
1982-09-11,3.426338438,121.00011403643862,1.5028270799513626
1982-09-12,3.284754205,116.00010932331351,1.440726787380514
1982-09-13,3.228120511,114.00010740981172,1.4158866700012869
1982-09-14,3.171486818,112.00010553162461,1.3910465530606695
1982-09-15,3.143169972,111.0001046101884,1.3786264948096658
1982-09-16,3.086536279,109.00010273200131,1.3537863778690487
1982-09-17,3.029902585,107.0001008184995,1.328946260489821
1982-09-18,2.944952046,104.0000980188762,1.2916860852982002
1982-09-19,2.860001506,101.00009518393821,1.2544259096679693
1982-09-20,2.746734119,97.0000913922493,1.2047456753481245
1982-09-21,2.66178358,94.000088592626,1.1674855001565037
1982-09-22,2.548516193,90.00008480093712,1.117805265836659
1982-09-23,2.435248807,86.0000810445629,1.0681250319554243
1982-09-24,2.321981421,82.00007728818869,1.0184447980741897
1982-09-25,2.237030881,79.0000744532507,0.9811846224439589
1982-09-26,3.709506904,131.0001234626888,1.6270276650930589
1982-09-27,7.362380114,260.0002450118758,3.2292152128068903
1982-09-28,9.202975142,325.0003062471874,4.036519015789308
1982-09-29,11.41168918,403.000379884946,5.005283581298094
1982-09-30,10.84535224,383.00036074992806,4.756882407505819
1982-10-01,9.146341449,323.0003043690003,4.0116788988486904
1982-10-02,7.843766506,277.0002610294382,3.4403562074600527
1982-10-03,7.079211648,250.00023558562563,3.1050146276651938
1982-10-04,6.626142103,234.00022052481413,2.9062936917016455
1982-10-05,6.14475571,217.00020447193702,2.695152696609873
1982-10-06,5.550101932,196.0001846980004,2.4343314680754764
1982-10-07,5.181982926,183.0001724368122,2.272870707303549
1982-10-08,4.785547074,169.00015925418782,2.098989888280618
1982-10-09,4.417428068,156.00014699299962,1.9375291275086903
1982-10-10,4.077625909,144.0001356885623,1.7884884254263762
1982-10-11,3.794457443,134.0001262623121,1.66428784028468
1982-10-12,3.596239517,127.00011967099991,1.577347430773214
1982-10-13,3.454655284,122.00011495787481,1.515247138202366
1982-10-14,3.313071051,117.0001102447497,1.4531468456315175
1982-10-15,3.256437358,115.0001083665626,1.4283067286909004
1982-10-16,3.256437358,115.0001083665626,1.4283067286909004
1982-10-17,3.143169972,111.0001046101884,1.3786264948096658
1982-10-18,3.001585739,106.0000998970633,1.3165262022388176
1982-10-19,2.746734119,97.0000913922493,1.2047456753481245
1982-10-20,2.633466733,93.0000876358751,1.15506544146689
1982-10-21,2.4918825,88.00008292275001,1.0929651488960417
1982-10-22,2.378615114,84.00007916637581,1.0432849150148071
1982-10-23,2.237030881,79.0000744532507,0.9811846224439589
1982-10-24,2.152080341,76.0000716183127,0.9439244468137278
1982-10-25,2.067129801,73.0000687833747,0.9066642711834968
1982-10-26,2.038812955,72.0000678619385,0.8942442129324933
1982-10-27,2.067129801,73.0000687833747,0.9066642711834968
1982-10-28,1.840595028,65.0000612353116,0.8073038029824176
1982-10-29,1.812278182,64.00006031387541,0.794883744731414
1982-10-30,1.840595028,65.0000612353116,0.8073038029824176
1982-10-31,1.812278182,64.00006031387541,0.794883744731414
1982-11-01,1.699010796,60.0000565575012,0.7452035108501794
1982-11-02,1.585743409,56.000052765812306,0.6955232765303347
1982-11-03,1.529109716,54.0000508876252,0.6706831595897175
1982-11-04,1.529109716,54.0000508876252,0.6706831595897175
1982-11-05,1.472476023,52.0000490094381,0.6458430426491001
1982-11-06,1.444159176,51.000048052687205,0.6334229839594865
1982-11-07,1.387525483,49.0000461745001,0.6085828670188691
1982-11-08,1.359208636,48.000045217749204,0.5961628083292554
1982-11-09,1.359208636,48.000045217749204,0.5961628083292554
1982-11-10,1.359208636,48.000045217749204,0.5961628083292554
1982-11-11,1.359208636,48.000045217749204,0.5961628083292554
1982-11-12,1.274258097,45.0000424181259,0.5589026331376346
1982-11-13,1.24594125,44.000041461375005,0.5464825744480208
1982-11-14,1.24594125,44.000041461375005,0.5464825744480208
1982-11-15,1.217624403,43.0000405046241,0.5340625157584071
1982-11-16,1.189307557,42.000039583187906,0.5216424575074036
1982-11-17,1.104357017,39.000036748249904,0.4843822818771726
1982-11-18,1.104357017,39.000036748249904,0.4843822818771726
1982-11-19,1.132673864,40.0000377050008,0.4968023405667863
1982-11-20,1.16099071,41.000038626437004,0.5092223988177899
1982-11-21,1.16099071,41.000038626437004,0.5092223988177899
1982-11-22,1.132673864,40.0000377050008,0.4968023405667863
1982-11-23,1.104357017,39.000036748249904,0.4843822818771726
1982-11-24,1.07604017,38.000035791499,0.47196222318755876
1982-11-25,1.047723324,37.0000348700628,0.4595421649365552
1982-11-26,1.047723324,37.0000348700628,0.4595421649365552
1982-11-27,1.047723324,37.0000348700628,0.4595421649365552
1982-11-28,1.019406477,36.0000339133119,0.44712210624694154
1982-11-29,1.019406477,36.0000339133119,0.44712210624694154
1982-11-30,1.019406477,36.0000339133119,0.44712210624694154
1982-12-01,1.047723324,37.0000348700628,0.4595421649365552
1982-12-02,1.047723324,37.0000348700628,0.4595421649365552
1982-12-03,1.047723324,37.0000348700628,0.4595421649365552
1982-12-04,1.019406477,36.0000339133119,0.44712210624694154
1982-12-05,0.962772784,34.0000320351248,0.4222819893063242
1982-12-06,0.962772784,34.0000320351248,0.4222819893063242
1982-12-07,0.934455938,33.00003111368861,0.40986193105532076
1982-12-08,0.906139091,32.000030156937704,0.397441872365707
1982-12-09,0.906139091,32.000030156937704,0.397441872365707
1982-12-10,0.877822244,31.000029200186802,0.3850218136760932
1982-12-11,0.821188551,29.000027321999703,0.36018169673547595
1982-12-12,0.792871705,28.000026400563502,0.3477616384844725
1982-12-13,0.792871705,28.000026400563502,0.3477616384844725
1982-12-14,0.764554858,27.0000254438126,0.33534157979485874
1982-12-15,0.764554858,27.0000254438126,0.33534157979485874
1982-12-16,0.764554858,27.0000254438126,0.33534157979485874
1982-12-17,0.736238011,26.0000244870617,0.32292152110524497
1982-12-18,0.736238011,26.0000244870617,0.32292152110524497
1982-12-19,0.764554858,27.0000254438126,0.33534157979485874
1982-12-20,0.764554858,27.0000254438126,0.33534157979485874
1982-12-21,0.764554858,27.0000254438126,0.33534157979485874
1982-12-22,0.764554858,27.0000254438126,0.33534157979485874
1982-12-23,0.764554858,27.0000254438126,0.33534157979485874
1982-12-24,0.736238011,26.0000244870617,0.32292152110524497
1982-12-25,0.736238011,26.0000244870617,0.32292152110524497
1982-12-26,0.707921165,25.0000235656255,0.31050146285424146
1982-12-27,0.707921165,25.0000235656255,0.31050146285424146
1982-12-28,0.707921165,25.0000235656255,0.31050146285424146
1982-12-29,0.679604318,24.000022608874602,0.2980814041646277
1982-12-30,0.679604318,24.000022608874602,0.2980814041646277
1982-12-31,0.707921165,25.0000235656255,0.31050146285424146
1983-01-01,0.736238011,26.0000244870617,0.32292152110524497
1983-01-02,0.736238011,26.0000244870617,0.32292152110524497
1983-01-03,0.764554858,27.0000254438126,0.33534157979485874
1983-01-04,0.792871705,28.000026400563502,0.3477616384844725
1983-01-05,0.821188551,29.000027321999703,0.36018169673547595
1983-01-06,0.821188551,29.000027321999703,0.36018169673547595
1983-01-07,0.849505398,30.0000282787506,0.3726017554250897
1983-01-08,0.849505398,30.0000282787506,0.3726017554250897
1983-01-09,0.877822244,31.000029200186802,0.3850218136760932
1983-01-10,0.877822244,31.000029200186802,0.3850218136760932
1983-01-11,0.906139091,32.000030156937704,0.397441872365707
1983-01-12,0.877822244,31.000029200186802,0.3850218136760932
1983-01-13,0.849505398,30.0000282787506,0.3726017554250897
1983-01-14,0.849505398,30.0000282787506,0.3726017554250897
1983-01-15,0.821188551,29.000027321999703,0.36018169673547595
1983-01-16,0.821188551,29.000027321999703,0.36018169673547595
1983-01-17,0.792871705,28.000026400563502,0.3477616384844725
1983-01-18,0.736238011,26.0000244870617,0.32292152110524497
1983-01-19,0.707921165,25.0000235656255,0.31050146285424146
1983-01-20,0.651287472,23.0000216874384,0.2856613459136242
1983-01-21,0.622970625,22.000020730687503,0.2732412872240104
1983-01-22,0.622970625,22.000020730687503,0.2732412872240104
1983-01-23,0.594653778,21.0000197739366,0.26082122853439665
1983-01-24,0.594653778,21.0000197739366,0.26082122853439665
1983-01-25,0.594653778,21.0000197739366,0.26082122853439665
1983-01-26,0.566336932,20.0000188525004,0.24840117028339315
1983-01-27,0.566336932,20.0000188525004,0.24840117028339315
1983-01-28,0.538020085,19.0000178957495,0.23598111159377938
1983-01-29,0.566336932,20.0000188525004,0.24840117028339315
1983-01-30,0.538020085,19.0000178957495,0.23598111159377938
1983-01-31,0.509703239,18.0000169743133,0.2235610533427759
1983-02-01,0.509703239,18.0000169743133,0.2235610533427759
1983-02-02,0.481386392,17.0000160175624,0.2111409946531621
1983-02-03,0.453069545,16.000015060811503,0.1987209359635484
1983-02-04,0.424752699,15.0000141393753,0.18630087771254486
1983-02-05,0.396435852,14.0000131826244,0.1738808190229311
1983-02-06,0.368119006,13.000012261188202,0.16146076077192761
1983-02-07,0.396435852,14.0000131826244,0.1738808190229311
1983-02-08,0.424752699,15.0000141393753,0.18630087771254486
1983-02-09,0.481386392,17.0000160175624,0.2111409946531621
1983-02-10,0.481386392,17.0000160175624,0.2111409946531621
1983-02-11,0.453069545,16.000015060811503,0.1987209359635484
1983-02-12,0.424752699,15.0000141393753,0.18630087771254486
1983-02-13,0.424752699,15.0000141393753,0.18630087771254486
1983-02-14,0.424752699,15.0000141393753,0.18630087771254486
1983-02-15,0.453069545,16.000015060811503,0.1987209359635484
1983-02-16,0.481386392,17.0000160175624,0.2111409946531621
1983-02-17,0.453069545,16.000015060811503,0.1987209359635484
1983-02-18,0.453069545,16.000015060811503,0.1987209359635484
1983-02-19,0.481386392,17.0000160175624,0.2111409946531621
1983-02-20,0.481386392,17.0000160175624,0.2111409946531621
1983-02-21,0.453069545,16.000015060811503,0.1987209359635484
1983-02-22,0.424752699,15.0000141393753,0.18630087771254486
1983-02-23,0.396435852,14.0000131826244,0.1738808190229311
1983-02-24,0.396435852,14.0000131826244,0.1738808190229311
1983-02-25,0.424752699,15.0000141393753,0.18630087771254486
1983-02-26,0.453069545,16.000015060811503,0.1987209359635484
1983-02-27,0.453069545,16.000015060811503,0.1987209359635484
1983-02-28,0.453069545,16.000015060811503,0.1987209359635484
1983-03-01,0.453069545,16.000015060811503,0.1987209359635484
1983-03-02,0.453069545,16.000015060811503,0.1987209359635484
1983-03-03,0.453069545,16.000015060811503,0.1987209359635484
1983-03-04,0.453069545,16.000015060811503,0.1987209359635484
1983-03-05,0.453069545,16.000015060811503,0.1987209359635484
1983-03-06,0.453069545,16.000015060811503,0.1987209359635484
1983-03-07,0.453069545,16.000015060811503,0.1987209359635484
1983-03-08,0.453069545,16.000015060811503,0.1987209359635484
1983-03-09,0.453069545,16.000015060811503,0.1987209359635484
1983-03-10,0.481386392,17.0000160175624,0.2111409946531621
1983-03-11,0.481386392,17.0000160175624,0.2111409946531621
1983-03-12,0.481386392,17.0000160175624,0.2111409946531621
1983-03-13,0.509703239,18.0000169743133,0.2235610533427759
1983-03-14,0.566336932,20.0000188525004,0.24840117028339315
1983-03-15,0.566336932,20.0000188525004,0.24840117028339315
1983-03-16,0.566336932,20.0000188525004,0.24840117028339315
1983-03-17,0.566336932,20.0000188525004,0.24840117028339315
1983-03-18,0.566336932,20.0000188525004,0.24840117028339315
1983-03-19,0.538020085,19.0000178957495,0.23598111159377938
1983-03-20,0.509703239,18.0000169743133,0.2235610533427759
1983-03-21,0.509703239,18.0000169743133,0.2235610533427759
1983-03-22,0.538020085,19.0000178957495,0.23598111159377938
1983-03-23,0.509703239,18.0000169743133,0.2235610533427759
1983-03-24,0.509703239,18.0000169743133,0.2235610533427759
1983-03-25,0.509703239,18.0000169743133,0.2235610533427759
1983-03-26,0.481386392,17.0000160175624,0.2111409946531621
1983-03-27,0.481386392,17.0000160175624,0.2111409946531621
1983-03-28,0.481386392,17.0000160175624,0.2111409946531621
1983-03-29,0.481386392,17.0000160175624,0.2111409946531621
1983-03-30,0.481386392,17.0000160175624,0.2111409946531621
1983-03-31,0.509703239,18.0000169743133,0.2235610533427759
1983-04-01,0.538020085,19.0000178957495,0.23598111159377938
1983-04-02,0.566336932,20.0000188525004,0.24840117028339315
1983-04-03,0.566336932,20.0000188525004,0.24840117028339315
1983-04-04,0.566336932,20.0000188525004,0.24840117028339315
1983-04-05,0.538020085,19.0000178957495,0.23598111159377938
1983-04-06,0.538020085,19.0000178957495,0.23598111159377938
1983-04-07,0.566336932,20.0000188525004,0.24840117028339315
1983-04-08,0.594653778,21.0000197739366,0.26082122853439665
1983-04-09,0.594653778,21.0000197739366,0.26082122853439665
1983-04-10,0.594653778,21.0000197739366,0.26082122853439665
1983-04-11,0.622970625,22.000020730687503,0.2732412872240104
1983-04-12,0.651287472,23.0000216874384,0.2856613459136242
1983-04-13,0.651287472,23.0000216874384,0.2856613459136242
1983-04-14,0.651287472,23.0000216874384,0.2856613459136242
1983-04-15,0.622970625,22.000020730687503,0.2732412872240104
1983-04-16,0.622970625,22.000020730687503,0.2732412872240104
1983-04-17,0.622970625,22.000020730687503,0.2732412872240104
1983-04-18,0.594653778,21.0000197739366,0.26082122853439665
1983-04-19,0.622970625,22.000020730687503,0.2732412872240104
1983-04-20,0.651287472,23.0000216874384,0.2856613459136242
1983-04-21,0.679604318,24.000022608874602,0.2980814041646277
1983-04-22,0.736238011,26.0000244870617,0.32292152110524497
1983-04-23,0.877822244,31.000029200186802,0.3850218136760932
1983-04-24,1.019406477,36.0000339133119,0.44712210624694154
1983-04-25,1.16099071,41.000038626437004,0.5092223988177899
1983-04-26,1.019406477,36.0000339133119,0.44712210624694154
1983-04-27,0.991089631,35.000032991875706,0.43470204799593803
1983-04-28,0.991089631,35.000032991875706,0.43470204799593803
1983-04-29,1.07604017,38.000035791499,0.47196222318755876
1983-04-30,1.189307557,42.000039583187906,0.5216424575074036
1983-05-01,1.189307557,42.000039583187906,0.5216424575074036
1983-05-02,1.217624403,43.0000405046241,0.5340625157584071
1983-05-03,1.274258097,45.0000424181259,0.5589026331376346
1983-05-04,1.302574943,46.000043339562104,0.571322691388638
1983-05-05,1.41584233,50.000047131251,0.6210029257084829
1983-05-06,1.359208636,48.000045217749204,0.5961628083292554
1983-05-07,1.359208636,48.000045217749204,0.5961628083292554
1983-05-08,1.444159176,51.000048052687205,0.6334229839594865
1983-05-09,1.444159176,51.000048052687205,0.6334229839594865
1983-05-10,1.33089179,47.000044296313,0.5837427500782518
1983-05-11,1.274258097,45.0000424181259,0.5589026331376346
1983-05-12,1.24594125,44.000041461375005,0.5464825744480208
1983-05-13,1.217624403,43.0000405046241,0.5340625157584071
1983-05-14,1.132673864,40.0000377050008,0.4968023405667863
1983-05-15,1.07604017,38.000035791499,0.47196222318755876
1983-05-16,1.07604017,38.000035791499,0.47196222318755876
1983-05-17,1.07604017,38.000035791499,0.47196222318755876
1983-05-18,1.104357017,39.000036748249904,0.4843822818771726
1983-05-19,1.104357017,39.000036748249904,0.4843822818771726
1983-05-20,1.16099071,41.000038626437004,0.5092223988177899
1983-05-21,1.387525483,49.0000461745001,0.6085828670188691
1983-05-22,1.585743409,56.000052765812306,0.6955232765303347
1983-05-23,2.038812955,72.0000678619385,0.8942442129324933
1983-05-24,3.228120511,114.00010740981172,1.4158866700012869
1983-05-25,4.530695455,160.00015078468851,1.987209361828535
1983-05-26,6.880993722,243.00022899431343,3.018074218153729
1983-05-27,10.10911423,357.000336298181,4.433960886839184
1983-05-28,12.82753151,453.000427016197,5.626286507006577
1983-05-29,15.48931509,547.000515608823,6.7937720071630805
1983-05-30,17.61307858,622.0005861291261,7.725276393532754
1983-05-31,20.16159477,712.0006708241191,8.843081658053581
1983-06-01,19.36872307,684.0006446001291,8.495320021762161
1983-06-02,18.23604921,644.0006070363871,7.998517682949816
1983-06-03,21.66238764,765.000720790308,9.501344759392296
1983-06-04,23.38971528,826.0007781986161,10.258968327616259
1983-06-05,20.81288225,735.0006927940751,9.12874300747609
1983-06-06,18.7174356,661.0006229833201,8.209658676725757
1983-06-07,18.23604921,644.0006070363871,7.998517682949816
1983-06-08,22.14377403,782.000736737241,9.712485753168236
1983-06-09,27.97704443,988.000930932121,12.27101780726263
1983-06-10,34.26338438,1210.001140364386,15.028270799513622
1983-06-11,37.66140597,1330.0012534087589,16.51867782033676
1983-06-12,34.26338438,1210.001140364386,15.028270799513622
1983-06-13,24.97545869,882.000830999743,10.954491604585202
1983-06-14,20.67129801,730.0006878337471,9.06664271183497
1983-06-15,20.16159477,712.0006708241191,8.843081658053581
1983-06-16,22.8516952,807.0007604794401,10.022987218215532
1983-06-17,26.90100426,950.0008951406221,11.799055584075072
1983-06-18,31.71486818,1120.001055316246,13.910465530606693
1983-06-19,27.63724227,976.0009195923691,12.121977104741708
1983-06-20,24.26753753,857.000807610691,10.643990143924011
1983-06-21,22.68179412,801.000754809564,9.948466866955068
1983-06-22,23.72951744,838.000789538368,10.408009030137181
1983-06-23,34.82972131,1230.001159146257,15.276671968919795
1983-06-24,41.34259602,1460.0013756674941,18.13328542366994
1983-06-25,40.20992216,1420.001338103752,17.636483084857588
1983-06-26,35.96239517,1270.001196709999,15.773474307732142
1983-06-27,32.28120511,1140.0010740981172,14.158866700012867
1983-06-28,32.84754205,1160.0010932331352,14.407267873805141
1983-06-29,26.36298418,931.0008774214461,11.563074474674343
1983-06-30,28.17526236,995.0009376646921,12.35795821852854
1983-07-01,30.29902585,1070.001008184995,13.28946260489821
1983-07-02,40.77625909,1440.0013568856232,17.884884254263767
1983-07-03,32.56437358,1150.001083665626,14.283067286909006
1983-07-04,21.1526844,747.0007037806799,9.27778370561091
1983-07-05,20.67129801,730.0006878337471,9.06664271183497
1983-07-06,26.53288526,937.0008830913221,11.637594825934807
1983-07-07,43.04160682,1520.001432366254,18.878488936274554
1983-07-08,42.19210142,1490.0014040168742,18.505887179972248
1983-07-09,41.34259602,1460.0013756674941,18.13328542366994
1983-07-10,60.03171478,2120.0019979412664,26.330524044776354
1983-07-11,36.81190057,1300.001225059379,16.14607606403445
1983-07-12,24.43743861,863.0008132805671,10.718510495184475
1983-07-13,22.65347727,800.000753746869,9.936046806949623
1983-07-14,24.21090384,855.0008058384481,10.619150028299225
1983-07-15,24.72060707,873.000822494929,10.84271107769451
1983-07-16,19.59525784,692.000652042248,8.594680488647409
1983-07-17,13.19565051,466.000439065497,5.787747265146843
1983-07-18,10.67545117,377.00035543319905,4.682362060631459
1983-07-19,11.04357017,390.00036748249903,4.843822818771726
1983-07-20,13.42218528,474.00044650761606,5.887107732032092
1983-07-21,17.16000903,606.0005708917411,7.526555455376155
1983-07-22,16.48040472,582.000548565384,7.228474054720407
1983-07-23,14.41327492,509.000479817324,6.321809783975521
1983-07-24,12.60099673,445.000419220931,5.526926035735227
1983-07-25,12.23287773,432.000407171631,5.36546527759496
1983-07-26,14.38495807,508.000478754629,6.309389723970077
1983-07-27,16.31050364,576.000542895508,7.153953703459947
1983-07-28,14.69644338,519.000489031686,6.446010366485557
1983-07-29,11.63822395,411.000387327065,5.104644048183343
1983-07-30,9.995846847,353.0003326477509,4.38428065427378
1983-07-31,9.061390909,320.0003015340623,3.97441872321846
1983-08-01,9.486143608,335.0003156734376,4.160719600931005
1983-08-02,10.36396585,366.000344802995,4.545741413729877
1983-08-03,9.316242529,329.0003100388763,4.086199250109153
1983-08-04,7.872083353,278.0002619861891,3.4527762661496664
1983-08-05,7.050894801,249.00023462887472,3.0925945689755805
1983-08-06,6.852676875,242.00022803756252,3.0056541594641146
1983-08-07,7.702182273,272.00025631631314,3.378255914889204
1983-08-08,7.4756475,264.00024876825,3.278895446688125
1983-08-09,6.796043182,240.00022615937542,2.9808140425234977
1983-08-10,6.569508409,232.0002186113123,2.881453574322418
1983-08-11,6.767726335,239.0002252026245,2.9683939838338835
1983-08-12,7.249112728,256.00024125550163,3.179534978925656
1983-08-13,7.192479034,254.00023934199982,3.154694861546428
1983-08-14,6.286339943,222.0002091850621,2.757252989180721
1983-08-15,5.380200852,190.0001790281244,2.3598111168150147
1983-08-16,5.097032387,180.0001696371889,2.2356105321119277
1983-08-17,5.436834546,192.0001809416262,2.384651234194242
1983-08-18,7.928717046,280.0002638643762,3.4776163830902838
1983-08-19,12.77089781,451.000424890807,5.601446386995687
1983-08-20,19.19882199,678.000638930253,8.420799670501697
1983-08-21,17.04674165,602.0005673472551,7.476875224126582
1983-08-22,14.86634446,525.000494701562,6.520530717746019
1983-08-23,13.53545267,478.000450405249,5.936787967667767
1983-08-24,11.72317449,414.00039016200304,5.141904223813573
1983-08-25,8.863172983,313.00029494275014,3.887478313706994
1983-08-26,6.937627415,245.0002308725005,3.0429143350943457
1983-08-27,5.748319858,203.00019128931262,2.5212718775869423
1983-08-28,5.040398693,178.00016772368713,2.2107704147327008
1983-08-29,4.700596534,166.0001564192498,2.061729712650387
1983-08-30,4.474061762,158.0001489065014,1.9623692448879178
1983-08-31,4.105942756,145.0001366453132,1.8009084841159904
1983-09-01,3.82277429,135.00012721906302,1.6767078989742936
1983-09-02,4.275843835,151.0001422798745,1.8754288349378418
1983-09-03,4.275843835,151.0001422798745,1.8754288349378418
1983-09-04,4.474061762,158.0001489065014,1.9623692448879178
1983-09-05,4.530695455,160.00015078468851,1.987209361828535
1983-09-06,4.360794375,154.0001451148125,1.912689010568073
1983-09-07,4.020992216,142.0001338103752,1.7636483084857588
1983-09-08,3.794457443,134.0001262623121,1.66428784028468
1983-09-09,6.796043182,240.00022615937542,2.9808140425234977
1983-09-10,9.995846847,353.0003326477509,4.38428065427378
1983-09-11,10.33564901,365.000344093447,4.533321358110534
1983-09-12,7.702182273,272.00025631631314,3.378255914889204
1983-09-13,6.116438864,216.0002035505008,2.68273263835887
1983-09-14,5.295250313,187.00017622850112,2.3225509416233936
1983-09-15,4.728913381,167.00015737600071,2.0741497713400006
1983-09-16,4.304160682,152.0001432366254,1.8878488936274556
1983-09-17,3.879407983,137.00012909725012,1.701548015914911
1983-09-18,3.567922671,126.0001187495637,1.5649273725222106
1983-09-19,3.256437358,115.0001083665626,1.4283067286909004
1983-09-20,2.973268892,105.00009894031241,1.3041061435492038
1983-09-21,2.803367813,99.00009330575111,1.229585792727352
1983-09-22,2.718417273,96.0000904708131,1.192325617097121
1983-09-23,2.633466733,93.0000876358751,1.15506544146689
1983-09-24,2.548516193,90.00008480093712,1.117805265836659
1983-09-25,2.435248807,86.0000810445629,1.0681250319554243
1983-09-26,2.321981421,82.00007728818869,1.0184447980741897
1983-09-27,2.40693196,85.00008008781201,1.0557049732658108
1983-09-28,2.888318352,102.00009610537441,1.266845967918973
1983-09-29,3.029902585,107.0001008184995,1.328946260489821
1983-09-30,4.020992216,142.0001338103752,1.7636483084857588
1983-10-01,4.927131307,174.00016396731291,2.161090180851466
1983-10-02,5.181982926,183.0001724368122,2.272870707303549
1983-10-03,5.720003012,202.00019036787643,2.5088518193359386
1983-10-04,5.436834546,192.0001809416262,2.384651234194242
1983-10-05,5.351884006,189.0001781066882,2.347391058564011
1983-10-06,5.550101932,196.0001846980004,2.4343314680754764
1983-10-07,5.946537784,210.00019788062482,2.6082122870984077
1983-10-08,6.003171478,212.0001997941266,2.633052404477635
1983-10-09,5.804953551,205.0001931674997,2.5461119945275588
1983-10-10,5.974854631,211.00019883737573,2.6206323457880214
1983-10-11,6.003171478,212.0001997941266,2.633052404477635
1983-10-12,5.720003012,202.00019036787643,2.5088518193359386
1983-10-13,5.493468239,194.00018281981332,2.4094913511348595
1983-10-14,5.691686165,201.00018941112552,2.496431760646325
1983-10-15,5.635052472,199.0001875329384,2.4715916437057075
1983-10-16,5.23861662,185.000174350314,2.297710824682776
1983-10-17,4.983765,176.00016584550002,2.1859302977920834
1983-10-18,4.757230227,168.0001582974369,2.0865698295910042
1983-10-19,4.389111222,155.00014607156342,1.9251090692576869
1983-10-20,4.134259602,146.0001375667494,1.8133285423669936
1983-10-21,3.90772483,138.000130054001,1.7139680746045245
1983-10-22,3.766140597,133.0001253408759,1.6518677820336762
1983-10-23,3.681190057,130.0001225059379,1.6146076064034451
1983-10-24,3.709506904,131.0001234626888,1.6270276650930589
1983-10-25,3.511288977,124.0001168360619,1.5400872551429832
1983-10-26,3.398021591,120.00011307968771,1.4904070212617488
1983-10-27,3.284754205,116.00010932331351,1.440726787380514
1983-10-28,3.114853125,110.00010365343749,1.366206436120052
1983-10-29,3.001585739,106.0000998970633,1.3165262022388176
1983-10-30,2.831684659,100.0000942271873,1.2420058509783556
1983-10-31,2.732575696,96.5000909315312,1.1985356462226229
1983-11-01,2.647625156,93.50008809659322,1.1612754705923918
1983-11-02,2.540021139,89.7000845174433,1.1140792482736357
1983-11-03,2.469229023,87.20008217853811,1.083029102207517
1983-11-04,2.37012006,83.70007888288201,1.0395588974517842
1983-11-05,2.37012006,83.70007888288201,1.0395588974517842
1983-11-06,2.389941852,84.4000795208244,1.0482529381397645
1983-11-07,2.347466582,82.90007810335541,1.029622850324649
1983-11-08,2.361625006,83.40007859938821,1.035832879888761
1983-11-09,2.217209088,78.30007377999361,0.9724905813173682
1983-11-10,2.282337835,80.6000759416745,1.0010567158210084
1983-11-11,2.237030881,79.0000744532507,0.9811846224439589
1983-11-12,2.208714034,78.00007349649981,0.9687645637543452
1983-11-13,2.197387296,77.6000731420512,0.9637965406293877
1983-11-14,2.140753602,75.60007122854941,0.9389564232501604
1983-11-15,2.055803063,72.60006842892611,0.9016962480585394
1983-11-16,2.027486216,71.6000674721752,0.8892761893689256
1983-11-17,1.999169369,70.6000665154243,0.8768561306793121
1983-11-18,2.010496108,71.0000669051876,0.8818241542428794
1983-11-19,1.919882199,67.8000638930253,0.8420799670501697
1983-11-20,1.922713884,67.9000639992948,0.8433219730507143
1983-11-21,1.812278182,64.00006031387541,0.794883744731414
1983-11-22,1.724495957,60.9000573726679,0.7563815631006385
1983-11-23,1.684852372,59.5000560614684,0.7389934812860673
1983-11-24,1.682020688,59.4000559905136,0.7377514757241332
1983-11-25,1.670693949,59.0000556007503,0.7327834521605657
1983-11-26,1.619723625,57.200053899787505,0.710427346782427
1983-11-27,1.585743409,56.000052765812306,0.6955232765303347
1983-11-28,1.509287923,53.300050214368106,0.6619891184631268
1983-11-29,1.497961185,52.900049859919505,0.6570210953381694
1983-11-30,1.472476023,52.0000490094381,0.6458430426491001
1983-12-01,1.418674014,50.10004720220581,0.6222449312704171
1983-12-02,1.393188852,49.2000463517244,0.6110668785813478
1983-12-03,1.359208636,48.000045217749204,0.5961628083292554
1983-12-04,1.359208636,48.000045217749204,0.5961628083292554
1983-12-05,1.33089179,47.000044296313,0.5837427500782518
1983-12-06,1.359208636,48.000045217749204,0.5961628083292554
1983-12-07,1.387525483,49.0000461745001,0.6085828670188691
1983-12-08,1.36770369,48.300045501243,0.5998888258922784
1983-12-09,1.390357168,49.100046280769604,0.6098248730194136
1983-12-10,1.41584233,50.000047131251,0.6210029257084829
1983-12-11,1.41584233,50.000047131251,0.6210029257084829
1983-12-12,1.458317599,51.5000485134053,0.6396330130849881
1983-12-13,1.41584233,50.000047131251,0.6210029257084829
1983-12-14,1.359208636,48.000045217749204,0.5961628083292554
1983-12-15,1.305406628,46.1000434458316,0.5725646973891826
1983-12-16,1.274258097,45.0000424181259,0.5589026331376346
1983-12-17,1.24594125,44.000041461375005,0.5464825744480208
1983-12-18,1.217624403,43.0000405046241,0.5340625157584071
1983-12-19,1.16099071,41.000038626437004,0.5092223988177899
1983-12-20,1.132673864,40.0000377050008,0.4968023405667863
1983-12-21,1.07604017,38.000035791499,0.47196222318755876
1983-12-22,1.019406477,36.0000339133119,0.44712210624694154
1983-12-23,0.962772784,34.0000320351248,0.4222819893063242
1983-12-24,0.991089631,35.000032991875706,0.43470204799593803
1983-12-25,1.027901531,36.3000341968057,0.4508481238099646
1983-12-26,1.019406477,36.0000339133119,0.44712210624694154
1983-12-27,0.974099523,34.4000324248881,0.42725001286989184
1983-12-28,0.877822244,31.000029200186802,0.3850218136760932
1983-12-29,0.821188551,29.000027321999703,0.36018169673547595
1983-12-30,0.764554858,27.0000254438126,0.33534157979485874
1983-12-31,0.792871705,28.000026400563502,0.3477616384844725
1984-01-01,0.79004002,27.900026294294,0.34651963248392803
1984-01-02,0.707921165,25.0000235656255,0.31050146285424146
1984-01-03,0.707921165,25.0000235656255,0.31050146285424146
1984-01-04,0.70508948,24.900023459356003,0.309259456853697
1984-01-05,0.679604318,24.000022608874602,0.2980814041646277
1984-01-06,0.66827758,23.600022254426,0.2931133810396704
1984-01-07,0.651287472,23.0000216874384,0.2856613459136242
1984-01-08,0.631465679,22.3000210141813,0.27696730478703346
1984-01-09,0.611643886,21.6000203409242,0.26827326366044285
1984-01-10,0.594653778,21.0000197739366,0.26082122853439665
1984-01-11,0.591822094,20.9000197029818,0.25957922297246244
1984-01-12,0.57766367,20.400019206949,0.25336919340835046
1984-01-13,0.555010193,19.6000184627371,0.2434331467198256
1984-01-14,0.538020085,19.0000178957495,0.23598111159377938
1984-01-15,0.521029977,18.4000173287619,0.22852907646773318
1984-01-16,0.481386392,17.0000160175624,0.2111409946531621
1984-01-17,0.481386392,17.0000160175624,0.2111409946531621
1984-01-18,0.424752699,15.0000141393753,0.18630087771254486
1984-01-19,0.339802159,12.000011304437301,0.14904070208231385
1984-01-20,0.368119006,13.000012261188202,0.16146076077192761
1984-01-21,0.424752699,15.0000141393753,0.18630087771254486
1984-01-22,0.453069545,16.000015060811503,0.1987209359635484
1984-01-23,0.453069545,16.000015060811503,0.1987209359635484
1984-01-24,0.45590123,16.100015167081,0.1999629419640928
1984-01-25,0.453069545,16.000015060811503,0.1987209359635484
1984-01-26,0.453069545,16.000015060811503,0.1987209359635484
1984-01-27,0.453069545,16.000015060811503,0.1987209359635484
1984-01-28,0.453069545,16.000015060811503,0.1987209359635484
1984-01-29,0.453069545,16.000015060811503,0.1987209359635484
1984-01-30,0.436079438,15.4000145291386,0.1912689012761124
1984-01-31,0.396435852,14.0000131826244,0.1738808190229311
1984-02-01,0.396435852,14.0000131826244,0.1738808190229311
1984-02-02,0.396435852,14.0000131826244,0.1738808190229311
1984-02-03,0.396435852,14.0000131826244,0.1738808190229311
1984-02-04,0.396435852,14.0000131826244,0.1738808190229311
1984-02-05,0.396435852,14.0000131826244,0.1738808190229311
1984-02-06,0.396435852,14.0000131826244,0.1738808190229311
1984-02-07,0.396435852,14.0000131826244,0.1738808190229311
1984-02-08,0.379445744,13.4000126156368,0.1664287838968849
1984-02-09,0.368119006,13.000012261188202,0.16146076077192761
1984-02-10,0.37661406,13.300012544682,0.16518677833495068
1984-02-11,0.396435852,14.0000131826244,0.1738808190229311
1984-02-12,0.396435852,14.0000131826244,0.1738808190229311
1984-02-13,0.396435852,14.0000131826244,0.1738808190229311
1984-02-14,0.441742807,15.600014706362902,0.19375291283859108
1984-02-15,0.453069545,16.000015060811503,0.1987209359635484
1984-02-16,0.453069545,16.000015060811503,0.1987209359635484
1984-02-17,0.453069545,16.000015060811503,0.1987209359635484
1984-02-18,0.453069545,16.000015060811503,0.1987209359635484
1984-02-19,0.424752699,15.0000141393753,0.18630087771254486
1984-02-20,0.396435852,14.0000131826244,0.1738808190229311
1984-02-21,0.368119006,13.000012261188202,0.16146076077192761
1984-02-22,0.368119006,13.000012261188202,0.16146076077192761
1984-02-23,0.396435852,14.0000131826244,0.1738808190229311
1984-02-24,0.404930906,14.3000134661182,0.1776068365859542
1984-02-25,0.402099222,14.2000133951634,0.17636483102402
1984-02-26,0.396435852,14.0000131826244,0.1738808190229311
1984-02-27,0.396435852,14.0000131826244,0.1738808190229311
1984-02-28,0.396435852,14.0000131826244,0.1738808190229311
1984-02-29,0.396435852,14.0000131826244,0.1738808190229311
1984-03-01,0.387940798,13.7000128991306,0.170154801459908
1984-03-02,0.368119006,13.000012261188202,0.16146076077192761
1984-03-03,0.368119006,13.000012261188202,0.16146076077192761
1984-03-04,0.368119006,13.000012261188202,0.16146076077192761
1984-03-05,0.339802159,12.000011304437301,0.14904070208231385
1984-03-06,0.348297213,12.3000115879311,0.15276671964533695
1984-03-07,0.339802159,12.000011304437301,0.14904070208231385
1984-03-08,0.339802159,12.000011304437301,0.14904070208231385
1984-03-09,0.339802159,12.000011304437301,0.14904070208231385
1984-03-10,0.339802159,12.000011304437301,0.14904070208231385
1984-03-11,0.339802159,12.000011304437301,0.14904070208231385
1984-03-12,0.339802159,12.000011304437301,0.14904070208231385
1984-03-13,0.339802159,12.000011304437301,0.14904070208231385
1984-03-14,0.348297213,12.3000115879311,0.15276671964533695
1984-03-15,0.368119006,13.000012261188202,0.16146076077192761
1984-03-16,0.368119006,13.000012261188202,0.16146076077192761
1984-03-17,0.368119006,13.000012261188202,0.16146076077192761
1984-03-18,0.373782375,13.2000124384125,0.16394477233440624
1984-03-19,0.373782375,13.2000124384125,0.16394477233440624
1984-03-20,0.37095069,13.100012332143002,0.16270276633386183
1984-03-21,0.368119006,13.000012261188202,0.16146076077192761
1984-03-22,0.368119006,13.000012261188202,0.16146076077192761
1984-03-23,0.373782375,13.2000124384125,0.16394477233440624
1984-03-24,0.368119006,13.000012261188202,0.16146076077192761
1984-03-25,0.390772483,13.800013005400102,0.17139680746045244
1984-03-26,0.396435852,14.0000131826244,0.1738808190229311
1984-03-27,0.390772483,13.800013005400102,0.17139680746045244
1984-03-28,0.396435852,14.0000131826244,0.1738808190229311
1984-03-29,0.390772483,13.800013005400102,0.17139680746045244
1984-03-30,0.396435852,14.0000131826244,0.1738808190229311
1984-03-31,0.385109114,13.6000128281758,0.16891279589797378
1984-04-01,0.373782375,13.2000124384125,0.16394477233440624
1984-04-02,0.365287321,12.9000121549187,0.16021875477138314
1984-04-03,0.37095069,13.100012332143002,0.16270276633386183
1984-04-04,0.368119006,13.000012261188202,0.16146076077192761
1984-04-05,0.37661406,13.300012544682,0.16518677833495068
1984-04-06,0.396435852,14.0000131826244,0.1738808190229311
1984-04-07,0.416257645,14.700013855881501,0.18257486014952173
1984-04-08,0.407762591,14.400013572387701,0.17884884258649866
1984-04-09,0.424752699,15.0000141393753,0.18630087771254486
1984-04-10,0.424752699,15.0000141393753,0.18630087771254486
1984-04-11,0.424752699,15.0000141393753,0.18630087771254486
1984-04-12,0.424752699,15.0000141393753,0.18630087771254486
1984-04-13,0.427584384,15.1000142456448,0.1875428837130893
1984-04-14,0.424752699,15.0000141393753,0.18630087771254486
1984-04-15,0.444574491,15.700014777317701,0.19499491840052527
1984-04-16,0.521029977,18.4000173287619,0.22852907646773318
1984-04-17,0.719247903,25.4000239200741,0.3154694859791987
1984-04-18,1.010911423,35.7000336298181,0.44339608868391844
1984-04-19,1.138337233,40.2000378822251,0.4992863521292649
1984-04-20,1.132673864,40.0000377050008,0.4968023405667863
1984-04-21,1.129842179,39.9000375987313,0.4955603345662418
1984-04-22,1.175149134,41.5000391224698,0.5154324283819017
1984-04-23,1.214792719,42.900040433669304,0.5328205101964729
1984-04-24,1.177980818,41.6000391934246,0.516674433943836
1984-04-25,1.158159026,40.900038555482205,0.5079803932558556
1984-04-26,1.08170354,38.200036004038,0.47444623518864765
1984-04-27,1.070376801,37.800035614274705,0.4694782116250802
1984-04-28,1.019406477,36.0000339133119,0.44712210624694154
1984-04-29,0.974099523,34.4000324248881,0.42725001286989184
1984-04-30,0.945782676,33.4000314681372,0.414829954180278
1984-05-01,0.934455938,33.00003111368861,0.40986193105532076
1984-05-02,0.934455938,33.00003111368861,0.40986193105532076
1984-05-03,0.906139091,32.000030156937704,0.397441872365707
1984-05-04,0.914634145,32.3000304404315,0.40116788992873004
1984-05-05,0.925960884,32.7000308301948,0.4061359134922976
1984-05-06,0.920297514,32.5000306176558,0.4036519014912088
1984-05-07,0.914634145,32.3000304404315,0.40116788992873004
1984-05-08,0.900475722,31.800029979713404,0.39495786080322837
1984-05-09,0.95427773,33.700031751631,0.4185559717433012
1984-05-10,0.999584685,35.3000332753695,0.4384280655589611
1984-05-11,1.056218378,37.30003515355661,0.46326818249957835
1984-05-12,1.285584835,45.40004277257451,0.5638706562625919
1984-05-13,2.075624855,73.3000690668685,0.91039028874652
1984-05-14,3.482972131,123.00011591462571,1.5276671968919795
1984-05-15,6.31465679,223.000210141813,2.7696730478703353
1984-05-16,10.10911423,357.000336298181,4.433960886839184
1984-05-17,7.503964347,265.0002497250009,3.291315505377739
1984-05-18,6.852676875,242.00022803756252,3.0056541594641146
1984-05-19,7.4756475,264.00024876825,3.278895446688125
1984-05-20,9.372876222,331.0003119170634,4.11103936704977
1984-05-21,9.825945767,347.0003269778749,4.309760303013318
1984-05-22,8.523370824,301.00028363831285,3.7384376116246805
1984-05-23,9.627727841,340.00032038656275,4.222819893501853
1984-05-24,14.01683906,495.00046635218206,6.14792896144371
1984-05-25,13.11069997,463.00043623055905,5.750487089516612
1984-05-26,10.59050063,374.000352598261,4.645101885001227
1984-05-27,9.061390909,320.0003015340623,3.97441872321846
1984-05-28,9.486143608,335.0003156734376,4.160719600931005
1984-05-29,13.39386844,473.00044579806803,5.87468767641275
1984-05-30,22.08714034,780.0007349649981,9.687645637543453
1984-05-31,34.82972131,1230.001159146257,15.276671968919795
1984-06-01,32.84754205,1160.0010932331352,14.407267873805141
1984-06-02,24.97545869,882.000830999743,10.954491604585202
1984-06-03,23.36139844,825.000777489068,10.246548271996915
1984-06-04,19.0855546,674.0006350326199,8.371119434866023
1984-06-05,16.6503058,588.0005542352601,7.302994405980871
1984-06-06,13.33723474,471.000443672678,5.849847556401861
1984-06-07,10.87366909,384.000361812623,4.769302467511263
1984-06-08,8.919806676,315.00029682093725,3.9123184306476118
1984-06-09,7.503964347,265.0002497250009,3.291315505377739
1984-06-10,6.880993722,243.00022899431343,3.018074218153729
1984-06-11,6.654458949,235.00022144625032,2.918713749952649
1984-06-12,5.889904091,208.00019600243772,2.5833721701577903
1984-06-13,6.569508409,232.0002186113123,2.881453574322418
1984-06-14,10.61881747,375.000353307809,4.65752194062057
1984-06-15,20.67129801,730.0006878337471,9.06664271183497
1984-06-16,31.99803665,1130.0010648837551,14.03466611750283
1984-06-17,30.29902585,1070.001008184995,13.28946260489821
1984-06-18,31.14853125,1100.001036534375,13.662064361200521
1984-06-19,30.86536279,1090.001027320013,13.537863778690484
1984-06-20,35.11288977,1240.0011683606192,15.400872551429833
1984-06-21,39.64358523,1400.001319321881,17.388081915451416
1984-06-22,39.64358523,1400.001319321881,17.388081915451416
1984-06-23,35.39605824,1250.001177928128,15.525073138325972
1984-06-24,34.82972131,1230.001159146257,15.276671968919795
1984-06-25,38.79407983,1370.001290972501,17.01548015914911
1984-06-26,41.62576449,1470.0013852350032,18.257486010566076
1984-06-27,42.47526989,1500.001413584383,18.63008776686838
1984-06-28,40.77625909,1440.0013568856232,17.884884254263767
1984-06-29,40.20992216,1420.001338103752,17.636483084857588
1984-06-30,47.00596534,1660.001564192498,20.61729712650387
1984-07-01,40.49309063,1430.001347671261,17.760683671753725
1984-07-02,32.56437358,1150.001083665626,14.283067286909006
1984-07-03,31.14853125,1100.001036534375,13.662064361200521
1984-07-04,30.01585739,1060.0009989706332,13.165262022388177
1984-07-05,30.29902585,1070.001008184995,13.28946260489821
1984-07-06,28.31684659,1000.0009422718731,12.420058509783555
1984-07-07,27.52397489,972.0009160478832,12.072296873492135
1984-07-08,30.01585739,1060.0009989706332,13.165262022388177
1984-07-09,27.38239065,967.0009110875551,12.010196577851016
1984-07-10,24.1259533,852.00080300351,10.581889852668995
1984-07-11,20.16159477,712.0006708241191,8.843081658053581
1984-07-12,18.20773236,643.0006059736921,7.986097622944371
1984-07-13,17.10337534,604.000569119498,7.501715339751367
1984-07-14,16.28218679,575.000541832813,7.141533643454503
1984-07-15,16.08396886,568.000535100242,7.054593232188595
1984-07-16,15.17782977,536.000504978619,6.657151360261499
1984-07-17,13.7336706,485.00045713782004,6.023728378933673
1984-07-18,12.62931358,446.000420283626,5.539346095740671
1984-07-19,12.09129349,427.000402211303,5.30336498195384
1984-07-20,11.38337233,402.00037882225104,4.99286352129265
1984-07-21,10.44891639,369.00034763793303,4.583001589360109
1984-07-22,13.19565051,466.000439065497,5.787747265146843
1984-07-23,23.33308159,824.000776426373,10.234128211991472
1984-07-24,20.98278332,741.000698110804,9.203263354350447
1984-07-25,15.46099824,546.000514546128,6.781351947157637
1984-07-26,12.99743259,459.00043268607305,5.700806858267039
1984-07-27,12.31782827,435.00041000656904,5.402725453225191
1984-07-28,11.21347125,396.000373152375,4.918343170032188
1984-07-29,11.32673864,400.000377050008,4.968023405667863
1984-07-30,14.38495807,508.000478754629,6.309389723970077
1984-07-31,13.05406628,461.000434458316,5.725646973891825
1984-08-01,10.93030278,386.000363584866,4.7941425831360505
1984-08-02,9.401193069,332.0003128738143,4.123459425739384
1984-08-03,8.126934972,287.00027045568845,3.5645567926017496
1984-08-04,7.192479034,254.00023934199982,3.154694861546428
1984-08-05,6.541191563,231.0002176898761,2.8690335160714144
1984-08-06,6.031488324,213.0002007155628,2.645472462728639
1984-08-07,5.578418779,197.0001856547513,2.44675152676509
1984-08-08,5.210299773,184.0001733935631,2.2852907659931625
1984-08-09,4.870497614,172.0001620891258,2.1362500639108486
1984-08-10,4.643962841,164.0001545410627,2.0368895957097695
1984-08-11,4.559012301,161.0001517061247,1.9996294200795384
1984-08-12,4.389111222,155.00014607156342,1.9251090692576869
1984-08-13,4.247526989,150.0001413584383,1.8630087766868382
1984-08-14,4.105942756,145.0001366453132,1.8009084841159904
1984-08-15,3.992675369,141.0001328536243,1.7512282497961453
1984-08-16,4.020992216,142.0001338103752,1.7636483084857588
1984-08-17,4.105942756,145.0001366453132,1.8009084841159904
1984-08-18,3.992675369,141.0001328536243,1.7512282497961453
1984-08-19,4.077625909,144.0001356885623,1.7884884254263762
1984-08-20,4.049309063,143.0001347671261,1.776068367175373
1984-08-21,3.936041676,139.0001309754372,1.726388132855528
1984-08-22,3.794457443,134.0001262623121,1.66428784028468
1984-08-23,3.624556364,128.00012062775082,1.589767489462828
1984-08-24,3.426338438,121.00011403643862,1.5028270799513626
1984-08-25,3.341387898,118.0001112015006,1.4655669043211315
1984-08-26,3.313071051,117.0001102447497,1.4531468456315175
1984-08-27,3.199803665,113.00010648837551,1.4034666117502832
1984-08-28,3.199803665,113.00010648837551,1.4034666117502832
1984-08-29,3.171486818,112.00010553162461,1.3910465530606695
1984-08-30,3.143169972,111.0001046101884,1.3786264948096658
1984-08-31,3.086536279,109.00010273200131,1.3537863778690487
1984-09-01,3.001585739,106.0000998970633,1.3165262022388176
1984-09-02,2.944952046,104.0000980188762,1.2916860852982002
1984-09-03,2.860001506,101.00009518393821,1.2544259096679693
1984-09-04,2.786377705,98.4000927387635,1.2221337576013058
1984-09-05,2.718417273,96.0000904708131,1.192325617097121
1984-09-06,2.780714335,98.2000925262245,1.2196497456002169
1984-09-07,2.800536128,98.9000931994816,1.2283437867268074
1984-09-08,2.735407381,96.60009103780071,1.1997776522231671
1984-09-09,2.718417273,96.0000904708131,1.192325617097121
1984-09-10,2.709922219,95.7000901873193,1.1885995995340979
1984-09-11,2.760892543,97.50009188828211,1.2109557049122366
1984-09-12,3.284754205,116.00010932331351,1.440726787380514
1984-09-13,3.341387898,118.0001112015006,1.4655669043211315
1984-09-14,3.313071051,117.0001102447497,1.4531468456315175
1984-09-15,3.284754205,116.00010932331351,1.440726787380514
1984-09-16,3.256437358,115.0001083665626,1.4283067286909004
1984-09-17,3.199803665,113.00010648837551,1.4034666117502832
1984-09-18,3.086536279,109.00010273200131,1.3537863778690487
1984-09-19,3.001585739,106.0000998970633,1.3165262022388176
1984-09-20,2.944952046,104.0000980188762,1.2916860852982002
1984-09-21,3.284754205,116.00010932331351,1.440726787380514
1984-09-22,3.398021591,120.00011307968771,1.4904070212617488
1984-09-23,4.559012301,161.0001517061247,1.9996294200795384
1984-09-24,5.380200852,190.0001790281244,2.3598111168150147
1984-09-25,5.635052472,199.0001875329384,2.4715916437057075
1984-09-26,5.748319858,203.00019128931262,2.5212718775869423
1984-09-27,5.720003012,202.00019036787643,2.5088518193359386
1984-09-28,5.436834546,192.0001809416262,2.384651234194242
1984-09-29,5.15366608,182.000171515376,2.260450649052545
1984-09-30,4.927131307,174.00016396731291,2.161090180851466
1984-10-01,4.757230227,168.0001582974369,2.0865698295910042
1984-10-02,4.587329148,162.00015266287562,2.012049478769152
1984-10-03,4.502378608,159.0001498279376,1.974789303138921
1984-10-04,4.389111222,155.00014607156342,1.9251090692576869
1984-10-05,4.304160682,152.0001432366254,1.8878488936274556
1984-10-06,4.162576449,147.0001385235003,1.8257486010566077
1984-10-07,4.020992216,142.0001338103752,1.7636483084857588
1984-10-08,3.90772483,138.000130054001,1.7139680746045245
1984-10-09,3.794457443,134.0001262623121,1.66428784028468
1984-10-10,3.681190057,130.0001225059379,1.6146076064034451
1984-10-11,3.567922671,126.0001187495637,1.5649273725222106
1984-10-12,3.65287321,129.000121549187,1.6021875477138314
1984-10-13,3.567922671,126.0001187495637,1.5649273725222106
1984-10-14,3.454655284,122.00011495787481,1.515247138202366
1984-10-15,3.284754205,116.00010932331351,1.440726787380514
1984-10-16,3.143169972,111.0001046101884,1.3786264948096658
1984-10-17,3.058219432,108.0001017752504,1.341366319179435
1984-10-18,3.029902585,107.0001008184995,1.328946260489821
1984-10-19,2.888318352,102.00009610537441,1.266845967918973
1984-10-20,2.74107075,96.800091215025,1.2022616637856458
1984-10-21,2.712753904,95.80009029358881,1.1898416055346421
1984-10-22,2.528694401,89.30008416299471,1.1091112251486785
1984-10-23,2.398436906,84.70007980431821,1.0519789557027877
1984-10-24,2.273842781,80.3000756581807,0.9973306982579855
1984-10-25,2.177565503,76.9000724687941,0.9551024995027971
1984-10-26,2.041644639,72.1000679328933,0.8954862184944274
1984-10-27,1.959525784,69.2000652042248,0.8594680488647409
1984-10-28,1.874575244,66.20006236928681,0.82220787323451
1984-10-29,1.894397037,66.9000630425439,0.8309019143611006
1984-10-30,1.877406929,66.3000624755563,0.8234498792350543
1984-10-31,1.885901983,66.6000627590501,0.8271758967980775
1984-11-01,1.789624705,63.2000595696635,0.7849476980428891
1984-11-02,1.727327642,61.00005747893741,0.757623569101183
1984-11-03,1.741486065,61.5000579396555,0.7638335982266847
1984-11-04,1.817941551,64.2000604910997,0.7973677562938928
1984-11-05,1.789624705,63.2000595696635,0.7849476980428891
1984-11-06,1.699010796,60.0000565575012,0.7452035108501794
1984-11-07,1.670693949,59.0000556007503,0.7327834521605657
1984-11-08,1.625386994,57.40005407701181,0.7129113583449057
1984-11-09,1.679189003,59.3000558842441,0.7365094697235888
1984-11-10,1.563089932,55.200052021600406,0.6855872298418098
1984-11-11,1.58008004,55.800052588588,0.6930392649678561
1984-11-12,1.540436455,54.400051277388506,0.675651183153285
1984-11-13,1.500792869,53.000049930874304,0.6582631009001036
1984-11-14,1.435664122,50.700047769193404,0.6296969663964633
1984-11-15,1.407347276,49.70004684775721,0.6172769081454598
1984-11-16,1.446990861,51.1000481589567,0.6346649899600307
1984-11-17,1.362040321,48.1000453240187,0.5974048143297999
1984-11-18,1.302574943,46.000043339562104,0.571322691388638
1984-11-19,1.24594125,44.000041461375005,0.5464825744480208
1984-11-20,1.217624403,43.0000405046241,0.5340625157584071
1984-11-21,1.183644188,41.8000394059636,0.5191584459449249
1984-11-22,1.155327341,40.8000384492127,0.5067383872553112
1984-11-23,1.175149134,41.5000391224698,0.5154324283819017
1984-11-24,1.098693648,38.8000365710256,0.48189827031469384
1984-11-25,1.07604017,38.000035791499,0.47196222318755876
1984-11-26,1.047723324,37.0000348700628,0.4595421649365552
1984-11-27,1.019406477,36.0000339133119,0.44712210624694154
1984-11-28,1.030733216,36.4000343030752,0.45209012981050906
1984-11-29,1.025069847,36.2000341258509,0.44960611824803043
1984-11-30,0.991089631,35.000032991875706,0.43470204799593803
1984-12-01,0.991089631,35.000032991875706,0.43470204799593803
1984-12-02,0.991089631,35.000032991875706,0.43470204799593803
1984-12-03,0.991089631,35.000032991875706,0.43470204799593803
1984-12-04,0.962772784,34.0000320351248,0.4222819893063242
1984-12-05,0.923129199,32.6000307239253,0.40489390749175325
1984-12-06,0.920297514,32.5000306176558,0.4036519014912088
1984-12-07,0.900475722,31.800029979713404,0.39495786080322837
1984-12-08,0.863663821,30.500028739468704,0.3788117845505915
1984-12-09,0.818356867,28.9000272510449,0.35893969117354174
1984-12-10,0.770218227,27.2000256210369,0.33782559135733736
1984-12-11,0.750396435,26.5000249830945,0.32913155066935695
1984-12-12,0.764554858,27.0000254438126,0.33534157979485874
1984-12-13,0.736238011,26.0000244870617,0.32292152110524497
1984-12-14,0.699426111,24.7000232821317,0.3067754452912183
1984-12-15,0.713584534,25.2000237428498,0.3129854744167201
1984-12-16,0.713584534,25.2000237428498,0.3129854744167201
1984-12-17,0.739069696,26.100024593331202,0.32416352710578944
1984-12-18,0.730574642,25.8000243098374,0.3204375095427663
1984-12-19,0.685267688,24.200022821413604,0.3005654161657166
1984-12-20,0.685267688,24.200022821413604,0.3005654161657166
1984-12-21,0.676772634,23.9000225379198,0.2968393986026935
1984-12-22,0.651287472,23.0000216874384,0.2856613459136242
1984-12-23,0.66827758,23.600022254426,0.2931133810396704
1984-12-24,0.682436003,24.1000227151441,0.2993234101651721
1984-12-25,0.651287472,23.0000216874384,0.2856613459136242
1984-12-26,0.651287472,23.0000216874384,0.2856613459136242
1984-12-27,0.66261421,23.400022041887002,0.29062936903858144
1984-12-28,0.651287472,23.0000216874384,0.2856613459136242
1984-12-29,0.651287472,23.0000216874384,0.2856613459136242
1984-12-30,0.651287472,23.0000216874384,0.2856613459136242
1984-12-31,0.651287472,23.0000216874384,0.2856613459136242
1985-01-01,0.622970625,22.000020730687503,0.2732412872240104
1985-01-02,0.622970625,22.000020730687503,0.2732412872240104
1985-01-03,0.637129048,22.5000211914056,0.2794513163495122
1985-01-04,0.631465679,22.3000210141813,0.27696730478703346
1985-01-05,0.622970625,22.000020730687503,0.2732412872240104
1985-01-06,0.594653778,21.0000197739366,0.26082122853439665
1985-01-07,0.591822094,20.9000197029818,0.25957922297246244
1985-01-08,0.566336932,20.0000188525004,0.24840117028339315
1985-01-09,0.54085177,19.100018002019,0.23722311759432382
1985-01-10,0.535188401,18.900017824794702,0.23473910603184517
1985-01-11,0.495544815,17.500016478280504,0.21735102377866392
1985-01-12,0.484218077,17.100016123831903,0.2123830006537066
1985-01-13,0.492713131,17.4000164073257,0.2161090182167297
1985-01-14,0.481386392,17.0000160175624,0.2111409946531621
1985-01-15,0.478554707,16.9000159112929,0.2098989886526177
1985-01-16,0.453069545,16.000015060811503,0.1987209359635484
1985-01-17,0.453069545,16.000015060811503,0.1987209359635484
1985-01-18,0.447406176,15.8000148835872,0.1962369244010697
1985-01-19,0.424752699,15.0000141393753,0.18630087771254486
1985-01-20,0.396435852,14.0000131826244,0.1738808190229311
1985-01-21,0.396435852,14.0000131826244,0.1738808190229311
1985-01-22,0.399267537,14.100013288893901,0.17512282502347556
1985-01-23,0.396435852,14.0000131826244,0.1738808190229311
1985-01-24,0.396435852,14.0000131826244,0.1738808190229311
1985-01-25,0.396435852,14.0000131826244,0.1738808190229311
1985-01-26,0.396435852,14.0000131826244,0.1738808190229311
1985-01-27,0.396435852,14.0000131826244,0.1738808190229311
1985-01-28,0.396435852,14.0000131826244,0.1738808190229311
1985-01-29,0.390772483,13.800013005400102,0.17139680746045244
1985-01-30,0.368119006,13.000012261188202,0.16146076077192761
1985-01-31,0.368119006,13.000012261188202,0.16146076077192761
1985-02-01,0.368119006,13.000012261188202,0.16146076077192761
1985-02-02,0.339802159,12.000011304437301,0.14904070208231385
1985-02-03,0.339802159,12.000011304437301,0.14904070208231385
1985-02-04,0.339802159,12.000011304437301,0.14904070208231385
1985-02-05,0.339802159,12.000011304437301,0.14904070208231385
1985-02-06,0.339802159,12.000011304437301,0.14904070208231385
1985-02-07,0.339802159,12.000011304437301,0.14904070208231385
1985-02-08,0.345465528,12.200011481661601,0.1515247136447925
1985-02-09,0.368119006,13.000012261188202,0.16146076077192761
1985-02-10,0.368119006,13.000012261188202,0.16146076077192761
1985-02-11,0.379445744,13.4000126156368,0.1664287838968849
1985-02-12,0.396435852,14.0000131826244,0.1738808190229311
1985-02-13,0.37095069,13.100012332143002,0.16270276633386183
1985-02-14,0.368119006,13.000012261188202,0.16146076077192761
1985-02-15,0.368119006,13.000012261188202,0.16146076077192761
1985-02-16,0.353960582,12.500011765155401,0.1552507312078156
1985-02-17,0.339802159,12.000011304437301,0.14904070208231385
1985-02-18,0.339802159,12.000011304437301,0.14904070208231385
1985-02-19,0.339802159,12.000011304437301,0.14904070208231385
1985-02-20,0.37095069,13.100012332143002,0.16270276633386183
1985-02-21,0.396435852,14.0000131826244,0.1738808190229311
1985-02-22,0.382277429,13.5000127219063,0.16767078989742937
1985-02-23,0.365287321,12.9000121549187,0.16021875477138314
1985-02-24,0.339802159,12.000011304437301,0.14904070208231385
1985-02-25,0.339802159,12.000011304437301,0.14904070208231385
1985-02-26,0.351128898,12.400011694200602,0.1540087256458814
1985-02-27,0.356792267,12.6000118714249,0.15649273720836004
1985-02-28,0.348297213,12.3000115879311,0.15276671964533695
1985-03-01,0.339802159,12.000011304437301,0.14904070208231385
1985-03-02,0.365287321,12.9000121549187,0.16021875477138314
1985-03-03,0.390772483,13.800013005400102,0.17139680746045244
1985-03-04,0.396435852,14.0000131826244,0.1738808190229311
1985-03-05,0.396435852,14.0000131826244,0.1738808190229311
1985-03-06,0.396435852,14.0000131826244,0.1738808190229311
1985-03-07,0.396435852,14.0000131826244,0.1738808190229311
1985-03-08,0.385109114,13.6000128281758,0.16891279589797378
1985-03-09,0.396435852,14.0000131826244,0.1738808190229311
1985-03-10,0.368119006,13.000012261188202,0.16146076077192761
1985-03-11,0.382277429,13.5000127219063,0.16767078989742937
1985-03-12,0.396435852,14.0000131826244,0.1738808190229311
1985-03-13,0.396435852,14.0000131826244,0.1738808190229311
1985-03-14,0.410594276,14.5000136786572,0.1800908485870431
1985-03-15,0.396435852,14.0000131826244,0.1738808190229311
1985-03-16,0.368119006,13.000012261188202,0.16146076077192761
1985-03-17,0.368119006,13.000012261188202,0.16146076077192761
1985-03-18,0.368119006,13.000012261188202,0.16146076077192761
1985-03-19,0.351128898,12.400011694200602,0.1540087256458814
1985-03-20,0.348297213,12.3000115879311,0.15276671964533695
1985-03-21,0.368119006,13.000012261188202,0.16146076077192761
1985-03-22,0.368119006,13.000012261188202,0.16146076077192761
1985-03-23,0.368119006,13.000012261188202,0.16146076077192761
1985-03-24,0.368119006,13.000012261188202,0.16146076077192761
1985-03-25,0.368119006,13.000012261188202,0.16146076077192761
1985-03-26,0.368119006,13.000012261188202,0.16146076077192761
1985-03-27,0.37661406,13.300012544682,0.16518677833495068
1985-03-28,0.368119006,13.000012261188202,0.16146076077192761
1985-03-29,0.368119006,13.000012261188202,0.16146076077192761
1985-03-30,0.368119006,13.000012261188202,0.16146076077192761
1985-03-31,0.368119006,13.000012261188202,0.16146076077192761
1985-04-01,0.379445744,13.4000126156368,0.1664287838968849
1985-04-02,0.41908933,14.800013962151,0.18381686615006618
1985-04-03,0.453069545,16.000015060811503,0.1987209359635484
1985-04-04,0.453069545,16.000015060811503,0.1987209359635484
1985-04-05,0.453069545,16.000015060811503,0.1987209359635484
1985-04-06,0.453069545,16.000015060811503,0.1987209359635484
1985-04-07,0.495544815,17.500016478280504,0.21735102377866392
1985-04-08,0.588990409,20.8000195967123,0.258337216971918
1985-04-09,0.727742957,25.700024203567903,0.31919550354222187
1985-04-10,0.883485614,31.200029412725804,0.38750582567718217
1985-04-11,1.027901531,36.3000341968057,0.4508481238099646
1985-04-12,1.070376801,37.800035614274705,0.4694782116250802
1985-04-13,1.251604619,44.2000416385993,0.5489665860104995
1985-04-14,1.602733517,56.60005333279991,0.7029753116563809
1985-04-15,2.027486216,71.6000674721752,0.8892761893689256
1985-04-16,2.607981571,92.1000867853937,1.1438873887778205
1985-04-17,2.944952046,104.0000980188762,1.2916860852982002
1985-04-18,3.228120511,114.00010740981172,1.4158866700012869
1985-04-19,3.256437358,115.0001083665626,1.4283067286909004
1985-04-20,2.792041074,98.60009291598782,1.2246177691637845
1985-04-21,2.41259533,85.200080300351,1.0581889852668995
1985-04-22,2.174733818,76.8000723625246,0.9538604935022527
1985-04-23,1.973684207,69.70006566494291,0.8656780779902428
1985-04-24,1.812278182,64.00006031387541,0.794883744731414
1985-04-25,1.631050364,57.600054289550805,0.7153953703459947
1985-04-26,1.500792869,53.000049930874304,0.6582631009001036
1985-04-27,1.438495807,50.8000478754629,0.6309389723970078
1985-04-28,1.512119608,53.4000503206376,0.6632311244636712
1985-04-29,1.942535676,68.60006463723721,0.8520160137386947
1985-04-30,2.973268892,105.00009894031241,1.3041061435492038
1985-05-01,4.389111222,155.00014607156342,1.9251090692576869
1985-05-02,6.286339943,222.0002091850621,2.757252989180721
1985-05-03,8.608321364,304.0002864732508,3.775697787254911
1985-05-04,9.712678381,343.0003232215007,4.2600800691320835
1985-05-05,8.72158875,308.000290229625,3.825378021136146
1985-05-06,8.155251818,288.0002713771246,3.5769768508527524
1985-05-07,8.608321364,304.0002864732508,3.775697787254911
1985-05-08,10.53386693,372.00035047287105,4.620261764990339
1985-05-09,11.6665408,412.00038838976,5.117064108188787
1985-05-10,11.69485764,413.00038909930805,5.129484163808129
1985-05-11,10.67545117,377.00035543319905,4.682362060631459
1985-05-12,8.353469745,295.00027800375153,3.6639172608028288
1985-05-13,6.937627415,245.0002308725005,3.0429143350943457
1985-05-14,6.22970625,220.00020730687498,2.732412872240104
1985-05-15,5.946537784,210.00019788062482,2.6082122870984077
1985-05-16,5.833270398,206.0001941242506,2.558532053217173
1985-05-17,6.880993722,243.00022899431343,3.018074218153729
1985-05-18,6.796043182,240.00022615937542,2.9808140425234977
1985-05-19,6.626142103,234.00022052481413,2.9062936917016455
1985-05-20,7.588914887,268.00025255993893,3.3285756810079694
1985-05-21,9.740995228,344.0003241782516,4.272500127821697
1985-05-22,13.59208636,480.00045217749204,5.9616280832925534
1985-05-23,19.65189153,694.0006538144911,8.619520604272195
1985-05-24,22.68179412,801.000754809564,9.948466866955068
1985-05-25,24.66397338,871.0008207226861,10.817870962069724
1985-05-26,24.77724077,875.000824620319,10.867551197705398
1985-05-27,22.54020989,796.0007502023831,9.88636657570005
1985-05-28,20.72793171,732.000689959137,9.091482831845857
1985-05-29,19.96337685,705.0006644446951,8.756141251173776
1985-05-30,17.27327642,610.000574789374,7.57623569101183
1985-05-31,12.74258097,450.00042418125906,5.589026331376346
1985-06-01,10.59050063,374.000352598261,4.645101885001227
1985-06-02,9.344559375,330.0003109603125,4.098619308360156
1985-06-03,8.438420284,298.0002808033748,3.701177435994449
1985-06-04,9.202975142,325.0003062471874,4.036519015789308
1985-06-05,13.13901682,464.00043729325404,5.762907149522056
1985-06-06,16.99010796,600.000565575012,7.452035108501794
1985-06-07,21.2093181,749.00070590607,9.302623825621799
1985-06-08,41.62576449,1470.0013852350032,18.257486010566076
1985-06-09,41.90893296,1480.001394802512,18.38168659746221
1985-06-10,34.26338438,1210.001140364386,15.028270799513622
1985-06-11,25.79664725,911.0008586395751,11.314673305268172
1985-06-12,23.21981421,820.000772881887,10.184447980741899
1985-06-13,23.78615114,840.000791663758,10.432849150148071
1985-06-14,25.37189455,896.0008444648851,11.128372427117016
1985-06-15,25.3435777,895.0008434021901,11.115952367111573
1985-06-16,26.36298418,931.0008774214461,11.563074474674343
1985-06-17,25.96654832,917.0008639563041,11.38919365214253
1985-06-18,22.22872457,785.0007395721791,9.749745928798468
1985-06-19,19.70852523,696.000655939881,8.644360724283084
1985-06-20,19.68020838,695.000654877186,8.631940664277641
1985-06-21,18.57585136,656.0006180229921,8.147558381084638
1985-06-22,15.34773085,542.000510648495,6.731671711521961
1985-06-23,13.59208636,480.00045217749204,5.9616280832925534
1985-06-24,13.47881898,476.00044863300604,5.911947852042981
1985-06-25,18.26436605,645.000607745935,8.010937738569158
1985-06-26,19.34040622,683.000643537434,8.482899961756715
1985-06-27,13.84693798,489.000460682306,6.073408610183246
1985-06-28,10.70376801,378.00035614274697,4.694782116250801
1985-06-29,9.118024603,322.00030344756414,3.999258840597687
1985-06-30,8.664955057,306.0002883514379,3.8005379041955285
1985-07-01,8.693271904,307.0002893081888,3.812957962885142
1985-07-02,8.778222444,310.00029214312684,3.8502181385153738
1985-07-03,9.259608836,327.0003081606892,4.061359133168535
1985-07-04,10.22238162,361.00034019581403,4.48364112247486
1985-07-05,10.64713432,376.000354370504,4.669942000626015
1985-07-06,10.30733216,364.000343030752,4.52090129810509
1985-07-07,9.769312074,345.0003250996878,4.284920186072702
1985-07-08,9.118024603,322.00030344756414,3.999258840597687
1985-07-09,8.80653929,311.00029306456304,3.862638196766377
1985-07-10,8.466737131,299.00028176012574,3.7135974946840626
1985-07-11,8.070301279,285.00026857750134,3.5397166756611322
1985-07-12,7.73049912,273.000257273064,3.3906759735788183
1985-07-13,7.56059804,267.000251603188,3.316155622318356
1985-07-14,6.909310568,244.00022991574963,3.030494276404732
1985-07-15,6.173072557,218.00020542868793,2.7075727552994873
1985-07-16,5.635052472,199.0001875329384,2.4715916437057075
1985-07-17,5.493468239,194.00018281981332,2.4094913511348595
1985-07-18,5.918220938,209.00019695918863,2.595792228847404
1985-07-19,6.22970625,220.00020730687498,2.732412872240104
1985-07-20,5.635052472,199.0001875329384,2.4715916437057075
1985-07-21,5.15366608,182.000171515376,2.260450649052545
1985-07-22,4.842180767,171.00016113237493,2.1238300052212353
1985-07-23,4.757230227,168.0001582974369,2.0865698295910042
1985-07-24,4.643962841,164.0001545410627,2.0368895957097695
1985-07-25,4.445744915,157.0001479497505,1.9499491861983036
1985-07-26,4.247526989,150.0001413584383,1.8630087766868382
1985-07-27,4.049309063,143.0001347671261,1.776068367175373
1985-07-28,3.794457443,134.0001262623121,1.66428784028468
1985-07-29,3.681190057,130.0001225059379,1.6146076064034451
1985-07-30,3.794457443,134.0001262623121,1.66428784028468
1985-07-31,3.964358523,140.0001319321881,1.7388081915451419
1985-08-01,3.964358523,140.0001319321881,1.7388081915451419
1985-08-02,3.851091137,136.0001281758139,1.6891279576639073
1985-08-03,3.681190057,130.0001225059379,1.6146076064034451
1985-08-04,3.539605824,125.00011779281282,1.5525073138325969
1985-08-05,3.313071051,117.0001102447497,1.4531468456315175
1985-08-06,3.171486818,112.00010553162461,1.3910465530606695
1985-08-07,2.973268892,105.00009894031241,1.3041061435492038
1985-08-08,2.769387597,97.80009217177592,1.2146817224752595
1985-08-09,2.61930831,92.500087175157,1.148855412341388
1985-08-10,2.528694401,89.30008416299471,1.1091112251486785
1985-08-11,2.443743861,86.3000813280567,1.0718510495184475
1985-08-12,2.404100276,84.9000800168572,1.0544629677038764
1985-08-13,2.358793321,83.3000784931187,1.0345908738882164
1985-08-14,2.299327943,81.20007650866211,1.0085087509470547
1985-08-15,2.217209088,78.30007377999361,0.9724905813173682
1985-08-16,2.126595179,75.10007076783131,0.9327463941246585
1985-08-17,2.041644639,72.1000679328933,0.8954862184944274
1985-08-18,1.925545568,68.0000640702496,0.8445639786126484
1985-08-19,1.826436605,64.5000607745935,0.8010937738569157
1985-08-20,1.682020688,59.4000559905136,0.7377514757241332
1985-08-21,1.568753301,55.40005219882471,0.6880712414042885
1985-08-22,1.461149284,51.6000486196748,0.6408750190855326
1985-08-23,1.370535375,48.4000456075125,0.6011308318928229
1985-08-24,1.319565051,46.60004390654971,0.5787747265146843
1985-08-25,1.271426412,44.9000423118564,0.5576606271370902
1985-08-26,1.243109565,43.9000413551055,0.5452405684474764
1985-08-27,1.217624403,43.0000405046241,0.5340625157584071
1985-08-28,1.223287773,43.200040717163105,0.536546527759496
1985-08-29,1.206297665,42.6000401501755,0.5290944926334498
1985-08-30,1.189307557,42.000039583187906,0.5216424575074036
1985-08-31,1.206297665,42.6000401501755,0.5290944926334498
1985-09-01,1.257267989,44.400041851138305,0.5514505980115885
1985-09-02,1.345050213,47.5000447570311,0.5899527792037537
1985-09-03,1.37336706,48.50004571378201,0.6023728378933674
1985-09-04,1.393188852,49.2000463517244,0.6110668785813478
1985-09-05,1.41584233,50.000047131251,0.6210029257084829
1985-09-06,1.458317599,51.5000485134053,0.6396330130849881
1985-09-07,1.472476023,52.0000490094381,0.6458430426491001
1985-09-08,1.458317599,51.5000485134053,0.6396330130849881
1985-09-09,1.446990861,51.1000481589567,0.6346649899600307
1985-09-10,1.381862114,48.8000459972758,0.6060988554563904
1985-09-11,1.353545267,47.80004504052491,0.5936787967667767
1985-09-12,1.656535526,58.50005514003221,0.726573423035064
1985-09-13,1.58008004,55.800052588588,0.6930392649678561
1985-09-14,1.588575094,56.100052872081804,0.6967652825308791
1985-09-15,1.718832588,60.7000571954436,0.7538975515381598
1985-09-16,1.82926829,64.600060880863,0.8023357798574601
1985-09-17,1.840595028,65.0000612353116,0.8073038029824176
1985-09-18,1.959525784,69.2000652042248,0.8594680488647409
1985-09-19,2.590991463,91.5000862184061,1.1364353536517744
1985-09-20,2.690100426,95.0000895140622,1.1799055584075073
1985-09-21,2.888318352,102.00009610537441,1.266845967918973
1985-09-22,3.199803665,113.00010648837551,1.4034666117502832
1985-09-23,3.114853125,110.00010365343749,1.366206436120052
1985-09-24,3.029902585,107.0001008184995,1.328946260489821
1985-09-25,2.944952046,104.0000980188762,1.2916860852982002
1985-09-26,2.860001506,101.00009518393821,1.2544259096679693
1985-09-27,2.797704443,98.80009309321211,1.2271017807262632
1985-09-28,2.78354602,98.30009263249401,1.2208917516007614
1985-09-29,2.758060858,97.4000917820126,1.209713698911692
1985-09-30,2.607981571,92.1000867853937,1.1438873887778205
1985-10-01,2.53435777,89.500084340219,1.1115952367111572
1985-10-02,2.435248807,86.0000810445629,1.0681250319554243
1985-10-03,2.378615114,84.00007916637581,1.0432849150148071
1985-10-04,2.214377403,78.2000736737241,0.9712485753168237
1985-10-05,2.126595179,75.10007076783131,0.9327463941246585
1985-10-06,2.058634747,72.70006849988091,0.9029382536204736
1985-10-07,2.174733818,76.8000723625246,0.9538604935022527
1985-10-08,2.15774371,76.20007179553701,0.9464084583762065
1985-10-09,2.101110017,74.20006991734991,0.9215683414355891
1985-10-10,2.021822847,71.40006729495092,0.886792177806447
1985-10-11,2.027486216,71.6000674721752,0.8892761893689256
1985-10-12,2.081288225,73.50006927940751,0.9128743007476089
1985-10-13,2.038812955,72.0000678619385,0.8942442129324933
1985-10-14,2.007664423,70.9000667989181,0.880582148242335
1985-10-15,1.990674315,70.3000662319305,0.8731301131162889
1985-10-16,1.945367361,68.7000647435067,0.8532580197392391
1985-10-17,1.900060406,67.1000632197682,0.8333859259235792
1985-10-18,1.863248506,65.8000620148382,0.8172398501095526
1985-10-19,1.823604921,64.4000607036387,0.7998517682949815
1985-10-20,1.800951443,63.6000599241121,0.7899157211678464
1985-10-21,1.783961335,63.000059357124506,0.7824636860418003
1985-10-22,1.840595028,65.0000612353116,0.8073038029824176
1985-10-23,1.919882199,67.8000638930253,0.8420799670501697
1985-10-24,2.143585287,75.7000713348189,0.9401984292507048
1985-10-25,2.140753602,75.60007122854941,0.9389564232501604
1985-10-26,2.095446648,74.0000697401256,0.9190843298731104
1985-10-27,2.089783278,73.8000695275866,0.9166003178720218
1985-10-28,2.095446648,74.0000697401256,0.9190843298731104
1985-10-29,2.098278332,74.1000698110804,0.9203263354350448
1985-10-30,2.089783278,73.8000695275866,0.9166003178720218
1985-10-31,2.052971378,72.5000683226566,0.9004542420579952
1985-11-01,1.945367361,68.7000647435067,0.8532580197392391
1985-11-02,1.939703992,68.5000645662824,0.8507740081767605
1985-11-03,1.880238614,66.40006258182581,0.8246918852355988
1985-11-04,1.817941551,64.2000604910997,0.7973677562938928
1985-11-05,1.82926829,64.600060880863,0.8023357798574601
1985-11-06,1.727327642,61.00005747893741,0.757623569101183
1985-11-07,1.769802912,62.50005889640641,0.7762536569162984
1985-11-08,2.03598127,71.90006775566901,0.8930022069319489
1985-11-09,2.030317901,71.7000675784447,0.8905181953694702
1985-11-10,2.044476324,72.20006803916282,0.896728224494972
1985-11-11,2.067129801,73.0000687833747,0.9066642711834968
1985-11-12,2.03598127,71.90006775566901,0.8930022069319489
1985-11-13,2.069961486,73.1000688896442,0.9079062771840412
1985-11-14,2.092614963,73.9000696338561,0.9178423238725661
1985-11-15,1.982179261,70.0000659484367,0.8694040955532657
1985-11-16,1.883070298,66.5000626527806,0.8259338907975331
1985-11-17,1.840595028,65.0000612353116,0.8073038029824176
1985-11-18,1.885901983,66.6000627590501,0.8271758967980775
1985-11-19,1.868911875,66.0000621920625,0.8197238616720313
1985-11-20,1.868911875,66.0000621920625,0.8197238616720313
1985-11-21,1.823604921,64.4000607036387,0.7998517682949815
1985-11-22,1.812278182,64.00006031387541,0.794883744731414
1985-11-23,1.755644489,62.0000584356883,0.7700436277907968
1985-11-24,1.70184248,60.100056628456,0.7464455164121138
1985-11-25,1.557426563,55.0000518443761,0.6831032182793311
1985-11-26,1.500792869,53.000049930874304,0.6582631009001036
1985-11-27,1.509287923,53.300050214368106,0.6619891184631268
1985-11-28,1.472476023,52.0000490094381,0.6458430426491001
1985-11-29,1.480971077,52.3000492929319,0.6495690602121232
1985-11-30,1.41584233,50.000047131251,0.6210029257084829
1985-12-01,1.41584233,50.000047131251,0.6210029257084829
1985-12-02,1.379030429,48.7000458910063,0.604856849455846
1985-12-03,1.393188852,49.2000463517244,0.6110668785813478
1985-12-04,1.387525483,49.0000461745001,0.6085828670188691
1985-12-05,1.359208636,48.000045217749204,0.5961628083292554
1985-12-06,1.362040321,48.1000453240187,0.5974048143297999
1985-12-07,1.302574943,46.000043339562104,0.571322691388638
1985-12-08,1.243109565,43.9000413551055,0.5452405684474764
1985-12-09,1.234614511,43.6000410716117,0.5415145508844532
1985-12-10,1.24594125,44.000041461375005,0.5464825744480208
1985-12-11,1.217624403,43.0000405046241,0.5340625157584071
1985-12-12,1.189307557,42.000039583187906,0.5216424575074036
1985-12-13,1.172317449,41.400039016200296,0.5141904223813573
1985-12-14,1.03922827,36.700034586569004,0.45581614737353215
1985-12-15,1.005248054,35.5000334525938,0.4409120771214397
1985-12-16,0.979762892,34.6000326021124,0.42973402443237046
1985-12-17,0.934455938,33.00003111368861,0.40986193105532076
1985-12-18,0.880653929,31.1000293064563,0.3862638196766377
1985-12-19,0.838178659,29.600027888987302,0.3676337318615222
1985-12-20,0.792871705,28.000026400563502,0.3477616384844725
1985-12-21,0.758891489,26.800025266588303,0.33285756823238005
1985-12-22,0.716416219,25.3000238491193,0.3142274804172645
1985-12-23,0.682436003,24.1000227151441,0.2993234101651721
1985-12-24,0.665445895,23.5000221481565,0.2918713750391259
1985-12-25,0.637129048,22.5000211914056,0.2794513163495122
1985-12-26,0.594653778,21.0000197739366,0.26082122853439665
1985-12-27,0.594653778,21.0000197739366,0.26082122853439665
1985-12-28,0.572000301,20.2000190297247,0.2508851818458718
1985-12-29,0.560673563,19.800018675276103,0.24591715872091452
1985-12-30,0.555010193,19.6000184627371,0.2434331467198256
1985-12-31,0.518198293,18.3000172578071,0.22728707090579897
1986-01-01,0.509703239,18.0000169743133,0.2235610533427759
1986-01-02,0.523861662,18.5000174350314,0.2297710824682776
1986-01-03,0.538020085,19.0000178957495,0.23598111159377938
1986-01-04,0.526693347,18.600017541300904,0.2310130884688221
1986-01-05,0.523861662,18.5000174350314,0.2297710824682776
1986-01-06,0.512534923,18.100017045268103,0.2248030589047101
1986-01-07,0.509703239,18.0000169743133,0.2235610533427759
1986-01-08,0.509703239,18.0000169743133,0.2235610533427759
1986-01-09,0.492713131,17.4000164073257,0.2161090182167297
1986-01-10,0.481386392,17.0000160175624,0.2111409946531621
1986-01-11,0.481386392,17.0000160175624,0.2111409946531621
1986-01-12,0.478554707,16.9000159112929,0.2098989886526177
1986-01-13,0.464396284,16.400015450574802,0.20368895952711594
1986-01-14,0.453069545,16.000015060811503,0.1987209359635484
1986-01-15,0.453069545,16.000015060811503,0.1987209359635484
1986-01-16,0.453069545,16.000015060811503,0.1987209359635484
1986-01-17,0.45590123,16.100015167081,0.1999629419640928
1986-01-18,0.481386392,17.0000160175624,0.2111409946531621
1986-01-19,0.481386392,17.0000160175624,0.2111409946531621
1986-01-20,0.481386392,17.0000160175624,0.2111409946531621
1986-01-21,0.481386392,17.0000160175624,0.2111409946531621
1986-01-22,0.489881446,17.3000163010562,0.21486701221618523
1986-01-23,0.481386392,17.0000160175624,0.2111409946531621
1986-01-24,0.481386392,17.0000160175624,0.2111409946531621
1986-01-25,0.481386392,17.0000160175624,0.2111409946531621
1986-01-26,0.487049761,17.200016194786702,0.2136250062156408
1986-01-27,0.481386392,17.0000160175624,0.2111409946531621
1986-01-28,0.472891338,16.7000157340686,0.207414977090139
1986-01-29,0.453069545,16.000015060811503,0.1987209359635484
1986-01-30,0.453069545,16.000015060811503,0.1987209359635484
1986-01-31,0.487049761,17.200016194786702,0.2136250062156408
1986-02-01,0.509703239,18.0000169743133,0.2235610533427759
1986-02-02,0.509703239,18.0000169743133,0.2235610533427759
1986-02-03,0.509703239,18.0000169743133,0.2235610533427759
1986-02-04,0.509703239,18.0000169743133,0.2235610533427759
1986-02-05,0.481386392,17.0000160175624,0.2111409946531621
1986-02-06,0.481386392,17.0000160175624,0.2111409946531621
1986-02-07,0.509703239,18.0000169743133,0.2235610533427759
1986-02-08,0.481386392,17.0000160175624,0.2111409946531621
1986-02-09,0.484218077,17.100016123831903,0.2123830006537066
1986-02-10,0.424752699,15.0000141393753,0.18630087771254486
1986-02-11,0.453069545,16.000015060811503,0.1987209359635484
1986-02-12,0.481386392,17.0000160175624,0.2111409946531621
1986-02-13,0.492713131,17.4000164073257,0.2161090182167297
1986-02-14,0.509703239,18.0000169743133,0.2235610533427759
1986-02-15,0.523861662,18.5000174350314,0.2297710824682776
1986-02-16,0.555010193,19.6000184627371,0.2434331467198256
1986-02-17,0.515366608,18.2000171515376,0.22604506490525453
1986-02-18,0.54085177,19.100018002019,0.23722311759432382
1986-02-19,0.688099372,24.300022892368403,0.3018074217276508
1986-02-20,0.804198443,28.4000267550121,0.35272966160942976
1986-02-21,0.877822244,31.000029200186802,0.3850218136760932
1986-02-22,0.968436153,34.2000322123491,0.4247660008688029
1986-02-23,1.132673864,40.0000377050008,0.4968023405667863
1986-02-24,1.254436304,44.3000417448688,0.5502085920110439
1986-02-25,1.594238463,56.3000530493061,0.6992492940933577
1986-02-26,1.716000903,60.60005708917411,0.7526555455376154
1986-02-27,1.724495957,60.9000573726679,0.7563815631006385
1986-02-28,1.62255531,57.300054006057,0.7116693527829716
1986-03-01,1.514951293,53.5000504269071,0.6644731304642156
1986-03-02,1.404515591,49.6000467414877,0.6160349021449153
1986-03-03,1.342218528,47.40004465076161,0.5887107732032092
1986-03-04,1.268594727,44.800042205586905,0.5564186211365457
1986-03-05,1.217624403,43.0000405046241,0.5340625157584071
1986-03-06,1.146832287,40.500038165718905,0.503012369692288
1986-03-07,1.104357017,39.000036748249904,0.4843822818771726
1986-03-08,1.104357017,39.000036748249904,0.4843822818771726
1986-03-09,1.090198594,38.500036287531806,0.4781722527516708
1986-03-10,1.047723324,37.0000348700628,0.4595421649365552
1986-03-11,1.030733216,36.4000343030752,0.45209012981050906
1986-03-12,0.985426261,34.8000327793367,0.4322180359948491
1986-03-13,0.962772784,34.0000320351248,0.4222819893063242
1986-03-14,0.959941099,33.900031928855306,0.42103998330577985
1986-03-15,0.934455938,33.00003111368861,0.40986193105532076
1986-03-16,0.849505398,30.0000282787506,0.3726017554250897
1986-03-17,0.770218227,27.2000256210369,0.33782559135733736
1986-03-18,0.736238011,26.0000244870617,0.32292152110524497
1986-03-19,0.707921165,25.0000235656255,0.31050146285424146
1986-03-20,0.679604318,24.000022608874602,0.2980814041646277
1986-03-21,0.679604318,24.000022608874602,0.2980814041646277
1986-03-22,0.659782526,23.3000219709322,0.28938736347664723
1986-03-23,0.693762742,24.500023104907402,0.3042914337287397
1986-03-24,0.736238011,26.0000244870617,0.32292152110524497
1986-03-25,0.736238011,26.0000244870617,0.32292152110524497
1986-03-26,0.798535074,28.200026577787803,0.35024565004695113
1986-03-27,0.750396435,26.5000249830945,0.32913155066935695
1986-03-28,0.863663821,30.500028739468704,0.3788117845505915
1986-03-29,1.098693648,38.8000365710256,0.48189827031469384
1986-03-30,1.342218528,47.40004465076161,0.5887107732032092
1986-03-31,1.548931509,54.7000515608823,0.679377200716308
1986-04-01,1.446990861,51.1000481589567,0.6346649899600307
1986-04-02,1.350713582,47.7000449342554,0.5924367907662322
1986-04-03,1.254436304,44.3000417448688,0.5502085920110439
1986-04-04,1.223287773,43.200040717163105,0.536546527759496
1986-04-05,1.180812503,41.700039299694104,0.5179164399443805
1986-04-06,1.277089781,45.1000424890807,0.5601446386995688
1986-04-07,1.478139392,52.200049186662405,0.6483270542115789
1986-04-08,1.551763193,54.8000516318371,0.6806192062782422
1986-04-09,1.588575094,56.100052872081804,0.6967652825308791
1986-04-10,1.560258247,55.1000519153309,0.6843452238412654
1986-04-11,1.554594878,54.900051738106605,0.6818612122787867
1986-04-12,1.512119608,53.4000503206376,0.6632311244636712
1986-04-13,1.500792869,53.000049930874304,0.6582631009001036
1986-04-14,1.472476023,52.0000490094381,0.6458430426491001
1986-04-15,1.322396736,46.7000440128192,0.5800167325152288
1986-04-16,1.33089179,47.000044296313,0.5837427500782518
1986-04-17,1.282753151,45.3000427016197,0.5626286507006577
1986-04-18,1.228951142,43.40004089438741,0.5390305393219746
1986-04-19,1.169485764,41.300038909930805,0.5129484163808129
1986-04-20,1.192139242,42.100039689457404,0.522884463507948
1986-04-21,1.554594878,54.900051738106605,0.6818612122787867
1986-04-22,2.24269425,79.200074630475,0.9836686340064374
1986-04-23,3.313071051,117.0001102447497,1.4531468456315175
1986-04-24,3.086536279,109.00010273200131,1.3537863778690487
1986-04-25,2.732575696,96.5000909315312,1.1985356462226229
1986-04-26,2.463565654,87.0000820013138,1.0805450906450382
1986-04-27,2.203050665,77.80007331927551,0.9662805521918664
1986-04-28,2.067129801,73.0000687833747,0.9066642711834968
1986-04-29,1.942535676,68.60006463723721,0.8520160137386947
1986-04-30,1.82926829,64.600060880863,0.8023357798574601
1986-05-01,1.775466281,62.7000590736307,0.778737668478777
1986-05-02,2.169070449,76.6000721853003,0.951376481939774
1986-05-03,3.256437358,115.0001083665626,1.4283067286909004
1986-05-04,4.417428068,156.00014699299962,1.9375291275086903
1986-05-05,4.162576449,147.0001385235003,1.8257486010566077
1986-05-06,3.596239517,127.00011967099991,1.577347430773214
1986-05-07,3.426338438,121.00011403643862,1.5028270799513626
1986-05-08,3.143169972,111.0001046101884,1.3786264948096658
1986-05-09,2.944952046,104.0000980188762,1.2916860852982002
1986-05-10,2.670278634,94.30008887611982,1.1712115177195268
1986-05-11,2.477724077,87.5000824620319,1.0867551197705398
1986-05-12,2.302159628,81.30007661493161,1.0097507569475992
1986-05-13,2.177565503,76.9000724687941,0.9551024995027971
1986-05-14,2.194555611,77.50007303578171,0.9625545346288434
1986-05-15,2.123763494,75.0000706615618,0.9315043881241141
1986-05-16,2.089783278,73.8000695275866,0.9166003178720218
1986-05-17,2.010496108,71.0000669051876,0.8818241542428794
1986-05-18,2.064298117,72.9000687124199,0.9054222656215625
1986-05-19,2.57683304,91.000085757688,1.1302253245262726
1986-05-20,4.162576449,147.0001385235003,1.8257486010566077
1986-05-21,6.427924176,227.0002138981872,2.81935328175157
1986-05-22,6.796043182,240.00022615937542,2.9808140425234977
1986-05-23,5.181982926,183.0001724368122,2.272870707303549
1986-05-24,4.89881446,173.000163010562,2.1486701221618523
1986-05-25,6.286339943,222.0002091850621,2.757252989180721
1986-05-26,9.712678381,343.0003232215007,4.2600800691320835
1986-05-27,14.1017896,498.00046918712,6.18518913707394
1986-05-28,18.15109867,641.000604201449,7.961257507319584
1986-05-29,24.97545869,882.000830999743,10.954491604585202
1986-05-30,30.01585739,1060.0009989706332,13.165262022388177
1986-05-31,33.98021591,1200.001130796877,14.904070212617487
1986-06-01,39.92675369,1410.001328536243,17.512282497961454
1986-06-02,46.43962841,1640.001545410627,20.368895957097692
1986-06-03,50.12081847,1770.0016680225092,21.983503564816974
1986-06-04,52.10299773,1840.0017339356311,22.852907659931624
1986-06-05,51.5366608,1820.0017151537602,22.604506490525452
1986-06-06,52.95250313,1870.001762285011,23.225509416233937
1986-06-07,47.28913381,1670.0015737600072,20.741497713400005
1986-06-08,42.47526989,1500.001413584383,18.63008776686838
1986-06-09,34.26338438,1210.001140364386,15.028270799513622
1986-06-10,30.01585739,1060.0009989706332,13.165262022388177
1986-06-11,33.41387898,1180.0011120150061,14.655669043211315
1986-06-12,37.66140597,1330.0012534087589,16.51867782033676
1986-06-13,37.94457443,1340.0012626231212,16.6428784028468
1986-06-14,42.47526989,1500.001413584383,18.63008776686838
1986-06-15,44.74061762,1580.001489065014,19.623692448879176
1986-06-16,47.57230227,1680.001582974369,20.86569829591004
1986-06-17,50.40398693,1780.0016772368713,22.107704147327006
1986-06-18,47.57230227,1680.001582974369,20.86569829591004
1986-06-19,41.34259602,1460.0013756674941,18.13328542366994
1986-06-20,43.89111222,1550.001460715634,19.251090692576863
1986-06-21,41.05942756,1450.0013664531323,18.009084841159904
1986-06-22,36.81190057,1300.001225059379,16.14607606403445
1986-06-23,35.11288977,1240.0011683606192,15.400872551429833
1986-06-24,36.24556364,1280.0012062775081,15.89767489462828
1986-06-25,36.5287321,1290.00121549187,16.021875477138316
1986-06-26,33.98021591,1200.001130796877,14.904070212617487
1986-06-27,37.94457443,1340.0012626231212,16.6428784028468
1986-06-28,40.77625909,1440.0013568856232,17.884884254263767
1986-06-29,41.90893296,1480.001394802512,18.38168659746221
1986-06-30,39.0772483,1380.00130054001,17.139680746045244
1986-07-01,33.69704744,1190.001121229368,14.779869625721348
1986-07-02,30.86536279,1090.001027320013,13.537863778690484
1986-07-03,31.99803665,1130.0010648837551,14.03466611750283
1986-07-04,35.39605824,1250.001177928128,15.525073138325972
1986-07-05,35.39605824,1250.001177928128,15.525073138325972
1986-07-06,25.37189455,896.0008444648851,11.128372427117016
1986-07-07,21.37921918,755.0007115759461,9.37714417688226
1986-07-08,22.31367511,788.000742407117,9.787006104428698
1986-07-09,23.55961636,832.000783868492,10.33348867887672
1986-07-10,25.90991463,915.000862184061,11.364353536517745
1986-07-11,20.21822847,714.0006729495091,8.86792177806447
1986-07-12,18.12278182,640.0006031387541,7.94883744731414
1986-07-13,16.93347426,598.0005634496221,7.427194988490906
1986-07-14,17.72634597,626.000590026759,7.77495662916843
1986-07-15,20.92614963,739.000696338561,9.178423238725662
1986-07-16,23.67288375,836.0007877661251,10.383168914512396
1986-07-17,24.04100276,849.0008001685721,10.544629677038765
1986-07-18,20.67129801,730.0006878337471,9.06664271183497
1986-07-19,17.47149435,617.000581521945,7.6631761022777365
1986-07-20,15.14951293,535.000504269071,6.644731304642156
1986-07-21,13.39386844,473.00044579806803,5.87468767641275
1986-07-22,12.79921466,452.00042595350203,5.613866447001133
1986-07-23,13.02574943,460.00043339562103,5.7132269138863805
1986-07-24,14.07347276,497.000468477572,6.1727690814545975
1986-07-25,14.24337384,503.000474147448,6.24728943271506
1986-07-26,14.92297815,527.000496473805,6.545370833370806
1986-07-27,12.60099673,445.000419220931,5.526926035735227
1986-07-28,10.7604017,380.00035791499,4.719622231875587
1986-07-29,10.25069847,362.000341258509,4.496061182480304
1986-07-30,9.740995228,344.0003241782516,4.272500127821697
1986-07-31,8.89148983,314.000295899501,3.899898372396607
1986-08-01,8.410103438,297.00027988193864,3.6887573777434457
1986-08-02,8.211885512,290.0002732906264,3.6018169682319807
1986-08-03,8.126934972,287.00027045568845,3.5645567926017496
1986-08-04,8.183568665,289.0002723338755,3.5893969095423657
1986-08-05,7.787132813,275.0002591512511,3.4155160905194353
1986-08-06,7.277429574,257.00024217693783,3.1919550371766596
1986-08-07,6.965944262,246.00023182925142,3.055334393783959
1986-08-08,6.852676875,242.00022803756252,3.0056541594641146
1986-08-09,6.682775796,236.0002224030012,2.931133808642263
1986-08-10,6.48455787,229.000215811689,2.844193399130797
1986-08-11,6.031488324,213.0002007155628,2.645472462728639
1986-08-12,5.748319858,203.00019128931262,2.5212718775869423
1986-08-13,5.635052472,199.0001875329384,2.4715916437057075
1986-08-14,5.550101932,196.0001846980004,2.4343314680754764
1986-08-15,5.323567159,188.00017714993731,2.3349709998743973
1986-08-16,5.06871554,179.000168680438,2.2231904734223145
1986-08-17,4.89881446,173.000163010562,2.1486701221618523
1986-08-18,4.813863921,170.00016021093873,2.1114099469702317
1986-08-19,4.728913381,167.00015737600071,2.0741497713400006
1986-08-20,4.757230227,168.0001582974369,2.0865698295910042
1986-08-21,4.870497614,172.0001620891258,2.1362500639108486
1986-08-22,5.181982926,183.0001724368122,2.272870707303549
1986-08-23,5.804953551,205.0001931674997,2.5461119945275588
1986-08-24,5.663369318,200.0001884543746,2.484011701956711
1986-08-25,5.210299773,184.0001733935631,2.2852907659931625
1986-08-26,4.983765,176.00016584550002,2.1859302977920834
1986-08-27,4.927131307,174.00016396731291,2.161090180851466
1986-08-28,4.870497614,172.0001620891258,2.1362500639108486
1986-08-29,4.672279688,165.0001554978136,2.049309654399383
1986-08-30,4.445744915,157.0001479497505,1.9499491861983036
1986-08-31,4.332477529,153.00014419337631,1.9002689523170695
1986-09-01,4.162576449,147.0001385235003,1.8257486010566077
1986-09-02,3.992675369,141.0001328536243,1.7512282497961453
1986-09-03,3.794457443,134.0001262623121,1.66428784028468
1986-09-04,3.596239517,127.00011967099991,1.577347430773214
1986-09-05,3.398021591,120.00011307968771,1.4904070212617488
1986-09-06,3.143169972,111.0001046101884,1.3786264948096658
1986-09-07,2.916635199,103.0000970621253,1.2792660266085865
1986-09-08,2.803367813,99.00009330575111,1.229585792727352
1986-09-09,2.82602129,99.80009404996301,1.239521839415877
1986-09-10,2.916635199,103.0000970621253,1.2792660266085865
1986-09-11,2.860001506,101.00009518393821,1.2544259096679693
1986-09-12,2.803367813,99.00009330575111,1.229585792727352
1986-09-13,2.775050966,98.0000923490002,1.2171657340377382
1986-09-14,2.70425885,95.50009001009501,1.1861155879716192
1986-09-15,2.607981571,92.1000867853937,1.1438873887778205
1986-09-16,2.506040923,88.50008338346811,1.0991751780215435
1986-09-17,2.401268591,84.80007991058771,1.053220961703332
1986-09-18,2.282337835,80.6000759416745,1.0010567158210084
1986-09-19,2.24269425,79.200074630475,0.9836686340064374
1986-09-20,2.086951594,73.7000694566318,0.9153583123100875
1986-09-21,1.925545568,68.0000640702496,0.8445639786126484
1986-09-22,1.783961335,63.000059357124506,0.7824636860418003
1986-09-23,1.687684057,59.600056167737904,0.7402354872866119
1986-09-24,1.727327642,61.00005747893741,0.757623569101183
1986-09-25,1.732991011,61.200057656161704,0.7601075806636616
1986-09-26,1.628218679,57.5000541832813,0.7141533643454502
1986-09-27,1.599901832,56.500053226530405,0.7017333056558364
1986-09-28,1.611228571,56.900053616293704,0.7067013292194041
1986-09-29,1.588575094,56.100052872081804,0.6967652825308791
1986-09-30,1.588575094,56.100052872081804,0.6967652825308791
1986-10-01,1.585743409,56.000052765812306,0.6955232765303347
1986-10-02,1.614060256,57.0000537225632,0.7079433352199485
1986-10-03,1.557426563,55.0000518443761,0.6831032182793311
1986-10-04,1.500792869,53.000049930874304,0.6582631009001036
1986-10-05,1.500792869,53.000049930874304,0.6582631009001036
1986-10-06,1.500792869,53.000049930874304,0.6582631009001036
1986-10-07,1.557426563,55.0000518443761,0.6831032182793311
1986-10-08,1.614060256,57.0000537225632,0.7079433352199485
1986-10-09,1.670693949,59.0000556007503,0.7327834521605657
1986-10-10,1.699010796,60.0000565575012,0.7452035108501794
1986-10-11,1.755644489,62.0000584356883,0.7700436277907968
1986-10-12,1.670693949,59.0000556007503,0.7327834521605657
1986-10-13,1.642377102,58.000054643999405,0.7203633934709519
1986-10-14,1.585743409,56.000052765812306,0.6955232765303347
1986-10-15,1.557426563,55.0000518443761,0.6831032182793311
1986-10-16,1.500792869,53.000049930874304,0.6582631009001036
1986-10-17,1.444159176,51.000048052687205,0.6334229839594865
1986-10-18,1.444159176,51.000048052687205,0.6334229839594865
1986-10-19,1.500792869,53.000049930874304,0.6582631009001036
1986-10-20,1.557426563,55.0000518443761,0.6831032182793311
1986-10-21,1.557426563,55.0000518443761,0.6831032182793311
1986-10-22,1.585743409,56.000052765812306,0.6955232765303347
1986-10-23,1.585743409,56.000052765812306,0.6955232765303347
1986-10-24,1.557426563,55.0000518443761,0.6831032182793311
1986-10-25,1.557426563,55.0000518443761,0.6831032182793311
1986-10-26,1.557426563,55.0000518443761,0.6831032182793311
1986-10-27,1.557426563,55.0000518443761,0.6831032182793311
1986-10-28,1.557426563,55.0000518443761,0.6831032182793311
1986-10-29,1.529109716,54.0000508876252,0.6706831595897175
1986-10-30,1.500792869,53.000049930874304,0.6582631009001036
1986-10-31,1.444159176,51.000048052687205,0.6334229839594865
1986-11-01,1.41584233,50.000047131251,0.6210029257084829
1986-11-02,1.33089179,47.000044296313,0.5837427500782518
1986-11-03,1.33089179,47.000044296313,0.5837427500782518
1986-11-04,1.24594125,44.000041461375005,0.5464825744480208
1986-11-05,1.217624403,43.0000405046241,0.5340625157584071
1986-11-06,1.217624403,43.0000405046241,0.5340625157584071
1986-11-07,1.274258097,45.0000424181259,0.5589026331376346
1986-11-08,1.217624403,43.0000405046241,0.5340625157584071
1986-11-09,1.189307557,42.000039583187906,0.5216424575074036
1986-11-10,1.189307557,42.000039583187906,0.5216424575074036
1986-11-11,1.189307557,42.000039583187906,0.5216424575074036
1986-11-12,1.16099071,41.000038626437004,0.5092223988177899
1986-11-13,1.104357017,39.000036748249904,0.4843822818771726
1986-11-14,1.07604017,38.000035791499,0.47196222318755876
1986-11-15,1.07604017,38.000035791499,0.47196222318755876
1986-11-16,1.07604017,38.000035791499,0.47196222318755876
1986-11-17,1.189307557,42.000039583187906,0.5216424575074036
1986-11-18,1.33089179,47.000044296313,0.5837427500782518
1986-11-19,1.387525483,49.0000461745001,0.6085828670188691
1986-11-20,1.33089179,47.000044296313,0.5837427500782518
1986-11-21,1.274258097,45.0000424181259,0.5589026331376346
1986-11-22,1.24594125,44.000041461375005,0.5464825744480208
1986-11-23,1.302574943,46.000043339562104,0.571322691388638
1986-11-24,1.189307557,42.000039583187906,0.5216424575074036
1986-11-25,1.16099071,41.000038626437004,0.5092223988177899
1986-11-26,1.189307557,42.000039583187906,0.5216424575074036
1986-11-27,1.104357017,39.000036748249904,0.4843822818771726
1986-11-28,1.07604017,38.000035791499,0.47196222318755876
1986-11-29,1.047723324,37.0000348700628,0.4595421649365552
1986-11-30,1.047723324,37.0000348700628,0.4595421649365552
1986-12-01,0.991089631,35.000032991875706,0.43470204799593803
1986-12-02,0.991089631,35.000032991875706,0.43470204799593803
1986-12-03,0.962772784,34.0000320351248,0.4222819893063242
1986-12-04,0.906139091,32.000030156937704,0.397441872365707
1986-12-05,0.877822244,31.000029200186802,0.3850218136760932
1986-12-06,0.849505398,30.0000282787506,0.3726017554250897
1986-12-07,0.849505398,30.0000282787506,0.3726017554250897
1986-12-08,0.821188551,29.000027321999703,0.36018169673547595
1986-12-09,0.736238011,26.0000244870617,0.32292152110524497
1986-12-10,0.707921165,25.0000235656255,0.31050146285424146
1986-12-11,0.707921165,25.0000235656255,0.31050146285424146
1986-12-12,0.707921165,25.0000235656255,0.31050146285424146
1986-12-13,0.679604318,24.000022608874602,0.2980814041646277
1986-12-14,0.679604318,24.000022608874602,0.2980814041646277
1986-12-15,0.651287472,23.0000216874384,0.2856613459136242
1986-12-16,0.594653778,21.0000197739366,0.26082122853439665
1986-12-17,0.566336932,20.0000188525004,0.24840117028339315
1986-12-18,0.594653778,21.0000197739366,0.26082122853439665
1986-12-19,0.594653778,21.0000197739366,0.26082122853439665
1986-12-20,0.566336932,20.0000188525004,0.24840117028339315
1986-12-21,0.538020085,19.0000178957495,0.23598111159377938
1986-12-22,0.509703239,18.0000169743133,0.2235610533427759
1986-12-23,0.509703239,18.0000169743133,0.2235610533427759
1986-12-24,0.481386392,17.0000160175624,0.2111409946531621
1986-12-25,0.481386392,17.0000160175624,0.2111409946531621
1986-12-26,0.481386392,17.0000160175624,0.2111409946531621
1986-12-27,0.481386392,17.0000160175624,0.2111409946531621
1986-12-28,0.453069545,16.000015060811503,0.1987209359635484
1986-12-29,0.453069545,16.000015060811503,0.1987209359635484
1986-12-30,0.453069545,16.000015060811503,0.1987209359635484
1986-12-31,0.424752699,15.0000141393753,0.18630087771254486
1987-01-01,0.424752699,15.0000141393753,0.18630087771254486
1987-01-02,0.424752699,15.0000141393753,0.18630087771254486
1987-01-03,0.424752699,15.0000141393753,0.18630087771254486
1987-01-04,0.453069545,16.000015060811503,0.1987209359635484
1987-01-05,0.453069545,16.000015060811503,0.1987209359635484
1987-01-06,0.481386392,17.0000160175624,0.2111409946531621
1987-01-07,0.481386392,17.0000160175624,0.2111409946531621
1987-01-08,0.509703239,18.0000169743133,0.2235610533427759
1987-01-09,0.509703239,18.0000169743133,0.2235610533427759
1987-01-10,0.509703239,18.0000169743133,0.2235610533427759
1987-01-11,0.481386392,17.0000160175624,0.2111409946531621
1987-01-12,0.481386392,17.0000160175624,0.2111409946531621
1987-01-13,0.481386392,17.0000160175624,0.2111409946531621
1987-01-14,0.453069545,16.000015060811503,0.1987209359635484
1987-01-15,0.453069545,16.000015060811503,0.1987209359635484
1987-01-16,0.481386392,17.0000160175624,0.2111409946531621
1987-01-17,0.538020085,19.0000178957495,0.23598111159377938
1987-01-18,0.538020085,19.0000178957495,0.23598111159377938
1987-01-19,0.509703239,18.0000169743133,0.2235610533427759
1987-01-20,0.481386392,17.0000160175624,0.2111409946531621
1987-01-21,0.509703239,18.0000169743133,0.2235610533427759
1987-01-22,0.509703239,18.0000169743133,0.2235610533427759
1987-01-23,0.481386392,17.0000160175624,0.2111409946531621
1987-01-24,0.453069545,16.000015060811503,0.1987209359635484
1987-01-25,0.453069545,16.000015060811503,0.1987209359635484
1987-01-26,0.453069545,16.000015060811503,0.1987209359635484
1987-01-27,0.453069545,16.000015060811503,0.1987209359635484
1987-01-28,0.453069545,16.000015060811503,0.1987209359635484
1987-01-29,0.453069545,16.000015060811503,0.1987209359635484
1987-01-30,0.453069545,16.000015060811503,0.1987209359635484
1987-01-31,0.453069545,16.000015060811503,0.1987209359635484
1987-02-01,0.453069545,16.000015060811503,0.1987209359635484
1987-02-02,0.453069545,16.000015060811503,0.1987209359635484
1987-02-03,0.453069545,16.000015060811503,0.1987209359635484
1987-02-04,0.453069545,16.000015060811503,0.1987209359635484
1987-02-05,0.424752699,15.0000141393753,0.18630087771254486
1987-02-06,0.453069545,16.000015060811503,0.1987209359635484
1987-02-07,0.453069545,16.000015060811503,0.1987209359635484
1987-02-08,0.453069545,16.000015060811503,0.1987209359635484
1987-02-09,0.453069545,16.000015060811503,0.1987209359635484
1987-02-10,0.453069545,16.000015060811503,0.1987209359635484
1987-02-11,0.453069545,16.000015060811503,0.1987209359635484
1987-02-12,0.453069545,16.000015060811503,0.1987209359635484
1987-02-13,0.424752699,15.0000141393753,0.18630087771254486
1987-02-14,0.453069545,16.000015060811503,0.1987209359635484
1987-02-15,0.453069545,16.000015060811503,0.1987209359635484
1987-02-16,0.453069545,16.000015060811503,0.1987209359635484
1987-02-17,0.424752699,15.0000141393753,0.18630087771254486
1987-02-18,0.424752699,15.0000141393753,0.18630087771254486
1987-02-19,0.424752699,15.0000141393753,0.18630087771254486
1987-02-20,0.424752699,15.0000141393753,0.18630087771254486
1987-02-21,0.424752699,15.0000141393753,0.18630087771254486
1987-02-22,0.424752699,15.0000141393753,0.18630087771254486
1987-02-23,0.424752699,15.0000141393753,0.18630087771254486
1987-02-24,0.424752699,15.0000141393753,0.18630087771254486
1987-02-25,0.453069545,16.000015060811503,0.1987209359635484
1987-02-26,0.453069545,16.000015060811503,0.1987209359635484
1987-02-27,0.424752699,15.0000141393753,0.18630087771254486
1987-02-28,0.424752699,15.0000141393753,0.18630087771254486
1987-03-01,0.424752699,15.0000141393753,0.18630087771254486
1987-03-02,0.396435852,14.0000131826244,0.1738808190229311
1987-03-03,0.396435852,14.0000131826244,0.1738808190229311
1987-03-04,0.396435852,14.0000131826244,0.1738808190229311
1987-03-05,0.396435852,14.0000131826244,0.1738808190229311
1987-03-06,0.396435852,14.0000131826244,0.1738808190229311
1987-03-07,0.396435852,14.0000131826244,0.1738808190229311
1987-03-08,0.396435852,14.0000131826244,0.1738808190229311
1987-03-09,0.396435852,14.0000131826244,0.1738808190229311
1987-03-10,0.396435852,14.0000131826244,0.1738808190229311
1987-03-11,0.396435852,14.0000131826244,0.1738808190229311
1987-03-12,0.396435852,14.0000131826244,0.1738808190229311
1987-03-13,0.396435852,14.0000131826244,0.1738808190229311
1987-03-14,0.368119006,13.000012261188202,0.16146076077192761
1987-03-15,0.368119006,13.000012261188202,0.16146076077192761
1987-03-16,0.368119006,13.000012261188202,0.16146076077192761
1987-03-17,0.368119006,13.000012261188202,0.16146076077192761
1987-03-18,0.396435852,14.0000131826244,0.1738808190229311
1987-03-19,0.396435852,14.0000131826244,0.1738808190229311
1987-03-20,0.396435852,14.0000131826244,0.1738808190229311
1987-03-21,0.396435852,14.0000131826244,0.1738808190229311
1987-03-22,0.396435852,14.0000131826244,0.1738808190229311
1987-03-23,0.396435852,14.0000131826244,0.1738808190229311
1987-03-24,0.368119006,13.000012261188202,0.16146076077192761
1987-03-25,0.339802159,12.000011304437301,0.14904070208231385
1987-03-26,0.339802159,12.000011304437301,0.14904070208231385
1987-03-27,0.339802159,12.000011304437301,0.14904070208231385
1987-03-28,0.339802159,12.000011304437301,0.14904070208231385
1987-03-29,0.311485313,11.0000103830011,0.1366206438313103
1987-03-30,0.339802159,12.000011304437301,0.14904070208231385
1987-03-31,0.368119006,13.000012261188202,0.16146076077192761
1987-04-01,0.368119006,13.000012261188202,0.16146076077192761
1987-04-02,0.368119006,13.000012261188202,0.16146076077192761
1987-04-03,0.396435852,14.0000131826244,0.1738808190229311
1987-04-04,0.424752699,15.0000141393753,0.18630087771254486
1987-04-05,0.453069545,16.000015060811503,0.1987209359635484
1987-04-06,0.538020085,19.0000178957495,0.23598111159377938
1987-04-07,0.566336932,20.0000188525004,0.24840117028339315
1987-04-08,0.594653778,21.0000197739366,0.26082122853439665
1987-04-09,0.566336932,20.0000188525004,0.24840117028339315
1987-04-10,0.566336932,20.0000188525004,0.24840117028339315
1987-04-11,0.594653778,21.0000197739366,0.26082122853439665
1987-04-12,0.594653778,21.0000197739366,0.26082122853439665
1987-04-13,0.594653778,21.0000197739366,0.26082122853439665
1987-04-14,0.622970625,22.000020730687503,0.2732412872240104
1987-04-15,0.764554858,27.0000254438126,0.33534157979485874
1987-04-16,0.962772784,34.0000320351248,0.4222819893063242
1987-04-17,1.24594125,44.000041461375005,0.5464825744480208
1987-04-18,1.614060256,57.0000537225632,0.7079433352199485
1987-04-19,1.699010796,60.0000565575012,0.7452035108501794
1987-04-20,1.642377102,58.000054643999405,0.7203633934709519
1987-04-21,1.642377102,58.000054643999405,0.7203633934709519
1987-04-22,2.067129801,73.0000687833747,0.9066642711834968
1987-04-23,3.001585739,106.0000998970633,1.3165262022388176
1987-04-24,3.766140597,133.0001253408759,1.6518677820336762
1987-04-25,4.332477529,153.00014419337631,1.9002689523170695
1987-04-26,4.983765,176.00016584550002,2.1859302977920834
1987-04-27,6.258023097,221.0002082636259,2.7448329309297175
1987-04-28,7.957033892,281.0002647858124,3.490036441341287
1987-04-29,9.089707756,321.00030249081317,3.986838781908073
1987-04-30,9.712678381,343.0003232215007,4.2600800691320835
1987-05-01,11.41168918,403.000379884946,5.005283581298094
1987-05-02,11.15683756,394.000371380132,4.893503054407401
1987-05-03,9.627727841,340.00032038656275,4.222819893501853
1987-05-04,8.466737131,299.00028176012574,3.7135974946840626
1987-05-05,8.89148983,314.000295899501,3.899898372396607
1987-05-06,11.04357017,390.00036748249903,4.843822818771726
1987-05-07,14.80971077,523.0004929293191,6.495690602121233
1987-05-08,18.6608019,659.00062085793,8.184818556714868
1987-05-09,20.27486216,716.000674721752,8.892761893689258
1987-05-10,20.86951594,737.000694566318,9.153583123100873
1987-05-11,24.94714185,881.000830290195,10.942071548965862
1987-05-12,23.30476475,823.000775716825,10.22170815637213
1987-05-13,22.45525935,793.000747367445,9.849106400069818
1987-05-14,19.85010946,701.000660547062,8.706461015538101
1987-05-15,22.76674466,804.0007576445021,9.9857270425853
1987-05-16,22.82337835,806.000759416745,10.010567158210085
1987-05-17,26.33466733,930.000876358751,11.550654414668898
1987-05-18,30.86536279,1090.001027320013,13.537863778690484
1987-05-19,26.47625156,935.0008809659321,11.612754705923917
1987-05-20,20.18991162,713.0006718868141,8.855501718059026
1987-05-21,18.88733668,667.000628653196,8.284179027986218
1987-05-22,15.63089932,552.000520216004,6.855872298418098
1987-05-23,12.06297665,426.000401501755,5.290944926334498
1987-05-24,10.47723324,370.000348700628,4.595421649365552
1987-05-25,9.599410995,339.0003194651265,4.210399835250849
1987-05-26,9.542777302,337.0003175869394,4.185559718310232
1987-05-27,9.372876222,331.0003119170634,4.11103936704977
1987-05-28,10.10911423,357.000336298181,4.433960886839184
1987-05-29,10.59050063,374.000352598261,4.645101885001227
1987-05-30,11.07188702,391.000368545194,4.85624287877717
1987-05-31,11.35505548,401.00037775955605,4.980443461287206
1987-06-01,10.61881747,375.000353307809,4.65752194062057
1987-06-02,9.372876222,331.0003119170634,4.11103936704977
1987-06-03,8.72158875,308.000290229625,3.825378021136146
1987-06-04,9.740995228,344.0003241782516,4.272500127821697
1987-06-05,13.3089179,470.00044296313007,5.837427500782519
1987-06-06,17.10337534,604.000569119498,7.501715339751367
1987-06-07,20.89783278,738.0006952758661,9.166003178720217
1987-06-08,23.78615114,840.000791663758,10.432849150148071
1987-06-09,31.43169972,1110.0010461018842,13.786264948096658
1987-06-10,37.94457443,1340.0012626231212,16.6428784028468
1987-06-11,30.58219432,1080.0010177525041,13.413663191794349
1987-06-12,25.85328094,913.000860411818,11.339513420892958
1987-06-13,26.90100426,950.0008951406221,11.799055584075072
1987-06-14,26.58951895,939.000884863565,11.66243494155959
1987-06-15,25.11704293,887.0008359600711,11.016591900226322
1987-06-16,26.70278634,943.000888761198,11.712115177195267
1987-06-17,22.68179412,801.000754809564,9.948466866955068
1987-06-18,17.04674165,602.0005673472551,7.476875224126582
1987-06-19,13.96020537,493.00046457993903,6.123088845818922
1987-06-20,12.23287773,432.000407171631,5.36546527759496
1987-06-21,11.58159026,409.00038555482206,5.079803932558556
1987-06-22,11.6665408,412.00038838976,5.117064108188787
1987-06-23,10.90198594,385.000362875318,4.781722527516708
1987-06-24,8.97644037,317.000298734439,3.937158548026839
1987-06-25,7.928717046,280.0002638643762,3.4776163830902838
1987-06-26,7.815449659,276.00026007268735,3.427936148770439
1987-06-27,8.296836051,293.0002760902497,3.6390771434236004
1987-06-28,8.834856137,312.0002940213139,3.8750582554559903
1987-06-29,8.89148983,314.000295899501,3.899898372396607
1987-06-30,9.259608836,327.0003081606892,4.061359133168535
1987-07-01,8.834856137,312.0002940213139,3.8750582554559903
1987-07-02,7.702182273,272.00025631631314,3.378255914889204
1987-07-03,7.050894801,249.00023462887472,3.0925945689755805
1987-07-04,6.569508409,232.0002186113123,2.881453574322418
1987-07-05,6.116438864,216.0002035505008,2.68273263835887
1987-07-06,5.720003012,202.00019036787643,2.5088518193359386
1987-07-07,5.465151392,193.0001818630624,2.3970712924452457
1987-07-08,5.295250313,187.00017622850112,2.3225509416233936
1987-07-09,5.15366608,182.000171515376,2.260450649052545
1987-07-10,9.910896307,350.00032981281294,4.347020478643549
1987-07-11,27.29744011,964.000908252617,11.972936402220784
1987-07-12,18.49090082,653.0006151880541,8.110298205454406
1987-07-13,11.89307557,420.000395831879,5.2164245750740355
1987-07-14,8.948123523,316.0002977776881,3.924738489337225
1987-07-15,7.503964347,265.0002497250009,3.291315505377739
1987-07-16,6.824360029,241.00022711612633,2.993234101213111
1987-07-17,7.419013807,262.0002468900629,3.254055329747508
1987-07-18,16.36713733,578.000544667751,7.178793819084731
1987-07-19,20.55803063,726.0006842892611,9.016962480585395
1987-07-20,12.74258097,450.00042418125906,5.589026331376346
1987-07-21,9.542777302,337.0003175869394,4.185559718310232
1987-07-22,15.60258247,551.000519153309,6.843452238412653
1987-07-23,16.39545418,579.0005457304461,7.191213879090178
1987-07-24,12.00634296,424.000399729512,5.266104810709711
1987-07-25,8.89148983,314.000295899501,3.899898372396607
1987-07-26,7.390696961,261.0002459686267,3.2416352714965044
1987-07-27,6.597825256,233.00021956806322,2.893873633012032
1987-07-28,6.088122017,215.00020259374992,2.6703125796692557
1987-07-29,5.833270398,206.0001941242506,2.558532053217173
1987-07-30,5.833270398,206.0001941242506,2.558532053217173
1987-07-31,5.833270398,206.0001941242506,2.558532053217173
1987-08-01,5.691686165,201.00018941112552,2.496431760646325
1987-08-02,5.351884006,189.0001781066882,2.347391058564011
1987-08-03,5.06871554,179.000168680438,2.2231904734223145
1987-08-04,4.757230227,168.0001582974369,2.0865698295910042
1987-08-05,4.502378608,159.0001498279376,1.974789303138921
1987-08-06,4.247526989,150.0001413584383,1.8630087766868382
1987-08-07,4.020992216,142.0001338103752,1.7636483084857588
1987-08-08,3.851091137,136.0001281758139,1.6891279576639073
1987-08-09,3.681190057,130.0001225059379,1.6146076064034451
1987-08-10,3.539605824,125.00011779281282,1.5525073138325969
1987-08-11,3.398021591,120.00011307968771,1.4904070212617488
1987-08-12,3.199803665,113.00010648837551,1.4034666117502832
1987-08-13,3.058219432,108.0001017752504,1.341366319179435
1987-08-14,3.313071051,117.0001102447497,1.4531468456315175
1987-08-15,4.077625909,144.0001356885623,1.7884884254263762
1987-08-16,4.445744915,157.0001479497505,1.9499491861983036
1987-08-17,4.700596534,166.0001564192498,2.061729712650387
1987-08-18,4.728913381,167.00015737600071,2.0741497713400006
1987-08-19,4.615645994,163.00015358431182,2.0244695370201558
1987-08-20,4.417428068,156.00014699299962,1.9375291275086903
1987-08-21,4.247526989,150.0001413584383,1.8630087766868382
1987-08-22,4.134259602,146.0001375667494,1.8133285423669936
1987-08-23,3.964358523,140.0001319321881,1.7388081915451419
1987-08-24,4.020992216,142.0001338103752,1.7636483084857588
1987-08-25,4.389111222,155.00014607156342,1.9251090692576869
1987-08-26,4.615645994,163.00015358431182,2.0244695370201558
1987-08-27,4.672279688,165.0001554978136,2.049309654399383
1987-08-28,4.559012301,161.0001517061247,1.9996294200795384
1987-08-29,4.360794375,154.0001451148125,1.912689010568073
1987-08-30,4.077625909,144.0001356885623,1.7884884254263762
1987-08-31,3.851091137,136.0001281758139,1.6891279576639073
1987-09-01,3.624556364,128.00012062775082,1.589767489462828
1987-09-02,3.398021591,120.00011307968771,1.4904070212617488
1987-09-03,3.284754205,116.00010932331351,1.440726787380514
1987-09-04,3.539605824,125.00011779281282,1.5525073138325969
1987-09-05,3.596239517,127.00011967099991,1.577347430773214
1987-09-06,3.567922671,126.0001187495637,1.5649273725222106
1987-09-07,3.511288977,124.0001168360619,1.5400872551429832
1987-09-08,3.454655284,122.00011495787481,1.515247138202366
1987-09-09,3.369704744,119.0001121229368,1.4779869625721347
1987-09-10,3.228120511,114.00010740981172,1.4158866700012869
1987-09-11,3.086536279,109.00010273200131,1.3537863778690487
1987-09-12,2.944952046,104.0000980188762,1.2916860852982002
1987-09-13,2.831684659,100.0000942271873,1.2420058509783556
1987-09-14,2.690100426,95.0000895140622,1.1799055584075073
1987-09-15,2.57683304,91.000085757688,1.1302253245262726
1987-09-16,2.4918825,88.00008292275001,1.0929651488960417
1987-09-17,2.350298267,83.0000782096249,1.0308648563251934
1987-09-18,2.237030881,79.0000744532507,0.9811846224439589
1987-09-19,2.123763494,75.0000706615618,0.9315043881241141
1987-09-20,2.010496108,71.0000669051876,0.8818241542428794
1987-09-21,1.868911875,66.0000621920625,0.8197238616720313
1987-09-22,1.755644489,62.0000584356883,0.7700436277907968
1987-09-23,1.642377102,58.000054643999405,0.7203633934709519
1987-09-24,1.529109716,54.0000508876252,0.6706831595897175
1987-09-25,1.444159176,51.000048052687205,0.6334229839594865
1987-09-26,1.359208636,48.000045217749204,0.5961628083292554
1987-09-27,1.302574943,46.000043339562104,0.571322691388638
1987-09-28,1.274258097,45.0000424181259,0.5589026331376346
1987-09-29,1.217624403,43.0000405046241,0.5340625157584071
1987-09-30,1.189307557,42.000039583187906,0.5216424575074036
1987-10-01,1.132673864,40.0000377050008,0.4968023405667863
1987-10-02,1.104357017,39.000036748249904,0.4843822818771726
1987-10-03,1.047723324,37.0000348700628,0.4595421649365552
1987-10-04,1.019406477,36.0000339133119,0.44712210624694154
1987-10-05,0.991089631,35.000032991875706,0.43470204799593803
1987-10-06,0.934455938,33.00003111368861,0.40986193105532076
1987-10-07,0.934455938,33.00003111368861,0.40986193105532076
1987-10-08,0.906139091,32.000030156937704,0.397441872365707
1987-10-09,0.877822244,31.000029200186802,0.3850218136760932
1987-10-10,0.877822244,31.000029200186802,0.3850218136760932
1987-10-11,0.849505398,30.0000282787506,0.3726017554250897
1987-10-12,0.821188551,29.000027321999703,0.36018169673547595
1987-10-13,0.792871705,28.000026400563502,0.3477616384844725
1987-10-14,0.792871705,28.000026400563502,0.3477616384844725
1987-10-15,0.736238011,26.0000244870617,0.32292152110524497
1987-10-16,0.707921165,25.0000235656255,0.31050146285424146
1987-10-17,0.679604318,24.000022608874602,0.2980814041646277
1987-10-18,0.651287472,23.0000216874384,0.2856613459136242
1987-10-19,0.594653778,21.0000197739366,0.26082122853439665
1987-10-20,0.566336932,20.0000188525004,0.24840117028339315
1987-10-21,0.566336932,20.0000188525004,0.24840117028339315
1987-10-22,0.538020085,19.0000178957495,0.23598111159377938
1987-10-23,0.509703239,18.0000169743133,0.2235610533427759
1987-10-24,0.481386392,17.0000160175624,0.2111409946531621
1987-10-25,0.481386392,17.0000160175624,0.2111409946531621
1987-10-26,0.453069545,16.000015060811503,0.1987209359635484
1987-10-27,0.424752699,15.0000141393753,0.18630087771254486
1987-10-28,0.424752699,15.0000141393753,0.18630087771254486
1987-10-29,0.396435852,14.0000131826244,0.1738808190229311
1987-10-30,0.396435852,14.0000131826244,0.1738808190229311
1987-10-31,0.396435852,14.0000131826244,0.1738808190229311
1987-11-01,0.396435852,14.0000131826244,0.1738808190229311
1987-11-02,0.424752699,15.0000141393753,0.18630087771254486
1987-11-03,0.424752699,15.0000141393753,0.18630087771254486
1987-11-04,0.396435852,14.0000131826244,0.1738808190229311
1987-11-05,0.396435852,14.0000131826244,0.1738808190229311
1987-11-06,0.396435852,14.0000131826244,0.1738808190229311
1987-11-07,0.396435852,14.0000131826244,0.1738808190229311
1987-11-08,0.396435852,14.0000131826244,0.1738808190229311
1987-11-09,0.368119006,13.000012261188202,0.16146076077192761
1987-11-10,0.368119006,13.000012261188202,0.16146076077192761
1987-11-11,0.368119006,13.000012261188202,0.16146076077192761
1987-11-12,0.368119006,13.000012261188202,0.16146076077192761
1987-11-13,0.396435852,14.0000131826244,0.1738808190229311
1987-11-14,0.396435852,14.0000131826244,0.1738808190229311
1987-11-15,0.368119006,13.000012261188202,0.16146076077192761
1987-11-16,0.368119006,13.000012261188202,0.16146076077192761
1987-11-17,0.396435852,14.0000131826244,0.1738808190229311
1987-11-18,0.396435852,14.0000131826244,0.1738808190229311
1987-11-19,0.396435852,14.0000131826244,0.1738808190229311
1987-11-20,0.396435852,14.0000131826244,0.1738808190229311
1987-11-21,0.396435852,14.0000131826244,0.1738808190229311
1987-11-22,0.396435852,14.0000131826244,0.1738808190229311
1987-11-23,0.368119006,13.000012261188202,0.16146076077192761
1987-11-24,0.368119006,13.000012261188202,0.16146076077192761
1987-11-25,0.368119006,13.000012261188202,0.16146076077192761
1987-11-26,0.368119006,13.000012261188202,0.16146076077192761
1987-11-27,0.339802159,12.000011304437301,0.14904070208231385
1987-11-28,0.339802159,12.000011304437301,0.14904070208231385
1987-11-29,0.339802159,12.000011304437301,0.14904070208231385
1987-11-30,0.339802159,12.000011304437301,0.14904070208231385
1987-12-01,0.368119006,13.000012261188202,0.16146076077192761
1987-12-02,0.368119006,13.000012261188202,0.16146076077192761
1987-12-03,0.396435852,14.0000131826244,0.1738808190229311
1987-12-04,0.368119006,13.000012261188202,0.16146076077192761
1987-12-05,0.368119006,13.000012261188202,0.16146076077192761
1987-12-06,0.368119006,13.000012261188202,0.16146076077192761
1987-12-07,0.424752699,15.0000141393753,0.18630087771254486
1987-12-08,0.396435852,14.0000131826244,0.1738808190229311
1987-12-09,0.424752699,15.0000141393753,0.18630087771254486
1987-12-10,0.453069545,16.000015060811503,0.1987209359635484
1987-12-11,0.481386392,17.0000160175624,0.2111409946531621
1987-12-12,0.509703239,18.0000169743133,0.2235610533427759
1987-12-13,0.538020085,19.0000178957495,0.23598111159377938
1987-12-14,0.566336932,20.0000188525004,0.24840117028339315
1987-12-15,0.594653778,21.0000197739366,0.26082122853439665
1987-12-16,0.538020085,19.0000178957495,0.23598111159377938
1987-12-17,0.509703239,18.0000169743133,0.2235610533427759
1987-12-18,0.481386392,17.0000160175624,0.2111409946531621
1987-12-19,0.453069545,16.000015060811503,0.1987209359635484
1987-12-20,0.424752699,15.0000141393753,0.18630087771254486
1987-12-21,0.396435852,14.0000131826244,0.1738808190229311
1987-12-22,0.368119006,13.000012261188202,0.16146076077192761
1987-12-23,0.339802159,12.000011304437301,0.14904070208231385
1987-12-24,0.311485313,11.0000103830011,0.1366206438313103
1987-12-25,0.283168466,10.0000094262502,0.12420058514169657
1987-12-26,0.269010043,9.5000089655321,0.1179905560161948
1987-12-27,0.283168466,10.0000094262502,0.12420058514169657
1987-12-28,0.283168466,10.0000094262502,0.12420058514169657
1987-12-29,0.283168466,10.0000094262502,0.12420058514169657
1987-12-30,0.283168466,10.0000094262502,0.12420058514169657
1987-12-31,0.311485313,11.0000103830011,0.1366206438313103
1988-01-01,0.311485313,11.0000103830011,0.1366206438313103
1988-01-02,0.283168466,10.0000094262502,0.12420058514169657
1988-01-03,0.283168466,10.0000094262502,0.12420058514169657
1988-01-04,0.283168466,10.0000094262502,0.12420058514169657
1988-01-05,0.311485313,11.0000103830011,0.1366206438313103
1988-01-06,0.311485313,11.0000103830011,0.1366206438313103
1988-01-07,0.311485313,11.0000103830011,0.1366206438313103
1988-01-08,0.311485313,11.0000103830011,0.1366206438313103
1988-01-09,0.311485313,11.0000103830011,0.1366206438313103
1988-01-10,0.311485313,11.0000103830011,0.1366206438313103
1988-01-11,0.339802159,12.000011304437301,0.14904070208231385
1988-01-12,0.339802159,12.000011304437301,0.14904070208231385
1988-01-13,0.339802159,12.000011304437301,0.14904070208231385
1988-01-14,0.339802159,12.000011304437301,0.14904070208231385
1988-01-15,0.339802159,12.000011304437301,0.14904070208231385
1988-01-16,0.339802159,12.000011304437301,0.14904070208231385
1988-01-17,0.339802159,12.000011304437301,0.14904070208231385
1988-01-18,0.311485313,11.0000103830011,0.1366206438313103
1988-01-19,0.283168466,10.0000094262502,0.12420058514169657
1988-01-20,0.283168466,10.0000094262502,0.12420058514169657
1988-01-21,0.283168466,10.0000094262502,0.12420058514169657
1988-01-22,0.283168466,10.0000094262502,0.12420058514169657
1988-01-23,0.311485313,11.0000103830011,0.1366206438313103
1988-01-24,0.311485313,11.0000103830011,0.1366206438313103
1988-01-25,0.311485313,11.0000103830011,0.1366206438313103
1988-01-26,0.339802159,12.000011304437301,0.14904070208231385
1988-01-27,0.339802159,12.000011304437301,0.14904070208231385
1988-01-28,0.339802159,12.000011304437301,0.14904070208231385
1988-01-29,0.311485313,11.0000103830011,0.1366206438313103
1988-01-30,0.311485313,11.0000103830011,0.1366206438313103
1988-01-31,0.339802159,12.000011304437301,0.14904070208231385
1988-02-01,0.311485313,11.0000103830011,0.1366206438313103
1988-02-02,0.311485313,11.0000103830011,0.1366206438313103
1988-02-03,0.311485313,11.0000103830011,0.1366206438313103
1988-02-04,0.311485313,11.0000103830011,0.1366206438313103
1988-02-05,0.311485313,11.0000103830011,0.1366206438313103
1988-02-06,0.311485313,11.0000103830011,0.1366206438313103
1988-02-07,0.283168466,10.0000094262502,0.12420058514169657
1988-02-08,0.283168466,10.0000094262502,0.12420058514169657
1988-02-09,0.283168466,10.0000094262502,0.12420058514169657
1988-02-10,0.311485313,11.0000103830011,0.1366206438313103
1988-02-11,0.311485313,11.0000103830011,0.1366206438313103
1988-02-12,0.311485313,11.0000103830011,0.1366206438313103
1988-02-13,0.311485313,11.0000103830011,0.1366206438313103
1988-02-14,0.311485313,11.0000103830011,0.1366206438313103
1988-02-15,0.311485313,11.0000103830011,0.1366206438313103
1988-02-16,0.311485313,11.0000103830011,0.1366206438313103
1988-02-17,0.311485313,11.0000103830011,0.1366206438313103
1988-02-18,0.311485313,11.0000103830011,0.1366206438313103
1988-02-19,0.311485313,11.0000103830011,0.1366206438313103
1988-02-20,0.311485313,11.0000103830011,0.1366206438313103
1988-02-21,0.311485313,11.0000103830011,0.1366206438313103
1988-02-22,0.311485313,11.0000103830011,0.1366206438313103
1988-02-23,0.311485313,11.0000103830011,0.1366206438313103
1988-02-24,0.311485313,11.0000103830011,0.1366206438313103
1988-02-25,0.311485313,11.0000103830011,0.1366206438313103
1988-02-26,0.311485313,11.0000103830011,0.1366206438313103
1988-02-27,0.283168466,10.0000094262502,0.12420058514169657
1988-02-28,0.283168466,10.0000094262502,0.12420058514169657
1988-02-29,0.283168466,10.0000094262502,0.12420058514169657
1988-03-01,0.283168466,10.0000094262502,0.12420058514169657
1988-03-02,0.277505097,9.8000092490259,0.1217165735792179
1988-03-03,0.280336781,9.9000093199807,0.12295857914115212
1988-03-04,0.280336781,9.9000093199807,0.12295857914115212
1988-03-05,0.283168466,10.0000094262502,0.12420058514169657
1988-03-06,0.277505097,9.8000092490259,0.1217165735792179
1988-03-07,0.283168466,10.0000094262502,0.12420058514169657
1988-03-08,0.283168466,10.0000094262502,0.12420058514169657
1988-03-09,0.283168466,10.0000094262502,0.12420058514169657
1988-03-10,0.283168466,10.0000094262502,0.12420058514169657
1988-03-11,0.283168466,10.0000094262502,0.12420058514169657
1988-03-12,0.283168466,10.0000094262502,0.12420058514169657
1988-03-13,0.283168466,10.0000094262502,0.12420058514169657
1988-03-14,0.283168466,10.0000094262502,0.12420058514169657
1988-03-15,0.283168466,10.0000094262502,0.12420058514169657
1988-03-16,0.283168466,10.0000094262502,0.12420058514169657
1988-03-17,0.277505097,9.8000092490259,0.1217165735792179
1988-03-18,0.277505097,9.8000092490259,0.1217165735792179
1988-03-19,0.277505097,9.8000092490259,0.1217165735792179
1988-03-20,0.277505097,9.8000092490259,0.1217165735792179
1988-03-21,0.277505097,9.8000092490259,0.1217165735792179
1988-03-22,0.274673412,9.7000091427564,0.12047456757867346
1988-03-23,0.271841727,9.6000090364869,0.11923256157812903
1988-03-24,0.277505097,9.8000092490259,0.1217165735792179
1988-03-25,0.283168466,10.0000094262502,0.12420058514169657
1988-03-26,0.283168466,10.0000094262502,0.12420058514169657
1988-03-27,0.311485313,11.0000103830011,0.1366206438313103
1988-03-28,0.311485313,11.0000103830011,0.1366206438313103
1988-03-29,0.311485313,11.0000103830011,0.1366206438313103
1988-03-30,0.311485313,11.0000103830011,0.1366206438313103
1988-03-31,0.311485313,11.0000103830011,0.1366206438313103
1988-04-01,0.311485313,11.0000103830011,0.1366206438313103
1988-04-02,0.311485313,11.0000103830011,0.1366206438313103
1988-04-03,0.311485313,11.0000103830011,0.1366206438313103
1988-04-04,0.311485313,11.0000103830011,0.1366206438313103
1988-04-05,0.311485313,11.0000103830011,0.1366206438313103
1988-04-06,0.339802159,12.000011304437301,0.14904070208231385
1988-04-07,0.368119006,13.000012261188202,0.16146076077192761
1988-04-08,0.368119006,13.000012261188202,0.16146076077192761
1988-04-09,0.396435852,14.0000131826244,0.1738808190229311
1988-04-10,0.396435852,14.0000131826244,0.1738808190229311
1988-04-11,0.424752699,15.0000141393753,0.18630087771254486
1988-04-12,0.509703239,18.0000169743133,0.2235610533427759
1988-04-13,0.651287472,23.0000216874384,0.2856613459136242
1988-04-14,0.821188551,29.000027321999703,0.36018169673547595
1988-04-15,1.019406477,36.0000339133119,0.44712210624694154
1988-04-16,1.33089179,47.000044296313,0.5837427500782518
1988-04-17,1.840595028,65.0000612353116,0.8073038029824176
1988-04-18,2.40693196,85.00008008781201,1.0557049732658108
1988-04-19,2.916635199,103.0000970621253,1.2792660266085865
1988-04-20,2.916635199,103.0000970621253,1.2792660266085865
1988-04-21,2.803367813,99.00009330575111,1.229585792727352
1988-04-22,2.633466733,93.0000876358751,1.15506544146689
1988-04-23,2.4918825,88.00008292275001,1.0929651488960417
1988-04-24,2.293664574,81.00007633143781,1.006024739384576
1988-04-25,2.180397188,77.00007257506361,0.9563445055033416
1988-04-26,1.982179261,70.0000659484367,0.8694040955532657
1988-04-27,1.868911875,66.0000621920625,0.8197238616720313
1988-04-28,1.812278182,64.00006031387541,0.794883744731414
1988-04-29,1.840595028,65.0000612353116,0.8073038029824176
1988-04-30,1.897228722,67.0000631488134,0.832143920361645
1988-05-01,2.010496108,71.0000669051876,0.8818241542428794
1988-05-02,1.897228722,67.0000631488134,0.832143920361645
1988-05-03,1.783961335,63.000059357124506,0.7824636860418003
1988-05-04,1.699010796,60.0000565575012,0.7452035108501794
1988-05-05,1.642377102,58.000054643999405,0.7203633934709519
1988-05-06,1.670693949,59.0000556007503,0.7327834521605657
1988-05-07,1.755644489,62.0000584356883,0.7700436277907968
1988-05-08,1.727327642,61.00005747893741,0.757623569101183
1988-05-09,1.699010796,60.0000565575012,0.7452035108501794
1988-05-10,1.812278182,64.00006031387541,0.794883744731414
1988-05-11,2.237030881,79.0000744532507,0.9811846224439589
1988-05-12,3.256437358,115.0001083665626,1.4283067286909004
1988-05-13,5.012081847,177.0001668022509,2.198350356481697
1988-05-14,6.39960733,226.00021297675102,2.8069332235005664
1988-05-15,6.456241023,228.0002148549381,2.8317733404411833
1988-05-16,8.778222444,310.00029214312684,3.8502181385153738
1988-05-17,13.08238313,462.000435521011,5.738067033897269
1988-05-18,13.87525483,490.000461745001,6.0858286701886914
1988-05-19,12.79921466,452.00042595350203,5.613866447001133
1988-05-20,9.910896307,350.00032981281294,4.347020478643549
1988-05-21,9.401193069,332.0003128738143,4.123459425739384
1988-05-22,11.58159026,409.00038555482206,5.079803932558556
1988-05-23,16.2255531,573.00054006057,7.116693527829715
1988-05-24,19.99169369,706.000665154243,8.76856130679312
1988-05-25,18.94397037,669.000630425439,8.309019143611005
1988-05-26,21.94555611,775.000730357817,9.625545346288432
1988-05-27,24.29585438,858.0008086733861,10.656410203929457
1988-05-28,24.01268591,848.000799105877,10.532209617033319
1988-05-29,24.60733969,869.0008189504431,10.793030846444937
1988-05-30,21.01110017,742.000699173499,9.215683414355892
1988-05-31,14.61149284,516.000486196748,6.408750190855326
1988-06-01,9.684361534,342.00032226474985,4.247660010442471
1988-06-02,7.503964347,265.0002497250009,3.291315505377739
1988-06-03,9.259608836,327.0003081606892,4.061359133168535
1988-06-04,20.52971378,725.0006832265661,9.004542420579952
1988-06-05,33.41387898,1180.0011120150061,14.655669043211315
1988-06-06,38.2277429,1350.00127219063,16.767078989742938
1988-06-07,31.99803665,1130.0010648837551,14.03466611750283
1988-06-08,26.10813256,922.000868916632,11.45129394778365
1988-06-09,21.37921918,755.0007115759461,9.37714417688226
1988-06-10,18.60416821,657.000619085687,8.159978441090082
1988-06-11,17.30159327,611.0005758520691,7.588655751017274
1988-06-12,15.77248355,557.0005248231851,6.9179725896731155
1988-06-13,13.36555159,472.00044473537304,5.862267616407306
1988-06-14,12.14792719,429.00040433669307,5.328205101964729
1988-06-15,11.6665408,412.00038838976,5.117064108188787
1988-06-16,12.43109565,439.00041355105503,5.452405684474763
1988-06-17,13.22396736,467.000440128192,5.800167325152287
1988-06-18,13.50713582,477.000449342554,5.924367907662323
1988-06-19,14.89466131,526.000495764257,6.532950777751464
1988-06-20,14.92297815,527.000496473805,6.545370833370806
1988-06-21,14.32832438,506.00047698238603,6.28454960834529
1988-06-22,13.56376952,479.000451467944,5.949208027673211
1988-06-23,13.16733367,465.00043835594903,5.775327209527501
1988-06-24,12.99743259,459.00043268607305,5.700806858267039
1988-06-25,12.60099673,445.000419220931,5.526926035735227
1988-06-26,12.62931358,446.000420283626,5.539346095740671
1988-06-27,11.77980818,416.000391934246,5.16674433943836
1988-06-28,10.3922827,367.00034586569006,4.558161473735322
1988-06-29,9.174658296,324.00030532575124,4.024098957538304
1988-06-30,8.240202358,291.0002742120626,3.6142370264829835
1988-07-01,7.050894801,249.00023462887472,3.0925945689755805
1988-07-02,6.116438864,216.0002035505008,2.68273263835887
1988-07-03,5.493468239,194.00018281981332,2.4094913511348595
1988-07-04,5.06871554,179.000168680438,2.2231904734223145
1988-07-05,4.813863921,170.00016021093873,2.1114099469702317
1988-07-06,4.643962841,164.0001545410627,2.0368895957097695
1988-07-07,4.474061762,158.0001489065014,1.9623692448879178
1988-07-08,4.304160682,152.0001432366254,1.8878488936274556
1988-07-09,3.992675369,141.0001328536243,1.7512282497961453
1988-07-10,3.681190057,130.0001225059379,1.6146076064034451
1988-07-11,3.454655284,122.00011495787481,1.515247138202366
1988-07-12,3.228120511,114.00010740981172,1.4158866700012869
1988-07-13,3.086536279,109.00010273200131,1.3537863778690487
1988-07-14,2.916635199,103.0000970621253,1.2792660266085865
1988-07-15,2.775050966,98.0000923490002,1.2171657340377382
1988-07-16,2.690100426,95.0000895140622,1.1799055584075073
1988-07-17,2.633466733,93.0000876358751,1.15506544146689
1988-07-18,2.548516193,90.00008480093712,1.117805265836659
1988-07-19,2.548516193,90.00008480093712,1.117805265836659
1988-07-20,2.4918825,88.00008292275001,1.0929651488960417
1988-07-21,2.463565654,87.0000820013138,1.0805450906450382
1988-07-22,2.40693196,85.00008008781201,1.0557049732658108
1988-07-23,2.350298267,83.0000782096249,1.0308648563251934
1988-07-24,2.293664574,81.00007633143781,1.006024739384576
1988-07-25,2.237030881,79.0000744532507,0.9811846224439589
1988-07-26,2.208714034,78.00007349649981,0.9687645637543452
1988-07-27,2.180397188,77.00007257506361,0.9563445055033416
1988-07-28,2.180397188,77.00007257506361,0.9563445055033416
1988-07-29,2.095446648,74.0000697401256,0.9190843298731104
1988-07-30,2.038812955,72.0000678619385,0.8942442129324933
1988-07-31,1.982179261,70.0000659484367,0.8694040955532657
1988-08-01,1.925545568,68.0000640702496,0.8445639786126484
1988-08-02,1.868911875,66.0000621920625,0.8197238616720313
1988-08-03,1.840595028,65.0000612353116,0.8073038029824176
1988-08-04,1.812278182,64.00006031387541,0.794883744731414
1988-08-05,1.755644489,62.0000584356883,0.7700436277907968
1988-08-06,1.727327642,61.00005747893741,0.757623569101183
1988-08-07,1.670693949,59.0000556007503,0.7327834521605657
1988-08-08,1.614060256,57.0000537225632,0.7079433352199485
1988-08-09,1.529109716,54.0000508876252,0.6706831595897175
1988-08-10,1.472476023,52.0000490094381,0.6458430426491001
1988-08-11,1.387525483,49.0000461745001,0.6085828670188691
1988-08-12,1.33089179,47.000044296313,0.5837427500782518
1988-08-13,1.24594125,44.000041461375005,0.5464825744480208
1988-08-14,1.189307557,42.000039583187906,0.5216424575074036
1988-08-15,1.132673864,40.0000377050008,0.4968023405667863
1988-08-16,1.132673864,40.0000377050008,0.4968023405667863
1988-08-17,1.07604017,38.000035791499,0.47196222318755876
1988-08-18,1.047723324,37.0000348700628,0.4595421649365552
1988-08-19,1.019406477,36.0000339133119,0.44712210624694154
1988-08-20,0.991089631,35.000032991875706,0.43470204799593803
1988-08-21,0.991089631,35.000032991875706,0.43470204799593803
1988-08-22,0.962772784,34.0000320351248,0.4222819893063242
1988-08-23,0.934455938,33.00003111368861,0.40986193105532076
1988-08-24,0.934455938,33.00003111368861,0.40986193105532076
1988-08-25,0.906139091,32.000030156937704,0.397441872365707
1988-08-26,0.906139091,32.000030156937704,0.397441872365707
1988-08-27,0.906139091,32.000030156937704,0.397441872365707
1988-08-28,0.877822244,31.000029200186802,0.3850218136760932
1988-08-29,0.849505398,30.0000282787506,0.3726017554250897
1988-08-30,0.821188551,29.000027321999703,0.36018169673547595
1988-08-31,0.792871705,28.000026400563502,0.3477616384844725
1988-09-01,0.792871705,28.000026400563502,0.3477616384844725
1988-09-02,0.792871705,28.000026400563502,0.3477616384844725
1988-09-03,0.792871705,28.000026400563502,0.3477616384844725
1988-09-04,0.792871705,28.000026400563502,0.3477616384844725
1988-09-05,0.764554858,27.0000254438126,0.33534157979485874
1988-09-06,0.736238011,26.0000244870617,0.32292152110524497
1988-09-07,0.736238011,26.0000244870617,0.32292152110524497
1988-09-08,0.736238011,26.0000244870617,0.32292152110524497
1988-09-09,0.707921165,25.0000235656255,0.31050146285424146
1988-09-10,0.736238011,26.0000244870617,0.32292152110524497
1988-09-11,0.764554858,27.0000254438126,0.33534157979485874
1988-09-12,0.707921165,25.0000235656255,0.31050146285424146
1988-09-13,0.679604318,24.000022608874602,0.2980814041646277
1988-09-14,0.679604318,24.000022608874602,0.2980814041646277
1988-09-15,0.679604318,24.000022608874602,0.2980814041646277
1988-09-16,0.679604318,24.000022608874602,0.2980814041646277
1988-09-17,0.679604318,24.000022608874602,0.2980814041646277
1988-09-18,0.679604318,24.000022608874602,0.2980814041646277
1988-09-19,0.679604318,24.000022608874602,0.2980814041646277
1988-09-20,0.651287472,23.0000216874384,0.2856613459136242
1988-09-21,0.622970625,22.000020730687503,0.2732412872240104
1988-09-22,0.622970625,22.000020730687503,0.2732412872240104
1988-09-23,0.594653778,21.0000197739366,0.26082122853439665
1988-09-24,0.566336932,20.0000188525004,0.24840117028339315
1988-09-25,0.509703239,18.0000169743133,0.2235610533427759
1988-09-26,0.481386392,17.0000160175624,0.2111409946531621
1988-09-27,0.453069545,16.000015060811503,0.1987209359635484
1988-09-28,0.424752699,15.0000141393753,0.18630087771254486
1988-09-29,0.396435852,14.0000131826244,0.1738808190229311
1988-09-30,0.368119006,13.000012261188202,0.16146076077192761
1988-10-01,0.339802159,12.000011304437301,0.14904070208231385
1988-10-02,0.339802159,12.000011304437301,0.14904070208231385
1988-10-03,0.311485313,11.0000103830011,0.1366206438313103
1988-10-04,0.311485313,11.0000103830011,0.1366206438313103
1988-10-05,0.283168466,10.0000094262502,0.12420058514169657
1988-10-06,0.283168466,10.0000094262502,0.12420058514169657
1988-10-07,0.283168466,10.0000094262502,0.12420058514169657
1988-10-08,0.277505097,9.8000092490259,0.1217165735792179
1988-10-09,0.274673412,9.7000091427564,0.12047456757867346
1988-10-10,0.269010043,9.5000089655321,0.1179905560161948
1988-10-11,0.263346673,9.300008752993099,0.11550654401510592
1988-10-12,0.263346673,9.300008752993099,0.11550654401510592
1988-10-13,0.263346673,9.300008752993099,0.11550654401510592
1988-10-14,0.260514989,9.2000086820383,0.1142645384531717
1988-10-15,0.260514989,9.2000086820383,0.1142645384531717
1988-10-16,0.254851619,9.0000084694993,0.1117805264520828
1988-10-17,0.254851619,9.0000084694993,0.1117805264520828
1988-10-18,0.254851619,9.0000084694993,0.1117805264520828
1988-10-19,0.274673412,9.7000091427564,0.12047456757867346
1988-10-20,0.271841727,9.6000090364869,0.11923256157812903
1988-10-21,0.269010043,9.5000089655321,0.1179905560161948
1988-10-22,0.263346673,9.300008752993099,0.11550654401510592
1988-10-23,0.263346673,9.300008752993099,0.11550654401510592
1988-10-24,0.263346673,9.300008752993099,0.11550654401510592
1988-10-25,0.263346673,9.300008752993099,0.11550654401510592
1988-10-26,0.260514989,9.2000086820383,0.1142645384531717
1988-10-27,0.254851619,9.0000084694993,0.1117805264520828
1988-10-28,0.254851619,9.0000084694993,0.1117805264520828
1988-10-29,0.254851619,9.0000084694993,0.1117805264520828
1988-10-30,0.246356565,8.700008186005501,0.10805450888905971
1988-10-31,0.237861511,8.4000079025117,0.10432849132603662
1988-11-01,0.237861511,8.4000079025117,0.10432849132603662
1988-11-02,0.232198142,8.200007725287401,0.10184447976355797
1988-11-03,0.24918825,8.800008292275,0.10929651488960417
1988-11-04,0.257683304,9.1000085757688,0.11302253245262726
1988-11-05,0.243524881,8.6000081150507,0.10681250332712551
1988-11-06,0.235029827,8.3000078315569,0.1030864857641024
1988-11-07,0.232198142,8.200007725287401,0.10184447976355797
1988-11-08,0.232198142,8.200007725287401,0.10184447976355797
1988-11-09,0.237861511,8.4000079025117,0.10432849132603662
1988-11-10,0.243524881,8.6000081150507,0.10681250332712551
1988-11-11,0.254851619,9.0000084694993,0.1117805264520828
1988-11-12,0.263346673,9.300008752993099,0.11550654401510592
1988-11-13,0.283168466,10.0000094262502,0.12420058514169657
1988-11-14,0.311485313,11.0000103830011,0.1366206438313103
1988-11-15,0.311485313,11.0000103830011,0.1366206438313103
1988-11-16,0.311485313,11.0000103830011,0.1366206438313103
1988-11-17,0.339802159,12.000011304437301,0.14904070208231385
1988-11-18,0.339802159,12.000011304437301,0.14904070208231385
1988-11-19,0.339802159,12.000011304437301,0.14904070208231385
1988-11-20,0.339802159,12.000011304437301,0.14904070208231385
1988-11-21,0.339802159,12.000011304437301,0.14904070208231385
1988-11-22,0.339802159,12.000011304437301,0.14904070208231385
1988-11-23,0.368119006,13.000012261188202,0.16146076077192761
1988-11-24,0.368119006,13.000012261188202,0.16146076077192761
1988-11-25,0.368119006,13.000012261188202,0.16146076077192761
1988-11-26,0.368119006,13.000012261188202,0.16146076077192761
1988-11-27,0.368119006,13.000012261188202,0.16146076077192761
1988-11-28,0.424752699,15.0000141393753,0.18630087771254486
1988-11-29,0.396435852,14.0000131826244,0.1738808190229311
1988-11-30,0.396435852,14.0000131826244,0.1738808190229311
1988-12-01,0.396435852,14.0000131826244,0.1738808190229311
1988-12-02,0.368119006,13.000012261188202,0.16146076077192761
1988-12-03,0.396435852,14.0000131826244,0.1738808190229311
1988-12-04,0.396435852,14.0000131826244,0.1738808190229311
1988-12-05,0.368119006,13.000012261188202,0.16146076077192761
1988-12-06,0.368119006,13.000012261188202,0.16146076077192761
1988-12-07,0.368119006,13.000012261188202,0.16146076077192761
1988-12-08,0.368119006,13.000012261188202,0.16146076077192761
1988-12-09,0.339802159,12.000011304437301,0.14904070208231385
1988-12-10,0.339802159,12.000011304437301,0.14904070208231385
1988-12-11,0.339802159,12.000011304437301,0.14904070208231385
1988-12-12,0.339802159,12.000011304437301,0.14904070208231385
1988-12-13,0.311485313,11.0000103830011,0.1366206438313103
1988-12-14,0.311485313,11.0000103830011,0.1366206438313103
1988-12-15,0.283168466,10.0000094262502,0.12420058514169657
1988-12-16,0.271841727,9.6000090364869,0.11923256157812903
1988-12-17,0.283168466,10.0000094262502,0.12420058514169657
1988-12-18,0.283168466,10.0000094262502,0.12420058514169657
1988-12-19,0.274673412,9.7000091427564,0.12047456757867346
1988-12-20,0.269010043,9.5000089655321,0.1179905560161948
1988-12-21,0.252019935,8.9000083985445,0.11053852089014858
1988-12-22,0.252019935,8.9000083985445,0.11053852089014858
1988-12-23,0.254851619,9.0000084694993,0.1117805264520828
1988-12-24,0.254851619,9.0000084694993,0.1117805264520828
1988-12-25,0.263346673,9.300008752993099,0.11550654401510592
1988-12-26,0.257683304,9.1000085757688,0.11302253245262726
1988-12-27,0.24918825,8.800008292275,0.10929651488960417
1988-12-28,0.243524881,8.6000081150507,0.10681250332712551
1988-12-29,0.237861511,8.4000079025117,0.10432849132603662
1988-12-30,0.243524881,8.6000081150507,0.10681250332712551
1988-12-31,0.243524881,8.6000081150507,0.10681250332712551
1989-01-01,0.254851619,9.0000084694993,0.1117805264520828
1989-01-02,0.260514989,9.2000086820383,0.1142645384531717
1989-01-03,0.266178358,9.4000088592626,0.11674855001565038
1989-01-04,0.271841727,9.6000090364869,0.11923256157812903
1989-01-05,0.271841727,9.6000090364869,0.11923256157812903
1989-01-06,0.271841727,9.6000090364869,0.11923256157812903
1989-01-07,0.271841727,9.6000090364869,0.11923256157812903
1989-01-08,0.266178358,9.4000088592626,0.11674855001565038
1989-01-09,0.260514989,9.2000086820383,0.1142645384531717
1989-01-10,0.266178358,9.4000088592626,0.11674855001565038
1989-01-11,0.271841727,9.6000090364869,0.11923256157812903
1989-01-12,0.277505097,9.8000092490259,0.1217165735792179
1989-01-13,0.283168466,10.0000094262502,0.12420058514169657
1989-01-14,0.311485313,11.0000103830011,0.1366206438313103
1989-01-15,0.339802159,12.000011304437301,0.14904070208231385
1989-01-16,0.368119006,13.000012261188202,0.16146076077192761
1989-01-17,0.368119006,13.000012261188202,0.16146076077192761
1989-01-18,0.396435852,14.0000131826244,0.1738808190229311
1989-01-19,0.396435852,14.0000131826244,0.1738808190229311
1989-01-20,0.368119006,13.000012261188202,0.16146076077192761
1989-01-21,0.396435852,14.0000131826244,0.1738808190229311
1989-01-22,0.396435852,14.0000131826244,0.1738808190229311
1989-01-23,0.396435852,14.0000131826244,0.1738808190229311
1989-01-24,0.396435852,14.0000131826244,0.1738808190229311
1989-01-25,0.368119006,13.000012261188202,0.16146076077192761
1989-01-26,0.368119006,13.000012261188202,0.16146076077192761
1989-01-27,0.339802159,12.000011304437301,0.14904070208231385
1989-01-28,0.311485313,11.0000103830011,0.1366206438313103
1989-01-29,0.283168466,10.0000094262502,0.12420058514169657
1989-01-30,0.271841727,9.6000090364869,0.11923256157812903
1989-01-31,0.283168466,10.0000094262502,0.12420058514169657
1989-02-01,0.311485313,11.0000103830011,0.1366206438313103
1989-02-02,0.311485313,11.0000103830011,0.1366206438313103
1989-02-03,0.283168466,10.0000094262502,0.12420058514169657
1989-02-04,0.283168466,10.0000094262502,0.12420058514169657
1989-02-05,0.283168466,10.0000094262502,0.12420058514169657
1989-02-06,0.254851619,9.0000084694993,0.1117805264520828
1989-02-07,0.254851619,9.0000084694993,0.1117805264520828
1989-02-08,0.24918825,8.800008292275,0.10929651488960417
1989-02-09,0.254851619,9.0000084694993,0.1117805264520828
1989-02-10,0.283168466,10.0000094262502,0.12420058514169657
1989-02-11,0.283168466,10.0000094262502,0.12420058514169657
1989-02-12,0.311485313,11.0000103830011,0.1366206438313103
1989-02-13,0.311485313,11.0000103830011,0.1366206438313103
1989-02-14,0.311485313,11.0000103830011,0.1366206438313103
1989-02-15,0.311485313,11.0000103830011,0.1366206438313103
1989-02-16,0.311485313,11.0000103830011,0.1366206438313103
1989-02-17,0.311485313,11.0000103830011,0.1366206438313103
1989-02-18,0.283168466,10.0000094262502,0.12420058514169657
1989-02-19,0.283168466,10.0000094262502,0.12420058514169657
1989-02-20,0.283168466,10.0000094262502,0.12420058514169657
1989-02-21,0.283168466,10.0000094262502,0.12420058514169657
1989-02-22,0.311485313,11.0000103830011,0.1366206438313103
1989-02-23,0.283168466,10.0000094262502,0.12420058514169657
1989-02-24,0.283168466,10.0000094262502,0.12420058514169657
1989-02-25,0.283168466,10.0000094262502,0.12420058514169657
1989-02-26,0.283168466,10.0000094262502,0.12420058514169657
1989-02-27,0.283168466,10.0000094262502,0.12420058514169657
1989-02-28,0.283168466,10.0000094262502,0.12420058514169657
1989-03-01,0.311485313,11.0000103830011,0.1366206438313103
1989-03-02,0.311485313,11.0000103830011,0.1366206438313103
1989-03-03,0.311485313,11.0000103830011,0.1366206438313103
1989-03-04,0.311485313,11.0000103830011,0.1366206438313103
1989-03-05,0.311485313,11.0000103830011,0.1366206438313103
1989-03-06,0.368119006,13.000012261188202,0.16146076077192761
1989-03-07,0.424752699,15.0000141393753,0.18630087771254486
1989-03-08,0.339802159,12.000011304437301,0.14904070208231385
1989-03-09,0.339802159,12.000011304437301,0.14904070208231385
1989-03-10,0.339802159,12.000011304437301,0.14904070208231385
1989-03-11,0.368119006,13.000012261188202,0.16146076077192761
1989-03-12,0.396435852,14.0000131826244,0.1738808190229311
1989-03-13,0.538020085,19.0000178957495,0.23598111159377938
1989-03-14,0.566336932,20.0000188525004,0.24840117028339315
1989-03-15,0.566336932,20.0000188525004,0.24840117028339315
1989-03-16,0.566336932,20.0000188525004,0.24840117028339315
1989-03-17,0.566336932,20.0000188525004,0.24840117028339315
1989-03-18,0.594653778,21.0000197739366,0.26082122853439665
1989-03-19,0.566336932,20.0000188525004,0.24840117028339315
1989-03-20,0.622970625,22.000020730687503,0.2732412872240104
1989-03-21,0.622970625,22.000020730687503,0.2732412872240104
1989-03-22,0.622970625,22.000020730687503,0.2732412872240104
1989-03-23,0.651287472,23.0000216874384,0.2856613459136242
1989-03-24,0.679604318,24.000022608874602,0.2980814041646277
1989-03-25,0.622970625,22.000020730687503,0.2732412872240104
1989-03-26,0.651287472,23.0000216874384,0.2856613459136242
1989-03-27,0.679604318,24.000022608874602,0.2980814041646277
1989-03-28,0.679604318,24.000022608874602,0.2980814041646277
1989-03-29,0.679604318,24.000022608874602,0.2980814041646277
1989-03-30,0.679604318,24.000022608874602,0.2980814041646277
1989-03-31,0.679604318,24.000022608874602,0.2980814041646277
1989-04-01,0.707921165,25.0000235656255,0.31050146285424146
1989-04-02,0.707921165,25.0000235656255,0.31050146285424146
1989-04-03,0.707921165,25.0000235656255,0.31050146285424146
1989-04-04,0.736238011,26.0000244870617,0.32292152110524497
1989-04-05,0.707921165,25.0000235656255,0.31050146285424146
1989-04-06,0.707921165,25.0000235656255,0.31050146285424146
1989-04-07,0.792871705,28.000026400563502,0.3477616384844725
1989-04-08,0.877822244,31.000029200186802,0.3850218136760932
1989-04-09,0.849505398,30.0000282787506,0.3726017554250897
1989-04-10,0.849505398,30.0000282787506,0.3726017554250897
1989-04-11,0.849505398,30.0000282787506,0.3726017554250897
1989-04-12,0.877822244,31.000029200186802,0.3850218136760932
1989-04-13,0.991089631,35.000032991875706,0.43470204799593803
1989-04-14,0.877822244,31.000029200186802,0.3850218136760932
1989-04-15,0.934455938,33.00003111368861,0.40986193105532076
1989-04-16,1.019406477,36.0000339133119,0.44712210624694154
1989-04-17,1.274258097,45.0000424181259,0.5589026331376346
1989-04-18,1.472476023,52.0000490094381,0.6458430426491001
1989-04-19,1.529109716,54.0000508876252,0.6706831595897175
1989-04-20,1.699010796,60.0000565575012,0.7452035108501794
1989-04-21,1.812278182,64.00006031387541,0.794883744731414
1989-04-22,1.982179261,70.0000659484367,0.8694040955532657
1989-04-23,2.831684659,100.0000942271873,1.2420058509783556
1989-04-24,3.114853125,110.00010365343749,1.366206436120052
1989-04-25,3.398021591,120.00011307968771,1.4904070212617488
1989-04-26,3.313071051,117.0001102447497,1.4531468456315175
1989-04-27,3.058219432,108.0001017752504,1.341366319179435
1989-04-28,2.944952046,104.0000980188762,1.2916860852982002
1989-04-29,2.860001506,101.00009518393821,1.2544259096679693
1989-04-30,2.746734119,97.0000913922493,1.2047456753481245
1989-05-01,2.520199347,89.0000838795009,1.1053852075856556
1989-05-02,2.378615114,84.00007916637581,1.0432849150148071
1989-05-03,2.378615114,84.00007916637581,1.0432849150148071
1989-05-04,2.40693196,85.00008008781201,1.0557049732658108
1989-05-05,2.66178358,94.000088592626,1.1674855001565037
1989-05-06,3.681190057,130.0001225059379,1.6146076064034451
1989-05-07,5.380200852,190.0001790281244,2.3598111168150147
1989-05-08,6.852676875,242.00022803756252,3.0056541594641146
1989-05-09,8.381786591,296.0002789251877,3.6763373190538315
1989-05-10,10.93030278,386.000363584866,4.7941425831360505
1989-05-11,10.90198594,385.000362875318,4.781722527516708
1989-05-12,11.12852071,393.00037031743705,4.8810829944019565
1989-05-13,10.47723324,370.000348700628,4.595421649365552
1989-05-14,9.429509915,333.0003137952505,4.135879483990387
1989-05-15,8.523370824,301.00028363831285,3.7384376116246805
1989-05-16,7.758815966,274.00025819450025,3.403096031829822
1989-05-17,7.362380114,260.0002450118758,3.2292152128068903
1989-05-18,7.334063267,259.00024405512494,3.2167951541172766
1989-05-19,7.56059804,267.000251603188,3.316155622318356
1989-05-20,7.758815966,274.00025819450025,3.403096031829822
1989-05-21,8.466737131,299.00028176012574,3.7135974946840626
1989-05-22,9.769312074,345.0003250996878,4.284920186072702
1989-05-23,12.26119457,433.00040788117906,5.377885333214302
1989-05-24,14.80971077,523.0004929293191,6.495690602121233
1989-05-25,11.83644188,418.00039405963605,5.191584459449249
1989-05-26,9.429509915,333.0003137952505,4.135879483990387
1989-05-27,8.72158875,308.000290229625,3.825378021136146
1989-05-28,8.948123523,316.0002977776881,3.924738489337225
1989-05-29,9.910896307,350.00032981281294,4.347020478643549
1989-05-30,9.96753,352.00033169100004,4.371860595584167
1989-05-31,9.118024603,322.00030344756414,3.999258840597687
1989-06-01,8.240202358,291.0002742120626,3.6142370264829835
1989-06-02,8.438420284,298.0002808033748,3.701177435994449
1989-06-03,9.146341449,323.0003043690003,4.0116788988486904
1989-06-04,9.854262614,348.00032793462583,4.322180361702932
1989-06-05,11.27010494,398.00037492461803,4.943183285656974
1989-06-06,13.98852222,494.000465642634,6.135508905824367
1989-06-07,16.31050364,576.000542895508,7.153953703459947
1989-06-08,20.64298117,729.000687124199,9.054222656215625
1989-06-09,22.76674466,804.0007576445021,9.9857270425853
1989-06-10,23.30476475,823.000775716825,10.22170815637213
1989-06-11,24.63565654,870.0008200131381,10.805450906450382
1989-06-12,26.6178358,940.0008859262601,11.674855001565039
1989-06-13,25.96654832,917.0008639563041,11.38919365214253
1989-06-14,26.75942003,945.0008905334411,11.736955292820054
1989-06-15,27.60892543,975.000918882821,12.109557049122364
1989-06-16,28.60001506,1010.0009518393821,12.544259096679692
1989-06-17,26.53288526,937.0008830913221,11.637594825934807
1989-06-18,23.92773537,845.0007962709391,10.494949441403088
1989-06-19,29.16635199,1030.000970621253,12.792660266085864
1989-06-20,29.44952046,1040.000980188762,12.916860852982003
1989-06-21,22.37030881,790.000744532507,9.811846224439588
1989-06-22,16.1689194,571.00053793518,7.091853407818827
1989-06-23,12.40277881,438.000412841507,5.439985628855421
1989-06-24,10.47723324,370.000348700628,4.595421649365552
1989-06-25,9.146341449,323.0003043690003,4.0116788988486904
1989-06-26,8.778222444,310.00029214312684,3.8502181385153738
1989-06-27,10.33564901,365.000344093447,4.533321358110534
1989-06-28,14.18674014,501.00047202205803,6.22244931270417
1989-06-29,17.27327642,610.000574789374,7.57623569101183
1989-06-30,19.76515892,698.000657712124,8.669200839907873
1989-07-01,22.0588235,779.00073425545,9.675225581924108
1989-07-02,21.01110017,742.000699173499,9.215683414355892
1989-07-03,20.92614963,739.000696338561,9.178423238725662
1989-07-04,20.50139693,724.000682163871,8.992122360574506
1989-07-05,20.61466432,728.000686061504,9.04180259621018
1989-07-06,19.34040622,683.000643537434,8.482899961756715
1989-07-07,18.06614813,638.000601366511,7.923997331689352
1989-07-08,17.4431775,616.00058045925,7.650756042272292
1989-07-09,17.10337534,604.000569119498,7.501715339751367
1989-07-10,17.13169219,605.000570182193,7.514135399756811
1989-07-11,16.48040472,582.000548565384,7.228474054720407
1989-07-12,14.24337384,503.000474147448,6.24728943271506
1989-07-13,17.8679302,631.0005946339401,7.837056920423446
1989-07-14,17.41486065,615.000579396555,7.638335982266848
1989-07-15,13.87525483,490.000461745001,6.0858286701886914
1989-07-16,11.49663972,406.000382719884,5.042543756928325
1989-07-17,9.882579461,349.00032889137674,4.334600420392546
1989-07-18,8.410103438,297.00027988193864,3.6887573777434457
1989-07-19,7.503964347,265.0002497250009,3.291315505377739
1989-07-20,7.192479034,254.00023934199982,3.154694861546428
1989-07-21,7.447330654,263.0002478468138,3.2664753884371214
1989-07-22,7.588914887,268.00025255993893,3.3285756810079694
1989-07-23,7.673865426,271.00025535956223,3.36583585619959
1989-07-24,7.900400199,279.0002629076253,3.4651963244006696
1989-07-25,7.588914887,268.00025255993893,3.3285756810079694
1989-07-26,7.079211648,250.00023558562563,3.1050146276651938
1989-07-27,6.597825256,233.00021956806322,2.893873633012032
1989-07-28,6.003171478,212.0001997941266,2.633052404477635
1989-07-29,5.606735625,198.0001865761875,2.459171585016094
1989-07-30,5.550101932,196.0001846980004,2.4343314680754764
1989-07-31,5.436834546,192.0001809416262,2.384651234194242
1989-08-01,5.125349233,181.0001705586251,2.2480305903629314
1989-08-02,4.89881446,173.000163010562,2.1486701221618523
1989-08-03,4.757230227,168.0001582974369,2.0865698295910042
1989-08-04,4.700596534,166.0001564192498,2.061729712650387
1989-08-05,4.417428068,156.00014699299962,1.9375291275086903
1989-08-06,3.992675369,141.0001328536243,1.7512282497961453
1989-08-07,3.709506904,131.0001234626888,1.6270276650930589
1989-08-08,3.454655284,122.00011495787481,1.515247138202366
1989-08-09,3.256437358,115.0001083665626,1.4283067286909004
1989-08-10,3.114853125,110.00010365343749,1.366206436120052
1989-08-11,3.001585739,106.0000998970633,1.3165262022388176
1989-08-12,2.944952046,104.0000980188762,1.2916860852982002
1989-08-13,3.001585739,106.0000998970633,1.3165262022388176
1989-08-14,2.944952046,104.0000980188762,1.2916860852982002
1989-08-15,3.058219432,108.0001017752504,1.341366319179435
1989-08-16,3.029902585,107.0001008184995,1.328946260489821
1989-08-17,2.944952046,104.0000980188762,1.2916860852982002
1989-08-18,2.860001506,101.00009518393821,1.2544259096679693
1989-08-19,2.803367813,99.00009330575111,1.229585792727352
1989-08-20,2.718417273,96.0000904708131,1.192325617097121
1989-08-21,2.633466733,93.0000876358751,1.15506544146689
1989-08-22,2.4918825,88.00008292275001,1.0929651488960417
1989-08-23,2.378615114,84.00007916637581,1.0432849150148071
1989-08-24,2.350298267,83.0000782096249,1.0308648563251934
1989-08-25,2.265347727,80.0000753746869,0.9936046806949623
1989-08-26,2.180397188,77.00007257506361,0.9563445055033416
1989-08-27,2.095446648,74.0000697401256,0.9190843298731104
1989-08-28,2.010496108,71.0000669051876,0.8818241542428794
1989-08-29,1.925545568,68.0000640702496,0.8445639786126484
1989-08-30,1.783961335,63.000059357124506,0.7824636860418003
1989-08-31,1.670693949,59.0000556007503,0.7327834521605657
1989-09-01,1.557426563,55.0000518443761,0.6831032182793311
1989-09-02,1.444159176,51.000048052687205,0.6334229839594865
1989-09-03,1.359208636,48.000045217749204,0.5961628083292554
1989-09-04,1.24594125,44.000041461375005,0.5464825744480208
1989-09-05,1.16099071,41.000038626437004,0.5092223988177899
1989-09-06,1.104357017,39.000036748249904,0.4843822818771726
1989-09-07,1.019406477,36.0000339133119,0.44712210624694154
1989-09-08,1.047723324,37.0000348700628,0.4595421649365552
1989-09-09,1.132673864,40.0000377050008,0.4968023405667863
1989-09-10,1.132673864,40.0000377050008,0.4968023405667863
1989-09-11,1.104357017,39.000036748249904,0.4843822818771726
1989-09-12,1.047723324,37.0000348700628,0.4595421649365552
1989-09-13,1.047723324,37.0000348700628,0.4595421649365552
1989-09-14,1.047723324,37.0000348700628,0.4595421649365552
1989-09-15,1.047723324,37.0000348700628,0.4595421649365552
1989-09-16,1.019406477,36.0000339133119,0.44712210624694154
1989-09-17,0.991089631,35.000032991875706,0.43470204799593803
1989-09-18,1.189307557,42.000039583187906,0.5216424575074036
1989-09-19,1.359208636,48.000045217749204,0.5961628083292554
1989-09-20,1.359208636,48.000045217749204,0.5961628083292554
1989-09-21,1.387525483,49.0000461745001,0.6085828670188691
1989-09-22,1.387525483,49.0000461745001,0.6085828670188691
1989-09-23,1.387525483,49.0000461745001,0.6085828670188691
1989-09-24,1.387525483,49.0000461745001,0.6085828670188691
1989-09-25,1.41584233,50.000047131251,0.6210029257084829
1989-09-26,1.41584233,50.000047131251,0.6210029257084829
1989-09-27,1.444159176,51.000048052687205,0.6334229839594865
1989-09-28,1.472476023,52.0000490094381,0.6458430426491001
1989-09-29,1.444159176,51.000048052687205,0.6334229839594865
1989-09-30,1.387525483,49.0000461745001,0.6085828670188691
1989-10-01,1.387525483,49.0000461745001,0.6085828670188691
1989-10-02,1.359208636,48.000045217749204,0.5961628083292554
1989-10-03,1.33089179,47.000044296313,0.5837427500782518
1989-10-04,1.444159176,51.000048052687205,0.6334229839594865
1989-10-05,1.444159176,51.000048052687205,0.6334229839594865
1989-10-06,1.472476023,52.0000490094381,0.6458430426491001
1989-10-07,1.472476023,52.0000490094381,0.6458430426491001
1989-10-08,1.472476023,52.0000490094381,0.6458430426491001
1989-10-09,1.500792869,53.000049930874304,0.6582631009001036
1989-10-10,1.500792869,53.000049930874304,0.6582631009001036
1989-10-11,1.472476023,52.0000490094381,0.6458430426491001
1989-10-12,1.41584233,50.000047131251,0.6210029257084829
1989-10-13,1.359208636,48.000045217749204,0.5961628083292554
1989-10-14,1.33089179,47.000044296313,0.5837427500782518
1989-10-15,1.302574943,46.000043339562104,0.571322691388638
1989-10-16,1.302574943,46.000043339562104,0.571322691388638
1989-10-17,1.274258097,45.0000424181259,0.5589026331376346
1989-10-18,1.217624403,43.0000405046241,0.5340625157584071
1989-10-19,1.16099071,41.000038626437004,0.5092223988177899
1989-10-20,1.104357017,39.000036748249904,0.4843822818771726
1989-10-21,1.07604017,38.000035791499,0.47196222318755876
1989-10-22,1.047723324,37.0000348700628,0.4595421649365552
1989-10-23,1.047723324,37.0000348700628,0.4595421649365552
1989-10-24,1.019406477,36.0000339133119,0.44712210624694154
1989-10-25,1.019406477,36.0000339133119,0.44712210624694154
1989-10-26,1.047723324,37.0000348700628,0.4595421649365552
1989-10-27,1.019406477,36.0000339133119,0.44712210624694154
1989-10-28,1.047723324,37.0000348700628,0.4595421649365552
1989-10-29,1.047723324,37.0000348700628,0.4595421649365552
1989-10-30,0.991089631,35.000032991875706,0.43470204799593803
1989-10-31,0.962772784,34.0000320351248,0.4222819893063242
1989-11-01,0.906139091,32.000030156937704,0.397441872365707
1989-11-02,0.934455938,33.00003111368861,0.40986193105532076
1989-11-03,0.906139091,32.000030156937704,0.397441872365707
1989-11-04,0.934455938,33.00003111368861,0.40986193105532076
1989-11-05,0.962772784,34.0000320351248,0.4222819893063242
1989-11-06,0.962772784,34.0000320351248,0.4222819893063242
1989-11-07,0.962772784,34.0000320351248,0.4222819893063242
1989-11-08,0.991089631,35.000032991875706,0.43470204799593803
1989-11-09,0.991089631,35.000032991875706,0.43470204799593803
1989-11-10,0.991089631,35.000032991875706,0.43470204799593803
1989-11-11,0.962772784,34.0000320351248,0.4222819893063242
1989-11-12,0.962772784,34.0000320351248,0.4222819893063242
1989-11-13,0.962772784,34.0000320351248,0.4222819893063242
1989-11-14,0.962772784,34.0000320351248,0.4222819893063242
1989-11-15,0.962772784,34.0000320351248,0.4222819893063242
1989-11-16,0.962772784,34.0000320351248,0.4222819893063242
1989-11-17,0.934455938,33.00003111368861,0.40986193105532076
1989-11-18,0.906139091,32.000030156937704,0.397441872365707
1989-11-19,0.906139091,32.000030156937704,0.397441872365707
1989-11-20,0.877822244,31.000029200186802,0.3850218136760932
1989-11-21,0.849505398,30.0000282787506,0.3726017554250897
1989-11-22,0.849505398,30.0000282787506,0.3726017554250897
1989-11-23,0.792871705,28.000026400563502,0.3477616384844725
1989-11-24,0.821188551,29.000027321999703,0.36018169673547595
1989-11-25,0.849505398,30.0000282787506,0.3726017554250897
1989-11-26,0.877822244,31.000029200186802,0.3850218136760932
1989-11-27,0.906139091,32.000030156937704,0.397441872365707
1989-11-28,0.877822244,31.000029200186802,0.3850218136760932
1989-11-29,0.877822244,31.000029200186802,0.3850218136760932
1989-11-30,0.877822244,31.000029200186802,0.3850218136760932
1989-12-01,0.906139091,32.000030156937704,0.397441872365707
1989-12-02,0.877822244,31.000029200186802,0.3850218136760932
1989-12-03,0.906139091,32.000030156937704,0.397441872365707
1989-12-04,0.849505398,30.0000282787506,0.3726017554250897
1989-12-05,0.849505398,30.0000282787506,0.3726017554250897
1989-12-06,0.821188551,29.000027321999703,0.36018169673547595
1989-12-07,0.821188551,29.000027321999703,0.36018169673547595
1989-12-08,0.792871705,28.000026400563502,0.3477616384844725
1989-12-09,0.736238011,26.0000244870617,0.32292152110524497
1989-12-10,0.707921165,25.0000235656255,0.31050146285424146
1989-12-11,0.679604318,24.000022608874602,0.2980814041646277
1989-12-12,0.707921165,25.0000235656255,0.31050146285424146
1989-12-13,0.651287472,23.0000216874384,0.2856613459136242
1989-12-14,0.651287472,23.0000216874384,0.2856613459136242
1989-12-15,0.651287472,23.0000216874384,0.2856613459136242
1989-12-16,0.622970625,22.000020730687503,0.2732412872240104
1989-12-17,0.622970625,22.000020730687503,0.2732412872240104
1989-12-18,0.566336932,20.0000188525004,0.24840117028339315
1989-12-19,0.566336932,20.0000188525004,0.24840117028339315
1989-12-20,0.594653778,21.0000197739366,0.26082122853439665
1989-12-21,0.594653778,21.0000197739366,0.26082122853439665
1989-12-22,0.566336932,20.0000188525004,0.24840117028339315
1989-12-23,0.566336932,20.0000188525004,0.24840117028339315
1989-12-24,0.538020085,19.0000178957495,0.23598111159377938
1989-12-25,0.538020085,19.0000178957495,0.23598111159377938
1989-12-26,0.509703239,18.0000169743133,0.2235610533427759
1989-12-27,0.509703239,18.0000169743133,0.2235610533427759
1989-12-28,0.481386392,17.0000160175624,0.2111409946531621
1989-12-29,0.481386392,17.0000160175624,0.2111409946531621
1989-12-30,0.453069545,16.000015060811503,0.1987209359635484
1989-12-31,0.453069545,16.000015060811503,0.1987209359635484
1990-01-01,0.453069545,16.000015060811503,0.1987209359635484
1990-01-02,0.453069545,16.000015060811503,0.1987209359635484
1990-01-03,0.453069545,16.000015060811503,0.1987209359635484
1990-01-04,0.453069545,16.000015060811503,0.1987209359635484
1990-01-05,0.453069545,16.000015060811503,0.1987209359635484
1990-01-06,0.453069545,16.000015060811503,0.1987209359635484
1990-01-07,0.453069545,16.000015060811503,0.1987209359635484
1990-01-08,0.481386392,17.0000160175624,0.2111409946531621
1990-01-09,0.509703239,18.0000169743133,0.2235610533427759
1990-01-10,0.509703239,18.0000169743133,0.2235610533427759
1990-01-11,0.566336932,20.0000188525004,0.24840117028339315
1990-01-12,0.594653778,21.0000197739366,0.26082122853439665
1990-01-13,0.594653778,21.0000197739366,0.26082122853439665
1990-01-14,0.622970625,22.000020730687503,0.2732412872240104
1990-01-15,0.679604318,24.000022608874602,0.2980814041646277
1990-01-16,0.622970625,22.000020730687503,0.2732412872240104
1990-01-17,0.594653778,21.0000197739366,0.26082122853439665
1990-01-18,0.566336932,20.0000188525004,0.24840117028339315
1990-01-19,0.509703239,18.0000169743133,0.2235610533427759
1990-01-20,0.509703239,18.0000169743133,0.2235610533427759
1990-01-21,0.538020085,19.0000178957495,0.23598111159377938
1990-01-22,0.538020085,19.0000178957495,0.23598111159377938
1990-01-23,0.566336932,20.0000188525004,0.24840117028339315
1990-01-24,0.509703239,18.0000169743133,0.2235610533427759
1990-01-25,0.538020085,19.0000178957495,0.23598111159377938
1990-01-26,0.509703239,18.0000169743133,0.2235610533427759
1990-01-27,0.481386392,17.0000160175624,0.2111409946531621
1990-01-28,0.509703239,18.0000169743133,0.2235610533427759
1990-01-29,0.538020085,19.0000178957495,0.23598111159377938
1990-01-30,0.509703239,18.0000169743133,0.2235610533427759
1990-01-31,0.509703239,18.0000169743133,0.2235610533427759
1990-02-01,0.509703239,18.0000169743133,0.2235610533427759
1990-02-02,0.481386392,17.0000160175624,0.2111409946531621
1990-02-03,0.481386392,17.0000160175624,0.2111409946531621
1990-02-04,0.453069545,16.000015060811503,0.1987209359635484
1990-02-05,0.453069545,16.000015060811503,0.1987209359635484
1990-02-06,0.481386392,17.0000160175624,0.2111409946531621
1990-02-07,0.453069545,16.000015060811503,0.1987209359635484
1990-02-08,0.396435852,14.0000131826244,0.1738808190229311
1990-02-09,0.424752699,15.0000141393753,0.18630087771254486
1990-02-10,0.453069545,16.000015060811503,0.1987209359635484
1990-02-11,0.481386392,17.0000160175624,0.2111409946531621
1990-02-12,0.453069545,16.000015060811503,0.1987209359635484
1990-02-13,0.424752699,15.0000141393753,0.18630087771254486
1990-02-14,0.396435852,14.0000131826244,0.1738808190229311
1990-02-15,0.368119006,13.000012261188202,0.16146076077192761
1990-02-16,0.396435852,14.0000131826244,0.1738808190229311
1990-02-17,0.396435852,14.0000131826244,0.1738808190229311
1990-02-18,0.368119006,13.000012261188202,0.16146076077192761
1990-02-19,0.368119006,13.000012261188202,0.16146076077192761
1990-02-20,0.368119006,13.000012261188202,0.16146076077192761
1990-02-21,0.396435852,14.0000131826244,0.1738808190229311
1990-02-22,0.424752699,15.0000141393753,0.18630087771254486
1990-02-23,0.424752699,15.0000141393753,0.18630087771254486
1990-02-24,0.424752699,15.0000141393753,0.18630087771254486
1990-02-25,0.424752699,15.0000141393753,0.18630087771254486
1990-02-26,0.424752699,15.0000141393753,0.18630087771254486
1990-02-27,0.396435852,14.0000131826244,0.1738808190229311
1990-02-28,0.368119006,13.000012261188202,0.16146076077192761
1990-03-01,0.339802159,12.000011304437301,0.14904070208231385
1990-03-02,0.368119006,13.000012261188202,0.16146076077192761
1990-03-03,0.368119006,13.000012261188202,0.16146076077192761
1990-03-04,0.368119006,13.000012261188202,0.16146076077192761
1990-03-05,0.396435852,14.0000131826244,0.1738808190229311
1990-03-06,0.396435852,14.0000131826244,0.1738808190229311
1990-03-07,0.396435852,14.0000131826244,0.1738808190229311
1990-03-08,0.396435852,14.0000131826244,0.1738808190229311
1990-03-09,0.396435852,14.0000131826244,0.1738808190229311
1990-03-10,0.368119006,13.000012261188202,0.16146076077192761
1990-03-11,0.368119006,13.000012261188202,0.16146076077192761
1990-03-12,0.368119006,13.000012261188202,0.16146076077192761
1990-03-13,0.339802159,12.000011304437301,0.14904070208231385
1990-03-14,0.368119006,13.000012261188202,0.16146076077192761
1990-03-15,0.368119006,13.000012261188202,0.16146076077192761
1990-03-16,0.368119006,13.000012261188202,0.16146076077192761
1990-03-17,0.368119006,13.000012261188202,0.16146076077192761
1990-03-18,0.368119006,13.000012261188202,0.16146076077192761
1990-03-19,0.368119006,13.000012261188202,0.16146076077192761
1990-03-20,0.368119006,13.000012261188202,0.16146076077192761
1990-03-21,0.396435852,14.0000131826244,0.1738808190229311
1990-03-22,0.396435852,14.0000131826244,0.1738808190229311
1990-03-23,0.453069545,16.000015060811503,0.1987209359635484
1990-03-24,0.481386392,17.0000160175624,0.2111409946531621
1990-03-25,0.481386392,17.0000160175624,0.2111409946531621
1990-03-26,0.481386392,17.0000160175624,0.2111409946531621
1990-03-27,0.453069545,16.000015060811503,0.1987209359635484
1990-03-28,0.453069545,16.000015060811503,0.1987209359635484
1990-03-29,0.453069545,16.000015060811503,0.1987209359635484
1990-03-30,0.453069545,16.000015060811503,0.1987209359635484
1990-03-31,0.481386392,17.0000160175624,0.2111409946531621
1990-04-01,0.538020085,19.0000178957495,0.23598111159377938
1990-04-02,0.622970625,22.000020730687503,0.2732412872240104
1990-04-03,0.764554858,27.0000254438126,0.33534157979485874
1990-04-04,0.934455938,33.00003111368861,0.40986193105532076
1990-04-05,1.019406477,36.0000339133119,0.44712210624694154
1990-04-06,1.019406477,36.0000339133119,0.44712210624694154
1990-04-07,1.047723324,37.0000348700628,0.4595421649365552
1990-04-08,1.07604017,38.000035791499,0.47196222318755876
1990-04-09,1.132673864,40.0000377050008,0.4968023405667863
1990-04-10,1.16099071,41.000038626437004,0.5092223988177899
1990-04-11,1.189307557,42.000039583187906,0.5216424575074036
1990-04-12,1.302574943,46.000043339562104,0.571322691388638
1990-04-13,1.33089179,47.000044296313,0.5837427500782518
1990-04-14,1.41584233,50.000047131251,0.6210029257084829
1990-04-15,1.727327642,61.00005747893741,0.757623569101183
1990-04-16,2.123763494,75.0000706615618,0.9315043881241141
1990-04-17,2.690100426,95.0000895140622,1.1799055584075073
1990-04-18,2.916635199,103.0000970621253,1.2792660266085865
1990-04-19,3.058219432,108.0001017752504,1.341366319179435
1990-04-20,3.511288977,124.0001168360619,1.5400872551429832
1990-04-21,4.162576449,147.0001385235003,1.8257486010566077
1990-04-22,4.077625909,144.0001356885623,1.7884884254263762
1990-04-23,4.360794375,154.0001451148125,1.912689010568073
1990-04-24,4.247526989,150.0001413584383,1.8630087766868382
1990-04-25,4.020992216,142.0001338103752,1.7636483084857588
1990-04-26,3.992675369,141.0001328536243,1.7512282497961453
1990-04-27,3.681190057,130.0001225059379,1.6146076064034451
1990-04-28,3.766140597,133.0001253408759,1.6518677820336762
1990-04-29,3.482972131,123.00011591462571,1.5276671968919795
1990-04-30,3.199803665,113.00010648837551,1.4034666117502832
1990-05-01,2.973268892,105.00009894031241,1.3041061435492038
1990-05-02,2.831684659,100.0000942271873,1.2420058509783556
1990-05-03,2.746734119,97.0000913922493,1.2047456753481245
1990-05-04,2.803367813,99.00009330575111,1.229585792727352
1990-05-05,3.114853125,110.00010365343749,1.366206436120052
1990-05-06,3.964358523,140.0001319321881,1.7388081915451419
1990-05-07,5.266933466,186.0001752717502,2.31013088293378
1990-05-08,5.125349233,181.0001705586251,2.2480305903629314
1990-05-09,4.615645994,163.00015358431182,2.0244695370201558
1990-05-10,4.275843835,151.0001422798745,1.8754288349378418
1990-05-11,4.190893296,148.0001394802512,1.8381686597462208
1990-05-12,4.105942756,145.0001366453132,1.8009084841159904
1990-05-13,3.992675369,141.0001328536243,1.7512282497961453
1990-05-14,3.766140597,133.0001253408759,1.6518677820336762
1990-05-15,3.596239517,127.00011967099991,1.577347430773214
1990-05-16,3.313071051,117.0001102447497,1.4531468456315175
1990-05-17,3.114853125,110.00010365343749,1.366206436120052
1990-05-18,3.029902585,107.0001008184995,1.328946260489821
1990-05-19,3.029902585,107.0001008184995,1.328946260489821
1990-05-20,2.944952046,104.0000980188762,1.2916860852982002
1990-05-21,2.860001506,101.00009518393821,1.2544259096679693
1990-05-22,2.916635199,103.0000970621253,1.2792660266085865
1990-05-23,3.65287321,129.000121549187,1.6021875477138314
1990-05-24,5.23861662,185.000174350314,2.297710824682776
1990-05-25,5.23861662,185.000174350314,2.297710824682776
1990-05-26,5.040398693,178.00016772368713,2.2107704147327008
1990-05-27,5.408517699,191.0001799848753,2.3722311755046284
1990-05-28,6.711092642,237.0002233244374,2.9435538668932666
1990-05-29,8.211885512,290.0002732906264,3.6018169682319807
1990-05-30,8.834856137,312.0002940213139,3.8750582554559903
1990-05-31,8.551687671,302.0002845950637,3.750857670314294
1990-06-01,8.353469745,295.00027800375153,3.6639172608028288
1990-06-02,7.588914887,268.00025255993893,3.3285756810079694
1990-06-03,7.135845341,252.0002374638127,3.1298547446058107
1990-06-04,9.061390909,320.0003015340623,3.97441872321846
1990-06-05,13.79030429,487.000458910063,6.0485684945584595
1990-06-06,17.24495957,609.000573726679,7.563815631006384
1990-06-07,16.82020688,594.000559905136,7.377514757241333
1990-06-08,16.42377102,580.0005464399941,7.2036339347095195
1990-06-09,19.82179261,700.000659484367,8.694040955532657
1990-06-10,26.6178358,940.0008859262601,11.674855001565039
1990-06-11,36.81190057,1300.001225059379,16.14607606403445
1990-06-12,28.88318352,1020.000961053744,12.668459679189727
1990-06-13,19.42535676,686.000646372372,8.520160137386947
1990-06-14,14.66812653,518.000487968991,6.433590306480112
1990-06-15,14.30000753,505.00047591969104,6.272129548339846
1990-06-16,14.951295,528.0004975365,6.55779089337625
1990-06-17,13.45050213,475.00044757031105,5.899527792037536
1990-06-18,15.3760477,543.00051171119,6.744091771527405
1990-06-19,20.95446648,740.000697401256,9.190843298731105
1990-06-20,24.74892392,874.000823557624,10.855131137699955
1990-06-21,32.56437358,1150.001083665626,14.283067286909006
1990-06-22,33.41387898,1180.0011120150061,14.655669043211315
1990-06-23,35.39605824,1250.001177928128,15.525073138325972
1990-06-24,40.77625909,1440.0013568856232,17.884884254263767
1990-06-25,41.90893296,1480.001394802512,18.38168659746221
1990-06-26,41.62576449,1470.0013852350032,18.257486010566076
1990-06-27,38.79407983,1370.001290972501,17.01548015914911
1990-06-28,35.11288977,1240.0011683606192,15.400872551429833
1990-06-29,30.86536279,1090.001027320013,13.537863778690484
1990-06-30,28.23189605,997.000939436935,12.382798334153323
1990-07-01,27.24080642,962.0009064803739,11.948096286595995
1990-07-02,26.47625156,935.0008809659321,11.612754705923917
1990-07-03,30.58219432,1080.0010177525041,13.413663191794349
1990-07-04,26.78773688,946.0008915961361,11.7493753528255
1990-07-05,22.45525935,793.000747367445,9.849106400069818
1990-07-06,20.72793171,732.000689959137,9.091482831845857
1990-07-07,20.27486216,716.000674721752,8.892761893689258
1990-07-08,18.15109867,641.000604201449,7.961257507319584
1990-07-09,16.19723625,572.000538997875,7.104273467824271
1990-07-10,14.86634446,525.000494701562,6.520530717746019
1990-07-11,12.68594727,448.000422055869,5.564186211365457
1990-07-12,11.92139242,421.000396894574,5.22884463507948
1990-07-13,11.6665408,412.00038838976,5.117064108188787
1990-07-14,11.1851544,395.00037208968,4.905923110026743
1990-07-15,10.67545117,377.00035543319905,4.682362060631459
1990-07-16,10.19406477,360.00033913311904,4.471221062469415
1990-07-17,9.344559375,330.0003109603125,4.098619308360156
1990-07-18,9.061390909,320.0003015340623,3.97441872321846
1990-07-19,8.778222444,310.00029214312684,3.8502181385153738
1990-07-20,8.778222444,310.00029214312684,3.8502181385153738
1990-07-21,9.344559375,330.0003109603125,4.098619308360156
1990-07-22,11.12852071,393.00037031743705,4.8810829944019565
1990-07-23,10.47723324,370.000348700628,4.595421649365552
1990-07-24,10.19406477,360.00033913311904,4.471221062469415
1990-07-25,9.910896307,350.00032981281294,4.347020478643549
1990-07-26,9.627727841,340.00032038656275,4.222819893501853
1990-07-27,9.146341449,323.0003043690003,4.0116788988486904
1990-07-28,8.070301279,285.00026857750134,3.5397166756611322
1990-07-29,7.079211648,250.00023558562563,3.1050146276651938
1990-07-30,6.371290483,225.0002120200001,2.7945131648109522
1990-07-31,5.833270398,206.0001941242506,2.558532053217173
1990-08-01,5.408517699,191.0001799848753,2.3722311755046284
1990-08-02,5.040398693,178.00016772368713,2.2107704147327008
1990-08-03,4.700596534,166.0001564192498,2.061729712650387
1990-08-04,4.445744915,157.0001479497505,1.9499491861983036
1990-08-05,4.190893296,148.0001394802512,1.8381686597462208
1990-08-06,3.964358523,140.0001319321881,1.7388081915451419
1990-08-07,3.766140597,133.0001253408759,1.6518677820336762
1990-08-08,3.596239517,127.00011967099991,1.577347430773214
1990-08-09,3.454655284,122.00011495787481,1.515247138202366
1990-08-10,3.341387898,118.0001112015006,1.4655669043211315
1990-08-11,3.256437358,115.0001083665626,1.4283067286909004
1990-08-12,3.199803665,113.00010648837551,1.4034666117502832
1990-08-13,3.114853125,110.00010365343749,1.366206436120052
1990-08-14,3.001585739,106.0000998970633,1.3165262022388176
1990-08-15,2.916635199,103.0000970621253,1.2792660266085865
1990-08-16,2.831684659,100.0000942271873,1.2420058509783556
1990-08-17,2.916635199,103.0000970621253,1.2792660266085865
1990-08-18,2.860001506,101.00009518393821,1.2544259096679693
1990-08-19,2.860001506,101.00009518393821,1.2544259096679693
1990-08-20,2.888318352,102.00009610537441,1.266845967918973
1990-08-21,3.029902585,107.0001008184995,1.328946260489821
1990-08-22,3.029902585,107.0001008184995,1.328946260489821
1990-08-23,3.029902585,107.0001008184995,1.328946260489821
1990-08-24,3.001585739,106.0000998970633,1.3165262022388176
1990-08-25,2.916635199,103.0000970621253,1.2792660266085865
1990-08-26,2.803367813,99.00009330575111,1.229585792727352
1990-08-27,2.690100426,95.0000895140622,1.1799055584075073
1990-08-28,2.57683304,91.000085757688,1.1302253245262726
1990-08-29,2.520199347,89.0000838795009,1.1053852075856556
1990-08-30,2.548516193,90.00008480093712,1.117805265836659
1990-08-31,2.435248807,86.0000810445629,1.0681250319554243
1990-09-01,2.293664574,81.00007633143781,1.006024739384576
1990-09-02,2.321981421,82.00007728818869,1.0184447980741897
1990-09-03,2.321981421,82.00007728818869,1.0184447980741897
1990-09-04,2.350298267,83.0000782096249,1.0308648563251934
1990-09-05,2.520199347,89.0000838795009,1.1053852075856556
1990-09-06,2.520199347,89.0000838795009,1.1053852075856556
1990-09-07,2.520199347,89.0000838795009,1.1053852075856556
1990-09-08,2.520199347,89.0000838795009,1.1053852075856556
1990-09-09,2.548516193,90.00008480093712,1.117805265836659
1990-09-10,2.520199347,89.0000838795009,1.1053852075856556
1990-09-11,2.463565654,87.0000820013138,1.0805450906450382
1990-09-12,2.40693196,85.00008008781201,1.0557049732658108
1990-09-13,2.321981421,82.00007728818869,1.0184447980741897
1990-09-14,2.208714034,78.00007349649981,0.9687645637543452
1990-09-15,2.123763494,75.0000706615618,0.9315043881241141
1990-09-16,2.038812955,72.0000678619385,0.8942442129324933
1990-09-17,1.953862415,69.0000650270005,0.8569840373022622
1990-09-18,1.868911875,66.0000621920625,0.8197238616720313
1990-09-19,2.010496108,71.0000669051876,0.8818241542428794
1990-09-20,2.435248807,86.0000810445629,1.0681250319554243
1990-09-21,2.548516193,90.00008480093712,1.117805265836659
1990-09-22,2.860001506,101.00009518393821,1.2544259096679693
1990-09-23,3.143169972,111.0001046101884,1.3786264948096658
1990-09-24,3.228120511,114.00010740981172,1.4158866700012869
1990-09-25,3.228120511,114.00010740981172,1.4158866700012869
1990-09-26,3.199803665,113.00010648837551,1.4034666117502832
1990-09-27,3.114853125,110.00010365343749,1.366206436120052
1990-09-28,3.058219432,108.0001017752504,1.341366319179435
1990-09-29,2.944952046,104.0000980188762,1.2916860852982002
1990-09-30,2.803367813,99.00009330575111,1.229585792727352
1990-10-01,2.690100426,95.0000895140622,1.1799055584075073
1990-10-02,2.548516193,90.00008480093712,1.117805265836659
1990-10-03,2.378615114,84.00007916637581,1.0432849150148071
1990-10-04,2.265347727,80.0000753746869,0.9936046806949623
1990-10-05,2.123763494,75.0000706615618,0.9315043881241141
1990-10-06,2.038812955,72.0000678619385,0.8942442129324933
1990-10-07,1.925545568,68.0000640702496,0.8445639786126484
1990-10-08,1.755644489,62.0000584356883,0.7700436277907968
1990-10-09,1.670693949,59.0000556007503,0.7327834521605657
1990-10-10,1.585743409,56.000052765812306,0.6955232765303347
1990-10-11,1.557426563,55.0000518443761,0.6831032182793311
1990-10-12,1.472476023,52.0000490094381,0.6458430426491001
1990-10-13,1.472476023,52.0000490094381,0.6458430426491001
1990-10-14,1.472476023,52.0000490094381,0.6458430426491001
1990-10-15,1.557426563,55.0000518443761,0.6831032182793311
1990-10-16,1.614060256,57.0000537225632,0.7079433352199485
1990-10-17,1.557426563,55.0000518443761,0.6831032182793311
1990-10-18,1.557426563,55.0000518443761,0.6831032182793311
1990-10-19,1.614060256,57.0000537225632,0.7079433352199485
1990-10-20,1.557426563,55.0000518443761,0.6831032182793311
1990-10-21,1.529109716,54.0000508876252,0.6706831595897175
1990-10-22,1.557426563,55.0000518443761,0.6831032182793311
1990-10-23,1.500792869,53.000049930874304,0.6582631009001036
1990-10-24,1.472476023,52.0000490094381,0.6458430426491001
1990-10-25,1.472476023,52.0000490094381,0.6458430426491001
1990-10-26,1.500792869,53.000049930874304,0.6582631009001036
1990-10-27,1.500792869,53.000049930874304,0.6582631009001036
1990-10-28,1.500792869,53.000049930874304,0.6582631009001036
1990-10-29,1.529109716,54.0000508876252,0.6706831595897175
1990-10-30,1.500792869,53.000049930874304,0.6582631009001036
1990-10-31,1.500792869,53.000049930874304,0.6582631009001036
1990-11-01,1.585743409,56.000052765812306,0.6955232765303347
1990-11-02,1.670693949,59.0000556007503,0.7327834521605657
1990-11-03,1.557426563,55.0000518443761,0.6831032182793311
1990-11-04,1.585743409,56.000052765812306,0.6955232765303347
1990-11-05,1.642377102,58.000054643999405,0.7203633934709519
1990-11-06,1.614060256,57.0000537225632,0.7079433352199485
1990-11-07,1.500792869,53.000049930874304,0.6582631009001036
1990-11-08,1.557426563,55.0000518443761,0.6831032182793311
1990-11-09,1.472476023,52.0000490094381,0.6458430426491001
1990-11-10,1.444159176,51.000048052687205,0.6334229839594865
1990-11-11,1.41584233,50.000047131251,0.6210029257084829
1990-11-12,1.387525483,49.0000461745001,0.6085828670188691
1990-11-13,1.359208636,48.000045217749204,0.5961628083292554
1990-11-14,1.359208636,48.000045217749204,0.5961628083292554
1990-11-15,1.33089179,47.000044296313,0.5837427500782518
1990-11-16,1.274258097,45.0000424181259,0.5589026331376346
1990-11-17,1.274258097,45.0000424181259,0.5589026331376346
1990-11-18,1.24594125,44.000041461375005,0.5464825744480208
1990-11-19,1.24594125,44.000041461375005,0.5464825744480208
1990-11-20,1.274258097,45.0000424181259,0.5589026331376346
1990-11-21,1.274258097,45.0000424181259,0.5589026331376346
1990-11-22,1.302574943,46.000043339562104,0.571322691388638
1990-11-23,1.274258097,45.0000424181259,0.5589026331376346
1990-11-24,1.24594125,44.000041461375005,0.5464825744480208
1990-11-25,1.217624403,43.0000405046241,0.5340625157584071
1990-11-26,1.217624403,43.0000405046241,0.5340625157584071
1990-11-27,1.302574943,46.000043339562104,0.571322691388638
1990-11-28,1.217624403,43.0000405046241,0.5340625157584071
1990-11-29,1.189307557,42.000039583187906,0.5216424575074036
1990-11-30,1.217624403,43.0000405046241,0.5340625157584071
1990-12-01,1.189307557,42.000039583187906,0.5216424575074036
1990-12-02,1.16099071,41.000038626437004,0.5092223988177899
1990-12-03,1.132673864,40.0000377050008,0.4968023405667863
1990-12-04,1.047723324,37.0000348700628,0.4595421649365552
1990-12-05,1.019406477,36.0000339133119,0.44712210624694154
1990-12-06,0.991089631,35.000032991875706,0.43470204799593803
1990-12-07,0.962772784,34.0000320351248,0.4222819893063242
1990-12-08,0.934455938,33.00003111368861,0.40986193105532076
1990-12-09,0.906139091,32.000030156937704,0.397441872365707
1990-12-10,0.877822244,31.000029200186802,0.3850218136760932
1990-12-11,0.821188551,29.000027321999703,0.36018169673547595
1990-12-12,0.792871705,28.000026400563502,0.3477616384844725
1990-12-13,0.792871705,28.000026400563502,0.3477616384844725
1990-12-14,0.764554858,27.0000254438126,0.33534157979485874
1990-12-15,0.707921165,25.0000235656255,0.31050146285424146
1990-12-16,0.736238011,26.0000244870617,0.32292152110524497
1990-12-17,0.764554858,27.0000254438126,0.33534157979485874
1990-12-18,0.792871705,28.000026400563502,0.3477616384844725
1990-12-19,0.821188551,29.000027321999703,0.36018169673547595
1990-12-20,0.736238011,26.0000244870617,0.32292152110524497
1990-12-21,0.651287472,23.0000216874384,0.2856613459136242
1990-12-22,0.594653778,21.0000197739366,0.26082122853439665
1990-12-23,0.566336932,20.0000188525004,0.24840117028339315
1990-12-24,0.566336932,20.0000188525004,0.24840117028339315
1990-12-25,0.622970625,22.000020730687503,0.2732412872240104
1990-12-26,0.679604318,24.000022608874602,0.2980814041646277
1990-12-27,0.707921165,25.0000235656255,0.31050146285424146
1990-12-28,0.736238011,26.0000244870617,0.32292152110524497
1990-12-29,0.736238011,26.0000244870617,0.32292152110524497
1990-12-30,0.679604318,24.000022608874602,0.2980814041646277
1990-12-31,0.707921165,25.0000235656255,0.31050146285424146
1991-01-01,0.679604318,24.000022608874602,0.2980814041646277
1991-01-02,0.651287472,23.0000216874384,0.2856613459136242
1991-01-03,0.622970625,22.000020730687503,0.2732412872240104
1991-01-04,0.594653778,21.0000197739366,0.26082122853439665
1991-01-05,0.566336932,20.0000188525004,0.24840117028339315
1991-01-06,0.538020085,19.0000178957495,0.23598111159377938
1991-01-07,0.509703239,18.0000169743133,0.2235610533427759
1991-01-08,0.509703239,18.0000169743133,0.2235610533427759
1991-01-09,0.481386392,17.0000160175624,0.2111409946531621
1991-01-10,0.481386392,17.0000160175624,0.2111409946531621
1991-01-11,0.509703239,18.0000169743133,0.2235610533427759
1991-01-12,0.509703239,18.0000169743133,0.2235610533427759
1991-01-13,0.509703239,18.0000169743133,0.2235610533427759
1991-01-14,0.538020085,19.0000178957495,0.23598111159377938
1991-01-15,0.538020085,19.0000178957495,0.23598111159377938
1991-01-16,0.566336932,20.0000188525004,0.24840117028339315
1991-01-17,0.594653778,21.0000197739366,0.26082122853439665
1991-01-18,0.594653778,21.0000197739366,0.26082122853439665
1991-01-19,0.566336932,20.0000188525004,0.24840117028339315
1991-01-20,0.566336932,20.0000188525004,0.24840117028339315
1991-01-21,0.594653778,21.0000197739366,0.26082122853439665
1991-01-22,0.594653778,21.0000197739366,0.26082122853439665
1991-01-23,0.566336932,20.0000188525004,0.24840117028339315
1991-01-24,0.538020085,19.0000178957495,0.23598111159377938
1991-01-25,0.509703239,18.0000169743133,0.2235610533427759
1991-01-26,0.481386392,17.0000160175624,0.2111409946531621
1991-01-27,0.509703239,18.0000169743133,0.2235610533427759
1991-01-28,0.509703239,18.0000169743133,0.2235610533427759
1991-01-29,0.453069545,16.000015060811503,0.1987209359635484
1991-01-30,0.453069545,16.000015060811503,0.1987209359635484
1991-01-31,0.453069545,16.000015060811503,0.1987209359635484
1991-02-01,0.453069545,16.000015060811503,0.1987209359635484
1991-02-02,0.424752699,15.0000141393753,0.18630087771254486
1991-02-03,0.424752699,15.0000141393753,0.18630087771254486
1991-02-04,0.424752699,15.0000141393753,0.18630087771254486
1991-02-05,0.424752699,15.0000141393753,0.18630087771254486
1991-02-06,0.424752699,15.0000141393753,0.18630087771254486
1991-02-07,0.424752699,15.0000141393753,0.18630087771254486
1991-02-08,0.396435852,14.0000131826244,0.1738808190229311
1991-02-09,0.396435852,14.0000131826244,0.1738808190229311
1991-02-10,0.396435852,14.0000131826244,0.1738808190229311
1991-02-11,0.368119006,13.000012261188202,0.16146076077192761
1991-02-12,0.368119006,13.000012261188202,0.16146076077192761
1991-02-13,0.368119006,13.000012261188202,0.16146076077192761
1991-02-14,0.368119006,13.000012261188202,0.16146076077192761
1991-02-15,0.368119006,13.000012261188202,0.16146076077192761
1991-02-16,0.368119006,13.000012261188202,0.16146076077192761
1991-02-17,0.368119006,13.000012261188202,0.16146076077192761
1991-02-18,0.368119006,13.000012261188202,0.16146076077192761
1991-02-19,0.368119006,13.000012261188202,0.16146076077192761
1991-02-20,0.368119006,13.000012261188202,0.16146076077192761
1991-02-21,0.339802159,12.000011304437301,0.14904070208231385
1991-02-22,0.339802159,12.000011304437301,0.14904070208231385
1991-02-23,0.339802159,12.000011304437301,0.14904070208231385
1991-02-24,0.339802159,12.000011304437301,0.14904070208231385
1991-02-25,0.339802159,12.000011304437301,0.14904070208231385
1991-02-26,0.339802159,12.000011304437301,0.14904070208231385
1991-02-27,0.311485313,11.0000103830011,0.1366206438313103
1991-02-28,0.311485313,11.0000103830011,0.1366206438313103
1991-03-01,0.339802159,12.000011304437301,0.14904070208231385
1991-03-02,0.339802159,12.000011304437301,0.14904070208231385
1991-03-03,0.339802159,12.000011304437301,0.14904070208231385
1991-03-04,0.424752699,15.0000141393753,0.18630087771254486
1991-03-05,0.453069545,16.000015060811503,0.1987209359635484
1991-03-06,0.453069545,16.000015060811503,0.1987209359635484
1991-03-07,0.481386392,17.0000160175624,0.2111409946531621
1991-03-08,0.509703239,18.0000169743133,0.2235610533427759
1991-03-09,0.538020085,19.0000178957495,0.23598111159377938
1991-03-10,0.538020085,19.0000178957495,0.23598111159377938
1991-03-11,0.566336932,20.0000188525004,0.24840117028339315
1991-03-12,0.566336932,20.0000188525004,0.24840117028339315
1991-03-13,0.566336932,20.0000188525004,0.24840117028339315
1991-03-14,0.566336932,20.0000188525004,0.24840117028339315
1991-03-15,0.566336932,20.0000188525004,0.24840117028339315
1991-03-16,0.538020085,19.0000178957495,0.23598111159377938
1991-03-17,0.538020085,19.0000178957495,0.23598111159377938
1991-03-18,0.509703239,18.0000169743133,0.2235610533427759
1991-03-19,0.509703239,18.0000169743133,0.2235610533427759
1991-03-20,0.509703239,18.0000169743133,0.2235610533427759
1991-03-21,0.481386392,17.0000160175624,0.2111409946531621
1991-03-22,0.481386392,17.0000160175624,0.2111409946531621
1991-03-23,0.453069545,16.000015060811503,0.1987209359635484
1991-03-24,0.424752699,15.0000141393753,0.18630087771254486
1991-03-25,0.424752699,15.0000141393753,0.18630087771254486
1991-03-26,0.424752699,15.0000141393753,0.18630087771254486
1991-03-27,0.424752699,15.0000141393753,0.18630087771254486
1991-03-28,0.424752699,15.0000141393753,0.18630087771254486
1991-03-29,0.424752699,15.0000141393753,0.18630087771254486
1991-03-30,0.424752699,15.0000141393753,0.18630087771254486
1991-03-31,0.424752699,15.0000141393753,0.18630087771254486
1991-04-01,0.424752699,15.0000141393753,0.18630087771254486
1991-04-02,0.453069545,16.000015060811503,0.1987209359635484
1991-04-03,0.481386392,17.0000160175624,0.2111409946531621
1991-04-04,0.509703239,18.0000169743133,0.2235610533427759
1991-04-05,0.566336932,20.0000188525004,0.24840117028339315
1991-04-06,0.679604318,24.000022608874602,0.2980814041646277
1991-04-07,0.707921165,25.0000235656255,0.31050146285424146
1991-04-08,0.707921165,25.0000235656255,0.31050146285424146
1991-04-09,0.736238011,26.0000244870617,0.32292152110524497
1991-04-10,0.679604318,24.000022608874602,0.2980814041646277
1991-04-11,0.651287472,23.0000216874384,0.2856613459136242
1991-04-12,0.679604318,24.000022608874602,0.2980814041646277
1991-04-13,0.679604318,24.000022608874602,0.2980814041646277
1991-04-14,0.622970625,22.000020730687503,0.2732412872240104
1991-04-15,0.622970625,22.000020730687503,0.2732412872240104
1991-04-16,0.622970625,22.000020730687503,0.2732412872240104
1991-04-17,0.622970625,22.000020730687503,0.2732412872240104
1991-04-18,0.622970625,22.000020730687503,0.2732412872240104
1991-04-19,0.622970625,22.000020730687503,0.2732412872240104
1991-04-20,0.622970625,22.000020730687503,0.2732412872240104
1991-04-21,0.651287472,23.0000216874384,0.2856613459136242
1991-04-22,0.679604318,24.000022608874602,0.2980814041646277
1991-04-23,0.736238011,26.0000244870617,0.32292152110524497
1991-04-24,0.764554858,27.0000254438126,0.33534157979485874
1991-04-25,0.849505398,30.0000282787506,0.3726017554250897
1991-04-26,0.877822244,31.000029200186802,0.3850218136760932
1991-04-27,0.877822244,31.000029200186802,0.3850218136760932
1991-04-28,0.906139091,32.000030156937704,0.397441872365707
1991-04-29,0.877822244,31.000029200186802,0.3850218136760932
1991-04-30,0.934455938,33.00003111368861,0.40986193105532076
1991-05-01,0.877822244,31.000029200186802,0.3850218136760932
1991-05-02,0.877822244,31.000029200186802,0.3850218136760932
1991-05-03,0.934455938,33.00003111368861,0.40986193105532076
1991-05-04,0.906139091,32.000030156937704,0.397441872365707
1991-05-05,0.906139091,32.000030156937704,0.397441872365707
1991-05-06,0.934455938,33.00003111368861,0.40986193105532076
1991-05-07,1.019406477,36.0000339133119,0.44712210624694154
1991-05-08,1.104357017,39.000036748249904,0.4843822818771726
1991-05-09,1.557426563,55.0000518443761,0.6831032182793311
1991-05-10,2.265347727,80.0000753746869,0.9936046806949623
1991-05-11,2.944952046,104.0000980188762,1.2916860852982002
1991-05-12,2.633466733,93.0000876358751,1.15506544146689
1991-05-13,2.520199347,89.0000838795009,1.1053852075856556
1991-05-14,2.66178358,94.000088592626,1.1674855001565037
1991-05-15,3.114853125,110.00010365343749,1.366206436120052
1991-05-16,4.049309063,143.0001347671261,1.776068367175373
1991-05-17,5.465151392,193.0001818630624,2.3970712924452457
1991-05-18,7.305746421,258.00024313368874,3.2043750958662733
1991-05-19,8.070301279,285.00026857750134,3.5397166756611322
1991-05-20,9.542777302,337.0003175869394,4.185559718310232
1991-05-21,11.94970926,422.00039760412204,5.241264690698822
1991-05-22,14.01683906,495.00046635218206,6.14792896144371
1991-05-23,15.63089932,552.000520216004,6.855872298418098
1991-05-24,19.62357469,693.0006531049431,8.607100548652854
1991-05-25,23.2764479,822.00077465413,10.209288096366686
1991-05-26,20.84119909,736.000693503623,9.14116306309543
1991-05-27,16.25386994,574.000540770118,7.129113583449058
1991-05-28,12.43109565,439.00041355105503,5.452405684474763
1991-05-29,10.19406477,360.00033913311904,4.471221062469415
1991-05-30,8.89148983,314.000295899501,3.899898372396607
1991-05-31,8.126934972,287.00027045568845,3.5645567926017496
1991-06-01,8.353469745,295.00027800375153,3.6639172608028288
1991-06-02,12.4594125,440.00041461374997,5.464825744480208
1991-06-03,21.49248656,759.000715120432,9.426824408131834
1991-06-04,25.11704293,887.0008359600711,11.016591900226322
1991-06-05,28.17526236,995.0009376646921,12.35795821852854
1991-06-06,32.28120511,1140.0010740981172,14.158866700012867
1991-06-07,32.84754205,1160.0010932331352,14.407267873805141
1991-06-08,29.73268892,1050.000989403124,13.041061435492038
1991-06-09,29.16635199,1030.000970621253,12.792660266085864
1991-06-10,34.54655284,1220.001149578748,15.15247138202366
1991-06-11,43.89111222,1550.001460715634,19.251090692576863
1991-06-12,51.25349233,1810.001705586251,22.48030590362932
1991-06-13,56.35052472,1990.0018753293841,24.71591643705708
1991-06-14,49.27131307,1740.001639673129,21.610901808514658
1991-06-15,33.13071051,1170.001102447497,14.531468456315176
1991-06-16,28.2602129,998.00094049963,12.395218394158768
1991-06-17,30.29902585,1070.001008184995,13.28946260489821
1991-06-18,31.71486818,1120.001055316246,13.910465530606693
1991-06-19,28.60001506,1010.0009518393821,12.544259096679692
1991-06-20,32.28120511,1140.0010740981172,14.158866700012867
1991-06-21,31.43169972,1110.0010461018842,13.786264948096658
1991-06-22,27.55229173,973.000916757431,12.084716929111476
1991-06-23,25.65506301,906.000853679247,11.252573009627051
1991-06-24,25.51347878,901.000849072066,11.190472718372034
1991-06-25,24.74892392,874.000823557624,10.855131137699955
1991-06-26,20.72793171,732.000689959137,9.091482831845857
1991-06-27,16.33882048,577.000543605056,7.1663737590792875
1991-06-28,13.64872006,482.000454302882,5.986468203303443
1991-06-29,13.42218528,474.00044650761606,5.887107732032092
1991-06-30,13.84693798,489.000460682306,6.073408610183246
1991-07-01,13.11069997,463.00043623055905,5.750487089516612
1991-07-02,13.62040321,481.00045324018697,5.974048143297997
1991-07-03,14.58317599,515.0004851340531,6.396330130849882
1991-07-04,16.96179111,599.000564512317,7.43961504849635
1991-07-05,19.39703992,685.0006456628241,8.507740081767606
1991-07-06,19.59525784,692.000652042248,8.594680488647409
1991-07-07,18.94397037,669.000630425439,8.309019143611005
1991-07-08,17.04674165,602.0005673472551,7.476875224126582
1991-07-09,14.66812653,518.000487968991,6.433590306480112
1991-07-10,12.71426412,449.000423118564,5.576606271370901
1991-07-11,11.49663972,406.000382719884,5.042543756928325
1991-07-12,10.87366909,384.000361812623,4.769302467511263
1991-07-13,10.33564901,365.000344093447,4.533321358110534
1991-07-14,9.995846847,353.0003326477509,4.38428065427378
1991-07-15,10.08079739,356.00033558863305,4.4215408312198425
1991-07-16,10.27901531,363.000341968057,4.508481238099646
1991-07-17,10.25069847,362.000341258509,4.496061182480304
1991-07-18,9.429509915,333.0003137952505,4.135879483990387
1991-07-19,8.495053978,300.0002827168766,3.7260175533736763
1991-07-20,8.155251818,288.0002713771246,3.5769768508527524
1991-07-21,6.767726335,239.0002252026245,2.9683939838338835
1991-07-22,5.606735625,198.0001865761875,2.459171585016094
1991-07-23,5.012081847,177.0001668022509,2.198350356481697
1991-07-24,4.275843835,151.0001422798745,1.8754288349378418
1991-07-25,3.964358523,140.0001319321881,1.7388081915451419
1991-07-26,3.256437358,115.0001083665626,1.4283067286909004
1991-07-27,3.114853125,110.00010365343749,1.366206436120052
1991-07-28,3.964358523,140.0001319321881,1.7388081915451419
1991-07-29,4.049309063,143.0001347671261,1.776068367175373
1991-07-30,3.73782375,132.000124384125,1.6394477233440625
1991-07-31,3.426338438,121.00011403643862,1.5028270799513626
1991-08-01,3.228120511,114.00010740981172,1.4158866700012869
1991-08-02,3.199803665,113.00010648837551,1.4034666117502832
1991-08-03,3.964358523,140.0001319321881,1.7388081915451419
1991-08-04,5.748319858,203.00019128931262,2.5212718775869423
1991-08-05,7.56059804,267.000251603188,3.316155622318356
1991-08-06,9.061390909,320.0003015340623,3.97441872321846
1991-08-07,8.551687671,302.0002845950637,3.750857670314294
1991-08-08,7.64554858,270.00025443812603,3.3534157979485872
1991-08-09,6.512874716,230.0002167331252,2.8566134573818007
1991-08-10,5.380200852,190.0001790281244,2.3598111168150147
1991-08-11,4.530695455,160.00015078468851,1.987209361828535
1991-08-12,4.105942756,145.0001366453132,1.8009084841159904
1991-08-13,4.559012301,161.0001517061247,1.9996294200795384
1991-08-14,4.417428068,156.00014699299962,1.9375291275086903
1991-08-15,4.304160682,152.0001432366254,1.8878488936274556
1991-08-16,4.332477529,153.00014419337631,1.9002689523170695
1991-08-17,4.389111222,155.00014607156342,1.9251090692576869
1991-08-18,4.247526989,150.0001413584383,1.8630087766868382
1991-08-19,4.162576449,147.0001385235003,1.8257486010566077
1991-08-20,3.992675369,141.0001328536243,1.7512282497961453
1991-08-21,3.794457443,134.0001262623121,1.66428784028468
1991-08-22,3.596239517,127.00011967099991,1.577347430773214
1991-08-23,3.426338438,121.00011403643862,1.5028270799513626
1991-08-24,3.284754205,116.00010932331351,1.440726787380514
1991-08-25,3.171486818,112.00010553162461,1.3910465530606695
1991-08-26,3.284754205,116.00010932331351,1.440726787380514
1991-08-27,3.256437358,115.0001083665626,1.4283067286909004
1991-08-28,3.624556364,128.00012062775082,1.589767489462828
1991-08-29,4.077625909,144.0001356885623,1.7884884254263762
1991-08-30,4.474061762,158.0001489065014,1.9623692448879178
1991-08-31,4.587329148,162.00015266287562,2.012049478769152
1991-09-01,4.445744915,157.0001479497505,1.9499491861983036
1991-09-02,4.190893296,148.0001394802512,1.8381686597462208
1991-09-03,3.936041676,139.0001309754372,1.726388132855528
1991-09-04,3.681190057,130.0001225059379,1.6146076064034451
1991-09-05,3.398021591,120.00011307968771,1.4904070212617488
1991-09-06,3.199803665,113.00010648837551,1.4034666117502832
1991-09-07,3.65287321,129.000121549187,1.6021875477138314
1991-09-08,4.587329148,162.00015266287562,2.012049478769152
1991-09-09,6.286339943,222.0002091850621,2.757252989180721
1991-09-10,8.098618125,286.0002694989375,3.5521367339121355
1991-09-11,9.202975142,325.0003062471874,4.036519015789308
1991-09-12,8.268519205,292.0002751688135,3.6266570851725977
1991-09-13,7.334063267,259.00024405512494,3.2167951541172766
1991-09-14,6.909310568,244.00022991574963,3.030494276404732
1991-09-15,6.682775796,236.0002224030012,2.931133808642263
1991-09-16,6.342973637,224.0002110985639,2.7820931065599486
1991-09-17,5.946537784,210.00019788062482,2.6082122870984077
1991-09-18,5.493468239,194.00018281981332,2.4094913511348595
1991-09-19,5.040398693,178.00016772368713,2.2107704147327008
1991-09-20,4.615645994,163.00015358431182,2.0244695370201558
1991-09-21,4.190893296,148.0001394802512,1.8381686597462208
1991-09-22,3.794457443,134.0001262623121,1.66428784028468
1991-09-23,3.511288977,124.0001168360619,1.5400872551429832
1991-09-24,3.313071051,117.0001102447497,1.4531468456315175
1991-09-25,3.143169972,111.0001046101884,1.3786264948096658
1991-09-26,3.001585739,106.0000998970633,1.3165262022388176
1991-09-27,2.831684659,100.0000942271873,1.2420058509783556
1991-09-28,2.66178358,94.000088592626,1.1674855001565037
1991-09-29,2.66178358,94.000088592626,1.1674855001565037
1991-09-30,2.520199347,89.0000838795009,1.1053852075856556
1991-10-01,2.321981421,82.00007728818869,1.0184447980741897
1991-10-02,2.123763494,75.0000706615618,0.9315043881241141
1991-10-03,1.953862415,69.0000650270005,0.8569840373022622
1991-10-04,1.812278182,64.00006031387541,0.794883744731414
1991-10-05,1.699010796,60.0000565575012,0.7452035108501794
1991-10-06,1.642377102,58.000054643999405,0.7203633934709519
1991-10-07,1.557426563,55.0000518443761,0.6831032182793311
1991-10-08,1.500792869,53.000049930874304,0.6582631009001036
1991-10-09,1.472476023,52.0000490094381,0.6458430426491001
1991-10-10,1.387525483,49.0000461745001,0.6085828670188691
1991-10-11,1.33089179,47.000044296313,0.5837427500782518
1991-10-12,1.24594125,44.000041461375005,0.5464825744480208
1991-10-13,1.16099071,41.000038626437004,0.5092223988177899
1991-10-14,1.104357017,39.000036748249904,0.4843822818771726
1991-10-15,1.07604017,38.000035791499,0.47196222318755876
1991-10-16,1.047723324,37.0000348700628,0.4595421649365552
1991-10-17,0.991089631,35.000032991875706,0.43470204799593803
1991-10-18,0.934455938,33.00003111368861,0.40986193105532076
1991-10-19,0.906139091,32.000030156937704,0.397441872365707
1991-10-20,0.877822244,31.000029200186802,0.3850218136760932
1991-10-21,0.849505398,30.0000282787506,0.3726017554250897
1991-10-22,0.821188551,29.000027321999703,0.36018169673547595
1991-10-23,0.934455938,33.00003111368861,0.40986193105532076
1991-10-24,0.906139091,32.000030156937704,0.397441872365707
1991-10-25,0.877822244,31.000029200186802,0.3850218136760932
1991-10-26,0.906139091,32.000030156937704,0.397441872365707
1991-10-27,1.047723324,37.0000348700628,0.4595421649365552
1991-10-28,1.132673864,40.0000377050008,0.4968023405667863
1991-10-29,1.16099071,41.000038626437004,0.5092223988177899
1991-10-30,1.16099071,41.000038626437004,0.5092223988177899
1991-10-31,1.189307557,42.000039583187906,0.5216424575074036
1991-11-01,1.217624403,43.0000405046241,0.5340625157584071
1991-11-02,1.189307557,42.000039583187906,0.5216424575074036
1991-11-03,1.217624403,43.0000405046241,0.5340625157584071
1991-11-04,1.217624403,43.0000405046241,0.5340625157584071
1991-11-05,1.217624403,43.0000405046241,0.5340625157584071
1991-11-06,1.274258097,45.0000424181259,0.5589026331376346
1991-11-07,1.24594125,44.000041461375005,0.5464825744480208
1991-11-08,1.217624403,43.0000405046241,0.5340625157584071
1991-11-09,1.217624403,43.0000405046241,0.5340625157584071
1991-11-10,1.217624403,43.0000405046241,0.5340625157584071
1991-11-11,1.189307557,42.000039583187906,0.5216424575074036
1991-11-12,1.189307557,42.000039583187906,0.5216424575074036
1991-11-13,1.16099071,41.000038626437004,0.5092223988177899
1991-11-14,1.189307557,42.000039583187906,0.5216424575074036
1991-11-15,1.16099071,41.000038626437004,0.5092223988177899
1991-11-16,1.132673864,40.0000377050008,0.4968023405667863
1991-11-17,1.104357017,39.000036748249904,0.4843822818771726
1991-11-18,1.132673864,40.0000377050008,0.4968023405667863
1991-11-19,1.104357017,39.000036748249904,0.4843822818771726
1991-11-20,1.104357017,39.000036748249904,0.4843822818771726
1991-11-21,1.07604017,38.000035791499,0.47196222318755876
1991-11-22,1.019406477,36.0000339133119,0.44712210624694154
1991-11-23,0.962772784,34.0000320351248,0.4222819893063242
1991-11-24,0.934455938,33.00003111368861,0.40986193105532076
1991-11-25,0.821188551,29.000027321999703,0.36018169673547595
1991-11-26,0.877822244,31.000029200186802,0.3850218136760932
1991-11-27,0.906139091,32.000030156937704,0.397441872365707
1991-11-28,0.934455938,33.00003111368861,0.40986193105532076
1991-11-29,0.906139091,32.000030156937704,0.397441872365707
1991-11-30,0.877822244,31.000029200186802,0.3850218136760932
1991-12-01,0.849505398,30.0000282787506,0.3726017554250897
1991-12-02,0.821188551,29.000027321999703,0.36018169673547595
1991-12-03,0.792871705,28.000026400563502,0.3477616384844725
1991-12-04,0.764554858,27.0000254438126,0.33534157979485874
1991-12-05,0.736238011,26.0000244870617,0.32292152110524497
1991-12-06,0.679604318,24.000022608874602,0.2980814041646277
1991-12-07,0.679604318,24.000022608874602,0.2980814041646277
1991-12-08,0.679604318,24.000022608874602,0.2980814041646277
1991-12-09,0.651287472,23.0000216874384,0.2856613459136242
1991-12-10,0.622970625,22.000020730687503,0.2732412872240104
1991-12-11,0.622970625,22.000020730687503,0.2732412872240104
1991-12-12,0.594653778,21.0000197739366,0.26082122853439665
1991-12-13,0.594653778,21.0000197739366,0.26082122853439665
1991-12-14,0.622970625,22.000020730687503,0.2732412872240104
1991-12-15,0.622970625,22.000020730687503,0.2732412872240104
1991-12-16,0.594653778,21.0000197739366,0.26082122853439665
1991-12-17,0.594653778,21.0000197739366,0.26082122853439665
1991-12-18,0.594653778,21.0000197739366,0.26082122853439665
1991-12-19,0.566336932,20.0000188525004,0.24840117028339315
1991-12-20,0.566336932,20.0000188525004,0.24840117028339315
1991-12-21,0.566336932,20.0000188525004,0.24840117028339315
1991-12-22,0.566336932,20.0000188525004,0.24840117028339315
1991-12-23,0.566336932,20.0000188525004,0.24840117028339315
1991-12-24,0.566336932,20.0000188525004,0.24840117028339315
1991-12-25,0.566336932,20.0000188525004,0.24840117028339315
1991-12-26,0.566336932,20.0000188525004,0.24840117028339315
1991-12-27,0.538020085,19.0000178957495,0.23598111159377938
1991-12-28,0.566336932,20.0000188525004,0.24840117028339315
1991-12-29,0.538020085,19.0000178957495,0.23598111159377938
1991-12-30,0.538020085,19.0000178957495,0.23598111159377938
1991-12-31,0.538020085,19.0000178957495,0.23598111159377938
1992-01-01,0.538020085,19.0000178957495,0.23598111159377938
1992-01-02,0.538020085,19.0000178957495,0.23598111159377938
1992-01-03,0.538020085,19.0000178957495,0.23598111159377938
1992-01-04,0.509703239,18.0000169743133,0.2235610533427759
1992-01-05,0.509703239,18.0000169743133,0.2235610533427759
1992-01-06,0.481386392,17.0000160175624,0.2111409946531621
1992-01-07,0.481386392,17.0000160175624,0.2111409946531621
1992-01-08,0.453069545,16.000015060811503,0.1987209359635484
1992-01-09,0.453069545,16.000015060811503,0.1987209359635484
1992-01-10,0.453069545,16.000015060811503,0.1987209359635484
1992-01-11,0.424752699,15.0000141393753,0.18630087771254486
1992-01-12,0.424752699,15.0000141393753,0.18630087771254486
1992-01-13,0.396435852,14.0000131826244,0.1738808190229311
1992-01-14,0.396435852,14.0000131826244,0.1738808190229311
1992-01-15,0.396435852,14.0000131826244,0.1738808190229311
1992-01-16,0.396435852,14.0000131826244,0.1738808190229311
1992-01-17,0.396435852,14.0000131826244,0.1738808190229311
1992-01-18,0.368119006,13.000012261188202,0.16146076077192761
1992-01-19,0.368119006,13.000012261188202,0.16146076077192761
1992-01-20,0.368119006,13.000012261188202,0.16146076077192761
1992-01-21,0.368119006,13.000012261188202,0.16146076077192761
1992-01-22,0.368119006,13.000012261188202,0.16146076077192761
1992-01-23,0.368119006,13.000012261188202,0.16146076077192761
1992-01-24,0.339802159,12.000011304437301,0.14904070208231385
1992-01-25,0.339802159,12.000011304437301,0.14904070208231385
1992-01-26,0.311485313,11.0000103830011,0.1366206438313103
1992-01-27,0.311485313,11.0000103830011,0.1366206438313103
1992-01-28,0.311485313,11.0000103830011,0.1366206438313103
1992-01-29,0.283168466,10.0000094262502,0.12420058514169657
1992-01-30,0.283168466,10.0000094262502,0.12420058514169657
1992-01-31,0.283168466,10.0000094262502,0.12420058514169657
1992-02-01,0.277505097,9.8000092490259,0.1217165735792179
1992-02-02,0.274673412,9.7000091427564,0.12047456757867346
1992-02-03,0.269010043,9.5000089655321,0.1179905560161948
1992-02-04,0.260514989,9.2000086820383,0.1142645384531717
1992-02-05,0.260514989,9.2000086820383,0.1142645384531717
1992-02-06,0.257683304,9.1000085757688,0.11302253245262726
1992-02-07,0.252019935,8.9000083985445,0.11053852089014858
1992-02-08,0.252019935,8.9000083985445,0.11053852089014858
1992-02-09,0.240693196,8.5000080087812,0.10557049732658105
1992-02-10,0.237861511,8.4000079025117,0.10432849132603662
1992-02-11,0.237861511,8.4000079025117,0.10432849132603662
1992-02-12,0.237861511,8.4000079025117,0.10432849132603662
1992-02-13,0.243524881,8.6000081150507,0.10681250332712551
1992-02-14,0.252019935,8.9000083985445,0.11053852089014858
1992-02-15,0.257683304,9.1000085757688,0.11302253245262726
1992-02-16,0.254851619,9.0000084694993,0.1117805264520828
1992-02-17,0.246356565,8.700008186005501,0.10805450888905971
1992-02-18,0.24918825,8.800008292275,0.10929651488960417
1992-02-19,0.257683304,9.1000085757688,0.11302253245262726
1992-02-20,0.263346673,9.300008752993099,0.11550654401510592
1992-02-21,0.280336781,9.9000093199807,0.12295857914115212
1992-02-22,0.277505097,9.8000092490259,0.1217165735792179
1992-02-23,0.280336781,9.9000093199807,0.12295857914115212
1992-02-24,0.283168466,10.0000094262502,0.12420058514169657
1992-02-25,0.274673412,9.7000091427564,0.12047456757867346
1992-02-26,0.274673412,9.7000091427564,0.12047456757867346
1992-02-27,0.271841727,9.6000090364869,0.11923256157812903
1992-02-28,0.274673412,9.7000091427564,0.12047456757867346
1992-02-29,0.277505097,9.8000092490259,0.1217165735792179
1992-03-01,0.280336781,9.9000093199807,0.12295857914115212
1992-03-02,0.280336781,9.9000093199807,0.12295857914115212
1992-03-03,0.283168466,10.0000094262502,0.12420058514169657
1992-03-04,0.283168466,10.0000094262502,0.12420058514169657
1992-03-05,0.283168466,10.0000094262502,0.12420058514169657
1992-03-06,0.311485313,11.0000103830011,0.1366206438313103
1992-03-07,0.311485313,11.0000103830011,0.1366206438313103
1992-03-08,0.311485313,11.0000103830011,0.1366206438313103
1992-03-09,0.311485313,11.0000103830011,0.1366206438313103
1992-03-10,0.283168466,10.0000094262502,0.12420058514169657
1992-03-11,0.283168466,10.0000094262502,0.12420058514169657
1992-03-12,0.283168466,10.0000094262502,0.12420058514169657
1992-03-13,0.311485313,11.0000103830011,0.1366206438313103
1992-03-14,0.311485313,11.0000103830011,0.1366206438313103
1992-03-15,0.311485313,11.0000103830011,0.1366206438313103
1992-03-16,0.339802159,12.000011304437301,0.14904070208231385
1992-03-17,0.339802159,12.000011304437301,0.14904070208231385
1992-03-18,0.311485313,11.0000103830011,0.1366206438313103
1992-03-19,0.339802159,12.000011304437301,0.14904070208231385
1992-03-20,0.339802159,12.000011304437301,0.14904070208231385
1992-03-21,0.339802159,12.000011304437301,0.14904070208231385
1992-03-22,0.339802159,12.000011304437301,0.14904070208231385
1992-03-23,0.311485313,11.0000103830011,0.1366206438313103
1992-03-24,0.339802159,12.000011304437301,0.14904070208231385
1992-03-25,0.339802159,12.000011304437301,0.14904070208231385
1992-03-26,0.339802159,12.000011304437301,0.14904070208231385
1992-03-27,0.339802159,12.000011304437301,0.14904070208231385
1992-03-28,0.368119006,13.000012261188202,0.16146076077192761
1992-03-29,0.368119006,13.000012261188202,0.16146076077192761
1992-03-30,0.368119006,13.000012261188202,0.16146076077192761
1992-03-31,0.368119006,13.000012261188202,0.16146076077192761
1992-04-01,0.396435852,14.0000131826244,0.1738808190229311
1992-04-02,0.396435852,14.0000131826244,0.1738808190229311
1992-04-03,0.481386392,17.0000160175624,0.2111409946531621
1992-04-04,0.566336932,20.0000188525004,0.24840117028339315
1992-04-05,0.594653778,21.0000197739366,0.26082122853439665
1992-04-06,0.566336932,20.0000188525004,0.24840117028339315
1992-04-07,0.566336932,20.0000188525004,0.24840117028339315
1992-04-08,0.566336932,20.0000188525004,0.24840117028339315
1992-04-09,0.594653778,21.0000197739366,0.26082122853439665
1992-04-10,0.622970625,22.000020730687503,0.2732412872240104
1992-04-11,0.622970625,22.000020730687503,0.2732412872240104
1992-04-12,0.651287472,23.0000216874384,0.2856613459136242
1992-04-13,0.707921165,25.0000235656255,0.31050146285424146
1992-04-14,0.821188551,29.000027321999703,0.36018169673547595
1992-04-15,0.934455938,33.00003111368861,0.40986193105532076
1992-04-16,0.962772784,34.0000320351248,0.4222819893063242
1992-04-17,1.104357017,39.000036748249904,0.4843822818771726
1992-04-18,1.132673864,40.0000377050008,0.4968023405667863
1992-04-19,1.104357017,39.000036748249904,0.4843822818771726
1992-04-20,1.132673864,40.0000377050008,0.4968023405667863
1992-04-21,1.189307557,42.000039583187906,0.5216424575074036
1992-04-22,1.24594125,44.000041461375005,0.5464825744480208
1992-04-23,1.274258097,45.0000424181259,0.5589026331376346
1992-04-24,1.217624403,43.0000405046241,0.5340625157584071
1992-04-25,1.189307557,42.000039583187906,0.5216424575074036
1992-04-26,1.302574943,46.000043339562104,0.571322691388638
1992-04-27,1.727327642,61.00005747893741,0.757623569101183
1992-04-28,2.40693196,85.00008008781201,1.0557049732658108
1992-04-29,3.567922671,126.0001187495637,1.5649273725222106
1992-04-30,5.15366608,182.000171515376,2.260450649052545
1992-05-01,5.380200852,190.0001790281244,2.3598111168150147
1992-05-02,4.89881446,173.000163010562,2.1486701221618523
1992-05-03,5.550101932,196.0001846980004,2.4343314680754764
1992-05-04,6.796043182,240.00022615937542,2.9808140425234977
1992-05-05,8.693271904,307.0002893081888,3.812957962885142
1992-05-06,9.939213154,351.00033076956385,4.359440537333164
1992-05-07,11.07188702,391.000368545194,4.85624287877717
1992-05-08,12.4594125,440.00041461374997,5.464825744480208
1992-05-09,14.72476023,520.000490094381,6.4584304264910015
1992-05-10,13.59208636,480.00045217749204,5.9616280832925534
1992-05-11,10.87366909,384.000361812623,4.769302467511263
1992-05-12,9.656044688,341.0003213433136,4.235239952191467
1992-05-13,9.769312074,345.0003250996878,4.284920186072702
1992-05-14,9.825945767,347.0003269778749,4.309760303013318
1992-05-15,11.10020386,392.00036925474205,4.868662934396513
1992-05-16,11.83644188,418.00039405963605,5.191584459449249
1992-05-17,13.87525483,490.000461745001,6.0858286701886914
1992-05-18,15.65921617,553.000521278699,6.868292358423543
1992-05-19,20.47308009,723.0006814543231,8.979702304955165
1992-05-20,25.51347878,901.000849072066,11.190472718372034
1992-05-21,27.86377705,984.000927387635,12.221337576013058
1992-05-22,27.75050966,980.000923490002,12.171657340377383
1992-05-23,24.83387446,877.0008263925621,10.892391313330187
1992-05-24,22.45525935,793.000747367445,9.849106400069818
1992-05-25,24.40912176,862.0008122178721,10.70609043517903
1992-05-26,26.33466733,930.000876358751,11.550654414668898
1992-05-27,25.20199347,890.0008387950091,11.053852075856554
1992-05-28,21.49248656,759.000715120432,9.426824408131834
1992-05-29,17.10337534,604.000569119498,7.501715339751367
1992-05-30,14.18674014,501.00047202205803,6.22244931270417
1992-05-31,12.99743259,459.00043268607305,5.700806858267039
1992-06-01,12.43109565,439.00041355105503,5.452405684474763
1992-06-02,13.19565051,466.000439065497,5.787747265146843
1992-06-03,14.5265423,513.00048336181,6.371490015225095
1992-06-04,14.66812653,518.000487968991,6.433590306480112
1992-06-05,13.22396736,467.000440128192,5.800167325152287
1992-06-06,10.73208486,379.000357205442,4.707202176256246
1992-06-07,9.089707756,321.00030249081317,3.986838781908073
1992-06-08,8.296836051,293.0002760902497,3.6390771434236004
1992-06-09,7.73049912,273.000257273064,3.3906759735788183
1992-06-10,8.183568665,289.0002723338755,3.5893969095423657
1992-06-11,9.542777302,337.0003175869394,4.185559718310232
1992-06-12,10.84535224,383.00036074992806,4.756882407505819
1992-06-13,11.46832287,405.000381657189,5.03012369692288
1992-06-14,10.56218378,373.00035153556604,4.6326818249957835
1992-06-15,9.372876222,331.0003119170634,4.11103936704977
1992-06-16,8.410103438,297.00027988193864,3.6887573777434457
1992-06-17,7.957033892,281.0002647858124,3.490036441341287
1992-06-18,8.410103438,297.00027988193864,3.6887573777434457
1992-06-19,8.381786591,296.0002789251877,3.6763373190538315
1992-06-20,9.910896307,350.00032981281294,4.347020478643549
1992-06-21,11.12852071,393.00037031743705,4.8810829944019565
1992-06-22,11.04357017,390.00036748249903,4.843822818771726
1992-06-23,10.90198594,385.000362875318,4.781722527516708
1992-06-24,10.87366909,384.000361812623,4.769302467511263
1992-06-25,13.16733367,465.00043835594903,5.775327209527501
1992-06-26,14.80971077,523.0004929293191,6.495690602121233
1992-06-27,14.35664122,507.000477691934,6.296969663964632
1992-06-28,12.43109565,439.00041355105503,5.452405684474763
1992-06-29,10.47723324,370.000348700628,4.595421649365552
1992-06-30,9.740995228,344.0003241782516,4.272500127821697
1992-07-01,9.118024603,322.00030344756414,3.999258840597687
1992-07-02,8.410103438,297.00027988193864,3.6887573777434457
1992-07-03,7.532281193,266.0002506464371,3.303735563628742
1992-07-04,6.711092642,237.0002233244374,2.9435538668932666
1992-07-05,5.946537784,210.00019788062482,2.6082122870984077
1992-07-06,5.493468239,194.00018281981332,2.4094913511348595
1992-07-07,5.266933466,186.0001752717502,2.31013088293378
1992-07-08,5.097032387,180.0001696371889,2.2356105321119277
1992-07-09,4.955448154,175.0001649240638,2.1735102395410797
1992-07-10,4.728913381,167.00015737600071,2.0741497713400006
1992-07-11,4.474061762,158.0001489065014,1.9623692448879178
1992-07-12,4.474061762,158.0001489065014,1.9623692448879178
1992-07-13,4.559012301,161.0001517061247,1.9996294200795384
1992-07-14,4.445744915,157.0001479497505,1.9499491861983036
1992-07-15,4.360794375,154.0001451148125,1.912689010568073
1992-07-16,4.190893296,148.0001394802512,1.8381686597462208
1992-07-17,4.020992216,142.0001338103752,1.7636483084857588
1992-07-18,3.90772483,138.000130054001,1.7139680746045245
1992-07-19,3.794457443,134.0001262623121,1.66428784028468
1992-07-20,3.794457443,134.0001262623121,1.66428784028468
1992-07-21,4.502378608,159.0001498279376,1.974789303138921
1992-07-22,5.210299773,184.0001733935631,2.2852907659931625
1992-07-23,5.635052472,199.0001875329384,2.4715916437057075
1992-07-24,5.691686165,201.00018941112552,2.496431760646325
1992-07-25,5.323567159,188.00017714993731,2.3349709998743973
1992-07-26,4.89881446,173.000163010562,2.1486701221618523
1992-07-27,4.502378608,159.0001498279376,1.974789303138921
1992-07-28,4.162576449,147.0001385235003,1.8257486010566077
1992-07-29,3.851091137,136.0001281758139,1.6891279576639073
1992-07-30,3.624556364,128.00012062775082,1.589767489462828
1992-07-31,3.369704744,119.0001121229368,1.4779869625721347
1992-08-01,3.143169972,111.0001046101884,1.3786264948096658
1992-08-02,2.944952046,104.0000980188762,1.2916860852982002
1992-08-03,2.831684659,100.0000942271873,1.2420058509783556
1992-08-04,2.775050966,98.0000923490002,1.2171657340377382
1992-08-05,2.718417273,96.0000904708131,1.192325617097121
1992-08-06,2.605149886,92.00008667912421,1.142645382777276
1992-08-07,2.548516193,90.00008480093712,1.117805265836659
1992-08-08,2.463565654,87.0000820013138,1.0805450906450382
1992-08-09,2.40693196,85.00008008781201,1.0557049732658108
1992-08-10,2.378615114,84.00007916637581,1.0432849150148071
1992-08-11,2.321981421,82.00007728818869,1.0184447980741897
1992-08-12,2.265347727,80.0000753746869,0.9936046806949623
1992-08-13,2.180397188,77.00007257506361,0.9563445055033416
1992-08-14,2.123763494,75.0000706615618,0.9315043881241141
1992-08-15,2.038812955,72.0000678619385,0.8942442129324933
1992-08-16,1.982179261,70.0000659484367,0.8694040955532657
1992-08-17,1.982179261,70.0000659484367,0.8694040955532657
1992-08-18,1.953862415,69.0000650270005,0.8569840373022622
1992-08-19,1.897228722,67.0000631488134,0.832143920361645
1992-08-20,1.897228722,67.0000631488134,0.832143920361645
1992-08-21,1.953862415,69.0000650270005,0.8569840373022622
1992-08-22,1.982179261,70.0000659484367,0.8694040955532657
1992-08-23,1.953862415,69.0000650270005,0.8569840373022622
1992-08-24,1.925545568,68.0000640702496,0.8445639786126484
1992-08-25,1.868911875,66.0000621920625,0.8197238616720313
1992-08-26,1.783961335,63.000059357124506,0.7824636860418003
1992-08-27,1.699010796,60.0000565575012,0.7452035108501794
1992-08-28,1.585743409,56.000052765812306,0.6955232765303347
1992-08-29,1.500792869,53.000049930874304,0.6582631009001036
1992-08-30,1.444159176,51.000048052687205,0.6334229839594865
1992-08-31,1.41584233,50.000047131251,0.6210029257084829
1992-09-01,1.359208636,48.000045217749204,0.5961628083292554
1992-09-02,1.302574943,46.000043339562104,0.571322691388638
1992-09-03,1.189307557,42.000039583187906,0.5216424575074036
1992-09-04,1.302574943,46.000043339562104,0.571322691388638
1992-09-05,1.359208636,48.000045217749204,0.5961628083292554
1992-09-06,1.387525483,49.0000461745001,0.6085828670188691
1992-09-07,1.472476023,52.0000490094381,0.6458430426491001
1992-09-08,1.472476023,52.0000490094381,0.6458430426491001
1992-09-09,1.529109716,54.0000508876252,0.6706831595897175
1992-09-10,1.614060256,57.0000537225632,0.7079433352199485
1992-09-11,1.642377102,58.000054643999405,0.7203633934709519
1992-09-12,1.699010796,60.0000565575012,0.7452035108501794
1992-09-13,1.755644489,62.0000584356883,0.7700436277907968
1992-09-14,1.727327642,61.00005747893741,0.757623569101183
1992-09-15,1.699010796,60.0000565575012,0.7452035108501794
1992-09-16,1.642377102,58.000054643999405,0.7203633934709519
1992-09-17,1.614060256,57.0000537225632,0.7079433352199485
1992-09-18,1.557426563,55.0000518443761,0.6831032182793311
1992-09-19,1.500792869,53.000049930874304,0.6582631009001036
1992-09-20,1.444159176,51.000048052687205,0.6334229839594865
1992-09-21,1.387525483,49.0000461745001,0.6085828670188691
1992-09-22,1.33089179,47.000044296313,0.5837427500782518
1992-09-23,1.302574943,46.000043339562104,0.571322691388638
1992-09-24,1.302574943,46.000043339562104,0.571322691388638
1992-09-25,1.274258097,45.0000424181259,0.5589026331376346
1992-09-26,1.217624403,43.0000405046241,0.5340625157584071
1992-09-27,1.16099071,41.000038626437004,0.5092223988177899
1992-09-28,1.132673864,40.0000377050008,0.4968023405667863
1992-09-29,1.132673864,40.0000377050008,0.4968023405667863
1992-09-30,1.104357017,39.000036748249904,0.4843822818771726
1992-10-01,1.132673864,40.0000377050008,0.4968023405667863
1992-10-02,1.189307557,42.000039583187906,0.5216424575074036
1992-10-03,1.16099071,41.000038626437004,0.5092223988177899
1992-10-04,1.16099071,41.000038626437004,0.5092223988177899
1992-10-05,1.132673864,40.0000377050008,0.4968023405667863
1992-10-06,1.104357017,39.000036748249904,0.4843822818771726
1992-10-07,1.07604017,38.000035791499,0.47196222318755876
1992-10-08,1.047723324,37.0000348700628,0.4595421649365552
1992-10-09,1.047723324,37.0000348700628,0.4595421649365552
1992-10-10,1.019406477,36.0000339133119,0.44712210624694154
1992-10-11,1.019406477,36.0000339133119,0.44712210624694154
1992-10-12,0.991089631,35.000032991875706,0.43470204799593803
1992-10-13,0.962772784,34.0000320351248,0.4222819893063242
1992-10-14,0.934455938,33.00003111368861,0.40986193105532076
1992-10-15,0.906139091,32.000030156937704,0.397441872365707
1992-10-16,0.877822244,31.000029200186802,0.3850218136760932
1992-10-17,0.849505398,30.0000282787506,0.3726017554250897
1992-10-18,0.849505398,30.0000282787506,0.3726017554250897
1992-10-19,0.821188551,29.000027321999703,0.36018169673547595
1992-10-20,0.792871705,28.000026400563502,0.3477616384844725
1992-10-21,0.764554858,27.0000254438126,0.33534157979485874
1992-10-22,0.736238011,26.0000244870617,0.32292152110524497
1992-10-23,0.707921165,25.0000235656255,0.31050146285424146
1992-10-24,0.679604318,24.000022608874602,0.2980814041646277
1992-10-25,0.651287472,23.0000216874384,0.2856613459136242
1992-10-26,0.622970625,22.000020730687503,0.2732412872240104
1992-10-27,0.622970625,22.000020730687503,0.2732412872240104
1992-10-28,0.594653778,21.0000197739366,0.26082122853439665
1992-10-29,0.651287472,23.0000216874384,0.2856613459136242
1992-10-30,0.736238011,26.0000244870617,0.32292152110524497
1992-10-31,0.736238011,26.0000244870617,0.32292152110524497
1992-11-01,0.736238011,26.0000244870617,0.32292152110524497
1992-11-02,0.792871705,28.000026400563502,0.3477616384844725
1992-11-03,0.821188551,29.000027321999703,0.36018169673547595
1992-11-04,0.821188551,29.000027321999703,0.36018169673547595
1992-11-05,0.849505398,30.0000282787506,0.3726017554250897
1992-11-06,0.849505398,30.0000282787506,0.3726017554250897
1992-11-07,0.849505398,30.0000282787506,0.3726017554250897
1992-11-08,0.877822244,31.000029200186802,0.3850218136760932
1992-11-09,0.906139091,32.000030156937704,0.397441872365707
1992-11-10,0.906139091,32.000030156937704,0.397441872365707
1992-11-11,0.906139091,32.000030156937704,0.397441872365707
1992-11-12,0.877822244,31.000029200186802,0.3850218136760932
1992-11-13,0.877822244,31.000029200186802,0.3850218136760932
1992-11-14,0.849505398,30.0000282787506,0.3726017554250897
1992-11-15,0.849505398,30.0000282787506,0.3726017554250897
1992-11-16,0.849505398,30.0000282787506,0.3726017554250897
1992-11-17,0.821188551,29.000027321999703,0.36018169673547595
1992-11-18,0.821188551,29.000027321999703,0.36018169673547595
1992-11-19,0.792871705,28.000026400563502,0.3477616384844725
1992-11-20,0.764554858,27.0000254438126,0.33534157979485874
1992-11-21,0.764554858,27.0000254438126,0.33534157979485874
1992-11-22,0.736238011,26.0000244870617,0.32292152110524497
1992-11-23,0.736238011,26.0000244870617,0.32292152110524497
1992-11-24,0.707921165,25.0000235656255,0.31050146285424146
1992-11-25,0.736238011,26.0000244870617,0.32292152110524497
1992-11-26,0.679604318,24.000022608874602,0.2980814041646277
1992-11-27,0.679604318,24.000022608874602,0.2980814041646277
1992-11-28,0.679604318,24.000022608874602,0.2980814041646277
1992-11-29,0.622970625,22.000020730687503,0.2732412872240104
1992-11-30,0.622970625,22.000020730687503,0.2732412872240104
1992-12-01,0.622970625,22.000020730687503,0.2732412872240104
1992-12-02,0.622970625,22.000020730687503,0.2732412872240104
1992-12-03,0.651287472,23.0000216874384,0.2856613459136242
1992-12-04,0.622970625,22.000020730687503,0.2732412872240104
1992-12-05,0.651287472,23.0000216874384,0.2856613459136242
1992-12-06,0.622970625,22.000020730687503,0.2732412872240104
1992-12-07,0.622970625,22.000020730687503,0.2732412872240104
1992-12-08,0.622970625,22.000020730687503,0.2732412872240104
1992-12-09,0.622970625,22.000020730687503,0.2732412872240104
1992-12-10,0.651287472,23.0000216874384,0.2856613459136242
1992-12-11,0.651287472,23.0000216874384,0.2856613459136242
1992-12-12,0.679604318,24.000022608874602,0.2980814041646277
1992-12-13,0.679604318,24.000022608874602,0.2980814041646277
1992-12-14,0.651287472,23.0000216874384,0.2856613459136242
1992-12-15,0.679604318,24.000022608874602,0.2980814041646277
1992-12-16,0.651287472,23.0000216874384,0.2856613459136242
1992-12-17,0.679604318,24.000022608874602,0.2980814041646277
1992-12-18,0.679604318,24.000022608874602,0.2980814041646277
1992-12-19,0.651287472,23.0000216874384,0.2856613459136242
1992-12-20,0.651287472,23.0000216874384,0.2856613459136242
1992-12-21,0.651287472,23.0000216874384,0.2856613459136242
1992-12-22,0.651287472,23.0000216874384,0.2856613459136242
1992-12-23,0.651287472,23.0000216874384,0.2856613459136242
1992-12-24,0.651287472,23.0000216874384,0.2856613459136242
1992-12-25,0.622970625,22.000020730687503,0.2732412872240104
1992-12-26,0.622970625,22.000020730687503,0.2732412872240104
1992-12-27,0.594653778,21.0000197739366,0.26082122853439665
1992-12-28,0.594653778,21.0000197739366,0.26082122853439665
1992-12-29,0.594653778,21.0000197739366,0.26082122853439665
1992-12-30,0.622970625,22.000020730687503,0.2732412872240104
1992-12-31,0.622970625,22.000020730687503,0.2732412872240104
1993-01-01,0.651287472,23.0000216874384,0.2856613459136242
1993-01-02,0.622970625,22.000020730687503,0.2732412872240104
1993-01-03,0.622970625,22.000020730687503,0.2732412872240104
1993-01-04,0.594653778,21.0000197739366,0.26082122853439665
1993-01-05,0.594653778,21.0000197739366,0.26082122853439665
1993-01-06,0.651287472,23.0000216874384,0.2856613459136242
1993-01-07,0.651287472,23.0000216874384,0.2856613459136242
1993-01-08,0.622970625,22.000020730687503,0.2732412872240104
1993-01-09,0.622970625,22.000020730687503,0.2732412872240104
1993-01-10,0.594653778,21.0000197739366,0.26082122853439665
1993-01-11,0.622970625,22.000020730687503,0.2732412872240104
1993-01-12,0.622970625,22.000020730687503,0.2732412872240104
1993-01-13,0.622970625,22.000020730687503,0.2732412872240104
1993-01-14,0.594653778,21.0000197739366,0.26082122853439665
1993-01-15,0.566336932,20.0000188525004,0.24840117028339315
1993-01-16,0.566336932,20.0000188525004,0.24840117028339315
1993-01-17,0.538020085,19.0000178957495,0.23598111159377938
1993-01-18,0.538020085,19.0000178957495,0.23598111159377938
1993-01-19,0.509703239,18.0000169743133,0.2235610533427759
1993-01-20,0.509703239,18.0000169743133,0.2235610533427759
1993-01-21,0.509703239,18.0000169743133,0.2235610533427759
1993-01-22,0.509703239,18.0000169743133,0.2235610533427759
1993-01-23,0.538020085,19.0000178957495,0.23598111159377938
1993-01-24,0.566336932,20.0000188525004,0.24840117028339315
1993-01-25,0.538020085,19.0000178957495,0.23598111159377938
1993-01-26,0.538020085,19.0000178957495,0.23598111159377938
1993-01-27,0.538020085,19.0000178957495,0.23598111159377938
1993-01-28,0.538020085,19.0000178957495,0.23598111159377938
1993-01-29,0.509703239,18.0000169743133,0.2235610533427759
1993-01-30,0.538020085,19.0000178957495,0.23598111159377938
1993-01-31,0.509703239,18.0000169743133,0.2235610533427759
1993-02-01,0.509703239,18.0000169743133,0.2235610533427759
1993-02-02,0.481386392,17.0000160175624,0.2111409946531621
1993-02-03,0.481386392,17.0000160175624,0.2111409946531621
1993-02-04,0.453069545,16.000015060811503,0.1987209359635484
1993-02-05,0.481386392,17.0000160175624,0.2111409946531621
1993-02-06,0.481386392,17.0000160175624,0.2111409946531621
1993-02-07,0.453069545,16.000015060811503,0.1987209359635484
1993-02-08,0.453069545,16.000015060811503,0.1987209359635484
1993-02-09,0.424752699,15.0000141393753,0.18630087771254486
1993-02-10,0.453069545,16.000015060811503,0.1987209359635484
1993-02-11,0.424752699,15.0000141393753,0.18630087771254486
1993-02-12,0.424752699,15.0000141393753,0.18630087771254486
1993-02-13,0.424752699,15.0000141393753,0.18630087771254486
1993-02-14,0.424752699,15.0000141393753,0.18630087771254486
1993-02-15,0.424752699,15.0000141393753,0.18630087771254486
1993-02-16,0.424752699,15.0000141393753,0.18630087771254486
1993-02-17,0.453069545,16.000015060811503,0.1987209359635484
1993-02-18,0.453069545,16.000015060811503,0.1987209359635484
1993-02-19,0.453069545,16.000015060811503,0.1987209359635484
1993-02-20,0.481386392,17.0000160175624,0.2111409946531621
1993-02-21,0.453069545,16.000015060811503,0.1987209359635484
1993-02-22,0.481386392,17.0000160175624,0.2111409946531621
1993-02-23,0.481386392,17.0000160175624,0.2111409946531621
1993-02-24,0.509703239,18.0000169743133,0.2235610533427759
1993-02-25,0.509703239,18.0000169743133,0.2235610533427759
1993-02-26,0.509703239,18.0000169743133,0.2235610533427759
1993-02-27,0.509703239,18.0000169743133,0.2235610533427759
1993-02-28,0.509703239,18.0000169743133,0.2235610533427759
1993-03-01,0.509703239,18.0000169743133,0.2235610533427759
1993-03-02,0.509703239,18.0000169743133,0.2235610533427759
1993-03-03,0.481386392,17.0000160175624,0.2111409946531621
1993-03-04,0.481386392,17.0000160175624,0.2111409946531621
1993-03-05,0.481386392,17.0000160175624,0.2111409946531621
1993-03-06,0.453069545,16.000015060811503,0.1987209359635484
1993-03-07,0.453069545,16.000015060811503,0.1987209359635484
1993-03-08,0.424752699,15.0000141393753,0.18630087771254486
1993-03-09,0.424752699,15.0000141393753,0.18630087771254486
1993-03-10,0.424752699,15.0000141393753,0.18630087771254486
1993-03-11,0.396435852,14.0000131826244,0.1738808190229311
1993-03-12,0.368119006,13.000012261188202,0.16146076077192761
1993-03-13,0.368119006,13.000012261188202,0.16146076077192761
1993-03-14,0.396435852,14.0000131826244,0.1738808190229311
1993-03-15,0.396435852,14.0000131826244,0.1738808190229311
1993-03-16,0.453069545,16.000015060811503,0.1987209359635484
1993-03-17,0.481386392,17.0000160175624,0.2111409946531621
1993-03-18,0.509703239,18.0000169743133,0.2235610533427759
1993-03-19,0.509703239,18.0000169743133,0.2235610533427759
1993-03-20,0.538020085,19.0000178957495,0.23598111159377938
1993-03-21,0.566336932,20.0000188525004,0.24840117028339315
1993-03-22,0.594653778,21.0000197739366,0.26082122853439665
1993-03-23,0.594653778,21.0000197739366,0.26082122853439665
1993-03-24,0.622970625,22.000020730687503,0.2732412872240104
1993-03-25,0.651287472,23.0000216874384,0.2856613459136242
1993-03-26,0.736238011,26.0000244870617,0.32292152110524497
1993-03-27,0.934455938,33.00003111368861,0.40986193105532076
1993-03-28,0.877822244,31.000029200186802,0.3850218136760932
1993-03-29,0.792871705,28.000026400563502,0.3477616384844725
1993-03-30,0.821188551,29.000027321999703,0.36018169673547595
1993-03-31,0.764554858,27.0000254438126,0.33534157979485874
1993-04-01,0.736238011,26.0000244870617,0.32292152110524497
1993-04-02,0.736238011,26.0000244870617,0.32292152110524497
1993-04-03,0.707921165,25.0000235656255,0.31050146285424146
1993-04-04,0.707921165,25.0000235656255,0.31050146285424146
1993-04-05,0.736238011,26.0000244870617,0.32292152110524497
1993-04-06,0.736238011,26.0000244870617,0.32292152110524497
1993-04-07,0.707921165,25.0000235656255,0.31050146285424146
1993-04-08,0.707921165,25.0000235656255,0.31050146285424146
1993-04-09,0.679604318,24.000022608874602,0.2980814041646277
1993-04-10,0.679604318,24.000022608874602,0.2980814041646277
1993-04-11,0.679604318,24.000022608874602,0.2980814041646277
1993-04-12,0.679604318,24.000022608874602,0.2980814041646277
1993-04-13,0.651287472,23.0000216874384,0.2856613459136242
1993-04-14,0.651287472,23.0000216874384,0.2856613459136242
1993-04-15,0.651287472,23.0000216874384,0.2856613459136242
1993-04-16,0.622970625,22.000020730687503,0.2732412872240104
1993-04-17,0.651287472,23.0000216874384,0.2856613459136242
1993-04-18,0.707921165,25.0000235656255,0.31050146285424146
1993-04-19,0.707921165,25.0000235656255,0.31050146285424146
1993-04-20,0.707921165,25.0000235656255,0.31050146285424146
1993-04-21,0.707921165,25.0000235656255,0.31050146285424146
1993-04-22,0.736238011,26.0000244870617,0.32292152110524497
1993-04-23,0.764554858,27.0000254438126,0.33534157979485874
1993-04-24,0.736238011,26.0000244870617,0.32292152110524497
1993-04-25,0.736238011,26.0000244870617,0.32292152110524497
1993-04-26,0.764554858,27.0000254438126,0.33534157979485874
1993-04-27,0.764554858,27.0000254438126,0.33534157979485874
1993-04-28,0.792871705,28.000026400563502,0.3477616384844725
1993-04-29,0.821188551,29.000027321999703,0.36018169673547595
1993-04-30,0.849505398,30.0000282787506,0.3726017554250897
1993-05-01,0.877822244,31.000029200186802,0.3850218136760932
1993-05-02,0.906139091,32.000030156937704,0.397441872365707
1993-05-03,1.019406477,36.0000339133119,0.44712210624694154
1993-05-04,1.585743409,56.000052765812306,0.6955232765303347
1993-05-05,1.642377102,58.000054643999405,0.7203633934709519
1993-05-06,1.727327642,61.00005747893741,0.757623569101183
1993-05-07,1.699010796,60.0000565575012,0.7452035108501794
1993-05-08,1.585743409,56.000052765812306,0.6955232765303347
1993-05-09,1.529109716,54.0000508876252,0.6706831595897175
1993-05-10,1.557426563,55.0000518443761,0.6831032182793311
1993-05-11,1.953862415,69.0000650270005,0.8569840373022622
1993-05-12,2.775050966,98.0000923490002,1.2171657340377382
1993-05-13,4.332477529,153.00014419337631,1.9002689523170695
1993-05-14,6.088122017,215.00020259374992,2.6703125796692557
1993-05-15,8.97644037,317.000298734439,3.937158548026839
1993-05-16,11.01525332,389.000366419804,4.831402758766281
1993-05-17,11.97802611,423.00039866681703,5.2536847507042665
1993-05-18,13.02574943,460.00043339562103,5.7132269138863805
1993-05-19,15.57426563,550.000518443761,6.831032182793311
1993-05-20,20.38812955,720.000678619385,8.942442129324933
1993-05-21,24.15427014,853.0008037130581,10.594309908288338
1993-05-22,25.45684509,899.0008472998231,11.165632602747246
1993-05-23,19.34040622,683.000643537434,8.482899961756715
1993-05-24,14.89466131,526.000495764257,6.532950777751464
1993-05-25,13.11069997,463.00043623055905,5.750487089516612
1993-05-26,17.52812804,619.000583294188,7.688016217902522
1993-05-27,24.0693196,850.00080087812,10.557049732658106
1993-05-28,26.27803364,928.0008745865081,11.525814299044113
1993-05-29,27.29744011,964.000908252617,11.972936402220784
1993-05-30,25.28694401,893.000841629947,11.091112251486784
1993-05-31,24.918825,880.0008292274999,10.929651488960417
1993-06-01,25.48516193,900.0008480093711,11.178052658366589
1993-06-02,23.19149736,819.000771819192,10.172027920736454
1993-06-03,21.91723926,774.000729295122,9.613125286282989
1993-06-04,18.32099975,647.000609871325,8.035777858580046
1993-06-05,15.12119608,534.000503206376,6.632311244636712
1993-06-06,15.12119608,534.000503206376,6.632311244636712
1993-06-07,12.65763043,447.000421346321,5.551766155746114
1993-06-08,10.44891639,369.00034763793303,4.583001589360109
1993-06-09,9.202975142,325.0003062471874,4.036519015789308
1993-06-10,9.004757216,318.0002996558752,3.949578606277842
1993-06-11,12.09129349,427.000402211303,5.30336498195384
1993-06-12,17.89624705,632.0005956966351,7.84947698042889
1993-06-13,17.07505849,603.000568056803,7.489295279745924
1993-06-14,16.96179111,599.000564512317,7.43961504849635
1993-06-15,23.2764479,822.00077465413,10.209288096366686
1993-06-16,26.53288526,937.0008830913221,11.637594825934807
1993-06-17,26.02318202,919.0008660816941,11.414033772153418
1993-06-18,23.47466582,829.000781033554,10.296228503246489
1993-06-19,23.95605222,846.0007973336341,10.507369501408533
1993-06-20,29.16635199,1030.000970621253,12.792660266085864
1993-06-21,33.69704744,1190.001121229368,14.779869625721348
1993-06-22,35.96239517,1270.001196709999,15.773474307732142
1993-06-23,27.69387597,978.0009217177591,12.146817224752596
1993-06-24,18.63248506,658.000620148382,8.172398501095525
1993-06-25,14.61149284,516.000486196748,6.408750190855326
1993-06-26,16.79189003,593.000558842441,7.365094697235888
1993-06-27,23.81446798,841.000792373306,10.445269205767413
1993-06-28,28.60001506,1010.0009518393821,12.544259096679692
1993-06-29,31.99803665,1130.0010648837551,14.03466611750283
1993-06-30,24.04100276,849.0008001685721,10.544629677038765
1993-07-01,19.70852523,696.000655939881,8.644360724283084
1993-07-02,19.59525784,692.000652042248,8.594680488647409
1993-07-03,23.67288375,836.0007877661251,10.383168914512396
1993-07-04,22.14377403,782.000736737241,9.712485753168236
1993-07-05,16.11228571,569.000536162937,7.067013292194039
1993-07-06,12.34614511,436.000410716117,5.4151455088445335
1993-07-07,9.740995228,344.0003241782516,4.272500127821697
1993-07-08,8.353469745,295.00027800375153,3.6639172608028288
1993-07-09,8.126934972,287.00027045568845,3.5645567926017496
1993-07-10,9.118024603,322.00030344756414,3.999258840597687
1993-07-11,11.32673864,400.000377050008,4.968023405667863
1993-07-12,13.05406628,461.000434458316,5.725646973891825
1993-07-13,12.74258097,450.00042418125906,5.589026331376346
1993-07-14,11.75149134,415.000391224698,5.154324283819017
1993-07-15,12.17624403,430.000405046241,5.34062515758407
1993-07-16,12.4594125,440.00041461374997,5.464825744480208
1993-07-17,12.31782827,435.00041000656904,5.402725453225191
1993-07-18,11.21347125,396.000373152375,4.918343170032188
1993-07-19,10.30733216,364.000343030752,4.52090129810509
1993-07-20,10.50555009,371.000349763323,4.607841709370997
1993-07-21,11.92139242,421.000396894574,5.22884463507948
1993-07-22,13.02574943,460.00043339562103,5.7132269138863805
1993-07-23,12.94079889,457.000430560683,5.675966738256149
1993-07-24,12.34614511,436.000410716117,5.4151455088445335
1993-07-25,10.8170354,382.00036004038003,4.744462351886477
1993-07-26,15.91406778,562.000529430366,6.980072880928133
1993-07-27,20.13327793,711.000670114571,8.830661602434239
1993-07-28,14.27169068,504.00047485699605,6.259709488334402
1993-07-29,12.48772935,441.000415676445,5.477245804485653
1993-07-30,13.45050213,475.00044757031105,5.899527792037536
1993-07-31,16.08396886,568.000535100242,7.054593232188595
1993-08-01,15.63089932,552.000520216004,6.855872298418098
1993-08-02,13.64872006,482.000454302882,5.986468203303443
1993-08-03,11.92139242,421.000396894574,5.22884463507948
1993-08-04,10.36396585,366.000344802995,4.545741413729877
1993-08-05,10.90198594,385.000362875318,4.781722527516708
1993-08-06,11.41168918,403.000379884946,5.005283581298094
1993-08-07,10.70376801,378.00035614274697,4.694782116250801
1993-08-08,10.42059955,368.00034692838506,4.570581533740766
1993-08-09,9.854262614,348.00032793462583,4.322180361702932
1993-08-10,9.372876222,331.0003119170634,4.11103936704977
1993-08-11,10.78871855,381.00035897768504,4.732042291881032
1993-08-12,12.85584835,454.00042772574506,5.638706562625919
1993-08-13,11.15683756,394.000371380132,4.893503054407401
1993-08-14,9.231291989,326.00030720393835,4.048939074478922
1993-08-15,7.900400199,279.0002629076253,3.4651963244006696
1993-08-16,7.022577955,248.00023370743853,3.080174510724577
1993-08-17,6.201389404,219.00020638543882,2.719992813989101
1993-08-18,5.550101932,196.0001846980004,2.4343314680754764
1993-08-19,5.06871554,179.000168680438,2.2231904734223145
1993-08-20,4.842180767,171.00016113237493,2.1238300052212353
1993-08-21,4.927131307,174.00016396731291,2.161090180851466
1993-08-22,5.266933466,186.0001752717502,2.31013088293378
1993-08-23,5.465151392,193.0001818630624,2.3970712924452457
1993-08-24,5.408517699,191.0001799848753,2.3722311755046284
1993-08-25,5.06871554,179.000168680438,2.2231904734223145
1993-08-26,4.813863921,170.00016021093873,2.1114099469702317
1993-08-27,4.587329148,162.00015266287562,2.012049478769152
1993-08-28,4.417428068,156.00014699299962,1.9375291275086903
1993-08-29,4.190893296,148.0001394802512,1.8381686597462208
1993-08-30,3.936041676,139.0001309754372,1.726388132855528
1993-08-31,3.709506904,131.0001234626888,1.6270276650930589
1993-09-01,3.482972131,123.00011591462571,1.5276671968919795
1993-09-02,3.256437358,115.0001083665626,1.4283067286909004
1993-09-03,3.029902585,107.0001008184995,1.328946260489821
1993-09-04,2.916635199,103.0000970621253,1.2792660266085865
1993-09-05,2.775050966,98.0000923490002,1.2171657340377382
1993-09-06,2.690100426,95.0000895140622,1.1799055584075073
1993-09-07,2.633466733,93.0000876358751,1.15506544146689
1993-09-08,2.520199347,89.0000838795009,1.1053852075856556
1993-09-09,2.40693196,85.00008008781201,1.0557049732658108
1993-09-10,2.321981421,82.00007728818869,1.0184447980741897
1993-09-11,2.237030881,79.0000744532507,0.9811846224439589
1993-09-12,2.180397188,77.00007257506361,0.9563445055033416
1993-09-13,2.123763494,75.0000706615618,0.9315043881241141
1993-09-14,2.095446648,74.0000697401256,0.9190843298731104
1993-09-15,2.067129801,73.0000687833747,0.9066642711834968
1993-09-16,2.038812955,72.0000678619385,0.8942442129324933
1993-09-17,2.067129801,73.0000687833747,0.9066642711834968
1993-09-18,2.123763494,75.0000706615618,0.9315043881241141
1993-09-19,2.095446648,74.0000697401256,0.9190843298731104
1993-09-20,1.982179261,70.0000659484367,0.8694040955532657
1993-09-21,1.897228722,67.0000631488134,0.832143920361645
1993-09-22,1.868911875,66.0000621920625,0.8197238616720313
1993-09-23,1.783961335,63.000059357124506,0.7824636860418003
1993-09-24,1.699010796,60.0000565575012,0.7452035108501794
1993-09-25,1.614060256,57.0000537225632,0.7079433352199485
1993-09-26,1.529109716,54.0000508876252,0.6706831595897175
1993-09-27,1.472476023,52.0000490094381,0.6458430426491001
1993-09-28,1.41584233,50.000047131251,0.6210029257084829
1993-09-29,1.359208636,48.000045217749204,0.5961628083292554
1993-09-30,1.33089179,47.000044296313,0.5837427500782518
1993-10-01,1.274258097,45.0000424181259,0.5589026331376346
1993-10-02,1.189307557,42.000039583187906,0.5216424575074036
1993-10-03,1.132673864,40.0000377050008,0.4968023405667863
1993-10-04,1.07604017,38.000035791499,0.47196222318755876
1993-10-05,1.019406477,36.0000339133119,0.44712210624694154
1993-10-06,0.991089631,35.000032991875706,0.43470204799593803
1993-10-07,0.991089631,35.000032991875706,0.43470204799593803
1993-10-08,1.019406477,36.0000339133119,0.44712210624694154
1993-10-09,1.019406477,36.0000339133119,0.44712210624694154
1993-10-10,1.019406477,36.0000339133119,0.44712210624694154
1993-10-11,1.019406477,36.0000339133119,0.44712210624694154
1993-10-12,1.019406477,36.0000339133119,0.44712210624694154
1993-10-13,1.019406477,36.0000339133119,0.44712210624694154
1993-10-14,1.019406477,36.0000339133119,0.44712210624694154
1993-10-15,1.047723324,37.0000348700628,0.4595421649365552
1993-10-16,1.07604017,38.000035791499,0.47196222318755876
1993-10-17,1.07604017,38.000035791499,0.47196222318755876
1993-10-18,1.047723324,37.0000348700628,0.4595421649365552
1993-10-19,1.047723324,37.0000348700628,0.4595421649365552
1993-10-20,1.047723324,37.0000348700628,0.4595421649365552
1993-10-21,1.019406477,36.0000339133119,0.44712210624694154
1993-10-22,1.019406477,36.0000339133119,0.44712210624694154
1993-10-23,0.991089631,35.000032991875706,0.43470204799593803
1993-10-24,0.962772784,34.0000320351248,0.4222819893063242
1993-10-25,0.962772784,34.0000320351248,0.4222819893063242
1993-10-26,0.934455938,33.00003111368861,0.40986193105532076
1993-10-27,0.906139091,32.000030156937704,0.397441872365707
1993-10-28,0.906139091,32.000030156937704,0.397441872365707
1993-10-29,0.849505398,30.0000282787506,0.3726017554250897
1993-10-30,0.792871705,28.000026400563502,0.3477616384844725
1993-10-31,0.792871705,28.000026400563502,0.3477616384844725
1993-11-01,0.736238011,26.0000244870617,0.32292152110524497
1993-11-02,0.651287472,23.0000216874384,0.2856613459136242
1993-11-03,0.651287472,23.0000216874384,0.2856613459136242
1993-11-04,0.622970625,22.000020730687503,0.2732412872240104
1993-11-05,0.594653778,21.0000197739366,0.26082122853439665
1993-11-06,0.594653778,21.0000197739366,0.26082122853439665
1993-11-07,0.538020085,19.0000178957495,0.23598111159377938
1993-11-08,0.509703239,18.0000169743133,0.2235610533427759
1993-11-09,0.509703239,18.0000169743133,0.2235610533427759
1993-11-10,0.481386392,17.0000160175624,0.2111409946531621
1993-11-11,0.481386392,17.0000160175624,0.2111409946531621
1993-11-12,0.481386392,17.0000160175624,0.2111409946531621
1993-11-13,0.481386392,17.0000160175624,0.2111409946531621
1993-11-14,0.453069545,16.000015060811503,0.1987209359635484
1993-11-15,0.481386392,17.0000160175624,0.2111409946531621
1993-11-16,0.453069545,16.000015060811503,0.1987209359635484
1993-11-17,0.424752699,15.0000141393753,0.18630087771254486
1993-11-18,0.424752699,15.0000141393753,0.18630087771254486
1993-11-19,0.424752699,15.0000141393753,0.18630087771254486
1993-11-20,0.424752699,15.0000141393753,0.18630087771254486
1993-11-21,0.424752699,15.0000141393753,0.18630087771254486
1993-11-22,0.424752699,15.0000141393753,0.18630087771254486
1993-11-23,0.424752699,15.0000141393753,0.18630087771254486
1993-11-24,0.368119006,13.000012261188202,0.16146076077192761
1993-11-25,0.339802159,12.000011304437301,0.14904070208231385
1993-11-26,0.339802159,12.000011304437301,0.14904070208231385
1993-11-27,0.368119006,13.000012261188202,0.16146076077192761
1993-11-28,0.396435852,14.0000131826244,0.1738808190229311
1993-11-29,0.396435852,14.0000131826244,0.1738808190229311
1993-11-30,0.368119006,13.000012261188202,0.16146076077192761
1993-12-01,0.368119006,13.000012261188202,0.16146076077192761
1993-12-02,0.368119006,13.000012261188202,0.16146076077192761
1993-12-03,0.368119006,13.000012261188202,0.16146076077192761
1993-12-04,0.368119006,13.000012261188202,0.16146076077192761
1993-12-05,0.368119006,13.000012261188202,0.16146076077192761
1993-12-06,0.396435852,14.0000131826244,0.1738808190229311
1993-12-07,0.396435852,14.0000131826244,0.1738808190229311
1993-12-08,0.368119006,13.000012261188202,0.16146076077192761
1993-12-09,0.396435852,14.0000131826244,0.1738808190229311
1993-12-10,0.396435852,14.0000131826244,0.1738808190229311
1993-12-11,0.396435852,14.0000131826244,0.1738808190229311
1993-12-12,0.396435852,14.0000131826244,0.1738808190229311
1993-12-13,0.424752699,15.0000141393753,0.18630087771254486
1993-12-14,0.424752699,15.0000141393753,0.18630087771254486
1993-12-15,0.396435852,14.0000131826244,0.1738808190229311
1993-12-16,0.396435852,14.0000131826244,0.1738808190229311
1993-12-17,0.396435852,14.0000131826244,0.1738808190229311
1993-12-18,0.396435852,14.0000131826244,0.1738808190229311
1993-12-19,0.368119006,13.000012261188202,0.16146076077192761
1993-12-20,0.368119006,13.000012261188202,0.16146076077192761
1993-12-21,0.396435852,14.0000131826244,0.1738808190229311
1993-12-22,0.396435852,14.0000131826244,0.1738808190229311
1993-12-23,0.396435852,14.0000131826244,0.1738808190229311
1993-12-24,0.396435852,14.0000131826244,0.1738808190229311
1993-12-25,0.396435852,14.0000131826244,0.1738808190229311
1993-12-26,0.368119006,13.000012261188202,0.16146076077192761
1993-12-27,0.368119006,13.000012261188202,0.16146076077192761
1993-12-28,0.339802159,12.000011304437301,0.14904070208231385
1993-12-29,0.339802159,12.000011304437301,0.14904070208231385
1993-12-30,0.339802159,12.000011304437301,0.14904070208231385
1993-12-31,0.339802159,12.000011304437301,0.14904070208231385
1994-01-01,0.311485313,11.0000103830011,0.1366206438313103
1994-01-02,0.311485313,11.0000103830011,0.1366206438313103
1994-01-03,0.311485313,11.0000103830011,0.1366206438313103
1994-01-04,0.311485313,11.0000103830011,0.1366206438313103
1994-01-05,0.311485313,11.0000103830011,0.1366206438313103
1994-01-06,0.311485313,11.0000103830011,0.1366206438313103
1994-01-07,0.311485313,11.0000103830011,0.1366206438313103
1994-01-08,0.311485313,11.0000103830011,0.1366206438313103
1994-01-09,0.311485313,11.0000103830011,0.1366206438313103
1994-01-10,0.311485313,11.0000103830011,0.1366206438313103
1994-01-11,0.311485313,11.0000103830011,0.1366206438313103
1994-01-12,0.311485313,11.0000103830011,0.1366206438313103
1994-01-13,0.311485313,11.0000103830011,0.1366206438313103
1994-01-14,0.311485313,11.0000103830011,0.1366206438313103
1994-01-15,0.311485313,11.0000103830011,0.1366206438313103
1994-01-16,0.311485313,11.0000103830011,0.1366206438313103
1994-01-17,0.311485313,11.0000103830011,0.1366206438313103
1994-01-18,0.311485313,11.0000103830011,0.1366206438313103
1994-01-19,0.311485313,11.0000103830011,0.1366206438313103
1994-01-20,0.311485313,11.0000103830011,0.1366206438313103
1994-01-21,0.311485313,11.0000103830011,0.1366206438313103
1994-01-22,0.311485313,11.0000103830011,0.1366206438313103
1994-01-23,0.311485313,11.0000103830011,0.1366206438313103
1994-01-24,0.311485313,11.0000103830011,0.1366206438313103
1994-01-25,0.311485313,11.0000103830011,0.1366206438313103
1994-01-26,0.311485313,11.0000103830011,0.1366206438313103
1994-01-27,0.311485313,11.0000103830011,0.1366206438313103
1994-01-28,0.311485313,11.0000103830011,0.1366206438313103
1994-01-29,0.311485313,11.0000103830011,0.1366206438313103
1994-01-30,0.311485313,11.0000103830011,0.1366206438313103
1994-01-31,0.311485313,11.0000103830011,0.1366206438313103
1994-02-01,0.283168466,10.0000094262502,0.12420058514169657
1994-02-02,0.311485313,11.0000103830011,0.1366206438313103
1994-02-03,0.311485313,11.0000103830011,0.1366206438313103
1994-02-04,0.311485313,11.0000103830011,0.1366206438313103
1994-02-05,0.311485313,11.0000103830011,0.1366206438313103
1994-02-06,0.311485313,11.0000103830011,0.1366206438313103
1994-02-07,0.311485313,11.0000103830011,0.1366206438313103
1994-02-08,0.311485313,11.0000103830011,0.1366206438313103
1994-02-09,0.311485313,11.0000103830011,0.1366206438313103
1994-02-10,0.311485313,11.0000103830011,0.1366206438313103
1994-02-11,0.311485313,11.0000103830011,0.1366206438313103
1994-02-12,0.311485313,11.0000103830011,0.1366206438313103
1994-02-13,0.311485313,11.0000103830011,0.1366206438313103
1994-02-14,0.311485313,11.0000103830011,0.1366206438313103
1994-02-15,0.311485313,11.0000103830011,0.1366206438313103
1994-02-16,0.311485313,11.0000103830011,0.1366206438313103
1994-02-17,0.311485313,11.0000103830011,0.1366206438313103
1994-02-18,0.311485313,11.0000103830011,0.1366206438313103
1994-02-19,0.311485313,11.0000103830011,0.1366206438313103
1994-02-20,0.311485313,11.0000103830011,0.1366206438313103
1994-02-21,0.311485313,11.0000103830011,0.1366206438313103
1994-02-22,0.311485313,11.0000103830011,0.1366206438313103
1994-02-23,0.311485313,11.0000103830011,0.1366206438313103
1994-02-24,0.339802159,12.000011304437301,0.14904070208231385
1994-02-25,0.368119006,13.000012261188202,0.16146076077192761
1994-02-26,0.396435852,14.0000131826244,0.1738808190229311
1994-02-27,0.396435852,14.0000131826244,0.1738808190229311
1994-02-28,0.396435852,14.0000131826244,0.1738808190229311
1994-03-01,0.396435852,14.0000131826244,0.1738808190229311
1994-03-02,0.396435852,14.0000131826244,0.1738808190229311
1994-03-03,0.453069545,16.000015060811503,0.1987209359635484
1994-03-04,0.509703239,18.0000169743133,0.2235610533427759
1994-03-05,0.538020085,19.0000178957495,0.23598111159377938
1994-03-06,0.538020085,19.0000178957495,0.23598111159377938
1994-03-07,0.509703239,18.0000169743133,0.2235610533427759
1994-03-08,0.509703239,18.0000169743133,0.2235610533427759
1994-03-09,0.509703239,18.0000169743133,0.2235610533427759
1994-03-10,0.481386392,17.0000160175624,0.2111409946531621
1994-03-11,0.453069545,16.000015060811503,0.1987209359635484
1994-03-12,0.424752699,15.0000141393753,0.18630087771254486
1994-03-13,0.424752699,15.0000141393753,0.18630087771254486
1994-03-14,0.396435852,14.0000131826244,0.1738808190229311
1994-03-15,0.396435852,14.0000131826244,0.1738808190229311
1994-03-16,0.396435852,14.0000131826244,0.1738808190229311
1994-03-17,0.396435852,14.0000131826244,0.1738808190229311
1994-03-18,0.368119006,13.000012261188202,0.16146076077192761
1994-03-19,0.396435852,14.0000131826244,0.1738808190229311
1994-03-20,0.368119006,13.000012261188202,0.16146076077192761
1994-03-21,0.396435852,14.0000131826244,0.1738808190229311
1994-03-22,0.396435852,14.0000131826244,0.1738808190229311
1994-03-23,0.368119006,13.000012261188202,0.16146076077192761
1994-03-24,0.396435852,14.0000131826244,0.1738808190229311
1994-03-25,0.424752699,15.0000141393753,0.18630087771254486
1994-03-26,0.481386392,17.0000160175624,0.2111409946531621
1994-03-27,0.453069545,16.000015060811503,0.1987209359635484
1994-03-28,0.481386392,17.0000160175624,0.2111409946531621
1994-03-29,0.453069545,16.000015060811503,0.1987209359635484
1994-03-30,0.424752699,15.0000141393753,0.18630087771254486
1994-03-31,0.396435852,14.0000131826244,0.1738808190229311
1994-04-01,0.424752699,15.0000141393753,0.18630087771254486
1994-04-02,0.424752699,15.0000141393753,0.18630087771254486
1994-04-03,0.424752699,15.0000141393753,0.18630087771254486
1994-04-04,0.424752699,15.0000141393753,0.18630087771254486
1994-04-05,0.424752699,15.0000141393753,0.18630087771254486
1994-04-06,0.424752699,15.0000141393753,0.18630087771254486
1994-04-07,0.453069545,16.000015060811503,0.1987209359635484
1994-04-08,0.481386392,17.0000160175624,0.2111409946531621
1994-04-09,0.453069545,16.000015060811503,0.1987209359635484
1994-04-10,0.453069545,16.000015060811503,0.1987209359635484
1994-04-11,0.453069545,16.000015060811503,0.1987209359635484
1994-04-12,0.453069545,16.000015060811503,0.1987209359635484
1994-04-13,0.481386392,17.0000160175624,0.2111409946531621
1994-04-14,0.481386392,17.0000160175624,0.2111409946531621
1994-04-15,0.509703239,18.0000169743133,0.2235610533427759
1994-04-16,0.566336932,20.0000188525004,0.24840117028339315
1994-04-17,0.736238011,26.0000244870617,0.32292152110524497
1994-04-18,1.104357017,39.000036748249904,0.4843822818771726
1994-04-19,1.557426563,55.0000518443761,0.6831032182793311
1994-04-20,2.010496108,71.0000669051876,0.8818241542428794
1994-04-21,2.718417273,96.0000904708131,1.192325617097121
1994-04-22,3.65287321,129.000121549187,1.6021875477138314
1994-04-23,4.275843835,151.0001422798745,1.8754288349378418
1994-04-24,4.219210142,149.0001404016874,1.8505887179972245
1994-04-25,3.90772483,138.000130054001,1.7139680746045245
1994-04-26,3.539605824,125.00011779281282,1.5525073138325969
1994-04-27,3.256437358,115.0001083665626,1.4283067286909004
1994-04-28,3.001585739,106.0000998970633,1.3165262022388176
1994-04-29,2.860001506,101.00009518393821,1.2544259096679693
1994-04-30,2.690100426,95.0000895140622,1.1799055584075073
1994-05-01,2.57683304,91.000085757688,1.1302253245262726
1994-05-02,2.463565654,87.0000820013138,1.0805450906450382
1994-05-03,2.378615114,84.00007916637581,1.0432849150148071
1994-05-04,2.350298267,83.0000782096249,1.0308648563251934
1994-05-05,2.973268892,105.00009894031241,1.3041061435492038
1994-05-06,3.766140597,133.0001253408759,1.6518677820336762
1994-05-07,4.983765,176.00016584550002,2.1859302977920834
1994-05-08,6.003171478,212.0001997941266,2.633052404477635
1994-05-09,7.079211648,250.00023558562563,3.1050146276651938
1994-05-10,9.202975142,325.0003062471874,4.036519015789308
1994-05-11,11.72317449,414.00039016200304,5.141904223813573
1994-05-12,16.39545418,579.0005457304461,7.191213879090178
1994-05-13,25.79664725,911.0008586395751,11.314673305268172
1994-05-14,28.60001506,1010.0009518393821,12.544259096679692
1994-05-15,24.43743861,863.0008132805671,10.718510495184475
1994-05-16,20.50139693,724.000682163871,8.992122360574506
1994-05-17,18.68911875,660.000621920625,8.197238616720313
1994-05-18,14.83802761,524.000493638867,6.508110657740574
1994-05-19,11.83644188,418.00039405963605,5.191584459449249
1994-05-20,10.50555009,371.000349763323,4.607841709370997
1994-05-21,8.80653929,311.00029306456304,3.862638196766377
1994-05-22,8.211885512,290.0002732906264,3.6018169682319807
1994-05-23,9.740995228,344.0003241782516,4.272500127821697
1994-05-24,11.72317449,414.00039016200304,5.141904223813573
1994-05-25,16.48040472,582.000548565384,7.228474054720407
1994-05-26,22.48357619,794.0007480769931,9.86152645568916
1994-05-27,26.10813256,922.000868916632,11.45129394778365
1994-05-28,26.9859548,953.00089797556,11.836315759705302
1994-05-29,23.75783429,839.0007906010632,10.420429090142628
1994-05-30,21.29426864,752.000708741008,9.33988400125203
1994-05-31,25.51347878,901.000849072066,11.190472718372034
1994-06-01,27.01427165,954.000899038255,11.848735819710747
1994-06-02,24.35248807,860.000810445629,10.681250319554243
1994-06-03,22.0588235,779.00073425545,9.675225581924108
1994-06-04,21.09605071,745.0007020084371,9.252943589986124
1994-06-05,22.65347727,800.000753746869,9.936046806949623
1994-06-06,22.96496259,811.000764377073,10.072667453851206
1994-06-07,21.18100125,748.000704843375,9.290203765616354
1994-06-08,16.45208787,581.0005475026891,7.216053994714963
1994-06-09,11.86475872,419.000394769184,5.204004515068591
1994-06-10,9.061390909,320.0003015340623,3.97441872321846
1994-06-11,9.344559375,330.0003109603125,4.098619308360156
1994-06-12,11.97802611,423.00039866681703,5.2536847507042665
1994-06-13,14.32832438,506.00047698238603,6.28454960834529
1994-06-14,15.09287923,533.000502143681,6.619891184631267
1994-06-15,12.77089781,451.000424890807,5.601446386995687
1994-06-16,9.96753,352.00033169100004,4.371860595584167
1994-06-17,8.268519205,292.0002751688135,3.6266570851725977
1994-06-18,8.098618125,286.0002694989375,3.5521367339121355
1994-06-19,9.401193069,332.0003128738143,4.123459425739384
1994-06-20,11.44000602,404.000380594494,5.017703636917436
1994-06-21,12.4594125,440.00041461374997,5.464825744480208
1994-06-22,16.82020688,594.000559905136,7.377514757241333
1994-06-23,20.61466432,728.000686061504,9.04180259621018
1994-06-24,15.3760477,543.00051171119,6.744091771527405
1994-06-25,11.52495656,407.000383429432,5.054963812547666
1994-06-26,9.656044688,341.0003213433136,4.235239952191467
1994-06-27,8.80653929,311.00029306456304,3.862638196766377
1994-06-28,7.843766506,277.0002610294382,3.4403562074600527
1994-06-29,6.880993722,243.00022899431343,3.018074218153729
1994-06-30,6.342973637,224.0002110985639,2.7820931065599486
1994-07-01,6.059805171,214.0002016723137,2.6578925214182525
1994-07-02,5.833270398,206.0001941242506,2.558532053217173
1994-07-03,5.663369318,200.0001884543746,2.484011701956711
1994-07-04,5.408517699,191.0001799848753,2.3722311755046284
1994-07-05,5.012081847,177.0001668022509,2.198350356481697
1994-07-06,4.700596534,166.0001564192498,2.061729712650387
1994-07-07,4.530695455,160.00015078468851,1.987209361828535
1994-07-08,4.360794375,154.0001451148125,1.912689010568073
1994-07-09,4.190893296,148.0001394802512,1.8381686597462208
1994-07-10,3.964358523,140.0001319321881,1.7388081915451419
1994-07-11,3.766140597,133.0001253408759,1.6518677820336762
1994-07-12,3.596239517,127.00011967099991,1.577347430773214
1994-07-13,3.511288977,124.0001168360619,1.5400872551429832
1994-07-14,3.454655284,122.00011495787481,1.515247138202366
1994-07-15,3.369704744,119.0001121229368,1.4779869625721347
1994-07-16,3.256437358,115.0001083665626,1.4283067286909004
1994-07-17,3.143169972,111.0001046101884,1.3786264948096658
1994-07-18,3.001585739,106.0000998970633,1.3165262022388176
1994-07-19,2.944952046,104.0000980188762,1.2916860852982002
1994-07-20,2.888318352,102.00009610537441,1.266845967918973
1994-07-21,2.831684659,100.0000942271873,1.2420058509783556
1994-07-22,2.803367813,99.00009330575111,1.229585792727352
1994-07-23,2.775050966,98.0000923490002,1.2171657340377382
1994-07-24,2.718417273,96.0000904708131,1.192325617097121
1994-07-25,2.66178358,94.000088592626,1.1674855001565037
1994-07-26,2.633466733,93.0000876358751,1.15506544146689
1994-07-27,2.57683304,91.000085757688,1.1302253245262726
1994-07-28,2.57683304,91.000085757688,1.1302253245262726
1994-07-29,2.57683304,91.000085757688,1.1302253245262726
1994-07-30,2.548516193,90.00008480093712,1.117805265836659
1994-07-31,2.548516193,90.00008480093712,1.117805265836659
1994-08-01,2.520199347,89.0000838795009,1.1053852075856556
1994-08-02,2.548516193,90.00008480093712,1.117805265836659
1994-08-03,2.57683304,91.000085757688,1.1302253245262726
1994-08-04,2.57683304,91.000085757688,1.1302253245262726
1994-08-05,2.66178358,94.000088592626,1.1674855001565037
1994-08-06,2.690100426,95.0000895140622,1.1799055584075073
1994-08-07,2.690100426,95.0000895140622,1.1799055584075073
1994-08-08,2.690100426,95.0000895140622,1.1799055584075073
1994-08-09,2.775050966,98.0000923490002,1.2171657340377382
1994-08-10,2.690100426,95.0000895140622,1.1799055584075073
1994-08-11,2.633466733,93.0000876358751,1.15506544146689
1994-08-12,2.605149886,92.00008667912421,1.142645382777276
1994-08-13,2.57683304,91.000085757688,1.1302253245262726
1994-08-14,2.57683304,91.000085757688,1.1302253245262726
1994-08-15,2.520199347,89.0000838795009,1.1053852075856556
1994-08-16,2.463565654,87.0000820013138,1.0805450906450382
1994-08-17,2.40693196,85.00008008781201,1.0557049732658108
1994-08-18,2.350298267,83.0000782096249,1.0308648563251934
1994-08-19,2.321981421,82.00007728818869,1.0184447980741897
1994-08-20,2.237030881,79.0000744532507,0.9811846224439589
1994-08-21,2.152080341,76.0000716183127,0.9439244468137278
1994-08-22,2.208714034,78.00007349649981,0.9687645637543452
1994-08-23,2.038812955,72.0000678619385,0.8942442129324933
1994-08-24,1.982179261,70.0000659484367,0.8694040955532657
1994-08-25,1.953862415,69.0000650270005,0.8569840373022622
1994-08-26,1.953862415,69.0000650270005,0.8569840373022622
1994-08-27,1.925545568,68.0000640702496,0.8445639786126484
1994-08-28,1.868911875,66.0000621920625,0.8197238616720313
1994-08-29,1.783961335,63.000059357124506,0.7824636860418003
1994-08-30,1.727327642,61.00005747893741,0.757623569101183
1994-08-31,1.642377102,58.000054643999405,0.7203633934709519
1994-09-01,1.614060256,57.0000537225632,0.7079433352199485
1994-09-02,1.557426563,55.0000518443761,0.6831032182793311
1994-09-03,1.642377102,58.000054643999405,0.7203633934709519
1994-09-04,1.614060256,57.0000537225632,0.7079433352199485
1994-09-05,1.585743409,56.000052765812306,0.6955232765303347
1994-09-06,1.642377102,58.000054643999405,0.7203633934709519
1994-09-07,1.699010796,60.0000565575012,0.7452035108501794
1994-09-08,1.727327642,61.00005747893741,0.757623569101183
1994-09-09,1.727327642,61.00005747893741,0.757623569101183
1994-09-10,1.699010796,60.0000565575012,0.7452035108501794
1994-09-11,1.642377102,58.000054643999405,0.7203633934709519
1994-09-12,1.614060256,57.0000537225632,0.7079433352199485
1994-09-13,1.642377102,58.000054643999405,0.7203633934709519
1994-09-14,1.812278182,64.00006031387541,0.794883744731414
1994-09-15,1.982179261,70.0000659484367,0.8694040955532657
1994-09-16,2.123763494,75.0000706615618,0.9315043881241141
1994-09-17,2.208714034,78.00007349649981,0.9687645637543452
1994-09-18,2.265347727,80.0000753746869,0.9936046806949623
1994-09-19,2.265347727,80.0000753746869,0.9936046806949623
1994-09-20,2.265347727,80.0000753746869,0.9936046806949623
1994-09-21,2.208714034,78.00007349649981,0.9687645637543452
1994-09-22,2.152080341,76.0000716183127,0.9439244468137278
1994-09-23,2.095446648,74.0000697401256,0.9190843298731104
1994-09-24,1.953862415,69.0000650270005,0.8569840373022622
1994-09-25,1.840595028,65.0000612353116,0.8073038029824176
1994-09-26,1.727327642,61.00005747893741,0.757623569101183
1994-09-27,1.614060256,57.0000537225632,0.7079433352199485
1994-09-28,1.529109716,54.0000508876252,0.6706831595897175
1994-09-29,1.500792869,53.000049930874304,0.6582631009001036
1994-09-30,1.614060256,57.0000537225632,0.7079433352199485
1994-10-01,1.670693949,59.0000556007503,0.7327834521605657
1994-10-02,1.783961335,63.000059357124506,0.7824636860418003
1994-10-03,1.840595028,65.0000612353116,0.8073038029824176
1994-10-04,1.840595028,65.0000612353116,0.8073038029824176
1994-10-05,2.010496108,71.0000669051876,0.8818241542428794
1994-10-06,2.208714034,78.00007349649981,0.9687645637543452
1994-10-07,2.265347727,80.0000753746869,0.9936046806949623
1994-10-08,2.321981421,82.00007728818869,1.0184447980741897
1994-10-09,2.321981421,82.00007728818869,1.0184447980741897
1994-10-10,2.265347727,80.0000753746869,0.9936046806949623
1994-10-11,2.237030881,79.0000744532507,0.9811846224439589
1994-10-12,2.180397188,77.00007257506361,0.9563445055033416
1994-10-13,2.095446648,74.0000697401256,0.9190843298731104
1994-10-14,2.038812955,72.0000678619385,0.8942442129324933
1994-10-15,2.095446648,74.0000697401256,0.9190843298731104
1994-10-16,2.123763494,75.0000706615618,0.9315043881241141
1994-10-17,2.095446648,74.0000697401256,0.9190843298731104
1994-10-18,2.067129801,73.0000687833747,0.9066642711834968
1994-10-19,2.010496108,71.0000669051876,0.8818241542428794
1994-10-20,1.953862415,69.0000650270005,0.8569840373022622
1994-10-21,1.953862415,69.0000650270005,0.8569840373022622
1994-10-22,1.868911875,66.0000621920625,0.8197238616720313
1994-10-23,1.812278182,64.00006031387541,0.794883744731414
1994-10-24,1.783961335,63.000059357124506,0.7824636860418003
1994-10-25,1.755644489,62.0000584356883,0.7700436277907968
1994-10-26,1.699010796,60.0000565575012,0.7452035108501794
1994-10-27,1.670693949,59.0000556007503,0.7327834521605657
1994-10-28,1.642377102,58.000054643999405,0.7203633934709519
1994-10-29,1.557426563,55.0000518443761,0.6831032182793311
1994-10-30,1.41584233,50.000047131251,0.6210029257084829
1994-10-31,1.387525483,49.0000461745001,0.6085828670188691
1994-11-01,1.387525483,49.0000461745001,0.6085828670188691
1994-11-02,1.33089179,47.000044296313,0.5837427500782518
1994-11-03,1.274258097,45.0000424181259,0.5589026331376346
1994-11-04,1.189307557,42.000039583187906,0.5216424575074036
1994-11-05,1.24594125,44.000041461375005,0.5464825744480208
1994-11-06,1.217624403,43.0000405046241,0.5340625157584071
1994-11-07,1.217624403,43.0000405046241,0.5340625157584071
1994-11-08,1.217624403,43.0000405046241,0.5340625157584071
1994-11-09,1.16099071,41.000038626437004,0.5092223988177899
1994-11-10,1.16099071,41.000038626437004,0.5092223988177899
1994-11-11,1.132673864,40.0000377050008,0.4968023405667863
1994-11-12,1.132673864,40.0000377050008,0.4968023405667863
1994-11-13,1.16099071,41.000038626437004,0.5092223988177899
1994-11-14,1.047723324,37.0000348700628,0.4595421649365552
1994-11-15,1.019406477,36.0000339133119,0.44712210624694154
1994-11-16,1.07604017,38.000035791499,0.47196222318755876
1994-11-17,1.019406477,36.0000339133119,0.44712210624694154
1994-11-18,1.019406477,36.0000339133119,0.44712210624694154
1994-11-19,1.019406477,36.0000339133119,0.44712210624694154
1994-11-20,1.047723324,37.0000348700628,0.4595421649365552
1994-11-21,1.019406477,36.0000339133119,0.44712210624694154
1994-11-22,0.962772784,34.0000320351248,0.4222819893063242
1994-11-23,0.906139091,32.000030156937704,0.397441872365707
1994-11-24,0.934455938,33.00003111368861,0.40986193105532076
1994-11-25,0.934455938,33.00003111368861,0.40986193105532076
1994-11-26,0.934455938,33.00003111368861,0.40986193105532076
1994-11-27,0.877822244,31.000029200186802,0.3850218136760932
1994-11-28,0.821188551,29.000027321999703,0.36018169673547595
1994-11-29,0.792871705,28.000026400563502,0.3477616384844725
1994-11-30,0.821188551,29.000027321999703,0.36018169673547595
1994-12-01,0.792871705,28.000026400563502,0.3477616384844725
1994-12-02,0.792871705,28.000026400563502,0.3477616384844725
1994-12-03,0.764554858,27.0000254438126,0.33534157979485874
1994-12-04,0.764554858,27.0000254438126,0.33534157979485874
1994-12-05,0.764554858,27.0000254438126,0.33534157979485874
1994-12-06,0.764554858,27.0000254438126,0.33534157979485874
1994-12-07,0.736238011,26.0000244870617,0.32292152110524497
1994-12-08,0.736238011,26.0000244870617,0.32292152110524497
1994-12-09,0.707921165,25.0000235656255,0.31050146285424146
1994-12-10,0.707921165,25.0000235656255,0.31050146285424146
1994-12-11,0.736238011,26.0000244870617,0.32292152110524497
1994-12-12,0.764554858,27.0000254438126,0.33534157979485874
1994-12-13,0.792871705,28.000026400563502,0.3477616384844725
1994-12-14,0.736238011,26.0000244870617,0.32292152110524497
1994-12-15,0.707921165,25.0000235656255,0.31050146285424146
1994-12-16,0.736238011,26.0000244870617,0.32292152110524497
1994-12-17,0.736238011,26.0000244870617,0.32292152110524497
1994-12-18,0.736238011,26.0000244870617,0.32292152110524497
1994-12-19,0.736238011,26.0000244870617,0.32292152110524497
1994-12-20,0.707921165,25.0000235656255,0.31050146285424146
1994-12-21,0.651287472,23.0000216874384,0.2856613459136242
1994-12-22,0.651287472,23.0000216874384,0.2856613459136242
1994-12-23,0.651287472,23.0000216874384,0.2856613459136242
1994-12-24,0.651287472,23.0000216874384,0.2856613459136242
1994-12-25,0.651287472,23.0000216874384,0.2856613459136242
1994-12-26,0.651287472,23.0000216874384,0.2856613459136242
1994-12-27,0.622970625,22.000020730687503,0.2732412872240104
1994-12-28,0.594653778,21.0000197739366,0.26082122853439665
1994-12-29,0.566336932,20.0000188525004,0.24840117028339315
1994-12-30,0.566336932,20.0000188525004,0.24840117028339315
1994-12-31,0.566336932,20.0000188525004,0.24840117028339315
1995-01-01,0.509703239,18.0000169743133,0.2235610533427759
1995-01-02,0.538020085,19.0000178957495,0.23598111159377938
1995-01-03,0.509703239,18.0000169743133,0.2235610533427759
1995-01-04,0.538020085,19.0000178957495,0.23598111159377938
1995-01-05,0.538020085,19.0000178957495,0.23598111159377938
1995-01-06,0.538020085,19.0000178957495,0.23598111159377938
1995-01-07,0.538020085,19.0000178957495,0.23598111159377938
1995-01-08,0.538020085,19.0000178957495,0.23598111159377938
1995-01-09,0.538020085,19.0000178957495,0.23598111159377938
1995-01-10,0.538020085,19.0000178957495,0.23598111159377938
1995-01-11,0.538020085,19.0000178957495,0.23598111159377938
1995-01-12,0.538020085,19.0000178957495,0.23598111159377938
1995-01-13,0.538020085,19.0000178957495,0.23598111159377938
1995-01-14,0.594653778,21.0000197739366,0.26082122853439665
1995-01-15,0.594653778,21.0000197739366,0.26082122853439665
1995-01-16,0.594653778,21.0000197739366,0.26082122853439665
1995-01-17,0.594653778,21.0000197739366,0.26082122853439665
1995-01-18,0.622970625,22.000020730687503,0.2732412872240104
1995-01-19,0.622970625,22.000020730687503,0.2732412872240104
1995-01-20,0.622970625,22.000020730687503,0.2732412872240104
1995-01-21,0.622970625,22.000020730687503,0.2732412872240104
1995-01-22,0.622970625,22.000020730687503,0.2732412872240104
1995-01-23,0.594653778,21.0000197739366,0.26082122853439665
1995-01-24,0.566336932,20.0000188525004,0.24840117028339315
1995-01-25,0.566336932,20.0000188525004,0.24840117028339315
1995-01-26,0.538020085,19.0000178957495,0.23598111159377938
1995-01-27,0.538020085,19.0000178957495,0.23598111159377938
1995-01-28,0.509703239,18.0000169743133,0.2235610533427759
1995-01-29,0.509703239,18.0000169743133,0.2235610533427759
1995-01-30,0.509703239,18.0000169743133,0.2235610533427759
1995-01-31,0.509703239,18.0000169743133,0.2235610533427759
1995-02-01,0.509703239,18.0000169743133,0.2235610533427759
1995-02-02,0.509703239,18.0000169743133,0.2235610533427759
1995-02-03,0.509703239,18.0000169743133,0.2235610533427759
1995-02-04,0.509703239,18.0000169743133,0.2235610533427759
1995-02-05,0.509703239,18.0000169743133,0.2235610533427759
1995-02-06,0.538020085,19.0000178957495,0.23598111159377938
1995-02-07,0.538020085,19.0000178957495,0.23598111159377938
1995-02-08,0.538020085,19.0000178957495,0.23598111159377938
1995-02-09,0.509703239,18.0000169743133,0.2235610533427759
1995-02-10,0.509703239,18.0000169743133,0.2235610533427759
1995-02-11,0.509703239,18.0000169743133,0.2235610533427759
1995-02-12,0.509703239,18.0000169743133,0.2235610533427759
1995-02-13,0.481386392,17.0000160175624,0.2111409946531621
1995-02-14,0.481386392,17.0000160175624,0.2111409946531621
1995-02-15,0.453069545,16.000015060811503,0.1987209359635484
1995-02-16,0.481386392,17.0000160175624,0.2111409946531621
1995-02-17,0.509703239,18.0000169743133,0.2235610533427759
1995-02-18,0.509703239,18.0000169743133,0.2235610533427759
1995-02-19,0.538020085,19.0000178957495,0.23598111159377938
1995-02-20,0.509703239,18.0000169743133,0.2235610533427759
1995-02-21,0.509703239,18.0000169743133,0.2235610533427759
1995-02-22,0.509703239,18.0000169743133,0.2235610533427759
1995-02-23,0.509703239,18.0000169743133,0.2235610533427759
1995-02-24,0.509703239,18.0000169743133,0.2235610533427759
1995-02-25,0.509703239,18.0000169743133,0.2235610533427759
1995-02-26,0.509703239,18.0000169743133,0.2235610533427759
1995-02-27,0.509703239,18.0000169743133,0.2235610533427759
1995-02-28,0.509703239,18.0000169743133,0.2235610533427759
1995-03-01,0.538020085,19.0000178957495,0.23598111159377938
1995-03-02,0.538020085,19.0000178957495,0.23598111159377938
1995-03-03,0.509703239,18.0000169743133,0.2235610533427759
1995-03-04,0.538020085,19.0000178957495,0.23598111159377938
1995-03-05,0.566336932,20.0000188525004,0.24840117028339315
1995-03-06,0.594653778,21.0000197739366,0.26082122853439665
1995-03-07,0.566336932,20.0000188525004,0.24840117028339315
1995-03-08,0.594653778,21.0000197739366,0.26082122853439665
1995-03-09,0.566336932,20.0000188525004,0.24840117028339315
1995-03-10,0.566336932,20.0000188525004,0.24840117028339315
1995-03-11,0.707921165,25.0000235656255,0.31050146285424146
1995-03-12,0.792871705,28.000026400563502,0.3477616384844725
1995-03-13,0.792871705,28.000026400563502,0.3477616384844725
1995-03-14,0.792871705,28.000026400563502,0.3477616384844725
1995-03-15,0.849505398,30.0000282787506,0.3726017554250897
1995-03-16,0.849505398,30.0000282787506,0.3726017554250897
1995-03-17,0.877822244,31.000029200186802,0.3850218136760932
1995-03-18,0.877822244,31.000029200186802,0.3850218136760932
1995-03-19,0.821188551,29.000027321999703,0.36018169673547595
1995-03-20,0.821188551,29.000027321999703,0.36018169673547595
1995-03-21,0.792871705,28.000026400563502,0.3477616384844725
1995-03-22,0.792871705,28.000026400563502,0.3477616384844725
1995-03-23,0.764554858,27.0000254438126,0.33534157979485874
1995-03-24,0.764554858,27.0000254438126,0.33534157979485874
1995-03-25,0.764554858,27.0000254438126,0.33534157979485874
1995-03-26,0.707921165,25.0000235656255,0.31050146285424146
1995-03-27,0.764554858,27.0000254438126,0.33534157979485874
1995-03-28,0.764554858,27.0000254438126,0.33534157979485874
1995-03-29,0.821188551,29.000027321999703,0.36018169673547595
1995-03-30,0.736238011,26.0000244870617,0.32292152110524497
1995-03-31,0.679604318,24.000022608874602,0.2980814041646277
1995-04-01,0.679604318,24.000022608874602,0.2980814041646277
1995-04-02,0.679604318,24.000022608874602,0.2980814041646277
1995-04-03,0.679604318,24.000022608874602,0.2980814041646277
1995-04-04,0.707921165,25.0000235656255,0.31050146285424146
1995-04-05,0.736238011,26.0000244870617,0.32292152110524497
1995-04-06,0.736238011,26.0000244870617,0.32292152110524497
1995-04-07,0.764554858,27.0000254438126,0.33534157979485874
1995-04-08,0.792871705,28.000026400563502,0.3477616384844725
1995-04-09,0.821188551,29.000027321999703,0.36018169673547595
1995-04-10,0.849505398,30.0000282787506,0.3726017554250897
1995-04-11,0.821188551,29.000027321999703,0.36018169673547595
1995-04-12,0.764554858,27.0000254438126,0.33534157979485874
1995-04-13,0.792871705,28.000026400563502,0.3477616384844725
1995-04-14,0.849505398,30.0000282787506,0.3726017554250897
1995-04-15,0.849505398,30.0000282787506,0.3726017554250897
1995-04-16,0.821188551,29.000027321999703,0.36018169673547595
1995-04-17,0.792871705,28.000026400563502,0.3477616384844725
1995-04-18,0.792871705,28.000026400563502,0.3477616384844725
1995-04-19,0.764554858,27.0000254438126,0.33534157979485874
1995-04-20,0.764554858,27.0000254438126,0.33534157979485874
1995-04-21,0.764554858,27.0000254438126,0.33534157979485874
1995-04-22,0.764554858,27.0000254438126,0.33534157979485874
1995-04-23,0.764554858,27.0000254438126,0.33534157979485874
1995-04-24,0.764554858,27.0000254438126,0.33534157979485874
1995-04-25,0.764554858,27.0000254438126,0.33534157979485874
1995-04-26,0.792871705,28.000026400563502,0.3477616384844725
1995-04-27,0.792871705,28.000026400563502,0.3477616384844725
1995-04-28,0.877822244,31.000029200186802,0.3850218136760932
1995-04-29,0.934455938,33.00003111368861,0.40986193105532076
1995-04-30,1.019406477,36.0000339133119,0.44712210624694154
1995-05-01,1.019406477,36.0000339133119,0.44712210624694154
1995-05-02,1.047723324,37.0000348700628,0.4595421649365552
1995-05-03,1.104357017,39.000036748249904,0.4843822818771726
1995-05-04,1.217624403,43.0000405046241,0.5340625157584071
1995-05-05,1.41584233,50.000047131251,0.6210029257084829
1995-05-06,1.585743409,56.000052765812306,0.6955232765303347
1995-05-07,1.529109716,54.0000508876252,0.6706831595897175
1995-05-08,1.472476023,52.0000490094381,0.6458430426491001
1995-05-09,1.500792869,53.000049930874304,0.6582631009001036
1995-05-10,1.670693949,59.0000556007503,0.7327834521605657
1995-05-11,2.038812955,72.0000678619385,0.8942442129324933
1995-05-12,2.152080341,76.0000716183127,0.9439244468137278
1995-05-13,2.123763494,75.0000706615618,0.9315043881241141
1995-05-14,2.010496108,71.0000669051876,0.8818241542428794
1995-05-15,2.237030881,79.0000744532507,0.9811846224439589
1995-05-16,2.888318352,102.00009610537441,1.266845967918973
1995-05-17,3.228120511,114.00010740981172,1.4158866700012869
1995-05-18,3.879407983,137.00012909725012,1.701548015914911
1995-05-19,4.360794375,154.0001451148125,1.912689010568073
1995-05-20,4.813863921,170.00016021093873,2.1114099469702317
1995-05-21,5.210299773,184.0001733935631,2.2852907659931625
1995-05-22,5.748319858,203.00019128931262,2.5212718775869423
1995-05-23,5.550101932,196.0001846980004,2.4343314680754764
1995-05-24,5.040398693,178.00016772368713,2.2107704147327008
1995-05-25,4.813863921,170.00016021093873,2.1114099469702317
1995-05-26,4.728913381,167.00015737600071,2.0741497713400006
1995-05-27,4.700596534,166.0001564192498,2.061729712650387
1995-05-28,4.587329148,162.00015266287562,2.012049478769152
1995-05-29,4.813863921,170.00016021093873,2.1114099469702317
1995-05-30,5.23861662,185.000174350314,2.297710824682776
1995-05-31,7.022577955,248.00023370743853,3.080174510724577
1995-06-01,9.372876222,331.0003119170634,4.11103936704977
1995-06-02,10.93030278,386.000363584866,4.7941425831360505
1995-06-03,14.55485915,514.0004844245051,6.383910075230539
1995-06-04,16.73525634,591.000557070198,7.340254581611101
1995-06-05,21.80397188,770.000725750636,9.563445055033416
1995-06-06,34.54655284,1220.001149578748,15.15247138202366
1995-06-07,24.04100276,849.0008001685721,10.544629677038765
1995-06-08,16.82020688,594.000559905136,7.377514757241333
1995-06-09,12.96911574,458.000431623378,5.688386798261594
1995-06-10,10.42059955,368.00034692838506,4.570581533740766
1995-06-11,9.202975142,325.0003062471874,4.036519015789308
1995-06-12,13.6770369,483.00045501243,5.998888258922784
1995-06-13,27.01427165,954.000899038255,11.848735819710747
1995-06-14,36.81190057,1300.001225059379,16.14607606403445
1995-06-15,42.47526989,1500.001413584383,18.63008776686838
1995-06-16,39.92675369,1410.001328536243,17.512282497961454
1995-06-17,33.41387898,1180.0011120150061,14.655669043211315
1995-06-18,26.05149886,920.0008667912421,11.426453827772761
1995-06-19,21.46416972,758.000714410884,9.414404352512491
1995-06-20,20.95446648,740.000697401256,9.190843298731105
1995-06-21,25.71169671,908.000855804637,11.27741312963794
1995-06-22,26.9859548,953.00089797556,11.836315759705302
1995-06-23,23.58793321,833.000784931187,10.345908738882164
1995-06-24,25.85328094,913.000860411818,11.339513420892958
1995-06-25,29.73268892,1050.000989403124,13.041061435492038
1995-06-26,32.84754205,1160.0010932331352,14.407267873805141
1995-06-27,35.39605824,1250.001177928128,15.525073138325972
1995-06-28,33.98021591,1200.001130796877,14.904070212617487
1995-06-29,31.14853125,1100.001036534375,13.662064361200521
1995-06-30,26.64615264,941.0008866358081,11.68727505718438
1995-07-01,27.94872759,987.0009302225731,12.258597751643288
1995-07-02,28.31684659,1000.0009422718731,12.420058509783555
1995-07-03,33.13071051,1170.001102447497,14.531468456315176
1995-07-04,27.07090534,956.000900810498,11.873575935335534
1995-07-05,24.97545869,882.000830999743,10.954491604585202
1995-07-06,27.58060858,974.000917820126,12.097136989116919
1995-07-07,34.54655284,1220.001149578748,15.15247138202366
1995-07-08,40.49309063,1430.001347671261,17.760683671753725
1995-07-09,40.20992216,1420.001338103752,17.636483084857588
1995-07-10,39.64358523,1400.001319321881,17.388081915451416
1995-07-11,41.90893296,1480.001394802512,18.38168659746221
1995-07-12,48.9881446,1730.00163010562,21.486701221618524
1995-07-13,51.81982926,1830.001724368122,22.72870707303549
1995-07-14,36.24556364,1280.0012062775081,15.89767489462828
1995-07-15,27.0425885,955.00090010095,11.861155879716193
1995-07-16,23.78615114,840.000791663758,10.432849150148071
1995-07-17,22.34199196,789.000743469812,9.799426164434145
1995-07-18,22.88001205,808.0007615421351,10.035407278220974
1995-07-19,22.90832889,809.000762251683,10.047827333840317
1995-07-20,25.54179563,902.000850134761,11.202892778377478
1995-07-21,23.78615114,840.000791663758,10.432849150148071
1995-07-22,22.20040773,784.000738862631,9.737325873179126
1995-07-23,20.41644639,721.0006793289331,8.954862184944275
1995-07-24,17.75466281,627.000590736307,7.787376684787771
1995-07-25,16.2255531,573.00054006057,7.116693527829715
1995-07-26,15.34773085,542.000510648495,6.731671711521961
1995-07-27,15.14951293,535.000504269071,6.644731304642156
1995-07-28,15.60258247,551.000519153309,6.843452238412653
1995-07-29,14.92297815,527.000496473805,6.545370833370806
1995-07-30,14.78139392,522.000491866624,6.483270542115788
1995-07-31,14.27169068,504.00047485699605,6.259709488334402
1995-08-01,11.46832287,405.000381657189,5.03012369692288
1995-08-02,9.457826762,334.00031475200143,4.148299542680001
1995-08-03,8.664955057,306.0002883514379,3.8005379041955285
1995-08-04,8.381786591,296.0002789251877,3.6763373190538315
1995-08-05,7.928717046,280.0002638643762,3.4776163830902838
1995-08-06,7.390696961,261.0002459686267,3.2416352714965044
1995-08-07,7.249112728,256.00024125550163,3.179534978925656
1995-08-08,7.532281193,266.0002506464371,3.303735563628742
1995-08-09,7.64554858,270.00025443812603,3.3534157979485872
1995-08-10,7.164162188,253.0002384205636,3.142274803295425
1995-08-11,6.852676875,242.00022803756252,3.0056541594641146
1995-08-12,8.041984432,284.0002676207504,3.5272966169715176
1995-08-13,8.636638211,305.0002874300017,3.7881178459445244
1995-08-14,7.220795881,255.00024029875073,3.1671149202360422
1995-08-15,6.116438864,216.0002035505008,2.68273263835887
1995-08-16,5.493468239,194.00018281981332,2.4094913511348595
1995-08-17,5.097032387,180.0001696371889,2.2356105321119277
1995-08-18,4.927131307,174.00016396731291,2.161090180851466
1995-08-19,4.842180767,171.00016113237493,2.1238300052212353
1995-08-20,4.757230227,168.0001582974369,2.0865698295910042
1995-08-21,4.587329148,162.00015266287562,2.012049478769152
1995-08-22,4.389111222,155.00014607156342,1.9251090692576869
1995-08-23,4.275843835,151.0001422798745,1.8754288349378418
1995-08-24,4.360794375,154.0001451148125,1.912689010568073
1995-08-25,4.700596534,166.0001564192498,2.061729712650387
1995-08-26,5.295250313,187.00017622850112,2.3225509416233936
1995-08-27,5.635052472,199.0001875329384,2.4715916437057075
1995-08-28,5.295250313,187.00017622850112,2.3225509416233936
1995-08-29,4.89881446,173.000163010562,2.1486701221618523
1995-08-30,4.559012301,161.0001517061247,1.9996294200795384
1995-08-31,4.275843835,151.0001422798745,1.8754288349378418
1995-09-01,3.992675369,141.0001328536243,1.7512282497961453
1995-09-02,3.766140597,133.0001253408759,1.6518677820336762
1995-09-03,3.596239517,127.00011967099991,1.577347430773214
1995-09-04,3.454655284,122.00011495787481,1.515247138202366
1995-09-05,3.511288977,124.0001168360619,1.5400872551429832
1995-09-06,3.454655284,122.00011495787481,1.515247138202366
1995-09-07,3.511288977,124.0001168360619,1.5400872551429832
1995-09-08,3.681190057,130.0001225059379,1.6146076064034451
1995-09-09,3.65287321,129.000121549187,1.6021875477138314
1995-09-10,3.596239517,127.00011967099991,1.577347430773214
1995-09-11,3.482972131,123.00011591462571,1.5276671968919795
1995-09-12,3.284754205,116.00010932331351,1.440726787380514
1995-09-13,3.171486818,112.00010553162461,1.3910465530606695
1995-09-14,3.029902585,107.0001008184995,1.328946260489821
1995-09-15,2.916635199,103.0000970621253,1.2792660266085865
1995-09-16,2.803367813,99.00009330575111,1.229585792727352
1995-09-17,2.718417273,96.0000904708131,1.192325617097121
1995-09-18,2.633466733,93.0000876358751,1.15506544146689
1995-09-19,2.633466733,93.0000876358751,1.15506544146689
1995-09-20,2.4918825,88.00008292275001,1.0929651488960417
1995-09-21,2.40693196,85.00008008781201,1.0557049732658108
1995-09-22,2.293664574,81.00007633143781,1.006024739384576
1995-09-23,2.208714034,78.00007349649981,0.9687645637543452
1995-09-24,2.123763494,75.0000706615618,0.9315043881241141
1995-09-25,2.038812955,72.0000678619385,0.8942442129324933
1995-09-26,1.953862415,69.0000650270005,0.8569840373022622
1995-09-27,1.953862415,69.0000650270005,0.8569840373022622
1995-09-28,1.897228722,67.0000631488134,0.832143920361645
1995-09-29,1.840595028,65.0000612353116,0.8073038029824176
1995-09-30,1.840595028,65.0000612353116,0.8073038029824176
1995-10-01,1.783961335,63.000059357124506,0.7824636860418003
1995-10-02,1.755644489,62.0000584356883,0.7700436277907968
1995-10-03,1.727327642,61.00005747893741,0.757623569101183
1995-10-04,1.727327642,61.00005747893741,0.757623569101183
1995-10-05,1.727327642,61.00005747893741,0.757623569101183
1995-10-06,1.699010796,60.0000565575012,0.7452035108501794
1995-10-07,1.727327642,61.00005747893741,0.757623569101183
1995-10-08,1.727327642,61.00005747893741,0.757623569101183
1995-10-09,1.699010796,60.0000565575012,0.7452035108501794
1995-10-10,1.670693949,59.0000556007503,0.7327834521605657
1995-10-11,1.642377102,58.000054643999405,0.7203633934709519
1995-10-12,1.642377102,58.000054643999405,0.7203633934709519
1995-10-13,1.585743409,56.000052765812306,0.6955232765303347
1995-10-14,1.557426563,55.0000518443761,0.6831032182793311
1995-10-15,1.529109716,54.0000508876252,0.6706831595897175
1995-10-16,1.472476023,52.0000490094381,0.6458430426491001
1995-10-17,1.444159176,51.000048052687205,0.6334229839594865
1995-10-18,1.444159176,51.000048052687205,0.6334229839594865
1995-10-19,1.41584233,50.000047131251,0.6210029257084829
1995-10-20,1.387525483,49.0000461745001,0.6085828670188691
1995-10-21,1.387525483,49.0000461745001,0.6085828670188691
1995-10-22,1.359208636,48.000045217749204,0.5961628083292554
1995-10-23,1.302574943,46.000043339562104,0.571322691388638
1995-10-24,1.302574943,46.000043339562104,0.571322691388638
1995-10-25,1.302574943,46.000043339562104,0.571322691388638
1995-10-26,1.302574943,46.000043339562104,0.571322691388638
1995-10-27,1.274258097,45.0000424181259,0.5589026331376346
1995-10-28,1.217624403,43.0000405046241,0.5340625157584071
1995-10-29,1.189307557,42.000039583187906,0.5216424575074036
1995-10-30,1.217624403,43.0000405046241,0.5340625157584071
1995-10-31,1.217624403,43.0000405046241,0.5340625157584071
1995-11-01,1.104357017,39.000036748249904,0.4843822818771726
1995-11-02,0.991089631,35.000032991875706,0.43470204799593803
1995-11-03,0.991089631,35.000032991875706,0.43470204799593803
1995-11-04,0.962772784,34.0000320351248,0.4222819893063242
1995-11-05,1.019406477,36.0000339133119,0.44712210624694154
1995-11-06,1.047723324,37.0000348700628,0.4595421649365552
1995-11-07,1.047723324,37.0000348700628,0.4595421649365552
1995-11-08,1.047723324,37.0000348700628,0.4595421649365552
1995-11-09,1.104357017,39.000036748249904,0.4843822818771726
1995-11-10,1.16099071,41.000038626437004,0.5092223988177899
1995-11-11,1.07604017,38.000035791499,0.47196222318755876
1995-11-12,1.132673864,40.0000377050008,0.4968023405667863
1995-11-13,1.189307557,42.000039583187906,0.5216424575074036
1995-11-14,1.24594125,44.000041461375005,0.5464825744480208
1995-11-15,1.189307557,42.000039583187906,0.5216424575074036
1995-11-16,1.189307557,42.000039583187906,0.5216424575074036
1995-11-17,1.16099071,41.000038626437004,0.5092223988177899
1995-11-18,1.16099071,41.000038626437004,0.5092223988177899
1995-11-19,1.16099071,41.000038626437004,0.5092223988177899
1995-11-20,1.132673864,40.0000377050008,0.4968023405667863
1995-11-21,1.132673864,40.0000377050008,0.4968023405667863
1995-11-22,1.132673864,40.0000377050008,0.4968023405667863
1995-11-23,1.16099071,41.000038626437004,0.5092223988177899
1995-11-24,1.189307557,42.000039583187906,0.5216424575074036
1995-11-25,1.274258097,45.0000424181259,0.5589026331376346
1995-11-26,1.24594125,44.000041461375005,0.5464825744480208
1995-11-27,1.189307557,42.000039583187906,0.5216424575074036
1995-11-28,1.217624403,43.0000405046241,0.5340625157584071
1995-11-29,1.217624403,43.0000405046241,0.5340625157584071
1995-11-30,1.217624403,43.0000405046241,0.5340625157584071
1995-12-01,1.217624403,43.0000405046241,0.5340625157584071
1995-12-02,1.217624403,43.0000405046241,0.5340625157584071
1995-12-03,1.189307557,42.000039583187906,0.5216424575074036
1995-12-04,1.104357017,39.000036748249904,0.4843822818771726
1995-12-05,1.07604017,38.000035791499,0.47196222318755876
1995-12-06,1.07604017,38.000035791499,0.47196222318755876
1995-12-07,1.07604017,38.000035791499,0.47196222318755876
1995-12-08,1.047723324,37.0000348700628,0.4595421649365552
1995-12-09,1.019406477,36.0000339133119,0.44712210624694154
1995-12-10,1.07604017,38.000035791499,0.47196222318755876
1995-12-11,1.104357017,39.000036748249904,0.4843822818771726
1995-12-12,1.07604017,38.000035791499,0.47196222318755876
1995-12-13,1.047723324,37.0000348700628,0.4595421649365552
1995-12-14,1.047723324,37.0000348700628,0.4595421649365552
1995-12-15,0.991089631,35.000032991875706,0.43470204799593803
1995-12-16,1.019406477,36.0000339133119,0.44712210624694154
1995-12-17,1.07604017,38.000035791499,0.47196222318755876
1995-12-18,1.019406477,36.0000339133119,0.44712210624694154
1995-12-19,0.934455938,33.00003111368861,0.40986193105532076
1995-12-20,0.991089631,35.000032991875706,0.43470204799593803
1995-12-21,0.991089631,35.000032991875706,0.43470204799593803
1995-12-22,0.991089631,35.000032991875706,0.43470204799593803
1995-12-23,0.991089631,35.000032991875706,0.43470204799593803
1995-12-24,0.991089631,35.000032991875706,0.43470204799593803
1995-12-25,0.991089631,35.000032991875706,0.43470204799593803
1995-12-26,0.991089631,35.000032991875706,0.43470204799593803
1995-12-27,0.962772784,34.0000320351248,0.4222819893063242
1995-12-28,0.991089631,35.000032991875706,0.43470204799593803
1995-12-29,1.07604017,38.000035791499,0.47196222318755876
1995-12-30,1.132673864,40.0000377050008,0.4968023405667863
1995-12-31,1.189307557,42.000039583187906,0.5216424575074036
1996-01-01,1.132673864,40.0000377050008,0.4968023405667863
1996-01-02,1.047723324,37.0000348700628,0.4595421649365552
1996-01-03,1.132673864,40.0000377050008,0.4968023405667863
1996-01-04,1.047723324,37.0000348700628,0.4595421649365552
1996-01-05,0.934455938,33.00003111368861,0.40986193105532076
1996-01-06,0.849505398,30.0000282787506,0.3726017554250897
1996-01-07,0.906139091,32.000030156937704,0.397441872365707
1996-01-08,0.934455938,33.00003111368861,0.40986193105532076
1996-01-09,0.877822244,31.000029200186802,0.3850218136760932
1996-01-10,0.792871705,28.000026400563502,0.3477616384844725
1996-01-11,0.764554858,27.0000254438126,0.33534157979485874
1996-01-12,0.736238011,26.0000244870617,0.32292152110524497
1996-01-13,0.707921165,25.0000235656255,0.31050146285424146
1996-01-14,0.651287472,23.0000216874384,0.2856613459136242
1996-01-15,0.679604318,24.000022608874602,0.2980814041646277
1996-01-16,0.707921165,25.0000235656255,0.31050146285424146
1996-01-17,0.764554858,27.0000254438126,0.33534157979485874
1996-01-18,0.622970625,22.000020730687503,0.2732412872240104
1996-01-19,0.622970625,22.000020730687503,0.2732412872240104
1996-01-20,0.622970625,22.000020730687503,0.2732412872240104
1996-01-21,0.622970625,22.000020730687503,0.2732412872240104
1996-01-22,0.679604318,24.000022608874602,0.2980814041646277
1996-01-23,0.622970625,22.000020730687503,0.2732412872240104
1996-01-24,0.622970625,22.000020730687503,0.2732412872240104
1996-01-25,0.622970625,22.000020730687503,0.2732412872240104
1996-01-26,0.594653778,21.0000197739366,0.26082122853439665
1996-01-27,0.566336932,20.0000188525004,0.24840117028339315
1996-01-28,0.622970625,22.000020730687503,0.2732412872240104
1996-01-29,0.679604318,24.000022608874602,0.2980814041646277
1996-01-30,0.566336932,20.0000188525004,0.24840117028339315
1996-01-31,0.509703239,18.0000169743133,0.2235610533427759
1996-02-01,0.453069545,16.000015060811503,0.1987209359635484
1996-02-02,0.396435852,14.0000131826244,0.1738808190229311
1996-02-03,0.509703239,18.0000169743133,0.2235610533427759
1996-02-04,0.622970625,22.000020730687503,0.2732412872240104
1996-02-05,0.679604318,24.000022608874602,0.2980814041646277
1996-02-06,0.707921165,25.0000235656255,0.31050146285424146
1996-02-07,0.764554858,27.0000254438126,0.33534157979485874
1996-02-08,0.821188551,29.000027321999703,0.36018169673547595
1996-02-09,0.792871705,28.000026400563502,0.3477616384844725
1996-02-10,0.736238011,26.0000244870617,0.32292152110524497
1996-02-11,0.679604318,24.000022608874602,0.2980814041646277
1996-02-12,0.622970625,22.000020730687503,0.2732412872240104
1996-02-13,0.622970625,22.000020730687503,0.2732412872240104
1996-02-14,0.651287472,23.0000216874384,0.2856613459136242
1996-02-15,0.651287472,23.0000216874384,0.2856613459136242
1996-02-16,0.679604318,24.000022608874602,0.2980814041646277
1996-02-17,0.679604318,24.000022608874602,0.2980814041646277
1996-02-18,0.679604318,24.000022608874602,0.2980814041646277
1996-02-19,0.651287472,23.0000216874384,0.2856613459136242
1996-02-20,0.622970625,22.000020730687503,0.2732412872240104
1996-02-21,0.594653778,21.0000197739366,0.26082122853439665
1996-02-22,0.594653778,21.0000197739366,0.26082122853439665
1996-02-23,0.566336932,20.0000188525004,0.24840117028339315
1996-02-24,0.594653778,21.0000197739366,0.26082122853439665
1996-02-25,0.566336932,20.0000188525004,0.24840117028339315
1996-02-26,0.538020085,19.0000178957495,0.23598111159377938
1996-02-27,0.481386392,17.0000160175624,0.2111409946531621
1996-02-28,0.424752699,15.0000141393753,0.18630087771254486
1996-02-29,0.453069545,16.000015060811503,0.1987209359635484
1996-03-01,0.481386392,17.0000160175624,0.2111409946531621
1996-03-02,0.566336932,20.0000188525004,0.24840117028339315
1996-03-03,0.651287472,23.0000216874384,0.2856613459136242
1996-03-04,0.707921165,25.0000235656255,0.31050146285424146
1996-03-05,0.622970625,22.000020730687503,0.2732412872240104
1996-03-06,0.566336932,20.0000188525004,0.24840117028339315
1996-03-07,0.594653778,21.0000197739366,0.26082122853439665
1996-03-08,0.594653778,21.0000197739366,0.26082122853439665
1996-03-09,0.594653778,21.0000197739366,0.26082122853439665
1996-03-10,0.594653778,21.0000197739366,0.26082122853439665
1996-03-11,0.594653778,21.0000197739366,0.26082122853439665
1996-03-12,0.594653778,21.0000197739366,0.26082122853439665
1996-03-13,0.566336932,20.0000188525004,0.24840117028339315
1996-03-14,0.566336932,20.0000188525004,0.24840117028339315
1996-03-15,0.566336932,20.0000188525004,0.24840117028339315
1996-03-16,0.594653778,21.0000197739366,0.26082122853439665
1996-03-17,0.566336932,20.0000188525004,0.24840117028339315
1996-03-18,0.538020085,19.0000178957495,0.23598111159377938
1996-03-19,0.509703239,18.0000169743133,0.2235610533427759
1996-03-20,0.538020085,19.0000178957495,0.23598111159377938
1996-03-21,0.566336932,20.0000188525004,0.24840117028339315
1996-03-22,0.594653778,21.0000197739366,0.26082122853439665
1996-03-23,0.622970625,22.000020730687503,0.2732412872240104
1996-03-24,0.509703239,18.0000169743133,0.2235610533427759
1996-03-25,0.424752699,15.0000141393753,0.18630087771254486
1996-03-26,0.509703239,18.0000169743133,0.2235610533427759
1996-03-27,0.538020085,19.0000178957495,0.23598111159377938
1996-03-28,0.622970625,22.000020730687503,0.2732412872240104
1996-03-29,0.622970625,22.000020730687503,0.2732412872240104
1996-03-30,0.622970625,22.000020730687503,0.2732412872240104
1996-03-31,0.594653778,21.0000197739366,0.26082122853439665
1996-04-01,0.622970625,22.000020730687503,0.2732412872240104
1996-04-02,0.679604318,24.000022608874602,0.2980814041646277
1996-04-03,0.481386392,17.0000160175624,0.2111409946531621
1996-04-04,0.453069545,16.000015060811503,0.1987209359635484
1996-04-05,0.453069545,16.000015060811503,0.1987209359635484
1996-04-06,0.736238011,26.0000244870617,0.32292152110524497
1996-04-07,1.302574943,46.000043339562104,0.571322691388638
1996-04-08,1.41584233,50.000047131251,0.6210029257084829
1996-04-09,1.755644489,62.0000584356883,0.7700436277907968
1996-04-10,2.180397188,77.00007257506361,0.9563445055033416
1996-04-11,2.265347727,80.0000753746869,0.9936046806949623
1996-04-12,2.40693196,85.00008008781201,1.0557049732658108
1996-04-13,2.265347727,80.0000753746869,0.9936046806949623
1996-04-14,2.180397188,77.00007257506361,0.9563445055033416
1996-04-15,2.095446648,74.0000697401256,0.9190843298731104
1996-04-16,2.067129801,73.0000687833747,0.9066642711834968
1996-04-17,2.067129801,73.0000687833747,0.9066642711834968
1996-04-18,1.982179261,70.0000659484367,0.8694040955532657
1996-04-19,1.953862415,69.0000650270005,0.8569840373022622
1996-04-20,1.840595028,65.0000612353116,0.8073038029824176
1996-04-21,1.755644489,62.0000584356883,0.7700436277907968
1996-04-22,1.670693949,59.0000556007503,0.7327834521605657
1996-04-23,1.614060256,57.0000537225632,0.7079433352199485
1996-04-24,1.585743409,56.000052765812306,0.6955232765303347
1996-04-25,1.614060256,57.0000537225632,0.7079433352199485
1996-04-26,1.585743409,56.000052765812306,0.6955232765303347
1996-04-27,1.557426563,55.0000518443761,0.6831032182793311
1996-04-28,1.500792869,53.000049930874304,0.6582631009001036
1996-04-29,1.444159176,51.000048052687205,0.6334229839594865
1996-04-30,1.41584233,50.000047131251,0.6210029257084829
1996-05-01,1.444159176,51.000048052687205,0.6334229839594865
1996-05-02,1.472476023,52.0000490094381,0.6458430426491001
1996-05-03,1.500792869,53.000049930874304,0.6582631009001036
1996-05-04,1.472476023,52.0000490094381,0.6458430426491001
1996-05-05,1.472476023,52.0000490094381,0.6458430426491001
1996-05-06,1.472476023,52.0000490094381,0.6458430426491001
1996-05-07,1.557426563,55.0000518443761,0.6831032182793311
1996-05-08,1.614060256,57.0000537225632,0.7079433352199485
1996-05-09,1.727327642,61.00005747893741,0.757623569101183
1996-05-10,1.868911875,66.0000621920625,0.8197238616720313
1996-05-11,2.208714034,78.00007349649981,0.9687645637543452
1996-05-12,3.426338438,121.00011403643862,1.5028270799513626
1996-05-13,5.012081847,177.0001668022509,2.198350356481697
1996-05-14,6.739409489,238.0002242811883,2.95597392558288
1996-05-15,7.362380114,260.0002450118758,3.2292152128068903
1996-05-16,7.872083353,278.0002619861891,3.4527762661496664
1996-05-17,8.72158875,308.000290229625,3.825378021136146
1996-05-18,8.636638211,305.0002874300017,3.7881178459445244
1996-05-19,7.390696961,261.0002459686267,3.2416352714965044
1996-05-20,6.569508409,232.0002186113123,2.881453574322418
1996-05-21,6.059805171,214.0002016723137,2.6578925214182525
1996-05-22,5.861587245,207.00019508100152,2.5709521119067866
1996-05-23,5.918220938,209.00019695918863,2.595792228847404
1996-05-24,5.776636705,204.0001922460635,2.5336919362765555
1996-05-25,5.748319858,203.00019128931262,2.5212718775869423
1996-05-26,6.371290483,225.0002120200001,2.7945131648109522
1996-05-27,6.597825256,233.00021956806322,2.893873633012032
1996-05-28,7.249112728,256.00024125550163,3.179534978925656
1996-05-29,7.220795881,255.00024029875073,3.1671149202360422
1996-05-30,7.787132813,275.0002591512511,3.4155160905194353
1996-05-31,7.419013807,262.0002468900629,3.254055329747508
1996-06-01,7.192479034,254.00023934199982,3.154694861546428
1996-06-02,7.900400199,279.0002629076253,3.4651963244006696
1996-06-03,10.61881747,375.000353307809,4.65752194062057
1996-06-04,16.93347426,598.0005634496221,7.427194988490906
1996-06-05,25.7683304,910.0008575768801,11.302253245262726
1996-06-06,28.88318352,1020.000961053744,12.668459679189727
1996-06-07,29.73268892,1050.000989403124,13.041061435492038
1996-06-08,34.26338438,1210.001140364386,15.028270799513622
1996-06-09,39.36041676,1390.001309754372,17.263881328555282
1996-06-10,41.62576449,1470.0013852350032,18.257486010566076
1996-06-11,45.02378608,1590.0014982793762,19.747893031389214
1996-06-12,42.19210142,1490.0014040168742,18.505887179972248
1996-06-13,41.62576449,1470.0013852350032,18.257486010566076
1996-06-14,43.32477529,1530.001441933763,19.00268952317069
1996-06-15,41.05942756,1450.0013664531323,18.009084841159904
1996-06-16,42.47526989,1500.001413584383,18.63008776686838
1996-06-17,40.77625909,1440.0013568856232,17.884884254263767
1996-06-18,39.36041676,1390.001309754372,17.263881328555282
1996-06-19,28.09031182,992.0009348297541,12.320698042898307
1996-06-20,24.63565654,870.0008200131381,10.805450906450382
1996-06-21,23.89941852,844.0007952082441,10.482529381397644
1996-06-22,24.21090384,855.0008058384481,10.619150028299225
1996-06-23,24.918825,880.0008292274999,10.929651488960417
1996-06-24,26.16476625,924.000870688875,11.476134063408438
1996-06-25,30.86536279,1090.001027320013,13.537863778690484
1996-06-26,31.14853125,1100.001036534375,13.662064361200521
1996-06-27,32.84754205,1160.0010932331352,14.407267873805141
1996-06-28,33.98021591,1200.001130796877,14.904070212617487
1996-06-29,25.82496409,912.0008593491231,11.327093360887513
1996-06-30,24.15427014,853.0008037130581,10.594309908288338
1996-07-01,27.8354602,983.0009263249401,12.208917516007615
1996-07-02,32.56437358,1150.001083665626,14.283067286909006
1996-07-03,33.98021591,1200.001130796877,14.904070212617487
1996-07-04,35.96239517,1270.001196709999,15.773474307732142
1996-07-05,45.87329148,1620.001526628756,20.12049478769152
1996-07-06,38.79407983,1370.001290972501,17.01548015914911
1996-07-07,29.16635199,1030.000970621253,12.792660266085864
1996-07-08,24.918825,880.0008292274999,10.929651488960417
1996-07-09,23.89941852,844.0007952082441,10.482529381397644
1996-07-10,22.93664574,810.000763314378,10.06024739384576
1996-07-11,22.99327943,812.0007650866211,10.085087509470547
1996-07-12,21.86060557,772.0007275228791,9.588285170658203
1996-07-13,19.73684207,697.0006566494291,8.656780779902427
1996-07-14,18.85901983,666.000627590501,8.271758967980775
1996-07-15,18.17941551,642.000604910997,7.973677562938926
1996-07-16,16.76357318,592.0005577797461,7.352674637230444
1996-07-17,15.17782977,536.000504978619,6.657151360261499
1996-07-18,14.35664122,507.000477691934,6.296969663964632
1996-07-19,14.97961185,529.000498599195,6.570210953381694
1996-07-20,14.72476023,520.000490094381,6.4584304264910015
1996-07-21,12.8841652,455.00042878844005,5.651126622631363
1996-07-22,11.29842179,399.0003759873131,4.955603345662419
1996-07-23,10.64713432,376.000354370504,4.669942000626015
1996-07-24,10.25069847,362.000341258509,4.496061182480304
1996-07-25,9.684361534,342.00032226474985,4.247660010442471
1996-07-26,9.287925682,328.0003090821254,4.073779191419539
1996-07-27,9.146341449,323.0003043690003,4.0116788988486904
1996-07-28,8.89148983,314.000295899501,3.899898372396607
1996-07-29,9.287925682,328.0003090821254,4.073779191419539
1996-07-30,9.854262614,348.00032793462583,4.322180361702932
1996-07-31,9.401193069,332.0003128738143,4.123459425739384
1996-08-01,8.97644037,317.000298734439,3.937158548026839
1996-08-02,8.495053978,300.0002827168766,3.7260175533736763
1996-08-03,7.957033892,281.0002647858124,3.490036441341287
1996-08-04,7.334063267,259.00024405512494,3.2167951541172766
1996-08-05,6.541191563,231.0002176898761,2.8690335160714144
1996-08-06,5.804953551,205.0001931674997,2.5461119945275588
1996-08-07,5.436834546,192.0001809416262,2.384651234194242
1996-08-08,5.181982926,183.0001724368122,2.272870707303549
1996-08-09,4.983765,176.00016584550002,2.1859302977920834
1996-08-10,4.813863921,170.00016021093873,2.1114099469702317
1996-08-11,4.700596534,166.0001564192498,2.061729712650387
1996-08-12,4.672279688,165.0001554978136,2.049309654399383
1996-08-13,4.643962841,164.0001545410627,2.0368895957097695
1996-08-14,4.587329148,162.00015266287562,2.012049478769152
1996-08-15,4.587329148,162.00015266287562,2.012049478769152
1996-08-16,4.587329148,162.00015266287562,2.012049478769152
1996-08-17,4.615645994,163.00015358431182,2.0244695370201558
1996-08-18,4.615645994,163.00015358431182,2.0244695370201558
1996-08-19,4.502378608,159.0001498279376,1.974789303138921
1996-08-20,4.389111222,155.00014607156342,1.9251090692576869
1996-08-21,4.219210142,149.0001404016874,1.8505887179972245
1996-08-22,3.992675369,141.0001328536243,1.7512282497961453
1996-08-23,3.794457443,134.0001262623121,1.66428784028468
1996-08-24,3.596239517,127.00011967099991,1.577347430773214
1996-08-25,3.454655284,122.00011495787481,1.515247138202366
1996-08-26,3.341387898,118.0001112015006,1.4655669043211315
1996-08-27,3.256437358,115.0001083665626,1.4283067286909004
1996-08-28,3.313071051,117.0001102447497,1.4531468456315175
1996-08-29,3.171486818,112.00010553162461,1.3910465530606695
1996-08-30,3.086536279,109.00010273200131,1.3537863778690487
1996-08-31,3.029902585,107.0001008184995,1.328946260489821
1996-09-01,2.973268892,105.00009894031241,1.3041061435492038
1996-09-02,2.973268892,105.00009894031241,1.3041061435492038
1996-09-03,2.916635199,103.0000970621253,1.2792660266085865
1996-09-04,2.860001506,101.00009518393821,1.2544259096679693
1996-09-05,2.775050966,98.0000923490002,1.2171657340377382
1996-09-06,2.633466733,93.0000876358751,1.15506544146689
1996-09-07,2.520199347,89.0000838795009,1.1053852075856556
1996-09-08,2.40693196,85.00008008781201,1.0557049732658108
1996-09-09,2.293664574,81.00007633143781,1.006024739384576
1996-09-10,2.180397188,77.00007257506361,0.9563445055033416
1996-09-11,2.067129801,73.0000687833747,0.9066642711834968
1996-09-12,2.095446648,74.0000697401256,0.9190843298731104
1996-09-13,1.925545568,68.0000640702496,0.8445639786126484
1996-09-14,1.840595028,65.0000612353116,0.8073038029824176
1996-09-15,1.812278182,64.00006031387541,0.794883744731414
1996-09-16,1.840595028,65.0000612353116,0.8073038029824176
1996-09-17,1.982179261,70.0000659484367,0.8694040955532657
1996-09-18,2.067129801,73.0000687833747,0.9066642711834968
1996-09-19,2.123763494,75.0000706615618,0.9315043881241141
1996-09-20,2.152080341,76.0000716183127,0.9439244468137278
1996-09-21,2.123763494,75.0000706615618,0.9315043881241141
1996-09-22,2.095446648,74.0000697401256,0.9190843298731104
1996-09-23,2.038812955,72.0000678619385,0.8942442129324933
1996-09-24,1.953862415,69.0000650270005,0.8569840373022622
1996-09-25,1.868911875,66.0000621920625,0.8197238616720313
1996-09-26,1.840595028,65.0000612353116,0.8073038029824176
1996-09-27,1.755644489,62.0000584356883,0.7700436277907968
1996-09-28,1.727327642,61.00005747893741,0.757623569101183
1996-09-29,1.670693949,59.0000556007503,0.7327834521605657
1996-09-30,1.614060256,57.0000537225632,0.7079433352199485
1996-10-01,1.585743409,56.000052765812306,0.6955232765303347
1996-10-02,1.500792869,53.000049930874304,0.6582631009001036
1996-10-03,1.472476023,52.0000490094381,0.6458430426491001
1996-10-04,1.41584233,50.000047131251,0.6210029257084829
1996-10-05,1.359208636,48.000045217749204,0.5961628083292554
1996-10-06,1.33089179,47.000044296313,0.5837427500782518
1996-10-07,1.274258097,45.0000424181259,0.5589026331376346
1996-10-08,1.24594125,44.000041461375005,0.5464825744480208
1996-10-09,1.217624403,43.0000405046241,0.5340625157584071
1996-10-10,1.189307557,42.000039583187906,0.5216424575074036
1996-10-11,1.189307557,42.000039583187906,0.5216424575074036
1996-10-12,1.16099071,41.000038626437004,0.5092223988177899
1996-10-13,1.132673864,40.0000377050008,0.4968023405667863
1996-10-14,1.104357017,39.000036748249904,0.4843822818771726
1996-10-15,1.07604017,38.000035791499,0.47196222318755876
1996-10-16,1.047723324,37.0000348700628,0.4595421649365552
1996-10-17,1.019406477,36.0000339133119,0.44712210624694154
1996-10-18,0.962772784,34.0000320351248,0.4222819893063242
1996-10-19,0.991089631,35.000032991875706,0.43470204799593803
1996-10-20,0.962772784,34.0000320351248,0.4222819893063242
1996-10-21,0.934455938,33.00003111368861,0.40986193105532076
1996-10-22,0.934455938,33.00003111368861,0.40986193105532076
1996-10-23,0.906139091,32.000030156937704,0.397441872365707
1996-10-24,0.906139091,32.000030156937704,0.397441872365707
1996-10-25,0.934455938,33.00003111368861,0.40986193105532076
1996-10-26,0.934455938,33.00003111368861,0.40986193105532076
1996-10-27,0.906139091,32.000030156937704,0.397441872365707
1996-10-28,0.877822244,31.000029200186802,0.3850218136760932
1996-10-29,0.877822244,31.000029200186802,0.3850218136760932
1996-10-30,0.849505398,30.0000282787506,0.3726017554250897
1996-10-31,0.849505398,30.0000282787506,0.3726017554250897
1996-11-01,0.821188551,29.000027321999703,0.36018169673547595
1996-11-02,0.821188551,29.000027321999703,0.36018169673547595
1996-11-03,0.792871705,28.000026400563502,0.3477616384844725
1996-11-04,0.764554858,27.0000254438126,0.33534157979485874
1996-11-05,0.707921165,25.0000235656255,0.31050146285424146
1996-11-06,0.679604318,24.000022608874602,0.2980814041646277
1996-11-07,0.651287472,23.0000216874384,0.2856613459136242
1996-11-08,0.679604318,24.000022608874602,0.2980814041646277
1996-11-09,0.679604318,24.000022608874602,0.2980814041646277
1996-11-10,0.679604318,24.000022608874602,0.2980814041646277
1996-11-11,0.679604318,24.000022608874602,0.2980814041646277
1996-11-12,0.651287472,23.0000216874384,0.2856613459136242
1996-11-13,0.622970625,22.000020730687503,0.2732412872240104
1996-11-14,0.594653778,21.0000197739366,0.26082122853439665
1996-11-15,0.594653778,21.0000197739366,0.26082122853439665
1996-11-16,0.566336932,20.0000188525004,0.24840117028339315
1996-11-17,0.566336932,20.0000188525004,0.24840117028339315
1996-11-18,0.594653778,21.0000197739366,0.26082122853439665
1996-11-19,0.622970625,22.000020730687503,0.2732412872240104
1996-11-20,0.651287472,23.0000216874384,0.2856613459136242
1996-11-21,0.707921165,25.0000235656255,0.31050146285424146
1996-11-22,0.764554858,27.0000254438126,0.33534157979485874
1996-11-23,0.707921165,25.0000235656255,0.31050146285424146
1996-11-24,0.679604318,24.000022608874602,0.2980814041646277
1996-11-25,0.651287472,23.0000216874384,0.2856613459136242
1996-11-26,0.679604318,24.000022608874602,0.2980814041646277
1996-11-27,0.707921165,25.0000235656255,0.31050146285424146
1996-11-28,0.707921165,25.0000235656255,0.31050146285424146
1996-11-29,0.736238011,26.0000244870617,0.32292152110524497
1996-11-30,0.622970625,22.000020730687503,0.2732412872240104
1996-12-01,0.622970625,22.000020730687503,0.2732412872240104
1996-12-02,0.566336932,20.0000188525004,0.24840117028339315
1996-12-03,0.509703239,18.0000169743133,0.2235610533427759
1996-12-04,0.509703239,18.0000169743133,0.2235610533427759
1996-12-05,0.566336932,20.0000188525004,0.24840117028339315
1996-12-06,0.509703239,18.0000169743133,0.2235610533427759
1996-12-07,0.509703239,18.0000169743133,0.2235610533427759
1996-12-08,0.566336932,20.0000188525004,0.24840117028339315
1996-12-09,0.566336932,20.0000188525004,0.24840117028339315
1996-12-10,0.566336932,20.0000188525004,0.24840117028339315
1996-12-11,0.594653778,21.0000197739366,0.26082122853439665
1996-12-12,0.594653778,21.0000197739366,0.26082122853439665
1996-12-13,0.594653778,21.0000197739366,0.26082122853439665
1996-12-14,0.679604318,24.000022608874602,0.2980814041646277
1996-12-15,0.594653778,21.0000197739366,0.26082122853439665
1996-12-16,0.622970625,22.000020730687503,0.2732412872240104
1996-12-17,0.566336932,20.0000188525004,0.24840117028339315
1996-12-18,0.594653778,21.0000197739366,0.26082122853439665
1996-12-19,0.651287472,23.0000216874384,0.2856613459136242
1996-12-20,0.679604318,24.000022608874602,0.2980814041646277
1996-12-21,0.764554858,27.0000254438126,0.33534157979485874
1996-12-22,0.707921165,25.0000235656255,0.31050146285424146
1996-12-23,0.679604318,24.000022608874602,0.2980814041646277
1996-12-24,0.736238011,26.0000244870617,0.32292152110524497
1996-12-25,0.792871705,28.000026400563502,0.3477616384844725
1996-12-26,0.849505398,30.0000282787506,0.3726017554250897
1996-12-27,0.991089631,35.000032991875706,0.43470204799593803
1996-12-28,0.962772784,34.0000320351248,0.4222819893063242
1996-12-29,0.962772784,34.0000320351248,0.4222819893063242
1996-12-30,0.934455938,33.00003111368861,0.40986193105532076
1996-12-31,1.047723324,37.0000348700628,0.4595421649365552
1997-01-01,1.132673864,40.0000377050008,0.4968023405667863
1997-01-02,1.047723324,37.0000348700628,0.4595421649365552
1997-01-03,0.934455938,33.00003111368861,0.40986193105532076
1997-01-04,0.906139091,32.000030156937704,0.397441872365707
1997-01-05,0.821188551,29.000027321999703,0.36018169673547595
1997-01-06,0.821188551,29.000027321999703,0.36018169673547595
1997-01-07,0.849505398,30.0000282787506,0.3726017554250897
1997-01-08,0.906139091,32.000030156937704,0.397441872365707
1997-01-09,0.991089631,35.000032991875706,0.43470204799593803
1997-01-10,1.047723324,37.0000348700628,0.4595421649365552
1997-01-11,0.962772784,34.0000320351248,0.4222819893063242
1997-01-12,0.906139091,32.000030156937704,0.397441872365707
1997-01-13,0.991089631,35.000032991875706,0.43470204799593803
1997-01-14,1.047723324,37.0000348700628,0.4595421649365552
1997-01-15,0.962772784,34.0000320351248,0.4222819893063242
1997-01-16,0.906139091,32.000030156937704,0.397441872365707
1997-01-17,0.991089631,35.000032991875706,0.43470204799593803
1997-01-18,0.991089631,35.000032991875706,0.43470204799593803
1997-01-19,0.962772784,34.0000320351248,0.4222819893063242
1997-01-20,0.906139091,32.000030156937704,0.397441872365707
1997-01-21,0.849505398,30.0000282787506,0.3726017554250897
1997-01-22,0.764554858,27.0000254438126,0.33534157979485874
1997-01-23,0.679604318,24.000022608874602,0.2980814041646277
1997-01-24,0.566336932,20.0000188525004,0.24840117028339315
1997-01-25,0.566336932,20.0000188525004,0.24840117028339315
1997-01-26,0.566336932,20.0000188525004,0.24840117028339315
1997-01-27,0.622970625,22.000020730687503,0.2732412872240104
1997-01-28,0.566336932,20.0000188525004,0.24840117028339315
1997-01-29,0.566336932,20.0000188525004,0.24840117028339315
1997-01-30,0.566336932,20.0000188525004,0.24840117028339315
1997-01-31,0.594653778,21.0000197739366,0.26082122853439665
1997-02-01,0.622970625,22.000020730687503,0.2732412872240104
1997-02-02,0.509703239,18.0000169743133,0.2235610533427759
1997-02-03,0.481386392,17.0000160175624,0.2111409946531621
1997-02-04,0.424752699,15.0000141393753,0.18630087771254486
1997-02-05,0.424752699,15.0000141393753,0.18630087771254486
1997-02-06,0.424752699,15.0000141393753,0.18630087771254486
1997-02-07,0.424752699,15.0000141393753,0.18630087771254486
1997-02-08,0.424752699,15.0000141393753,0.18630087771254486
1997-02-09,0.368119006,13.000012261188202,0.16146076077192761
1997-02-10,0.396435852,14.0000131826244,0.1738808190229311
1997-02-11,0.424752699,15.0000141393753,0.18630087771254486
1997-02-12,0.453069545,16.000015060811503,0.1987209359635484
1997-02-13,0.424752699,15.0000141393753,0.18630087771254486
1997-02-14,0.424752699,15.0000141393753,0.18630087771254486
1997-02-15,0.424752699,15.0000141393753,0.18630087771254486
1997-02-16,0.424752699,15.0000141393753,0.18630087771254486
1997-02-17,0.424752699,15.0000141393753,0.18630087771254486
1997-02-18,0.424752699,15.0000141393753,0.18630087771254486
1997-02-19,0.424752699,15.0000141393753,0.18630087771254486
1997-02-20,0.424752699,15.0000141393753,0.18630087771254486
1997-02-21,0.424752699,15.0000141393753,0.18630087771254486
1997-02-22,0.396435852,14.0000131826244,0.1738808190229311
1997-02-23,0.396435852,14.0000131826244,0.1738808190229311
1997-02-24,0.396435852,14.0000131826244,0.1738808190229311
1997-02-25,0.396435852,14.0000131826244,0.1738808190229311
1997-02-26,0.396435852,14.0000131826244,0.1738808190229311
1997-02-27,0.396435852,14.0000131826244,0.1738808190229311
1997-02-28,0.424752699,15.0000141393753,0.18630087771254486
1997-03-01,0.424752699,15.0000141393753,0.18630087771254486
1997-03-02,0.396435852,14.0000131826244,0.1738808190229311
1997-03-03,0.396435852,14.0000131826244,0.1738808190229311
1997-03-04,0.396435852,14.0000131826244,0.1738808190229311
1997-03-05,0.396435852,14.0000131826244,0.1738808190229311
1997-03-06,0.424752699,15.0000141393753,0.18630087771254486
1997-03-07,0.396435852,14.0000131826244,0.1738808190229311
1997-03-08,0.396435852,14.0000131826244,0.1738808190229311
1997-03-09,0.396435852,14.0000131826244,0.1738808190229311
1997-03-10,0.396435852,14.0000131826244,0.1738808190229311
1997-03-11,0.424752699,15.0000141393753,0.18630087771254486
1997-03-12,0.424752699,15.0000141393753,0.18630087771254486
1997-03-13,0.424752699,15.0000141393753,0.18630087771254486
1997-03-14,0.396435852,14.0000131826244,0.1738808190229311
1997-03-15,0.396435852,14.0000131826244,0.1738808190229311
1997-03-16,0.453069545,16.000015060811503,0.1987209359635484
1997-03-17,0.424752699,15.0000141393753,0.18630087771254486
1997-03-18,0.424752699,15.0000141393753,0.18630087771254486
1997-03-19,0.424752699,15.0000141393753,0.18630087771254486
1997-03-20,0.481386392,17.0000160175624,0.2111409946531621
1997-03-21,0.481386392,17.0000160175624,0.2111409946531621
1997-03-22,0.481386392,17.0000160175624,0.2111409946531621
1997-03-23,0.509703239,18.0000169743133,0.2235610533427759
1997-03-24,0.453069545,16.000015060811503,0.1987209359635484
1997-03-25,0.453069545,16.000015060811503,0.1987209359635484
1997-03-26,0.509703239,18.0000169743133,0.2235610533427759
1997-03-27,0.566336932,20.0000188525004,0.24840117028339315
1997-03-28,0.538020085,19.0000178957495,0.23598111159377938
1997-03-29,0.707921165,25.0000235656255,0.31050146285424146
1997-03-30,0.736238011,26.0000244870617,0.32292152110524497
1997-03-31,0.764554858,27.0000254438126,0.33534157979485874
1997-04-01,0.821188551,29.000027321999703,0.36018169673547595
1997-04-02,0.849505398,30.0000282787506,0.3726017554250897
1997-04-03,0.877822244,31.000029200186802,0.3850218136760932
1997-04-04,0.934455938,33.00003111368861,0.40986193105532076
1997-04-05,0.906139091,32.000030156937704,0.397441872365707
1997-04-06,0.877822244,31.000029200186802,0.3850218136760932
1997-04-07,0.821188551,29.000027321999703,0.36018169673547595
1997-04-08,0.792871705,28.000026400563502,0.3477616384844725
1997-04-09,0.792871705,28.000026400563502,0.3477616384844725
1997-04-10,0.764554858,27.0000254438126,0.33534157979485874
1997-04-11,0.764554858,27.0000254438126,0.33534157979485874
1997-04-12,0.764554858,27.0000254438126,0.33534157979485874
1997-04-13,0.849505398,30.0000282787506,0.3726017554250897
1997-04-14,0.707921165,25.0000235656255,0.31050146285424146
1997-04-15,0.764554858,27.0000254438126,0.33534157979485874
1997-04-16,1.217624403,43.0000405046241,0.5340625157584071
1997-04-17,1.274258097,45.0000424181259,0.5589026331376346
1997-04-18,1.274258097,45.0000424181259,0.5589026331376346
1997-04-19,1.302574943,46.000043339562104,0.571322691388638
1997-04-20,1.274258097,45.0000424181259,0.5589026331376346
1997-04-21,1.359208636,48.000045217749204,0.5961628083292554
1997-04-22,1.33089179,47.000044296313,0.5837427500782518
1997-04-23,1.274258097,45.0000424181259,0.5589026331376346
1997-04-24,1.24594125,44.000041461375005,0.5464825744480208
1997-04-25,1.24594125,44.000041461375005,0.5464825744480208
1997-04-26,1.33089179,47.000044296313,0.5837427500782518
1997-04-27,1.642377102,58.000054643999405,0.7203633934709519
1997-04-28,2.038812955,72.0000678619385,0.8942442129324933
1997-04-29,2.038812955,72.0000678619385,0.8942442129324933
1997-04-30,1.953862415,69.0000650270005,0.8569840373022622
1997-05-01,1.925545568,68.0000640702496,0.8445639786126484
1997-05-02,1.868911875,66.0000621920625,0.8197238616720313
1997-05-03,1.755644489,62.0000584356883,0.7700436277907968
1997-05-04,1.755644489,62.0000584356883,0.7700436277907968
1997-05-05,1.925545568,68.0000640702496,0.8445639786126484
1997-05-06,2.435248807,86.0000810445629,1.0681250319554243
1997-05-07,2.860001506,101.00009518393821,1.2544259096679693
1997-05-08,3.171486818,112.00010553162461,1.3910465530606695
1997-05-09,3.766140597,133.0001253408759,1.6518677820336762
1997-05-10,4.672279688,165.0001554978136,2.049309654399383
1997-05-11,5.493468239,194.00018281981332,2.4094913511348595
1997-05-12,6.201389404,219.00020638543882,2.719992813989101
1997-05-13,7.079211648,250.00023558562563,3.1050146276651938
1997-05-14,8.211885512,290.0002732906264,3.6018169682319807
1997-05-15,9.882579461,349.00032889137674,4.334600420392546
1997-05-16,12.06297665,426.000401501755,5.290944926334498
1997-05-17,13.98852222,494.000465642634,6.135508905824367
1997-05-18,16.33882048,577.000543605056,7.1663737590792875
1997-05-19,17.4431775,616.00058045925,7.650756042272292
1997-05-20,18.03783128,637.000600303816,7.911577271683909
1997-05-21,19.19882199,678.000638930253,8.420799670501697
1997-05-22,19.93506,704.0006633820001,8.743721191168333
1997-05-23,20.86951594,737.000694566318,9.153583123100873
1997-05-24,21.80397188,770.000725750636,9.563445055033416
1997-05-25,20.50139693,724.000682163871,8.992122360574506
1997-05-26,16.45208787,581.0005475026891,7.216053994714963
1997-05-27,14.83802761,524.000493638867,6.508110657740574
1997-05-28,14.89466131,526.000495764257,6.532950777751464
1997-05-29,15.65921617,553.000521278699,6.868292358423543
1997-05-30,19.42535676,686.000646372372,8.520160137386947
1997-05-31,23.33308159,824.000776426373,10.234128211991472
1997-06-01,35.96239517,1270.001196709999,15.773474307732142
1997-06-02,36.24556364,1280.0012062775081,15.89767489462828
1997-06-03,32.56437358,1150.001083665626,14.283067286909006
1997-06-04,39.0772483,1380.00130054001,17.139680746045244
1997-06-05,47.57230227,1680.001582974369,20.86569829591004
1997-06-06,49.27131307,1740.001639673129,21.610901808514658
1997-06-07,58.33270398,2060.001941242506,25.58532053217173
1997-06-08,56.06735625,1980.0018657618753,24.591715850160938
1997-06-09,63.1465679,2230.00210141813,27.696730478703355
1997-06-10,64.8455787,2290.0021581168903,28.441933991307973
1997-06-11,57.76636705,2040.0019224606351,25.336919362765556
1997-06-12,36.24556364,1280.0012062775081,15.89767489462828
1997-06-13,31.14853125,1100.001036534375,13.662064361200521
1997-06-14,28.88318352,1020.000961053744,12.668459679189727
1997-06-15,30.01585739,1060.0009989706332,13.165262022388177
1997-06-16,32.56437358,1150.001083665626,14.283067286909006
1997-06-17,37.09506904,1310.001234626888,16.270276650930587
1997-06-18,57.20003012,2020.0019036787642,25.088518193359384
1997-06-19,56.91686165,2010.001894111255,24.96431760646325
1997-06-20,42.47526989,1500.001413584383,18.63008776686838
1997-06-21,34.26338438,1210.001140364386,15.028270799513622
1997-06-22,34.54655284,1220.001149578748,15.15247138202366
1997-06-23,39.0772483,1380.00130054001,17.139680746045244
1997-06-24,34.26338438,1210.001140364386,15.028270799513622
1997-06-25,26.92932111,951.0008962033171,11.811475644080515
1997-06-26,24.63565654,870.0008200131381,10.805450906450382
1997-06-27,25.54179563,902.000850134761,11.202892778377478
1997-06-28,25.74001355,909.0008565141851,11.289833185257283
1997-06-29,25.06040923,885.0008338346811,10.991751780215434
1997-06-30,24.83387446,877.0008263925621,10.892391313330187
1997-07-01,24.04100276,849.0008001685721,10.544629677038765
1997-07-02,18.68911875,660.000621920625,8.197238616720313
1997-07-03,15.03624554,531.000500371438,6.59505106900648
1997-07-04,14.61149284,516.000486196748,6.408750190855326
1997-07-05,16.48040472,582.000548565384,7.228474054720407
1997-07-06,18.83070298,665.000626527806,8.25933890797533
1997-07-07,20.69961486,731.000688896442,9.079062771840412
1997-07-08,21.06773386,744.0007009457421,9.240523529980678
1997-07-09,21.03941702,743.000700236194,9.228103474361335
1997-07-10,20.75624855,733.000690668685,9.103902887465198
1997-07-11,20.89783278,738.0006952758661,9.166003178720217
1997-07-12,17.83961335,630.0005935712451,7.8246368604180025
1997-07-13,14.72476023,520.000490094381,6.4584304264910015
1997-07-14,12.40277881,438.000412841507,5.439985628855421
1997-07-15,12.31782827,435.00041000656904,5.402725453225191
1997-07-16,13.98852222,494.000465642634,6.135508905824367
1997-07-17,15.60258247,551.000519153309,6.843452238412653
1997-07-18,16.1689194,571.00053793518,7.091853407818827
1997-07-19,15.57426563,550.000518443761,6.831032182793311
1997-07-20,14.41327492,509.000479817324,6.321809783975521
1997-07-21,13.39386844,473.00044579806803,5.87468767641275
1997-07-22,12.71426412,449.000423118564,5.576606271370901
1997-07-23,11.80812503,417.000392996941,5.179164399443804
1997-07-24,12.09129349,427.000402211303,5.30336498195384
1997-07-25,13.3089179,470.00044296313007,5.837427500782519
1997-07-26,12.51604619,442.00041638599305,5.489665860104995
1997-07-27,11.44000602,404.000380594494,5.017703636917436
1997-07-28,10.3922827,367.00034586569006,4.558161473735322
1997-07-29,11.35505548,401.00037775955605,4.980443461287206
1997-07-30,15.26278031,539.0005078135571,6.694411535891729
1997-07-31,12.60099673,445.000419220931,5.526926035735227
1997-08-01,9.514460455,336.00031663018854,4.1731396596206185
1997-08-02,8.495053978,300.0002827168766,3.7260175533736763
1997-08-03,7.957033892,281.0002647858124,3.490036441341287
1997-08-04,7.872083353,278.0002619861891,3.4527762661496664
1997-08-05,8.778222444,310.00029214312684,3.8502181385153738
1997-08-06,11.6099071,410.00038626437,5.0922239881778975
1997-08-07,11.69485764,413.00038909930805,5.129484163808129
1997-08-08,9.287925682,328.0003090821254,4.073779191419539
1997-08-09,8.155251818,288.0002713771246,3.5769768508527524
1997-08-10,8.013667586,283.00026669931424,3.514876558720515
1997-08-11,9.231291989,326.00030720393835,4.048939074478922
1997-08-12,9.372876222,331.0003119170634,4.11103936704977
1997-08-13,9.004757216,318.0002996558752,3.949578606277842
1997-08-14,8.353469745,295.00027800375153,3.6639172608028288
1997-08-15,7.305746421,258.00024313368874,3.2043750958662733
1997-08-16,6.456241023,228.0002148549381,2.8317733404411833
1997-08-17,5.861587245,207.00019508100152,2.5709521119067866
1997-08-18,5.521785085,195.00018374124951,2.421911409385863
1997-08-19,5.23861662,185.000174350314,2.297710824682776
1997-08-20,5.040398693,178.00016772368713,2.2107704147327008
1997-08-21,4.870497614,172.0001620891258,2.1362500639108486
1997-08-22,4.757230227,168.0001582974369,2.0865698295910042
1997-08-23,4.700596534,166.0001564192498,2.061729712650387
1997-08-24,4.728913381,167.00015737600071,2.0741497713400006
1997-08-25,4.785547074,169.00015925418782,2.098989888280618
1997-08-26,4.757230227,168.0001582974369,2.0865698295910042
1997-08-27,4.757230227,168.0001582974369,2.0865698295910042
1997-08-28,4.700596534,166.0001564192498,2.061729712650387
1997-08-29,4.615645994,163.00015358431182,2.0244695370201558
1997-08-30,4.474061762,158.0001489065014,1.9623692448879178
1997-08-31,4.275843835,151.0001422798745,1.8754288349378418
1997-09-01,4.077625909,144.0001356885623,1.7884884254263762
1997-09-02,3.90772483,138.000130054001,1.7139680746045245
1997-09-03,3.766140597,133.0001253408759,1.6518677820336762
1997-09-04,3.596239517,127.00011967099991,1.577347430773214
1997-09-05,3.398021591,120.00011307968771,1.4904070212617488
1997-09-06,3.369704744,119.0001121229368,1.4779869625721347
1997-09-07,3.313071051,117.0001102447497,1.4531468456315175
1997-09-08,3.228120511,114.00010740981172,1.4158866700012869
1997-09-09,3.114853125,110.00010365343749,1.366206436120052
1997-09-10,3.029902585,107.0001008184995,1.328946260489821
1997-09-11,3.284754205,116.00010932331351,1.440726787380514
1997-09-12,4.077625909,144.0001356885623,1.7884884254263762
1997-09-13,4.247526989,150.0001413584383,1.8630087766868382
1997-09-14,4.728913381,167.00015737600071,2.0741497713400006
1997-09-15,5.040398693,178.00016772368713,2.2107704147327008
1997-09-16,5.351884006,189.0001781066882,2.347391058564011
1997-09-17,5.804953551,205.0001931674997,2.5461119945275588
1997-09-18,5.691686165,201.00018941112552,2.496431760646325
1997-09-19,5.380200852,190.0001790281244,2.3598111168150147
1997-09-20,5.15366608,182.000171515376,2.260450649052545
1997-09-21,5.635052472,199.0001875329384,2.4715916437057075
1997-09-22,6.512874716,230.0002167331252,2.8566134573818007
1997-09-23,6.682775796,236.0002224030012,2.931133808642263
1997-09-24,6.258023097,221.0002082636259,2.7448329309297175
1997-09-25,5.691686165,201.00018941112552,2.496431760646325
1997-09-26,5.266933466,186.0001752717502,2.31013088293378
1997-09-27,4.870497614,172.0001620891258,2.1362500639108486
1997-09-28,4.530695455,160.00015078468851,1.987209361828535
1997-09-29,4.162576449,147.0001385235003,1.8257486010566077
1997-09-30,3.82277429,135.00012721906302,1.6767078989742936
1997-10-01,3.313071051,117.0001102447497,1.4531468456315175
1997-10-02,3.171486818,112.00010553162461,1.3910465530606695
1997-10-03,3.114853125,110.00010365343749,1.366206436120052
1997-10-04,2.973268892,105.00009894031241,1.3041061435492038
1997-10-05,2.831684659,100.0000942271873,1.2420058509783556
1997-10-06,2.690100426,95.0000895140622,1.1799055584075073
1997-10-07,2.718417273,96.0000904708131,1.192325617097121
1997-10-08,2.775050966,98.0000923490002,1.2171657340377382
1997-10-09,2.605149886,92.00008667912421,1.142645382777276
1997-10-10,2.520199347,89.0000838795009,1.1053852075856556
1997-10-11,2.548516193,90.00008480093712,1.117805265836659
1997-10-12,2.463565654,87.0000820013138,1.0805450906450382
1997-10-13,2.378615114,84.00007916637581,1.0432849150148071
1997-10-14,2.350298267,83.0000782096249,1.0308648563251934
1997-10-15,2.293664574,81.00007633143781,1.006024739384576
1997-10-16,2.265347727,80.0000753746869,0.9936046806949623
1997-10-17,2.237030881,79.0000744532507,0.9811846224439589
1997-10-18,2.208714034,78.00007349649981,0.9687645637543452
1997-10-19,2.180397188,77.00007257506361,0.9563445055033416
1997-10-20,2.095446648,74.0000697401256,0.9190843298731104
1997-10-21,2.067129801,73.0000687833747,0.9066642711834968
1997-10-22,1.982179261,70.0000659484367,0.8694040955532657
1997-10-23,1.925545568,68.0000640702496,0.8445639786126484
1997-10-24,1.897228722,67.0000631488134,0.832143920361645
1997-10-25,1.783961335,63.000059357124506,0.7824636860418003
1997-10-26,1.755644489,62.0000584356883,0.7700436277907968
1997-10-27,1.755644489,62.0000584356883,0.7700436277907968
1997-10-28,1.642377102,58.000054643999405,0.7203633934709519
1997-10-29,1.614060256,57.0000537225632,0.7079433352199485
1997-10-30,1.585743409,56.000052765812306,0.6955232765303347
1997-10-31,1.783961335,63.000059357124506,0.7824636860418003
1997-11-01,1.755644489,62.0000584356883,0.7700436277907968
1997-11-02,1.642377102,58.000054643999405,0.7203633934709519
1997-11-03,1.585743409,56.000052765812306,0.6955232765303347
1997-11-04,1.557426563,55.0000518443761,0.6831032182793311
1997-11-05,1.500792869,53.000049930874304,0.6582631009001036
1997-11-06,1.500792869,53.000049930874304,0.6582631009001036
1997-11-07,1.472476023,52.0000490094381,0.6458430426491001
1997-11-08,1.444159176,51.000048052687205,0.6334229839594865
1997-11-09,1.387525483,49.0000461745001,0.6085828670188691
1997-11-10,1.529109716,54.0000508876252,0.6706831595897175
1997-11-11,1.472476023,52.0000490094381,0.6458430426491001
1997-11-12,1.444159176,51.000048052687205,0.6334229839594865
1997-11-13,1.41584233,50.000047131251,0.6210029257084829
1997-11-14,,,
1997-11-15,,,
1997-11-16,,,
1997-11-17,,,
1997-11-18,,,
1997-11-19,,,
1997-11-20,,,
1997-11-21,,,
1997-11-22,,,
1997-11-23,,,
1997-11-24,,,
1997-11-25,,,
1997-11-26,,,
1997-11-27,,,
1997-11-28,,,
1997-11-29,,,
1997-11-30,,,
1997-12-01,,,
1997-12-02,,,
1997-12-03,,,
1997-12-04,,,
1997-12-05,,,
1997-12-06,,,
1997-12-07,,,
1997-12-08,,,
1997-12-09,,,
1997-12-10,,,
1997-12-11,,,
1997-12-12,,,
1997-12-13,,,
1997-12-14,,,
1997-12-15,,,
1997-12-16,,,
1997-12-17,,,
1997-12-18,,,
1997-12-19,,,
1997-12-20,,,
1997-12-21,,,
1997-12-22,,,
1997-12-23,,,
1997-12-24,,,
1997-12-25,,,
1997-12-26,,,
1997-12-27,,,
1997-12-28,,,
1997-12-29,,,
1997-12-30,,,
1997-12-31,,,
1998-01-01,,,
1998-01-02,,,
1998-01-03,,,
1998-01-04,,,
1998-01-05,,,
1998-01-06,,,
1998-01-07,,,
1998-01-08,,,
1998-01-09,,,
1998-01-10,,,
1998-01-11,,,
1998-01-12,,,
1998-01-13,,,
1998-01-14,,,
1998-01-15,,,
1998-01-16,,,
1998-01-17,,,
1998-01-18,,,
1998-01-19,,,
1998-01-20,,,
1998-01-21,,,
1998-01-22,,,
1998-01-23,,,
1998-01-24,,,
1998-01-25,,,
1998-01-26,,,
1998-01-27,,,
1998-01-28,,,
1998-01-29,,,
1998-01-30,,,
1998-01-31,,,
1998-02-01,,,
1998-02-02,,,
1998-02-03,,,
1998-02-04,,,
1998-02-05,,,
1998-02-06,,,
1998-02-07,,,
1998-02-08,,,
1998-02-09,,,
1998-02-10,,,
1998-02-11,,,
1998-02-12,,,
1998-02-13,,,
1998-02-14,,,
1998-02-15,,,
1998-02-16,,,
1998-02-17,,,
1998-02-18,,,
1998-02-19,,,
1998-02-20,,,
1998-02-21,,,
1998-02-22,,,
1998-02-23,,,
1998-02-24,,,
1998-02-25,,,
1998-02-26,,,
1998-02-27,,,
1998-02-28,,,
1998-03-01,,,
1998-03-02,,,
1998-03-03,,,
1998-03-04,,,
1998-03-05,,,
1998-03-06,,,
1998-03-07,,,
1998-03-08,,,
1998-03-09,,,
1998-03-10,,,
1998-03-11,,,
1998-03-12,,,
1998-03-13,,,
1998-03-14,,,
1998-03-15,,,
1998-03-16,,,
1998-03-17,,,
1998-03-18,,,
1998-03-19,,,
1998-03-20,,,
1998-03-21,,,
1998-03-22,,,
1998-03-23,,,
1998-03-24,,,
1998-03-25,,,
1998-03-26,,,
1998-03-27,,,
1998-03-28,,,
1998-03-29,,,
1998-03-30,,,
1998-03-31,,,
1998-04-01,,,
1998-04-02,,,
1998-04-03,,,
1998-04-04,,,
1998-04-05,,,
1998-04-06,,,
1998-04-07,,,
1998-04-08,,,
1998-04-09,,,
1998-04-10,,,
1998-04-11,,,
1998-04-12,,,
1998-04-13,,,
1998-04-14,,,
1998-04-15,,,
1998-04-16,,,
1998-04-17,,,
1998-04-18,,,
1998-04-19,,,
1998-04-20,,,
1998-04-21,,,
1998-04-22,,,
1998-04-23,,,
1998-04-24,,,
1998-04-25,,,
1998-04-26,,,
1998-04-27,,,
1998-04-28,,,
1998-04-29,,,
1998-04-30,,,
1998-05-01,,,
1998-05-02,,,
1998-05-03,,,
1998-05-04,,,
1998-05-05,,,
1998-05-06,,,
1998-05-07,,,
1998-05-08,,,
1998-05-09,,,
1998-05-10,,,
1998-05-11,,,
1998-05-12,,,
1998-05-13,,,
1998-05-14,,,
1998-05-15,,,
1998-05-16,,,
1998-05-17,,,
1998-05-18,,,
1998-05-19,,,
1998-05-20,,,
1998-05-21,,,
1998-05-22,,,
1998-05-23,,,
1998-05-24,,,
1998-05-25,,,
1998-05-26,,,
1998-05-27,,,
1998-05-28,,,
1998-05-29,,,
1998-05-30,,,
1998-05-31,,,
1998-06-01,,,
1998-06-02,,,
1998-06-03,,,
1998-06-04,,,
1998-06-05,,,
1998-06-06,,,
1998-06-07,,,
1998-06-08,,,
1998-06-09,,,
1998-06-10,,,
1998-06-11,,,
1998-06-12,,,
1998-06-13,,,
1998-06-14,,,
1998-06-15,,,
1998-06-16,,,
1998-06-17,,,
1998-06-18,,,
1998-06-19,,,
1998-06-20,,,
1998-06-21,,,
1998-06-22,,,
1998-06-23,,,
1998-06-24,,,
1998-06-25,,,
1998-06-26,,,
1998-06-27,,,
1998-06-28,,,
1998-06-29,,,
1998-06-30,,,
1998-07-01,,,
1998-07-02,,,
1998-07-03,,,
1998-07-04,,,
1998-07-05,,,
1998-07-06,,,
1998-07-07,,,
1998-07-08,,,
1998-07-09,,,
1998-07-10,,,
1998-07-11,,,
1998-07-12,,,
1998-07-13,,,
1998-07-14,,,
1998-07-15,,,
1998-07-16,,,
1998-07-17,,,
1998-07-18,,,
1998-07-19,,,
1998-07-20,,,
1998-07-21,,,
1998-07-22,,,
1998-07-23,,,
1998-07-24,,,
1998-07-25,,,
1998-07-26,,,
1998-07-27,,,
1998-07-28,,,
1998-07-29,,,
1998-07-30,,,
1998-07-31,,,
1998-08-01,,,
1998-08-02,,,
1998-08-03,,,
1998-08-04,,,
1998-08-05,,,
1998-08-06,,,
1998-08-07,,,
1998-08-08,,,
1998-08-09,,,
1998-08-10,,,
1998-08-11,,,
1998-08-12,,,
1998-08-13,,,
1998-08-14,,,
1998-08-15,,,
1998-08-16,,,
1998-08-17,,,
1998-08-18,,,
1998-08-19,,,
1998-08-20,,,
1998-08-21,,,
1998-08-22,,,
1998-08-23,,,
1998-08-24,,,
1998-08-25,,,
1998-08-26,,,
1998-08-27,,,
1998-08-28,,,
1998-08-29,,,
1998-08-30,,,
1998-08-31,,,
1998-09-01,,,
1998-09-02,,,
1998-09-03,,,
1998-09-04,,,
1998-09-05,,,
1998-09-06,,,
1998-09-07,,,
1998-09-08,,,
1998-09-09,,,
1998-09-10,,,
1998-09-11,,,
1998-09-12,,,
1998-09-13,,,
1998-09-14,,,
1998-09-15,,,
1998-09-16,,,
1998-09-17,,,
1998-09-18,,,
1998-09-19,,,
1998-09-20,,,
1998-09-21,,,
1998-09-22,,,
1998-09-23,,,
1998-09-24,,,
1998-09-25,,,
1998-09-26,,,
1998-09-27,,,
1998-09-28,,,
1998-09-29,,,
1998-09-30,,,
1998-10-01,,,
1998-10-02,,,
1998-10-03,,,
1998-10-04,,,
1998-10-05,,,
1998-10-06,,,
1998-10-07,,,
1998-10-08,,,
1998-10-09,,,
1998-10-10,,,
1998-10-11,,,
1998-10-12,,,
1998-10-13,,,
1998-10-14,,,
1998-10-15,,,
1998-10-16,,,
1998-10-17,,,
1998-10-18,,,
1998-10-19,,,
1998-10-20,,,
1998-10-21,,,
1998-10-22,,,
1998-10-23,,,
1998-10-24,,,
1998-10-25,,,
1998-10-26,,,
1998-10-27,,,
1998-10-28,,,
1998-10-29,,,
1998-10-30,,,
1998-10-31,,,
1998-11-01,,,
1998-11-02,,,
1998-11-03,,,
1998-11-04,,,
1998-11-05,,,
1998-11-06,,,
1998-11-07,,,
1998-11-08,,,
1998-11-09,,,
1998-11-10,,,
1998-11-11,,,
1998-11-12,,,
1998-11-13,,,
1998-11-14,,,
1998-11-15,,,
1998-11-16,,,
1998-11-17,,,
1998-11-18,,,
1998-11-19,,,
1998-11-20,,,
1998-11-21,,,
1998-11-22,,,
1998-11-23,,,
1998-11-24,,,
1998-11-25,,,
1998-11-26,,,
1998-11-27,,,
1998-11-28,,,
1998-11-29,,,
1998-11-30,,,
1998-12-01,,,
1998-12-02,,,
1998-12-03,,,
1998-12-04,,,
1998-12-05,,,
1998-12-06,,,
1998-12-07,,,
1998-12-08,,,
1998-12-09,,,
1998-12-10,,,
1998-12-11,,,
1998-12-12,,,
1998-12-13,,,
1998-12-14,,,
1998-12-15,,,
1998-12-16,,,
1998-12-17,,,
1998-12-18,,,
1998-12-19,,,
1998-12-20,,,
1998-12-21,,,
1998-12-22,,,
1998-12-23,,,
1998-12-24,,,
1998-12-25,,,
1998-12-26,,,
1998-12-27,,,
1998-12-28,,,
1998-12-29,,,
1998-12-30,,,
1998-12-31,,,
1999-01-01,,,
1999-01-02,,,
1999-01-03,,,
1999-01-04,,,
1999-01-05,,,
1999-01-06,,,
1999-01-07,,,
1999-01-08,,,
1999-01-09,,,
1999-01-10,,,
1999-01-11,,,
1999-01-12,,,
1999-01-13,,,
1999-01-14,,,
1999-01-15,,,
1999-01-16,,,
1999-01-17,,,
1999-01-18,,,
1999-01-19,,,
1999-01-20,,,
1999-01-21,,,
1999-01-22,,,
1999-01-23,,,
1999-01-24,,,
1999-01-25,,,
1999-01-26,,,
1999-01-27,,,
1999-01-28,,,
1999-01-29,,,
1999-01-30,,,
1999-01-31,,,
1999-02-01,,,
1999-02-02,,,
1999-02-03,,,
1999-02-04,,,
1999-02-05,,,
1999-02-06,,,
1999-02-07,,,
1999-02-08,,,
1999-02-09,,,
1999-02-10,,,
1999-02-11,,,
1999-02-12,,,
1999-02-13,,,
1999-02-14,,,
1999-02-15,,,
1999-02-16,,,
1999-02-17,,,
1999-02-18,,,
1999-02-19,,,
1999-02-20,,,
1999-02-21,,,
1999-02-22,,,
1999-02-23,,,
1999-02-24,,,
1999-02-25,,,
1999-02-26,,,
1999-02-27,,,
1999-02-28,,,
1999-03-01,,,
1999-03-02,,,
1999-03-03,,,
1999-03-04,,,
1999-03-05,,,
1999-03-06,,,
1999-03-07,,,
1999-03-08,,,
1999-03-09,,,
1999-03-10,,,
1999-03-11,,,
1999-03-12,,,
1999-03-13,,,
1999-03-14,,,
1999-03-15,,,
1999-03-16,,,
1999-03-17,,,
1999-03-18,,,
1999-03-19,,,
1999-03-20,,,
1999-03-21,,,
1999-03-22,,,
1999-03-23,,,
1999-03-24,,,
1999-03-25,,,
1999-03-26,,,
1999-03-27,,,
1999-03-28,,,
1999-03-29,,,
1999-03-30,,,
1999-03-31,,,
1999-04-01,,,
1999-04-02,,,
1999-04-03,,,
1999-04-04,,,
1999-04-05,,,
1999-04-06,,,
1999-04-07,,,
1999-04-08,,,
1999-04-09,,,
1999-04-10,,,
1999-04-11,,,
1999-04-12,,,
1999-04-13,,,
1999-04-14,,,
1999-04-15,,,
1999-04-16,,,
1999-04-17,,,
1999-04-18,,,
1999-04-19,,,
1999-04-20,,,
1999-04-21,,,
1999-04-22,,,
1999-04-23,,,
1999-04-24,,,
1999-04-25,,,
1999-04-26,,,
1999-04-27,,,
1999-04-28,,,
1999-04-29,,,
1999-04-30,,,
1999-05-01,,,
1999-05-02,,,
1999-05-03,,,
1999-05-04,,,
1999-05-05,,,
1999-05-06,,,
1999-05-07,,,
1999-05-08,,,
1999-05-09,,,
1999-05-10,,,
1999-05-11,,,
1999-05-12,,,
1999-05-13,,,
1999-05-14,,,
1999-05-15,,,
1999-05-16,,,
1999-05-17,,,
1999-05-18,,,
1999-05-19,,,
1999-05-20,,,
1999-05-21,,,
1999-05-22,,,
1999-05-23,,,
1999-05-24,,,
1999-05-25,,,
1999-05-26,,,
1999-05-27,,,
1999-05-28,,,
1999-05-29,,,
1999-05-30,,,
1999-05-31,,,
1999-06-01,,,
1999-06-02,,,
1999-06-03,,,
1999-06-04,,,
1999-06-05,,,
1999-06-06,,,
1999-06-07,,,
1999-06-08,,,
1999-06-09,,,
1999-06-10,,,
1999-06-11,,,
1999-06-12,,,
1999-06-13,,,
1999-06-14,,,
1999-06-15,,,
1999-06-16,,,
1999-06-17,,,
1999-06-18,,,
1999-06-19,,,
1999-06-20,,,
1999-06-21,,,
1999-06-22,,,
1999-06-23,,,
1999-06-24,,,
1999-06-25,,,
1999-06-26,,,
1999-06-27,,,
1999-06-28,,,
1999-06-29,,,
1999-06-30,,,
1999-07-01,,,
1999-07-02,,,
1999-07-03,,,
1999-07-04,,,
1999-07-05,,,
1999-07-06,,,
1999-07-07,,,
1999-07-08,,,
1999-07-09,,,
1999-07-10,,,
1999-07-11,,,
1999-07-12,,,
1999-07-13,,,
1999-07-14,,,
1999-07-15,,,
1999-07-16,,,
1999-07-17,,,
1999-07-18,,,
1999-07-19,,,
1999-07-20,,,
1999-07-21,,,
1999-07-22,,,
1999-07-23,,,
1999-07-24,,,
1999-07-25,,,
1999-07-26,,,
1999-07-27,,,
1999-07-28,,,
1999-07-29,,,
1999-07-30,,,
1999-07-31,,,
1999-08-01,,,
1999-08-02,,,
1999-08-03,,,
1999-08-04,,,
1999-08-05,,,
1999-08-06,,,
1999-08-07,,,
1999-08-08,,,
1999-08-09,,,
1999-08-10,,,
1999-08-11,,,
1999-08-12,,,
1999-08-13,,,
1999-08-14,,,
1999-08-15,,,
1999-08-16,,,
1999-08-17,,,
1999-08-18,,,
1999-08-19,,,
1999-08-20,,,
1999-08-21,,,
1999-08-22,,,
1999-08-23,,,
1999-08-24,,,
1999-08-25,,,
1999-08-26,,,
1999-08-27,,,
1999-08-28,,,
1999-08-29,,,
1999-08-30,,,
1999-08-31,,,
1999-09-01,,,
1999-09-02,,,
1999-09-03,,,
1999-09-04,,,
1999-09-05,,,
1999-09-06,,,
1999-09-07,,,
1999-09-08,,,
1999-09-09,,,
1999-09-10,,,
1999-09-11,,,
1999-09-12,,,
1999-09-13,,,
1999-09-14,,,
1999-09-15,,,
1999-09-16,,,
1999-09-17,,,
1999-09-18,,,
1999-09-19,,,
1999-09-20,,,
1999-09-21,,,
1999-09-22,,,
1999-09-23,,,
1999-09-24,,,
1999-09-25,,,
1999-09-26,,,
1999-09-27,,,
1999-09-28,,,
1999-09-29,,,
1999-09-30,,,
1999-10-01,,,
1999-10-02,,,
1999-10-03,,,
1999-10-04,,,
1999-10-05,,,
1999-10-06,,,
1999-10-07,,,
1999-10-08,,,
1999-10-09,,,
1999-10-10,,,
1999-10-11,,,
1999-10-12,,,
1999-10-13,,,
1999-10-14,,,
1999-10-15,,,
1999-10-16,,,
1999-10-17,,,
1999-10-18,,,
1999-10-19,,,
1999-10-20,,,
1999-10-21,,,
1999-10-22,,,
1999-10-23,,,
1999-10-24,,,
1999-10-25,,,
1999-10-26,,,
1999-10-27,,,
1999-10-28,,,
1999-10-29,,,
1999-10-30,,,
1999-10-31,,,
1999-11-01,,,
1999-11-02,,,
1999-11-03,,,
1999-11-04,,,
1999-11-05,,,
1999-11-06,,,
1999-11-07,,,
1999-11-08,,,
1999-11-09,,,
1999-11-10,,,
1999-11-11,,,
1999-11-12,,,
1999-11-13,,,
1999-11-14,,,
1999-11-15,,,
1999-11-16,,,
1999-11-17,,,
1999-11-18,,,
1999-11-19,,,
1999-11-20,,,
1999-11-21,,,
1999-11-22,,,
1999-11-23,,,
1999-11-24,,,
1999-11-25,,,
1999-11-26,,,
1999-11-27,,,
1999-11-28,,,
1999-11-29,,,
1999-11-30,,,
1999-12-01,,,
1999-12-02,,,
1999-12-03,,,
1999-12-04,,,
1999-12-05,,,
1999-12-06,,,
1999-12-07,,,
1999-12-08,,,
1999-12-09,,,
1999-12-10,,,
1999-12-11,,,
1999-12-12,,,
1999-12-13,,,
1999-12-14,,,
1999-12-15,,,
1999-12-16,,,
1999-12-17,,,
1999-12-18,,,
1999-12-19,,,
1999-12-20,,,
1999-12-21,,,
1999-12-22,,,
1999-12-23,,,
1999-12-24,,,
1999-12-25,,,
1999-12-26,,,
1999-12-27,,,
1999-12-28,,,
1999-12-29,,,
1999-12-30,,,
1999-12-31,,,
2000-01-01,,,
2000-01-02,,,
2000-01-03,,,
2000-01-04,,,
2000-01-05,,,
2000-01-06,,,
2000-01-07,,,
2000-01-08,,,
2000-01-09,,,
2000-01-10,,,
2000-01-11,,,
2000-01-12,,,
2000-01-13,,,
2000-01-14,,,
2000-01-15,,,
2000-01-16,,,
2000-01-17,,,
2000-01-18,,,
2000-01-19,,,
2000-01-20,,,
2000-01-21,,,
2000-01-22,,,
2000-01-23,,,
2000-01-24,,,
2000-01-25,,,
2000-01-26,,,
2000-01-27,,,
2000-01-28,,,
2000-01-29,,,
2000-01-30,,,
2000-01-31,,,
2000-02-01,,,
2000-02-02,,,
2000-02-03,,,
2000-02-04,,,
2000-02-05,,,
2000-02-06,,,
2000-02-07,,,
2000-02-08,,,
2000-02-09,,,
2000-02-10,,,
2000-02-11,,,
2000-02-12,,,
2000-02-13,,,
2000-02-14,,,
2000-02-15,,,
2000-02-16,,,
2000-02-17,,,
2000-02-18,,,
2000-02-19,,,
2000-02-20,,,
2000-02-21,,,
2000-02-22,,,
2000-02-23,,,
2000-02-24,,,
2000-02-25,,,
2000-02-26,,,
2000-02-27,,,
2000-02-28,,,
2000-02-29,,,
2000-03-01,,,
2000-03-02,,,
2000-03-03,,,
2000-03-04,,,
2000-03-05,,,
2000-03-06,,,
2000-03-07,,,
2000-03-08,,,
2000-03-09,,,
2000-03-10,,,
2000-03-11,,,
2000-03-12,,,
2000-03-13,,,
2000-03-14,,,
2000-03-15,,,
2000-03-16,,,
2000-03-17,,,
2000-03-18,,,
2000-03-19,,,
2000-03-20,,,
2000-03-21,,,
2000-03-22,,,
2000-03-23,,,
2000-03-24,,,
2000-03-25,,,
2000-03-26,,,
2000-03-27,,,
2000-03-28,,,
2000-03-29,,,
2000-03-30,,,
2000-03-31,,,
2000-04-01,,,
2000-04-02,,,
2000-04-03,,,
2000-04-04,,,
2000-04-05,,,
2000-04-06,,,
2000-04-07,,,
2000-04-08,,,
2000-04-09,,,
2000-04-10,,,
2000-04-11,,,
2000-04-12,,,
2000-04-13,,,
2000-04-14,,,
2000-04-15,,,
2000-04-16,,,
2000-04-17,,,
2000-04-18,,,
2000-04-19,,,
2000-04-20,,,
2000-04-21,,,
2000-04-22,,,
2000-04-23,,,
2000-04-24,,,
2000-04-25,,,
2000-04-26,,,
2000-04-27,,,
2000-04-28,,,
2000-04-29,,,
2000-04-30,,,
2000-05-01,,,
2000-05-02,,,
2000-05-03,,,
2000-05-04,,,
2000-05-05,,,
2000-05-06,,,
2000-05-07,,,
2000-05-08,,,
2000-05-09,,,
2000-05-10,,,
2000-05-11,,,
2000-05-12,,,
2000-05-13,,,
2000-05-14,,,
2000-05-15,,,
2000-05-16,,,
2000-05-17,,,
2000-05-18,,,
2000-05-19,,,
2000-05-20,,,
2000-05-21,,,
2000-05-22,,,
2000-05-23,,,
2000-05-24,,,
2000-05-25,,,
2000-05-26,,,
2000-05-27,,,
2000-05-28,,,
2000-05-29,,,
2000-05-30,,,
2000-05-31,,,
2000-06-01,,,
2000-06-02,,,
2000-06-03,,,
2000-06-04,,,
2000-06-05,,,
2000-06-06,,,
2000-06-07,,,
2000-06-08,,,
2000-06-09,,,
2000-06-10,,,
2000-06-11,,,
2000-06-12,,,
2000-06-13,,,
2000-06-14,,,
2000-06-15,,,
2000-06-16,,,
2000-06-17,,,
2000-06-18,,,
2000-06-19,,,
2000-06-20,,,
2000-06-21,,,
2000-06-22,,,
2000-06-23,,,
2000-06-24,,,
2000-06-25,,,
2000-06-26,,,
2000-06-27,,,
2000-06-28,,,
2000-06-29,,,
2000-06-30,,,
2000-07-01,,,
2000-07-02,,,
2000-07-03,,,
2000-07-04,,,
2000-07-05,,,
2000-07-06,,,
2000-07-07,,,
2000-07-08,,,
2000-07-09,,,
2000-07-10,,,
2000-07-11,,,
2000-07-12,,,
2000-07-13,,,
2000-07-14,,,
2000-07-15,,,
2000-07-16,,,
2000-07-17,,,
2000-07-18,,,
2000-07-19,,,
2000-07-20,,,
2000-07-21,,,
2000-07-22,,,
2000-07-23,,,
2000-07-24,,,
2000-07-25,,,
2000-07-26,,,
2000-07-27,,,
2000-07-28,,,
2000-07-29,,,
2000-07-30,,,
2000-07-31,,,
2000-08-01,,,
2000-08-02,,,
2000-08-03,,,
2000-08-04,,,
2000-08-05,,,
2000-08-06,,,
2000-08-07,,,
2000-08-08,,,
2000-08-09,,,
2000-08-10,,,
2000-08-11,,,
2000-08-12,,,
2000-08-13,,,
2000-08-14,,,
2000-08-15,,,
2000-08-16,,,
2000-08-17,,,
2000-08-18,,,
2000-08-19,,,
2000-08-20,,,
2000-08-21,,,
2000-08-22,,,
2000-08-23,,,
2000-08-24,,,
2000-08-25,,,
2000-08-26,,,
2000-08-27,,,
2000-08-28,,,
2000-08-29,,,
2000-08-30,,,
2000-08-31,,,
2000-09-01,,,
2000-09-02,,,
2000-09-03,,,
2000-09-04,,,
2000-09-05,,,
2000-09-06,,,
2000-09-07,,,
2000-09-08,,,
2000-09-09,,,
2000-09-10,,,
2000-09-11,,,
2000-09-12,,,
2000-09-13,,,
2000-09-14,,,
2000-09-15,,,
2000-09-16,,,
2000-09-17,,,
2000-09-18,,,
2000-09-19,,,
2000-09-20,,,
2000-09-21,,,
2000-09-22,,,
2000-09-23,,,
2000-09-24,,,
2000-09-25,,,
2000-09-26,,,
2000-09-27,,,
2000-09-28,,,
2000-09-29,,,
2000-09-30,,,
2000-10-01,1.07604017,38.000035791499,0.47196222318755876
2000-10-02,1.047723324,37.0000348700628,0.4595421649365552
2000-10-03,1.019406477,36.0000339133119,0.44712210624694154
2000-10-04,0.962772784,34.0000320351248,0.4222819893063242
2000-10-05,0.962772784,34.0000320351248,0.4222819893063242
2000-10-06,0.934455938,33.00003111368861,0.40986193105532076
2000-10-07,0.934455938,33.00003111368861,0.40986193105532076
2000-10-08,0.934455938,33.00003111368861,0.40986193105532076
2000-10-09,0.934455938,33.00003111368861,0.40986193105532076
2000-10-10,0.934455938,33.00003111368861,0.40986193105532076
2000-10-11,0.934455938,33.00003111368861,0.40986193105532076
2000-10-12,0.934455938,33.00003111368861,0.40986193105532076
2000-10-13,0.934455938,33.00003111368861,0.40986193105532076
2000-10-14,0.934455938,33.00003111368861,0.40986193105532076
2000-10-15,0.934455938,33.00003111368861,0.40986193105532076
2000-10-16,0.934455938,33.00003111368861,0.40986193105532076
2000-10-17,0.934455938,33.00003111368861,0.40986193105532076
2000-10-18,0.934455938,33.00003111368861,0.40986193105532076
2000-10-19,0.934455938,33.00003111368861,0.40986193105532076
2000-10-20,0.934455938,33.00003111368861,0.40986193105532076
2000-10-21,0.962772784,34.0000320351248,0.4222819893063242
2000-10-22,0.962772784,34.0000320351248,0.4222819893063242
2000-10-23,0.962772784,34.0000320351248,0.4222819893063242
2000-10-24,0.962772784,34.0000320351248,0.4222819893063242
2000-10-25,1.047723324,37.0000348700628,0.4595421649365552
2000-10-26,1.019406477,36.0000339133119,0.44712210624694154
2000-10-27,1.019406477,36.0000339133119,0.44712210624694154
2000-10-28,0.991089631,35.000032991875706,0.43470204799593803
2000-10-29,0.991089631,35.000032991875706,0.43470204799593803
2000-10-30,0.991089631,35.000032991875706,0.43470204799593803
2000-10-31,0.991089631,35.000032991875706,0.43470204799593803
2000-11-01,0.962772784,34.0000320351248,0.4222819893063242
2000-11-02,0.906139091,32.000030156937704,0.397441872365707
2000-11-03,0.906139091,32.000030156937704,0.397441872365707
2000-11-04,0.877822244,31.000029200186802,0.3850218136760932
2000-11-05,0.877822244,31.000029200186802,0.3850218136760932
2000-11-06,0.877822244,31.000029200186802,0.3850218136760932
2000-11-07,0.877822244,31.000029200186802,0.3850218136760932
2000-11-08,0.877822244,31.000029200186802,0.3850218136760932
2000-11-09,0.877822244,31.000029200186802,0.3850218136760932
2000-11-10,0.877822244,31.000029200186802,0.3850218136760932
2000-11-11,0.877822244,31.000029200186802,0.3850218136760932
2000-11-12,0.877822244,31.000029200186802,0.3850218136760932
2000-11-13,0.906139091,32.000030156937704,0.397441872365707
2000-11-14,0.849505398,30.0000282787506,0.3726017554250897
2000-11-15,0.849505398,30.0000282787506,0.3726017554250897
2000-11-16,0.821188551,29.000027321999703,0.36018169673547595
2000-11-17,0.849505398,30.0000282787506,0.3726017554250897
2000-11-18,0.821188551,29.000027321999703,0.36018169673547595
2000-11-19,0.821188551,29.000027321999703,0.36018169673547595
2000-11-20,0.792871705,28.000026400563502,0.3477616384844725
2000-11-21,0.736238011,26.0000244870617,0.32292152110524497
2000-11-22,0.707921165,25.0000235656255,0.31050146285424146
2000-11-23,0.679604318,24.000022608874602,0.2980814041646277
2000-11-24,0.566336932,20.0000188525004,0.24840117028339315
2000-11-25,0.538020085,19.0000178957495,0.23598111159377938
2000-11-26,0.509703239,18.0000169743133,0.2235610533427759
2000-11-27,0.481386392,17.0000160175624,0.2111409946531621
2000-11-28,0.538020085,19.0000178957495,0.23598111159377938
2000-11-29,0.538020085,19.0000178957495,0.23598111159377938
2000-11-30,0.566336932,20.0000188525004,0.24840117028339315
2000-12-01,0.538020085,19.0000178957495,0.23598111159377938
2000-12-02,0.509703239,18.0000169743133,0.2235610533427759
2000-12-03,0.538020085,19.0000178957495,0.23598111159377938
2000-12-04,0.509703239,18.0000169743133,0.2235610533427759
2000-12-05,0.538020085,19.0000178957495,0.23598111159377938
2000-12-06,0.481386392,17.0000160175624,0.2111409946531621
2000-12-07,0.481386392,17.0000160175624,0.2111409946531621
2000-12-08,0.453069545,16.000015060811503,0.1987209359635484
2000-12-09,0.453069545,16.000015060811503,0.1987209359635484
2000-12-10,0.453069545,16.000015060811503,0.1987209359635484
2000-12-11,0.424752699,15.0000141393753,0.18630087771254486
2000-12-12,0.396435852,14.0000131826244,0.1738808190229311
2000-12-13,0.368119006,13.000012261188202,0.16146076077192761
2000-12-14,0.339802159,12.000011304437301,0.14904070208231385
2000-12-15,0.368119006,13.000012261188202,0.16146076077192761
2000-12-16,0.396435852,14.0000131826244,0.1738808190229311
2000-12-17,0.424752699,15.0000141393753,0.18630087771254486
2000-12-18,0.453069545,16.000015060811503,0.1987209359635484
2000-12-19,0.481386392,17.0000160175624,0.2111409946531621
2000-12-20,0.453069545,16.000015060811503,0.1987209359635484
2000-12-21,0.481386392,17.0000160175624,0.2111409946531621
2000-12-22,0.481386392,17.0000160175624,0.2111409946531621
2000-12-23,0.481386392,17.0000160175624,0.2111409946531621
2000-12-24,0.453069545,16.000015060811503,0.1987209359635484
2000-12-25,0.481386392,17.0000160175624,0.2111409946531621
2000-12-26,0.509703239,18.0000169743133,0.2235610533427759
2000-12-27,0.509703239,18.0000169743133,0.2235610533427759
2000-12-28,0.538020085,19.0000178957495,0.23598111159377938
2000-12-29,0.538020085,19.0000178957495,0.23598111159377938
2000-12-30,0.509703239,18.0000169743133,0.2235610533427759
2000-12-31,0.481386392,17.0000160175624,0.2111409946531621
2001-01-01,0.509703239,18.0000169743133,0.2235610533427759
2001-01-02,0.509703239,18.0000169743133,0.2235610533427759
2001-01-03,0.481386392,17.0000160175624,0.2111409946531621
2001-01-04,0.453069545,16.000015060811503,0.1987209359635484
2001-01-05,0.453069545,16.000015060811503,0.1987209359635484
2001-01-06,0.424752699,15.0000141393753,0.18630087771254486
2001-01-07,0.424752699,15.0000141393753,0.18630087771254486
2001-01-08,0.453069545,16.000015060811503,0.1987209359635484
2001-01-09,0.481386392,17.0000160175624,0.2111409946531621
2001-01-10,0.509703239,18.0000169743133,0.2235610533427759
2001-01-11,0.538020085,19.0000178957495,0.23598111159377938
2001-01-12,0.509703239,18.0000169743133,0.2235610533427759
2001-01-13,0.509703239,18.0000169743133,0.2235610533427759
2001-01-14,0.481386392,17.0000160175624,0.2111409946531621
2001-01-15,0.481386392,17.0000160175624,0.2111409946531621
2001-01-16,0.453069545,16.000015060811503,0.1987209359635484
2001-01-17,0.481386392,17.0000160175624,0.2111409946531621
2001-01-18,0.509703239,18.0000169743133,0.2235610533427759
2001-01-19,0.481386392,17.0000160175624,0.2111409946531621
2001-01-20,0.481386392,17.0000160175624,0.2111409946531621
2001-01-21,0.453069545,16.000015060811503,0.1987209359635484
2001-01-22,0.424752699,15.0000141393753,0.18630087771254486
2001-01-23,0.424752699,15.0000141393753,0.18630087771254486
2001-01-24,0.368119006,13.000012261188202,0.16146076077192761
2001-01-25,0.368119006,13.000012261188202,0.16146076077192761
2001-01-26,0.339802159,12.000011304437301,0.14904070208231385
2001-01-27,0.339802159,12.000011304437301,0.14904070208231385
2001-01-28,0.339802159,12.000011304437301,0.14904070208231385
2001-01-29,0.339802159,12.000011304437301,0.14904070208231385
2001-01-30,0.339802159,12.000011304437301,0.14904070208231385
2001-01-31,0.339802159,12.000011304437301,0.14904070208231385
2001-02-01,0.339802159,12.000011304437301,0.14904070208231385
2001-02-02,0.339802159,12.000011304437301,0.14904070208231385
2001-02-03,0.339802159,12.000011304437301,0.14904070208231385
2001-02-04,0.339802159,12.000011304437301,0.14904070208231385
2001-02-05,0.311485313,11.0000103830011,0.1366206438313103
2001-02-06,0.339802159,12.000011304437301,0.14904070208231385
2001-02-07,0.339802159,12.000011304437301,0.14904070208231385
2001-02-08,0.368119006,13.000012261188202,0.16146076077192761
2001-02-09,0.311485313,11.0000103830011,0.1366206438313103
2001-02-10,0.368119006,13.000012261188202,0.16146076077192761
2001-02-11,0.396435852,14.0000131826244,0.1738808190229311
2001-02-12,0.424752699,15.0000141393753,0.18630087771254486
2001-02-13,0.424752699,15.0000141393753,0.18630087771254486
2001-02-14,0.396435852,14.0000131826244,0.1738808190229311
2001-02-15,0.368119006,13.000012261188202,0.16146076077192761
2001-02-16,0.368119006,13.000012261188202,0.16146076077192761
2001-02-17,0.368119006,13.000012261188202,0.16146076077192761
2001-02-18,0.339802159,12.000011304437301,0.14904070208231385
2001-02-19,0.339802159,12.000011304437301,0.14904070208231385
2001-02-20,0.368119006,13.000012261188202,0.16146076077192761
2001-02-21,0.424752699,15.0000141393753,0.18630087771254486
2001-02-22,0.424752699,15.0000141393753,0.18630087771254486
2001-02-23,0.424752699,15.0000141393753,0.18630087771254486
2001-02-24,0.453069545,16.000015060811503,0.1987209359635484
2001-02-25,0.481386392,17.0000160175624,0.2111409946531621
2001-02-26,0.453069545,16.000015060811503,0.1987209359635484
2001-02-27,0.396435852,14.0000131826244,0.1738808190229311
2001-02-28,0.424752699,15.0000141393753,0.18630087771254486
2001-03-01,0.396435852,14.0000131826244,0.1738808190229311
2001-03-02,0.396435852,14.0000131826244,0.1738808190229311
2001-03-03,0.368119006,13.000012261188202,0.16146076077192761
2001-03-04,0.339802159,12.000011304437301,0.14904070208231385
2001-03-05,0.339802159,12.000011304437301,0.14904070208231385
2001-03-06,0.339802159,12.000011304437301,0.14904070208231385
2001-03-07,0.339802159,12.000011304437301,0.14904070208231385
2001-03-08,0.339802159,12.000011304437301,0.14904070208231385
2001-03-09,0.311485313,11.0000103830011,0.1366206438313103
2001-03-10,0.311485313,11.0000103830011,0.1366206438313103
2001-03-11,0.311485313,11.0000103830011,0.1366206438313103
2001-03-12,0.283168466,10.0000094262502,0.12420058514169657
2001-03-13,0.283168466,10.0000094262502,0.12420058514169657
2001-03-14,0.283168466,10.0000094262502,0.12420058514169657
2001-03-15,0.339802159,12.000011304437301,0.14904070208231385
2001-03-16,0.283168466,10.0000094262502,0.12420058514169657
2001-03-17,0.339802159,12.000011304437301,0.14904070208231385
2001-03-18,0.274673412,9.7000091427564,0.12047456757867346
2001-03-19,0.274673412,9.7000091427564,0.12047456757867346
2001-03-20,0.283168466,10.0000094262502,0.12420058514169657
2001-03-21,0.311485313,11.0000103830011,0.1366206438313103
2001-03-22,0.339802159,12.000011304437301,0.14904070208231385
2001-03-23,0.396435852,14.0000131826244,0.1738808190229311
2001-03-24,0.424752699,15.0000141393753,0.18630087771254486
2001-03-25,0.481386392,17.0000160175624,0.2111409946531621
2001-03-26,0.594653778,21.0000197739366,0.26082122853439665
2001-03-27,0.651287472,23.0000216874384,0.2856613459136242
2001-03-28,0.594653778,21.0000197739366,0.26082122853439665
2001-03-29,0.509703239,18.0000169743133,0.2235610533427759
2001-03-30,0.453069545,16.000015060811503,0.1987209359635484
2001-03-31,0.396435852,14.0000131826244,0.1738808190229311
2001-04-01,0.368119006,13.000012261188202,0.16146076077192761
2001-04-02,0.453069545,16.000015060811503,0.1987209359635484
2001-04-03,0.509703239,18.0000169743133,0.2235610533427759
2001-04-04,0.538020085,19.0000178957495,0.23598111159377938
2001-04-05,0.538020085,19.0000178957495,0.23598111159377938
2001-04-06,0.594653778,21.0000197739366,0.26082122853439665
2001-04-07,0.566336932,20.0000188525004,0.24840117028339315
2001-04-08,0.622970625,22.000020730687503,0.2732412872240104
2001-04-09,0.764554858,27.0000254438126,0.33534157979485874
2001-04-10,0.764554858,27.0000254438126,0.33534157979485874
2001-04-11,0.707921165,25.0000235656255,0.31050146285424146
2001-04-12,0.622970625,22.000020730687503,0.2732412872240104
2001-04-13,0.622970625,22.000020730687503,0.2732412872240104
2001-04-14,0.622970625,22.000020730687503,0.2732412872240104
2001-04-15,0.651287472,23.0000216874384,0.2856613459136242
2001-04-16,0.594653778,21.0000197739366,0.26082122853439665
2001-04-17,0.651287472,23.0000216874384,0.2856613459136242
2001-04-18,0.792871705,28.000026400563502,0.3477616384844725
2001-04-19,0.934455938,33.00003111368861,0.40986193105532076
2001-04-20,0.962772784,34.0000320351248,0.4222819893063242
2001-04-21,0.962772784,34.0000320351248,0.4222819893063242
2001-04-22,0.962772784,34.0000320351248,0.4222819893063242
2001-04-23,0.962772784,34.0000320351248,0.4222819893063242
2001-04-24,0.962772784,34.0000320351248,0.4222819893063242
2001-04-25,1.047723324,37.0000348700628,0.4595421649365552
2001-04-26,1.472476023,52.0000490094381,0.6458430426491001
2001-04-27,2.038812955,72.0000678619385,0.8942442129324933
2001-04-28,2.718417273,96.0000904708131,1.192325617097121
2001-04-29,3.65287321,129.000121549187,1.6021875477138314
2001-04-30,4.049309063,143.0001347671261,1.776068367175373
2001-05-01,4.077625909,144.0001356885623,1.7884884254263762
2001-05-02,3.73782375,132.000124384125,1.6394477233440625
2001-05-03,3.454655284,122.00011495787481,1.515247138202366
2001-05-04,3.284754205,116.00010932331351,1.440726787380514
2001-05-05,3.624556364,128.00012062775082,1.589767489462828
2001-05-06,4.077625909,144.0001356885623,1.7884884254263762
2001-05-07,4.077625909,144.0001356885623,1.7884884254263762
2001-05-08,5.125349233,181.0001705586251,2.2480305903629314
2001-05-09,6.852676875,242.00022803756252,3.0056541594641146
2001-05-10,7.4756475,264.00024876825,3.278895446688125
2001-05-11,8.636638211,305.0002874300017,3.7881178459445244
2001-05-12,10.3922827,367.00034586569006,4.558161473735322
2001-05-13,13.02574943,460.00043339562103,5.7132269138863805
2001-05-14,17.30159327,611.0005758520691,7.588655751017274
2001-05-15,25.00377554,883.000832062438,10.966911664590649
2001-05-16,42.47526989,1500.001413584383,18.63008776686838
2001-05-17,29.73268892,1050.000989403124,13.041061435492038
2001-05-18,22.68179412,801.000754809564,9.948466866955068
2001-05-19,21.83228872,771.0007264601841,9.575865110652758
2001-05-20,22.11545719,781.000736027693,9.700065697548895
2001-05-21,21.1526844,747.0007037806799,9.27778370561091
2001-05-22,20.21822847,714.0006729495091,8.86792177806447
2001-05-23,20.89783278,738.0006952758661,9.166003178720217
2001-05-24,22.8516952,807.0007604794401,10.022987218215532
2001-05-25,24.69229023,872.000821785381,10.830291022075167
2001-05-26,25.37189455,896.0008444648851,11.128372427117016
2001-05-27,26.44793472,934.000880256384,11.600334650304575
2001-05-28,26.53288526,937.0008830913221,11.637594825934807
2001-05-29,25.03209239,884.000833125133,10.979331724596092
2001-05-30,21.52080341,760.000716183127,9.439244468137277
2001-05-31,20.38812955,720.000678619385,8.942442129324933
2001-06-01,20.38812955,720.000678619385,8.942442129324933
2001-06-02,21.52080341,760.000716183127,9.439244468137277
2001-06-03,23.21981421,820.000772881887,10.184447980741899
2001-06-04,19.82179261,700.000659484367,8.694040955532657
2001-06-05,15.29109716,540.0005088762521,6.7068315958971745
2001-06-06,11.6099071,410.00038626437,5.0922239881778975
2001-06-07,8.778222444,310.00029214312684,3.8502181385153738
2001-06-08,10.70376801,378.00035614274697,4.694782116250801
2001-06-09,12.99743259,459.00043268607305,5.700806858267039
2001-06-10,16.2255531,573.00054006057,7.116693527829715
2001-06-11,17.18832588,607.000571954436,7.5389755153815985
2001-06-12,16.45208787,581.0005475026891,7.216053994714963
2001-06-13,15.43268139,545.0005134834331,6.768931887152191
2001-06-14,12.57267989,444.00041851138303,5.514505980115884
2001-06-15,10.08079739,356.00033558863305,4.4215408312198425
2001-06-16,8.834856137,312.0002940213139,3.8750582554559903
2001-06-17,8.466737131,299.00028176012574,3.7135974946840626
2001-06-18,8.183568665,289.0002723338755,3.5893969095423657
2001-06-19,7.985350739,282.00026574256333,3.502456500030901
2001-06-20,7.985350739,282.00026574256333,3.502456500030901
2001-06-21,8.098618125,286.0002694989375,3.5521367339121355
2001-06-22,9.146341449,323.0003043690003,4.0116788988486904
2001-06-23,11.6099071,410.00038626437,5.0922239881778975
2001-06-24,13.02574943,460.00043339562103,5.7132269138863805
2001-06-25,13.6770369,483.00045501243,5.998888258922784
2001-06-26,13.62040321,481.00045324018697,5.974048143297997
2001-06-27,13.05406628,461.000434458316,5.725646973891825
2001-06-28,12.71426412,449.000423118564,5.576606271370901
2001-06-29,11.44000602,404.000380594494,5.017703636917436
2001-06-30,9.882579461,349.00032889137674,4.334600420392546
2001-07-01,8.466737131,299.00028176012574,3.7135974946840626
2001-07-02,7.815449659,276.00026007268735,3.427936148770439
2001-07-03,7.532281193,266.0002506464371,3.303735563628742
2001-07-04,7.249112728,256.00024125550163,3.179534978925656
2001-07-05,6.909310568,244.00022991574963,3.030494276404732
2001-07-06,6.626142103,234.00022052481413,2.9062936917016455
2001-07-07,6.48455787,229.000215811689,2.844193399130797
2001-07-08,6.48455787,229.000215811689,2.844193399130797
2001-07-09,6.173072557,218.00020542868793,2.7075727552994873
2001-07-10,5.833270398,206.0001941242506,2.558532053217173
2001-07-11,5.804953551,205.0001931674997,2.5461119945275588
2001-07-12,5.663369318,200.0001884543746,2.484011701956711
2001-07-13,5.436834546,192.0001809416262,2.384651234194242
2001-07-14,5.040398693,178.00016772368713,2.2107704147327008
2001-07-15,4.89881446,173.000163010562,2.1486701221618523
2001-07-16,4.728913381,167.00015737600071,2.0741497713400006
2001-07-17,4.474061762,158.0001489065014,1.9623692448879178
2001-07-18,4.275843835,151.0001422798745,1.8754288349378418
2001-07-19,4.020992216,142.0001338103752,1.7636483084857588
2001-07-20,3.766140597,133.0001253408759,1.6518677820336762
2001-07-21,3.567922671,126.0001187495637,1.5649273725222106
2001-07-22,3.313071051,117.0001102447497,1.4531468456315175
2001-07-23,3.086536279,109.00010273200131,1.3537863778690487
2001-07-24,2.916635199,103.0000970621253,1.2792660266085865
2001-07-25,2.803367813,99.00009330575111,1.229585792727352
2001-07-26,2.718417273,96.0000904708131,1.192325617097121
2001-07-27,2.633466733,93.0000876358751,1.15506544146689
2001-07-28,2.548516193,90.00008480093712,1.117805265836659
2001-07-29,2.463565654,87.0000820013138,1.0805450906450382
2001-07-30,2.378615114,84.00007916637581,1.0432849150148071
2001-07-31,2.293664574,81.00007633143781,1.006024739384576
2001-08-01,2.208714034,78.00007349649981,0.9687645637543452
2001-08-02,2.123763494,75.0000706615618,0.9315043881241141
2001-08-03,2.038812955,72.0000678619385,0.8942442129324933
2001-08-04,1.982179261,70.0000659484367,0.8694040955532657
2001-08-05,1.897228722,67.0000631488134,0.832143920361645
2001-08-06,1.840595028,65.0000612353116,0.8073038029824176
2001-08-07,1.812278182,64.00006031387541,0.794883744731414
2001-08-08,1.783961335,63.000059357124506,0.7824636860418003
2001-08-09,1.783961335,63.000059357124506,0.7824636860418003
2001-08-10,1.783961335,63.000059357124506,0.7824636860418003
2001-08-11,1.783961335,63.000059357124506,0.7824636860418003
2001-08-12,1.783961335,63.000059357124506,0.7824636860418003
2001-08-13,1.755644489,62.0000584356883,0.7700436277907968
2001-08-14,1.727327642,61.00005747893741,0.757623569101183
2001-08-15,1.699010796,60.0000565575012,0.7452035108501794
2001-08-16,1.642377102,58.000054643999405,0.7203633934709519
2001-08-17,1.585743409,56.000052765812306,0.6955232765303347
2001-08-18,1.529109716,54.0000508876252,0.6706831595897175
2001-08-19,1.472476023,52.0000490094381,0.6458430426491001
2001-08-20,1.444159176,51.000048052687205,0.6334229839594865
2001-08-21,1.444159176,51.000048052687205,0.6334229839594865
2001-08-22,1.387525483,49.0000461745001,0.6085828670188691
2001-08-23,1.359208636,48.000045217749204,0.5961628083292554
2001-08-24,1.33089179,47.000044296313,0.5837427500782518
2001-08-25,1.302574943,46.000043339562104,0.571322691388638
2001-08-26,1.302574943,46.000043339562104,0.571322691388638
2001-08-27,1.274258097,45.0000424181259,0.5589026331376346
2001-08-28,1.24594125,44.000041461375005,0.5464825744480208
2001-08-29,1.217624403,43.0000405046241,0.5340625157584071
2001-08-30,1.189307557,42.000039583187906,0.5216424575074036
2001-08-31,1.189307557,42.000039583187906,0.5216424575074036
2001-09-01,1.16099071,41.000038626437004,0.5092223988177899
2001-09-02,1.132673864,40.0000377050008,0.4968023405667863
2001-09-03,1.104357017,39.000036748249904,0.4843822818771726
2001-09-04,1.07604017,38.000035791499,0.47196222318755876
2001-09-05,1.07604017,38.000035791499,0.47196222318755876
2001-09-06,1.104357017,39.000036748249904,0.4843822818771726
2001-09-07,1.047723324,37.0000348700628,0.4595421649365552
2001-09-08,1.047723324,37.0000348700628,0.4595421649365552
2001-09-09,1.047723324,37.0000348700628,0.4595421649365552
2001-09-10,1.047723324,37.0000348700628,0.4595421649365552
2001-09-11,1.047723324,37.0000348700628,0.4595421649365552
2001-09-12,1.047723324,37.0000348700628,0.4595421649365552
2001-09-13,1.047723324,37.0000348700628,0.4595421649365552
2001-09-14,1.047723324,37.0000348700628,0.4595421649365552
2001-09-15,1.047723324,37.0000348700628,0.4595421649365552
2001-09-16,1.047723324,37.0000348700628,0.4595421649365552
2001-09-17,1.047723324,37.0000348700628,0.4595421649365552
2001-09-18,1.047723324,37.0000348700628,0.4595421649365552
2001-09-19,1.047723324,37.0000348700628,0.4595421649365552
2001-09-20,1.047723324,37.0000348700628,0.4595421649365552
2001-09-21,1.047723324,37.0000348700628,0.4595421649365552
2001-09-22,1.019406477,36.0000339133119,0.44712210624694154
2001-09-23,0.991089631,35.000032991875706,0.43470204799593803
2001-09-24,0.962772784,34.0000320351248,0.4222819893063242
2001-09-25,0.934455938,33.00003111368861,0.40986193105532076
2001-09-26,0.906139091,32.000030156937704,0.397441872365707
2001-09-27,0.877822244,31.000029200186802,0.3850218136760932
2001-09-28,0.849505398,30.0000282787506,0.3726017554250897
2001-09-29,0.821188551,29.000027321999703,0.36018169673547595
2001-09-30,0.792871705,28.000026400563502,0.3477616384844725
2001-10-01,0.764554858,27.0000254438126,0.33534157979485874
2001-10-02,0.736238011,26.0000244870617,0.32292152110524497
2001-10-03,0.679604318,24.000022608874602,0.2980814041646277
2001-10-04,0.679604318,24.000022608874602,0.2980814041646277
2001-10-05,0.651287472,23.0000216874384,0.2856613459136242
2001-10-06,0.651287472,23.0000216874384,0.2856613459136242
2001-10-07,0.622970625,22.000020730687503,0.2732412872240104
2001-10-08,0.622970625,22.000020730687503,0.2732412872240104
2001-10-09,0.594653778,21.0000197739366,0.26082122853439665
2001-10-10,0.566336932,20.0000188525004,0.24840117028339315
2001-10-11,0.566336932,20.0000188525004,0.24840117028339315
2001-10-12,0.538020085,19.0000178957495,0.23598111159377938
2001-10-13,0.509703239,18.0000169743133,0.2235610533427759
2001-10-14,0.509703239,18.0000169743133,0.2235610533427759
2001-10-15,0.538020085,19.0000178957495,0.23598111159377938
2001-10-16,0.481386392,17.0000160175624,0.2111409946531621
2001-10-17,0.481386392,17.0000160175624,0.2111409946531621
2001-10-18,0.481386392,17.0000160175624,0.2111409946531621
2001-10-19,0.453069545,16.000015060811503,0.1987209359635484
2001-10-20,0.453069545,16.000015060811503,0.1987209359635484
2001-10-21,0.453069545,16.000015060811503,0.1987209359635484
2001-10-22,0.453069545,16.000015060811503,0.1987209359635484
2001-10-23,0.538020085,19.0000178957495,0.23598111159377938
2001-10-24,0.509703239,18.0000169743133,0.2235610533427759
2001-10-25,0.453069545,16.000015060811503,0.1987209359635484
2001-10-26,0.453069545,16.000015060811503,0.1987209359635484
2001-10-27,0.481386392,17.0000160175624,0.2111409946531621
2001-10-28,0.481386392,17.0000160175624,0.2111409946531621
2001-10-29,0.481386392,17.0000160175624,0.2111409946531621
2001-10-30,0.481386392,17.0000160175624,0.2111409946531621
2001-10-31,0.651287472,23.0000216874384,0.2856613459136242
2001-11-01,0.651287472,23.0000216874384,0.2856613459136242
2001-11-02,0.651287472,23.0000216874384,0.2856613459136242
2001-11-03,0.622970625,22.000020730687503,0.2732412872240104
2001-11-04,0.594653778,21.0000197739366,0.26082122853439665
2001-11-05,0.622970625,22.000020730687503,0.2732412872240104
2001-11-06,0.707921165,25.0000235656255,0.31050146285424146
2001-11-07,0.849505398,30.0000282787506,0.3726017554250897
2001-11-08,0.764554858,27.0000254438126,0.33534157979485874
2001-11-09,0.736238011,26.0000244870617,0.32292152110524497
2001-11-10,0.736238011,26.0000244870617,0.32292152110524497
2001-11-11,0.764554858,27.0000254438126,0.33534157979485874
2001-11-12,0.707921165,25.0000235656255,0.31050146285424146
2001-11-13,0.707921165,25.0000235656255,0.31050146285424146
2001-11-14,0.707921165,25.0000235656255,0.31050146285424146
2001-11-15,0.651287472,23.0000216874384,0.2856613459136242
2001-11-16,0.622970625,22.000020730687503,0.2732412872240104
2001-11-17,0.594653778,21.0000197739366,0.26082122853439665
2001-11-18,0.538020085,19.0000178957495,0.23598111159377938
2001-11-19,0.481386392,17.0000160175624,0.2111409946531621
2001-11-20,0.453069545,16.000015060811503,0.1987209359635484
2001-11-21,0.453069545,16.000015060811503,0.1987209359635484
2001-11-22,0.481386392,17.0000160175624,0.2111409946531621
2001-11-23,0.509703239,18.0000169743133,0.2235610533427759
2001-11-24,0.481386392,17.0000160175624,0.2111409946531621
2001-11-25,0.538020085,19.0000178957495,0.23598111159377938
2001-11-26,0.538020085,19.0000178957495,0.23598111159377938
2001-11-27,0.538020085,19.0000178957495,0.23598111159377938
2001-11-28,0.538020085,19.0000178957495,0.23598111159377938
2001-11-29,0.566336932,20.0000188525004,0.24840117028339315
2001-11-30,0.566336932,20.0000188525004,0.24840117028339315
2001-12-01,0.566336932,20.0000188525004,0.24840117028339315
2001-12-02,0.594653778,21.0000197739366,0.26082122853439665
2001-12-03,0.594653778,21.0000197739366,0.26082122853439665
2001-12-04,0.622970625,22.000020730687503,0.2732412872240104
2001-12-05,0.594653778,21.0000197739366,0.26082122853439665
2001-12-06,0.651287472,23.0000216874384,0.2856613459136242
2001-12-07,0.792871705,28.000026400563502,0.3477616384844725
2001-12-08,0.821188551,29.000027321999703,0.36018169673547595
2001-12-09,0.821188551,29.000027321999703,0.36018169673547595
2001-12-10,0.821188551,29.000027321999703,0.36018169673547595
2001-12-11,0.821188551,29.000027321999703,0.36018169673547595
2001-12-12,0.764554858,27.0000254438126,0.33534157979485874
2001-12-13,0.821188551,29.000027321999703,0.36018169673547595
2001-12-14,0.849505398,30.0000282787506,0.3726017554250897
2001-12-15,0.821188551,29.000027321999703,0.36018169673547595
2001-12-16,0.792871705,28.000026400563502,0.3477616384844725
2001-12-17,0.764554858,27.0000254438126,0.33534157979485874
2001-12-18,0.736238011,26.0000244870617,0.32292152110524497
2001-12-19,0.736238011,26.0000244870617,0.32292152110524497
2001-12-20,0.707921165,25.0000235656255,0.31050146285424146
2001-12-21,0.736238011,26.0000244870617,0.32292152110524497
2001-12-22,0.736238011,26.0000244870617,0.32292152110524497
2001-12-23,0.622970625,22.000020730687503,0.2732412872240104
2001-12-24,0.651287472,23.0000216874384,0.2856613459136242
2001-12-25,0.679604318,24.000022608874602,0.2980814041646277
2001-12-26,0.651287472,23.0000216874384,0.2856613459136242
2001-12-27,0.622970625,22.000020730687503,0.2732412872240104
2001-12-28,0.622970625,22.000020730687503,0.2732412872240104
2001-12-29,0.594653778,21.0000197739366,0.26082122853439665
2001-12-30,0.538020085,19.0000178957495,0.23598111159377938
2001-12-31,0.566336932,20.0000188525004,0.24840117028339315
2002-01-01,0.509703239,18.0000169743133,0.2235610533427759
2002-01-02,0.509703239,18.0000169743133,0.2235610533427759
2002-01-03,0.538020085,19.0000178957495,0.23598111159377938
2002-01-04,0.481386392,17.0000160175624,0.2111409946531621
2002-01-05,0.453069545,16.000015060811503,0.1987209359635484
2002-01-06,0.424752699,15.0000141393753,0.18630087771254486
2002-01-07,0.396435852,14.0000131826244,0.1738808190229311
2002-01-08,0.396435852,14.0000131826244,0.1738808190229311
2002-01-09,0.368119006,13.000012261188202,0.16146076077192761
2002-01-10,0.368119006,13.000012261188202,0.16146076077192761
2002-01-11,0.368119006,13.000012261188202,0.16146076077192761
2002-01-12,0.339802159,12.000011304437301,0.14904070208231385
2002-01-13,0.339802159,12.000011304437301,0.14904070208231385
2002-01-14,0.339802159,12.000011304437301,0.14904070208231385
2002-01-15,0.339802159,12.000011304437301,0.14904070208231385
2002-01-16,0.339802159,12.000011304437301,0.14904070208231385
2002-01-17,0.325643736,11.5000108437192,0.1428306729568121
2002-01-18,0.311485313,11.0000103830011,0.1366206438313103
2002-01-19,0.311485313,11.0000103830011,0.1366206438313103
2002-01-20,0.311485313,11.0000103830011,0.1366206438313103
2002-01-21,0.311485313,11.0000103830011,0.1366206438313103
2002-01-22,0.325643736,11.5000108437192,0.1428306729568121
2002-01-23,0.339802159,12.000011304437301,0.14904070208231385
2002-01-24,0.339802159,12.000011304437301,0.14904070208231385
2002-01-25,0.368119006,13.000012261188202,0.16146076077192761
2002-01-26,0.368119006,13.000012261188202,0.16146076077192761
2002-01-27,0.368119006,13.000012261188202,0.16146076077192761
2002-01-28,0.396435852,14.0000131826244,0.1738808190229311
2002-01-29,0.396435852,14.0000131826244,0.1738808190229311
2002-01-30,0.396435852,14.0000131826244,0.1738808190229311
2002-01-31,0.368119006,13.000012261188202,0.16146076077192761
2002-02-01,0.353960582,12.500011765155401,0.1552507312078156
2002-02-02,0.353960582,12.500011765155401,0.1552507312078156
2002-02-03,0.368119006,13.000012261188202,0.16146076077192761
2002-02-04,0.382277429,13.5000127219063,0.16767078989742937
2002-02-05,0.396435852,14.0000131826244,0.1738808190229311
2002-02-06,0.410594276,14.5000136786572,0.1800908485870431
2002-02-07,0.438911122,15.500014600093401,0.1925109068380466
2002-02-08,0.424752699,15.0000141393753,0.18630087771254486
2002-02-09,0.396435852,14.0000131826244,0.1738808190229311
2002-02-10,0.368119006,13.000012261188202,0.16146076077192761
2002-02-11,0.339802159,12.000011304437301,0.14904070208231385
2002-02-12,0.339802159,12.000011304437301,0.14904070208231385
2002-02-13,0.339802159,12.000011304437301,0.14904070208231385
2002-02-14,0.339802159,12.000011304437301,0.14904070208231385
2002-02-15,0.311485313,11.0000103830011,0.1366206438313103
2002-02-16,0.311485313,11.0000103830011,0.1366206438313103
2002-02-17,0.311485313,11.0000103830011,0.1366206438313103
2002-02-18,0.280336781,9.9000093199807,0.12295857914115212
2002-02-19,0.260514989,9.2000086820383,0.1142645384531717
2002-02-20,0.266178358,9.4000088592626,0.11674855001565038
2002-02-21,0.257683304,9.1000085757688,0.11302253245262726
2002-02-22,0.252019935,8.9000083985445,0.11053852089014858
2002-02-23,0.243524881,8.6000081150507,0.10681250332712551
2002-02-24,0.229366457,8.1000076190179,0.10060247376301351
2002-02-25,0.232198142,8.200007725287401,0.10184447976355797
2002-02-26,0.237861511,8.4000079025117,0.10432849132603662
2002-02-27,0.243524881,8.6000081150507,0.10681250332712551
2002-02-28,0.24918825,8.800008292275,0.10929651488960417
2002-03-01,0.24918825,8.800008292275,0.10929651488960417
2002-03-02,0.243524881,8.6000081150507,0.10681250332712551
2002-03-03,0.232198142,8.200007725287401,0.10184447976355797
2002-03-04,0.226534773,8.0000075480631,0.0993604682010793
2002-03-05,0.237861511,8.4000079025117,0.10432849132603662
2002-03-06,0.24918825,8.800008292275,0.10929651488960417
2002-03-07,0.260514989,9.2000086820383,0.1142645384531717
2002-03-08,0.277505097,9.8000092490259,0.1217165735792179
2002-03-09,0.271841727,9.6000090364869,0.11923256157812903
2002-03-10,0.254851619,9.0000084694993,0.1117805264520828
2002-03-11,0.24918825,8.800008292275,0.10929651488960417
2002-03-12,0.254851619,9.0000084694993,0.1117805264520828
2002-03-13,0.266178358,9.4000088592626,0.11674855001565038
2002-03-14,0.277505097,9.8000092490259,0.1217165735792179
2002-03-15,0.277505097,9.8000092490259,0.1217165735792179
2002-03-16,0.283168466,10.0000094262502,0.12420058514169657
2002-03-17,0.283168466,10.0000094262502,0.12420058514169657
2002-03-18,0.283168466,10.0000094262502,0.12420058514169657
2002-03-19,0.297326889,10.5000098869683,0.13041061426719833
2002-03-20,0.283168466,10.0000094262502,0.12420058514169657
2002-03-21,0.311485313,11.0000103830011,0.1366206438313103
2002-03-22,0.339802159,12.000011304437301,0.14904070208231385
2002-03-23,0.368119006,13.000012261188202,0.16146076077192761
2002-03-24,0.396435852,14.0000131826244,0.1738808190229311
2002-03-25,0.424752699,15.0000141393753,0.18630087771254486
2002-03-26,0.430416068,15.200014316599601,0.18878488927502352
2002-03-27,0.453069545,16.000015060811503,0.1987209359635484
2002-03-28,0.481386392,17.0000160175624,0.2111409946531621
2002-03-29,0.509703239,18.0000169743133,0.2235610533427759
2002-03-30,0.566336932,20.0000188525004,0.24840117028339315
2002-03-31,0.651287472,23.0000216874384,0.2856613459136242
2002-04-01,0.764554858,27.0000254438126,0.33534157979485874
2002-04-02,0.849505398,30.0000282787506,0.3726017554250897
2002-04-03,0.906139091,32.000030156937704,0.397441872365707
2002-04-04,0.962772784,34.0000320351248,0.4222819893063242
2002-04-05,0.962772784,34.0000320351248,0.4222819893063242
2002-04-06,0.962772784,34.0000320351248,0.4222819893063242
2002-04-07,0.962772784,34.0000320351248,0.4222819893063242
2002-04-08,0.934455938,33.00003111368861,0.40986193105532076
2002-04-09,0.934455938,33.00003111368861,0.40986193105532076
2002-04-10,0.934455938,33.00003111368861,0.40986193105532076
2002-04-11,0.934455938,33.00003111368861,0.40986193105532076
2002-04-12,0.934455938,33.00003111368861,0.40986193105532076
2002-04-13,0.934455938,33.00003111368861,0.40986193105532076
2002-04-14,0.934455938,33.00003111368861,0.40986193105532076
2002-04-15,1.104357017,39.000036748249904,0.4843822818771726
2002-04-16,1.189307557,42.000039583187906,0.5216424575074036
2002-04-17,1.132673864,40.0000377050008,0.4968023405667863
2002-04-18,1.047723324,37.0000348700628,0.4595421649365552
2002-04-19,1.019406477,36.0000339133119,0.44712210624694154
2002-04-20,0.962772784,34.0000320351248,0.4222819893063242
2002-04-21,0.962772784,34.0000320351248,0.4222819893063242
2002-04-22,0.934455938,33.00003111368861,0.40986193105532076
2002-04-23,0.934455938,33.00003111368861,0.40986193105532076
2002-04-24,0.934455938,33.00003111368861,0.40986193105532076
2002-04-25,0.934455938,33.00003111368861,0.40986193105532076
2002-04-26,0.934455938,33.00003111368861,0.40986193105532076
2002-04-27,0.962772784,34.0000320351248,0.4222819893063242
2002-04-28,0.962772784,34.0000320351248,0.4222819893063242
2002-04-29,0.962772784,34.0000320351248,0.4222819893063242
2002-04-30,0.962772784,34.0000320351248,0.4222819893063242
2002-05-01,1.019406477,36.0000339133119,0.44712210624694154
2002-05-02,1.07604017,38.000035791499,0.47196222318755876
2002-05-03,1.104357017,39.000036748249904,0.4843822818771726
2002-05-04,1.132673864,40.0000377050008,0.4968023405667863
2002-05-05,1.217624403,43.0000405046241,0.5340625157584071
2002-05-06,1.189307557,42.000039583187906,0.5216424575074036
2002-05-07,1.217624403,43.0000405046241,0.5340625157584071
2002-05-08,1.189307557,42.000039583187906,0.5216424575074036
2002-05-09,1.132673864,40.0000377050008,0.4968023405667863
2002-05-10,1.104357017,39.000036748249904,0.4843822818771726
2002-05-11,1.104357017,39.000036748249904,0.4843822818771726
2002-05-12,1.104357017,39.000036748249904,0.4843822818771726
2002-05-13,1.16099071,41.000038626437004,0.5092223988177899
2002-05-14,1.557426563,55.0000518443761,0.6831032182793311
2002-05-15,2.067129801,73.0000687833747,0.9066642711834968
2002-05-16,2.321981421,82.00007728818869,1.0184447980741897
2002-05-17,2.746734119,97.0000913922493,1.2047456753481245
2002-05-18,3.992675369,141.0001328536243,1.7512282497961453
2002-05-19,6.654458949,235.00022144625032,2.918713749952649
2002-05-20,10.90198594,385.000362875318,4.781722527516708
2002-05-21,14.01683906,495.00046635218206,6.14792896144371
2002-05-22,11.15683756,394.000371380132,4.893503054407401
2002-05-23,8.919806676,315.00029682093725,3.9123184306476118
2002-05-24,7.843766506,277.0002610294382,3.4403562074600527
2002-05-25,7.192479034,254.00023934199982,3.154694861546428
2002-05-26,6.796043182,240.00022615937542,2.9808140425234977
2002-05-27,7.079211648,250.00023558562563,3.1050146276651938
2002-05-28,8.268519205,292.0002751688135,3.6266570851725977
2002-05-29,10.84535224,383.00036074992806,4.756882407505819
2002-05-30,17.07505849,603.000568056803,7.489295279745924
2002-05-31,29.44952046,1040.000980188762,12.916860852982003
2002-06-01,34.54655284,1220.001149578748,15.15247138202366
2002-06-02,31.99803665,1130.0010648837551,14.03466611750283
2002-06-03,29.16635199,1030.000970621253,12.792660266085864
2002-06-04,24.32417122,859.0008093829341,10.6688302595488
2002-06-05,23.84278483,842.000793436001,10.457689265772858
2002-06-06,28.09031182,992.0009348297541,12.320698042898307
2002-06-07,37.09506904,1310.001234626888,16.270276650930587
2002-06-08,37.09506904,1310.001234626888,16.270276650930587
2002-06-09,24.60733969,869.0008189504431,10.793030846444937
2002-06-10,17.72634597,626.000590026759,7.77495662916843
2002-06-11,14.18674014,501.00047202205803,6.22244931270417
2002-06-12,13.28060105,469.000441900435,5.825007440777074
2002-06-13,16.14060256,570.0005372256321,7.0794333521994846
2002-06-14,22.73842781,803.0007565818071,9.973306982579855
2002-06-15,28.88318352,1020.000961053744,12.668459679189727
2002-06-16,30.58219432,1080.0010177525041,13.413663191794349
2002-06-17,35.11288977,1240.0011683606192,15.400872551429833
2002-06-18,35.11288977,1240.0011683606192,15.400872551429833
2002-06-19,26.5612021,938.00088380087,11.650014881554148
2002-06-20,24.26753753,857.000807610691,10.643990143924011
2002-06-21,25.37189455,896.0008444648851,11.128372427117016
2002-06-22,28.60001506,1010.0009518393821,12.544259096679692
2002-06-23,26.78773688,946.0008915961361,11.7493753528255
2002-06-24,24.550706,867.0008171782001,10.768190730820152
2002-06-25,23.07822997,815.000767921559,10.12234768510078
2002-06-26,21.6340708,764.0007200807601,9.488924703772954
2002-06-27,21.06773386,744.0007009457421,9.240523529980678
2002-06-28,19.79347577,699.000658774819,8.681620899913316
2002-06-29,18.12278182,640.0006031387541,7.94883744731414
2002-06-30,17.38654381,614.000578687007,7.625915926647505
2002-07-01,17.89624705,632.0005956966351,7.84947698042889
2002-07-02,17.24495957,609.000573726679,7.563815631006384
2002-07-03,15.17782977,536.000504978619,6.657151360261499
2002-07-04,12.71426412,449.000423118564,5.576606271370901
2002-07-05,10.42059955,368.00034692838506,4.570581533740766
2002-07-06,9.344559375,330.0003109603125,4.098619308360156
2002-07-07,9.146341449,323.0003043690003,4.0116788988486904
2002-07-08,9.089707756,321.00030249081317,3.986838781908073
2002-07-09,9.118024603,322.00030344756414,3.999258840597687
2002-07-10,9.033074063,319.0003006126261,3.961998664967456
2002-07-11,8.325152898,294.0002770470006,3.6514972021132155
2002-07-12,7.64554858,270.00025443812603,3.3534157979485872
2002-07-13,7.107528495,251.00023654237654,3.117434686354808
2002-07-14,6.597825256,233.00021956806322,2.893873633012032
2002-07-15,6.14475571,217.00020447193702,2.695152696609873
2002-07-16,5.861587245,207.00019508100152,2.5709521119067866
2002-07-17,6.286339943,222.0002091850621,2.757252989180721
2002-07-18,5.720003012,202.00019036787643,2.5088518193359386
2002-07-19,5.493468239,194.00018281981332,2.4094913511348595
2002-07-20,5.266933466,186.0001752717502,2.31013088293378
2002-07-21,4.983765,176.00016584550002,2.1859302977920834
2002-07-22,4.643962841,164.0001545410627,2.0368895957097695
2002-07-23,4.275843835,151.0001422798745,1.8754288349378418
2002-07-24,3.964358523,140.0001319321881,1.7388081915451419
2002-07-25,3.851091137,136.0001281758139,1.6891279576639073
2002-07-26,3.709506904,131.0001234626888,1.6270276650930589
2002-07-27,3.65287321,129.000121549187,1.6021875477138314
2002-07-28,3.539605824,125.00011779281282,1.5525073138325969
2002-07-29,3.341387898,118.0001112015006,1.4655669043211315
2002-07-30,3.171486818,112.00010553162461,1.3910465530606695
2002-07-31,3.058219432,108.0001017752504,1.341366319179435
2002-08-01,2.916635199,103.0000970621253,1.2792660266085865
2002-08-02,2.860001506,101.00009518393821,1.2544259096679693
2002-08-03,2.775050966,98.0000923490002,1.2171657340377382
2002-08-04,2.718417273,96.0000904708131,1.192325617097121
2002-08-05,2.633466733,93.0000876358751,1.15506544146689
2002-08-06,2.548516193,90.00008480093712,1.117805265836659
2002-08-07,2.435248807,86.0000810445629,1.0681250319554243
2002-08-08,2.321981421,82.00007728818869,1.0184447980741897
2002-08-09,2.208714034,78.00007349649981,0.9687645637543452
2002-08-10,2.123763494,75.0000706615618,0.9315043881241141
2002-08-11,2.010496108,71.0000669051876,0.8818241542428794
2002-08-12,1.897228722,67.0000631488134,0.832143920361645
2002-08-13,1.783961335,63.000059357124506,0.7824636860418003
2002-08-14,1.699010796,60.0000565575012,0.7452035108501794
2002-08-15,1.585743409,56.000052765812306,0.6955232765303347
2002-08-16,1.500792869,53.000049930874304,0.6582631009001036
2002-08-17,1.41584233,50.000047131251,0.6210029257084829
2002-08-18,1.359208636,48.000045217749204,0.5961628083292554
2002-08-19,1.302574943,46.000043339562104,0.571322691388638
2002-08-20,1.274258097,45.0000424181259,0.5589026331376346
2002-08-21,1.189307557,42.000039583187906,0.5216424575074036
2002-08-22,1.132673864,40.0000377050008,0.4968023405667863
2002-08-23,1.07604017,38.000035791499,0.47196222318755876
2002-08-24,1.07604017,38.000035791499,0.47196222318755876
2002-08-25,1.047723324,37.0000348700628,0.4595421649365552
2002-08-26,1.047723324,37.0000348700628,0.4595421649365552
2002-08-27,1.019406477,36.0000339133119,0.44712210624694154
2002-08-28,1.019406477,36.0000339133119,0.44712210624694154
2002-08-29,0.991089631,35.000032991875706,0.43470204799593803
2002-08-30,0.962772784,34.0000320351248,0.4222819893063242
2002-08-31,0.934455938,33.00003111368861,0.40986193105532076
2002-09-01,0.934455938,33.00003111368861,0.40986193105532076
2002-09-02,0.906139091,32.000030156937704,0.397441872365707
2002-09-03,0.906139091,32.000030156937704,0.397441872365707
2002-09-04,0.906139091,32.000030156937704,0.397441872365707
2002-09-05,0.877822244,31.000029200186802,0.3850218136760932
2002-09-06,0.877822244,31.000029200186802,0.3850218136760932
2002-09-07,0.906139091,32.000030156937704,0.397441872365707
2002-09-08,1.444159176,51.000048052687205,0.6334229839594865
2002-09-09,1.868911875,66.0000621920625,0.8197238616720313
2002-09-10,2.180397188,77.00007257506361,0.9563445055033416
2002-09-11,2.66178358,94.000088592626,1.1674855001565037
2002-09-12,2.831684659,100.0000942271873,1.2420058509783556
2002-09-13,2.831684659,100.0000942271873,1.2420058509783556
2002-09-14,2.775050966,98.0000923490002,1.2171657340377382
2002-09-15,2.690100426,95.0000895140622,1.1799055584075073
2002-09-16,2.605149886,92.00008667912421,1.142645382777276
2002-09-17,2.633466733,93.0000876358751,1.15506544146689
2002-09-18,2.57683304,91.000085757688,1.1302253245262726
2002-09-19,2.435248807,86.0000810445629,1.0681250319554243
2002-09-20,2.293664574,81.00007633143781,1.006024739384576
2002-09-21,2.180397188,77.00007257506361,0.9563445055033416
2002-09-22,2.038812955,72.0000678619385,0.8942442129324933
2002-09-23,1.897228722,67.0000631488134,0.832143920361645
2002-09-24,1.812278182,64.00006031387541,0.794883744731414
2002-09-25,1.670693949,59.0000556007503,0.7327834521605657
2002-09-26,1.585743409,56.000052765812306,0.6955232765303347
2002-09-27,1.500792869,53.000049930874304,0.6582631009001036
2002-09-28,1.444159176,51.000048052687205,0.6334229839594865
2002-09-29,1.472476023,52.0000490094381,0.6458430426491001
2002-09-30,1.529109716,54.0000508876252,0.6706831595897175
2002-10-01,1.483802761,52.4000493638867,0.6508110657740575
2002-10-02,1.574416671,55.600052411363706,0.6905552534053773
2002-10-03,1.546099824,54.6000514546128,0.6781351947157636
2002-10-04,1.526278031,53.9000507813557,0.669441153589173
2002-10-05,1.534773085,54.200051064849504,0.6731671711521962
2002-10-06,1.560258247,55.1000519153309,0.6843452238412654
2002-10-07,1.633882048,57.700054360505604,0.7166373759079289
2002-10-08,1.732991011,61.200057656161704,0.7601075806636616
2002-10-09,1.781129651,62.90005928616971,0.7812216804798662
2002-10-10,1.78679302,63.100059463394004,0.7837056920423446
2002-10-11,1.792456389,63.30005964061831,0.7861897036048234
2002-10-12,1.735822696,61.30005776243121,0.761349586664206
2002-10-13,1.687684057,59.600056167737904,0.7402354872866119
2002-10-14,1.628218679,57.5000541832813,0.7141533643454502
2002-10-15,1.582911724,55.9000526595428,0.6942812705297902
2002-10-16,1.520614662,53.700050604131405,0.6669571420266943
2002-10-17,1.413010645,49.900047024981504,0.6197609197079385
2002-10-18,1.339386844,47.30004457980681,0.587468767641275
2002-10-19,1.262931358,44.6000420283626,0.5539346095740669
2002-10-20,1.197802611,42.3000398666817,0.5253684750704266
2002-10-21,1.152495656,40.7000383429432,0.5054963812547667
2002-10-22,1.146832287,40.500038165718905,0.503012369692288
2002-10-23,1.158159026,40.900038555482205,0.5079803932558556
2002-10-24,1.127010494,39.800037492461804,0.4943183285656974
2002-10-25,1.064713432,37.6000354370504,0.4669942000626015
2002-10-26,1.005248054,35.5000334525938,0.4409120771214397
2002-10-27,0.985426261,34.8000327793367,0.4322180359948491
2002-10-28,0.937287622,33.100031184643406,0.411103936617255
2002-10-29,0.91180246,32.200030334162,0.3999258839281856
2002-10-30,0.883485614,31.200029412725804,0.38750582567718217
2002-10-31,0.880653929,31.1000293064563,0.3862638196766377
2002-11-01,0.843842028,29.8000280662116,0.37011774342400083
2002-11-02,0.818356867,28.9000272510449,0.35893969117354174
2002-11-03,0.801366759,28.3000266840573,0.3514876560474955
2002-11-04,0.775881597,27.400025833575903,0.34030960335842625
2002-11-05,0.758891489,26.800025266588303,0.33285756823238005
2002-11-06,0.74756475,26.400024876825,0.3278895446688125
2002-11-07,0.713584534,25.2000237428498,0.3129854744167201
2002-11-08,0.690931057,24.4000229986379,0.3030494277281952
2002-11-09,0.713584534,25.2000237428498,0.3129854744167201
2002-11-10,0.722079588,25.500024026343603,0.31671149197974324
2002-11-11,0.744733065,26.300024770555503,0.32664753866826807
2002-11-12,0.750396435,26.5000249830945,0.32913155066935695
2002-11-13,0.74756475,26.400024876825,0.3278895446688125
2002-11-14,0.739069696,26.100024593331202,0.32416352710578944
2002-11-15,0.741901381,26.200024699600704,0.32540553310633386
2002-11-16,0.753228119,26.6000250540493,0.33037355623129117
2002-11-17,0.722079588,25.500024026343603,0.31671149197974324
2002-11-18,0.741901381,26.200024699600704,0.32540553310633386
2002-11-19,0.741901381,26.200024699600704,0.32540553310633386
2002-11-20,0.719247903,25.4000239200741,0.3154694859791987
2002-11-21,0.719247903,25.4000239200741,0.3154694859791987
2002-11-22,0.724911273,25.600024132613104,0.31795349798028766
2002-11-23,0.74756475,26.400024876825,0.3278895446688125
2002-11-24,0.719247903,25.4000239200741,0.3154694859791987
2002-11-25,0.756059804,26.7000251603188,0.3316155622318356
2002-11-26,0.730574642,25.8000243098374,0.3204375095427663
2002-11-27,0.74756475,26.400024876825,0.3278895446688125
2002-11-28,0.733406327,25.900024416106902,0.3216795155433107
2002-11-29,0.733406327,25.900024416106902,0.3216795155433107
2002-11-30,0.719247903,25.4000239200741,0.3154694859791987
2002-12-01,0.719247903,25.4000239200741,0.3154694859791987
2002-12-02,0.719247903,25.4000239200741,0.3154694859791987
2002-12-03,0.719247903,25.4000239200741,0.3154694859791987
2002-12-04,0.719247903,25.4000239200741,0.3154694859791987
2002-12-05,0.719247903,25.4000239200741,0.3154694859791987
2002-12-06,0.719247903,25.4000239200741,0.3154694859791987
2002-12-07,0.741901381,26.200024699600704,0.32540553310633386
2002-12-08,0.702257795,24.8000233530865,0.3080174508531525
2002-12-09,0.713584534,25.2000237428498,0.3129854744167201
2002-12-10,0.707921165,25.0000235656255,0.31050146285424146
2002-12-11,0.719247903,25.4000239200741,0.3154694859791987
2002-12-12,0.722079588,25.500024026343603,0.31671149197974324
2002-12-13,0.70508948,24.900023459356003,0.309259456853697
2002-12-14,0.699426111,24.7000232821317,0.3067754452912183
2002-12-15,0.690931057,24.4000229986379,0.3030494277281952
2002-12-16,0.696594426,24.6000231758622,0.3055334392906739
2002-12-17,0.690931057,24.4000229986379,0.3030494277281952
2002-12-18,0.690931057,24.4000229986379,0.3030494277281952
2002-12-19,0.707921165,25.0000235656255,0.31050146285424146
2002-12-20,0.710752849,25.100023636580303,0.3117434684161757
2002-12-21,0.690931057,24.4000229986379,0.3030494277281952
2002-12-22,0.690931057,24.4000229986379,0.3030494277281952
2002-12-23,0.696594426,24.6000231758622,0.3055334392906739
2002-12-24,0.730574642,25.8000243098374,0.3204375095427663
2002-12-25,0.707921165,25.0000235656255,0.31050146285424146
2002-12-26,0.679604318,24.000022608874602,0.2980814041646277
2002-12-27,0.707921165,25.0000235656255,0.31050146285424146
2002-12-28,0.764554858,27.0000254438126,0.33534157979485874
2002-12-29,0.781544966,27.600026010800203,0.3427936149209049
2002-12-30,0.733406327,25.900024416106902,0.3216795155433107
2002-12-31,0.719247903,25.4000239200741,0.3154694859791987
2003-01-01,0.699426111,24.7000232821317,0.3067754452912183
2003-01-02,0.693762742,24.500023104907402,0.3042914337287397
2003-01-03,0.688099372,24.300022892368403,0.3018074217276508
2003-01-04,0.665445895,23.5000221481565,0.2918713750391259
2003-01-05,0.665445895,23.5000221481565,0.2918713750391259
2003-01-06,0.66261421,23.400022041887002,0.29062936903858144
2003-01-07,0.651287472,23.0000216874384,0.2856613459136242
2003-01-08,0.651287472,23.0000216874384,0.2856613459136242
2003-01-09,0.631465679,22.3000210141813,0.27696730478703346
2003-01-10,0.594653778,21.0000197739366,0.26082122853439665
2003-01-11,0.637129048,22.5000211914056,0.2794513163495122
2003-01-12,0.591822094,20.9000197029818,0.25957922297246244
2003-01-13,0.586158724,20.700019490442802,0.25709521097137356
2003-01-14,0.586158724,20.700019490442802,0.25709521097137356
2003-01-15,0.586158724,20.700019490442802,0.25709521097137356
2003-01-16,0.594653778,21.0000197739366,0.26082122853439665
2003-01-17,0.603148832,21.3000200574304,0.2645472460974198
2003-01-18,0.600317148,21.200019986475603,0.26330524053548554
2003-01-19,0.614475571,21.700020447193705,0.2695152696609873
2003-01-20,0.614475571,21.700020447193705,0.2695152696609873
2003-01-21,0.563505247,19.900018746230902,0.2471591642828487
2003-01-22,0.557841878,19.7000185690066,0.24467515272037005
2003-01-23,0.557841878,19.7000185690066,0.24467515272037005
2003-01-24,0.555010193,19.6000184627371,0.2434331467198256
2003-01-25,0.538020085,19.0000178957495,0.23598111159377938
2003-01-26,0.532356716,18.8000177185252,0.23349710003130075
2003-01-27,0.538020085,19.0000178957495,0.23598111159377938
2003-01-28,0.58332704,20.600019419488003,0.2558532054094394
2003-01-29,0.679604318,24.000022608874602,0.2980814041646277
2003-01-30,0.682436003,24.1000227151441,0.2993234101651721
2003-01-31,0.719247903,25.4000239200741,0.3154694859791987
2003-02-01,0.727742957,25.700024203567903,0.31919550354222187
2003-02-02,0.798535074,28.200026577787803,0.35024565004695113
2003-02-03,0.770218227,27.2000256210369,0.33782559135733736
2003-02-04,0.690931057,24.4000229986379,0.3030494277281952
2003-02-05,0.736238011,26.0000244870617,0.32292152110524497
2003-02-06,0.693762742,24.500023104907402,0.3042914337287397
2003-02-07,0.707921165,25.0000235656255,0.31050146285424146
2003-02-08,0.719247903,25.4000239200741,0.3154694859791987
2003-02-09,0.719247903,25.4000239200741,0.3154694859791987
2003-02-10,0.719247903,25.4000239200741,0.3154694859791987
2003-02-11,0.719247903,25.4000239200741,0.3154694859791987
2003-02-12,0.719247903,25.4000239200741,0.3154694859791987
2003-02-13,0.74756475,26.400024876825,0.3278895446688125
2003-02-14,0.74756475,26.400024876825,0.3278895446688125
2003-02-15,0.74756475,26.400024876825,0.3278895446688125
2003-02-16,0.74756475,26.400024876825,0.3278895446688125
2003-02-17,0.74756475,26.400024876825,0.3278895446688125
2003-02-18,0.775881597,27.400025833575903,0.34030960335842625
2003-02-19,0.809861813,28.600026967551102,0.3552136736105187
2003-02-20,0.775881597,27.400025833575903,0.34030960335842625
2003-02-21,0.775881597,27.400025833575903,0.34030960335842625
2003-02-22,0.775881597,27.400025833575903,0.34030960335842625
2003-02-23,0.804198443,28.4000267550121,0.35272966160942976
2003-02-24,0.792871705,28.000026400563502,0.3477616384844725
2003-02-25,0.807030128,28.5000268612816,0.3539716676099742
2003-02-26,0.807030128,28.5000268612816,0.3539716676099742
2003-02-27,0.807030128,28.5000268612816,0.3539716676099742
2003-02-28,0.83251529,29.400027711763002,0.36514972029904347
2003-03-01,0.835346974,29.5000277827178,0.36639172586097773
2003-03-02,0.835346974,29.5000277827178,0.36639172586097773
2003-03-03,0.835346974,29.5000277827178,0.36639172586097773
2003-03-04,0.835346974,29.5000277827178,0.36639172586097773
2003-03-05,0.863663821,30.500028739468704,0.3788117845505915
2003-03-06,0.866495506,30.6000288457382,0.3800537905511359
2003-03-07,0.866495506,30.6000288457382,0.3800537905511359
2003-03-08,0.866495506,30.6000288457382,0.3800537905511359
2003-03-09,0.866495506,30.6000288457382,0.3800537905511359
2003-03-10,0.891980668,31.500029696219602,0.3912318432402052
2003-03-11,0.894812352,31.6000297671744,0.3924738488021394
2003-03-12,0.906139091,32.000030156937704,0.397441872365707
2003-03-13,0.951446045,33.6000316453615,0.4173139657427567
2003-03-14,0.962772784,34.0000320351248,0.4222819893063242
2003-03-15,0.957109415,33.8000318579005,0.4197979777438456
2003-03-16,0.971267838,34.300032318618605,0.42600800686934737
2003-03-17,1.019406477,36.0000339133119,0.44712210624694154
2003-03-18,0.991089631,35.000032991875706,0.43470204799593803
2003-03-19,0.993921315,35.100033062830505,0.4359440535578722
2003-03-20,1.010911423,35.7000336298181,0.44339608868391844
2003-03-21,1.008079739,35.6000335588633,0.4421540831219842
2003-03-22,1.019406477,36.0000339133119,0.44712210624694154
2003-03-23,0.991089631,35.000032991875706,0.43470204799593803
2003-03-24,0.991089631,35.000032991875706,0.43470204799593803
2003-03-25,0.991089631,35.000032991875706,0.43470204799593803
2003-03-26,0.991089631,35.000032991875706,0.43470204799593803
2003-03-27,0.991089631,35.000032991875706,0.43470204799593803
2003-03-28,0.996753,35.2000331691,0.43718605955841666
2003-03-29,0.974099523,34.4000324248881,0.42725001286989184
2003-03-30,0.957109415,33.8000318579005,0.4197979777438456
2003-03-31,1.036396585,36.600034480299506,0.45457414137298774
2003-04-01,1.07604017,38.000035791499,0.47196222318755876
2003-04-02,1.036396585,36.600034480299506,0.45457414137298774
2003-04-03,1.002416369,35.40003334632431,0.4396700711208954
2003-04-04,0.991089631,35.000032991875706,0.43470204799593803
2003-04-05,0.982594577,34.7000327083819,0.4309760304329149
2003-04-06,0.957109415,33.8000318579005,0.4197979777438456
2003-04-07,0.976931207,34.5000324958429,0.42849201843182605
2003-04-08,0.957109415,33.8000318579005,0.4197979777438456
2003-04-09,0.959941099,33.900031928855306,0.42103998330577985
2003-04-10,0.991089631,35.000032991875706,0.43470204799593803
2003-04-11,1.056218378,37.30003515355661,0.46326818249957835
2003-04-12,1.353545267,47.80004504052491,0.5936787967667767
2003-04-13,1.636713733,57.8000544667751,0.7178793819084732
2003-04-14,1.809446497,63.900060207605904,0.7936417387308695
2003-04-15,1.922713884,67.9000639992948,0.8433219730507143
2003-04-16,1.931208938,68.2000642827886,0.8470479906137374
2003-04-17,1.962357469,69.3000653104943,0.8607100548652855
2003-04-18,1.917050514,67.7000637867558,0.8408379610496254
2003-04-19,1.959525784,69.2000652042248,0.8594680488647409
2003-04-20,2.021822847,71.40006729495092,0.886792177806447
2003-04-21,2.245525935,79.3000747367445,0.9849106400069818
2003-04-22,2.440912176,86.2000812217872,1.070609043517903
2003-04-23,2.542852824,89.8000846237128,1.1153212542741804
2003-04-24,2.763724227,97.6000919592369,1.2121977104741706
2003-04-25,3.086536279,109.00010273200131,1.3537863778690487
2003-04-26,3.284754205,116.00010932331351,1.440726787380514
2003-04-27,3.001585739,106.0000998970633,1.3165262022388176
2003-04-28,2.860001506,101.00009518393821,1.2544259096679693
2003-04-29,2.712753904,95.80009029358881,1.1898416055346421
2003-04-30,2.61930831,92.500087175157,1.148855412341388
2003-05-01,2.582496409,91.20008593491231,1.1327093360887512
2003-05-02,2.559842932,90.40008519070041,1.1227732894002265
2003-05-03,2.574001355,90.90008565141851,1.1289833185257283
2003-05-04,2.514535977,88.80008366696191,1.1029011955845665
2003-05-05,2.500377554,88.3000832062438,1.0966911664590648
2003-05-06,2.375783429,83.90007906010631,1.0420429090142629
2003-05-07,2.282337835,80.6000759416745,1.0010567158210084
2003-05-08,2.460733969,86.90008189504431,1.0793030846444938
2003-05-09,2.392773537,84.50007962709391,1.049494944140309
2003-05-10,2.251189304,79.5000749139688,0.9873946515694605
2003-05-11,2.222872457,78.5000739572179,0.9749745928798468
2003-05-12,2.208714034,78.00007349649981,0.9687645637543452
2003-05-13,2.310654682,81.6000768984254,1.0134767745106223
2003-05-14,2.568337986,90.70008547419421,1.1264993069632494
2003-05-15,3.199803665,113.00010648837551,1.4034666117502832
2003-05-16,4.360794375,154.0001451148125,1.912689010568073
2003-05-17,5.436834546,192.0001809416262,2.384651234194242
2003-05-18,5.408517699,191.0001799848753,2.3722311755046284
2003-05-19,5.493468239,194.00018281981332,2.4094913511348595
2003-05-20,5.436834546,192.0001809416262,2.384651234194242
2003-05-21,5.889904091,208.00019600243772,2.5833721701577903
2003-05-22,7.334063267,259.00024405512494,3.2167951541172766
2003-05-23,10.47723324,370.000348700628,4.595421649365552
2003-05-24,14.1584233,500.00047131251006,6.2100292570848294
2003-05-25,17.61307858,622.0005861291261,7.725276393532754
2003-05-26,24.94714185,881.000830290195,10.942071548965862
2003-05-27,31.43169972,1110.0010461018842,13.786264948096658
2003-05-28,38.79407983,1370.001290972501,17.01548015914911
2003-05-29,44.17428068,1560.0014699299961,19.375291275086905
2003-05-30,44.45744915,1570.0014794975052,19.499491861983042
2003-05-31,44.45744915,1570.0014794975052,19.499491861983042
2003-06-01,44.45744915,1570.0014794975052,19.499491861983042
2003-06-02,38.2277429,1350.00127219063,16.767078989742938
2003-06-03,30.86536279,1090.001027320013,13.537863778690484
2003-06-04,24.89050815,879.0008281648051,10.917231428954972
2003-06-05,22.68179412,801.000754809564,9.948466866955068
2003-06-06,22.88001205,808.0007615421351,10.035407278220974
2003-06-07,20.95446648,740.000697401256,9.190843298731105
2003-06-08,19.25545568,680.0006407024961,8.445639786126486
2003-06-09,19.82179261,700.000659484367,8.694040955532657
2003-06-10,22.08714034,780.0007349649981,9.687645637543453
2003-06-11,25.48516193,900.0008480093711,11.178052658366589
2003-06-12,26.05149886,920.0008667912421,11.426453827772761
2003-06-13,24.918825,880.0008292274999,10.929651488960417
2003-06-14,23.78615114,840.000791663758,10.432849150148071
2003-06-15,24.35248807,860.000810445629,10.681250319554243
2003-06-16,22.65347727,800.000753746869,9.936046806949623
2003-06-17,20.30317901,717.000675784447,8.905181953694703
2003-06-18,20.41644639,721.0006793289331,8.954862184944275
2003-06-19,21.80397188,770.000725750636,9.563445055033416
2003-06-20,22.20040773,784.000738862631,9.737325873179126
2003-06-21,20.41644639,721.0006793289331,8.954862184944275
2003-06-22,16.50872156,583.000549274932,7.2408941103397515
2003-06-23,12.99743259,459.00043268607305,5.700806858267039
2003-06-24,10.3922827,367.00034586569006,4.558161473735322
2003-06-25,8.834856137,312.0002940213139,3.8750582554559903
2003-06-26,8.353469745,295.00027800375153,3.6639172608028288
2003-06-27,8.013667586,283.00026669931424,3.514876558720515
2003-06-28,8.636638211,305.0002874300017,3.7881178459445244
2003-06-29,10.56218378,373.00035153556604,4.6326818249957835
2003-06-30,13.84693798,489.000460682306,6.073408610183246
2003-07-01,16.19723625,572.000538997875,7.104273467824271
2003-07-02,16.53703841,584.000550337627,7.253314170345195
2003-07-03,15.51763193,548.0005163183711,6.806192062782423
2003-07-04,14.44159176,510.000480526872,6.3342298395948635
2003-07-05,13.47881898,476.00044863300604,5.911947852042981
2003-07-06,12.74258097,450.00042418125906,5.589026331376346
2003-07-07,12.23287773,432.000407171631,5.36546527759496
2003-07-08,11.75149134,415.000391224698,5.154324283819017
2003-07-09,11.07188702,391.000368545194,4.85624287877717
2003-07-10,10.13743108,358.000337360876,4.446380946844629
2003-07-11,9.344559375,330.0003109603125,4.098619308360156
2003-07-12,8.834856137,312.0002940213139,3.8750582554559903
2003-07-13,8.664955057,306.0002883514379,3.8005379041955285
2003-07-14,8.551687671,302.0002845950637,3.750857670314294
2003-07-15,8.296836051,293.0002760902497,3.6390771434236004
2003-07-16,7.815449659,276.00026007268735,3.427936148770439
2003-07-17,7.305746421,258.00024313368874,3.2043750958662733
2003-07-18,6.965944262,246.00023182925142,3.055334393783959
2003-07-19,6.824360029,241.00022711612633,2.993234101213111
2003-07-20,7.022577955,248.00023370743853,3.080174510724577
2003-07-21,6.965944262,246.00023182925142,3.055334393783959
2003-07-22,6.626142103,234.00022052481413,2.9062936917016455
2003-07-23,6.258023097,221.0002082636259,2.7448329309297175
2003-07-24,5.833270398,206.0001941242506,2.558532053217173
2003-07-25,5.521785085,195.00018374124951,2.421911409385863
2003-07-26,5.465151392,193.0001818630624,2.3970712924452457
2003-07-27,5.436834546,192.0001809416262,2.384651234194242
2003-07-28,5.465151392,193.0001818630624,2.3970712924452457
2003-07-29,5.323567159,188.00017714993731,2.3349709998743973
2003-07-30,4.927131307,174.00016396731291,2.161090180851466
2003-07-31,4.559012301,161.0001517061247,1.9996294200795384
2003-08-01,4.162576449,147.0001385235003,1.8257486010566077
2003-08-02,3.851091137,136.0001281758139,1.6891279576639073
2003-08-03,3.709506904,131.0001234626888,1.6270276650930589
2003-08-04,3.511288977,124.0001168360619,1.5400872551429832
2003-08-05,3.228120511,114.00010740981172,1.4158866700012869
2003-08-06,3.058219432,108.0001017752504,1.341366319179435
2003-08-07,2.944952046,104.0000980188762,1.2916860852982002
2003-08-08,2.860001506,101.00009518393821,1.2544259096679693
2003-08-09,2.803367813,99.00009330575111,1.229585792727352
2003-08-10,2.732575696,96.5000909315312,1.1985356462226229
2003-08-11,2.658951895,93.90008848635651,1.1662434941559592
2003-08-12,2.568337986,90.70008547419421,1.1264993069632494
2003-08-13,2.497545869,88.20008309997431,1.0954491604585204
2003-08-14,2.435248807,86.0000810445629,1.0681250319554243
2003-08-15,2.336139844,82.5000777489068,1.0246548271996916
2003-08-16,2.214377403,78.2000736737241,0.9712485753168237
2003-08-17,2.11526844,74.700070378068,0.9277783705610909
2003-08-18,2.064298117,72.9000687124199,0.9054222656215625
2003-08-19,2.033149585,71.8000676493995,0.8917602009314044
2003-08-20,1.985010946,70.1000660547062,0.8706461015538103
2003-08-21,1.919882199,67.8000638930253,0.8420799670501697
2003-08-22,1.877406929,66.3000624755563,0.8234498792350543
2003-08-23,1.806614813,63.8000601366511,0.7923997331689353
2003-08-24,1.684852372,59.5000560614684,0.7389934812860673
2003-08-25,1.591406778,56.2000529430366,0.6980072880928134
2003-08-26,1.512119608,53.4000503206376,0.6632311244636712
2003-08-27,1.469644338,51.9000489031686,0.6446010366485556
2003-08-28,1.427169068,50.4000474856996,0.6259709488334402
2003-08-29,1.393188852,49.2000463517244,0.6110668785813478
2003-08-30,1.582911724,55.9000526595428,0.6942812705297902
2003-08-31,1.648040472,58.2000548565384,0.7228474054720407
2003-09-01,1.574416671,55.600052411363706,0.6905552534053773
2003-09-02,1.546099824,54.6000514546128,0.6781351947157636
2003-09-03,1.548931509,54.7000515608823,0.679377200716308
2003-09-04,1.577248355,55.700052482318505,0.6917972589673116
2003-09-05,1.602733517,56.60005333279991,0.7029753116563809
2003-09-06,1.597070148,56.400053155575606,0.7004913000939023
2003-09-07,1.673525634,59.100055707019806,0.7340254581611101
2003-09-08,1.687684057,59.600056167737904,0.7402354872866119
2003-09-09,1.752812804,61.900058329418805,0.7688016217902522
2003-09-10,1.897228722,67.0000631488134,0.832143920361645
2003-09-11,2.03598127,71.90006775566901,0.8930022069319489
2003-09-12,2.109605071,74.5000702008437,0.9252943589986122
2003-09-13,2.132258548,75.3000709450556,0.9352304056871371
2003-09-14,2.132258548,75.3000709450556,0.9352304056871371
2003-09-15,2.123763494,75.0000706615618,0.9315043881241141
2003-09-16,2.067129801,73.0000687833747,0.9066642711834968
2003-09-17,1.979347577,69.90006587748191,0.8681620899913315
2003-09-18,1.931208938,68.2000642827886,0.8470479906137374
2003-09-19,1.843426713,65.1000613415811,0.8085458089829619
2003-09-20,1.749981119,61.80005822314931,0.7675596157897079
2003-09-21,1.645208787,58.1000547502689,0.7216053994714964
2003-09-22,1.577248355,55.700052482318505,0.6917972589673116
2003-09-23,1.506456239,53.20005014341331,0.6607471129011926
2003-09-24,1.458317599,51.5000485134053,0.6396330130849881
2003-09-25,1.407347276,49.70004684775721,0.6172769081454598
2003-09-26,1.336555159,47.200044473537304,0.5862267616407305
2003-09-27,1.260099673,44.500041922093104,0.5526926035735226
2003-09-28,1.183644188,41.8000394059636,0.5191584459449249
2003-09-29,1.107188702,39.1000368545194,0.48562428787771694
2003-09-30,1.064713432,37.6000354370504,0.4669942000626015
2003-10-01,1.019406477,36.0000339133119,0.44712210624694154
2003-10-02,0.962772784,34.0000320351248,0.4222819893063242
2003-10-03,0.877822244,31.000029200186802,0.3850218136760932
2003-10-04,0.764554858,27.0000254438126,0.33534157979485874
2003-10-05,0.679604318,24.000022608874602,0.2980814041646277
2003-10-06,0.651287472,23.0000216874384,0.2856613459136242
2003-10-07,0.679604318,24.000022608874602,0.2980814041646277
2003-10-08,0.679604318,24.000022608874602,0.2980814041646277
2003-10-09,0.651287472,23.0000216874384,0.2856613459136242
2003-10-10,0.594653778,21.0000197739366,0.26082122853439665
2003-10-11,0.566336932,20.0000188525004,0.24840117028339315
2003-10-12,0.538020085,19.0000178957495,0.23598111159377938
2003-10-13,0.509703239,18.0000169743133,0.2235610533427759
2003-10-14,0.509703239,18.0000169743133,0.2235610533427759
2003-10-15,0.481386392,17.0000160175624,0.2111409946531621
2003-10-16,0.453069545,16.000015060811503,0.1987209359635484
2003-10-17,0.453069545,16.000015060811503,0.1987209359635484
2003-10-18,0.424752699,15.0000141393753,0.18630087771254486
2003-10-19,0.396435852,14.0000131826244,0.1738808190229311
2003-10-20,0.396435852,14.0000131826244,0.1738808190229311
2003-10-21,0.368119006,13.000012261188202,0.16146076077192761
2003-10-22,0.339802159,12.000011304437301,0.14904070208231385
2003-10-23,0.339802159,12.000011304437301,0.14904070208231385
2003-10-24,0.311485313,11.0000103830011,0.1366206438313103
2003-10-25,0.311485313,11.0000103830011,0.1366206438313103
2003-10-26,0.311485313,11.0000103830011,0.1366206438313103
2003-10-27,0.283168466,10.0000094262502,0.12420058514169657
2003-10-28,0.274673412,9.7000091427564,0.12047456757867346
2003-10-29,0.283168466,10.0000094262502,0.12420058514169657
2003-10-30,0.311485313,11.0000103830011,0.1366206438313103
2003-10-31,0.311485313,11.0000103830011,0.1366206438313103
2003-11-01,0.283168466,10.0000094262502,0.12420058514169657
2003-11-02,0.283168466,10.0000094262502,0.12420058514169657
2003-11-03,0.283168466,10.0000094262502,0.12420058514169657
2003-11-04,0.311485313,11.0000103830011,0.1366206438313103
2003-11-05,0.24918825,8.800008292275,0.10929651488960417
2003-11-06,0.24918825,8.800008292275,0.10929651488960417
2003-11-07,0.266178358,9.4000088592626,0.11674855001565038
2003-11-08,0.283168466,10.0000094262502,0.12420058514169657
2003-11-09,0.311485313,11.0000103830011,0.1366206438313103
2003-11-10,0.339802159,12.000011304437301,0.14904070208231385
2003-11-11,0.339802159,12.000011304437301,0.14904070208231385
2003-11-12,0.368119006,13.000012261188202,0.16146076077192761
2003-11-13,0.424752699,15.0000141393753,0.18630087771254486
2003-11-14,0.481386392,17.0000160175624,0.2111409946531621
2003-11-15,0.509703239,18.0000169743133,0.2235610533427759
2003-11-16,0.538020085,19.0000178957495,0.23598111159377938
2003-11-17,0.594653778,21.0000197739366,0.26082122853439665
2003-11-18,0.651287472,23.0000216874384,0.2856613459136242
2003-11-19,0.651287472,23.0000216874384,0.2856613459136242
2003-11-20,0.651287472,23.0000216874384,0.2856613459136242
2003-11-21,0.566336932,20.0000188525004,0.24840117028339315
2003-11-22,0.509703239,18.0000169743133,0.2235610533427759
2003-11-23,0.622970625,22.000020730687503,0.2732412872240104
2003-11-24,0.594653778,21.0000197739366,0.26082122853439665
2003-11-25,0.566336932,20.0000188525004,0.24840117028339315
2003-11-26,0.538020085,19.0000178957495,0.23598111159377938
2003-11-27,0.566336932,20.0000188525004,0.24840117028339315
2003-11-28,0.594653778,21.0000197739366,0.26082122853439665
2003-11-29,0.622970625,22.000020730687503,0.2732412872240104
2003-11-30,0.594653778,21.0000197739366,0.26082122853439665
2003-12-01,0.594653778,21.0000197739366,0.26082122853439665
2003-12-02,0.594653778,21.0000197739366,0.26082122853439665
2003-12-03,0.622970625,22.000020730687503,0.2732412872240104
2003-12-04,0.651287472,23.0000216874384,0.2856613459136242
2003-12-05,0.679604318,24.000022608874602,0.2980814041646277
2003-12-06,0.679604318,24.000022608874602,0.2980814041646277
2003-12-07,0.651287472,23.0000216874384,0.2856613459136242
2003-12-08,0.622970625,22.000020730687503,0.2732412872240104
2003-12-09,0.622970625,22.000020730687503,0.2732412872240104
2003-12-10,0.594653778,21.0000197739366,0.26082122853439665
2003-12-11,0.566336932,20.0000188525004,0.24840117028339315
2003-12-12,0.509703239,18.0000169743133,0.2235610533427759
2003-12-13,0.622970625,22.000020730687503,0.2732412872240104
2003-12-14,0.594653778,21.0000197739366,0.26082122853439665
2003-12-15,0.594653778,21.0000197739366,0.26082122853439665
2003-12-16,0.538020085,19.0000178957495,0.23598111159377938
2003-12-17,0.509703239,18.0000169743133,0.2235610533427759
2003-12-18,0.538020085,19.0000178957495,0.23598111159377938
2003-12-19,0.509703239,18.0000169743133,0.2235610533427759
2003-12-20,0.538020085,19.0000178957495,0.23598111159377938
2003-12-21,0.566336932,20.0000188525004,0.24840117028339315
2003-12-22,0.566336932,20.0000188525004,0.24840117028339315
2003-12-23,0.538020085,19.0000178957495,0.23598111159377938
2003-12-24,0.538020085,19.0000178957495,0.23598111159377938
2003-12-25,0.566336932,20.0000188525004,0.24840117028339315
2003-12-26,0.538020085,19.0000178957495,0.23598111159377938
2003-12-27,0.538020085,19.0000178957495,0.23598111159377938
2003-12-28,0.481386392,17.0000160175624,0.2111409946531621
2003-12-29,0.538020085,19.0000178957495,0.23598111159377938
2003-12-30,0.538020085,19.0000178957495,0.23598111159377938
2003-12-31,0.566336932,20.0000188525004,0.24840117028339315
2004-01-01,0.566336932,20.0000188525004,0.24840117028339315
2004-01-02,0.594653778,21.0000197739366,0.26082122853439665
2004-01-03,0.707921165,25.0000235656255,0.31050146285424146
2004-01-04,0.764554858,27.0000254438126,0.33534157979485874
2004-01-05,0.792871705,28.000026400563502,0.3477616384844725
2004-01-06,0.821188551,29.000027321999703,0.36018169673547595
2004-01-07,0.849505398,30.0000282787506,0.3726017554250897
2004-01-08,0.821188551,29.000027321999703,0.36018169673547595
2004-01-09,0.736238011,26.0000244870617,0.32292152110524497
2004-01-10,0.679604318,24.000022608874602,0.2980814041646277
2004-01-11,0.651287472,23.0000216874384,0.2856613459136242
2004-01-12,0.651287472,23.0000216874384,0.2856613459136242
2004-01-13,0.594653778,21.0000197739366,0.26082122853439665
2004-01-14,0.538020085,19.0000178957495,0.23598111159377938
2004-01-15,0.509703239,18.0000169743133,0.2235610533427759
2004-01-16,0.509703239,18.0000169743133,0.2235610533427759
2004-01-17,0.481386392,17.0000160175624,0.2111409946531621
2004-01-18,0.453069545,16.000015060811503,0.1987209359635484
2004-01-19,0.453069545,16.000015060811503,0.1987209359635484
2004-01-20,0.424752699,15.0000141393753,0.18630087771254486
2004-01-21,0.424752699,15.0000141393753,0.18630087771254486
2004-01-22,0.453069545,16.000015060811503,0.1987209359635484
2004-01-23,0.453069545,16.000015060811503,0.1987209359635484
2004-01-24,0.396435852,14.0000131826244,0.1738808190229311
2004-01-25,0.339802159,12.000011304437301,0.14904070208231385
2004-01-26,0.311485313,11.0000103830011,0.1366206438313103
2004-01-27,0.311485313,11.0000103830011,0.1366206438313103
2004-01-28,0.280336781,9.9000093199807,0.12295857914115212
2004-01-29,0.269010043,9.5000089655321,0.1179905560161948
2004-01-30,0.266178358,9.4000088592626,0.11674855001565038
2004-01-31,0.274673412,9.7000091427564,0.12047456757867346
2004-02-01,0.240693196,8.5000080087812,0.10557049732658105
2004-02-02,0.266178358,9.4000088592626,0.11674855001565038
2004-02-03,0.283168466,10.0000094262502,0.12420058514169657
2004-02-04,0.266178358,9.4000088592626,0.11674855001565038
2004-02-05,0.246356565,8.700008186005501,0.10805450888905971
2004-02-06,0.240693196,8.5000080087812,0.10557049732658105
2004-02-07,0.243524881,8.6000081150507,0.10681250332712551
2004-02-08,0.260514989,9.2000086820383,0.1142645384531717
2004-02-09,0.254851619,9.0000084694993,0.1117805264520828
2004-02-10,0.243524881,8.6000081150507,0.10681250332712551
2004-02-11,0.237861511,8.4000079025117,0.10432849132603662
2004-02-12,0.254851619,9.0000084694993,0.1117805264520828
2004-02-13,0.283168466,10.0000094262502,0.12420058514169657
2004-02-14,0.311485313,11.0000103830011,0.1366206438313103
2004-02-15,0.283168466,10.0000094262502,0.12420058514169657
2004-02-16,0.263346673,9.300008752993099,0.11550654401510592
2004-02-17,0.24918825,8.800008292275,0.10929651488960417
2004-02-18,0.237861511,8.4000079025117,0.10432849132603662
2004-02-19,0.226534773,8.0000075480631,0.0993604682010793
2004-02-20,0.223703088,7.9000074417936,0.09811846220053486
2004-02-21,0.215208034,7.600007158299801,0.09439244463751176
2004-02-22,0.223703088,7.9000074417936,0.09811846220053486
2004-02-23,0.226534773,8.0000075480631,0.0993604682010793
2004-02-24,0.212376349,7.5000070520303,0.09315043863696731
2004-02-25,0.20671298,7.300006874806,0.09066642707448866
2004-02-26,0.223703088,7.9000074417936,0.09811846220053486
2004-02-27,0.271841727,9.6000090364869,0.11923256157812903
2004-02-28,0.274673412,9.7000091427564,0.12047456757867346
2004-02-29,0.280336781,9.9000093199807,0.12295857914115212
2004-03-01,0.283168466,10.0000094262502,0.12420058514169657
2004-03-02,0.271841727,9.6000090364869,0.11923256157812903
2004-03-03,0.283168466,10.0000094262502,0.12420058514169657
2004-03-04,0.260514989,9.2000086820383,0.1142645384531717
2004-03-05,0.254851619,9.0000084694993,0.1117805264520828
2004-03-06,0.260514989,9.2000086820383,0.1142645384531717
2004-03-07,0.254851619,9.0000084694993,0.1117805264520828
2004-03-08,0.283168466,10.0000094262502,0.12420058514169657
2004-03-09,0.283168466,10.0000094262502,0.12420058514169657
2004-03-10,0.311485313,11.0000103830011,0.1366206438313103
2004-03-11,0.283168466,10.0000094262502,0.12420058514169657
2004-03-12,0.311485313,11.0000103830011,0.1366206438313103
2004-03-13,0.311485313,11.0000103830011,0.1366206438313103
2004-03-14,0.311485313,11.0000103830011,0.1366206438313103
2004-03-15,0.311485313,11.0000103830011,0.1366206438313103
2004-03-16,0.339802159,12.000011304437301,0.14904070208231385
2004-03-17,0.368119006,13.000012261188202,0.16146076077192761
2004-03-18,0.509703239,18.0000169743133,0.2235610533427759
2004-03-19,0.594653778,21.0000197739366,0.26082122853439665
2004-03-20,0.566336932,20.0000188525004,0.24840117028339315
2004-03-21,0.594653778,21.0000197739366,0.26082122853439665
2004-03-22,0.679604318,24.000022608874602,0.2980814041646277
2004-03-23,0.821188551,29.000027321999703,0.36018169673547595
2004-03-24,0.962772784,34.0000320351248,0.4222819893063242
2004-03-25,1.104357017,39.000036748249904,0.4843822818771726
2004-03-26,1.132673864,40.0000377050008,0.4968023405667863
2004-03-27,1.07604017,38.000035791499,0.47196222318755876
2004-03-28,1.047723324,37.0000348700628,0.4595421649365552
2004-03-29,0.991089631,35.000032991875706,0.43470204799593803
2004-03-30,0.991089631,35.000032991875706,0.43470204799593803
2004-03-31,1.047723324,37.0000348700628,0.4595421649365552
2004-04-01,1.217624403,43.0000405046241,0.5340625157584071
2004-04-02,1.387525483,49.0000461745001,0.6085828670188691
2004-04-03,1.557426563,55.0000518443761,0.6831032182793311
2004-04-04,1.727327642,61.00005747893741,0.757623569101183
2004-04-05,2.010496108,71.0000669051876,0.8818241542428794
2004-04-06,2.208714034,78.00007349649981,0.9687645637543452
2004-04-07,2.293664574,81.00007633143781,1.006024739384576
2004-04-08,2.265347727,80.0000753746869,0.9936046806949623
2004-04-09,2.208714034,78.00007349649981,0.9687645637543452
2004-04-10,2.038812955,72.0000678619385,0.8942442129324933
2004-04-11,1.925545568,68.0000640702496,0.8445639786126484
2004-04-12,1.812278182,64.00006031387541,0.794883744731414
2004-04-13,1.840595028,65.0000612353116,0.8073038029824176
2004-04-14,1.982179261,70.0000659484367,0.8694040955532657
2004-04-15,1.982179261,70.0000659484367,0.8694040955532657
2004-04-16,1.925545568,68.0000640702496,0.8445639786126484
2004-04-17,1.868911875,66.0000621920625,0.8197238616720313
2004-04-18,1.840595028,65.0000612353116,0.8073038029824176
2004-04-19,1.755644489,62.0000584356883,0.7700436277907968
2004-04-20,1.727327642,61.00005747893741,0.757623569101183
2004-04-21,1.670693949,59.0000556007503,0.7327834521605657
2004-04-22,1.585743409,56.000052765812306,0.6955232765303347
2004-04-23,1.500792869,53.000049930874304,0.6582631009001036
2004-04-24,1.500792869,53.000049930874304,0.6582631009001036
2004-04-25,1.444159176,51.000048052687205,0.6334229839594865
2004-04-26,1.529109716,54.0000508876252,0.6706831595897175
2004-04-27,1.840595028,65.0000612353116,0.8073038029824176
2004-04-28,2.265347727,80.0000753746869,0.9936046806949623
2004-04-29,2.237030881,79.0000744532507,0.9811846224439589
2004-04-30,2.208714034,78.00007349649981,0.9687645637543452
2004-05-01,2.40693196,85.00008008781201,1.0557049732658108
2004-05-02,3.001585739,106.0000998970633,1.3165262022388176
2004-05-03,4.190893296,148.0001394802512,1.8381686597462208
2004-05-04,5.635052472,199.0001875329384,2.4715916437057075
2004-05-05,7.362380114,260.0002450118758,3.2292152128068903
2004-05-06,8.381786591,296.0002789251877,3.6763373190538315
2004-05-07,9.514460455,336.00031663018854,4.1731396596206185
2004-05-08,10.10911423,357.000336298181,4.433960886839184
2004-05-09,11.27010494,398.00037492461803,4.943183285656974
2004-05-10,11.04357017,390.00036748249903,4.843822818771726
2004-05-11,10.98693648,388.00036571025606,4.818982703146939
2004-05-12,9.316242529,329.0003100388763,4.086199250109153
2004-05-13,7.73049912,273.000257273064,3.3906759735788183
2004-05-14,6.767726335,239.0002252026245,2.9683939838338835
2004-05-15,6.088122017,215.00020259374992,2.6703125796692557
2004-05-16,5.833270398,206.0001941242506,2.558532053217173
2004-05-17,5.408517699,191.0001799848753,2.3722311755046284
2004-05-18,5.15366608,182.000171515376,2.260450649052545
2004-05-19,5.181982926,183.0001724368122,2.272870707303549
2004-05-20,5.776636705,204.0001922460635,2.5336919362765555
2004-05-21,6.796043182,240.00022615937542,2.9808140425234977
2004-05-22,6.796043182,240.00022615937542,2.9808140425234977
2004-05-23,6.767726335,239.0002252026245,2.9683939838338835
2004-05-24,6.541191563,231.0002176898761,2.8690335160714144
2004-05-25,6.173072557,218.00020542868793,2.7075727552994873
2004-05-26,5.889904091,208.00019600243772,2.5833721701577903
2004-05-27,5.663369318,200.0001884543746,2.484011701956711
2004-05-28,6.824360029,241.00022711612633,2.993234101213111
2004-05-29,7.334063267,259.00024405512494,3.2167951541172766
2004-05-30,6.767726335,239.0002252026245,2.9683939838338835
2004-05-31,6.342973637,224.0002110985639,2.7820931065599486
2004-06-01,6.173072557,218.00020542868793,2.7075727552994873
2004-06-02,6.22970625,220.00020730687498,2.732412872240104
2004-06-03,7.164162188,253.0002384205636,3.142274803295425
2004-06-04,10.3922827,367.00034586569006,4.558161473735322
2004-06-05,15.54594878,549.0005173810661,6.818612122787867
2004-06-06,24.66397338,871.0008207226861,10.817870962069724
2004-06-07,32.28120511,1140.0010740981172,14.158866700012867
2004-06-08,34.82972131,1230.001159146257,15.276671968919795
2004-06-09,39.92675369,1410.001328536243,17.512282497961454
2004-06-10,36.81190057,1300.001225059379,16.14607606403445
2004-06-11,25.59842932,904.0008519070041,11.227732894002266
2004-06-12,17.78297966,628.000591799002,7.799796744793214
2004-06-13,13.96020537,493.00046457993903,6.123088845818922
2004-06-14,12.20456088,431.00040610893603,5.353045217589515
2004-06-15,13.62040321,481.00045324018697,5.974048143297997
2004-06-16,15.54594878,549.0005173810661,6.818612122787867
2004-06-17,16.36713733,578.000544667751,7.178793819084731
2004-06-18,16.84852372,595.000560614684,7.389934812860674
2004-06-19,18.88733668,667.000628653196,8.284179027986218
2004-06-20,21.18100125,748.000704843375,9.290203765616354
2004-06-21,18.54753452,655.000617313444,8.135138325465293
2004-06-22,16.82020688,594.000559905136,7.377514757241333
2004-06-23,18.15109867,641.000604201449,7.961257507319584
2004-06-24,21.71902134,767.0007229156981,9.526184879403186
2004-06-25,23.44634898,828.0007803240061,10.283808447627147
2004-06-26,26.1930831,925.00087175157,11.488554123413882
2004-06-27,28.60001506,1010.0009518393821,12.544259096679692
2004-06-28,30.01585739,1060.0009989706332,13.165262022388177
2004-06-29,31.99803665,1130.0010648837551,14.03466611750283
2004-06-30,31.43169972,1110.0010461018842,13.786264948096658
2004-07-01,27.55229173,973.000916757431,12.084716929111476
2004-07-02,23.41803213,827.0007792613111,10.271388387621704
2004-07-03,20.02001054,707.000666216938,8.780981366798565
2004-07-04,19.31208938,682.000642827886,8.470479906137374
2004-07-05,18.94397037,669.000630425439,8.309019143611005
2004-07-06,18.37763344,649.000611643568,8.060617974204833
2004-07-07,17.30159327,611.0005758520691,7.588655751017274
2004-07-08,18.03783128,637.000600303816,7.911577271683909
2004-07-09,17.89624705,632.0005956966351,7.84947698042889
2004-07-10,15.65921617,553.000521278699,6.868292358423543
2004-07-11,14.63980969,517.000487259443,6.42117025086077
2004-07-12,14.27169068,504.00047485699605,6.259709488334402
2004-07-13,13.90357168,491.00046280769607,6.098248730194135
2004-07-14,13.28060105,469.000441900435,5.825007440777074
2004-07-15,12.43109565,439.00041355105503,5.452405684474763
2004-07-16,12.14792719,429.00040433669307,5.328205101964729
2004-07-17,11.32673864,400.000377050008,4.968023405667863
2004-07-18,10.67545117,377.00035543319905,4.682362060631459
2004-07-19,10.13743108,358.000337360876,4.446380946844629
2004-07-20,10.02416369,354.000333463243,4.396700711208953
2004-07-21,9.797628921,346.0003260564387,4.297340244762315
2004-07-22,8.80653929,311.00029306456304,3.862638196766377
2004-07-23,8.325152898,294.0002770470006,3.6514972021132155
2004-07-24,7.872083353,278.0002619861891,3.4527762661496664
2004-07-25,7.107528495,251.00023654237654,3.117434686354808
2004-07-26,6.39960733,226.00021297675102,2.8069332235005664
2004-07-27,6.003171478,212.0001997941266,2.633052404477635
2004-07-28,6.14475571,217.00020447193702,2.695152696609873
2004-07-29,6.116438864,216.0002035505008,2.68273263835887
2004-07-30,5.889904091,208.00019600243772,2.5833721701577903
2004-07-31,5.578418779,197.0001856547513,2.44675152676509
2004-08-01,5.266933466,186.0001752717502,2.31013088293378
2004-08-02,4.89881446,173.000163010562,2.1486701221618523
2004-08-03,4.672279688,165.0001554978136,2.049309654399383
2004-08-04,4.530695455,160.00015078468851,1.987209361828535
2004-08-05,4.389111222,155.00014607156342,1.9251090692576869
2004-08-06,4.247526989,150.0001413584383,1.8630087766868382
2004-08-07,4.020992216,142.0001338103752,1.7636483084857588
2004-08-08,3.794457443,134.0001262623121,1.66428784028468
2004-08-09,3.624556364,128.00012062775082,1.589767489462828
2004-08-10,3.426338438,121.00011403643862,1.5028270799513626
2004-08-11,3.228120511,114.00010740981172,1.4158866700012869
2004-08-12,3.029902585,107.0001008184995,1.328946260489821
2004-08-13,2.888318352,102.00009610537441,1.266845967918973
2004-08-14,2.775050966,98.0000923490002,1.2171657340377382
2004-08-15,2.66178358,94.000088592626,1.1674855001565037
2004-08-16,2.57683304,91.000085757688,1.1302253245262726
2004-08-17,2.520199347,89.0000838795009,1.1053852075856556
2004-08-18,2.463565654,87.0000820013138,1.0805450906450382
2004-08-19,2.4918825,88.00008292275001,1.0929651488960417
2004-08-20,2.350298267,83.0000782096249,1.0308648563251934
2004-08-21,2.293664574,81.00007633143781,1.006024739384576
2004-08-22,2.321981421,82.00007728818869,1.0184447980741897
2004-08-23,3.454655284,122.00011495787481,1.515247138202366
2004-08-24,3.65287321,129.000121549187,1.6021875477138314
2004-08-25,4.304160682,152.0001432366254,1.8878488936274556
2004-08-26,6.371290483,225.0002120200001,2.7945131648109522
2004-08-27,6.48455787,229.000215811689,2.844193399130797
2004-08-28,6.201389404,219.00020638543882,2.719992813989101
2004-08-29,5.804953551,205.0001931674997,2.5461119945275588
2004-08-30,5.408517699,191.0001799848753,2.3722311755046284
2004-08-31,4.842180767,171.00016113237493,2.1238300052212353
2004-09-01,4.360794375,154.0001451148125,1.912689010568073
2004-09-02,3.964358523,140.0001319321881,1.7388081915451419
2004-09-03,4.219210142,149.0001404016874,1.8505887179972245
2004-09-04,4.360794375,154.0001451148125,1.912689010568073
2004-09-05,4.389111222,155.00014607156342,1.9251090692576869
2004-09-06,4.360794375,154.0001451148125,1.912689010568073
2004-09-07,4.105942756,145.0001366453132,1.8009084841159904
2004-09-08,3.82277429,135.00012721906302,1.6767078989742936
2004-09-09,3.567922671,126.0001187495637,1.5649273725222106
2004-09-10,3.228120511,114.00010740981172,1.4158866700012869
2004-09-11,3.029902585,107.0001008184995,1.328946260489821
2004-09-12,2.916635199,103.0000970621253,1.2792660266085865
2004-09-13,2.860001506,101.00009518393821,1.2544259096679693
2004-09-14,2.803367813,99.00009330575111,1.229585792727352
2004-09-15,2.775050966,98.0000923490002,1.2171657340377382
2004-09-16,2.66178358,94.000088592626,1.1674855001565037
2004-09-17,2.57683304,91.000085757688,1.1302253245262726
2004-09-18,2.4918825,88.00008292275001,1.0929651488960417
2004-09-19,2.40693196,85.00008008781201,1.0557049732658108
2004-09-20,2.4918825,88.00008292275001,1.0929651488960417
2004-09-21,2.4918825,88.00008292275001,1.0929651488960417
2004-09-22,2.435248807,86.0000810445629,1.0681250319554243
2004-09-23,2.378615114,84.00007916637581,1.0432849150148071
2004-09-24,2.40693196,85.00008008781201,1.0557049732658108
2004-09-25,2.40693196,85.00008008781201,1.0557049732658108
2004-09-26,2.40693196,85.00008008781201,1.0557049732658108
2004-09-27,2.378615114,84.00007916637581,1.0432849150148071
2004-09-28,2.321981421,82.00007728818869,1.0184447980741897
2004-09-29,2.237030881,79.0000744532507,0.9811846224439589
2004-09-30,2.293664574,81.00007633143781,1.006024739384576
2004-10-01,2.4918825,88.00008292275001,1.0929651488960417
2004-10-02,2.548516193,90.00008480093712,1.117805265836659
2004-10-03,2.548516193,90.00008480093712,1.117805265836659
2004-10-04,2.520199347,89.0000838795009,1.1053852075856556
2004-10-05,2.548516193,90.00008480093712,1.117805265836659
2004-10-06,2.520199347,89.0000838795009,1.1053852075856556
2004-10-07,2.463565654,87.0000820013138,1.0805450906450382
2004-10-08,2.378615114,84.00007916637581,1.0432849150148071
2004-10-09,2.293664574,81.00007633143781,1.006024739384576
2004-10-10,2.208714034,78.00007349649981,0.9687645637543452
2004-10-11,2.152080341,76.0000716183127,0.9439244468137278
2004-10-12,2.067129801,73.0000687833747,0.9066642711834968
2004-10-13,2.010496108,71.0000669051876,0.8818241542428794
2004-10-14,1.925545568,68.0000640702496,0.8445639786126484
2004-10-15,1.812278182,64.00006031387541,0.794883744731414
2004-10-16,1.755644489,62.0000584356883,0.7700436277907968
2004-10-17,1.699010796,60.0000565575012,0.7452035108501794
2004-10-18,1.755644489,62.0000584356883,0.7700436277907968
2004-10-19,1.727327642,61.00005747893741,0.757623569101183
2004-10-20,1.982179261,70.0000659484367,0.8694040955532657
2004-10-21,2.40693196,85.00008008781201,1.0557049732658108
2004-10-22,2.435248807,86.0000810445629,1.0681250319554243
2004-10-23,2.40693196,85.00008008781201,1.0557049732658108
2004-10-24,2.57683304,91.000085757688,1.1302253245262726
2004-10-25,2.548516193,90.00008480093712,1.117805265836659
2004-10-26,2.633466733,93.0000876358751,1.15506544146689
2004-10-27,2.605149886,92.00008667912421,1.142645382777276
2004-10-28,2.633466733,93.0000876358751,1.15506544146689
2004-10-29,2.690100426,95.0000895140622,1.1799055584075073
2004-10-30,2.690100426,95.0000895140622,1.1799055584075073
2004-10-31,2.633466733,93.0000876358751,1.15506544146689
2004-11-01,2.40693196,85.00008008781201,1.0557049732658108
2004-11-02,2.520199347,89.0000838795009,1.1053852075856556
2004-11-03,2.435248807,86.0000810445629,1.0681250319554243
2004-11-04,2.350298267,83.0000782096249,1.0308648563251934
2004-11-05,2.265347727,80.0000753746869,0.9936046806949623
2004-11-06,2.208714034,78.00007349649981,0.9687645637543452
2004-11-07,2.180397188,77.00007257506361,0.9563445055033416
2004-11-08,2.180397188,77.00007257506361,0.9563445055033416
2004-11-09,2.180397188,77.00007257506361,0.9563445055033416
2004-11-10,2.152080341,76.0000716183127,0.9439244468137278
2004-11-11,2.123763494,75.0000706615618,0.9315043881241141
2004-11-12,2.123763494,75.0000706615618,0.9315043881241141
2004-11-13,2.038812955,72.0000678619385,0.8942442129324933
2004-11-14,1.982179261,70.0000659484367,0.8694040955532657
2004-11-15,1.897228722,67.0000631488134,0.832143920361645
2004-11-16,1.840595028,65.0000612353116,0.8073038029824176
2004-11-17,1.812278182,64.00006031387541,0.794883744731414
2004-11-18,1.699010796,60.0000565575012,0.7452035108501794
2004-11-19,1.642377102,58.000054643999405,0.7203633934709519
2004-11-20,1.529109716,54.0000508876252,0.6706831595897175
2004-11-21,1.500792869,53.000049930874304,0.6582631009001036
2004-11-22,1.529109716,54.0000508876252,0.6706831595897175
2004-11-23,1.444159176,51.000048052687205,0.6334229839594865
2004-11-24,1.387525483,49.0000461745001,0.6085828670188691
2004-11-25,1.387525483,49.0000461745001,0.6085828670188691
2004-11-26,1.359208636,48.000045217749204,0.5961628083292554
2004-11-27,1.302574943,46.000043339562104,0.571322691388638
2004-11-28,1.274258097,45.0000424181259,0.5589026331376346
2004-11-29,1.24594125,44.000041461375005,0.5464825744480208
2004-11-30,1.132673864,40.0000377050008,0.4968023405667863
2004-12-01,1.104357017,39.000036748249904,0.4843822818771726
2004-12-02,1.07604017,38.000035791499,0.47196222318755876
2004-12-03,1.104357017,39.000036748249904,0.4843822818771726
2004-12-04,1.047723324,37.0000348700628,0.4595421649365552
2004-12-05,0.991089631,35.000032991875706,0.43470204799593803
2004-12-06,0.991089631,35.000032991875706,0.43470204799593803
2004-12-07,0.962772784,34.0000320351248,0.4222819893063242
2004-12-08,0.962772784,34.0000320351248,0.4222819893063242
2004-12-09,1.019406477,36.0000339133119,0.44712210624694154
2004-12-10,1.047723324,37.0000348700628,0.4595421649365552
2004-12-11,1.047723324,37.0000348700628,0.4595421649365552
2004-12-12,1.019406477,36.0000339133119,0.44712210624694154
2004-12-13,0.991089631,35.000032991875706,0.43470204799593803
2004-12-14,0.991089631,35.000032991875706,0.43470204799593803
2004-12-15,0.962772784,34.0000320351248,0.4222819893063242
2004-12-16,1.07604017,38.000035791499,0.47196222318755876
2004-12-17,1.019406477,36.0000339133119,0.44712210624694154
2004-12-18,0.934455938,33.00003111368861,0.40986193105532076
2004-12-19,0.934455938,33.00003111368861,0.40986193105532076
2004-12-20,0.934455938,33.00003111368861,0.40986193105532076
2004-12-21,0.991089631,35.000032991875706,0.43470204799593803
2004-12-22,0.906139091,32.000030156937704,0.397441872365707
2004-12-23,0.906139091,32.000030156937704,0.397441872365707
2004-12-24,0.934455938,33.00003111368861,0.40986193105532076
2004-12-25,0.906139091,32.000030156937704,0.397441872365707
2004-12-26,0.877822244,31.000029200186802,0.3850218136760932
2004-12-27,0.877822244,31.000029200186802,0.3850218136760932
2004-12-28,0.821188551,29.000027321999703,0.36018169673547595
2004-12-29,0.792871705,28.000026400563502,0.3477616384844725
2004-12-30,0.821188551,29.000027321999703,0.36018169673547595
2004-12-31,0.849505398,30.0000282787506,0.3726017554250897
2005-01-01,0.877822244,31.000029200186802,0.3850218136760932
2005-01-02,0.849505398,30.0000282787506,0.3726017554250897
2005-01-03,0.849505398,30.0000282787506,0.3726017554250897
2005-01-04,0.849505398,30.0000282787506,0.3726017554250897
2005-01-05,0.821188551,29.000027321999703,0.36018169673547595
2005-01-06,0.906139091,32.000030156937704,0.397441872365707
2005-01-07,0.849505398,30.0000282787506,0.3726017554250897
2005-01-08,0.821188551,29.000027321999703,0.36018169673547595
2005-01-09,0.792871705,28.000026400563502,0.3477616384844725
2005-01-10,0.792871705,28.000026400563502,0.3477616384844725
2005-01-11,0.764554858,27.0000254438126,0.33534157979485874
2005-01-12,0.821188551,29.000027321999703,0.36018169673547595
2005-01-13,0.849505398,30.0000282787506,0.3726017554250897
2005-01-14,0.906139091,32.000030156937704,0.397441872365707
2005-01-15,0.821188551,29.000027321999703,0.36018169673547595
2005-01-16,0.764554858,27.0000254438126,0.33534157979485874
2005-01-17,0.707921165,25.0000235656255,0.31050146285424146
2005-01-18,0.707921165,25.0000235656255,0.31050146285424146
2005-01-19,0.707921165,25.0000235656255,0.31050146285424146
2005-01-20,0.679604318,24.000022608874602,0.2980814041646277
2005-01-21,0.651287472,23.0000216874384,0.2856613459136242
2005-01-22,0.651287472,23.0000216874384,0.2856613459136242
2005-01-23,0.566336932,20.0000188525004,0.24840117028339315
2005-01-24,0.594653778,21.0000197739366,0.26082122853439665
2005-01-25,0.594653778,21.0000197739366,0.26082122853439665
2005-01-26,0.538020085,19.0000178957495,0.23598111159377938
2005-01-27,0.509703239,18.0000169743133,0.2235610533427759
2005-01-28,0.509703239,18.0000169743133,0.2235610533427759
2005-01-29,0.481386392,17.0000160175624,0.2111409946531621
2005-01-30,0.509703239,18.0000169743133,0.2235610533427759
2005-01-31,0.509703239,18.0000169743133,0.2235610533427759
2005-02-01,0.453069545,16.000015060811503,0.1987209359635484
2005-02-02,0.424752699,15.0000141393753,0.18630087771254486
2005-02-03,0.424752699,15.0000141393753,0.18630087771254486
2005-02-04,0.368119006,13.000012261188202,0.16146076077192761
2005-02-05,0.339802159,12.000011304437301,0.14904070208231385
2005-02-06,0.368119006,13.000012261188202,0.16146076077192761
2005-02-07,0.339802159,12.000011304437301,0.14904070208231385
2005-02-08,0.339802159,12.000011304437301,0.14904070208231385
2005-02-09,0.339802159,12.000011304437301,0.14904070208231385
2005-02-10,0.339802159,12.000011304437301,0.14904070208231385
2005-02-11,0.339802159,12.000011304437301,0.14904070208231385
2005-02-12,0.311485313,11.0000103830011,0.1366206438313103
2005-02-13,0.277505097,9.8000092490259,0.1217165735792179
2005-02-14,0.283168466,10.0000094262502,0.12420058514169657
2005-02-15,0.283168466,10.0000094262502,0.12420058514169657
2005-02-16,0.311485313,11.0000103830011,0.1366206438313103
2005-02-17,0.368119006,13.000012261188202,0.16146076077192761
2005-02-18,0.368119006,13.000012261188202,0.16146076077192761
2005-02-19,0.396435852,14.0000131826244,0.1738808190229311
2005-02-20,0.424752699,15.0000141393753,0.18630087771254486
2005-02-21,0.368119006,13.000012261188202,0.16146076077192761
2005-02-22,0.368119006,13.000012261188202,0.16146076077192761
2005-02-23,0.368119006,13.000012261188202,0.16146076077192761
2005-02-24,0.368119006,13.000012261188202,0.16146076077192761
2005-02-25,0.311485313,11.0000103830011,0.1366206438313103
2005-02-26,0.283168466,10.0000094262502,0.12420058514169657
2005-02-27,0.283168466,10.0000094262502,0.12420058514169657
2005-02-28,0.311485313,11.0000103830011,0.1366206438313103
2005-03-01,0.274673412,9.7000091427564,0.12047456757867346
2005-03-02,0.254851619,9.0000084694993,0.1117805264520828
2005-03-03,0.252019935,8.9000083985445,0.11053852089014858
2005-03-04,0.243524881,8.6000081150507,0.10681250332712551
2005-03-05,0.24918825,8.800008292275,0.10929651488960417
2005-03-06,0.243524881,8.6000081150507,0.10681250332712551
2005-03-07,0.223703088,7.9000074417936,0.09811846220053486
2005-03-08,0.212376349,7.5000070520303,0.09315043863696731
2005-03-09,0.212376349,7.5000070520303,0.09315043863696731
2005-03-10,0.209544665,7.4000069810755,0.09190843307503309
2005-03-11,0.215208034,7.600007158299801,0.09439244463751176
2005-03-12,0.218039719,7.7000072645693,0.0956344506380562
2005-03-13,0.232198142,8.200007725287401,0.10184447976355797
2005-03-14,0.243524881,8.6000081150507,0.10681250332712551
2005-03-15,0.232198142,8.200007725287401,0.10184447976355797
2005-03-16,0.229366457,8.1000076190179,0.10060247376301351
2005-03-17,0.243524881,8.6000081150507,0.10681250332712551
2005-03-18,0.283168466,10.0000094262502,0.12420058514169657
2005-03-19,0.283168466,10.0000094262502,0.12420058514169657
2005-03-20,0.311485313,11.0000103830011,0.1366206438313103
2005-03-21,0.339802159,12.000011304437301,0.14904070208231385
2005-03-22,0.339802159,12.000011304437301,0.14904070208231385
2005-03-23,0.368119006,13.000012261188202,0.16146076077192761
2005-03-24,0.481386392,17.0000160175624,0.2111409946531621
2005-03-25,0.481386392,17.0000160175624,0.2111409946531621
2005-03-26,0.481386392,17.0000160175624,0.2111409946531621
2005-03-27,0.481386392,17.0000160175624,0.2111409946531621
2005-03-28,0.453069545,16.000015060811503,0.1987209359635484
2005-03-29,0.453069545,16.000015060811503,0.1987209359635484
2005-03-30,0.453069545,16.000015060811503,0.1987209359635484
2005-03-31,0.651287472,23.0000216874384,0.2856613459136242
2005-04-01,0.538020085,19.0000178957495,0.23598111159377938
2005-04-02,0.424752699,15.0000141393753,0.18630087771254486
2005-04-03,0.424752699,15.0000141393753,0.18630087771254486
2005-04-04,0.424752699,15.0000141393753,0.18630087771254486
2005-04-05,0.424752699,15.0000141393753,0.18630087771254486
2005-04-06,0.453069545,16.000015060811503,0.1987209359635484
2005-04-07,0.509703239,18.0000169743133,0.2235610533427759
2005-04-08,0.594653778,21.0000197739366,0.26082122853439665
2005-04-09,0.679604318,24.000022608874602,0.2980814041646277
2005-04-10,0.679604318,24.000022608874602,0.2980814041646277
2005-04-11,0.651287472,23.0000216874384,0.2856613459136242
2005-04-12,0.679604318,24.000022608874602,0.2980814041646277
2005-04-13,0.736238011,26.0000244870617,0.32292152110524497
2005-04-14,0.792871705,28.000026400563502,0.3477616384844725
2005-04-15,0.792871705,28.000026400563502,0.3477616384844725
2005-04-16,0.821188551,29.000027321999703,0.36018169673547595
2005-04-17,0.991089631,35.000032991875706,0.43470204799593803
2005-04-18,1.189307557,42.000039583187906,0.5216424575074036
2005-04-19,1.302574943,46.000043339562104,0.571322691388638
2005-04-20,1.387525483,49.0000461745001,0.6085828670188691
2005-04-21,1.359208636,48.000045217749204,0.5961628083292554
2005-04-22,1.33089179,47.000044296313,0.5837427500782518
2005-04-23,1.444159176,51.000048052687205,0.6334229839594865
2005-04-24,1.783961335,63.000059357124506,0.7824636860418003
2005-04-25,2.180397188,77.00007257506361,0.9563445055033416
2005-04-26,2.520199347,89.0000838795009,1.1053852075856556
2005-04-27,2.860001506,101.00009518393821,1.2544259096679693
2005-04-28,2.973268892,105.00009894031241,1.3041061435492038
2005-04-29,2.775050966,98.0000923490002,1.2171657340377382
2005-04-30,2.548516193,90.00008480093712,1.117805265836659
2005-05-01,2.350298267,83.0000782096249,1.0308648563251934
2005-05-02,2.237030881,79.0000744532507,0.9811846224439589
2005-05-03,2.123763494,75.0000706615618,0.9315043881241141
2005-05-04,2.067129801,73.0000687833747,0.9066642711834968
2005-05-05,2.123763494,75.0000706615618,0.9315043881241141
2005-05-06,2.548516193,90.00008480093712,1.117805265836659
2005-05-07,2.690100426,95.0000895140622,1.1799055584075073
2005-05-08,2.66178358,94.000088592626,1.1674855001565037
2005-05-09,2.916635199,103.0000970621253,1.2792660266085865
2005-05-10,3.369704744,119.0001121229368,1.4779869625721347
2005-05-11,3.879407983,137.00012909725012,1.701548015914911
2005-05-12,3.766140597,133.0001253408759,1.6518677820336762
2005-05-13,3.454655284,122.00011495787481,1.515247138202366
2005-05-14,3.596239517,127.00011967099991,1.577347430773214
2005-05-15,4.219210142,149.0001404016874,1.8505887179972245
2005-05-16,5.691686165,201.00018941112552,2.496431760646325
2005-05-17,7.872083353,278.0002619861891,3.4527762661496664
2005-05-18,7.249112728,256.00024125550163,3.179534978925656
2005-05-19,6.824360029,241.00022711612633,2.993234101213111
2005-05-20,9.571094148,338.00031850837564,4.197979776561236
2005-05-21,14.5265423,513.00048336181,6.371490015225095
2005-05-22,15.77248355,557.0005248231851,6.9179725896731155
2005-05-23,20.98278332,741.000698110804,9.203263354350447
2005-05-24,24.72060707,873.000822494929,10.84271107769451
2005-05-25,23.84278483,842.000793436001,10.457689265772858
2005-05-26,21.94555611,775.000730357817,9.625545346288432
2005-05-27,21.1526844,747.0007037806799,9.27778370561091
2005-05-28,22.25704142,786.0007406348741,9.762165988803913
2005-05-29,23.58793321,833.000784931187,10.345908738882164
2005-05-30,21.69070449,766.0007218530031,9.51376481939774
2005-05-31,17.38654381,614.000578687007,7.625915926647505
2005-06-01,16.02733517,566.000533327999,7.029753116563809
2005-06-02,13.7336706,485.00045713782004,6.023728378933673
2005-06-03,11.1851544,395.00037208968,4.905923110026743
2005-06-04,10.25069847,362.000341258509,4.496061182480304
2005-06-05,11.01525332,389.000366419804,4.831402758766281
2005-06-06,13.05406628,461.000434458316,5.725646973891825
2005-06-07,13.33723474,471.000443672678,5.849847556401861
2005-06-08,11.52495656,407.000383429432,5.054963812547666
2005-06-09,9.372876222,331.0003119170634,4.11103936704977
2005-06-10,7.957033892,281.0002647858124,3.490036441341287
2005-06-11,7.390696961,261.0002459686267,3.2416352714965044
2005-06-12,7.532281193,266.0002506464371,3.303735563628742
2005-06-13,7.079211648,250.00023558562563,3.1050146276651938
2005-06-14,6.994261108,247.00023275068762,3.0677544520349627
2005-06-15,9.316242529,329.0003100388763,4.086199250109153
2005-06-16,15.63089932,552.000520216004,6.855872298418098
2005-06-17,25.96654832,917.0008639563041,11.38919365214253
2005-06-18,38.2277429,1350.00127219063,16.767078989742938
2005-06-19,39.36041676,1390.001309754372,17.263881328555282
2005-06-20,47.00596534,1660.001564192498,20.61729712650387
2005-06-21,49.83765,1760.0016584549999,21.859302977920834
2005-06-22,48.70497614,1720.001620891258,21.362500639108486
2005-06-23,46.43962841,1640.001545410627,20.368895957097692
2005-06-24,43.04160682,1520.001432366254,18.878488936274554
2005-06-25,39.36041676,1390.001309754372,17.263881328555282
2005-06-26,34.82972131,1230.001159146257,15.276671968919795
2005-06-27,28.06199497,991.0009337670591,12.308277982892863
2005-06-28,26.24971679,927.0008735238131,11.51339423903867
2005-06-29,26.02318202,919.0008660816941,11.414033772153418
2005-06-30,22.62516043,799.000753037321,9.923626751330282
2005-07-01,21.86060557,772.0007275228791,9.588285170658203
2005-07-02,23.67288375,836.0007877661251,10.383168914512396
2005-07-03,22.45525935,793.000747367445,9.849106400069818
2005-07-04,20.18991162,713.0006718868141,8.855501718059026
2005-07-05,19.17050514,677.000637867558,8.408379610496254
2005-07-06,18.85901983,666.000627590501,8.271758967980775
2005-07-07,18.77406929,663.0006247555631,8.234498792350543
2005-07-08,18.60416821,657.000619085687,8.159978441090082
2005-07-09,18.60416821,657.000619085687,8.159978441090082
2005-07-10,18.2926829,646.00060880863,8.023357798574601
2005-07-11,17.0184248,601.00056628456,7.464455164121135
2005-07-12,15.94238463,563.000530493061,6.992492940933578
2005-07-13,15.09287923,533.000502143681,6.619891184631267
2005-07-14,15.40436455,544.000512773885,6.75651183153285
2005-07-15,16.1689194,571.00053793518,7.091853407818827
2005-07-16,15.03624554,531.000500371438,6.59505106900648
2005-07-17,14.63980969,517.000487259443,6.42117025086077
2005-07-18,14.18674014,501.00047202205803,6.22244931270417
2005-07-19,11.83644188,418.00039405963605,5.191584459449249
2005-07-20,10.16574793,359.000338423571,4.458801006850074
2005-07-21,9.599410995,339.0003194651265,4.210399835250849
2005-07-22,9.514460455,336.00031663018854,4.1731396596206185
2005-07-23,8.863172983,313.00029494275014,3.887478313706994
2005-07-24,9.174658296,324.00030532575124,4.024098957538304
2005-07-25,9.061390909,320.0003015340623,3.97441872321846
2005-07-26,7.64554858,270.00025443812603,3.3534157979485872
2005-07-27,6.626142103,234.00022052481413,2.9062936917016455
2005-07-28,5.861587245,207.00019508100152,2.5709521119067866
2005-07-29,5.465151392,193.0001818630624,2.3970712924452457
2005-07-30,5.125349233,181.0001705586251,2.2480305903629314
2005-07-31,4.870497614,172.0001620891258,2.1362500639108486
2005-08-01,4.728913381,167.00015737600071,2.0741497713400006
2005-08-02,4.728913381,167.00015737600071,2.0741497713400006
2005-08-03,4.700596534,166.0001564192498,2.061729712650387
2005-08-04,4.502378608,159.0001498279376,1.974789303138921
2005-08-05,4.389111222,155.00014607156342,1.9251090692576869
2005-08-06,4.162576449,147.0001385235003,1.8257486010566077
2005-08-07,3.90772483,138.000130054001,1.7139680746045245
2005-08-08,3.709506904,131.0001234626888,1.6270276650930589
2005-08-09,3.511288977,124.0001168360619,1.5400872551429832
2005-08-10,3.256437358,115.0001083665626,1.4283067286909004
2005-08-11,3.058219432,108.0001017752504,1.341366319179435
2005-08-12,2.944952046,104.0000980188762,1.2916860852982002
2005-08-13,2.860001506,101.00009518393821,1.2544259096679693
2005-08-14,2.775050966,98.0000923490002,1.2171657340377382
2005-08-15,2.633466733,93.0000876358751,1.15506544146689
2005-08-16,2.57683304,91.000085757688,1.1302253245262726
2005-08-17,2.57683304,91.000085757688,1.1302253245262726
2005-08-18,2.633466733,93.0000876358751,1.15506544146689
2005-08-19,2.690100426,95.0000895140622,1.1799055584075073
2005-08-20,2.633466733,93.0000876358751,1.15506544146689
2005-08-21,2.633466733,93.0000876358751,1.15506544146689
2005-08-22,2.633466733,93.0000876358751,1.15506544146689
2005-08-23,2.605149886,92.00008667912421,1.142645382777276
2005-08-24,2.57683304,91.000085757688,1.1302253245262726
2005-08-25,2.520199347,89.0000838795009,1.1053852075856556
2005-08-26,2.40693196,85.00008008781201,1.0557049732658108
2005-08-27,2.321981421,82.00007728818869,1.0184447980741897
2005-08-28,2.208714034,78.00007349649981,0.9687645637543452
2005-08-29,2.123763494,75.0000706615618,0.9315043881241141
2005-08-30,2.010496108,71.0000669051876,0.8818241542428794
2005-08-31,1.925545568,68.0000640702496,0.8445639786126484
2005-09-01,1.812278182,64.00006031387541,0.794883744731414
2005-09-02,1.699010796,60.0000565575012,0.7452035108501794
2005-09-03,1.585743409,56.000052765812306,0.6955232765303347
2005-09-04,1.472476023,52.0000490094381,0.6458430426491001
2005-09-05,1.387525483,49.0000461745001,0.6085828670188691
2005-09-06,1.302574943,46.000043339562104,0.571322691388638
2005-09-07,1.274258097,45.0000424181259,0.5589026331376346
2005-09-08,1.302574943,46.000043339562104,0.571322691388638
2005-09-09,1.33089179,47.000044296313,0.5837427500782518
2005-09-10,1.41584233,50.000047131251,0.6210029257084829
2005-09-11,1.302574943,46.000043339562104,0.571322691388638
2005-09-12,1.359208636,48.000045217749204,0.5961628083292554
2005-09-13,1.359208636,48.000045217749204,0.5961628083292554
2005-09-14,1.33089179,47.000044296313,0.5837427500782518
2005-09-15,1.387525483,49.0000461745001,0.6085828670188691
2005-09-16,1.444159176,51.000048052687205,0.6334229839594865
2005-09-17,1.472476023,52.0000490094381,0.6458430426491001
2005-09-18,1.472476023,52.0000490094381,0.6458430426491001
2005-09-19,1.472476023,52.0000490094381,0.6458430426491001
2005-09-20,1.500792869,53.000049930874304,0.6582631009001036
2005-09-21,1.472476023,52.0000490094381,0.6458430426491001
2005-09-22,1.472476023,52.0000490094381,0.6458430426491001
2005-09-23,1.444159176,51.000048052687205,0.6334229839594865
2005-09-24,1.557426563,55.0000518443761,0.6831032182793311
2005-09-25,1.614060256,57.0000537225632,0.7079433352199485
2005-09-26,1.557426563,55.0000518443761,0.6831032182793311
2005-09-27,1.472476023,52.0000490094381,0.6458430426491001
2005-09-28,1.444159176,51.000048052687205,0.6334229839594865
2005-09-29,1.387525483,49.0000461745001,0.6085828670188691
2005-09-30,1.33089179,47.000044296313,0.5837427500782518
2005-10-01,1.294079889,45.7000430560683,0.5675966738256151
2005-10-02,1.271426412,44.9000423118564,0.5576606271370902
2005-10-03,1.322396736,46.7000440128192,0.5800167325152288
2005-10-04,1.427169068,50.4000474856996,0.6259709488334402
2005-10-05,1.41584233,50.000047131251,0.6210029257084829
2005-10-06,1.36770369,48.300045501243,0.5998888258922784
2005-10-07,1.387525483,49.0000461745001,0.6085828670188691
2005-10-08,1.418674014,50.10004720220581,0.6222449312704171
2005-10-09,1.548931509,54.7000515608823,0.679377200716308
2005-10-10,1.582911724,55.9000526595428,0.6942812705297902
2005-10-11,1.597070148,56.400053155575606,0.7004913000939023
2005-10-12,1.61689194,57.100053793518,0.7091853407818827
2005-10-13,1.588575094,56.100052872081804,0.6967652825308791
2005-10-14,1.563089932,55.200052021600406,0.6855872298418098
2005-10-15,1.58008004,55.800052588588,0.6930392649678561
2005-10-16,1.571584986,55.5000523050942,0.6893132474048329
2005-10-17,1.546099824,54.6000514546128,0.6781351947157636
2005-10-18,1.506456239,53.20005014341331,0.6607471129011926
2005-10-19,1.466812653,51.800048796899105,0.6433590306480113
2005-10-20,1.421505699,50.2000473084753,0.6234869372709615
2005-10-21,1.359208636,48.000045217749204,0.5961628083292554
2005-10-22,1.322396736,46.7000440128192,0.5800167325152288
2005-10-23,1.271426412,44.9000423118564,0.5576606271370902
2005-10-24,1.220456088,43.1000406108936,0.5353045217589515
2005-10-25,1.183644188,41.8000394059636,0.5191584459449249
2005-10-26,1.155327341,40.8000384492127,0.5067383872553112
2005-10-27,1.129842179,39.9000375987313,0.4955603345662418
2005-10-28,1.211961034,42.8000403273998,0.5315785041959283
2005-10-29,1.214792719,42.900040433669304,0.5328205101964729
2005-10-30,1.20346598,42.500040043906004,0.5278524866329054
2005-10-31,1.101525332,38.9000366419804,0.4831402758766281
2005-11-01,1.169485764,41.300038909930805,0.5129484163808129
2005-11-02,1.141168918,40.3000379884946,0.5005283581298094
2005-11-03,1.095861963,38.7000364647561,0.4806562643141494
2005-11-04,1.067545117,37.700035543319906,0.468236206063146
2005-11-05,1.084535224,38.300036074992796,0.47568824075058186
2005-11-06,1.129842179,39.9000375987313,0.4955603345662418
2005-11-07,1.234614511,43.6000410716117,0.5415145508844532
2005-11-08,1.240277881,43.8000412841507,0.5439985628855422
2005-11-09,1.223287773,43.200040717163105,0.536546527759496
2005-11-10,1.209129349,42.7000402211303,0.5303364981953839
2005-11-11,1.192139242,42.100039689457404,0.522884463507948
2005-11-12,1.175149134,41.5000391224698,0.5154324283819017
2005-11-13,1.16665408,41.200038838976006,0.5117064108188788
2005-11-14,1.220456088,43.1000406108936,0.5353045217589515
2005-11-15,1.254436304,44.3000417448688,0.5502085920110439
2005-11-16,1.37336706,48.50004571378201,0.6023728378933674
2005-11-17,1.339386844,47.30004457980681,0.587468767641275
2005-11-18,1.237446196,43.700041177881204,0.5427565568849977
2005-11-19,1.200634296,42.400039972951205,0.5266104810709711
2005-11-20,1.155327341,40.8000384492127,0.5067383872553112
2005-11-21,1.129842179,39.9000375987313,0.4955603345662418
2005-11-22,1.101525332,38.9000366419804,0.4831402758766281
2005-11-23,1.078871855,38.10003589776851,0.47320422918810323
2005-11-24,1.047723324,37.0000348700628,0.4595421649365552
2005-11-25,1.010911423,35.7000336298181,0.44339608868391844
2005-11-26,1.095861963,38.7000364647561,0.4806562643141494
2005-11-27,1.036396585,36.600034480299506,0.45457414137298774
2005-11-28,1.08170354,38.200036004038,0.47444623518864765
2005-11-29,1.112852071,39.300037031743706,0.4881082994401957
2005-11-30,0.991089631,35.000032991875706,0.43470204799593803
2005-12-01,1.019406477,36.0000339133119,0.44712210624694154
2005-12-02,1.104357017,39.000036748249904,0.4843822818771726
2005-12-03,1.16099071,41.000038626437004,0.5092223988177899
2005-12-04,1.132673864,40.0000377050008,0.4968023405667863
2005-12-05,1.07604017,38.000035791499,0.47196222318755876
2005-12-06,1.098693648,38.8000365710256,0.48189827031469384
2005-12-07,1.047723324,37.0000348700628,0.4595421649365552
2005-12-08,0.991089631,35.000032991875706,0.43470204799593803
2005-12-09,1.019406477,36.0000339133119,0.44712210624694154
2005-12-10,1.036396585,36.600034480299506,0.45457414137298774
2005-12-11,1.010911423,35.7000336298181,0.44339608868391844
2005-12-12,0.945782676,33.4000314681372,0.414829954180278
2005-12-13,0.880653929,31.1000293064563,0.3862638196766377
2005-12-14,0.824020236,29.1000274282692,0.36142370273602037
2005-12-15,0.792871705,28.000026400563502,0.3477616384844725
2005-12-16,0.764554858,27.0000254438126,0.33534157979485874
2005-12-17,0.736238011,26.0000244870617,0.32292152110524497
2005-12-18,0.733406327,25.900024416106902,0.3216795155433107
2005-12-19,0.696594426,24.6000231758622,0.3055334392906739
2005-12-20,0.614475571,21.700020447193705,0.2695152696609873
2005-12-21,0.57766367,20.400019206949,0.25336919340835046
2005-12-22,0.560673563,19.800018675276103,0.24591715872091452
2005-12-23,0.62580231,22.100020836957,0.27448329322455484
2005-12-24,0.628633994,22.2000209079118,0.27572529878648905
2005-12-25,0.611643886,21.6000203409242,0.26827326366044285
2005-12-26,0.594653778,21.0000197739366,0.26082122853439665
2005-12-27,0.631465679,22.3000210141813,0.27696730478703346
2005-12-28,0.642792418,22.7000214039446,0.28193532835060103
2005-12-29,0.716416219,25.3000238491193,0.3142274804172645
2005-12-30,0.753228119,26.6000250540493,0.33037355623129117
2005-12-31,0.804198443,28.4000267550121,0.35272966160942976
2006-01-01,0.920297514,32.5000306176558,0.4036519014912088
2006-01-02,0.948614361,33.5000315744067,0.4160719601808225
2006-01-03,0.991089631,35.000032991875706,0.43470204799593803
2006-01-04,1.073208486,37.9000357205442,0.47072021762562455
2006-01-05,1.104357017,39.000036748249904,0.4843822818771726
2006-01-06,1.07604017,38.000035791499,0.47196222318755876
2006-01-07,1.027901531,36.3000341968057,0.4508481238099646
2006-01-08,1.019406477,36.0000339133119,0.44712210624694154
2006-01-09,0.962772784,34.0000320351248,0.4222819893063242
2006-01-10,0.991089631,35.000032991875706,0.43470204799593803
2006-01-11,0.991089631,35.000032991875706,0.43470204799593803
2006-01-12,0.988257946,34.9000328856062,0.43346004199539356
2006-01-13,0.991089631,35.000032991875706,0.43470204799593803
2006-01-14,0.965604469,34.1000321413943,0.4235239953068687
2006-01-15,0.877822244,31.000029200186802,0.3850218136760932
2006-01-16,0.934455938,33.00003111368861,0.40986193105532076
2006-01-17,0.962772784,34.0000320351248,0.4222819893063242
2006-01-18,0.877822244,31.000029200186802,0.3850218136760932
2006-01-19,0.962772784,34.0000320351248,0.4222819893063242
2006-01-20,0.883485614,31.200029412725804,0.38750582567718217
2006-01-21,0.849505398,30.0000282787506,0.3726017554250897
2006-01-22,0.835346974,29.5000277827178,0.36639172586097773
2006-01-23,0.824020236,29.1000274282692,0.36142370273602037
2006-01-24,0.821188551,29.000027321999703,0.36018169673547595
2006-01-25,0.79004002,27.900026294294,0.34651963248392803
2006-01-26,0.722079588,25.500024026343603,0.31671149197974324
2006-01-27,0.656950841,23.200021864662702,0.2881453574761028
2006-01-28,0.637129048,22.5000211914056,0.2794513163495122
2006-01-29,0.628633994,22.2000209079118,0.27572529878648905
2006-01-30,0.611643886,21.6000203409242,0.26827326366044285
2006-01-31,0.637129048,22.5000211914056,0.2794513163495122
2006-02-01,0.62580231,22.100020836957,0.27448329322455484
2006-02-02,0.637129048,22.5000211914056,0.2794513163495122
2006-02-03,0.682436003,24.1000227151441,0.2993234101651721
2006-02-04,0.707921165,25.0000235656255,0.31050146285424146
2006-02-05,0.707921165,25.0000235656255,0.31050146285424146
2006-02-06,0.651287472,23.0000216874384,0.2856613459136242
2006-02-07,0.699426111,24.7000232821317,0.3067754452912183
2006-02-08,0.654119156,23.100021758393204,0.2869033514755584
2006-02-09,0.634297364,22.400021120450802,0.27820931078757793
2006-02-10,0.566336932,20.0000188525004,0.24840117028339315
2006-02-11,0.594653778,21.0000197739366,0.26082122853439665
2006-02-12,0.614475571,21.700020447193705,0.2695152696609873
2006-02-13,0.594653778,21.0000197739366,0.26082122853439665
2006-02-14,0.572000301,20.2000190297247,0.2508851818458718
2006-02-15,0.538020085,19.0000178957495,0.23598111159377938
2006-02-16,0.552178509,19.5000183917823,0.24219114115789137
2006-02-17,0.555010193,19.6000184627371,0.2434331467198256
2006-02-18,0.574831986,20.3000191359942,0.25212718784641625
2006-02-19,0.555010193,19.6000184627371,0.2434331467198256
2006-02-20,0.526693347,18.600017541300904,0.2310130884688221
2006-02-21,0.504039869,17.8000167617743,0.221077041341687
2006-02-22,0.484218077,17.100016123831903,0.2123830006537066
2006-02-23,0.472891338,16.7000157340686,0.207414977090139
2006-02-24,0.484218077,17.100016123831903,0.2123830006537066
2006-02-25,0.472891338,16.7000157340686,0.207414977090139
2006-02-26,0.458732915,16.200015273350502,0.20120494796463725
2006-02-27,0.458732915,16.200015273350502,0.20120494796463725
2006-02-28,0.467227969,16.500015556844303,0.20493096552766038
2006-03-01,0.489881446,17.3000163010562,0.21486701221618523
2006-03-02,0.509703239,18.0000169743133,0.2235610533427759
2006-03-03,0.509703239,18.0000169743133,0.2235610533427759
2006-03-04,0.487049761,17.200016194786702,0.2136250062156408
2006-03-05,0.515366608,18.2000171515376,0.22604506490525453
2006-03-06,0.481386392,17.0000160175624,0.2111409946531621
2006-03-07,0.484218077,17.100016123831903,0.2123830006537066
2006-03-08,0.492713131,17.4000164073257,0.2161090182167297
2006-03-09,0.509703239,18.0000169743133,0.2235610533427759
2006-03-10,0.481386392,17.0000160175624,0.2111409946531621
2006-03-11,0.453069545,16.000015060811503,0.1987209359635484
2006-03-12,0.492713131,17.4000164073257,0.2161090182167297
2006-03-13,0.481386392,17.0000160175624,0.2111409946531621
2006-03-14,0.509703239,18.0000169743133,0.2235610533427759
2006-03-15,0.458732915,16.200015273350502,0.20120494796463725
2006-03-16,0.464396284,16.400015450574802,0.20368895952711594
2006-03-17,0.458732915,16.200015273350502,0.20120494796463725
2006-03-18,0.458732915,16.200015273350502,0.20120494796463725
2006-03-19,0.458732915,16.200015273350502,0.20120494796463725
2006-03-20,0.453069545,16.000015060811503,0.1987209359635484
2006-03-21,0.433247753,15.3000144228691,0.19002689527556796
2006-03-22,0.41342596,14.600013749612,0.18133285414897732
2006-03-23,0.396435852,14.0000131826244,0.1738808190229311
2006-03-24,0.399267537,14.100013288893901,0.17512282502347556
2006-03-25,0.396435852,14.0000131826244,0.1738808190229311
2006-03-26,0.433247753,15.3000144228691,0.19002689527556796
2006-03-27,0.424752699,15.0000141393753,0.18630087771254486
2006-03-28,0.444574491,15.700014777317701,0.19499491840052527
2006-03-29,0.4983765,17.60001658455,0.21859302977920833
2006-03-30,0.538020085,19.0000178957495,0.23598111159377938
2006-03-31,0.535188401,18.900017824794702,0.23473910603184517
2006-04-01,0.538020085,19.0000178957495,0.23598111159377938
2006-04-02,0.546515139,19.300018179243303,0.23970712915680253
2006-04-03,0.611643886,21.6000203409242,0.26827326366044285
2006-04-04,0.798535074,28.200026577787803,0.35024565004695113
2006-04-05,0.999584685,35.3000332753695,0.4384280655589611
2006-04-06,0.968436153,34.2000322123491,0.4247660008688029
2006-04-07,0.877822244,31.000029200186802,0.3850218136760932
2006-04-08,0.948614361,33.5000315744067,0.4160719601808225
2006-04-09,1.067545117,37.700035543319906,0.468236206063146
2006-04-10,1.019406477,36.0000339133119,0.44712210624694154
2006-04-11,0.985426261,34.8000327793367,0.4322180359948491
2006-04-12,0.999584685,35.3000332753695,0.4384280655589611
2006-04-13,1.056218378,37.30003515355661,0.46326818249957835
2006-04-14,1.192139242,42.100039689457404,0.522884463507948
2006-04-15,1.758476173,62.1000585066431,0.7712856333527309
2006-04-16,1.826436605,64.5000607745935,0.8010937738569157
2006-04-17,1.86608019,65.900062085793,0.8184818556714867
2006-04-18,1.605565202,56.7000534390694,0.7042173176569253
2006-04-19,1.483802761,52.4000493638867,0.6508110657740575
2006-04-20,1.444159176,51.000048052687205,0.6334229839594865
2006-04-21,1.625386994,57.40005407701181,0.7129113583449057
2006-04-22,2.050139693,72.40006821638711,0.8992122360574507
2006-04-23,2.718417273,96.0000904708131,1.192325617097121
2006-04-24,3.114853125,110.00010365343749,1.366206436120052
2006-04-25,2.888318352,102.00009610537441,1.266845967918973
2006-04-26,2.916635199,103.0000970621253,1.2792660266085865
2006-04-27,3.341387898,118.0001112015006,1.4655669043211315
2006-04-28,3.82277429,135.00012721906302,1.6767078989742936
2006-04-29,4.445744915,157.0001479497505,1.9499491861983036
2006-04-30,5.323567159,188.00017714993731,2.3349709998743973
2006-05-01,5.606735625,198.0001865761875,2.459171585016094
2006-05-02,5.946537784,210.00019788062482,2.6082122870984077
2006-05-03,6.116438864,216.0002035505008,2.68273263835887
2006-05-04,6.116438864,216.0002035505008,2.68273263835887
2006-05-05,5.861587245,207.00019508100152,2.5709521119067866
2006-05-06,6.088122017,215.00020259374992,2.6703125796692557
2006-05-07,6.31465679,223.000210141813,2.7696730478703353
2006-05-08,6.342973637,224.0002110985639,2.7820931065599486
2006-05-09,6.031488324,213.0002007155628,2.645472462728639
2006-05-10,5.663369318,200.0001884543746,2.484011701956711
2006-05-11,5.578418779,197.0001856547513,2.44675152676509
2006-05-12,6.088122017,215.00020259374992,2.6703125796692557
2006-05-13,6.909310568,244.00022991574963,3.030494276404732
2006-05-14,8.551687671,302.0002845950637,3.750857670314294
2006-05-15,10.90198594,385.000362875318,4.781722527516708
2006-05-16,13.39386844,473.00044579806803,5.87468767641275
2006-05-17,17.89624705,632.0005956966351,7.84947698042889
2006-05-18,27.01427165,954.000899038255,11.848735819710747
2006-05-19,30.58219432,1080.0010177525041,13.413663191794349
2006-05-20,33.13071051,1170.001102447497,14.531468456315176
2006-05-21,33.98021591,1200.001130796877,14.904070212617487
2006-05-22,34.26338438,1210.001140364386,15.028270799513622
2006-05-23,30.86536279,1090.001027320013,13.537863778690484
2006-05-24,26.53288526,937.0008830913221,11.637594825934807
2006-05-25,27.32575696,965.000909315312,11.985356462226227
2006-05-26,29.44952046,1040.000980188762,12.916860852982003
2006-05-27,26.33466733,930.000876358751,11.550654414668898
2006-05-28,21.18100125,748.000704843375,9.290203765616354
2006-05-29,16.08396886,568.000535100242,7.054593232188595
2006-05-30,12.77089781,451.000424890807,5.601446386995687
2006-05-31,10.53386693,372.00035047287105,4.620261764990339
2006-06-01,9.486143608,335.0003156734376,4.160719600931005
2006-06-02,12.11961034,428.000403273998,5.315785041959284
2006-06-03,19.00060406,671.0006321976821,8.333859259235792
2006-06-04,28.17526236,995.0009376646921,12.35795821852854
2006-06-05,34.54655284,1220.001149578748,15.15247138202366
2006-06-06,36.81190057,1300.001225059379,16.14607606403445
2006-06-07,39.36041676,1390.001309754372,17.263881328555282
2006-06-08,41.34259602,1460.0013756674941,18.13328542366994
2006-06-09,43.60794375,1540.001451148125,19.126890105680726
2006-06-10,40.77625909,1440.0013568856232,17.884884254263767
2006-06-11,30.86536279,1090.001027320013,13.537863778690484
2006-06-12,26.5612021,938.00088380087,11.650014881554148
2006-06-13,27.72219281,979.000922427307,12.159237280371938
2006-06-14,28.88318352,1020.000961053744,12.668459679189727
2006-06-15,22.0021898,777.0007321300601,9.65038546191322
2006-06-16,16.62198895,587.000553172565,7.2905743459754255
2006-06-17,15.77248355,557.0005248231851,6.9179725896731155
2006-06-18,17.24495957,609.000573726679,7.563815631006384
2006-06-19,18.09446497,639.0006020760591,7.936417387308695
2006-06-20,18.51921767,654.000616250749,8.12271826545985
2006-06-21,17.52812804,619.000583294188,7.688016217902522
2006-06-22,15.85743409,560.000527658123,6.9552327653033466
2006-06-23,15.03624554,531.000500371438,6.59505106900648
2006-06-24,14.951295,528.0004975365,6.55779089337625
2006-06-25,14.55485915,514.0004844245051,6.383910075230539
2006-06-26,15.46099824,546.000514546128,6.781351947157637
2006-06-27,15.8008004,558.00052588588,6.93039264967856
2006-06-28,14.49822546,512.000482652262,6.359069959605752
2006-06-29,13.79030429,487.000458910063,6.0485684945584595
2006-06-30,13.42218528,474.00044650761606,5.887107732032092
2006-07-01,13.70535375,484.00045607512504,6.011308318928229
2006-07-02,13.11069997,463.00043623055905,5.750487089516612
2006-07-03,11.80812503,417.000392996941,5.179164399443804
2006-07-04,11.44000602,404.000380594494,5.017703636917436
2006-07-05,11.04357017,390.00036748249903,4.843822818771726
2006-07-06,10.33564901,365.000344093447,4.533321358110534
2006-07-07,9.769312074,345.0003250996878,4.284920186072702
2006-07-08,9.401193069,332.0003128738143,4.123459425739384
2006-07-09,8.80653929,311.00029306456304,3.862638196766377
2006-07-10,8.268519205,292.0002751688135,3.6266570851725977
2006-07-11,7.503964347,265.0002497250009,3.291315505377739
2006-07-12,6.937627415,245.0002308725005,3.0429143350943457
2006-07-13,6.654458949,235.00022144625032,2.918713749952649
2006-07-14,6.258023097,221.0002082636259,2.7448329309297175
2006-07-15,5.804953551,205.0001931674997,2.5461119945275588
2006-07-16,5.550101932,196.0001846980004,2.4343314680754764
2006-07-17,5.351884006,189.0001781066882,2.347391058564011
2006-07-18,5.181982926,183.0001724368122,2.272870707303549
2006-07-19,4.955448154,175.0001649240638,2.1735102395410797
2006-07-20,4.672279688,165.0001554978136,2.049309654399383
2006-07-21,4.474061762,158.0001489065014,1.9623692448879178
2006-07-22,4.275843835,151.0001422798745,1.8754288349378418
2006-07-23,4.134259602,146.0001375667494,1.8133285423669936
2006-07-24,3.964358523,140.0001319321881,1.7388081915451419
2006-07-25,3.82277429,135.00012721906302,1.6767078989742936
2006-07-26,3.709506904,131.0001234626888,1.6270276650930589
2006-07-27,3.681190057,130.0001225059379,1.6146076064034451
2006-07-28,3.567922671,126.0001187495637,1.5649273725222106
2006-07-29,3.426338438,121.00011403643862,1.5028270799513626
2006-07-30,3.256437358,115.0001083665626,1.4283067286909004
2006-07-31,3.114853125,110.00010365343749,1.366206436120052
2006-08-01,3.029902585,107.0001008184995,1.328946260489821
2006-08-02,2.888318352,102.00009610537441,1.266845967918973
2006-08-03,2.743902435,96.9000913212945,1.20350366978619
2006-08-04,2.66178358,94.000088592626,1.1674855001565037
2006-08-05,2.605149886,92.00008667912421,1.142645382777276
2006-08-06,2.401268591,84.80007991058771,1.053220961703332
2006-08-07,2.321981421,82.00007728818869,1.0184447980741897
2006-08-08,2.248357619,79.40007480769931,0.9861526455689161
2006-08-09,2.16340708,76.400072008076,0.9488924703772953
2006-08-10,2.069961486,73.1000688896442,0.9079062771840412
2006-08-11,2.013327793,71.10006701145711,0.8830661602434241
2006-08-12,1.922713884,67.9000639992948,0.8433219730507143
2006-08-13,1.843426713,65.1000613415811,0.8085458089829619
2006-08-14,1.741486065,61.5000579396555,0.7638335982266847
2006-08-15,1.670693949,59.0000556007503,0.7327834521605657
2006-08-16,1.58008004,55.800052588588,0.6930392649678561
2006-08-17,1.483802761,52.4000493638867,0.6508110657740575
2006-08-18,1.393188852,49.2000463517244,0.6110668785813478
2006-08-19,1.308238313,46.2000435521011,0.573806703389727
2006-08-20,1.240277881,43.8000412841507,0.5439985628855422
2006-08-21,1.172317449,41.400039016200296,0.5141904223813573
2006-08-22,1.12417881,39.700037421507005,0.4930763230037632
2006-08-23,1.078871855,38.10003589776851,0.47320422918810323
2006-08-24,1.03922827,36.700034586569004,0.45581614737353215
2006-08-25,1.019406477,36.0000339133119,0.44712210624694154
2006-08-26,1.033564901,36.50003440934471,0.4533321358110535
2006-08-27,1.002416369,35.40003334632431,0.4396700711208954
2006-08-28,0.974099523,34.4000324248881,0.42725001286989184
2006-08-29,0.948614361,33.5000315744067,0.4160719601808225
2006-08-30,0.914634145,32.3000304404315,0.40116788992873004
2006-08-31,0.877822244,31.000029200186802,0.3850218136760932
2006-09-01,0.83251529,29.400027711763002,0.36514972029904347
2006-09-02,0.798535074,28.200026577787803,0.35024565004695113
2006-09-03,0.767386543,27.1000255500821,0.33658358579540315
2006-09-04,0.739069696,26.100024593331202,0.32416352710578944
2006-09-05,0.702257795,24.8000233530865,0.3080174508531525
2006-09-06,0.659782526,23.3000219709322,0.28938736347664723
2006-09-07,0.648455787,22.9000215811689,0.2844193399130797
2006-09-08,0.637129048,22.5000211914056,0.2794513163495122
2006-09-09,0.637129048,22.5000211914056,0.2794513163495122
2006-09-10,0.622970625,22.000020730687503,0.2732412872240104
2006-09-11,0.611643886,21.6000203409242,0.26827326366044285
2006-09-12,0.611643886,21.6000203409242,0.26827326366044285
2006-09-13,0.611643886,21.6000203409242,0.26827326366044285
2006-09-14,0.603148832,21.3000200574304,0.2645472460974198
2006-09-15,0.685267688,24.200022821413604,0.3005654161657166
2006-09-16,0.637129048,22.5000211914056,0.2794513163495122
2006-09-17,0.611643886,21.6000203409242,0.26827326366044285
2006-09-18,0.586158724,20.700019490442802,0.25709521097137356
2006-09-19,0.594653778,21.0000197739366,0.26082122853439665
2006-09-20,0.586158724,20.700019490442802,0.25709521097137356
2006-09-21,0.617307256,21.800020553463202,0.2707572756615318
2006-09-22,0.682436003,24.1000227151441,0.2993234101651721
2006-09-23,0.690931057,24.4000229986379,0.3030494277281952
2006-09-24,0.713584534,25.2000237428498,0.3129854744167201
2006-09-25,0.733406327,25.900024416106902,0.3216795155433107
2006-09-26,0.764554858,27.0000254438126,0.33534157979485874
2006-09-27,0.787208335,27.8000261880245,0.3452776264833835
2006-09-28,0.807030128,28.5000268612816,0.3539716676099742
2006-09-29,0.824020236,29.1000274282692,0.36142370273602037
2006-09-30,0.835346974,29.5000277827178,0.36639172586097773
2006-10-01,0.849505398,30.0000282787506,0.3726017554250897
2006-10-02,0.877822244,31.000029200186802,0.3850218136760932
2006-10-03,1.019406477,36.0000339133119,0.44712210624694154
2006-10-04,1.07604017,38.000035791499,0.47196222318755876
2006-10-05,1.16099071,41.000038626437004,0.5092223988177899
2006-10-06,1.840595028,65.0000612353116,0.8073038029824176
2006-10-07,2.4918825,88.00008292275001,1.0929651488960417
2006-10-08,2.775050966,98.0000923490002,1.2171657340377382
2006-10-09,3.029902585,107.0001008184995,1.328946260489821
2006-10-10,3.114853125,110.00010365343749,1.366206436120052
2006-10-11,3.029902585,107.0001008184995,1.328946260489821
2006-10-12,2.888318352,102.00009610537441,1.266845967918973
2006-10-13,2.775050966,98.0000923490002,1.2171657340377382
2006-10-14,2.66178358,94.000088592626,1.1674855001565037
2006-10-15,2.548516193,90.00008480093712,1.117805265836659
2006-10-16,2.4918825,88.00008292275001,1.0929651488960417
2006-10-17,2.378615114,84.00007916637581,1.0432849150148071
2006-10-18,2.265347727,80.0000753746869,0.9936046806949623
2006-10-19,2.123763494,75.0000706615618,0.9315043881241141
2006-10-20,2.095446648,74.0000697401256,0.9190843298731104
2006-10-21,1.982179261,70.0000659484367,0.8694040955532657
2006-10-22,1.868911875,66.0000621920625,0.8197238616720313
2006-10-23,1.755644489,62.0000584356883,0.7700436277907968
2006-10-24,1.670693949,59.0000556007503,0.7327834521605657
2006-10-25,1.614060256,57.0000537225632,0.7079433352199485
2006-10-26,1.529109716,54.0000508876252,0.6706831595897175
2006-10-27,1.444159176,51.000048052687205,0.6334229839594865
2006-10-28,1.41584233,50.000047131251,0.6210029257084829
2006-10-29,1.387525483,49.0000461745001,0.6085828670188691
2006-10-30,1.33089179,47.000044296313,0.5837427500782518
2006-10-31,1.16099071,41.000038626437004,0.5092223988177899
2006-11-01,1.132673864,40.0000377050008,0.4968023405667863
2006-11-02,1.104357017,39.000036748249904,0.4843822818771726
2006-11-03,1.104357017,39.000036748249904,0.4843822818771726
2006-11-04,1.047723324,37.0000348700628,0.4595421649365552
2006-11-05,0.991089631,35.000032991875706,0.43470204799593803
2006-11-06,0.962772784,34.0000320351248,0.4222819893063242
2006-11-07,0.962772784,34.0000320351248,0.4222819893063242
2006-11-08,0.991089631,35.000032991875706,0.43470204799593803
2006-11-09,1.019406477,36.0000339133119,0.44712210624694154
2006-11-10,0.991089631,35.000032991875706,0.43470204799593803
2006-11-11,0.962772784,34.0000320351248,0.4222819893063242
2006-11-12,0.962772784,34.0000320351248,0.4222819893063242
2006-11-13,0.934455938,33.00003111368861,0.40986193105532076
2006-11-14,1.07604017,38.000035791499,0.47196222318755876
2006-11-15,1.056218378,37.30003515355661,0.46326818249957835
2006-11-16,1.056218378,37.30003515355661,0.46326818249957835
2006-11-17,1.053386693,37.2000350472871,0.4620261764990339
2006-11-18,1.025069847,36.2000341258509,0.44960611824803043
2006-11-19,0.962772784,34.0000320351248,0.4222819893063242
2006-11-20,0.95427773,33.700031751631,0.4185559717433012
2006-11-21,0.940119307,33.200031290912904,0.4123459426177994
2006-11-22,0.920297514,32.5000306176558,0.4036519014912088
2006-11-23,0.891980668,31.500029696219602,0.3912318432402052
2006-11-24,0.849505398,30.0000282787506,0.3726017554250897
2006-11-25,0.835346974,29.5000277827178,0.36639172586097773
2006-11-26,0.807030128,28.5000268612816,0.3539716676099742
2006-11-27,0.756059804,26.7000251603188,0.3316155622318356
2006-11-28,0.764554858,27.0000254438126,0.33534157979485874
2006-11-29,0.707921165,25.0000235656255,0.31050146285424146
2006-11-30,0.707921165,25.0000235656255,0.31050146285424146
2006-12-01,0.719247903,25.4000239200741,0.3154694859791987
2006-12-02,0.651287472,23.0000216874384,0.2856613459136242
2006-12-03,0.707921165,25.0000235656255,0.31050146285424146
2006-12-04,0.74756475,26.400024876825,0.3278895446688125
2006-12-05,0.750396435,26.5000249830945,0.32913155066935695
2006-12-06,0.702257795,24.8000233530865,0.3080174508531525
2006-12-07,0.645624102,22.8000214748994,0.28317733391253525
2006-12-08,0.611643886,21.6000203409242,0.26827326366044285
2006-12-09,0.58332704,20.600019419488003,0.2558532054094394
2006-12-10,0.543683455,19.200018108288504,0.2384651235948683
2006-12-11,0.515366608,18.2000171515376,0.22604506490525453
2006-12-12,0.501208185,17.7000166908195,0.21983503577975277
2006-12-13,0.501208185,17.7000166908195,0.21983503577975277
2006-12-14,0.580495355,20.500019313218502,0.25461119940889493
2006-12-15,0.637129048,22.5000211914056,0.2794513163495122
2006-12-16,0.651287472,23.0000216874384,0.2856613459136242
2006-12-17,0.566336932,20.0000188525004,0.24840117028339315
2006-12-18,0.594653778,21.0000197739366,0.26082122853439665
2006-12-19,0.651287472,23.0000216874384,0.2856613459136242
2006-12-20,0.679604318,24.000022608874602,0.2980814041646277
2006-12-21,0.719247903,25.4000239200741,0.3154694859791987
2006-12-22,0.730574642,25.8000243098374,0.3204375095427663
2006-12-23,0.699426111,24.7000232821317,0.3067754452912183
2006-12-24,0.645624102,22.8000214748994,0.28317733391253525
2006-12-25,0.62580231,22.100020836957,0.27448329322455484
2006-12-26,0.57766367,20.400019206949,0.25336919340835046
2006-12-27,0.574831986,20.3000191359942,0.25212718784641625
2006-12-28,0.603148832,21.3000200574304,0.2645472460974198
2006-12-29,0.594653778,21.0000197739366,0.26082122853439665
2006-12-30,0.566336932,20.0000188525004,0.24840117028339315
2006-12-31,0.588990409,20.8000195967123,0.258337216971918
2007-01-01,0.57766367,20.400019206949,0.25336919340835046
2007-01-02,0.538020085,19.0000178957495,0.23598111159377938
2007-01-03,0.521029977,18.4000173287619,0.22852907646773318
2007-01-04,0.574831986,20.3000191359942,0.25212718784641625
2007-01-05,0.594653778,21.0000197739366,0.26082122853439665
2007-01-06,0.637129048,22.5000211914056,0.2794513163495122
2007-01-07,0.656950841,23.200021864662702,0.2881453574761028
2007-01-08,0.651287472,23.0000216874384,0.2856613459136242
2007-01-09,0.611643886,21.6000203409242,0.26827326366044285
2007-01-10,0.594653778,21.0000197739366,0.26082122853439665
2007-01-11,0.586158724,20.700019490442802,0.25709521097137356
2007-01-12,0.566336932,20.0000188525004,0.24840117028339315
2007-01-13,0.588990409,20.8000195967123,0.258337216971918
2007-01-14,0.594653778,21.0000197739366,0.26082122853439665
2007-01-15,0.594653778,21.0000197739366,0.26082122853439665
2007-01-16,0.622970625,22.000020730687503,0.2732412872240104
2007-01-17,0.594653778,21.0000197739366,0.26082122853439665
2007-01-18,0.566336932,20.0000188525004,0.24840117028339315
2007-01-19,0.594653778,21.0000197739366,0.26082122853439665
2007-01-20,0.594653778,21.0000197739366,0.26082122853439665
2007-01-21,0.594653778,21.0000197739366,0.26082122853439665
2007-01-22,0.588990409,20.8000195967123,0.258337216971918
2007-01-23,0.580495355,20.500019313218502,0.25461119940889493
2007-01-24,0.521029977,18.4000173287619,0.22852907646773318
2007-01-25,0.484218077,17.100016123831903,0.2123830006537066
2007-01-26,0.453069545,16.000015060811503,0.1987209359635484
2007-01-27,0.41342596,14.600013749612,0.18133285414897732
2007-01-28,0.407762591,14.400013572387701,0.17884884258649866
2007-01-29,0.416257645,14.700013855881501,0.18257486014952173
2007-01-30,0.430416068,15.200014316599601,0.18878488927502352
2007-01-31,0.410594276,14.5000136786572,0.1800908485870431
2007-02-01,0.41908933,14.800013962151,0.18381686615006618
2007-02-02,0.441742807,15.600014706362902,0.19375291283859108
2007-02-03,0.433247753,15.3000144228691,0.19002689527556796
2007-02-04,0.393604168,13.9000131116696,0.17263881346099688
2007-02-05,0.365287321,12.9000121549187,0.16021875477138314
2007-02-06,0.339802159,12.000011304437301,0.14904070208231385
2007-02-07,0.317148682,11.200010560225401,0.13910465539378897
2007-02-08,0.305821943,10.8000101704621,0.13413663183022143
2007-02-09,0.302990259,10.7000100995073,0.1328946262682872
2007-02-10,0.311485313,11.0000103830011,0.1366206438313103
2007-02-11,0.311485313,11.0000103830011,0.1366206438313103
2007-02-12,0.336970474,11.900011198167801,0.1477986960817694
2007-02-13,0.32847542,11.600010914674002,0.1440726785187463
2007-02-14,0.336970474,11.900011198167801,0.1477986960817694
2007-02-15,0.32847542,11.600010914674002,0.1440726785187463
2007-02-16,0.342633844,12.100011410706802,0.1502827080828583
2007-02-17,0.348297213,12.3000115879311,0.15276671964533695
2007-02-18,0.348297213,12.3000115879311,0.15276671964533695
2007-02-19,0.359623952,12.700011977694402,0.1577347432089045
2007-02-20,0.362455636,12.8000120486492,0.15897674877083873
2007-02-21,0.368119006,13.000012261188202,0.16146076077192761
2007-02-22,0.404930906,14.3000134661182,0.1776068365859542
2007-02-23,0.407762591,14.400013572387701,0.17884884258649866
2007-02-24,0.402099222,14.2000133951634,0.17636483102402
2007-02-25,0.396435852,14.0000131826244,0.1738808190229311
2007-02-26,0.410594276,14.5000136786572,0.1800908485870431
2007-02-27,0.438911122,15.500014600093401,0.1925109068380466
2007-02-28,0.453069545,16.000015060811503,0.1987209359635484
2007-03-01,0.481386392,17.0000160175624,0.2111409946531621
2007-03-02,0.4983765,17.60001658455,0.21859302977920833
2007-03-03,0.509703239,18.0000169743133,0.2235610533427759
2007-03-04,0.529525031,18.700017612255703,0.2322550940307563
2007-03-05,0.523861662,18.5000174350314,0.2297710824682776
2007-03-06,0.487049761,17.200016194786702,0.2136250062156408
2007-03-07,0.484218077,17.100016123831903,0.2123830006537066
2007-03-08,0.484218077,17.100016123831903,0.2123830006537066
2007-03-09,0.481386392,17.0000160175624,0.2111409946531621
2007-03-10,0.484218077,17.100016123831903,0.2123830006537066
2007-03-11,0.489881446,17.3000163010562,0.21486701221618523
2007-03-12,0.501208185,17.7000166908195,0.21983503577975277
2007-03-13,0.4983765,17.60001658455,0.21859302977920833
2007-03-14,0.492713131,17.4000164073257,0.2161090182167297
2007-03-15,0.450237861,15.900014989856702,0.19747893040161418
2007-03-16,0.515366608,18.2000171515376,0.22604506490525453
2007-03-17,0.824020236,29.1000274282692,0.36142370273602037
2007-03-18,0.908970776,32.1000302632072,0.3986838783662514
2007-03-19,0.835346974,29.5000277827178,0.36639172586097773
2007-03-20,0.744733065,26.300024770555503,0.32664753866826807
2007-03-21,0.764554858,27.0000254438126,0.33534157979485874
2007-03-22,0.770218227,27.2000256210369,0.33782559135733736
2007-03-23,0.767386543,27.1000255500821,0.33658358579540315
2007-03-24,0.792871705,28.000026400563502,0.3477616384844725
2007-03-25,0.886317298,31.300029483680603,0.3887478312391164
2007-03-26,0.959941099,33.900031928855306,0.42103998330577985
2007-03-27,1.053386693,37.2000350472871,0.4620261764990339
2007-03-28,1.002416369,35.40003334632431,0.4396700711208954
2007-03-29,0.974099523,34.4000324248881,0.42725001286989184
2007-03-30,0.968436153,34.2000322123491,0.4247660008688029
2007-03-31,1.016574793,35.900033842357104,0.4458801006850073
2007-04-01,0.959941099,33.900031928855306,0.42103998330577985
2007-04-02,1.013743108,35.8000337360876,0.4446380946844628
2007-04-03,1.047723324,37.0000348700628,0.4595421649365552
2007-04-04,0.991089631,35.000032991875706,0.43470204799593803
2007-04-05,1.010911423,35.7000336298181,0.44339608868391844
2007-04-06,1.025069847,36.2000341258509,0.44960611824803043
2007-04-07,1.03922827,36.700034586569004,0.45581614737353215
2007-04-08,1.098693648,38.8000365710256,0.48189827031469384
2007-04-09,1.11851544,39.500037208968,0.49059231100267425
2007-04-10,1.090198594,38.500036287531806,0.4781722527516708
2007-04-11,1.064713432,37.6000354370504,0.4669942000626015
2007-04-12,1.022238162,36.10003401958141,0.448364112247486
2007-04-13,0.985426261,34.8000327793367,0.4322180359948491
2007-04-14,0.962772784,34.0000320351248,0.4222819893063242
2007-04-15,0.974099523,34.4000324248881,0.42725001286989184
2007-04-16,0.959941099,33.900031928855306,0.42103998330577985
2007-04-17,1.053386693,37.2000350472871,0.4620261764990339
2007-04-18,1.186475872,41.9000394769184,0.5204004515068591
2007-04-19,1.254436304,44.3000417448688,0.5502085920110439
2007-04-20,1.260099673,44.500041922093104,0.5526926035735226
2007-04-21,1.271426412,44.9000423118564,0.5576606271370902
2007-04-22,1.277089781,45.1000424890807,0.5601446386995688
2007-04-23,1.384693798,48.9000460682306,0.6073408610183247
2007-04-24,1.41584233,50.000047131251,0.6210029257084829
2007-04-25,1.529109716,54.0000508876252,0.6706831595897175
2007-04-26,1.642377102,58.000054643999405,0.7203633934709519
2007-04-27,1.727327642,61.00005747893741,0.757623569101183
2007-04-28,2.174733818,76.8000723625246,0.9538604935022527
2007-04-29,3.029902585,107.0001008184995,1.328946260489821
2007-04-30,4.389111222,155.00014607156342,1.9251090692576869
2007-05-01,5.833270398,206.0001941242506,2.558532053217173
2007-05-02,7.334063267,259.00024405512494,3.2167951541172766
2007-05-03,8.664955057,306.0002883514379,3.8005379041955285
2007-05-04,7.617231733,269.0002534813751,3.340995739258973
2007-05-05,6.654458949,235.00022144625032,2.918713749952649
2007-05-06,6.031488324,213.0002007155628,2.645472462728639
2007-05-07,5.748319858,203.00019128931262,2.5212718775869423
2007-05-08,6.088122017,215.00020259374992,2.6703125796692557
2007-05-09,7.334063267,259.00024405512494,3.2167951541172766
2007-05-10,9.174658296,324.00030532575124,4.024098957538304
2007-05-11,11.35505548,401.00037775955605,4.980443461287206
2007-05-12,14.07347276,497.000468477572,6.1727690814545975
2007-05-13,18.77406929,663.0006247555631,8.234498792350543
2007-05-14,20.3598127,719.00067755669,8.930022069319488
2007-05-15,18.7174356,661.0006229833201,8.209658676725757
2007-05-16,18.60416821,657.000619085687,8.159978441090082
2007-05-17,20.18991162,713.0006718868141,8.855501718059026
2007-05-18,20.61466432,728.000686061504,9.04180259621018
2007-05-19,20.13327793,711.000670114571,8.830661602434239
2007-05-20,20.27486216,716.000674721752,8.892761893689258
2007-05-21,19.02892091,672.0006332603771,8.346279319241237
2007-05-22,15.06456239,532.0005014341331,6.607471129011926
2007-05-23,11.80812503,417.000392996941,5.179164399443804
2007-05-24,9.401193069,332.0003128738143,4.123459425739384
2007-05-25,8.013667586,283.00026669931424,3.514876558720515
2007-05-26,7.419013807,262.0002468900629,3.254055329747508
2007-05-27,7.050894801,249.00023462887472,3.0925945689755805
2007-05-28,7.957033892,281.0002647858124,3.490036441341287
2007-05-29,7.957033892,281.0002647858124,3.490036441341287
2007-05-30,8.381786591,296.0002789251877,3.6763373190538315
2007-05-31,8.749905597,309.00029118637593,3.837798079825759
2007-06-01,9.457826762,334.00031475200143,4.148299542680001
2007-06-02,11.69485764,413.00038909930805,5.129484163808129
2007-06-03,15.26278031,539.0005078135571,6.694411535891729
2007-06-04,18.2926829,646.00060880863,8.023357798574601
2007-06-05,22.51189304,795.0007491396881,9.873946515694607
2007-06-06,23.2764479,822.00077465413,10.209288096366686
2007-06-07,18.80238614,664.0006258182581,8.246918852355988
2007-06-08,14.35664122,507.000477691934,6.296969663964632
2007-06-09,11.86475872,419.000394769184,5.204004515068591
2007-06-10,11.01525332,389.000366419804,4.831402758766281
2007-06-11,12.28951142,434.00040894387405,5.390305393219746
2007-06-12,13.45050213,475.00044757031105,5.899527792037536
2007-06-13,14.951295,528.0004975365,6.55779089337625
2007-06-14,15.71584986,555.0005230509421,6.893132474048329
2007-06-15,16.02733517,566.000533327999,7.029753116563809
2007-06-16,16.19723625,572.000538997875,7.104273467824271
2007-06-17,16.79189003,593.000558842441,7.365094697235888
2007-06-18,14.80971077,523.0004929293191,6.495690602121233
2007-06-19,12.17624403,430.000405046241,5.34062515758407
2007-06-20,11.21347125,396.000373152375,4.918343170032188
2007-06-21,11.46832287,405.000381657189,5.03012369692288
2007-06-22,11.6665408,412.00038838976,5.117064108188787
2007-06-23,11.35505548,401.00037775955605,4.980443461287206
2007-06-24,10.95861963,387.000364647561,4.806562643141494
2007-06-25,10.61881747,375.000353307809,4.65752194062057
2007-06-26,9.825945767,347.0003269778749,4.309760303013318
2007-06-27,8.636638211,305.0002874300017,3.7881178459445244
2007-06-28,7.957033892,281.0002647858124,3.490036441341287
2007-06-29,7.503964347,265.0002497250009,3.291315505377739
2007-06-30,7.192479034,254.00023934199982,3.154694861546428
2007-07-01,7.022577955,248.00023370743853,3.080174510724577
2007-07-02,6.880993722,243.00022899431343,3.018074218153729
2007-07-03,6.654458949,235.00022144625032,2.918713749952649
2007-07-04,6.39960733,226.00021297675102,2.8069332235005664
2007-07-05,6.286339943,222.0002091850621,2.757252989180721
2007-07-06,6.14475571,217.00020447193702,2.695152696609873
2007-07-07,5.946537784,210.00019788062482,2.6082122870984077
2007-07-08,5.635052472,199.0001875329384,2.4715916437057075
2007-07-09,5.295250313,187.00017622850112,2.3225509416233936
2007-07-10,4.983765,176.00016584550002,2.1859302977920834
2007-07-11,4.700596534,166.0001564192498,2.061729712650387
2007-07-12,4.474061762,158.0001489065014,1.9623692448879178
2007-07-13,4.559012301,161.0001517061247,1.9996294200795384
2007-07-14,4.474061762,158.0001489065014,1.9623692448879178
2007-07-15,4.389111222,155.00014607156342,1.9251090692576869
2007-07-16,4.389111222,155.00014607156342,1.9251090692576869
2007-07-17,4.389111222,155.00014607156342,1.9251090692576869
2007-07-18,4.247526989,150.0001413584383,1.8630087766868382
2007-07-19,4.020992216,142.0001338103752,1.7636483084857588
2007-07-20,3.82277429,135.00012721906302,1.6767078989742936
2007-07-21,3.65287321,129.000121549187,1.6021875477138314
2007-07-22,3.482972131,123.00011591462571,1.5276671968919795
2007-07-23,3.341387898,118.0001112015006,1.4655669043211315
2007-07-24,3.199803665,113.00010648837551,1.4034666117502832
2007-07-25,3.114853125,110.00010365343749,1.366206436120052
2007-07-26,3.341387898,118.0001112015006,1.4655669043211315
2007-07-27,3.624556364,128.00012062775082,1.589767489462828
2007-07-28,3.482972131,123.00011591462571,1.5276671968919795
2007-07-29,3.369704744,119.0001121229368,1.4779869625721347
2007-07-30,3.256437358,115.0001083665626,1.4283067286909004
2007-07-31,3.171486818,112.00010553162461,1.3910465530606695
2007-08-01,3.114853125,110.00010365343749,1.366206436120052
2007-08-02,3.001585739,106.0000998970633,1.3165262022388176
2007-08-03,3.029902585,107.0001008184995,1.328946260489821
2007-08-04,2.944952046,104.0000980188762,1.2916860852982002
2007-08-05,2.888318352,102.00009610537441,1.266845967918973
2007-08-06,2.916635199,103.0000970621253,1.2792660266085865
2007-08-07,2.729744011,96.40009082526171,1.1972936402220784
2007-08-08,2.593823148,91.6000863246756,1.1376773596523189
2007-08-09,2.517367662,88.9000837732314,1.104143201585111
2007-08-10,2.415427014,85.30008037130581,1.0594309908288337
2007-08-11,2.319149736,81.9000771819192,1.0172027920736455
2007-08-12,2.194555611,77.50007303578171,0.9625545346288434
2007-08-13,2.067129801,73.0000687833747,0.9066642711834968
2007-08-14,1.95103073,68.90006492073101,0.8557420313017178
2007-08-15,1.837763344,64.9000611643568,0.8060617974204833
2007-08-16,1.721664273,60.8000573017131,0.7551395575387043
2007-08-17,1.639545418,57.9000545730446,0.7191213879090176
2007-08-18,1.628218679,57.5000541832813,0.7141533643454502
2007-08-19,1.568753301,55.40005219882471,0.6880712414042885
2007-08-20,1.478139392,52.200049186662405,0.6483270542115789
2007-08-21,1.463980969,51.700048725944306,0.642117025086077
2007-08-22,1.526278031,53.9000507813557,0.669441153589173
2007-08-23,1.619723625,57.200053899787505,0.710427346782427
2007-08-24,1.653703841,58.400055033762705,0.7253314170345194
2007-08-25,1.65936721,58.60005521098701,0.7278154285969982
2007-08-26,1.614060256,57.0000537225632,0.7079433352199485
2007-08-27,1.551763193,54.8000516318371,0.6806192062782422
2007-08-28,1.478139392,52.200049186662405,0.6483270542115789
2007-08-29,1.404515591,49.6000467414877,0.6160349021449153
2007-08-30,1.347881898,47.6000448633006,0.5911947852042981
2007-08-31,1.277089781,45.1000424890807,0.5601446386995688
2007-09-01,1.231782827,43.5000410006569,0.5402725453225191
2007-09-02,1.177980818,41.6000391934246,0.516674433943836
2007-09-03,1.135505548,40.100037775955606,0.49804434612872056
2007-09-04,1.070376801,37.800035614274705,0.4694782116250802
2007-09-05,1.180812503,41.700039299694104,0.5179164399443805
2007-09-06,1.308238313,46.2000435521011,0.573806703389727
2007-09-07,1.285584835,45.40004277257451,0.5638706562625919
2007-09-08,1.254436304,44.3000417448688,0.5502085920110439
2007-09-09,1.223287773,43.200040717163105,0.536546527759496
2007-09-10,1.24594125,44.000041461375005,0.5464825744480208
2007-09-11,1.28841652,45.500042878844,0.5651126622631363
2007-09-12,1.316733367,46.50004383559491,0.5775327209527501
2007-09-13,1.279921466,45.200042595350205,0.5613866447001132
2007-09-14,1.24594125,44.000041461375005,0.5464825744480208
2007-09-15,1.220456088,43.1000406108936,0.5353045217589515
2007-09-16,1.172317449,41.400039016200296,0.5141904223813573
2007-09-17,1.127010494,39.800037492461804,0.4943183285656974
2007-09-18,1.084535224,38.300036074992796,0.47568824075058186
2007-09-19,1.019406477,36.0000339133119,0.44712210624694154
2007-09-20,0.928792568,32.800030901149604,0.4073779190542319
2007-09-21,0.866495506,30.6000288457382,0.3800537905511359
2007-09-22,0.838178659,29.600027888987302,0.3676337318615222
2007-09-23,0.894812352,31.6000297671744,0.3924738488021394
2007-09-24,0.948614361,33.5000315744067,0.4160719601808225
2007-09-25,1.022238162,36.10003401958141,0.448364112247486
2007-09-26,1.050555009,37.1000349763323,0.4607841709370997
2007-09-27,1.084535224,38.300036074992796,0.47568824075058186
2007-09-28,1.11851544,39.500037208968,0.49059231100267425
2007-09-29,1.112852071,39.300037031743706,0.4881082994401957
2007-09-30,1.186475872,41.9000394769184,0.5204004515068591
2007-10-01,1.234614511,43.6000410716117,0.5415145508844532
2007-10-02,1.194970926,42.2000397604122,0.5241264690698823
2007-10-03,1.189307557,42.000039583187906,0.5216424575074036
2007-10-04,1.175149134,41.5000391224698,0.5154324283819017
2007-10-05,1.144000602,40.4000380594494,0.5017703636917435
2007-10-06,1.591406778,56.2000529430366,0.6980072880928134
2007-10-07,1.574416671,55.600052411363706,0.6905552534053773
2007-10-08,1.486634446,52.500049470156206,0.6520530717746019
2007-10-09,1.554594878,54.900051738106605,0.6818612122787867
2007-10-10,1.673525634,59.100055707019806,0.7340254581611101
2007-10-11,1.82926829,64.600060880863,0.8023357798574601
2007-10-12,1.834931659,64.80006105808731,0.8048197914199388
2007-10-13,1.834931659,64.80006105808731,0.8048197914199388
2007-10-14,1.860416821,65.7000619085687,0.8159978441090081
2007-10-15,1.826436605,64.5000607745935,0.8010937738569157
2007-10-16,1.778297966,62.8000591799002,0.7799796744793216
2007-10-17,1.783961335,63.000059357124506,0.7824636860418003
2007-10-18,1.718832588,60.7000571954436,0.7538975515381598
2007-10-19,1.803783128,63.70006003038161,0.791157727168391
2007-10-20,1.968020838,69.5000654877186,0.863194066427764
2007-10-21,1.885901983,66.6000627590501,0.8271758967980775
2007-10-22,1.823604921,64.4000607036387,0.7998517682949815
2007-10-23,1.874575244,66.20006236928681,0.82220787323451
2007-10-24,1.922713884,67.9000639992948,0.8433219730507143
2007-10-25,1.996337685,70.50006644446951,0.8756141251173778
2007-10-26,2.061466432,72.8000686061504,0.9041802596210181
2007-10-27,2.129426864,75.2000708741008,0.933988400125203
2007-10-28,2.132258548,75.3000709450556,0.9352304056871371
2007-10-29,2.092614963,73.9000696338561,0.9178423238725661
2007-10-30,2.086951594,73.7000694566318,0.9153583123100875
2007-10-31,2.052971378,72.5000683226566,0.9004542420579952
2007-11-01,1.95103073,68.90006492073101,0.8557420313017178
2007-11-02,1.897228722,67.0000631488134,0.832143920361645
2007-11-03,1.834931659,64.80006105808731,0.8048197914199388
2007-11-04,1.778297966,62.8000591799002,0.7799796744793216
2007-11-05,1.710337534,60.400056911949804,0.7501715339751367
2007-11-06,1.65936721,58.60005521098701,0.7278154285969982
2007-11-07,1.62255531,57.300054006057,0.7116693527829716
2007-11-08,1.568753301,55.40005219882471,0.6880712414042885
2007-11-09,1.489466131,52.6000495764257,0.6532950777751463
2007-11-10,1.421505699,50.2000473084753,0.6234869372709615
2007-11-11,1.41584233,50.000047131251,0.6210029257084829
2007-11-12,1.413010645,49.900047024981504,0.6197609197079385
2007-11-13,1.41017896,49.800046918712006,0.618518913707394
2007-11-14,1.285584835,45.40004277257451,0.5638706562625919
2007-11-15,1.328060105,46.9000441900435,0.5825007440777074
2007-11-16,1.302574943,46.000043339562104,0.571322691388638
2007-11-17,1.319565051,46.60004390654971,0.5787747265146843
2007-11-18,1.36770369,48.300045501243,0.5998888258922784
2007-11-19,1.347881898,47.6000448633006,0.5911947852042981
2007-11-20,1.265763043,44.7000421346321,0.5551766155746114
2007-11-21,1.093030278,38.600036358486605,0.47941425831360507
2007-11-22,1.132673864,40.0000377050008,0.4968023405667863
2007-11-23,1.163822395,41.1000387327065,0.5104644048183342
2007-11-24,1.132673864,40.0000377050008,0.4968023405667863
2007-11-25,1.101525332,38.9000366419804,0.4831402758766281
2007-11-26,1.067545117,37.700035543319906,0.468236206063146
2007-11-27,1.019406477,36.0000339133119,0.44712210624694154
2007-11-28,0.996753,35.2000331691,0.43718605955841666
2007-11-29,0.965604469,34.1000321413943,0.4235239953068687
2007-11-30,0.940119307,33.200031290912904,0.4123459426177994
2007-12-01,0.931624253,32.9000310074191,0.4086199250547763
2007-12-02,0.906139091,32.000030156937704,0.397441872365707
2007-12-03,0.894812352,31.6000297671744,0.3924738488021394
2007-12-04,0.894812352,31.6000297671744,0.3924738488021394
2007-12-05,0.894812352,31.6000297671744,0.3924738488021394
2007-12-06,0.866495506,30.6000288457382,0.3800537905511359
2007-12-07,0.866495506,30.6000288457382,0.3800537905511359
2007-12-08,0.866495506,30.6000288457382,0.3800537905511359
2007-12-09,0.838178659,29.600027888987302,0.3676337318615222
2007-12-10,0.821188551,29.000027321999703,0.36018169673547595
2007-12-11,0.821188551,29.000027321999703,0.36018169673547595
2007-12-12,0.804198443,28.4000267550121,0.35272966160942976
2007-12-13,0.778713281,27.500025904530702,0.3415516089203605
2007-12-14,0.727742957,25.700024203567903,0.31919550354222187
2007-12-15,0.736238011,26.0000244870617,0.32292152110524497
2007-12-16,0.736238011,26.0000244870617,0.32292152110524497
2007-12-17,0.716416219,25.3000238491193,0.3142274804172645
2007-12-18,0.713584534,25.2000237428498,0.3129854744167201
2007-12-19,0.648455787,22.9000215811689,0.2844193399130797
2007-12-20,0.622970625,22.000020730687503,0.2732412872240104
2007-12-21,0.651287472,23.0000216874384,0.2856613459136242
2007-12-22,0.651287472,23.0000216874384,0.2856613459136242
2007-12-23,0.639960733,22.600021297675102,0.2806933223500566
2007-12-24,0.659782526,23.3000219709322,0.28938736347664723
2007-12-25,0.634297364,22.400021120450802,0.27820931078757793
2007-12-26,0.631465679,22.3000210141813,0.27696730478703346
2007-12-27,0.631465679,22.3000210141813,0.27696730478703346
2007-12-28,0.622970625,22.000020730687503,0.2732412872240104
2007-12-29,0.651287472,23.0000216874384,0.2856613459136242
2007-12-30,0.679604318,24.000022608874602,0.2980814041646277
2007-12-31,0.651287472,23.0000216874384,0.2856613459136242
2008-01-01,0.622970625,22.000020730687503,0.2732412872240104
2008-01-02,0.622970625,22.000020730687503,0.2732412872240104
2008-01-03,0.651287472,23.0000216874384,0.2856613459136242
2008-01-04,0.651287472,23.0000216874384,0.2856613459136242
2008-01-05,0.631465679,22.3000210141813,0.27696730478703346
2008-01-06,0.656950841,23.200021864662702,0.2881453574761028
2008-01-07,0.651287472,23.0000216874384,0.2856613459136242
2008-01-08,0.651287472,23.0000216874384,0.2856613459136242
2008-01-09,0.642792418,22.7000214039446,0.28193532835060103
2008-01-10,0.651287472,23.0000216874384,0.2856613459136242
2008-01-11,0.656950841,23.200021864662702,0.2881453574761028
2008-01-12,0.651287472,23.0000216874384,0.2856613459136242
2008-01-13,0.651287472,23.0000216874384,0.2856613459136242
2008-01-14,0.651287472,23.0000216874384,0.2856613459136242
2008-01-15,0.639960733,22.600021297675102,0.2806933223500566
2008-01-16,0.651287472,23.0000216874384,0.2856613459136242
2008-01-17,0.651287472,23.0000216874384,0.2856613459136242
2008-01-18,0.66827758,23.600022254426,0.2931133810396704
2008-01-19,0.679604318,24.000022608874602,0.2980814041646277
2008-01-20,0.651287472,23.0000216874384,0.2856613459136242
2008-01-21,0.645624102,22.8000214748994,0.28317733391253525
2008-01-22,0.574831986,20.3000191359942,0.25212718784641625
2008-01-23,0.563505247,19.900018746230902,0.2471591642828487
2008-01-24,0.580495355,20.500019313218502,0.25461119940889493
2008-01-25,0.569168616,20.100018923455202,0.24964317584532736
2008-01-26,0.54085177,19.100018002019,0.23722311759432382
2008-01-27,0.492713131,17.4000164073257,0.2161090182167297
2008-01-28,0.501208185,17.7000166908195,0.21983503577975277
2008-01-29,0.521029977,18.4000173287619,0.22852907646773318
2008-01-30,0.557841878,19.7000185690066,0.24467515272037005
2008-01-31,0.586158724,20.700019490442802,0.25709521097137356
2008-02-01,0.628633994,22.2000209079118,0.27572529878648905
2008-02-02,0.628633994,22.2000209079118,0.27572529878648905
2008-02-03,0.62580231,22.100020836957,0.27448329322455484
2008-02-04,0.631465679,22.3000210141813,0.27696730478703346
2008-02-05,0.651287472,23.0000216874384,0.2856613459136242
2008-02-06,0.622970625,22.000020730687503,0.2732412872240104
2008-02-07,0.651287472,23.0000216874384,0.2856613459136242
2008-02-08,0.651287472,23.0000216874384,0.2856613459136242
2008-02-09,0.651287472,23.0000216874384,0.2856613459136242
2008-02-10,0.665445895,23.5000221481565,0.2918713750391259
2008-02-11,0.682436003,24.1000227151441,0.2993234101651721
2008-02-12,0.699426111,24.7000232821317,0.3067754452912183
2008-02-13,0.702257795,24.8000233530865,0.3080174508531525
2008-02-14,0.70508948,24.900023459356003,0.309259456853697
2008-02-15,0.707921165,25.0000235656255,0.31050146285424146
2008-02-16,0.736238011,26.0000244870617,0.32292152110524497
2008-02-17,0.736238011,26.0000244870617,0.32292152110524497
2008-02-18,0.707921165,25.0000235656255,0.31050146285424146
2008-02-19,0.66827758,23.600022254426,0.2931133810396704
2008-02-20,0.651287472,23.0000216874384,0.2856613459136242
2008-02-21,0.603148832,21.3000200574304,0.2645472460974198
2008-02-22,0.566336932,20.0000188525004,0.24840117028339315
2008-02-23,0.54085177,19.100018002019,0.23722311759432382
2008-02-24,0.538020085,19.0000178957495,0.23598111159377938
2008-02-25,0.538020085,19.0000178957495,0.23598111159377938
2008-02-26,0.538020085,19.0000178957495,0.23598111159377938
2008-02-27,0.509703239,18.0000169743133,0.2235610533427759
2008-02-28,0.492713131,17.4000164073257,0.2161090182167297
2008-02-29,0.481386392,17.0000160175624,0.2111409946531621
2008-03-01,0.478554707,16.9000159112929,0.2098989886526177
2008-03-02,0.481386392,17.0000160175624,0.2111409946531621
2008-03-03,0.453069545,16.000015060811503,0.1987209359635484
2008-03-04,0.464396284,16.400015450574802,0.20368895952711594
2008-03-05,0.487049761,17.200016194786702,0.2136250062156408
2008-03-06,0.481386392,17.0000160175624,0.2111409946531621
2008-03-07,0.481386392,17.0000160175624,0.2111409946531621
2008-03-08,0.464396284,16.400015450574802,0.20368895952711594
2008-03-09,0.444574491,15.700014777317701,0.19499491840052527
2008-03-10,0.475723023,16.8000158403381,0.20865698309068348
2008-03-11,0.470059653,16.600015627799102,0.20617297108959462
2008-03-12,0.407762591,14.400013572387701,0.17884884258649866
2008-03-13,0.402099222,14.2000133951634,0.17636483102402
2008-03-14,0.410594276,14.5000136786572,0.1800908485870431
2008-03-15,0.41908933,14.800013962151,0.18381686615006618
2008-03-16,0.41342596,14.600013749612,0.18133285414897732
2008-03-17,0.368119006,13.000012261188202,0.16146076077192761
2008-03-18,0.404930906,14.3000134661182,0.1776068365859542
2008-03-19,0.41908933,14.800013962151,0.18381686615006618
2008-03-20,0.447406176,15.8000148835872,0.1962369244010697
2008-03-21,0.467227969,16.500015556844303,0.20493096552766038
2008-03-22,0.481386392,17.0000160175624,0.2111409946531621
2008-03-23,0.481386392,17.0000160175624,0.2111409946531621
2008-03-24,0.472891338,16.7000157340686,0.207414977090139
2008-03-25,0.470059653,16.600015627799102,0.20617297108959462
2008-03-26,0.495544815,17.500016478280504,0.21735102377866392
2008-03-27,0.521029977,18.4000173287619,0.22852907646773318
2008-03-28,0.566336932,20.0000188525004,0.24840117028339315
2008-03-29,0.586158724,20.700019490442802,0.25709521097137356
2008-03-30,0.688099372,24.300022892368403,0.3018074217276508
2008-03-31,0.631465679,22.3000210141813,0.27696730478703346
2008-04-01,0.651287472,23.0000216874384,0.2856613459136242
2008-04-02,0.651287472,23.0000216874384,0.2856613459136242
2008-04-03,0.645624102,22.8000214748994,0.28317733391253525
2008-04-04,0.622970625,22.000020730687503,0.2732412872240104
2008-04-05,0.588990409,20.8000195967123,0.258337216971918
2008-04-06,0.594653778,21.0000197739366,0.26082122853439665
2008-04-07,0.597485463,21.1000198802061,0.2620632345349411
2008-04-08,0.603148832,21.3000200574304,0.2645472460974198
2008-04-09,0.532356716,18.8000177185252,0.23349710003130075
2008-04-10,0.523861662,18.5000174350314,0.2297710824682776
2008-04-11,0.529525031,18.700017612255703,0.2322550940307563
2008-04-12,0.538020085,19.0000178957495,0.23598111159377938
2008-04-13,0.673940949,23.8000224316503,0.29559739260214907
2008-04-14,1.135505548,40.100037775955606,0.49804434612872056
2008-04-15,1.16665408,41.200038838976006,0.5117064108188788
2008-04-16,1.053386693,37.2000350472871,0.4620261764990339
2008-04-17,0.87499056,30.900029129232,0.383779808114159
2008-04-18,0.829683605,29.300027605493504,0.3639077142984991
2008-04-19,0.838178659,29.600027888987302,0.3676337318615222
2008-04-20,0.863663821,30.500028739468704,0.3788117845505915
2008-04-21,0.855168767,30.200028455974902,0.37508576698756835
2008-04-22,0.801366759,28.3000266840573,0.3514876560474955
2008-04-23,0.775881597,27.400025833575903,0.34030960335842625
2008-04-24,0.758891489,26.800025266588303,0.33285756823238005
2008-04-25,0.744733065,26.300024770555503,0.32664753866826807
2008-04-26,0.770218227,27.2000256210369,0.33782559135733736
2008-04-27,0.767386543,27.1000255500821,0.33658358579540315
2008-04-28,0.838178659,29.600027888987302,0.3676337318615222
2008-04-29,1.027901531,36.3000341968057,0.4508481238099646
2008-04-30,1.228951142,43.40004089438741,0.5390305393219746
2008-05-01,1.226119457,43.300040788117904,0.5377885333214302
2008-05-02,1.223287773,43.200040717163105,0.536546527759496
2008-05-03,1.282753151,45.3000427016197,0.5626286507006577
2008-05-04,1.41017896,49.800046918712006,0.618518913707394
2008-05-05,1.730159327,61.100057585206905,0.7588655751017275
2008-05-06,2.28516952,80.70007604794401,1.002298721821553
2008-05-07,2.860001506,101.00009518393821,1.2544259096679693
2008-05-08,2.860001506,101.00009518393821,1.2544259096679693
2008-05-09,2.916635199,103.0000970621253,1.2792660266085865
2008-05-10,2.794872759,98.7000930222573,1.2258597751643288
2008-05-11,2.664615264,94.1000886635808,1.1687275057184379
2008-05-12,2.557011247,90.3000850844309,1.1215312833996822
2008-05-13,2.469229023,87.20008217853811,1.083029102207517
2008-05-14,2.483387446,87.70008263925621,1.0892391313330185
2008-05-15,2.565506301,90.6000853679247,1.1252573009627052
2008-05-16,3.511288977,124.0001168360619,1.5400872551429832
2008-05-17,5.720003012,202.00019036787643,2.5088518193359386
2008-05-18,8.608321364,304.0002864732508,3.775697787254911
2008-05-19,12.57267989,444.00041851138303,5.514505980115884
2008-05-20,15.12119608,534.000503206376,6.632311244636712
2008-05-21,19.0855546,674.0006350326199,8.371119434866023
2008-05-22,25.42852824,898.000846237128,11.153212542741802
2008-05-23,19.0855546,674.0006350326199,8.371119434866023
2008-05-24,14.1017896,498.00046918712,6.18518913707394
2008-05-25,11.44000602,404.000380594494,5.017703636917436
2008-05-26,9.797628921,346.0003260564387,4.297340244762315
2008-05-27,8.834856137,312.0002940213139,3.8750582554559903
2008-05-28,8.155251818,288.0002713771246,3.5769768508527524
2008-05-29,7.900400199,279.0002629076253,3.4651963244006696
2008-05-30,7.673865426,271.00025535956223,3.36583585619959
2008-05-31,7.617231733,269.0002534813751,3.340995739258973
2008-06-01,8.268519205,292.0002751688135,3.6266570851725977
2008-06-02,10.44891639,369.00034763793303,4.583001589360109
2008-06-03,13.53545267,478.000450405249,5.936787967667767
2008-06-04,13.70535375,484.00045607512504,6.011308318928229
2008-06-05,12.37446196,437.000411778812,5.427565568849977
2008-06-06,12.34614511,436.000410716117,5.4151455088445335
2008-06-07,11.46832287,405.000381657189,5.03012369692288
2008-06-08,9.854262614,348.00032793462583,4.322180361702932
2008-06-09,8.523370824,301.00028363831285,3.7384376116246805
2008-06-10,7.928717046,280.0002638643762,3.4776163830902838
2008-06-11,7.4756475,264.00024876825,3.278895446688125
2008-06-12,7.107528495,251.00023654237654,3.117434686354808
2008-06-13,6.682775796,236.0002224030012,2.931133808642263
2008-06-14,6.880993722,243.00022899431343,3.018074218153729
2008-06-15,9.259608836,327.0003081606892,4.061359133168535
2008-06-16,13.98852222,494.000465642634,6.135508905824367
2008-06-17,20.61466432,728.000686061504,9.04180259621018
2008-06-18,27.75050966,980.000923490002,12.171657340377383
2008-06-19,31.14853125,1100.001036534375,13.662064361200521
2008-06-20,29.73268892,1050.000989403124,13.041061435492038
2008-06-21,28.31684659,1000.0009422718731,12.420058509783555
2008-06-22,31.14853125,1100.001036534375,13.662064361200521
2008-06-23,33.98021591,1200.001130796877,14.904070212617487
2008-06-24,36.5287321,1290.00121549187,16.021875477138316
2008-06-25,38.51091137,1360.0012817581392,16.89127957663907
2008-06-26,33.98021591,1200.001130796877,14.904070212617487
2008-06-27,37.09506904,1310.001234626888,16.270276650930587
2008-06-28,36.81190057,1300.001225059379,16.14607606403445
2008-06-29,35.39605824,1250.001177928128,15.525073138325972
2008-06-30,34.82972131,1230.001159146257,15.276671968919795
2008-07-01,31.99803665,1130.0010648837551,14.03466611750283
2008-07-02,29.73268892,1050.000989403124,13.041061435492038
2008-07-03,30.58219432,1080.0010177525041,13.413663191794349
2008-07-04,29.44952046,1040.000980188762,12.916860852982003
2008-07-05,25.96654832,917.0008639563041,11.38919365214253
2008-07-06,25.82496409,912.0008593491231,11.327093360887513
2008-07-07,22.08714034,780.0007349649981,9.687645637543453
2008-07-08,19.70852523,696.000655939881,8.644360724283084
2008-07-09,19.28377253,681.0006417651911,8.45805984613193
2008-07-10,18.63248506,658.000620148382,8.172398501095525
2008-07-11,17.55644489,620.0005843568831,7.700436277907968
2008-07-12,15.57426563,550.000518443761,6.831032182793311
2008-07-13,13.53545267,478.000450405249,5.936787967667767
2008-07-14,12.34614511,436.000410716117,5.4151455088445335
2008-07-15,11.75149134,415.000391224698,5.154324283819017
2008-07-16,11.10020386,392.00036925474205,4.868662934396513
2008-07-17,10.93030278,386.000363584866,4.7941425831360505
2008-07-18,10.98693648,388.00036571025606,4.818982703146939
2008-07-19,10.70376801,378.00035614274697,4.694782116250801
2008-07-20,10.13743108,358.000337360876,4.446380946844629
2008-07-21,9.287925682,328.0003090821254,4.073779191419539
2008-07-22,8.80653929,311.00029306456304,3.862638196766377
2008-07-23,10.50555009,371.000349763323,4.607841709370997
2008-07-24,11.75149134,415.000391224698,5.154324283819017
2008-07-25,10.33564901,365.000344093447,4.533321358110534
2008-07-26,8.183568665,289.0002723338755,3.5893969095423657
2008-07-27,7.135845341,252.0002374638127,3.1298547446058107
2008-07-28,6.711092642,237.0002233244374,2.9435538668932666
2008-07-29,6.427924176,227.0002138981872,2.81935328175157
2008-07-30,5.889904091,208.00019600243772,2.5833721701577903
2008-07-31,5.23861662,185.000174350314,2.297710824682776
2008-08-01,4.757230227,168.0001582974369,2.0865698295910042
2008-08-02,4.530695455,160.00015078468851,1.987209361828535
2008-08-03,4.247526989,150.0001413584383,1.8630087766868382
2008-08-04,4.020992216,142.0001338103752,1.7636483084857588
2008-08-05,3.851091137,136.0001281758139,1.6891279576639073
2008-08-06,3.65287321,129.000121549187,1.6021875477138314
2008-08-07,3.482972131,123.00011591462571,1.5276671968919795
2008-08-08,3.369704744,119.0001121229368,1.4779869625721347
2008-08-09,3.341387898,118.0001112015006,1.4655669043211315
2008-08-10,3.341387898,118.0001112015006,1.4655669043211315
2008-08-11,3.426338438,121.00011403643862,1.5028270799513626
2008-08-12,3.426338438,121.00011403643862,1.5028270799513626
2008-08-13,3.369704744,119.0001121229368,1.4779869625721347
2008-08-14,3.341387898,118.0001112015006,1.4655669043211315
2008-08-15,3.256437358,115.0001083665626,1.4283067286909004
2008-08-16,3.086536279,109.00010273200131,1.3537863778690487
2008-08-17,2.944952046,104.0000980188762,1.2916860852982002
2008-08-18,2.806199497,99.10009337670591,1.2308277982892861
2008-08-19,2.692932111,95.10008962033172,1.1811475644080518
2008-08-20,2.627803364,92.80008745865081,1.1525814299044113
2008-08-21,2.517367662,88.9000837732314,1.104143201585111
2008-08-22,2.415427014,85.30008037130581,1.0594309908288337
2008-08-23,2.37012006,83.70007888288201,1.0395588974517842
2008-08-24,2.265347727,80.0000753746869,0.9936046806949623
2008-08-25,2.143585287,75.7000713348189,0.9401984292507048
2008-08-26,2.061466432,72.8000686061504,0.9041802596210181
2008-08-27,1.928377253,68.10006417651911,0.845805984613193
2008-08-28,1.826436605,64.5000607745935,0.8010937738569157
2008-08-29,1.738654381,61.4000578687007,0.7625915926647504
2008-08-30,1.636713733,57.8000544667751,0.7178793819084732
2008-08-31,1.582911724,55.9000526595428,0.6942812705297902
2008-09-01,1.772634597,62.6000590026759,0.7774956629168429
2008-09-02,1.70184248,60.100056628456,0.7464455164121138
2008-09-03,1.653703841,58.400055033762705,0.7253314170345194
2008-09-04,1.713169219,60.50005701821931,0.7514135399756813
2008-09-05,1.809446497,63.900060207605904,0.7936417387308695
2008-09-06,1.874575244,66.20006236928681,0.82220787323451
2008-09-07,1.891565352,66.8000629362744,0.829659908360556
2008-09-08,1.860416821,65.7000619085687,0.8159978441090081
2008-09-09,1.792456389,63.30005964061831,0.7861897036048234
2008-09-10,1.78679302,63.100059463394004,0.7837056920423446
2008-09-11,1.764139543,62.300058719182104,0.7737696453538198
2008-09-12,1.670693949,59.0000556007503,0.7327834521605657
2008-09-13,1.591406778,56.2000529430366,0.6980072880928134
2008-09-14,1.520614662,53.700050604131405,0.6669571420266943
2008-09-15,1.461149284,51.6000486196748,0.6408750190855326
2008-09-16,1.413010645,49.900047024981504,0.6197609197079385
2008-09-17,1.359208636,48.000045217749204,0.5961628083292554
2008-09-18,1.33089179,47.000044296313,0.5837427500782518
2008-09-19,1.296911574,45.8000431623378,0.5688386798261594
2008-09-20,1.294079889,45.7000430560683,0.5675966738256151
2008-09-21,1.350713582,47.7000449342554,0.5924367907662322
2008-09-22,1.506456239,53.20005014341331,0.6607471129011926
2008-09-23,1.633882048,57.700054360505604,0.7166373759079289
2008-09-24,1.656535526,58.50005514003221,0.726573423035064
2008-09-25,1.710337534,60.400056911949804,0.7501715339751367
2008-09-26,1.78679302,63.100059463394004,0.7837056920423446
2008-09-27,1.78679302,63.100059463394004,0.7837056920423446
2008-09-28,1.752812804,61.900058329418805,0.7688016217902522
2008-09-29,1.752812804,61.900058329418805,0.7688016217902522
2008-09-30,1.738654381,61.4000578687007,0.7625915926647504
2008-10-01,1.696179111,59.900056451231706,0.743961504849635
2008-10-02,1.631050364,57.600054289550805,0.7153953703459947
2008-10-03,1.594238463,56.3000530493061,0.6992492940933577
2008-10-04,1.679189003,59.3000558842441,0.7365094697235888
2008-10-05,1.9566941,69.10006513327001,0.8582260433028067
2008-10-06,1.959525784,69.2000652042248,0.8594680488647409
2008-10-07,1.95103073,68.90006492073101,0.8557420313017178
2008-10-08,1.9566941,69.10006513327001,0.8582260433028067
2008-10-09,1.959525784,69.2000652042248,0.8594680488647409
2008-10-10,1.959525784,69.2000652042248,0.8594680488647409
2008-10-11,1.9566941,69.10006513327001,0.8582260433028067
2008-10-12,1.931208938,68.2000642827886,0.8470479906137374
2008-10-13,1.894397037,66.9000630425439,0.8309019143611006
2008-10-14,1.851921767,65.40006162507491,0.8122718265459851
2008-10-15,1.803783128,63.70006003038161,0.791157727168391
2008-10-16,1.758476173,62.1000585066431,0.7712856333527309
2008-10-17,1.687684057,59.600056167737904,0.7402354872866119
2008-10-18,1.65936721,58.60005521098701,0.7278154285969982
2008-10-19,1.633882048,57.700054360505604,0.7166373759079289
2008-10-20,1.639545418,57.9000545730446,0.7191213879090176
2008-10-21,1.639545418,57.9000545730446,0.7191213879090176
2008-10-22,1.543268139,54.500051348343305,0.6768931887152192
2008-10-23,1.509287923,53.300050214368106,0.6619891184631268
2008-10-24,1.469644338,51.9000489031686,0.6446010366485556
2008-10-25,1.398852222,49.4000465642634,0.6135508905824366
2008-10-26,1.319565051,46.60004390654971,0.5787747265146843
2008-10-27,1.274258097,45.0000424181259,0.5589026331376346
2008-10-28,1.248772935,44.1000415676445,0.5477245804485653
2008-10-29,1.223287773,43.200040717163105,0.536546527759496
2008-10-30,1.194970926,42.2000397604122,0.5241264690698823
2008-10-31,1.158159026,40.900038555482205,0.5079803932558556
2008-11-01,1.155327341,40.8000384492127,0.5067383872553112
2008-11-02,1.370535375,48.4000456075125,0.6011308318928229
2008-11-03,1.591406778,56.2000529430366,0.6980072880928134
2008-11-04,1.599901832,56.500053226530405,0.7017333056558364
2008-11-05,1.588575094,56.100052872081804,0.6967652825308791
2008-11-06,1.376198744,48.60004578473681,0.6036148434553016
2008-11-07,1.531941401,54.100050993894705,0.6719251655902619
2008-11-08,1.517782977,53.6000504978619,0.6657151360261498
2008-11-09,1.478139392,52.200049186662405,0.6483270542115789
2008-11-10,1.489466131,52.6000495764257,0.6532950777751463
2008-11-11,1.478139392,52.200049186662405,0.6483270542115789
2008-11-12,1.441327492,50.900047981732406,0.6321809783975523
2008-11-13,1.639545418,57.9000545730446,0.7191213879090176
2008-11-14,1.662198895,58.7000553172565,0.7290574345975426
2008-11-15,1.693347426,59.80005634496221,0.7427194988490906
2008-11-16,1.636713733,57.8000544667751,0.7178793819084732
2008-11-17,1.548931509,54.7000515608823,0.679377200716308
2008-11-18,1.520614662,53.700050604131405,0.6669571420266943
2008-11-19,1.4951295,52.80004975365,0.655779089337625
2008-11-20,1.466812653,51.800048796899105,0.6433590306480113
2008-11-21,1.407347276,49.70004684775721,0.6172769081454598
2008-11-22,1.393188852,49.2000463517244,0.6110668785813478
2008-11-23,1.418674014,50.10004720220581,0.6222449312704171
2008-11-24,1.305406628,46.1000434458316,0.5725646973891826
2008-11-25,1.296911574,45.8000431623378,0.5688386798261594
2008-11-26,1.268594727,44.800042205586905,0.5564186211365457
2008-11-27,1.223287773,43.200040717163105,0.536546527759496
2008-11-28,1.175149134,41.5000391224698,0.5154324283819017
2008-11-29,1.121347125,39.6000373152375,0.4918343170032187
2008-11-30,1.095861963,38.7000364647561,0.4806562643141494
2008-12-01,1.061881747,37.5000353307809,0.46575219406205703
2008-12-02,1.030733216,36.4000343030752,0.45209012981050906
2008-12-03,1.002416369,35.40003334632431,0.4396700711208954
2008-12-04,0.945782676,33.4000314681372,0.414829954180278
2008-12-05,0.996753,35.2000331691,0.43718605955841666
2008-12-06,0.923129199,32.6000307239253,0.40489390749175325
2008-12-07,0.894812352,31.6000297671744,0.3924738488021394
2008-12-08,0.889148983,31.4000295899501,0.3899898372396608
2008-12-09,0.908970776,32.1000302632072,0.3986838783662514
2008-12-10,0.889148983,31.4000295899501,0.3899898372396608
2008-12-11,0.841010344,29.7000279952568,0.3688757378620666
2008-12-12,0.812693497,28.700027038505905,0.35645567917245286
2008-12-13,0.824020236,29.1000274282692,0.36142370273602037
2008-12-14,0.849505398,30.0000282787506,0.3726017554250897
2008-12-15,0.835346974,29.5000277827178,0.36639172586097773
2008-12-16,0.82685192,29.200027499224,0.36266570829795464
2008-12-17,0.781544966,27.600026010800203,0.3427936149209049
2008-12-18,0.775881597,27.400025833575903,0.34030960335842625
2008-12-19,0.784376651,27.7000261170697,0.34403562092144935
2008-12-20,0.781544966,27.600026010800203,0.3427936149209049
2008-12-21,0.843842028,29.8000280662116,0.37011774342400083
2008-12-22,0.903307406,31.900030050668203,0.3961998663651625
2008-12-23,0.923129199,32.6000307239253,0.40489390749175325
2008-12-24,0.891980668,31.500029696219602,0.3912318432402052
2008-12-25,0.982594577,34.7000327083819,0.4309760304329149
2008-12-26,1.016574793,35.900033842357104,0.4458801006850073
2008-12-27,1.013743108,35.8000337360876,0.4446380946844628
2008-12-28,1.022238162,36.10003401958141,0.448364112247486
2008-12-29,0.985426261,34.8000327793367,0.4322180359948491
2008-12-30,0.942950992,33.3000313971824,0.41358794861834386
2008-12-31,0.962772784,34.0000320351248,0.4222819893063242
2009-01-01,0.962772784,34.0000320351248,0.4222819893063242
2009-01-02,0.991089631,35.000032991875706,0.43470204799593803
2009-01-03,1.047723324,37.0000348700628,0.4595421649365552
2009-01-04,0.934455938,33.00003111368861,0.40986193105532076
2009-01-05,0.962772784,34.0000320351248,0.4222819893063242
2009-01-06,1.019406477,36.0000339133119,0.44712210624694154
2009-01-07,1.047723324,37.0000348700628,0.4595421649365552
2009-01-08,1.047723324,37.0000348700628,0.4595421649365552
2009-01-09,0.991089631,35.000032991875706,0.43470204799593803
2009-01-10,0.991089631,35.000032991875706,0.43470204799593803
2009-01-11,0.993921315,35.100033062830505,0.4359440535578722
2009-01-12,0.979762892,34.6000326021124,0.42973402443237046
2009-01-13,0.959941099,33.900031928855306,0.42103998330577985
2009-01-14,0.925960884,32.7000308301948,0.4061359134922976
2009-01-15,0.894812352,31.6000297671744,0.3924738488021394
2009-01-16,0.877822244,31.000029200186802,0.3850218136760932
2009-01-17,0.883485614,31.200029412725804,0.38750582567718217
2009-01-18,0.877822244,31.000029200186802,0.3850218136760932
2009-01-19,0.886317298,31.300029483680603,0.3887478312391164
2009-01-20,0.849505398,30.0000282787506,0.3726017554250897
2009-01-21,0.849505398,30.0000282787506,0.3726017554250897
2009-01-22,0.719247903,25.4000239200741,0.3154694859791987
2009-01-23,0.665445895,23.5000221481565,0.2918713750391259
2009-01-24,0.648455787,22.9000215811689,0.2844193399130797
2009-01-25,0.66827758,23.600022254426,0.2931133810396704
2009-01-26,0.679604318,24.000022608874602,0.2980814041646277
2009-01-27,0.707921165,25.0000235656255,0.31050146285424146
2009-01-28,0.699426111,24.7000232821317,0.3067754452912183
2009-01-29,0.679604318,24.000022608874602,0.2980814041646277
2009-01-30,0.66827758,23.600022254426,0.2931133810396704
2009-01-31,0.631465679,22.3000210141813,0.27696730478703346
2009-02-01,0.600317148,21.200019986475603,0.26330524053548554
2009-02-02,0.588990409,20.8000195967123,0.258337216971918
2009-02-03,0.560673563,19.800018675276103,0.24591715872091452
2009-02-04,0.543683455,19.200018108288504,0.2384651235948683
2009-02-05,0.518198293,18.3000172578071,0.22728707090579897
2009-02-06,0.495544815,17.500016478280504,0.21735102377866392
2009-02-07,0.492713131,17.4000164073257,0.2161090182167297
2009-02-08,0.472891338,16.7000157340686,0.207414977090139
2009-02-09,0.484218077,17.100016123831903,0.2123830006537066
2009-02-10,0.453069545,16.000015060811503,0.1987209359635484
2009-02-11,0.453069545,16.000015060811503,0.1987209359635484
2009-02-12,0.453069545,16.000015060811503,0.1987209359635484
2009-02-13,0.424752699,15.0000141393753,0.18630087771254486
2009-02-14,0.424752699,15.0000141393753,0.18630087771254486
2009-02-15,0.424752699,15.0000141393753,0.18630087771254486
2009-02-16,0.424752699,15.0000141393753,0.18630087771254486
2009-02-17,0.424752699,15.0000141393753,0.18630087771254486
2009-02-18,0.430416068,15.200014316599601,0.18878488927502352
2009-02-19,0.410594276,14.5000136786572,0.1800908485870431
2009-02-20,0.410594276,14.5000136786572,0.1800908485870431
2009-02-21,0.396435852,14.0000131826244,0.1738808190229311
2009-02-22,0.396435852,14.0000131826244,0.1738808190229311
2009-02-23,0.387940798,13.7000128991306,0.170154801459908
2009-02-24,0.416257645,14.700013855881501,0.18257486014952173
2009-02-25,0.436079438,15.4000145291386,0.1912689012761124
2009-02-26,0.441742807,15.600014706362902,0.19375291283859108
2009-02-27,0.453069545,16.000015060811503,0.1987209359635484
2009-02-28,0.453069545,16.000015060811503,0.1987209359635484
2009-03-01,0.464396284,16.400015450574802,0.20368895952711594
2009-03-02,0.436079438,15.4000145291386,0.1912689012761124
2009-03-03,0.436079438,15.4000145291386,0.1912689012761124
2009-03-04,0.416257645,14.700013855881501,0.18257486014952173
2009-03-05,0.410594276,14.5000136786572,0.1800908485870431
2009-03-06,0.421921014,14.9000140331058,0.18505887171200042
2009-03-07,0.396435852,14.0000131826244,0.1738808190229311
2009-03-08,0.404930906,14.3000134661182,0.1776068365859542
2009-03-09,0.402099222,14.2000133951634,0.17636483102402
2009-03-10,0.433247753,15.3000144228691,0.19002689527556796
2009-03-11,0.424752699,15.0000141393753,0.18630087771254486
2009-03-12,0.424752699,15.0000141393753,0.18630087771254486
2009-03-13,0.458732915,16.200015273350502,0.20120494796463725
2009-03-14,0.399267537,14.100013288893901,0.17512282502347556
2009-03-15,0.387940798,13.7000128991306,0.170154801459908
2009-03-16,0.387940798,13.7000128991306,0.170154801459908
2009-03-17,0.387940798,13.7000128991306,0.170154801459908
2009-03-18,0.387940798,13.7000128991306,0.170154801459908
2009-03-19,0.382277429,13.5000127219063,0.16767078989742937
2009-03-20,0.396435852,14.0000131826244,0.1738808190229311
2009-03-21,0.424752699,15.0000141393753,0.18630087771254486
2009-03-22,0.453069545,16.000015060811503,0.1987209359635484
2009-03-23,0.453069545,16.000015060811503,0.1987209359635484
2009-03-24,0.424752699,15.0000141393753,0.18630087771254486
2009-03-25,0.416257645,14.700013855881501,0.18257486014952173
2009-03-26,0.427584384,15.1000142456448,0.1875428837130893
2009-03-27,0.453069545,16.000015060811503,0.1987209359635484
2009-03-28,0.478554707,16.9000159112929,0.2098989886526177
2009-03-29,0.404930906,14.3000134661182,0.1776068365859542
2009-03-30,0.424752699,15.0000141393753,0.18630087771254486
2009-03-31,0.438911122,15.500014600093401,0.1925109068380466
2009-04-01,0.458732915,16.200015273350502,0.20120494796463725
2009-04-02,0.458732915,16.200015273350502,0.20120494796463725
2009-04-03,0.470059653,16.600015627799102,0.20617297108959462
2009-04-04,0.484218077,17.100016123831903,0.2123830006537066
2009-04-05,0.515366608,18.2000171515376,0.22604506490525453
2009-04-06,0.538020085,19.0000178957495,0.23598111159377938
2009-04-07,0.538020085,19.0000178957495,0.23598111159377938
2009-04-08,0.603148832,21.3000200574304,0.2645472460974198
2009-04-09,0.696594426,24.6000231758622,0.3055334392906739
2009-04-10,0.70508948,24.900023459356003,0.309259456853697
2009-04-11,0.86932719,30.700028916693004,0.3812957961130702
2009-04-12,0.906139091,32.000030156937704,0.397441872365707
2009-04-13,0.931624253,32.9000310074191,0.4086199250547763
2009-04-14,0.925960884,32.7000308301948,0.4061359134922976
2009-04-15,1.002416369,35.40003334632431,0.4396700711208954
2009-04-16,0.991089631,35.000032991875706,0.43470204799593803
2009-04-17,0.999584685,35.3000332753695,0.4384280655589611
2009-04-18,1.11851544,39.500037208968,0.49059231100267425
2009-04-19,1.308238313,46.2000435521011,0.573806703389727
2009-04-20,1.597070148,56.400053155575606,0.7004913000939023
2009-04-21,2.103941702,74.30007002361941,0.9228103474361338
2009-04-22,2.61364494,92.300086962618,1.1463714003402992
2009-04-23,3.001585739,106.0000998970633,1.3165262022388176
2009-04-24,3.086536279,109.00010273200131,1.3537863778690487
2009-04-25,2.916635199,103.0000970621253,1.2792660266085865
2009-04-26,2.709922219,95.7000901873193,1.1885995995340979
2009-04-27,2.435248807,86.0000810445629,1.0681250319554243
2009-04-28,2.256852673,79.7000750911931,0.9898786631319393
2009-04-29,2.154912026,76.1000717245822,0.9451664528142721
2009-04-30,2.016159477,71.2000670824119,0.8843081658053581
2009-05-01,1.90855546,67.400063503262,0.8371119434866025
2009-05-02,1.91421883,67.600063715801,0.8395959554876912
2009-05-03,2.154912026,76.1000717245822,0.9451664528142721
2009-05-04,2.208714034,78.00007349649981,0.9687645637543452
2009-05-05,2.169070449,76.6000721853003,0.951376481939774
2009-05-06,2.15774371,76.20007179553701,0.9464084583762065
2009-05-07,2.180397188,77.00007257506361,0.9563445055033416
2009-05-08,2.095446648,74.0000697401256,0.9190843298731104
2009-05-09,2.007664423,70.9000667989181,0.880582148242335
2009-05-10,1.979347577,69.90006587748191,0.8681620899913315
2009-05-11,2.084119909,73.6000693503623,0.914116306309543
2009-05-12,2.338971528,82.60007781986161,1.0258968327616258
2009-05-13,2.237030881,79.0000744532507,0.9811846224439589
2009-05-14,2.256852673,79.7000750911931,0.9898786631319393
2009-05-15,2.271011097,80.20007558722591,0.9960886926960513
2009-05-16,2.605149886,92.00008667912421,1.142645382777276
2009-05-17,3.65287321,129.000121549187,1.6021875477138314
2009-05-18,6.14475571,217.00020447193702,2.695152696609873
2009-05-19,9.825945767,347.0003269778749,4.309760303013318
2009-05-20,12.68594727,448.000422055869,5.564186211365457
2009-05-21,12.79921466,452.00042595350203,5.613866447001133
2009-05-22,13.39386844,473.00044579806803,5.87468767641275
2009-05-23,15.12119608,534.000503206376,6.632311244636712
2009-05-24,19.1421883,676.00063715801,8.395959554876912
2009-05-25,23.75783429,839.0007906010632,10.420429090142628
2009-05-26,24.15427014,853.0008037130581,10.594309908288338
2009-05-27,23.81446798,841.000792373306,10.445269205767413
2009-05-28,25.79664725,911.0008586395751,11.314673305268172
2009-05-29,26.67446949,942.000887698503,11.699695117189822
2009-05-30,29.44952046,1040.000980188762,12.916860852982003
2009-05-31,30.29902585,1070.001008184995,13.28946260489821
2009-06-01,35.67922671,1260.0011874956372,15.649273725222107
2009-06-02,34.54655284,1220.001149578748,15.15247138202366
2009-06-03,32.84754205,1160.0010932331352,14.407267873805141
2009-06-04,34.82972131,1230.001159146257,15.276671968919795
2009-06-05,32.56437358,1150.001083665626,14.283067286909006
2009-06-06,28.23189605,997.000939436935,12.382798334153323
2009-06-07,22.08714034,780.0007349649981,9.687645637543453
2009-06-08,17.24495957,609.000573726679,7.563815631006384
2009-06-09,14.18674014,501.00047202205803,6.22244931270417
2009-06-10,12.91248205,456.000429851135,5.663546682636807
2009-06-11,14.24337384,503.000474147448,6.24728943271506
2009-06-12,15.82911724,559.000526595428,6.942812705297903
2009-06-13,15.60258247,551.000519153309,6.843452238412653
2009-06-14,17.83961335,630.0005935712451,7.8246368604180025
2009-06-15,18.51921767,654.000616250749,8.12271826545985
2009-06-16,17.92456389,633.0005964061831,7.8618970360482345
2009-06-17,22.76674466,804.0007576445021,9.9857270425853
2009-06-18,24.918825,880.0008292274999,10.929651488960417
2009-06-19,26.6178358,940.0008859262601,11.674855001565039
2009-06-20,27.75050966,980.000923490002,12.171657340377383
2009-06-21,33.98021591,1200.001130796877,14.904070212617487
2009-06-22,33.98021591,1200.001130796877,14.904070212617487
2009-06-23,31.14853125,1100.001036534375,13.662064361200521
2009-06-24,29.73268892,1050.000989403124,13.041061435492038
2009-06-25,33.98021591,1200.001130796877,14.904070212617487
2009-06-26,39.64358523,1400.001319321881,17.388081915451416
2009-06-27,43.32477529,1530.001441933763,19.00268952317069
2009-06-28,41.05942756,1450.0013664531323,18.009084841159904
2009-06-29,38.2277429,1350.00127219063,16.767078989742938
2009-06-30,36.81190057,1300.001225059379,16.14607606403445
2009-07-01,38.2277429,1350.00127219063,16.767078989742938
2009-07-02,39.64358523,1400.001319321881,17.388081915451416
2009-07-03,38.2277429,1350.00127219063,16.767078989742938
2009-07-04,36.81190057,1300.001225059379,16.14607606403445
2009-07-05,32.56437358,1150.001083665626,14.283067286909006
2009-07-06,28.60001506,1010.0009518393821,12.544259096679692
2009-07-07,28.14694551,994.000936601997,12.345538158523091
2009-07-08,27.01427165,954.000899038255,11.848735819710747
2009-07-09,24.86219131,878.0008274552571,10.90481137333563
2009-07-10,21.49248656,759.000715120432,9.426824408131834
2009-07-11,20.38812955,720.000678619385,8.942442129324933
2009-07-12,20.30317901,717.000675784447,8.905181953694703
2009-07-13,21.40753602,756.0007122854939,9.389564232501602
2009-07-14,22.4269425,792.00074630475,9.836686340064375
2009-07-15,18.46258398,652.0006144785061,8.097878149835065
2009-07-16,15.97070148,564.0005315557561,7.004913000939022
2009-07-17,15.48931509,547.000515608823,6.7937720071630805
2009-07-18,15.20614662,537.000506041314,6.6695714202669425
2009-07-19,15.00792869,530.000499308743,6.5826310090010365
2009-07-20,15.00792869,530.000499308743,6.5826310090010365
2009-07-21,14.58317599,515.0004851340531,6.396330130849882
2009-07-22,13.59208636,480.00045217749204,5.9616280832925534
2009-07-23,12.77089781,451.000424890807,5.601446386995687
2009-07-24,12.09129349,427.000402211303,5.30336498195384
2009-07-25,11.38337233,402.00037882225104,4.99286352129265
2009-07-26,10.73208486,379.000357205442,4.707202176256246
2009-07-27,10.61881747,375.000353307809,4.65752194062057
2009-07-28,10.42059955,368.00034692838506,4.570581533740766
2009-07-29,9.202975142,325.0003062471874,4.036519015789308
2009-07-30,8.268519205,292.0002751688135,3.6266570851725977
2009-07-31,7.673865426,271.00025535956223,3.36583585619959
2009-08-01,7.164162188,253.0002384205636,3.142274803295425
2009-08-02,6.880993722,243.00022899431343,3.018074218153729
2009-08-03,6.965944262,246.00023182925142,3.055334393783959
2009-08-04,7.192479034,254.00023934199982,3.154694861546428
2009-08-05,7.277429574,257.00024217693783,3.1919550371766596
2009-08-06,7.164162188,253.0002384205636,3.142274803295425
2009-08-07,7.107528495,251.00023654237654,3.117434686354808
2009-08-08,7.334063267,259.00024405512494,3.2167951541172766
2009-08-09,7.277429574,257.00024217693783,3.1919550371766596
2009-08-10,6.512874716,230.0002167331252,2.8566134573818007
2009-08-11,5.606735625,198.0001865761875,2.459171585016094
2009-08-12,4.983765,176.00016584550002,2.1859302977920834
2009-08-13,4.643962841,164.0001545410627,2.0368895957097695
2009-08-14,4.360794375,154.0001451148125,1.912689010568073
2009-08-15,4.360794375,154.0001451148125,1.912689010568073
2009-08-16,4.304160682,152.0001432366254,1.8878488936274556
2009-08-17,4.275843835,151.0001422798745,1.8754288349378418
2009-08-18,4.105942756,145.0001366453132,1.8009084841159904
2009-08-19,3.851091137,136.0001281758139,1.6891279576639073
2009-08-20,3.65287321,129.000121549187,1.6021875477138314
2009-08-21,3.398021591,120.00011307968771,1.4904070212617488
2009-08-22,3.143169972,111.0001046101884,1.3786264948096658
2009-08-23,3.029902585,107.0001008184995,1.328946260489821
2009-08-24,3.029902585,107.0001008184995,1.328946260489821
2009-08-25,3.058219432,108.0001017752504,1.341366319179435
2009-08-26,3.086536279,109.00010273200131,1.3537863778690487
2009-08-27,3.143169972,111.0001046101884,1.3786264948096658
2009-08-28,3.171486818,112.00010553162461,1.3910465530606695
2009-08-29,3.171486818,112.00010553162461,1.3910465530606695
2009-08-30,3.143169972,111.0001046101884,1.3786264948096658
2009-08-31,3.086536279,109.00010273200131,1.3537863778690487
2009-09-01,3.001585739,106.0000998970633,1.3165262022388176
2009-09-02,2.944952046,104.0000980188762,1.2916860852982002
2009-09-03,2.888318352,102.00009610537441,1.266845967918973
2009-09-04,2.823189605,99.7000939436935,1.2382798334153324
2009-09-05,2.743902435,96.9000913212945,1.20350366978619
2009-09-06,2.715585588,95.90009036454362,1.1910836110965766
2009-09-07,2.673110318,94.40008894707461,1.172453523281461
2009-09-08,2.622139994,92.6000872461118,1.1500974179033223
2009-09-09,2.542852824,89.8000846237128,1.1153212542741804
2009-09-10,2.477724077,87.5000824620319,1.0867551197705398
2009-09-11,2.41259533,85.200080300351,1.0581889852668995
2009-09-12,2.324813105,82.10007735914351,1.0196868036361242
2009-09-13,2.222872457,78.5000739572179,0.9749745928798468
2009-09-14,2.129426864,75.2000708741008,0.933988400125203
2009-09-15,2.058634747,72.70006849988091,0.9029382536204736
2009-09-16,2.002001054,70.70006662169381,0.8780981366798565
2009-09-17,1.902892091,67.20006332603771,0.8346279319241237
2009-09-18,1.834931659,64.80006105808731,0.8048197914199388
2009-09-19,1.823604921,64.4000607036387,0.7998517682949815
2009-09-20,1.877406929,66.3000624755563,0.8234498792350543
2009-09-21,1.874575244,66.20006236928681,0.82220787323451
2009-09-22,1.874575244,66.20006236928681,0.82220787323451
2009-09-23,1.863248506,65.8000620148382,0.8172398501095526
2009-09-24,1.826436605,64.5000607745935,0.8010937738569157
2009-09-25,1.769802912,62.50005889640641,0.7762536569162984
2009-09-26,1.673525634,59.100055707019806,0.7340254581611101
2009-09-27,1.574416671,55.600052411363706,0.6905552534053773
2009-09-28,1.466812653,51.800048796899105,0.6433590306480113
2009-09-29,1.381862114,48.8000459972758,0.6060988554563904
2009-09-30,1.387525483,49.0000461745001,0.6085828670188691
2009-10-01,1.347881898,47.6000448633006,0.5911947852042981
2009-10-02,1.243109565,43.9000413551055,0.5452405684474764
2009-10-03,1.175149134,41.5000391224698,0.5154324283819017
2009-10-04,1.141168918,40.3000379884946,0.5005283581298094
2009-10-05,1.146832287,40.500038165718905,0.503012369692288
2009-10-06,1.146832287,40.500038165718905,0.503012369692288
2009-10-07,1.152495656,40.7000383429432,0.5054963812547667
2009-10-08,1.155327341,40.8000384492127,0.5067383872553112
2009-10-09,1.152495656,40.7000383429432,0.5054963812547667
2009-10-10,1.155327341,40.8000384492127,0.5067383872553112
2009-10-11,1.16099071,41.000038626437004,0.5092223988177899
2009-10-12,1.138337233,40.2000378822251,0.4992863521292649
2009-10-13,1.152495656,40.7000383429432,0.5054963812547667
2009-10-14,1.257267989,44.400041851138305,0.5514505980115885
2009-10-15,1.265763043,44.7000421346321,0.5551766155746114
2009-10-16,1.211961034,42.8000403273998,0.5315785041959283
2009-10-17,1.20346598,42.500040043906004,0.5278524866329054
2009-10-18,1.223287773,43.200040717163105,0.536546527759496
2009-10-19,1.248772935,44.1000415676445,0.5477245804485653
2009-10-20,1.342218528,47.40004465076161,0.5887107732032092
2009-10-21,1.359208636,48.000045217749204,0.5961628083292554
2009-10-22,1.345050213,47.5000447570311,0.5899527792037537
2009-10-23,1.325228421,46.8000441190887,0.5812587385157733
2009-10-24,1.362040321,48.1000453240187,0.5974048143297999
2009-10-25,1.308238313,46.2000435521011,0.573806703389727
2009-10-26,1.291248205,45.600042985113504,0.5663546682636807
2009-10-27,1.328060105,46.9000441900435,0.5825007440777074
2009-10-28,1.206297665,42.6000401501755,0.5290944926334498
2009-10-29,1.16665408,41.200038838976006,0.5117064108188788
2009-10-30,1.175149134,41.5000391224698,0.5154324283819017
2009-10-31,1.16099071,41.000038626437004,0.5092223988177899
2009-11-01,1.138337233,40.2000378822251,0.4992863521292649
2009-11-02,1.095861963,38.7000364647561,0.4806562643141494
2009-11-03,1.061881747,37.5000353307809,0.46575219406205703
2009-11-04,1.03922827,36.700034586569004,0.45581614737353215
2009-11-05,1.008079739,35.6000335588633,0.4421540831219842
2009-11-06,0.988257946,34.9000328856062,0.43346004199539356
2009-11-07,0.962772784,34.0000320351248,0.4222819893063242
2009-11-08,0.934455938,33.00003111368861,0.40986193105532076
2009-11-09,0.849505398,30.0000282787506,0.3726017554250897
2009-11-10,0.906139091,32.000030156937704,0.397441872365707
2009-11-11,0.877822244,31.000029200186802,0.3850218136760932
2009-11-12,0.906139091,32.000030156937704,0.397441872365707
2009-11-13,0.849505398,30.0000282787506,0.3726017554250897
2009-11-14,0.736238011,26.0000244870617,0.32292152110524497
2009-11-15,0.792871705,28.000026400563502,0.3477616384844725
2009-11-16,0.849505398,30.0000282787506,0.3726017554250897
2009-11-17,0.906139091,32.000030156937704,0.397441872365707
2009-11-18,0.849505398,30.0000282787506,0.3726017554250897
2009-11-19,0.792871705,28.000026400563502,0.3477616384844725
2009-11-20,0.736238011,26.0000244870617,0.32292152110524497
2009-11-21,0.707921165,25.0000235656255,0.31050146285424146
2009-11-22,0.651287472,23.0000216874384,0.2856613459136242
2009-11-23,0.651287472,23.0000216874384,0.2856613459136242
2009-11-24,0.594653778,21.0000197739366,0.26082122853439665
2009-11-25,0.651287472,23.0000216874384,0.2856613459136242
2009-11-26,0.707921165,25.0000235656255,0.31050146285424146
2009-11-27,0.651287472,23.0000216874384,0.2856613459136242
2009-11-28,0.538020085,19.0000178957495,0.23598111159377938
2009-11-29,0.481386392,17.0000160175624,0.2111409946531621
2009-11-30,0.481386392,17.0000160175624,0.2111409946531621
2009-12-01,0.424752699,15.0000141393753,0.18630087771254486
2009-12-02,0.368119006,13.000012261188202,0.16146076077192761
2009-12-03,0.339802159,12.000011304437301,0.14904070208231385
2009-12-04,0.424752699,15.0000141393753,0.18630087771254486
2009-12-05,0.453069545,16.000015060811503,0.1987209359635484
2009-12-06,0.453069545,16.000015060811503,0.1987209359635484
2009-12-07,0.283168466,10.0000094262502,0.12420058514169657
2009-12-08,0.396435852,14.0000131826244,0.1738808190229311
2009-12-09,0.339802159,12.000011304437301,0.14904070208231385
2009-12-10,0.269010043,9.5000089655321,0.1179905560161948
2009-12-11,0.283168466,10.0000094262502,0.12420058514169657
2009-12-12,0.311485313,11.0000103830011,0.1366206438313103
2009-12-13,0.396435852,14.0000131826244,0.1738808190229311
2009-12-14,0.368119006,13.000012261188202,0.16146076077192761
2009-12-15,0.311485313,11.0000103830011,0.1366206438313103
2009-12-16,0.339802159,12.000011304437301,0.14904070208231385
2009-12-17,0.396435852,14.0000131826244,0.1738808190229311
2009-12-18,0.368119006,13.000012261188202,0.16146076077192761
2009-12-19,0.396435852,14.0000131826244,0.1738808190229311
2009-12-20,0.410594276,14.5000136786572,0.1800908485870431
2009-12-21,0.424752699,15.0000141393753,0.18630087771254486
2009-12-22,0.396435852,14.0000131826244,0.1738808190229311
2009-12-23,0.368119006,13.000012261188202,0.16146076077192761
2009-12-24,0.311485313,11.0000103830011,0.1366206438313103
2009-12-25,0.283168466,10.0000094262502,0.12420058514169657
2009-12-26,0.311485313,11.0000103830011,0.1366206438313103
2009-12-27,0.311485313,11.0000103830011,0.1366206438313103
2009-12-28,0.311485313,11.0000103830011,0.1366206438313103
2009-12-29,0.339802159,12.000011304437301,0.14904070208231385
2009-12-30,0.339802159,12.000011304437301,0.14904070208231385
2009-12-31,0.368119006,13.000012261188202,0.16146076077192761
2010-01-01,0.382277429,13.5000127219063,0.16767078989742937
2010-01-02,0.368119006,13.000012261188202,0.16146076077192761
2010-01-03,0.339802159,12.000011304437301,0.14904070208231385
2010-01-04,0.311485313,11.0000103830011,0.1366206438313103
2010-01-05,0.311485313,11.0000103830011,0.1366206438313103
2010-01-06,0.325643736,11.5000108437192,0.1428306729568121
2010-01-07,0.269010043,9.5000089655321,0.1179905560161948
2010-01-08,0.254851619,9.0000084694993,0.1117805264520828
2010-01-09,0.283168466,10.0000094262502,0.12420058514169657
2010-01-10,0.339802159,12.000011304437301,0.14904070208231385
2010-01-11,0.311485313,11.0000103830011,0.1366206438313103
2010-01-12,0.311485313,11.0000103830011,0.1366206438313103
2010-01-13,0.339802159,12.000011304437301,0.14904070208231385
2010-01-14,0.339802159,12.000011304437301,0.14904070208231385
2010-01-15,0.368119006,13.000012261188202,0.16146076077192761
2010-01-16,0.339802159,12.000011304437301,0.14904070208231385
2010-01-17,0.339802159,12.000011304437301,0.14904070208231385
2010-01-18,0.368119006,13.000012261188202,0.16146076077192761
2010-01-19,0.396435852,14.0000131826244,0.1738808190229311
2010-01-20,0.339802159,12.000011304437301,0.14904070208231385
2010-01-21,0.339802159,12.000011304437301,0.14904070208231385
2010-01-22,0.368119006,13.000012261188202,0.16146076077192761
2010-01-23,0.311485313,11.0000103830011,0.1366206438313103
2010-01-24,0.311485313,11.0000103830011,0.1366206438313103
2010-01-25,0.368119006,13.000012261188202,0.16146076077192761
2010-01-26,0.283168466,10.0000094262502,0.12420058514169657
2010-01-27,0.368119006,13.000012261188202,0.16146076077192761
2010-01-28,0.339802159,12.000011304437301,0.14904070208231385
2010-01-29,0.339802159,12.000011304437301,0.14904070208231385
2010-01-30,0.410594276,14.5000136786572,0.1800908485870431
2010-01-31,0.336970474,11.900011198167801,0.1477986960817694
2010-02-01,0.229649626,8.1100076473022,0.10072667458237308
2010-02-02,0.2307823,8.15000768981,0.10122347698259085
2010-02-03,0.257683304,9.1000085757688,0.11302253245262726
2010-02-04,0.276372423,9.7600092065181,0.12121977117900012
2010-02-05,0.282602129,9.9800094049963,0.12395218394158768
2010-02-06,0.339802159,12.000011304437301,0.14904070208231385
2010-02-07,0.269010043,9.5000089655321,0.1179905560161948
2010-02-08,0.276372423,9.7600092065181,0.12121977117900012
2010-02-09,0.261081326,9.220008703292201,0.11451293965328059
2010-02-10,0.274673412,9.7000091427564,0.12047456757867346
2010-02-11,0.261081326,9.220008703292201,0.11451293965328059
2010-02-12,0.276372423,9.7600092065181,0.12121977117900012
2010-02-13,0.294495205,10.4000098160135,0.12916860870526412
2010-02-14,0.255417956,9.0200084907532,0.11202892765219172
2010-02-15,0.277788265,9.8100092419955,0.12184077395996723
2010-02-16,0.269010043,9.5000089655321,0.1179905560161948
2010-02-17,0.27693876,9.780009227772,0.12146817237910902
2010-02-18,0.266744695,9.4200088805165,0.11699695121575925
2010-02-19,0.280903118,9.9200093412346,0.12320698034126101
2010-02-20,0.205013969,7.2400068110443,0.08992122347416198
2010-02-21,0.159707015,5.6400053226205005,0.07004913009711228
2010-02-22,0.151495129,5.3500050320963,0.06644731291483849
2010-02-23,0.216623876,7.6500071937772,0.09501344741847886
2010-02-24,0.203598127,7.1900067755669,0.08930022069319489
2010-02-25,0.254851619,9.0000084694993,0.1117805264520828
2010-02-26,0.192554557,6.8000064140879,0.08445639794898689
2010-02-27,0.201049611,7.1000066975817,0.08818241551201
2010-02-28,0.223136751,7.8800074205397,0.09787006100042596
2010-03-01,0.223136751,7.8800074205397,0.09787006100042596
2010-03-02,0.228233784,8.0600076118248,0.10010567180140596
2010-03-03,0.228233784,8.0600076118248,0.10010567180140596
2010-03-04,0.237861511,8.4000079025117,0.10432849132603662
2010-03-05,0.283168466,10.0000094262502,0.12420058514169657
2010-03-06,0.29166352,10.300009709744002,0.1279266027047197
2010-03-07,0.261930831,9.2500087175157,0.1148855412341388
2010-03-08,0.261930831,9.2500087175157,0.1148855412341388
2010-03-09,0.270709053,9.5600089939791,0.11873575917791124
2010-03-10,0.278920939,9.8500092845033,0.12233757636018502
2010-03-11,0.266178358,9.4000088592626,0.11674855001565038
2010-03-12,0.273540738,9.660009100248601,0.1199777651784557
2010-03-13,0.270709053,9.5600089939791,0.11873575917791124
2010-03-14,0.305821943,10.8000101704621,0.13413663183022143
2010-03-15,0.288831835,10.2000096034745,0.12668459670417523
2010-03-16,0.302990259,10.7000100995073,0.1328946262682872
2010-03-17,0.339802159,12.000011304437301,0.14904070208231385
2010-03-18,0.373782375,13.2000124384125,0.16394477233440624
2010-03-19,0.365287321,12.9000121549187,0.16021875477138314
2010-03-20,0.237012006,8.3700078882882,0.1039558897451784
2010-03-21,0.277221928,9.7900092207416,0.12159237275985835
2010-03-22,0.294495205,10.4000098160135,0.12916860870526412
2010-03-23,0.32847542,11.600010914674002,0.1440726785187463
2010-03-24,0.281752624,9.9500093907728,0.12357958236072948
2010-03-25,0.300158574,10.600009993237801,0.13165262026774277
2010-03-26,0.322812051,11.4000107374497,0.14158866695626762
2010-03-27,0.283168466,10.0000094262502,0.12420058514169657
2010-03-28,0.281186287,9.9300093695189,0.12333118116062056
2010-03-29,0.317148682,11.200010560225401,0.13910465539378897
2010-03-30,0.368119006,13.000012261188202,0.16146076077192761
2010-03-31,0.325643736,11.5000108437192,0.1428306729568121
2010-04-01,0.356792267,12.6000118714249,0.15649273720836004
2010-04-02,0.32847542,11.600010914674002,0.1440726785187463
2010-04-03,0.353960582,12.500011765155401,0.1552507312078156
2010-04-04,0.37661406,13.300012544682,0.16518677833495068
2010-04-05,0.396435852,14.0000131826244,0.1738808190229311
2010-04-06,0.281186287,9.9300093695189,0.12333118116062056
2010-04-07,0.300158574,10.600009993237801,0.13165262026774277
2010-04-08,0.345465528,12.200011481661601,0.1515247136447925
2010-04-09,0.368119006,13.000012261188202,0.16146076077192761
2010-04-10,0.396435852,14.0000131826244,0.1738808190229311
2010-04-11,0.286000151,10.1000095325197,0.12544259114224102
2010-04-12,0.319980366,11.300010631180202,0.1403466609557232
2010-04-13,0.336970474,11.900011198167801,0.1477986960817694
2010-04-14,0.385109114,13.6000128281758,0.16891279589797378
2010-04-15,0.453069545,16.000015060811503,0.1987209359635484
2010-04-16,0.481386392,17.0000160175624,0.2111409946531621
2010-04-17,0.538020085,19.0000178957495,0.23598111159377938
2010-04-18,0.566336932,20.0000188525004,0.24840117028339315
2010-04-19,0.716416219,25.3000238491193,0.3142274804172645
2010-04-20,0.996753,35.2000331691,0.43718605955841666
2010-04-21,1.33089179,47.000044296313,0.5837427500782518
2010-04-22,1.809446497,63.900060207605904,0.7936417387308695
2010-04-23,2.081288225,73.50006927940751,0.9128743007476089
2010-04-24,2.231367511,78.80007424071171,0.97870061044287
2010-04-25,2.375783429,83.90007906010631,1.0420429090142629
2010-04-26,2.384278483,84.20007934360011,1.0457689265772858
2010-04-27,2.367288375,83.60007877661249,1.0383168914512395
2010-04-28,2.466397338,87.1000820722686,1.0817870962069724
2010-04-29,2.457902284,86.80008178877482,1.0780610786439493
2010-04-30,2.472060707,87.3000822494929,1.084271107769451
2010-05-01,2.440912176,86.2000812217872,1.070609043517903
2010-05-02,2.384278483,84.20007934360011,1.0457689265772858
2010-05-03,2.228535827,78.7000741697569,0.9774586048809357
2010-05-04,2.160575395,76.3000719018065,0.9476504643767508
2010-05-05,2.03598127,71.90006775566901,0.8930022069319489
2010-05-06,1.95103073,68.90006492073101,0.8557420313017178
2010-05-07,1.87174356,66.100062298332,0.8209658676725758
2010-05-08,1.783961335,63.000059357124506,0.7824636860418003
2010-05-09,1.718832588,60.7000571954436,0.7538975515381598
2010-05-10,1.667862264,58.9000554944808,0.7315414461600213
2010-05-11,1.61689194,57.100053793518,0.7091853407818827
2010-05-12,1.58008004,55.800052588588,0.6930392649678561
2010-05-13,1.546099824,54.6000514546128,0.6781351947157636
2010-05-14,1.509287923,53.300050214368106,0.6619891184631268
2010-05-15,1.475307707,52.10004908039291,0.6470850482110344
2010-05-16,1.497961185,52.900049859919505,0.6570210953381694
2010-05-17,1.642377102,58.000054643999405,0.7203633934709519
2010-05-18,1.769802912,62.50005889640641,0.7762536569162984
2010-05-19,2.548516193,90.00008480093712,1.117805265836659
2010-05-20,3.964358523,140.0001319321881,1.7388081915451419
2010-05-21,3.681190057,130.0001225059379,1.6146076064034451
2010-05-22,3.398021591,120.00011307968771,1.4904070212617488
2010-05-23,3.256437358,115.0001083665626,1.4283067286909004
2010-05-24,3.398021591,120.00011307968771,1.4904070212617488
2010-05-25,4.162576449,147.0001385235003,1.8257486010566077
2010-05-26,4.785547074,169.00015925418782,2.098989888280618
2010-05-27,5.380200852,190.0001790281244,2.3598111168150147
2010-05-28,5.946537784,210.00019788062482,2.6082122870984077
2010-05-29,6.286339943,222.0002091850621,2.757252989180721
2010-05-30,5.974854631,211.00019883737573,2.6206323457880214
2010-05-31,6.003171478,212.0001997941266,2.633052404477635
2010-06-01,6.569508409,232.0002186113123,2.881453574322418
2010-06-02,7.220795881,255.00024029875073,3.1671149202360422
2010-06-03,8.72158875,308.000290229625,3.825378021136146
2010-06-04,14.80971077,523.0004929293191,6.495690602121233
2010-06-05,26.33466733,930.000876358751,11.550654414668898
2010-06-06,30.58219432,1080.0010177525041,13.413663191794349
2010-06-07,35.11288977,1240.0011683606192,15.400872551429833
2010-06-08,33.13071051,1170.001102447497,14.531468456315176
2010-06-09,33.41387898,1180.0011120150061,14.655669043211315
2010-06-10,33.13071051,1170.001102447497,14.531468456315176
2010-06-11,28.60001506,1010.0009518393821,12.544259096679692
2010-06-12,19.53862415,690.000650270005,8.569840373022622
2010-06-13,14.55485915,514.0004844245051,6.383910075230539
2010-06-14,12.54436304,443.00041744868804,5.50208592011044
2010-06-15,15.65921617,553.000521278699,6.868292358423543
2010-06-16,25.51347878,901.000849072066,11.190472718372034
2010-06-17,29.73268892,1050.000989403124,13.041061435492038
2010-06-18,20.02001054,707.000666216938,8.780981366798565
2010-06-19,19.05723776,673.0006343230721,8.358699379246682
2010-06-20,23.13486367,817.0007700469491,10.147187805111669
2010-06-21,26.90100426,950.0008951406221,11.799055584075072
2010-06-22,25.88159779,914.000861474513,11.351933480898403
2010-06-23,20.84119909,736.000693503623,9.14116306309543
2010-06-24,22.45525935,793.000747367445,9.849106400069818
2010-06-25,26.58951895,939.000884863565,11.66243494155959
2010-06-26,32.56437358,1150.001083665626,14.283067286909006
2010-06-27,31.14853125,1100.001036534375,13.662064361200521
2010-06-28,29.16635199,1030.000970621253,12.792660266085864
2010-06-29,27.21248957,961.0009054176791,11.935676226590552
2010-06-30,26.47625156,935.0008809659321,11.612754705923917
2010-07-01,28.06199497,991.0009337670591,12.308277982892863
2010-07-02,26.1364494,923.00086962618,11.463714003402993
2010-07-03,22.79506151,805.0007587071971,9.998147102590742
2010-07-04,17.07505849,603.000568056803,7.489295279745924
2010-07-05,13.6770369,483.00045501243,5.998888258922784
2010-07-06,12.28951142,434.00040894387405,5.390305393219746
2010-07-07,11.6099071,410.00038626437,5.0922239881778975
2010-07-08,10.67545117,377.00035543319905,4.682362060631459
2010-07-09,10.53386693,372.00035047287105,4.620261764990339
2010-07-10,11.21347125,396.000373152375,4.918343170032188
2010-07-11,12.82753151,453.000427016197,5.626286507006577
2010-07-12,13.39386844,473.00044579806803,5.87468767641275
2010-07-13,12.40277881,438.000412841507,5.439985628855421
2010-07-14,11.89307557,420.000395831879,5.2164245750740355
2010-07-15,10.50555009,371.000349763323,4.607841709370997
2010-07-16,8.89148983,314.000295899501,3.899898372396607
2010-07-17,8.325152898,294.0002770470006,3.6514972021132155
2010-07-18,8.325152898,294.0002770470006,3.6514972021132155
2010-07-19,8.325152898,294.0002770470006,3.6514972021132155
2010-07-20,8.098618125,286.0002694989375,3.5521367339121355
2010-07-21,7.73049912,273.000257273064,3.3906759735788183
2010-07-22,7.673865426,271.00025535956223,3.36583585619959
2010-07-23,7.702182273,272.00025631631314,3.378255914889204
2010-07-24,7.532281193,266.0002506464371,3.303735563628742
2010-07-25,6.994261108,247.00023275068762,3.0677544520349627
2010-07-26,6.371290483,225.0002120200001,2.7945131648109522
2010-07-27,5.946537784,210.00019788062482,2.6082122870984077
2010-07-28,5.663369318,200.0001884543746,2.484011701956711
2010-07-29,5.578418779,197.0001856547513,2.44675152676509
2010-07-30,5.493468239,194.00018281981332,2.4094913511348595
2010-07-31,5.408517699,191.0001799848753,2.3722311755046284
2010-08-01,5.351884006,189.0001781066882,2.347391058564011
2010-08-02,5.15366608,182.000171515376,2.260450649052545
2010-08-03,5.15366608,182.000171515376,2.260450649052545
2010-08-04,5.012081847,177.0001668022509,2.198350356481697
2010-08-05,4.983765,176.00016584550002,2.1859302977920834
2010-08-06,4.955448154,175.0001649240638,2.1735102395410797
2010-08-07,4.927131307,174.00016396731291,2.161090180851466
2010-08-08,4.672279688,165.0001554978136,2.049309654399383
2010-08-09,4.445744915,157.0001479497505,1.9499491861983036
2010-08-10,4.162576449,147.0001385235003,1.8257486010566077
2010-08-11,3.879407983,137.00012909725012,1.701548015914911
2010-08-12,3.681190057,130.0001225059379,1.6146076064034451
2010-08-13,3.482972131,123.00011591462571,1.5276671968919795
2010-08-14,3.199803665,113.00010648837551,1.4034666117502832
2010-08-15,3.058219432,108.0001017752504,1.341366319179435
2010-08-16,2.916635199,103.0000970621253,1.2792660266085865
2010-08-17,2.763724227,97.6000919592369,1.2121977104741706
2010-08-18,2.65612021,93.800088380087,1.1650014881554147
2010-08-19,2.565506301,90.6000853679247,1.1252573009627052
2010-08-20,2.477724077,87.5000824620319,1.0867551197705398
2010-08-21,2.375783429,83.90007906010631,1.0420429090142629
2010-08-22,2.302159628,81.30007661493161,1.0097507569475992
2010-08-23,2.231367511,78.80007424071171,0.97870061044287
2010-08-24,2.129426864,75.2000708741008,0.933988400125203
2010-08-25,2.061466432,72.8000686061504,0.9041802596210181
2010-08-26,1.996337685,70.50006644446951,0.8756141251173778
2010-08-27,2.004832739,70.8000667279633,0.8793401426804007
2010-08-28,2.344634898,82.80007803240059,1.0283808447627145
2010-08-29,2.401268591,84.80007991058771,1.053220961703332
2010-08-30,2.480555761,87.60008253298672,1.087997125332474
2010-08-31,2.664615264,94.1000886635808,1.1687275057184379
2010-09-01,2.709922219,95.7000901873193,1.1885995995340979
2010-09-02,2.675942003,94.5000890533441,1.1736955292820055
2010-09-03,2.630635048,92.9000875296056,1.1538234354663455
2010-09-04,2.551347878,90.10008490720661,1.1190472718372035
2010-09-05,2.440912176,86.2000812217872,1.070609043517903
2010-09-06,2.28516952,80.70007604794401,1.002298721821553
2010-09-07,2.166238764,76.5000720790308,0.9501344759392296
2010-09-08,2.033149585,71.8000676493995,0.8917602009314044
2010-09-09,1.919882199,67.8000638930253,0.8420799670501697
2010-09-10,1.789624705,63.2000595696635,0.7849476980428891
2010-09-11,1.65936721,58.60005521098701,0.7278154285969982
2010-09-12,1.514951293,53.5000504269071,0.6644731304642156
2010-09-13,1.376198744,48.60004578473681,0.6036148434553016
2010-09-14,1.285584835,45.40004277257451,0.5638706562625919
2010-09-15,1.206297665,42.6000401501755,0.5290944926334498
2010-09-16,1.101525332,38.9000366419804,0.4831402758766281
2010-09-17,1.022238162,36.10003401958141,0.448364112247486
2010-09-18,0.951446045,33.6000316453615,0.4173139657427567
2010-09-19,0.872158875,30.8000290229625,0.38253780211361454
2010-09-20,0.866495506,30.6000288457382,0.3800537905511359
2010-09-21,0.849505398,30.0000282787506,0.3726017554250897
2010-09-22,0.849505398,30.0000282787506,0.3726017554250897
2010-09-23,0.866495506,30.6000288457382,0.3800537905511359
2010-09-24,0.838178659,29.600027888987302,0.3676337318615222
2010-09-25,0.787208335,27.8000261880245,0.3452776264833835
2010-09-26,0.758891489,26.800025266588303,0.33285756823238005
2010-09-27,0.753228119,26.6000250540493,0.33037355623129117
2010-09-28,0.756059804,26.7000251603188,0.3316155622318356
2010-09-29,0.784376651,27.7000261170697,0.34403562092144935
2010-09-30,0.821188551,29.000027321999703,0.36018169673547595
2010-10-01,0.835346974,29.5000277827178,0.36639172586097773
2010-10-02,0.841010344,29.7000279952568,0.3688757378620666
2010-10-03,0.841010344,29.7000279952568,0.3688757378620666
2010-10-04,0.829683605,29.300027605493504,0.3639077142984991
2010-10-05,0.812693497,28.700027038505905,0.35645567917245286
2010-10-06,0.795703389,28.1000264715183,0.3490036440464067
2010-10-07,0.775881597,27.400025833575903,0.34030960335842625
2010-10-08,0.756059804,26.7000251603188,0.3316155622318356
2010-10-09,0.750396435,26.5000249830945,0.32913155066935695
2010-10-10,0.744733065,26.300024770555503,0.32664753866826807
2010-10-11,0.739069696,26.100024593331202,0.32416352710578944
2010-10-12,0.733406327,25.900024416106902,0.3216795155433107
2010-10-13,0.730574642,25.8000243098374,0.3204375095427663
2010-10-14,0.727742957,25.700024203567903,0.31919550354222187
2010-10-15,0.722079588,25.500024026343603,0.31671149197974324
2010-10-16,0.716416219,25.3000238491193,0.3142274804172645
2010-10-17,0.707921165,25.0000235656255,0.31050146285424146
2010-10-18,0.702257795,24.8000233530865,0.3080174508531525
2010-10-19,0.693762742,24.500023104907402,0.3042914337287397
2010-10-20,0.685267688,24.200022821413604,0.3005654161657166
2010-10-21,0.707921165,25.0000235656255,0.31050146285424146
2010-10-22,0.70508948,24.900023459356003,0.309259456853697
2010-10-23,0.654119156,23.100021758393204,0.2869033514755584
2010-10-24,0.622970625,22.000020730687503,0.2732412872240104
2010-10-25,0.739069696,26.100024593331202,0.32416352710578944
2010-10-26,0.719247903,25.4000239200741,0.3154694859791987
2010-10-27,0.699426111,24.7000232821317,0.3067754452912183
2010-10-28,0.648455787,22.9000215811689,0.2844193399130797
2010-10-29,0.690931057,24.4000229986379,0.3030494277281952
2010-10-30,0.690931057,24.4000229986379,0.3030494277281952
2010-10-31,0.690931057,24.4000229986379,0.3030494277281952
2010-11-01,0.671109264,23.700022325380804,0.2943553866016046
2010-11-02,0.696594426,24.6000231758622,0.3055334392906739
2010-11-03,0.724911273,25.600024132613104,0.31795349798028766
2010-11-04,0.801366759,28.3000266840573,0.3514876560474955
2010-11-05,0.778713281,27.500025904530702,0.3415516089203605
2010-11-06,0.798535074,28.200026577787803,0.35024565004695113
2010-11-07,0.807030128,28.5000268612816,0.3539716676099742
2010-11-08,0.807030128,28.5000268612816,0.3539716676099742
2010-11-09,0.778713281,27.500025904530702,0.3415516089203605
2010-11-10,0.707921165,25.0000235656255,0.31050146285424146
2010-11-11,0.719247903,25.4000239200741,0.3154694859791987
2010-11-12,0.693762742,24.500023104907402,0.3042914337287397
2010-11-13,0.690931057,24.4000229986379,0.3030494277281952
2010-11-14,0.654119156,23.100021758393204,0.2869033514755584
2010-11-15,0.645624102,22.8000214748994,0.28317733391253525
2010-11-16,0.710752849,25.100023636580303,0.3117434684161757
2010-11-17,0.753228119,26.6000250540493,0.33037355623129117
2010-11-18,0.733406327,25.900024416106902,0.3216795155433107
2010-11-19,0.693762742,24.500023104907402,0.3042914337287397
2010-11-20,0.693762742,24.500023104907402,0.3042914337287397
2010-11-21,0.744733065,26.300024770555503,0.32664753866826807
2010-11-22,0.764554858,27.0000254438126,0.33534157979485874
2010-11-23,0.770218227,27.2000256210369,0.33782559135733736
2010-11-24,1.008079739,35.6000335588633,0.4421540831219842
2010-11-25,1.059050063,37.4000352598261,0.46451018850012277
2010-11-26,0.852337082,30.100028349705404,0.37384376098702393
2010-11-27,0.835346974,29.5000277827178,0.36639172586097773
2010-11-28,0.775881597,27.400025833575903,0.34030960335842625
2010-11-29,0.764554858,27.0000254438126,0.33534157979485874
2010-11-30,0.736238011,26.0000244870617,0.32292152110524497
2010-12-01,0.707921165,25.0000235656255,0.31050146285424146
2010-12-02,0.74756475,26.400024876825,0.3278895446688125
2010-12-03,0.767386543,27.1000255500821,0.33658358579540315
2010-12-04,0.775881597,27.400025833575903,0.34030960335842625
2010-12-05,0.750396435,26.5000249830945,0.32913155066935695
2010-12-06,0.727742957,25.700024203567903,0.31919550354222187
2010-12-07,0.739069696,26.100024593331202,0.32416352710578944
2010-12-08,0.679604318,24.000022608874602,0.2980814041646277
2010-12-09,0.719247903,25.4000239200741,0.3154694859791987
2010-12-10,0.730574642,25.8000243098374,0.3204375095427663
2010-12-11,0.736238011,26.0000244870617,0.32292152110524497
2010-12-12,0.753228119,26.6000250540493,0.33037355623129117
2010-12-13,0.724911273,25.600024132613104,0.31795349798028766
2010-12-14,0.713584534,25.2000237428498,0.3129854744167201
2010-12-15,0.679604318,24.000022608874602,0.2980814041646277
2010-12-16,0.651287472,23.0000216874384,0.2856613459136242
2010-12-17,0.676772634,23.9000225379198,0.2968393986026935
2010-12-18,0.724911273,25.600024132613104,0.31795349798028766
2010-12-19,0.795703389,28.1000264715183,0.3490036440464067
2010-12-20,0.863663821,30.500028739468704,0.3788117845505915
2010-12-21,0.87499056,30.900029129232,0.383779808114159
2010-12-22,0.784376651,27.7000261170697,0.34403562092144935
2010-12-23,0.807030128,28.5000268612816,0.3539716676099742
2010-12-24,0.736238011,26.0000244870617,0.32292152110524497
2010-12-25,0.764554858,27.0000254438126,0.33534157979485874
2010-12-26,0.773049912,27.3000257273064,0.3390675973578818
2010-12-27,0.744733065,26.300024770555503,0.32664753866826807
2010-12-28,0.753228119,26.6000250540493,0.33037355623129117
2010-12-29,0.690931057,24.4000229986379,0.3030494277281952
2010-12-30,0.70508948,24.900023459356003,0.309259456853697
2010-12-31,0.707921165,25.0000235656255,0.31050146285424146
2011-01-01,0.679604318,24.000022608874602,0.2980814041646277
2011-01-02,0.651287472,23.0000216874384,0.2856613459136242
2011-01-03,0.622970625,22.000020730687503,0.2732412872240104
2011-01-04,0.622970625,22.000020730687503,0.2732412872240104
2011-01-05,0.597485463,21.1000198802061,0.2620632345349411
2011-01-06,0.580495355,20.500019313218502,0.25461119940889493
2011-01-07,0.557841878,19.7000185690066,0.24467515272037005
2011-01-08,0.506871554,17.9000168680438,0.2223190473422314
2011-01-09,0.427584384,15.1000142456448,0.1875428837130893
2011-01-10,0.4983765,17.60001658455,0.21859302977920833
2011-01-11,0.481386392,17.0000160175624,0.2111409946531621
2011-01-12,0.487049761,17.200016194786702,0.2136250062156408
2011-01-13,0.438911122,15.500014600093401,0.1925109068380466
2011-01-14,0.407762591,14.400013572387701,0.17884884258649866
2011-01-15,0.362455636,12.8000120486492,0.15897674877083873
2011-01-16,0.348297213,12.3000115879311,0.15276671964533695
2011-01-17,0.421921014,14.9000140331058,0.18505887171200042
2011-01-18,0.458732915,16.200015273350502,0.20120494796463725
2011-01-19,0.481386392,17.0000160175624,0.2111409946531621
2011-01-20,0.453069545,16.000015060811503,0.1987209359635484
2011-01-21,0.515366608,18.2000171515376,0.22604506490525453
2011-01-22,0.529525031,18.700017612255703,0.2322550940307563
2011-01-23,0.538020085,19.0000178957495,0.23598111159377938
2011-01-24,0.509703239,18.0000169743133,0.2235610533427759
2011-01-25,0.521029977,18.4000173287619,0.22852907646773318
2011-01-26,0.504039869,17.8000167617743,0.221077041341687
2011-01-27,0.467227969,16.500015556844303,0.20493096552766038
2011-01-28,0.458732915,16.200015273350502,0.20120494796463725
2011-01-29,0.433247753,15.3000144228691,0.19002689527556796
2011-01-30,0.416257645,14.700013855881501,0.18257486014952173
2011-01-31,0.402099222,14.2000133951634,0.17636483102402
2011-02-01,0.396435852,14.0000131826244,0.1738808190229311
2011-02-02,0.396435852,14.0000131826244,0.1738808190229311
2011-02-03,0.481386392,17.0000160175624,0.2111409946531621
2011-02-04,0.436079438,15.4000145291386,0.1912689012761124
2011-02-05,0.382277429,13.5000127219063,0.16767078989742937
2011-02-06,0.356792267,12.6000118714249,0.15649273720836004
2011-02-07,0.342633844,12.100011410706802,0.1502827080828583
2011-02-08,0.348297213,12.3000115879311,0.15276671964533695
2011-02-09,0.33413879,11.800011127213,0.1465566905198352
2011-02-10,0.331307105,11.700011020943501,0.14531468451929072
2011-02-11,0.331307105,11.700011020943501,0.14531468451929072
2011-02-12,0.325643736,11.5000108437192,0.1428306729568121
2011-02-13,0.311485313,11.0000103830011,0.1366206438313103
2011-02-14,0.311485313,11.0000103830011,0.1366206438313103
2011-02-15,0.297326889,10.5000098869683,0.13041061426719833
2011-02-16,0.294495205,10.4000098160135,0.12916860870526412
2011-02-17,0.305821943,10.8000101704621,0.13413663183022143
2011-02-18,0.297326889,10.5000098869683,0.13041061426719833
2011-02-19,0.294495205,10.4000098160135,0.12916860870526412
2011-02-20,0.331307105,11.700011020943501,0.14531468451929072
2011-02-21,0.331307105,11.700011020943501,0.14531468451929072
2011-02-22,0.331307105,11.700011020943501,0.14531468451929072
2011-02-23,0.339802159,12.000011304437301,0.14904070208231385
2011-02-24,0.348297213,12.3000115879311,0.15276671964533695
2011-02-25,0.348297213,12.3000115879311,0.15276671964533695
2011-02-26,0.365287321,12.9000121549187,0.16021875477138314
2011-02-27,0.404930906,14.3000134661182,0.1776068365859542
2011-02-28,0.368119006,13.000012261188202,0.16146076077192761
2011-03-01,0.342633844,12.100011410706802,0.1502827080828583
2011-03-02,0.33413879,11.800011127213,0.1465566905198352
2011-03-03,0.356792267,12.6000118714249,0.15649273720836004
2011-03-04,0.387940798,13.7000128991306,0.170154801459908
2011-03-05,0.359623952,12.700011977694402,0.1577347432089045
2011-03-06,0.382277429,13.5000127219063,0.16767078989742937
2011-03-07,0.41342596,14.600013749612,0.18133285414897732
2011-03-08,0.387940798,13.7000128991306,0.170154801459908
2011-03-09,0.385109114,13.6000128281758,0.16891279589797378
2011-03-10,0.365287321,12.9000121549187,0.16021875477138314
2011-03-11,0.382277429,13.5000127219063,0.16767078989742937
2011-03-12,0.37095069,13.100012332143002,0.16270276633386183
2011-03-13,0.362455636,12.8000120486492,0.15897674877083873
2011-03-14,0.348297213,12.3000115879311,0.15276671964533695
2011-03-15,0.345465528,12.200011481661601,0.1515247136447925
2011-03-16,0.356792267,12.6000118714249,0.15649273720836004
2011-03-17,0.37661406,13.300012544682,0.16518677833495068
2011-03-18,0.396435852,14.0000131826244,0.1738808190229311
2011-03-19,0.368119006,13.000012261188202,0.16146076077192761
2011-03-20,0.353960582,12.500011765155401,0.1552507312078156
2011-03-21,0.359623952,12.700011977694402,0.1577347432089045
2011-03-22,0.390772483,13.800013005400102,0.17139680746045244
2011-03-23,0.424752699,15.0000141393753,0.18630087771254486
2011-03-24,0.427584384,15.1000142456448,0.1875428837130893
2011-03-25,0.438911122,15.500014600093401,0.1925109068380466
2011-03-26,0.458732915,16.200015273350502,0.20120494796463725
2011-03-27,0.45590123,16.100015167081,0.1999629419640928
2011-03-28,0.464396284,16.400015450574802,0.20368895952711594
2011-03-29,0.495544815,17.500016478280504,0.21735102377866392
2011-03-30,0.45590123,16.100015167081,0.1999629419640928
2011-03-31,0.509703239,18.0000169743133,0.2235610533427759
2011-04-01,0.529525031,18.700017612255703,0.2322550940307563
2011-04-02,0.515366608,18.2000171515376,0.22604506490525453
2011-04-03,0.532356716,18.8000177185252,0.23349710003130075
2011-04-04,0.538020085,19.0000178957495,0.23598111159377938
2011-04-05,0.470059653,16.600015627799102,0.20617297108959462
2011-04-06,0.470059653,16.600015627799102,0.20617297108959462
2011-04-07,0.470059653,16.600015627799102,0.20617297108959462
2011-04-08,0.489881446,17.3000163010562,0.21486701221618523
2011-04-09,0.552178509,19.5000183917823,0.24219114115789137
2011-04-10,0.574831986,20.3000191359942,0.25212718784641625
2011-04-11,0.605980517,21.4000201636999,0.26578925209796417
2011-04-12,0.62580231,22.100020836957,0.27448329322455484
2011-04-13,0.693762742,24.500023104907402,0.3042914337287397
2011-04-14,0.699426111,24.7000232821317,0.3067754452912183
2011-04-15,0.654119156,23.100021758393204,0.2869033514755584
2011-04-16,0.685267688,24.200022821413604,0.3005654161657166
2011-04-17,0.792871705,28.000026400563502,0.3477616384844725
2011-04-18,0.809861813,28.600026967551102,0.3552136736105187
2011-04-19,0.764554858,27.0000254438126,0.33534157979485874
2011-04-20,0.764554858,27.0000254438126,0.33534157979485874
2011-04-21,0.70508948,24.900023459356003,0.309259456853697
2011-04-22,0.676772634,23.9000225379198,0.2968393986026935
2011-04-23,0.702257795,24.8000233530865,0.3080174508531525
2011-04-24,0.659782526,23.3000219709322,0.28938736347664723
2011-04-25,0.617307256,21.800020553463202,0.2707572756615318
2011-04-26,0.574831986,20.3000191359942,0.25212718784641625
2011-04-27,0.549346824,19.4000182855128,0.24094913515734692
2011-04-28,0.526693347,18.600017541300904,0.2310130884688221
2011-04-29,0.532356716,18.8000177185252,0.23349710003130075
2011-04-30,0.509703239,18.0000169743133,0.2235610533427759
2011-05-01,0.475723023,16.8000158403381,0.20865698309068348
2011-05-02,0.464396284,16.400015450574802,0.20368895952711594
2011-05-03,0.438911122,15.500014600093401,0.1925109068380466
2011-05-04,0.421921014,14.9000140331058,0.18505887171200042
2011-05-05,0.424752699,15.0000141393753,0.18630087771254486
2011-05-06,0.509703239,18.0000169743133,0.2235610533427759
2011-05-07,0.682436003,24.1000227151441,0.2993234101651721
2011-05-08,0.829683605,29.300027605493504,0.3639077142984991
2011-05-09,1.254436304,44.3000417448688,0.5502085920110439
2011-05-10,1.36770369,48.300045501243,0.5998888258922784
2011-05-11,1.294079889,45.7000430560683,0.5675966738256151
2011-05-12,1.546099824,54.6000514546128,0.6781351947157636
2011-05-13,2.072793171,73.2000689959137,0.9091482831845856
2011-05-14,2.74107075,96.800091215025,1.2022616637856458
2011-05-15,3.171486818,112.00010553162461,1.3910465530606695
2011-05-16,3.90772483,138.000130054001,1.7139680746045245
2011-05-17,3.482972131,123.00011591462571,1.5276671968919795
2011-05-18,3.171486818,112.00010553162461,1.3910465530606695
2011-05-19,3.086536279,109.00010273200131,1.3537863778690487
2011-05-20,2.944952046,104.0000980188762,1.2916860852982002
2011-05-21,2.916635199,103.0000970621253,1.2792660266085865
2011-05-22,3.114853125,110.00010365343749,1.366206436120052
2011-05-23,3.851091137,136.0001281758139,1.6891279576639073
2011-05-24,4.304160682,152.0001432366254,1.8878488936274556
2011-05-25,4.445744915,157.0001479497505,1.9499491861983036
2011-05-26,5.266933466,186.0001752717502,2.31013088293378
2011-05-27,4.417428068,156.00014699299962,1.9375291275086903
2011-05-28,3.851091137,136.0001281758139,1.6891279576639073
2011-05-29,3.511288977,124.0001168360619,1.5400872551429832
2011-05-30,3.284754205,116.00010932331351,1.440726787380514
2011-05-31,3.114853125,110.00010365343749,1.366206436120052
2011-06-01,3.426338438,121.00011403643862,1.5028270799513626
2011-06-02,4.304160682,152.0001432366254,1.8878488936274556
2011-06-03,4.587329148,162.00015266287562,2.012049478769152
2011-06-04,5.06871554,179.000168680438,2.2231904734223145
2011-06-05,7.617231733,269.0002534813751,3.340995739258973
2011-06-06,11.75149134,415.000391224698,5.154324283819017
2011-06-07,13.56376952,479.000451467944,5.949208027673211
2011-06-08,11.35505548,401.00037775955605,4.980443461287206
2011-06-09,11.49663972,406.000382719884,5.042543756928325
2011-06-10,10.19406477,360.00033913311904,4.471221062469415
2011-06-11,10.56218378,373.00035153556604,4.6326818249957835
2011-06-12,12.0346598,425.00040043906,5.278524866329053
2011-06-13,12.09129349,427.000402211303,5.30336498195384
2011-06-14,13.62040321,481.00045324018697,5.974048143297997
2011-06-15,17.49981119,618.000582231493,7.675596157897078
2011-06-16,19.87842631,702.000661609757,8.718881075543546
2011-06-17,17.24495957,609.000573726679,7.563815631006384
2011-06-18,14.63980969,517.000487259443,6.42117025086077
2011-06-19,14.61149284,516.000486196748,6.408750190855326
2011-06-20,14.41327492,509.000479817324,6.321809783975521
2011-06-21,15.60258247,551.000519153309,6.843452238412653
2011-06-22,22.79506151,805.0007587071971,9.998147102590742
2011-06-23,31.14853125,1100.001036534375,13.662064361200521
2011-06-24,35.39605824,1250.001177928128,15.525073138325972
2011-06-25,35.96239517,1270.001196709999,15.773474307732142
2011-06-26,36.24556364,1280.0012062775081,15.89767489462828
2011-06-27,32.56437358,1150.001083665626,14.283067286909006
2011-06-28,35.67922671,1260.0011874956372,15.649273725222107
2011-06-29,43.32477529,1530.001441933763,19.00268952317069
2011-06-30,47.00596534,1660.001564192498,20.61729712650387
2011-07-01,51.81982926,1830.001724368122,22.72870707303549
2011-07-02,46.72279688,1650.001554978136,20.49309654399383
2011-07-03,50.6871554,1790.0016868043801,22.231904734223146
2011-07-04,54.36834546,1920.0018094162622,23.84651234194242
2011-07-05,43.89111222,1550.001460715634,19.251090692576863
2011-07-06,42.75843835,1510.0014227987451,18.75428834937842
2011-07-07,43.60794375,1540.001451148125,19.126890105680726
2011-07-08,41.90893296,1480.001394802512,18.38168659746221
2011-07-09,41.90893296,1480.001394802512,18.38168659746221
2011-07-10,37.94457443,1340.0012626231212,16.6428784028468
2011-07-11,41.05942756,1450.0013664531323,18.009084841159904
2011-07-12,40.77625909,1440.0013568856232,17.884884254263767
2011-07-13,36.24556364,1280.0012062775081,15.89767489462828
2011-07-14,35.96239517,1270.001196709999,15.773474307732142
2011-07-15,35.39605824,1250.001177928128,15.525073138325972
2011-07-16,32.28120511,1140.0010740981172,14.158866700012867
2011-07-17,30.58219432,1080.0010177525041,13.413663191794349
2011-07-18,32.84754205,1160.0010932331352,14.407267873805141
2011-07-19,30.58219432,1080.0010177525041,13.413663191794349
2011-07-20,29.16635199,1030.000970621253,12.792660266085864
2011-07-21,25.14535977,888.000836669619,11.029011955845665
2011-07-22,22.03050665,778.000733192755,9.662805521918663
2011-07-23,20.18991162,713.0006718868141,8.855501718059026
2011-07-24,18.60416821,657.000619085687,8.159978441090082
2011-07-25,17.0184248,601.00056628456,7.464455164121135
2011-07-26,16.73525634,591.000557070198,7.340254581611101
2011-07-27,16.87684057,596.000561677379,7.402354872866119
2011-07-28,15.34773085,542.000510648495,6.731671711521961
2011-07-29,13.7336706,485.00045713782004,6.023728378933673
2011-07-30,12.62931358,446.000420283626,5.539346095740671
2011-07-31,11.77980818,416.000391934246,5.16674433943836
2011-08-01,12.11961034,428.000403273998,5.315785041959284
2011-08-02,16.25386994,574.000540770118,7.129113583449058
2011-08-03,14.5265423,513.00048336181,6.371490015225095
2011-08-04,11.69485764,413.00038909930805,5.129484163808129
2011-08-05,10.53386693,372.00035047287105,4.620261764990339
2011-08-06,10.10911423,357.000336298181,4.433960886839184
2011-08-07,9.401193069,332.0003128738143,4.123459425739384
2011-08-08,8.183568665,289.0002723338755,3.5893969095423657
2011-08-09,7.334063267,259.00024405512494,3.2167951541172766
2011-08-10,6.824360029,241.00022711612633,2.993234101213111
2011-08-11,6.48455787,229.000215811689,2.844193399130797
2011-08-12,6.14475571,217.00020447193702,2.695152696609873
2011-08-13,5.776636705,204.0001922460635,2.5336919362765555
2011-08-14,5.465151392,193.0001818630624,2.3970712924452457
2011-08-15,5.266933466,186.0001752717502,2.31013088293378
2011-08-16,5.06871554,179.000168680438,2.2231904734223145
2011-08-17,4.927131307,174.00016396731291,2.161090180851466
2011-08-18,4.643962841,164.0001545410627,2.0368895957097695
2011-08-19,4.360794375,154.0001451148125,1.912689010568073
2011-08-20,4.190893296,148.0001394802512,1.8381686597462208
2011-08-21,4.077625909,144.0001356885623,1.7884884254263762
2011-08-22,4.020992216,142.0001338103752,1.7636483084857588
2011-08-23,3.992675369,141.0001328536243,1.7512282497961453
2011-08-24,3.90772483,138.000130054001,1.7139680746045245
2011-08-25,3.851091137,136.0001281758139,1.6891279576639073
2011-08-26,3.766140597,133.0001253408759,1.6518677820336762
2011-08-27,3.709506904,131.0001234626888,1.6270276650930589
2011-08-28,3.65287321,129.000121549187,1.6021875477138314
2011-08-29,3.681190057,130.0001225059379,1.6146076064034451
2011-08-30,3.624556364,128.00012062775082,1.589767489462828
2011-08-31,3.624556364,128.00012062775082,1.589767489462828
2011-09-01,3.539605824,125.00011779281282,1.5525073138325969
2011-09-02,3.398021591,120.00011307968771,1.4904070212617488
2011-09-03,3.256437358,115.0001083665626,1.4283067286909004
2011-09-04,3.114853125,110.00010365343749,1.366206436120052
2011-09-05,2.973268892,105.00009894031241,1.3041061435492038
2011-09-06,2.797704443,98.80009309321211,1.2271017807262632
2011-09-07,2.658951895,93.90008848635651,1.1662434941559592
2011-09-08,2.554179563,90.2000850134761,1.1202892778377478
2011-09-09,2.520199347,89.0000838795009,1.1053852075856556
2011-09-10,2.429585438,85.80008086733861,1.0656410203929458
2011-09-11,2.341803213,82.7000779261311,1.0271388387621703
2011-09-12,2.259684358,79.8000751974626,0.9911206691324836
2011-09-13,2.174733818,76.8000723625246,0.9538604935022527
2011-09-14,2.041644639,72.1000679328933,0.8954862184944274
2011-09-15,1.982179261,70.0000659484367,0.8694040955532657
2011-09-16,1.888733668,66.70006286531961,0.8284179027986218
2011-09-17,1.854753452,65.5000617313444,0.8135138325465294
2011-09-18,1.766971227,62.4000587901369,0.7750116509157541
2011-09-19,1.699010796,60.0000565575012,0.7452035108501794
2011-09-20,1.62255531,57.300054006057,0.7116693527829716
2011-09-21,1.551763193,54.8000516318371,0.6806192062782422
2011-09-22,1.509287923,53.300050214368106,0.6619891184631268
2011-09-23,1.438495807,50.8000478754629,0.6309389723970078
2011-09-24,1.359208636,48.000045217749204,0.5961628083292554
2011-09-25,1.299743259,45.900043268607305,0.5700806858267039
2011-09-26,1.243109565,43.9000413551055,0.5452405684474764
2011-09-27,1.200634296,42.400039972951205,0.5266104810709711
2011-09-28,1.11851544,39.500037208968,0.49059231100267425
2011-09-29,1.056218378,37.30003515355661,0.46326818249957835
2011-09-30,1.002416369,35.40003334632431,0.4396700711208954
2011-10-01,0.965604469,34.1000321413943,0.4235239953068687
2011-10-02,0.962772784,34.0000320351248,0.4222819893063242
2011-10-03,0.925960884,32.7000308301948,0.4061359134922976
2011-10-04,0.877822244,31.000029200186802,0.3850218136760932
2011-10-05,0.925960884,32.7000308301948,0.4061359134922976
2011-10-06,1.08170354,38.200036004038,0.47444623518864765
2011-10-07,1.132673864,40.0000377050008,0.4968023405667863
2011-10-08,1.121347125,39.6000373152375,0.4918343170032187
2011-10-09,1.152495656,40.7000383429432,0.5054963812547667
2011-10-10,1.189307557,42.000039583187906,0.5216424575074036
2011-10-11,1.279921466,45.200042595350205,0.5613866447001132
2011-10-12,1.37336706,48.50004571378201,0.6023728378933674
2011-10-13,1.396020537,49.30004645799391,0.6123088845818923
2011-10-14,1.404515591,49.6000467414877,0.6160349021449153
2011-10-15,1.435664122,50.700047769193404,0.6296969663964633
2011-10-16,1.492297815,52.7000496473805,0.6545370833370805
2011-10-17,1.783961335,63.000059357124506,0.7824636860418003
2011-10-18,1.730159327,61.100057585206905,0.7588655751017275
2011-10-19,1.696179111,59.900056451231706,0.743961504849635
2011-10-20,1.687684057,59.600056167737904,0.7402354872866119
2011-10-21,1.696179111,59.900056451231706,0.743961504849635
2011-10-22,1.741486065,61.5000579396555,0.7638335982266847
2011-10-23,1.713169219,60.50005701821931,0.7514135399756813
2011-10-24,1.684852372,59.5000560614684,0.7389934812860673
2011-10-25,1.642377102,58.000054643999405,0.7203633934709519
2011-10-26,1.574416671,55.600052411363706,0.6905552534053773
2011-10-27,1.469644338,51.9000489031686,0.6446010366485556
2011-10-28,1.401683906,49.5000466352182,0.6147928961443708
2011-10-29,1.36770369,48.300045501243,0.5998888258922784
2011-10-30,1.311069997,46.3000436230559,0.5750487089516612
2011-10-31,1.311069997,46.3000436230559,0.5750487089516612
2011-11-01,1.271426412,44.9000423118564,0.5576606271370902
2011-11-02,1.16099071,41.000038626437004,0.5092223988177899
2011-11-03,1.144000602,40.4000380594494,0.5017703636917435
2011-11-04,1.121347125,39.6000373152375,0.4918343170032187
2011-11-05,1.129842179,39.9000375987313,0.4955603345662418
2011-11-06,1.070376801,37.800035614274705,0.4694782116250802
2011-11-07,1.033564901,36.50003440934471,0.4533321358110535
2011-11-08,0.976931207,34.5000324958429,0.42849201843182605
2011-11-09,0.942950992,33.3000313971824,0.41358794861834386
2011-11-10,0.894812352,31.6000297671744,0.3924738488021394
2011-11-11,0.849505398,30.0000282787506,0.3726017554250897
2011-11-12,0.835346974,29.5000277827178,0.36639172586097773
2011-11-13,0.872158875,30.8000290229625,0.38253780211361454
2011-11-14,0.897644037,31.7000298734439,0.3937158548026839
2011-11-15,0.908970776,32.1000302632072,0.3986838783662514
2011-11-16,0.923129199,32.6000307239253,0.40489390749175325
2011-11-17,0.934455938,33.00003111368861,0.40986193105532076
2011-11-18,0.996753,35.2000331691,0.43718605955841666
2011-11-19,1.042059955,36.8000346928385,0.4570581533740766
2011-11-20,1.019406477,36.0000339133119,0.44712210624694154
2011-11-21,1.093030278,38.600036358486605,0.47941425831360507
2011-11-22,1.087366909,38.4000361812623,0.47693024675112633
2011-11-23,1.061881747,37.5000353307809,0.46575219406205703
2011-11-24,1.036396585,36.600034480299506,0.45457414137298774
2011-11-25,1.050555009,37.1000349763323,0.4607841709370997
2011-11-26,1.07604017,38.000035791499,0.47196222318755876
2011-11-27,1.07604017,38.000035791499,0.47196222318755876
2011-11-28,1.084535224,38.300036074992796,0.47568824075058186
2011-11-29,1.03922827,36.700034586569004,0.45581614737353215
2011-11-30,1.008079739,35.6000335588633,0.4421540831219842
2011-12-01,1.008079739,35.6000335588633,0.4421540831219842
2011-12-02,0.962772784,34.0000320351248,0.4222819893063242
2011-12-03,0.923129199,32.6000307239253,0.40489390749175325
2011-12-04,0.866495506,30.6000288457382,0.3800537905511359
2011-12-05,0.795703389,28.1000264715183,0.3490036440464067
2011-12-06,0.843842028,29.8000280662116,0.37011774342400083
2011-12-07,0.82685192,29.200027499224,0.36266570829795464
2011-12-08,0.792871705,28.000026400563502,0.3477616384844725
2011-12-09,0.756059804,26.7000251603188,0.3316155622318356
2011-12-10,0.744733065,26.300024770555503,0.32664753866826807
2011-12-11,0.74756475,26.400024876825,0.3278895446688125
2011-12-12,0.724911273,25.600024132613104,0.31795349798028766
2011-12-13,0.707921165,25.0000235656255,0.31050146285424146
2011-12-14,0.682436003,24.1000227151441,0.2993234101651721
2011-12-15,0.62013894,21.900020624418,0.27199928122346595
2011-12-16,0.580495355,20.500019313218502,0.25461119940889493
2011-12-17,0.563505247,19.900018746230902,0.2471591642828487
2011-12-18,0.549346824,19.4000182855128,0.24094913515734692
2011-12-19,0.532356716,18.8000177185252,0.23349710003130075
2011-12-20,0.504039869,17.8000167617743,0.221077041341687
2011-12-21,0.492713131,17.4000164073257,0.2161090182167297
2011-12-22,0.467227969,16.500015556844303,0.20493096552766038
2011-12-23,0.450237861,15.900014989856702,0.19747893040161418
2011-12-24,0.453069545,16.000015060811503,0.1987209359635484
2011-12-25,0.427584384,15.1000142456448,0.1875428837130893
2011-12-26,0.410594276,14.5000136786572,0.1800908485870431
2011-12-27,0.385109114,13.6000128281758,0.16891279589797378
2011-12-28,0.365287321,12.9000121549187,0.16021875477138314
2011-12-29,0.404930906,14.3000134661182,0.1776068365859542
2011-12-30,0.450237861,15.900014989856702,0.19747893040161418
2011-12-31,0.478554707,16.9000159112929,0.2098989886526177
2012-01-01,0.481386392,17.0000160175624,0.2111409946531621
2012-01-02,0.523861662,18.5000174350314,0.2297710824682776
2012-01-03,0.512534923,18.100017045268103,0.2248030589047101
2012-01-04,0.484218077,17.100016123831903,0.2123830006537066
2012-01-05,0.461564599,16.3000153443053,0.2024469535265715
2012-01-06,0.458732915,16.200015273350502,0.20120494796463725
2012-01-07,0.447406176,15.8000148835872,0.1962369244010697
2012-01-08,0.453069545,16.000015060811503,0.1987209359635484
2012-01-09,0.458732915,16.200015273350502,0.20120494796463725
2012-01-10,0.41908933,14.800013962151,0.18381686615006618
2012-01-11,0.379445744,13.4000126156368,0.1664287838968849
2012-01-12,0.453069545,16.000015060811503,0.1987209359635484
2012-01-13,0.447406176,15.8000148835872,0.1962369244010697
2012-01-14,0.436079438,15.4000145291386,0.1912689012761124
2012-01-15,0.41908933,14.800013962151,0.18381686615006618
2012-01-16,0.416257645,14.700013855881501,0.18257486014952173
2012-01-17,0.467227969,16.500015556844303,0.20493096552766038
2012-01-18,0.504039869,17.8000167617743,0.221077041341687
2012-01-19,0.631465679,22.3000210141813,0.27696730478703346
2012-01-20,0.671109264,23.700022325380804,0.2943553866016046
2012-01-21,0.665445895,23.5000221481565,0.2918713750391259
2012-01-22,0.722079588,25.500024026343603,0.31671149197974324
2012-01-23,0.733406327,25.900024416106902,0.3216795155433107
2012-01-24,0.812693497,28.700027038505905,0.35645567917245286
2012-01-25,0.942950992,33.3000313971824,0.41358794861834386
2012-01-26,0.991089631,35.000032991875706,0.43470204799593803
2012-01-27,0.971267838,34.300032318618605,0.42600800686934737
2012-01-28,0.962772784,34.0000320351248,0.4222819893063242
2012-01-29,0.968436153,34.2000322123491,0.4247660008688029
2012-01-30,0.957109415,33.8000318579005,0.4197979777438456
2012-01-31,0.914634145,32.3000304404315,0.40116788992873004
2012-02-01,0.863663821,30.500028739468704,0.3788117845505915
2012-02-02,0.809861813,28.600026967551102,0.3552136736105187
2012-02-03,0.758891489,26.800025266588303,0.33285756823238005
2012-02-04,0.739069696,26.100024593331202,0.32416352710578944
2012-02-05,0.736238011,26.0000244870617,0.32292152110524497
2012-02-06,0.730574642,25.8000243098374,0.3204375095427663
2012-02-07,0.719247903,25.4000239200741,0.3154694859791987
2012-02-08,0.722079588,25.500024026343603,0.31671149197974324
2012-02-09,0.70508948,24.900023459356003,0.309259456853697
2012-02-10,0.665445895,23.5000221481565,0.2918713750391259
2012-02-11,0.552178509,19.5000183917823,0.24219114115789137
2012-02-12,0.472891338,16.7000157340686,0.207414977090139
2012-02-13,0.441742807,15.600014706362902,0.19375291283859108
2012-02-14,0.467227969,16.500015556844303,0.20493096552766038
2012-02-15,0.444574491,15.700014777317701,0.19499491840052527
2012-02-16,0.424752699,15.0000141393753,0.18630087771254486
2012-02-17,0.385109114,13.6000128281758,0.16891279589797378
2012-02-18,0.410594276,14.5000136786572,0.1800908485870431
2012-02-19,0.339802159,12.000011304437301,0.14904070208231385
2012-02-20,0.430416068,15.200014316599601,0.18878488927502352
2012-02-21,0.319980366,11.300010631180202,0.1403466609557232
2012-02-22,0.472891338,16.7000157340686,0.207414977090139
2012-02-23,0.639960733,22.600021297675102,0.2806933223500566
2012-02-24,0.637129048,22.5000211914056,0.2794513163495122
2012-02-25,0.628633994,22.2000209079118,0.27572529878648905
2012-02-26,0.654119156,23.100021758393204,0.2869033514755584
2012-02-27,0.651287472,23.0000216874384,0.2856613459136242
2012-02-28,0.651287472,23.0000216874384,0.2856613459136242
2012-02-29,0.648455787,22.9000215811689,0.2844193399130797
2012-03-01,0.659782526,23.3000219709322,0.28938736347664723
2012-03-02,0.651287472,23.0000216874384,0.2856613459136242
2012-03-03,0.631465679,22.3000210141813,0.27696730478703346
2012-03-04,0.574831986,20.3000191359942,0.25212718784641625
2012-03-05,0.538020085,19.0000178957495,0.23598111159377938
2012-03-06,0.506871554,17.9000168680438,0.2223190473422314
2012-03-07,0.504039869,17.8000167617743,0.221077041341687
2012-03-08,0.509703239,18.0000169743133,0.2235610533427759
2012-03-09,0.512534923,18.100017045268103,0.2248030589047101
2012-03-10,0.509703239,18.0000169743133,0.2235610533427759
2012-03-11,0.427584384,15.1000142456448,0.1875428837130893
2012-03-12,0.365287321,12.9000121549187,0.16021875477138314
2012-03-13,0.351128898,12.400011694200602,0.1540087256458814
2012-03-14,0.336970474,11.900011198167801,0.1477986960817694
2012-03-15,0.311485313,11.0000103830011,0.1366206438313103
2012-03-16,0.302990259,10.7000100995073,0.1328946262682872
2012-03-17,0.29166352,10.300009709744002,0.1279266027047197
2012-03-18,0.283168466,10.0000094262502,0.12420058514169657
2012-03-19,0.385109114,13.6000128281758,0.16891279589797378
2012-03-20,0.396435852,14.0000131826244,0.1738808190229311
2012-03-21,0.353960582,12.500011765155401,0.1552507312078156
2012-03-22,0.351128898,12.400011694200602,0.1540087256458814
2012-03-23,0.396435852,14.0000131826244,0.1738808190229311
2012-03-24,0.727742957,25.700024203567903,0.31919550354222187
2012-03-25,0.741901381,26.200024699600704,0.32540553310633386
2012-03-26,0.716416219,25.3000238491193,0.3142274804172645
2012-03-27,0.688099372,24.300022892368403,0.3018074217276508
2012-03-28,0.665445895,23.5000221481565,0.2918713750391259
2012-03-29,0.671109264,23.700022325380804,0.2943553866016046
2012-03-30,0.66827758,23.600022254426,0.2931133810396704
2012-03-31,0.849505398,30.0000282787506,0.3726017554250897
2012-04-01,0.974099523,34.4000324248881,0.42725001286989184
2012-04-02,0.920297514,32.5000306176558,0.4036519014912088
2012-04-03,0.931624253,32.9000310074191,0.4086199250547763
2012-04-04,1.073208486,37.9000357205442,0.47072021762562455
2012-04-05,1.211961034,42.8000403273998,0.5315785041959283
2012-04-06,1.112852071,39.300037031743706,0.4881082994401957
2012-04-07,1.093030278,38.600036358486605,0.47941425831360507
2012-04-08,0.991089631,35.000032991875706,0.43470204799593803
2012-04-09,1.070376801,37.800035614274705,0.4694782116250802
2012-04-10,1.376198744,48.60004578473681,0.6036148434553016
2012-04-11,1.803783128,63.70006003038161,0.791157727168391
2012-04-12,2.245525935,79.3000747367445,0.9849106400069818
2012-04-13,2.089783278,73.8000695275866,0.9166003178720218
2012-04-14,1.993506,70.4000663382,0.8743721191168333
2012-04-15,1.86608019,65.900062085793,0.8184818556714867
2012-04-16,1.749981119,61.80005822314931,0.7675596157897079
2012-04-17,1.670693949,59.0000556007503,0.7327834521605657
2012-04-18,1.61689194,57.100053793518,0.7091853407818827
2012-04-19,1.53760477,54.300051171119,0.6744091771527404
2012-04-20,1.500792869,53.000049930874304,0.6582631009001036
2012-04-21,1.679189003,59.3000558842441,0.7365094697235888
2012-04-22,2.307822997,81.50007679215591,1.0122347685100779
2012-04-23,3.341387898,118.0001112015006,1.4655669043211315
2012-04-24,5.06871554,179.000168680438,2.2231904734223145
2012-04-25,6.909310568,244.00022991574963,3.030494276404732
2012-04-26,7.900400199,279.0002629076253,3.4651963244006696
2012-04-27,9.372876222,331.0003119170634,4.11103936704977
2012-04-28,7.390696961,261.0002459686267,3.2416352714965044
2012-04-29,5.889904091,208.00019600243772,2.5833721701577903
2012-04-30,4.983765,176.00016584550002,2.1859302977920834
2012-05-01,4.587329148,162.00015266287562,2.012049478769152
2012-05-02,4.134259602,146.0001375667494,1.8133285423669936
2012-05-03,3.90772483,138.000130054001,1.7139680746045245
2012-05-04,3.851091137,136.0001281758139,1.6891279576639073
2012-05-05,3.681190057,130.0001225059379,1.6146076064034451
2012-05-06,3.398021591,120.00011307968771,1.4904070212617488
2012-05-07,3.228120511,114.00010740981172,1.4158866700012869
2012-05-08,3.284754205,116.00010932331351,1.440726787380514
2012-05-09,3.936041676,139.0001309754372,1.726388132855528
2012-05-10,5.635052472,199.0001875329384,2.4715916437057075
2012-05-11,6.258023097,221.0002082636259,2.7448329309297175
2012-05-12,6.654458949,235.00022144625032,2.918713749952649
2012-05-13,6.937627415,245.0002308725005,3.0429143350943457
2012-05-14,8.89148983,314.000295899501,3.899898372396607
2012-05-15,12.20456088,431.00040610893603,5.353045217589515
2012-05-16,15.82911724,559.000526595428,6.942812705297903
2012-05-17,20.18991162,713.0006718868141,8.855501718059026
2012-05-18,22.0021898,777.0007321300601,9.65038546191322
2012-05-19,18.91565352,668.000629362744,8.29659908360556
2012-05-20,15.48931509,547.000515608823,6.7937720071630805
2012-05-21,15.88575094,561.000528720818,6.96765282530879
2012-05-22,22.37030881,790.000744532507,9.811846224439588
2012-05-23,21.60575395,763.0007190180651,9.476504643767509
2012-05-24,16.5936721,586.00055210987,7.278154285969981
2012-05-25,13.25228421,468.000441190887,5.812587385157731
2012-05-26,11.55327341,408.000384492127,5.067383872553111
2012-05-27,11.21347125,396.000373152375,4.918343170032188
2012-05-28,10.33564901,365.000344093447,4.533321358110534
2012-05-29,9.174658296,324.00030532575124,4.024098957538304
2012-05-30,8.72158875,308.000290229625,3.825378021136146
2012-05-31,10.25069847,362.000341258509,4.496061182480304
2012-06-01,16.82020688,594.000559905136,7.377514757241333
2012-06-02,28.31684659,1000.0009422718731,12.420058509783555
2012-06-03,37.3782375,1320.00124384125,16.394477233440625
2012-06-04,44.45744915,1570.0014794975052,19.499491861983042
2012-06-05,48.13863921,1700.001602109387,21.114099469702314
2012-06-06,48.9881446,1730.00163010562,21.486701221618524
2012-06-07,36.5287321,1290.00121549187,16.021875477138316
2012-06-08,33.69704744,1190.001121229368,14.779869625721348
2012-06-09,31.71486818,1120.001055316246,13.910465530606693
2012-06-10,21.97387296,776.0007314205121,9.637965406293878
2012-06-11,15.63089932,552.000520216004,6.855872298418098
2012-06-12,14.58317599,515.0004851340531,6.396330130849882
2012-06-13,17.64139543,623.000587191821,7.737696453538198
2012-06-14,25.31526085,894.0008423394951,11.103532307106127
2012-06-15,27.63724227,976.0009195923691,12.121977104741708
2012-06-16,24.32417122,859.0008093829341,10.6688302595488
2012-06-17,26.6178358,940.0008859262601,11.674855001565039
2012-06-18,29.73268892,1050.000989403124,13.041061435492038
2012-06-19,28.09031182,992.0009348297541,12.320698042898307
2012-06-20,22.99327943,812.0007650866211,10.085087509470547
2012-06-21,20.18991162,713.0006718868141,8.855501718059026
2012-06-22,21.06773386,744.0007009457421,9.240523529980678
2012-06-23,23.53129952,831.000783158944,10.321068623257379
2012-06-24,23.87110168,843.000794498696,10.470109325778301
2012-06-25,23.78615114,840.000791663758,10.432849150148071
2012-06-26,21.91723926,774.000729295122,9.613125286282989
2012-06-27,19.70852523,696.000655939881,8.644360724283084
2012-06-28,16.76357318,592.0005577797461,7.352674637230444
2012-06-29,14.78139392,522.000491866624,6.483270542115788
2012-06-30,14.32832438,506.00047698238603,6.28454960834529
2012-07-01,14.1584233,500.00047131251006,6.2100292570848294
2012-07-02,13.33723474,471.000443672678,5.849847556401861
2012-07-03,12.4594125,440.00041461374997,5.464825744480208
2012-07-04,12.31782827,435.00041000656904,5.402725453225191
2012-07-05,12.31782827,435.00041000656904,5.402725453225191
2012-07-06,11.46832287,405.000381657189,5.03012369692288
2012-07-07,10.78871855,381.00035897768504,4.732042291881032
2012-07-08,10.61881747,375.000353307809,4.65752194062057
2012-07-09,10.27901531,363.000341968057,4.508481238099646
2012-07-10,9.457826762,334.00031475200143,4.148299542680001
2012-07-11,8.919806676,315.00029682093725,3.9123184306476118
2012-07-12,8.523370824,301.00028363831285,3.7384376116246805
2012-07-13,8.013667586,283.00026669931424,3.514876558720515
2012-07-14,7.73049912,273.000257273064,3.3906759735788183
2012-07-15,8.948123523,316.0002977776881,3.924738489337225
2012-07-16,11.27010494,398.00037492461803,4.943183285656974
2012-07-17,10.50555009,371.000349763323,4.607841709370997
2012-07-18,9.146341449,323.0003043690003,4.0116788988486904
2012-07-19,7.985350739,282.00026574256333,3.502456500030901
2012-07-20,7.050894801,249.00023462887472,3.0925945689755805
2012-07-21,6.512874716,230.0002167331252,2.8566134573818007
2012-07-22,6.342973637,224.0002110985639,2.7820931065599486
2012-07-23,6.116438864,216.0002035505008,2.68273263835887
2012-07-24,5.804953551,205.0001931674997,2.5461119945275588
2012-07-25,5.578418779,197.0001856547513,2.44675152676509
2012-07-26,5.210299773,184.0001733935631,2.2852907659931625
2012-07-27,4.89881446,173.000163010562,2.1486701221618523
2012-07-28,4.615645994,163.00015358431182,2.0244695370201558
2012-07-29,4.332477529,153.00014419337631,1.9002689523170695
2012-07-30,4.105942756,145.0001366453132,1.8009084841159904
2012-07-31,3.851091137,136.0001281758139,1.6891279576639073
2012-08-01,3.65287321,129.000121549187,1.6021875477138314
2012-08-02,3.539605824,125.00011779281282,1.5525073138325969
2012-08-03,3.341387898,118.0001112015006,1.4655669043211315
2012-08-04,3.199803665,113.00010648837551,1.4034666117502832
2012-08-05,3.058219432,108.0001017752504,1.341366319179435
2012-08-06,2.944952046,104.0000980188762,1.2916860852982002
2012-08-07,2.811862867,99.3000935892449,1.233311810290375
2012-08-08,2.721248957,96.1000905417679,1.193567622659055
2012-08-09,2.667446949,94.2000887698503,1.1699695117189823
2012-08-10,2.585328094,91.3000860411818,1.1339513420892957
2012-08-11,2.506040923,88.50008338346811,1.0991751780215435
2012-08-12,2.389941852,84.4000795208244,1.0482529381397645
2012-08-13,2.302159628,81.30007661493161,1.0097507569475992
2012-08-14,2.217209088,78.30007377999361,0.9724905813173682
2012-08-15,2.129426864,75.2000708741008,0.933988400125203
2012-08-16,2.052971378,72.5000683226566,0.9004542420579952
2012-08-17,1.939703992,68.5000645662824,0.8507740081767605
2012-08-18,1.843426713,65.1000613415811,0.8085458089829619
2012-08-19,1.752812804,61.900058329418805,0.7688016217902522
2012-08-20,1.66503058,58.800055423526004,0.7302994405980869
2012-08-21,1.58008004,55.800052588588,0.6930392649678561
2012-08-22,1.461149284,51.6000486196748,0.6408750190855326
2012-08-23,1.384693798,48.9000460682306,0.6073408610183247
2012-08-24,1.311069997,46.3000436230559,0.5750487089516612
2012-08-25,1.248772935,44.1000415676445,0.5477245804485653
2012-08-26,1.206297665,42.6000401501755,0.5290944926334498
2012-08-27,1.144000602,40.4000380594494,0.5017703636917435
2012-08-28,1.121347125,39.6000373152375,0.4918343170032187
2012-08-29,1.104357017,39.000036748249904,0.4843822818771726
2012-08-30,1.084535224,38.300036074992796,0.47568824075058186
2012-08-31,1.064713432,37.6000354370504,0.4669942000626015
2012-09-01,1.044891639,36.9000347637933,0.4583001589360109
2012-09-02,0.993921315,35.100033062830505,0.4359440535578722
2012-09-03,0.971267838,34.300032318618605,0.42600800686934737
2012-09-04,0.91746583,32.400030546701004,0.4024098959292745
2012-09-05,0.894812352,31.6000297671744,0.3924738488021394
2012-09-06,0.900475722,31.800029979713404,0.39495786080322837
2012-09-07,0.91180246,32.200030334162,0.3999258839281856
2012-09-08,0.894812352,31.6000297671744,0.3924738488021394
2012-09-09,0.889148983,31.4000295899501,0.3899898372396608
2012-09-10,0.866495506,30.6000288457382,0.3800537905511359
2012-09-11,0.86932719,30.700028916693004,0.3812957961130702
2012-09-12,0.866495506,30.6000288457382,0.3800537905511359
2012-09-13,0.855168767,30.200028455974902,0.37508576698756835
2012-09-14,0.835346974,29.5000277827178,0.36639172586097773
2012-09-15,0.812693497,28.700027038505905,0.35645567917245286
2012-09-16,0.775881597,27.400025833575903,0.34030960335842625
2012-09-17,0.744733065,26.300024770555503,0.32664753866826807
2012-09-18,0.710752849,25.100023636580303,0.3117434684161757
2012-09-19,0.673940949,23.8000224316503,0.29559739260214907
2012-09-20,0.628633994,22.2000209079118,0.27572529878648905
2012-09-21,0.58332704,20.600019419488003,0.2558532054094394
2012-09-22,0.546515139,19.300018179243303,0.23970712915680253
2012-09-23,0.501208185,17.7000166908195,0.21983503577975277
2012-09-24,0.467227969,16.500015556844303,0.20493096552766038
2012-09-25,0.45590123,16.100015167081,0.1999629419640928
2012-09-26,0.430416068,15.200014316599601,0.18878488927502352
2012-09-27,0.438911122,15.500014600093401,0.1925109068380466
2012-09-28,0.41908933,14.800013962151,0.18381686615006618
2012-09-29,0.436079438,15.4000145291386,0.1912689012761124
2012-09-30,0.436079438,15.4000145291386,0.1912689012761124
2012-10-01,0.458732915,16.200015273350502,0.20120494796463725
2012-10-02,0.487049761,17.200016194786702,0.2136250062156408
2012-10-03,0.509703239,18.0000169743133,0.2235610533427759
2012-10-04,0.526693347,18.600017541300904,0.2310130884688221
2012-10-05,0.557841878,19.7000185690066,0.24467515272037005
2012-10-06,0.557841878,19.7000185690066,0.24467515272037005
2012-10-07,0.57766367,20.400019206949,0.25336919340835046
2012-10-08,0.586158724,20.700019490442802,0.25709521097137356
2012-10-09,0.569168616,20.100018923455202,0.24964317584532736
2012-10-10,0.543683455,19.200018108288504,0.2384651235948683
2012-10-11,0.518198293,18.3000172578071,0.22728707090579897
2012-10-12,0.487049761,17.200016194786702,0.2136250062156408
2012-10-13,0.450237861,15.900014989856702,0.19747893040161418
2012-10-14,0.41342596,14.600013749612,0.18133285414897732
2012-10-15,0.382277429,13.5000127219063,0.16767078989742937
2012-10-16,0.438911122,15.500014600093401,0.1925109068380466
2012-10-17,0.407762591,14.400013572387701,0.17884884258649866
2012-10-18,0.353960582,12.500011765155401,0.1552507312078156
2012-10-19,0.339802159,12.000011304437301,0.14904070208231385
2012-10-20,0.32847542,11.600010914674002,0.1440726785187463
2012-10-21,0.32847542,11.600010914674002,0.1440726785187463
2012-10-22,0.379445744,13.4000126156368,0.1664287838968849
2012-10-23,0.487049761,17.200016194786702,0.2136250062156408
2012-10-24,0.438911122,15.500014600093401,0.1925109068380466
2012-10-25,0.421921014,14.9000140331058,0.18505887171200042
2012-10-26,0.438911122,15.500014600093401,0.1925109068380466
2012-10-27,0.472891338,16.7000157340686,0.207414977090139
2012-10-28,0.523861662,18.5000174350314,0.2297710824682776
2012-10-29,0.574831986,20.3000191359942,0.25212718784641625
2012-10-30,0.608812202,21.5000202699694,0.26703125809850864
2012-10-31,0.634297364,22.400021120450802,0.27820931078757793
2012-11-01,0.645624102,22.8000214748994,0.28317733391253525
2012-11-02,0.665445895,23.5000221481565,0.2918713750391259
2012-11-03,0.659782526,23.3000219709322,0.28938736347664723
2012-11-04,0.637129048,22.5000211914056,0.2794513163495122
2012-11-05,0.637129048,22.5000211914056,0.2794513163495122
2012-11-06,0.614475571,21.700020447193705,0.2695152696609873
2012-11-07,0.588990409,20.8000195967123,0.258337216971918
2012-11-08,0.560673563,19.800018675276103,0.24591715872091452
2012-11-09,0.563505247,19.900018746230902,0.2471591642828487
2012-11-10,0.557841878,19.7000185690066,0.24467515272037005
2012-11-11,0.484218077,17.100016123831903,0.2123830006537066
2012-11-12,0.464396284,16.400015450574802,0.20368895952711594
2012-11-13,0.484218077,17.100016123831903,0.2123830006537066
2012-11-14,0.470059653,16.600015627799102,0.20617297108959462
2012-11-15,0.464396284,16.400015450574802,0.20368895952711594
2012-11-16,0.441742807,15.600014706362902,0.19375291283859108
2012-11-17,0.436079438,15.4000145291386,0.1912689012761124
2012-11-18,0.484218077,17.100016123831903,0.2123830006537066
2012-11-19,0.509703239,18.0000169743133,0.2235610533427759
2012-11-20,0.509703239,18.0000169743133,0.2235610533427759
2012-11-21,0.489881446,17.3000163010562,0.21486701221618523
2012-11-22,0.484218077,17.100016123831903,0.2123830006537066
2012-11-23,0.475723023,16.8000158403381,0.20865698309068348
2012-11-24,0.4983765,17.60001658455,0.21859302977920833
2012-11-25,0.509703239,18.0000169743133,0.2235610533427759
2012-11-26,0.4983765,17.60001658455,0.21859302977920833
2012-11-27,0.501208185,17.7000166908195,0.21983503577975277
2012-11-28,0.515366608,18.2000171515376,0.22604506490525453
2012-11-29,0.509703239,18.0000169743133,0.2235610533427759
2012-11-30,0.509703239,18.0000169743133,0.2235610533427759
2012-12-01,0.532356716,18.8000177185252,0.23349710003130075
2012-12-02,0.546515139,19.300018179243303,0.23970712915680253
2012-12-03,0.57766367,20.400019206949,0.25336919340835046
2012-12-04,0.594653778,21.0000197739366,0.26082122853439665
2012-12-05,0.66261421,23.400022041887002,0.29062936903858144
2012-12-06,0.696594426,24.6000231758622,0.3055334392906739
2012-12-07,0.719247903,25.4000239200741,0.3154694859791987
2012-12-08,0.70508948,24.900023459356003,0.309259456853697
2012-12-09,0.622970625,22.000020730687503,0.2732412872240104
2012-12-10,0.707921165,25.0000235656255,0.31050146285424146
2012-12-11,0.883485614,31.200029412725804,0.38750582567718217
2012-12-12,0.880653929,31.1000293064563,0.3862638196766377
2012-12-13,0.841010344,29.7000279952568,0.3688757378620666
2012-12-14,0.866495506,30.6000288457382,0.3800537905511359
2012-12-15,0.866495506,30.6000288457382,0.3800537905511359
2012-12-16,0.846673713,29.900028172481104,0.3713597494245453
2012-12-17,0.877822244,31.000029200186802,0.3850218136760932
2012-12-18,0.897644037,31.7000298734439,0.3937158548026839
2012-12-19,0.736238011,26.0000244870617,0.32292152110524497
2012-12-20,0.849505398,30.0000282787506,0.3726017554250897
2012-12-21,0.906139091,32.000030156937704,0.397441872365707
2012-12-22,0.849505398,30.0000282787506,0.3726017554250897
2012-12-23,0.877822244,31.000029200186802,0.3850218136760932
2012-12-24,0.835346974,29.5000277827178,0.36639172586097773
2012-12-25,0.764554858,27.0000254438126,0.33534157979485874
2012-12-26,0.74756475,26.400024876825,0.3278895446688125
2012-12-27,0.724911273,25.600024132613104,0.31795349798028766
2012-12-28,0.671109264,23.700022325380804,0.2943553866016046
2012-12-29,0.682436003,24.1000227151441,0.2993234101651721
2012-12-30,0.688099372,24.300022892368403,0.3018074217276508
2012-12-31,0.648455787,22.9000215811689,0.2844193399130797
2013-01-01,0.659782526,23.3000219709322,0.28938736347664723
2013-01-02,0.66261421,23.400022041887002,0.29062936903858144
2013-01-03,0.690931057,24.4000229986379,0.3030494277281952
2013-01-04,0.673940949,23.8000224316503,0.29559739260214907
2013-01-05,0.645624102,22.8000214748994,0.28317733391253525
2013-01-06,0.611643886,21.6000203409242,0.26827326366044285
2013-01-07,0.566336932,20.0000188525004,0.24840117028339315
2013-01-08,0.523861662,18.5000174350314,0.2297710824682776
2013-01-09,0.45590123,16.100015167081,0.1999629419640928
2013-01-10,0.436079438,15.4000145291386,0.1912689012761124
2013-01-11,0.495544815,17.500016478280504,0.21735102377866392
2013-01-12,0.478554707,16.9000159112929,0.2098989886526177
2013-01-13,0.461564599,16.3000153443053,0.2024469535265715
2013-01-14,0.472891338,16.7000157340686,0.207414977090139
2013-01-15,0.492713131,17.4000164073257,0.2161090182167297
2013-01-16,0.470059653,16.600015627799102,0.20617297108959462
2013-01-17,0.447406176,15.8000148835872,0.1962369244010697
2013-01-18,0.427584384,15.1000142456448,0.1875428837130893
2013-01-19,0.404930906,14.3000134661182,0.1776068365859542
2013-01-20,0.387940798,13.7000128991306,0.170154801459908
2013-01-21,0.365287321,12.9000121549187,0.16021875477138314
2013-01-22,0.365287321,12.9000121549187,0.16021875477138314
2013-01-23,0.345465528,12.200011481661601,0.1515247136447925
2013-01-24,0.342633844,12.100011410706802,0.1502827080828583
2013-01-25,0.32847542,11.600010914674002,0.1440726785187463
2013-01-26,0.314316997,11.1000104539559,0.13786264939324452
2013-01-27,0.311485313,11.0000103830011,0.1366206438313103
2013-01-28,0.311485313,11.0000103830011,0.1366206438313103
2013-01-29,0.311485313,11.0000103830011,0.1366206438313103
2013-01-30,0.311485313,11.0000103830011,0.1366206438313103
2013-01-31,0.311485313,11.0000103830011,0.1366206438313103
2013-02-01,0.319980366,11.300010631180202,0.1403466609557232
2013-02-02,0.339802159,12.000011304437301,0.14904070208231385
2013-02-03,0.32847542,11.600010914674002,0.1440726785187463
2013-02-04,0.308653628,10.900010276731601,0.1353786378307659
2013-02-05,0.294495205,10.4000098160135,0.12916860870526412
2013-02-06,0.29166352,10.300009709744002,0.1279266027047197
2013-02-07,0.283168466,10.0000094262502,0.12420058514169657
2013-02-08,0.283168466,10.0000094262502,0.12420058514169657
2013-02-09,0.276089254,9.750009178233801,0.12109557035964058
2013-02-10,0.27693876,9.780009227772,0.12146817237910902
2013-02-11,0.277505097,9.8000092490259,0.1217165735792179
2013-02-12,0.277505097,9.8000092490259,0.1217165735792179
2013-02-13,0.275239749,9.7200091640103,0.12072296877878234
2013-02-14,0.262497168,9.2700087387696,0.11513394243424771
2013-02-15,0.252303103,8.910008391514099,0.11066272127089793
2013-02-16,0.243524881,8.6000081150507,0.10681250332712551
2013-02-17,0.243524881,8.6000081150507,0.10681250332712551
2013-02-18,0.247489239,8.7400082285133,0.1085513112892775
2013-02-19,0.243524881,8.6000081150507,0.10681250332712551
2013-02-20,0.243524881,8.6000081150507,0.10681250332712551
2013-02-21,0.228516952,8.0700076047944,0.1002298721821553
2013-02-22,0.227950615,8.0500075835405,0.0999814709820464
2013-02-23,0.227950615,8.0500075835405,0.0999814709820464
2013-02-24,0.216907045,7.6600072220615,0.09513764823783843
2013-02-25,0.225402099,7.9600075055553,0.09886366580086152
2013-02-26,0.215774371,7.6200071795537,0.09464084583762064
2013-02-27,0.214924866,7.5900071653302,0.09426824425676242
2013-02-28,0.222570414,7.8600073992858,0.09762165980031709
2013-03-01,0.212942686,7.5200070732842,0.0933988398370762
2013-03-02,0.203881295,7.2000067685365,0.08942442107394422
2013-03-03,0.198217926,7.0000065913122,0.08694040951146555
2013-03-04,0.198217926,7.0000065913122,0.08694040951146555
2013-03-05,0.195386241,6.9000064850427,0.0856984035109211
2013-03-06,0.196235747,6.9300065345809,0.08607100553038954
2013-03-07,0.198217926,7.0000065913122,0.08694040951146555
2013-03-08,0.198217926,7.0000065913122,0.08694040951146555
2013-03-09,0.198217926,7.0000065913122,0.08694040951146555
2013-03-10,0.190289209,6.7200063290723,0.08346279314855133
2013-03-11,0.191421883,6.7600063715801,0.08395959554876911
2013-03-12,0.182643661,6.4500060951167,0.0801093776049967
2013-03-13,0.190855546,6.7400063503262,0.08371119434866021
2013-03-14,0.188023861,6.6400062440567,0.08246918834811579
2013-03-15,0.197085252,6.9600065488044,0.08644360711124777
2013-03-16,0.197368421,6.9700065770887,0.08656780793060734
2013-03-17,0.194253568,6.8600064778496,0.08520160154931355
2013-03-18,0.200200105,7.0700066480435,0.08780981349254155
2013-03-19,0.244657555,8.640008157558501,0.10730930572734329
2013-03-20,0.188590198,6.6600062653106,0.08271758954822467
2013-03-21,0.215208034,7.600007158299801,0.09439244463751176
2013-03-22,0.244091218,8.6200081363046,0.1070609045272344
2013-03-23,0.251736766,8.890008370260201,0.11041432007078907
2013-03-24,0.260514989,9.2000086820383,0.1142645384531717
2013-03-25,0.24918825,8.800008292275,0.10929651488960417
2013-03-26,0.215774371,7.6200071795537,0.09464084583762064
2013-03-27,0.216623876,7.6500071937772,0.09501344741847886
2013-03-28,0.224552593,7.9300074560171,0.09849106378139308
2013-03-29,0.233897153,8.2600077890491,0.10258968336388463
2013-03-30,0.239277354,8.4500079733038,0.10494949454561396
2013-03-31,0.248055576,8.7600082497672,0.10879971248938639
2013-04-01,0.274390243,9.6900091144721,0.1203503667593139
2013-04-02,0.297326889,10.5000098869683,0.13041061426719833
2013-04-03,0.33413879,11.800011127213,0.1465566905198352
2013-04-04,0.373782375,13.2000124384125,0.16394477233440624
2013-04-05,0.438911122,15.500014600093401,0.1925109068380466
2013-04-06,0.447406176,15.8000148835872,0.1962369244010697
2013-04-07,0.475723023,16.8000158403381,0.20865698309068348
2013-04-08,0.518198293,18.3000172578071,0.22728707090579897
2013-04-09,0.529525031,18.700017612255703,0.2322550940307563
2013-04-10,0.532356716,18.8000177185252,0.23349710003130075
2013-04-11,0.569168616,20.100018923455202,0.24964317584532736
2013-04-12,0.597485463,21.1000198802061,0.2620632345349411
2013-04-13,0.622970625,22.000020730687503,0.2732412872240104
2013-04-14,0.642792418,22.7000214039446,0.28193532835060103
2013-04-15,0.659782526,23.3000219709322,0.28938736347664723
2013-04-16,0.659782526,23.3000219709322,0.28938736347664723
2013-04-17,0.673940949,23.8000224316503,0.29559739260214907
2013-04-18,0.690931057,24.4000229986379,0.3030494277281952
2013-04-19,0.651287472,23.0000216874384,0.2856613459136242
2013-04-20,0.645624102,22.8000214748994,0.28317733391253525
2013-04-21,0.639960733,22.600021297675102,0.2806933223500566
2013-04-22,0.654119156,23.100021758393204,0.2869033514755584
2013-04-23,0.70508948,24.900023459356003,0.309259456853697
2013-04-24,0.702257795,24.8000233530865,0.3080174508531525
2013-04-25,0.690931057,24.4000229986379,0.3030494277281952
2013-04-26,0.70508948,24.900023459356003,0.309259456853697
2013-04-27,0.795703389,28.1000264715183,0.3490036440464067
2013-04-28,0.982594577,34.7000327083819,0.4309760304329149
2013-04-29,1.050555009,37.1000349763323,0.4607841709370997
2013-04-30,1.090198594,38.500036287531806,0.4781722527516708
2013-05-01,1.127010494,39.800037492461804,0.4943183285656974
2013-05-02,1.141168918,40.3000379884946,0.5005283581298094
2013-05-03,1.189307557,42.000039583187906,0.5216424575074036
2013-05-04,1.220456088,43.1000406108936,0.5353045217589515
2013-05-05,1.308238313,46.2000435521011,0.573806703389727
2013-05-06,1.506456239,53.20005014341331,0.6607471129011926
2013-05-07,1.781129651,62.90005928616971,0.7812216804798662
2013-05-08,2.290832889,80.90007622516829,1.0047827333840316
2013-05-09,3.114853125,110.00010365343749,1.366206436120052
2013-05-10,4.615645994,163.00015358431182,2.0244695370201558
2013-05-11,6.14475571,217.00020447193702,2.695152696609873
2013-05-12,7.985350739,282.00026574256333,3.502456500030901
2013-05-13,11.38337233,402.00037882225104,4.99286352129265
2013-05-14,14.07347276,497.000468477572,6.1727690814545975
2013-05-15,16.84852372,595.000560614684,7.389934812860674
2013-05-16,21.26595179,751.000707678313,9.327463941246585
2013-05-17,20.86951594,737.000694566318,9.153583123100873
2013-05-18,18.88733668,667.000628653196,8.284179027986218
2013-05-19,15.68753301,554.000521988247,6.880712414042884
2013-05-20,12.71426412,449.000423118564,5.576606271370901
2013-05-21,11.15683756,394.000371380132,4.893503054407401
2013-05-22,10.47723324,370.000348700628,4.595421649365552
2013-05-23,11.29842179,399.0003759873131,4.955603345662419
2013-05-24,13.42218528,474.00044650761606,5.887107732032092
2013-05-25,14.97961185,529.000498599195,6.570210953381694
2013-05-26,15.68753301,554.000521988247,6.880712414042884
2013-05-27,16.02733517,566.000533327999,7.029753116563809
2013-05-28,16.25386994,574.000540770118,7.129113583449058
2013-05-29,14.38495807,508.000478754629,6.309389723970077
2013-05-30,12.57267989,444.00041851138303,5.514505980115884
2013-05-31,10.64713432,376.000354370504,4.669942000626015
2013-06-01,9.231291989,326.00030720393835,4.048939074478922
2013-06-02,9.344559375,330.0003109603125,4.098619308360156
2013-06-03,12.34614511,436.000410716117,5.4151455088445335
2013-06-04,14.44159176,510.000480526872,6.3342298395948635
2013-06-05,14.27169068,504.00047485699605,6.259709488334402
2013-06-06,17.61307858,622.0005861291261,7.725276393532754
2013-06-07,19.87842631,702.000661609757,8.718881075543546
2013-06-08,23.78615114,840.000791663758,10.432849150148071
2013-06-09,28.88318352,1020.000961053744,12.668459679189727
2013-06-10,34.54655284,1220.001149578748,15.15247138202366
2013-06-11,35.11288977,1240.0011683606192,15.400872551429833
2013-06-12,27.4107075,968.0009121502501,12.022616637856459
2013-06-13,26.67446949,942.000887698503,11.699695117189822
2013-06-14,24.01268591,848.000799105877,10.532209617033319
2013-06-15,18.7174356,661.0006229833201,8.209658676725757
2013-06-16,16.05565202,567.000534390694,7.0421731765692535
2013-06-17,15.88575094,561.000528720818,6.96765282530879
2013-06-18,16.14060256,570.0005372256321,7.0794333521994846
2013-06-19,15.85743409,560.000527658123,6.9552327653033466
2013-06-20,14.46990861,511.000481589567,6.346649899600308
2013-06-21,12.23287773,432.000407171631,5.36546527759496
2013-06-22,10.19406477,360.00033913311904,4.471221062469415
2013-06-23,8.749905597,309.00029118637593,3.837798079825759
2013-06-24,8.353469745,295.00027800375153,3.6639172608028288
2013-06-25,9.486143608,335.0003156734376,4.160719600931005
2013-06-26,11.35505548,401.00037775955605,4.980443461287206
2013-06-27,13.25228421,468.000441190887,5.812587385157731
2013-06-28,15.03624554,531.000500371438,6.59505106900648
2013-06-29,15.63089932,552.000520216004,6.855872298418098
2013-06-30,15.03624554,531.000500371438,6.59505106900648
2013-07-01,14.13010645,499.000470249815,6.197609197079384
2013-07-02,13.87525483,490.000461745001,6.0858286701886914
2013-07-03,13.02574943,460.00043339562103,5.7132269138863805
2013-07-04,12.48772935,441.000415676445,5.477245804485653
2013-07-05,14.63980969,517.000487259443,6.42117025086077
2013-07-06,13.64872006,482.000454302882,5.986468203303443
2013-07-07,11.35505548,401.00037775955605,4.980443461287206
2013-07-08,9.995846847,353.0003326477509,4.38428065427378
2013-07-09,9.004757216,318.0002996558752,3.949578606277842
2013-07-10,7.957033892,281.0002647858124,3.490036441341287
2013-07-11,7.277429574,257.00024217693783,3.1919550371766596
2013-07-12,6.796043182,240.00022615937542,2.9808140425234977
2013-07-13,6.456241023,228.0002148549381,2.8317733404411833
2013-07-14,6.258023097,221.0002082636259,2.7448329309297175
2013-07-15,5.833270398,206.0001941242506,2.558532053217173
2013-07-16,5.323567159,188.00017714993731,2.3349709998743973
2013-07-17,5.06871554,179.000168680438,2.2231904734223145
2013-07-18,5.408517699,191.0001799848753,2.3722311755046284
2013-07-19,6.880993722,243.00022899431343,3.018074218153729
2013-07-20,7.107528495,251.00023654237654,3.117434686354808
2013-07-21,6.003171478,212.0001997941266,2.633052404477635
2013-07-22,5.125349233,181.0001705586251,2.2480305903629314
2013-07-23,4.502378608,159.0001498279376,1.974789303138921
2013-07-24,4.077625909,144.0001356885623,1.7884884254263762
2013-07-25,3.709506904,131.0001234626888,1.6270276650930589
2013-07-26,3.482972131,123.00011591462571,1.5276671968919795
2013-07-27,3.256437358,115.0001083665626,1.4283067286909004
2013-07-28,3.086536279,109.00010273200131,1.3537863778690487
2013-07-29,2.944952046,104.0000980188762,1.2916860852982002
2013-07-30,2.888318352,102.00009610537441,1.266845967918973
2013-07-31,2.749565804,97.10009149851881,1.2059876813486687
2013-08-01,2.633466733,93.0000876358751,1.15506544146689
2013-08-02,2.517367662,88.9000837732314,1.104143201585111
2013-08-03,2.423922068,85.6000806547996,1.0631570083918567
2013-08-04,2.361625006,83.40007859938821,1.035832879888761
2013-08-05,2.290832889,80.90007622516829,1.0047827333840316
2013-08-06,2.20588235,77.900073425545,0.9675225581924108
2013-08-07,2.129426864,75.2000708741008,0.933988400125203
2013-08-08,2.024654531,71.50006736590571,0.8880341833683812
2013-08-09,1.934040622,68.3000643537434,0.8482899961756716
2013-08-10,1.809446497,63.900060207605904,0.7936417387308695
2013-08-11,1.696179111,59.900056451231706,0.743961504849635
2013-08-12,1.605565202,56.7000534390694,0.7042173176569253
2013-08-13,1.517782977,53.6000504978619,0.6657151360261498
2013-08-14,1.458317599,51.5000485134053,0.6396330130849881
2013-08-15,1.37336706,48.50004571378201,0.6023728378933674
2013-08-16,1.291248205,45.600042985113504,0.5663546682636807
2013-08-17,1.223287773,43.200040717163105,0.536546527759496
2013-08-18,1.16665408,41.200038838976006,0.5117064108188788
2013-08-19,1.107188702,39.1000368545194,0.48562428787771694
2013-08-20,1.095861963,38.7000364647561,0.4806562643141494
2013-08-21,1.087366909,38.4000361812623,0.47693024675112633
2013-08-22,1.078871855,38.10003589776851,0.47320422918810323
2013-08-23,1.050555009,37.1000349763323,0.4607841709370997
2013-08-24,1.053386693,37.2000350472871,0.4620261764990339
2013-08-25,1.03922827,36.700034586569004,0.45581614737353215
2013-08-26,1.030733216,36.4000343030752,0.45209012981050906
2013-08-27,1.053386693,37.2000350472871,0.4620261764990339
2013-08-28,1.053386693,37.2000350472871,0.4620261764990339
2013-08-29,1.098693648,38.8000365710256,0.48189827031469384
2013-08-30,1.138337233,40.2000378822251,0.4992863521292649
2013-08-31,1.177980818,41.6000391934246,0.516674433943836
2013-09-01,1.189307557,42.000039583187906,0.5216424575074036
2013-09-02,1.226119457,43.300040788117904,0.5377885333214302
2013-09-03,1.24594125,44.000041461375005,0.5464825744480208
2013-09-04,1.243109565,43.9000413551055,0.5452405684474764
2013-09-05,1.209129349,42.7000402211303,0.5303364981953839
2013-09-06,1.197802611,42.3000398666817,0.5253684750704266
2013-09-07,1.194970926,42.2000397604122,0.5241264690698823
2013-09-08,1.257267989,44.400041851138305,0.5514505980115885
2013-09-09,1.260099673,44.500041922093104,0.5526926035735226
2013-09-10,1.285584835,45.40004277257451,0.5638706562625919
2013-09-11,1.333723474,47.1000443672678,0.584984755640186
2013-09-12,1.463980969,51.700048725944306,0.642117025086077
2013-09-13,1.631050364,57.600054289550805,0.7153953703459947
2013-09-14,1.851921767,65.40006162507491,0.8122718265459851
2013-09-15,2.276674466,80.4000757644502,0.9985727042585298
2013-09-16,2.916635199,103.0000970621253,1.2792660266085865
2013-09-17,3.171486818,112.00010553162461,1.3910465530606695
2013-09-18,4.842180767,171.00016113237493,2.1238300052212353
2013-09-19,5.720003012,202.00019036787643,2.5088518193359386
2013-09-20,6.031488324,213.0002007155628,2.645472462728639
2013-09-21,5.861587245,207.00019508100152,2.5709521119067866
2013-09-22,5.23861662,185.000174350314,2.297710824682776
2013-09-23,4.672279688,165.0001554978136,2.049309654399383
2013-09-24,4.247526989,150.0001413584383,1.8630087766868382
2013-09-25,4.190893296,148.0001394802512,1.8381686597462208
2013-09-26,3.964358523,140.0001319321881,1.7388081915451419
2013-09-27,4.077625909,144.0001356885623,1.7884884254263762
2013-09-28,3.90772483,138.000130054001,1.7139680746045245
2013-09-29,3.82277429,135.00012721906302,1.6767078989742936
2013-09-30,3.82277429,135.00012721906302,1.6767078989742936
2013-10-01,3.936041676,139.0001309754372,1.726388132855528
2013-10-02,4.332477529,153.00014419337631,1.9002689523170695
2013-10-03,4.728913381,167.00015737600071,2.0741497713400006
2013-10-04,4.728913381,167.00015737600071,2.0741497713400006
2013-10-05,4.559012301,161.0001517061247,1.9996294200795384
2013-10-06,4.530695455,160.00015078468851,1.987209361828535
2013-10-07,4.587329148,162.00015266287562,2.012049478769152
2013-10-08,4.559012301,161.0001517061247,1.9996294200795384
2013-10-09,4.360794375,154.0001451148125,1.912689010568073
2013-10-10,4.162576449,147.0001385235003,1.8257486010566077
2013-10-11,3.936041676,139.0001309754372,1.726388132855528
2013-10-12,3.73782375,132.000124384125,1.6394477233440625
2013-10-13,3.709506904,131.0001234626888,1.6270276650930589
2013-10-14,3.73782375,132.000124384125,1.6394477233440625
2013-10-15,3.567922671,126.0001187495637,1.5649273725222106
2013-10-16,3.398021591,120.00011307968771,1.4904070212617488
2013-10-17,3.284754205,116.00010932331351,1.440726787380514
2013-10-18,3.143169972,111.0001046101884,1.3786264948096658
2013-10-19,3.058219432,108.0001017752504,1.341366319179435
2013-10-20,2.916635199,103.0000970621253,1.2792660266085865
2013-10-21,2.786377705,98.4000927387635,1.2221337576013058
2013-10-22,2.65612021,93.800088380087,1.1650014881554147
2013-10-23,2.540021139,89.7000845174433,1.1140792482736357
2013-10-24,2.432417122,85.9000809382934,1.0668830259548798
2013-10-25,2.338971528,82.60007781986161,1.0258968327616258
2013-10-26,2.251189304,79.5000749139688,0.9873946515694605
2013-10-27,2.166238764,76.5000720790308,0.9501344759392296
2013-10-28,2.126595179,75.10007076783131,0.9327463941246585
2013-10-29,2.089783278,73.8000695275866,0.9166003178720218
2013-10-30,2.044476324,72.20006803916282,0.896728224494972
2013-10-31,1.970852523,69.6000655939881,0.8644360724283084
2013-11-01,1.959525784,69.2000652042248,0.8594680488647409
2013-11-02,1.888733668,66.70006286531961,0.8284179027986218
2013-11-03,1.849090082,65.3000615188054,0.8110298205454406
2013-11-04,1.704674165,60.2000567347255,0.7476875224126581
2013-11-05,1.599901832,56.500053226530405,0.7017333056558364
2013-11-06,1.66503058,58.800055423526004,0.7302994405980869
2013-11-07,1.633882048,57.700054360505604,0.7166373759079289
2013-11-08,1.633882048,57.700054360505604,0.7166373759079289
2013-11-09,1.602733517,56.60005333279991,0.7029753116563809
2013-11-10,1.554594878,54.900051738106605,0.6818612122787867
2013-11-11,1.509287923,53.300050214368106,0.6619891184631268
2013-11-12,1.458317599,51.5000485134053,0.6396330130849881
2013-11-13,1.424337384,50.3000474147448,0.624728943271506
2013-11-14,1.401683906,49.5000466352182,0.6147928961443708
2013-11-15,1.376198744,48.60004578473681,0.6036148434553016
2013-11-16,1.322396736,46.7000440128192,0.5800167325152288
2013-11-17,1.407347276,49.70004684775721,0.6172769081454598
2013-11-18,1.413010645,49.900047024981504,0.6197609197079385
2013-11-19,1.36770369,48.300045501243,0.5998888258922784
2013-11-20,1.33089179,47.000044296313,0.5837427500782518
2013-11-21,1.393188852,49.2000463517244,0.6110668785813478
2013-11-22,1.398852222,49.4000465642634,0.6135508905824366
2013-11-23,1.36770369,48.300045501243,0.5998888258922784
2013-11-24,1.248772935,44.1000415676445,0.5477245804485653
2013-11-25,1.192139242,42.100039689457404,0.522884463507948
2013-11-26,1.152495656,40.7000383429432,0.5054963812547667
2013-11-27,1.11851544,39.500037208968,0.49059231100267425
2013-11-28,1.087366909,38.4000361812623,0.47693024675112633
2013-11-29,1.053386693,37.2000350472871,0.4620261764990339
2013-11-30,1.010911423,35.7000336298181,0.44339608868391844
2013-12-01,1.008079739,35.6000335588633,0.4421540831219842
2013-12-02,0.991089631,35.000032991875706,0.43470204799593803
2013-12-03,0.991089631,35.000032991875706,0.43470204799593803
2013-12-04,0.906139091,32.000030156937704,0.397441872365707
2013-12-05,0.792871705,28.000026400563502,0.3477616384844725
2013-12-06,0.707921165,25.0000235656255,0.31050146285424146
2013-12-07,0.764554858,27.0000254438126,0.33534157979485874
2013-12-08,0.962772784,34.0000320351248,0.4222819893063242
2013-12-09,0.906139091,32.000030156937704,0.397441872365707
2013-12-10,1.019406477,36.0000339133119,0.44712210624694154
2013-12-11,1.07604017,38.000035791499,0.47196222318755876
2013-12-12,1.132673864,40.0000377050008,0.4968023405667863
2013-12-13,1.16665408,41.200038838976006,0.5117064108188788
2013-12-14,1.098693648,38.8000365710256,0.48189827031469384
2013-12-15,0.993921315,35.100033062830505,0.4359440535578722
2013-12-16,0.906139091,32.000030156937704,0.397441872365707
2013-12-17,0.858000452,30.3000285622444,0.3763277729881128
2013-12-18,0.835346974,29.5000277827178,0.36639172586097773
2013-12-19,0.804198443,28.4000267550121,0.35272966160942976
2013-12-20,0.775881597,27.400025833575903,0.34030960335842625
2013-12-21,0.775881597,27.400025833575903,0.34030960335842625
2013-12-22,0.775881597,27.400025833575903,0.34030960335842625
2013-12-23,0.775881597,27.400025833575903,0.34030960335842625
2013-12-24,0.775881597,27.400025833575903,0.34030960335842625
2013-12-25,0.79004002,27.900026294294,0.34651963248392803
2013-12-26,0.775881597,27.400025833575903,0.34030960335842625
2013-12-27,0.761723173,26.900025337543102,0.33409957379431426
2013-12-28,0.722079588,25.500024026343603,0.31671149197974324
2013-12-29,0.719247903,25.4000239200741,0.3154694859791987
2013-12-30,0.719247903,25.4000239200741,0.3154694859791987
2013-12-31,0.719247903,25.4000239200741,0.3154694859791987
2014-01-01,0.719247903,25.4000239200741,0.3154694859791987
2014-01-02,0.716416219,25.3000238491193,0.3142274804172645
2014-01-03,0.696594426,24.6000231758622,0.3055334392906739
2014-01-04,0.696594426,24.6000231758622,0.3055334392906739
2014-01-05,0.66261421,23.400022041887002,0.29062936903858144
2014-01-06,0.66827758,23.600022254426,0.2931133810396704
2014-01-07,0.665445895,23.5000221481565,0.2918713750391259
2014-01-08,0.645624102,22.8000214748994,0.28317733391253525
2014-01-09,0.637129048,22.5000211914056,0.2794513163495122
2014-01-10,0.637129048,22.5000211914056,0.2794513163495122
2014-01-11,0.637129048,22.5000211914056,0.2794513163495122
2014-01-12,0.628633994,22.2000209079118,0.27572529878648905
2014-01-13,0.645624102,22.8000214748994,0.28317733391253525
2014-01-14,0.637129048,22.5000211914056,0.2794513163495122
2014-01-15,0.637129048,22.5000211914056,0.2794513163495122
2014-01-16,0.637129048,22.5000211914056,0.2794513163495122
2014-01-17,0.637129048,22.5000211914056,0.2794513163495122
2014-01-18,0.637129048,22.5000211914056,0.2794513163495122
2014-01-19,0.642792418,22.7000214039446,0.28193532835060103
2014-01-20,0.659782526,23.3000219709322,0.28938736347664723
2014-01-21,0.651287472,23.0000216874384,0.2856613459136242
2014-01-22,0.622970625,22.000020730687503,0.2732412872240104
2014-01-23,0.605980517,21.4000201636999,0.26578925209796417
2014-01-24,0.617307256,21.800020553463202,0.2707572756615318
2014-01-25,0.572000301,20.2000190297247,0.2508851818458718
2014-01-26,0.549346824,19.4000182855128,0.24094913515734692
2014-01-27,0.54085177,19.100018002019,0.23722311759432382
2014-01-28,0.538020085,19.0000178957495,0.23598111159377938
2014-01-29,0.555010193,19.6000184627371,0.2434331467198256
2014-01-30,0.611643886,21.6000203409242,0.26827326366044285
2014-01-31,0.611643886,21.6000203409242,0.26827326366044285
2014-02-01,0.591822094,20.9000197029818,0.25957922297246244
2014-02-02,0.586158724,20.700019490442802,0.25709521097137356
2014-02-03,0.586158724,20.700019490442802,0.25709521097137356
2014-02-04,0.600317148,21.200019986475603,0.26330524053548554
2014-02-05,0.603148832,21.3000200574304,0.2645472460974198
2014-02-06,0.611643886,21.6000203409242,0.26827326366044285
2014-02-07,0.611643886,21.6000203409242,0.26827326366044285
2014-02-08,0.622970625,22.000020730687503,0.2732412872240104
2014-02-09,0.639960733,22.600021297675102,0.2806933223500566
2014-02-10,0.637129048,22.5000211914056,0.2794513163495122
2014-02-11,0.637129048,22.5000211914056,0.2794513163495122
2014-02-12,0.645624102,22.8000214748994,0.28317733391253525
2014-02-13,0.651287472,23.0000216874384,0.2856613459136242
2014-02-14,0.639960733,22.600021297675102,0.2806933223500566
2014-02-15,0.736238011,26.0000244870617,0.32292152110524497
2014-02-16,0.792871705,28.000026400563502,0.3477616384844725
2014-02-17,0.821188551,29.000027321999703,0.36018169673547595
2014-02-18,0.792871705,28.000026400563502,0.3477616384844725
2014-02-19,0.792871705,28.000026400563502,0.3477616384844725
2014-02-20,0.821188551,29.000027321999703,0.36018169673547595
2014-02-21,0.849505398,30.0000282787506,0.3726017554250897
2014-02-22,0.877822244,31.000029200186802,0.3850218136760932
2014-02-23,0.849505398,30.0000282787506,0.3726017554250897
2014-02-24,0.849505398,30.0000282787506,0.3726017554250897
2014-02-25,0.821188551,29.000027321999703,0.36018169673547595
2014-02-26,0.792871705,28.000026400563502,0.3477616384844725
2014-02-27,0.764554858,27.0000254438126,0.33534157979485874
2014-02-28,0.792871705,28.000026400563502,0.3477616384844725
2014-03-01,0.821188551,29.000027321999703,0.36018169673547595
2014-03-02,0.821188551,29.000027321999703,0.36018169673547595
2014-03-03,0.792871705,28.000026400563502,0.3477616384844725
2014-03-04,0.792871705,28.000026400563502,0.3477616384844725
2014-03-05,0.821188551,29.000027321999703,0.36018169673547595
2014-03-06,0.849505398,30.0000282787506,0.3726017554250897
2014-03-07,0.849505398,30.0000282787506,0.3726017554250897
2014-03-08,0.906139091,32.000030156937704,0.397441872365707
2014-03-09,0.962772784,34.0000320351248,0.4222819893063242
2014-03-10,0.962772784,34.0000320351248,0.4222819893063242
2014-03-11,0.962772784,34.0000320351248,0.4222819893063242
2014-03-12,0.906139091,32.000030156937704,0.397441872365707
2014-03-13,0.849505398,30.0000282787506,0.3726017554250897
2014-03-14,0.821188551,29.000027321999703,0.36018169673547595
2014-03-15,0.804198443,28.4000267550121,0.35272966160942976
2014-03-16,0.761723173,26.900025337543102,0.33409957379431426
2014-03-17,0.727742957,25.700024203567903,0.31919550354222187
2014-03-18,0.702257795,24.8000233530865,0.3080174508531525
2014-03-19,0.679604318,24.000022608874602,0.2980814041646277
2014-03-20,0.679604318,24.000022608874602,0.2980814041646277
2014-03-21,0.679604318,24.000022608874602,0.2980814041646277
2014-03-22,0.665445895,23.5000221481565,0.2918713750391259
2014-03-23,0.651287472,23.0000216874384,0.2856613459136242
2014-03-24,0.637129048,22.5000211914056,0.2794513163495122
2014-03-25,0.637129048,22.5000211914056,0.2794513163495122
2014-03-26,0.637129048,22.5000211914056,0.2794513163495122
2014-03-27,0.637129048,22.5000211914056,0.2794513163495122
2014-03-28,0.637129048,22.5000211914056,0.2794513163495122
2014-03-29,0.637129048,22.5000211914056,0.2794513163495122
2014-03-30,0.637129048,22.5000211914056,0.2794513163495122
2014-03-31,0.637129048,22.5000211914056,0.2794513163495122
2014-04-01,0.637129048,22.5000211914056,0.2794513163495122
2014-04-02,0.637129048,22.5000211914056,0.2794513163495122
2014-04-03,0.642792418,22.7000214039446,0.28193532835060103
2014-04-04,0.637129048,22.5000211914056,0.2794513163495122
2014-04-05,0.659782526,23.3000219709322,0.28938736347664723
2014-04-06,0.690931057,24.4000229986379,0.3030494277281952
2014-04-07,0.696594426,24.6000231758622,0.3055334392906739
2014-04-08,0.767386543,27.1000255500821,0.33658358579540315
2014-04-09,0.883485614,31.200029412725804,0.38750582567718217
2014-04-10,0.863663821,30.500028739468704,0.3788117845505915
2014-04-11,1.042059955,36.8000346928385,0.4570581533740766
2014-04-12,1.240277881,43.8000412841507,0.5439985628855422
2014-04-13,1.158159026,40.900038555482205,0.5079803932558556
2014-04-14,1.078871855,38.10003589776851,0.47320422918810323
2014-04-15,1.033564901,36.50003440934471,0.4533321358110535
2014-04-16,1.016574793,35.900033842357104,0.4458801006850073
2014-04-17,1.03922827,36.700034586569004,0.45581614737353215
2014-04-18,1.107188702,39.1000368545194,0.48562428787771694
2014-04-19,1.129842179,39.9000375987313,0.4955603345662418
2014-04-20,1.441327492,50.900047981732406,0.6321809783975523
2014-04-21,1.834931659,64.80006105808731,0.8048197914199388
2014-04-22,2.140753602,75.60007122854941,0.9389564232501604
2014-04-23,2.262516043,79.90007530373211,0.9923626751330282
2014-04-24,2.052971378,72.5000683226566,0.9004542420579952
2014-04-25,1.928377253,68.10006417651911,0.845805984613193
2014-04-26,1.939703992,68.5000645662824,0.8507740081767605
2014-04-27,1.936872307,68.4000644600129,0.8495320021762162
2014-04-28,1.78679302,63.100059463394004,0.7837056920423446
2014-04-29,1.653703841,58.400055033762705,0.7253314170345194
2014-04-30,1.602733517,56.60005333279991,0.7029753116563809
2014-05-01,1.718832588,60.7000571954436,0.7538975515381598
2014-05-02,2.319149736,81.9000771819192,1.0172027920736455
2014-05-03,3.567922671,126.0001187495637,1.5649273725222106
2014-05-04,4.672279688,165.0001554978136,2.049309654399383
2014-05-05,4.728913381,167.00015737600071,2.0741497713400006
2014-05-06,5.266933466,186.0001752717502,2.31013088293378
2014-05-07,5.295250313,187.00017622850112,2.3225509416233936
2014-05-08,5.040398693,178.00016772368713,2.2107704147327008
2014-05-09,4.474061762,158.0001489065014,1.9623692448879178
2014-05-10,3.992675369,141.0001328536243,1.7512282497961453
2014-05-11,3.539605824,125.00011779281282,1.5525073138325969
2014-05-12,3.058219432,108.0001017752504,1.341366319179435
2014-05-13,2.831684659,100.0000942271873,1.2420058509783556
2014-05-14,2.670278634,94.30008887611982,1.1712115177195268
2014-05-15,2.66178358,94.000088592626,1.1674855001565037
2014-05-16,3.284754205,116.00010932331351,1.440726787380514
2014-05-17,5.720003012,202.00019036787643,2.5088518193359386
2014-05-18,7.815449659,276.00026007268735,3.427936148770439
2014-05-19,8.268519205,292.0002751688135,3.6266570851725977
2014-05-20,8.608321364,304.0002864732508,3.775697787254911
2014-05-21,9.854262614,348.00032793462583,4.322180361702932
2014-05-22,11.35505548,401.00037775955605,4.980443461287206
2014-05-23,13.81862114,488.000459972758,6.060988554563905
2014-05-24,18.23604921,644.0006070363871,7.998517682949816
2014-05-25,21.06773386,744.0007009457421,9.240523529980678
2014-05-26,28.03367813,990.000933057511,12.295857927273518
2014-05-27,37.3782375,1320.00124384125,16.394477233440625
2014-05-28,39.36041676,1390.001309754372,17.263881328555282
2014-05-29,36.5287321,1290.00121549187,16.021875477138316
2014-05-30,39.64358523,1400.001319321881,17.388081915451416
2014-05-31,38.51091137,1360.0012817581392,16.89127957663907
2014-06-01,34.82972131,1230.001159146257,15.276671968919795
2014-06-02,29.44952046,1040.000980188762,12.916860852982003
2014-06-03,33.41387898,1180.0011120150061,14.655669043211315
2014-06-04,36.24556364,1280.0012062775081,15.89767489462828
2014-06-05,29.16635199,1030.000970621253,12.792660266085864
2014-06-06,32.56437358,1150.001083665626,14.283067286909006
2014-06-07,31.71486818,1120.001055316246,13.910465530606693
2014-06-08,32.56437358,1150.001083665626,14.283067286909006
2014-06-09,31.43169972,1110.0010461018842,13.786264948096658
2014-06-10,33.98021591,1200.001130796877,14.904070212617487
2014-06-11,37.09506904,1310.001234626888,16.270276650930587
2014-06-12,35.39605824,1250.001177928128,15.525073138325972
2014-06-13,40.20992216,1420.001338103752,17.636483084857588
2014-06-14,41.90893296,1480.001394802512,18.38168659746221
2014-06-15,25.79664725,911.0008586395751,11.314673305268172
2014-06-16,18.68911875,660.000621920625,8.197238616720313
2014-06-17,17.35822696,613.000577624312,7.61349586664206
2014-06-18,15.48931509,547.000515608823,6.7937720071630805
2014-06-19,13.39386844,473.00044579806803,5.87468767641275
2014-06-20,12.8841652,455.00042878844005,5.651126622631363
2014-06-21,13.98852222,494.000465642634,6.135508905824367
2014-06-22,17.10337534,604.000569119498,7.501715339751367
2014-06-23,20.33149585,718.000676493995,8.917602009314043
2014-06-24,25.96654832,917.0008639563041,11.38919365214253
2014-06-25,30.58219432,1080.0010177525041,13.413663191794349
2014-06-26,33.69704744,1190.001121229368,14.779869625721348
2014-06-27,39.0772483,1380.00130054001,17.139680746045244
2014-06-28,35.11288977,1240.0011683606192,15.400872551429833
2014-06-29,27.66555912,977.0009206550641,12.134397164747151
2014-06-30,27.35407381,966.000910378007,11.997776522231671
2014-07-01,26.30635048,929.000875296056,11.538234354663455
2014-07-02,27.01427165,954.000899038255,11.848735819710747
2014-07-03,29.44952046,1040.000980188762,12.916860852982003
2014-07-04,29.16635199,1030.000970621253,12.792660266085864
2014-07-05,32.56437358,1150.001083665626,14.283067286909006
2014-07-06,33.69704744,1190.001121229368,14.779869625721348
2014-07-07,31.43169972,1110.0010461018842,13.786264948096658
2014-07-08,29.44952046,1040.000980188762,12.916860852982003
2014-07-09,27.66555912,977.0009206550641,12.134397164747151
2014-07-10,25.99486517,918.0008650189991,11.401613712147977
2014-07-11,22.4269425,792.00074630475,9.836686340064375
2014-07-12,21.54912026,761.000717245822,9.451664528142722
2014-07-13,21.60575395,763.0007190180651,9.476504643767509
2014-07-14,21.1526844,747.0007037806799,9.27778370561091
2014-07-15,18.91565352,668.000629362744,8.29659908360556
2014-07-16,18.34931659,648.0006105808731,8.04819791419939
2014-07-17,18.43426713,651.000613415811,8.085458089829618
2014-07-18,16.11228571,569.000536162937,7.067013292194039
2014-07-19,14.1584233,500.00047131251006,6.2100292570848294
2014-07-20,13.05406628,461.000434458316,5.725646973891825
2014-07-21,12.57267989,444.00041851138303,5.514505980115884
2014-07-22,12.85584835,454.00042772574506,5.638706562625919
2014-07-23,12.34614511,436.000410716117,5.4151455088445335
2014-07-24,11.44000602,404.000380594494,5.017703636917436
2014-07-25,11.32673864,400.000377050008,4.968023405667863
2014-07-26,10.64713432,376.000354370504,4.669942000626015
2014-07-27,9.118024603,322.00030344756414,3.999258840597687
2014-07-28,7.843766506,277.0002610294382,3.4403562074600527
2014-07-29,7.164162188,253.0002384205636,3.142274803295425
2014-07-30,6.937627415,245.0002308725005,3.0429143350943457
2014-07-31,6.937627415,245.0002308725005,3.0429143350943457
2014-08-01,6.541191563,231.0002176898761,2.8690335160714144
2014-08-02,6.031488324,213.0002007155628,2.645472462728639
2014-08-03,5.578418779,197.0001856547513,2.44675152676509
2014-08-04,5.323567159,188.00017714993731,2.3349709998743973
2014-08-05,5.776636705,204.0001922460635,2.5336919362765555
2014-08-06,7.192479034,254.00023934199982,3.154694861546428
2014-08-07,8.353469745,295.00027800375153,3.6639172608028288
2014-08-08,7.362380114,260.0002450118758,3.2292152128068903
2014-08-09,6.22970625,220.00020730687498,2.732412872240104
2014-08-10,5.550101932,196.0001846980004,2.4343314680754764
2014-08-11,5.040398693,178.00016772368713,2.2107704147327008
2014-08-12,4.700596534,166.0001564192498,2.061729712650387
2014-08-13,4.332477529,153.00014419337631,1.9002689523170695
2014-08-14,4.360794375,154.0001451148125,1.912689010568073
2014-08-15,4.219210142,149.0001404016874,1.8505887179972245
2014-08-16,4.219210142,149.0001404016874,1.8505887179972245
2014-08-17,4.105942756,145.0001366453132,1.8009084841159904
2014-08-18,3.936041676,139.0001309754372,1.726388132855528
2014-08-19,3.709506904,131.0001234626888,1.6270276650930589
2014-08-20,3.539605824,125.00011779281282,1.5525073138325969
2014-08-21,3.341387898,118.0001112015006,1.4655669043211315
2014-08-22,3.426338438,121.00011403643862,1.5028270799513626
2014-08-23,4.728913381,167.00015737600071,2.0741497713400006
2014-08-24,5.663369318,200.0001884543746,2.484011701956711
2014-08-25,5.663369318,200.0001884543746,2.484011701956711
2014-08-26,5.663369318,200.0001884543746,2.484011701956711
2014-08-27,5.380200852,190.0001790281244,2.3598111168150147
2014-08-28,4.89881446,173.000163010562,2.1486701221618523
2014-08-29,4.445744915,157.0001479497505,1.9499491861983036
2014-08-30,4.049309063,143.0001347671261,1.776068367175373
2014-08-31,3.879407983,137.00012909725012,1.701548015914911
2014-09-01,3.709506904,131.0001234626888,1.6270276650930589
2014-09-02,3.511288977,124.0001168360619,1.5400872551429832
2014-09-03,3.341387898,118.0001112015006,1.4655669043211315
2014-09-04,3.143169972,111.0001046101884,1.3786264948096658
2014-09-05,3.001585739,106.0000998970633,1.3165262022388176
2014-09-06,2.888318352,102.00009610537441,1.266845967918973
2014-09-07,2.752397489,97.2000916047883,1.2072296873492132
2014-09-08,2.66178358,94.000088592626,1.1674855001565037
2014-09-09,2.574001355,90.90008565141851,1.1289833185257283
2014-09-10,2.525862716,89.2000840567252,1.1078692191481339
2014-09-11,2.40693196,85.00008008781201,1.0557049732658108
2014-09-12,2.293664574,81.00007633143781,1.006024739384576
2014-09-13,2.188892242,77.30007285855741,0.9600705230663648
2014-09-14,2.075624855,73.3000690668685,0.91039028874652
2014-09-15,1.95103073,68.90006492073101,0.8557420313017178
2014-09-16,1.843426713,65.1000613415811,0.8085458089829619
2014-09-17,1.761307858,62.2000586129126,0.7725276393532754
2014-09-18,1.667862264,58.9000554944808,0.7315414461600213
2014-09-19,1.662198895,58.7000553172565,0.7290574345975426
2014-09-20,1.551763193,54.8000516318371,0.6806192062782422
2014-09-21,1.466812653,51.800048796899105,0.6433590306480113
2014-09-22,1.53760477,54.300051171119,0.6744091771527404
2014-09-23,1.551763193,54.8000516318371,0.6806192062782422
2014-09-24,1.523446347,53.8000507104009,0.6681991480272387
2014-09-25,1.582911724,55.9000526595428,0.6942812705297902
2014-09-26,1.656535526,58.50005514003221,0.726573423035064
2014-09-27,1.868911875,66.0000621920625,0.8197238616720313
2014-09-28,5.550101932,196.0001846980004,2.4343314680754764
2014-09-29,8.268519205,292.0002751688135,3.6266570851725977
2014-09-30,8.466737131,299.00028176012574,3.7135974946840626
2014-10-01,9.231291989,326.00030720393835,4.048939074478922
2014-10-02,8.834856137,312.0002940213139,3.8750582554559903
2014-10-03,7.56059804,267.000251603188,3.316155622318356
2014-10-04,6.597825256,233.00021956806322,2.893873633012032
2014-10-05,5.974854631,211.00019883737573,2.6206323457880214
2014-10-06,5.493468239,194.00018281981332,2.4094913511348595
2014-10-07,4.983765,176.00016584550002,2.1859302977920834
2014-10-08,4.559012301,161.0001517061247,1.9996294200795384
2014-10-09,4.077625909,144.0001356885623,1.7884884254263762
2014-10-10,3.709506904,131.0001234626888,1.6270276650930589
2014-10-11,3.539605824,125.00011779281282,1.5525073138325969
2014-10-12,3.369704744,119.0001121229368,1.4779869625721347
2014-10-13,3.199803665,113.00010648837551,1.4034666117502832
2014-10-14,3.058219432,108.0001017752504,1.341366319179435
2014-10-15,2.944952046,104.0000980188762,1.2916860852982002
2014-10-16,2.820357921,99.6000938727387,1.2370378278533982
2014-10-17,2.687268742,94.9000894431074,1.1786635528455731
2014-10-18,2.540021139,89.7000845174433,1.1140792482736357
2014-10-19,2.398436906,84.70007980431821,1.0519789557027877
2014-10-20,2.254020989,79.6000750202383,0.988636657570005
2014-10-21,2.152080341,76.0000716183127,0.9439244468137278
2014-10-22,2.047308009,72.3000681454323,0.8979702304955164
2014-10-23,1.936872307,68.4000644600129,0.8495320021762162
2014-10-24,1.843426713,65.1000613415811,0.8085458089829619
2014-10-25,1.781129651,62.90005928616971,0.7812216804798662
2014-10-26,1.730159327,61.100057585206905,0.7588655751017275
2014-10-27,1.653703841,58.400055033762705,0.7253314170345194
2014-10-28,1.534773085,54.200051064849504,0.6731671711521962
2014-10-29,1.475307707,52.10004908039291,0.6470850482110344
2014-10-30,1.387525483,49.0000461745001,0.6085828670188691
2014-10-31,1.316733367,46.50004383559491,0.5775327209527501
2014-11-01,1.305406628,46.1000434458316,0.5725646973891826
2014-11-02,1.285584835,45.40004277257451,0.5638706562625919
2014-11-03,1.209129349,42.7000402211303,0.5303364981953839
2014-11-04,1.141168918,40.3000379884946,0.5005283581298094
2014-11-05,1.135505548,40.100037775955606,0.49804434612872056
2014-11-06,1.093030278,38.600036358486605,0.47941425831360507
2014-11-07,1.067545117,37.700035543319906,0.468236206063146
2014-11-08,1.042059955,36.8000346928385,0.4570581533740766
2014-11-09,0.991089631,35.000032991875706,0.43470204799593803
2014-11-10,0.993921315,35.100033062830505,0.4359440535578722
2014-11-11,0.948614361,33.5000315744067,0.4160719601808225
2014-11-12,0.925960884,32.7000308301948,0.4061359134922976
2014-11-13,0.934455938,33.00003111368861,0.40986193105532076
2014-11-14,0.940119307,33.200031290912904,0.4123459426177994
2014-11-15,0.999584685,35.3000332753695,0.4384280655589611
2014-11-16,0.962772784,34.0000320351248,0.4222819893063242
2014-11-17,0.962772784,34.0000320351248,0.4222819893063242
2014-11-18,0.91746583,32.400030546701004,0.4024098959292745
2014-11-19,0.894812352,31.6000297671744,0.3924738488021394
2014-11-20,0.894812352,31.6000297671744,0.3924738488021394
2014-11-21,0.894812352,31.6000297671744,0.3924738488021394
2014-11-22,0.925960884,32.7000308301948,0.4061359134922976
2014-11-23,0.925960884,32.7000308301948,0.4061359134922976
2014-11-24,0.934455938,33.00003111368861,0.40986193105532076
2014-11-25,0.976931207,34.5000324958429,0.42849201843182605
2014-11-26,1.036396585,36.600034480299506,0.45457414137298774
2014-11-27,1.053386693,37.2000350472871,0.4620261764990339
2014-11-28,1.027901531,36.3000341968057,0.4508481238099646
2014-11-29,0.993921315,35.100033062830505,0.4359440535578722
2014-11-30,1.016574793,35.900033842357104,0.4458801006850073
2014-12-01,1.053386693,37.2000350472871,0.4620261764990339
2014-12-02,1.129842179,39.9000375987313,0.4955603345662418
2014-12-03,1.189307557,42.000039583187906,0.5216424575074036
2014-12-04,1.186475872,41.9000394769184,0.5204004515068591
2014-12-05,1.155327341,40.8000384492127,0.5067383872553112
2014-12-06,1.121347125,39.6000373152375,0.4918343170032187
2014-12-07,1.101525332,38.9000366419804,0.4831402758766281
2014-12-08,1.059050063,37.4000352598261,0.46451018850012277
2014-12-09,1.027901531,36.3000341968057,0.4508481238099646
2014-12-10,1.005248054,35.5000334525938,0.4409120771214397
2014-12-11,0.974099523,34.4000324248881,0.42725001286989184
2014-12-12,0.962772784,34.0000320351248,0.4222819893063242
2014-12-13,0.934455938,33.00003111368861,0.40986193105532076
2014-12-14,0.906139091,32.000030156937704,0.397441872365707
2014-12-15,0.906139091,32.000030156937704,0.397441872365707
2014-12-16,0.906139091,32.000030156937704,0.397441872365707
2014-12-17,0.821188551,29.000027321999703,0.36018169673547595
2014-12-18,0.821188551,29.000027321999703,0.36018169673547595
2014-12-19,0.792871705,28.000026400563502,0.3477616384844725
2014-12-20,0.849505398,30.0000282787506,0.3726017554250897
2014-12-21,0.877822244,31.000029200186802,0.3850218136760932
2014-12-22,0.877822244,31.000029200186802,0.3850218136760932
2014-12-23,0.821188551,29.000027321999703,0.36018169673547595
2014-12-24,0.792871705,28.000026400563502,0.3477616384844725
2014-12-25,0.792871705,28.000026400563502,0.3477616384844725
2014-12-26,0.736238011,26.0000244870617,0.32292152110524497
2014-12-27,0.622970625,22.000020730687503,0.2732412872240104
2014-12-28,0.594653778,21.0000197739366,0.26082122853439665
2014-12-29,0.622970625,22.000020730687503,0.2732412872240104
2014-12-30,0.566336932,20.0000188525004,0.24840117028339315
2014-12-31,0.538020085,19.0000178957495,0.23598111159377938
2015-01-01,0.509703239,18.0000169743133,0.2235610533427759
2015-01-02,0.566336932,20.0000188525004,0.24840117028339315
2015-01-03,0.594653778,21.0000197739366,0.26082122853439665
2015-01-04,0.622970625,22.000020730687503,0.2732412872240104
2015-01-05,0.594653778,21.0000197739366,0.26082122853439665
2015-01-06,0.594653778,21.0000197739366,0.26082122853439665
2015-01-07,0.622970625,22.000020730687503,0.2732412872240104
2015-01-08,0.651287472,23.0000216874384,0.2856613459136242
2015-01-09,0.651287472,23.0000216874384,0.2856613459136242
2015-01-10,0.622970625,22.000020730687503,0.2732412872240104
2015-01-11,0.594653778,21.0000197739366,0.26082122853439665
2015-01-12,0.566336932,20.0000188525004,0.24840117028339315
2015-01-13,0.566336932,20.0000188525004,0.24840117028339315
2015-01-14,0.566336932,20.0000188525004,0.24840117028339315
2015-01-15,0.594653778,21.0000197739366,0.26082122853439665
2015-01-16,0.594653778,21.0000197739366,0.26082122853439665
2015-01-17,0.622970625,22.000020730687503,0.2732412872240104
2015-01-18,0.594653778,21.0000197739366,0.26082122853439665
2015-01-19,0.594653778,21.0000197739366,0.26082122853439665
2015-01-20,0.594653778,21.0000197739366,0.26082122853439665
2015-01-21,0.566336932,20.0000188525004,0.24840117028339315
2015-01-22,0.538020085,19.0000178957495,0.23598111159377938
2015-01-23,0.566336932,20.0000188525004,0.24840117028339315
2015-01-24,0.622970625,22.000020730687503,0.2732412872240104
2015-01-25,0.622970625,22.000020730687503,0.2732412872240104
2015-01-26,0.622970625,22.000020730687503,0.2732412872240104
2015-01-27,0.594653778,21.0000197739366,0.26082122853439665
2015-01-28,0.594653778,21.0000197739366,0.26082122853439665
2015-01-29,0.594653778,21.0000197739366,0.26082122853439665
2015-01-30,0.566336932,20.0000188525004,0.24840117028339315
2015-01-31,0.566336932,20.0000188525004,0.24840117028339315
2015-02-01,0.566336932,20.0000188525004,0.24840117028339315
2015-02-02,0.538020085,19.0000178957495,0.23598111159377938
2015-02-03,0.566336932,20.0000188525004,0.24840117028339315
2015-02-04,0.594653778,21.0000197739366,0.26082122853439665
2015-02-05,0.594653778,21.0000197739366,0.26082122853439665
2015-02-06,0.594653778,21.0000197739366,0.26082122853439665
2015-02-07,0.566336932,20.0000188525004,0.24840117028339315
2015-02-08,0.566336932,20.0000188525004,0.24840117028339315
2015-02-09,0.566336932,20.0000188525004,0.24840117028339315
2015-02-10,0.538020085,19.0000178957495,0.23598111159377938
2015-02-11,0.538020085,19.0000178957495,0.23598111159377938
2015-02-12,0.546515139,19.300018179243303,0.23970712915680253
2015-02-13,0.546515139,19.300018179243303,0.23970712915680253
2015-02-14,0.543683455,19.200018108288504,0.2384651235948683
2015-02-15,0.535188401,18.900017824794702,0.23473910603184517
2015-02-16,0.538020085,19.0000178957495,0.23598111159377938
2015-02-17,0.538020085,19.0000178957495,0.23598111159377938
2015-02-18,0.509703239,18.0000169743133,0.2235610533427759
2015-02-19,0.501208185,17.7000166908195,0.21983503577975277
2015-02-20,0.484218077,17.100016123831903,0.2123830006537066
2015-02-21,0.484218077,17.100016123831903,0.2123830006537066
2015-02-22,0.481386392,17.0000160175624,0.2111409946531621
2015-02-23,0.453069545,16.000015060811503,0.1987209359635484
2015-02-24,0.453069545,16.000015060811503,0.1987209359635484
2015-02-25,0.45590123,16.100015167081,0.1999629419640928
2015-02-26,0.430416068,15.200014316599601,0.18878488927502352
2015-02-27,0.424752699,15.0000141393753,0.18630087771254486
2015-02-28,0.410594276,14.5000136786572,0.1800908485870431
2015-03-01,0.396435852,14.0000131826244,0.1738808190229311
2015-03-02,0.393604168,13.9000131116696,0.17263881346099688
2015-03-03,0.396435852,14.0000131826244,0.1738808190229311
2015-03-04,0.396435852,14.0000131826244,0.1738808190229311
2015-03-05,0.396435852,14.0000131826244,0.1738808190229311
2015-03-06,0.385109114,13.6000128281758,0.16891279589797378
2015-03-07,0.365287321,12.9000121549187,0.16021875477138314
2015-03-08,0.362455636,12.8000120486492,0.15897674877083873
2015-03-09,0.348297213,12.3000115879311,0.15276671964533695
2015-03-10,0.348297213,12.3000115879311,0.15276671964533695
2015-03-11,0.345465528,12.200011481661601,0.1515247136447925
2015-03-12,0.345465528,12.200011481661601,0.1515247136447925
2015-03-13,0.348297213,12.3000115879311,0.15276671964533695
2015-03-14,0.345465528,12.200011481661601,0.1515247136447925
2015-03-15,0.356792267,12.6000118714249,0.15649273720836004
2015-03-16,0.402099222,14.2000133951634,0.17636483102402
2015-03-17,0.45590123,16.100015167081,0.1999629419640928
2015-03-18,0.492713131,17.4000164073257,0.2161090182167297
2015-03-19,0.526693347,18.600017541300904,0.2310130884688221
2015-03-20,0.574831986,20.3000191359942,0.25212718784641625
2015-03-21,0.637129048,22.5000211914056,0.2794513163495122
2015-03-22,0.693762742,24.500023104907402,0.3042914337287397
2015-03-23,0.727742957,25.700024203567903,0.31919550354222187
2015-03-24,0.750396435,26.5000249830945,0.32913155066935695
2015-03-25,0.79004002,27.900026294294,0.34651963248392803
2015-03-26,0.807030128,28.5000268612816,0.3539716676099742
2015-03-27,0.866495506,30.6000288457382,0.3800537905511359
2015-03-28,1.056218378,37.30003515355661,0.46326818249957835
2015-03-29,1.217624403,43.0000405046241,0.5340625157584071
2015-03-30,1.279921466,45.200042595350205,0.5613866447001132
2015-03-31,1.449822546,51.20004826522621,0.6359069959605753
2015-04-01,1.543268139,54.500051348343305,0.6768931887152192
2015-04-02,1.486634446,52.500049470156206,0.6520530717746019
2015-04-03,1.449822546,51.20004826522621,0.6359069959605753
2015-04-04,1.384693798,48.9000460682306,0.6073408610183247
2015-04-05,1.325228421,46.8000441190887,0.5812587385157733
2015-04-06,1.248772935,44.1000415676445,0.5477245804485653
2015-04-07,1.180812503,41.700039299694104,0.5179164399443805
2015-04-08,1.135505548,40.100037775955606,0.49804434612872056
2015-04-09,1.093030278,38.600036358486605,0.47941425831360507
2015-04-10,1.056218378,37.30003515355661,0.46326818249957835
2015-04-11,1.013743108,35.8000337360876,0.4446380946844628
2015-04-12,0.991089631,35.000032991875706,0.43470204799593803
2015-04-13,0.957109415,33.8000318579005,0.4197979777438456
2015-04-14,0.974099523,34.4000324248881,0.42725001286989184
2015-04-15,0.991089631,35.000032991875706,0.43470204799593803
2015-04-16,1.002416369,35.40003334632431,0.4396700711208954
2015-04-17,1.084535224,38.300036074992796,0.47568824075058186
2015-04-18,1.209129349,42.7000402211303,0.5303364981953839
2015-04-19,1.424337384,50.3000474147448,0.624728943271506
2015-04-20,1.520614662,53.700050604131405,0.6669571420266943
2015-04-21,1.74431775,61.600058045925,0.7650756042272291
2015-04-22,2.018991162,71.3000671886814,0.8855501718059026
2015-04-23,2.302159628,81.30007661493161,1.0097507569475992
2015-04-24,2.381446798,84.1000792373306,1.0445269205767411
2015-04-25,2.520199347,89.0000838795009,1.1053852075856556
2015-04-26,2.508872608,88.6000834897376,1.1004171840220878
2015-04-27,2.494714185,88.1000830290195,1.0942071548965862
2015-04-28,2.667446949,94.2000887698503,1.1699695117189823
2015-04-29,3.369704744,119.0001121229368,1.4779869625721347
2015-04-30,4.672279688,165.0001554978136,2.049309654399383
2015-05-01,5.351884006,189.0001781066882,2.347391058564011
2015-05-02,6.14475571,217.00020447193702,2.695152696609873
2015-05-03,6.937627415,245.0002308725005,3.0429143350943457
2015-05-04,7.164162188,253.0002384205636,3.142274803295425
2015-05-05,7.73049912,273.000257273064,3.3906759735788183
2015-05-06,9.089707756,321.00030249081317,3.986838781908073
2015-05-07,9.769312074,345.0003250996878,4.284920186072702
2015-05-08,9.259608836,327.0003081606892,4.061359133168535
2015-05-09,8.580004517,303.00028551649996,3.7632777285652974
2015-05-10,7.815449659,276.00026007268735,3.427936148770439
2015-05-11,7.277429574,257.00024217693783,3.1919550371766596
2015-05-12,6.824360029,241.00022711612633,2.993234101213111
2015-05-13,6.541191563,231.0002176898761,2.8690335160714144
2015-05-14,6.739409489,238.0002242811883,2.95597392558288
2015-05-15,7.305746421,258.00024313368874,3.2043750958662733
2015-05-16,7.390696961,261.0002459686267,3.2416352714965044
2015-05-17,7.079211648,250.00023558562563,3.1050146276651938
2015-05-18,6.796043182,240.00022615937542,2.9808140425234977
2015-05-19,6.512874716,230.0002167331252,2.8566134573818007
2015-05-20,6.088122017,215.00020259374992,2.6703125796692557
2015-05-21,5.861587245,207.00019508100152,2.5709521119067866
2015-05-22,6.456241023,228.0002148549381,2.8317733404411833
2015-05-23,7.64554858,270.00025443812603,3.3534157979485872
2015-05-24,7.73049912,273.000257273064,3.3906759735788183
2015-05-25,7.673865426,271.00025535956223,3.36583585619959
2015-05-26,7.928717046,280.0002638643762,3.4776163830902838
2015-05-27,8.80653929,311.00029306456304,3.862638196766377
2015-05-28,9.118024603,322.00030344756414,3.999258840597687
2015-05-29,8.97644037,317.000298734439,3.937158548026839
2015-05-30,9.429509915,333.0003137952505,4.135879483990387
2015-05-31,13.70535375,484.00045607512504,6.011308318928229
2015-06-01,23.92773537,845.0007962709391,10.494949441403088
2015-06-02,30.01585739,1060.0009989706332,13.165262022388177
2015-06-03,29.44952046,1040.000980188762,12.916860852982003
2015-06-04,28.31684659,1000.0009422718731,12.420058509783555
2015-06-05,28.31684659,1000.0009422718731,12.420058509783555
2015-06-06,25.79664725,911.0008586395751,11.314673305268172
2015-06-07,22.0588235,779.00073425545,9.675225581924108
2015-06-08,25.82496409,912.0008593491231,11.327093360887513
2015-06-09,31.99803665,1130.0010648837551,14.03466611750283
2015-06-10,32.84754205,1160.0010932331352,14.407267873805141
2015-06-11,33.41387898,1180.0011120150061,14.655669043211315
2015-06-12,35.67922671,1260.0011874956372,15.649273725222107
2015-06-13,35.11288977,1240.0011683606192,15.400872551429833
2015-06-14,30.01585739,1060.0009989706332,13.165262022388177
2015-06-15,26.27803364,928.0008745865081,11.525814299044113
2015-06-16,39.0772483,1380.00130054001,17.139680746045244
2015-06-17,34.26338438,1210.001140364386,15.028270799513622
2015-06-18,26.67446949,942.000887698503,11.699695117189822
2015-06-19,24.94714185,881.000830290195,10.942071548965862
2015-06-20,23.7012006,837.0007888288201,10.395588974517839
2015-06-21,19.36872307,684.0006446001291,8.495320021762161
2015-06-22,16.99010796,600.000565575012,7.452035108501794
2015-06-23,15.29109716,540.0005088762521,6.7068315958971745
2015-06-24,14.01683906,495.00046635218206,6.14792896144371
2015-06-25,13.56376952,479.000451467944,5.949208027673211
2015-06-26,13.28060105,469.000441900435,5.825007440777074
2015-06-27,12.57267989,444.00041851138303,5.514505980115884
2015-06-28,11.89307557,420.000395831879,5.2164245750740355
2015-06-29,11.04357017,390.00036748249903,4.843822818771726
2015-06-30,10.50555009,371.000349763323,4.607841709370997
2015-07-01,10.98693648,388.00036571025606,4.818982703146939
2015-07-02,11.12852071,393.00037031743705,4.8810829944019565
2015-07-03,9.939213154,351.00033076956385,4.359440537333164
2015-07-04,8.72158875,308.000290229625,3.825378021136146
2015-07-05,7.985350739,282.00026574256333,3.502456500030901
2015-07-06,8.664955057,306.0002883514379,3.8005379041955285
2015-07-07,10.50555009,371.000349763323,4.607841709370997
2015-07-08,11.04357017,390.00036748249903,4.843822818771726
2015-07-09,11.07188702,391.000368545194,4.85624287877717
2015-07-10,12.51604619,442.00041638599305,5.489665860104995
2015-07-11,15.31941401,541.000509938947,6.719251655902618
2015-07-12,12.26119457,433.00040788117906,5.377885333214302
2015-07-13,9.769312074,345.0003250996878,4.284920186072702
2015-07-14,7.985350739,282.00026574256333,3.502456500030901
2015-07-15,6.909310568,244.00022991574963,3.030494276404732
2015-07-16,6.14475571,217.00020447193702,2.695152696609873
2015-07-17,5.606735625,198.0001865761875,2.459171585016094
2015-07-18,5.23861662,185.000174350314,2.297710824682776
2015-07-19,4.955448154,175.0001649240638,2.1735102395410797
2015-07-20,4.643962841,164.0001545410627,2.0368895957097695
2015-07-21,4.360794375,154.0001451148125,1.912689010568073
2015-07-22,4.049309063,143.0001347671261,1.776068367175373
2015-07-23,3.794457443,134.0001262623121,1.66428784028468
2015-07-24,3.596239517,127.00011967099991,1.577347430773214
2015-07-25,3.369704744,119.0001121229368,1.4779869625721347
2015-07-26,3.143169972,111.0001046101884,1.3786264948096658
2015-07-27,2.973268892,105.00009894031241,1.3041061435492038
2015-07-28,2.860001506,101.00009518393821,1.2544259096679693
2015-07-29,2.760892543,97.50009188828211,1.2109557049122366
2015-07-30,2.670278634,94.30008887611982,1.1712115177195268
2015-07-31,2.588159779,91.4000861474513,1.1351933480898402
2015-08-01,2.506040923,88.50008338346811,1.0991751780215435
2015-08-02,2.4550706,86.70008171782,1.076819073082015
2015-08-03,2.384278483,84.20007934360011,1.0457689265772858
2015-08-04,2.542852824,89.8000846237128,1.1153212542741804
2015-08-05,2.32764479,82.200077465413,1.0209288096366684
2015-08-06,2.239862565,79.10007452420551,0.9824266280058932
2015-08-07,2.171902134,76.70007229156981,0.9526184879403186
2015-08-08,2.203050665,77.80007331927551,0.9662805521918664
2015-08-09,2.20021898,77.700073213006,0.9650385461913219
2015-08-10,2.140753602,75.60007122854941,0.9389564232501604
2015-08-11,2.11526844,74.700070378068,0.9277783705610909
2015-08-12,2.089783278,73.8000695275866,0.9166003178720218
2015-08-13,2.069961486,73.1000688896442,0.9079062771840412
2015-08-14,2.024654531,71.50006736590571,0.8880341833683812
2015-08-15,2.007664423,70.9000667989181,0.880582148242335
2015-08-16,1.939703992,68.5000645662824,0.8507740081767605
2015-08-17,1.863248506,65.8000620148382,0.8172398501095526
2015-08-18,1.834931659,64.80006105808731,0.8048197914199388
2015-08-19,1.795288074,63.4000597468878,0.7874317096053678
2015-08-20,1.778297966,62.8000591799002,0.7799796744793216
2015-08-21,1.707505849,60.3000568056803,0.7489295279745923
2015-08-22,1.645208787,58.1000547502689,0.7216053994714964
2015-08-23,1.568753301,55.40005219882471,0.6880712414042885
2015-08-24,1.4951295,52.80004975365,0.655779089337625
2015-08-25,1.407347276,49.70004684775721,0.6172769081454598
2015-08-26,1.345050213,47.5000447570311,0.5899527792037537
2015-08-27,1.364872006,48.2000454302882,0.5986468203303442
2015-08-28,1.291248205,45.600042985113504,0.5663546682636807
2015-08-29,1.231782827,43.5000410006569,0.5402725453225191
2015-08-30,1.192139242,42.100039689457404,0.522884463507948
2015-08-31,1.180812503,41.700039299694104,0.5179164399443805
2015-09-01,1.209129349,42.7000402211303,0.5303364981953839
2015-09-02,1.299743259,45.900043268607305,0.5700806858267039
2015-09-03,1.364872006,48.2000454302882,0.5986468203303442
2015-09-04,1.387525483,49.0000461745001,0.6085828670188691
2015-09-05,1.356376952,47.900045146794405,0.5949208027673211
2015-09-06,1.316733367,46.50004383559491,0.5775327209527501
2015-09-07,1.254436304,44.3000417448688,0.5502085920110439
2015-09-08,1.217624403,43.0000405046241,0.5340625157584071
2015-09-09,1.16099071,41.000038626437004,0.5092223988177899
2015-09-10,1.104357017,39.000036748249904,0.4843822818771726
2015-09-11,0.991089631,35.000032991875706,0.43470204799593803
2015-09-12,0.934455938,33.00003111368861,0.40986193105532076
2015-09-13,0.962772784,34.0000320351248,0.4222819893063242
2015-09-14,1.019406477,36.0000339133119,0.44712210624694154
2015-09-15,1.07604017,38.000035791499,0.47196222318755876
2015-09-16,1.274258097,45.0000424181259,0.5589026331376346
2015-09-17,1.529109716,54.0000508876252,0.6706831595897175
2015-09-18,1.812278182,64.00006031387541,0.794883744731414
2015-09-19,2.095446648,74.0000697401256,0.9190843298731104
2015-09-20,2.463565654,87.0000820013138,1.0805450906450382
2015-09-21,2.633466733,93.0000876358751,1.15506544146689
2015-09-22,2.690100426,95.0000895140622,1.1799055584075073
2015-09-23,2.667446949,94.2000887698503,1.1699695117189823
2015-09-24,2.588159779,91.4000861474513,1.1351933480898402
2015-09-25,2.525862716,89.2000840567252,1.1078692191481339
2015-09-26,2.446575546,86.40008143432621,1.073093055518992
2015-09-27,2.378615114,84.00007916637581,1.0432849150148071
2015-09-28,2.32764479,82.200077465413,1.0209288096366684
2015-09-29,2.265347727,80.0000753746869,0.9936046806949623
2015-09-30,2.208714034,78.00007349649981,0.9687645637543452
2015-10-01,2.208714034,78.00007349649981,0.9687645637543452
2015-10-02,2.265347727,80.0000753746869,0.9936046806949623
2015-10-03,2.435248807,86.0000810445629,1.0681250319554243
2015-10-04,2.548516193,90.00008480093712,1.117805265836659
2015-10-05,2.718417273,96.0000904708131,1.192325617097121
2015-10-06,2.718417273,96.0000904708131,1.192325617097121
2015-10-07,2.605149886,92.00008667912421,1.142645382777276
2015-10-08,2.605149886,92.00008667912421,1.142645382777276
2015-10-09,2.605149886,92.00008667912421,1.142645382777276
2015-10-10,2.548516193,90.00008480093712,1.117805265836659
2015-10-11,2.548516193,90.00008480093712,1.117805265836659
2015-10-12,2.548516193,90.00008480093712,1.117805265836659
2015-10-13,2.4918825,88.00008292275001,1.0929651488960417
2015-10-14,2.378615114,84.00007916637581,1.0432849150148071
2015-10-15,2.265347727,80.0000753746869,0.9936046806949623
2015-10-16,2.183228872,77.1000726460184,0.9575865110652758
2015-10-17,2.047308009,72.3000681454323,0.8979702304955164
2015-10-18,1.934040622,68.3000643537434,0.8482899961756716
2015-10-19,1.945367361,68.7000647435067,0.8532580197392391
2015-10-20,1.945367361,68.7000647435067,0.8532580197392391
2015-10-21,1.843426713,65.1000613415811,0.8085458089829619
2015-10-22,1.781129651,62.90005928616971,0.7812216804798662
2015-10-23,1.70184248,60.100056628456,0.7464455164121138
2015-10-24,1.633882048,57.700054360505604,0.7166373759079289
2015-10-25,1.611228571,56.900053616293704,0.7067013292194041
2015-10-26,1.568753301,55.40005219882471,0.6880712414042885
2015-10-27,1.554594878,54.900051738106605,0.6818612122787867
2015-10-28,1.492297815,52.7000496473805,0.6545370833370805
2015-10-29,1.458317599,51.5000485134053,0.6396330130849881
2015-10-30,1.418674014,50.10004720220581,0.6222449312704171
2015-10-31,1.418674014,50.10004720220581,0.6222449312704171
2015-11-01,1.398852222,49.4000465642634,0.6135508905824366
2015-11-02,1.432832438,50.6000476982386,0.628454960834529
2015-11-03,1.384693798,48.9000460682306,0.6073408610183247
2015-11-04,1.294079889,45.7000430560683,0.5675966738256151
2015-11-05,1.226119457,43.300040788117904,0.5377885333214302
2015-11-06,1.240277881,43.8000412841507,0.5439985628855422
2015-11-07,1.20346598,42.500040043906004,0.5278524866329054
2015-11-08,1.183644188,41.8000394059636,0.5191584459449249
2015-11-09,1.16099071,41.000038626437004,0.5092223988177899
2015-11-10,1.144000602,40.4000380594494,0.5017703636917435
2015-11-11,1.087366909,38.4000361812623,0.47693024675112633
2015-11-12,1.090198594,38.500036287531806,0.4781722527516708
2015-11-13,1.067545117,37.700035543319906,0.468236206063146
2015-11-14,1.050555009,37.1000349763323,0.4607841709370997
2015-11-15,1.013743108,35.8000337360876,0.4446380946844628
2015-11-16,0.999584685,35.3000332753695,0.4384280655589611
2015-11-17,0.968436153,34.2000322123491,0.4247660008688029
2015-11-18,0.979762892,34.6000326021124,0.42973402443237046
2015-11-19,0.982594577,34.7000327083819,0.4309760304329149
2015-11-20,1.050555009,37.1000349763323,0.4607841709370997
2015-11-21,1.019406477,36.0000339133119,0.44712210624694154
2015-11-22,1.005248054,35.5000334525938,0.4409120771214397
2015-11-23,0.937287622,33.100031184643406,0.411103936617255
2015-11-24,0.908970776,32.1000302632072,0.3986838783662514
2015-11-25,0.894812352,31.6000297671744,0.3924738488021394
2015-11-26,0.866495506,30.6000288457382,0.3800537905511359
2015-11-27,0.877822244,31.000029200186802,0.3850218136760932
2015-11-28,0.86932719,30.700028916693004,0.3812957961130702
2015-11-29,0.807030128,28.5000268612816,0.3539716676099742
2015-11-30,0.781544966,27.600026010800203,0.3427936149209049
2015-12-01,0.764554858,27.0000254438126,0.33534157979485874
2015-12-02,0.750396435,26.5000249830945,0.32913155066935695
2015-12-03,0.730574642,25.8000243098374,0.3204375095427663
2015-12-04,0.690931057,24.4000229986379,0.3030494277281952
2015-12-05,0.642792418,22.7000214039446,0.28193532835060103
2015-12-06,0.614475571,21.700020447193705,0.2695152696609873
2015-12-07,0.586158724,20.700019490442802,0.25709521097137356
2015-12-08,0.656950841,23.200021864662702,0.2881453574761028
2015-12-09,0.665445895,23.5000221481565,0.2918713750391259
2015-12-10,0.66827758,23.600022254426,0.2931133810396704
2015-12-11,0.693762742,24.500023104907402,0.3042914337287397
2015-12-12,0.690931057,24.4000229986379,0.3030494277281952
2015-12-13,0.682436003,24.1000227151441,0.2993234101651721
2015-12-14,0.679604318,24.000022608874602,0.2980814041646277
2015-12-15,0.66827758,23.600022254426,0.2931133810396704
2015-12-16,0.651287472,23.0000216874384,0.2856613459136242
2015-12-17,0.639960733,22.600021297675102,0.2806933223500566
2015-12-18,0.676772634,23.9000225379198,0.2968393986026935
2015-12-19,0.631465679,22.3000210141813,0.27696730478703346
2015-12-20,0.611643886,21.6000203409242,0.26827326366044285
2015-12-21,0.600317148,21.200019986475603,0.26330524053548554
2015-12-22,0.637129048,22.5000211914056,0.2794513163495122
2015-12-23,0.671109264,23.700022325380804,0.2943553866016046
2015-12-24,0.722079588,25.500024026343603,0.31671149197974324
2015-12-25,0.730574642,25.8000243098374,0.3204375095427663
2015-12-26,0.736238011,26.0000244870617,0.32292152110524497
2015-12-27,0.767386543,27.1000255500821,0.33658358579540315
2015-12-28,0.736238011,26.0000244870617,0.32292152110524497
2015-12-29,0.770218227,27.2000256210369,0.33782559135733736
2015-12-30,0.739069696,26.100024593331202,0.32416352710578944
2015-12-31,0.761723173,26.900025337543102,0.33409957379431426
2016-01-01,0.764554858,27.0000254438126,0.33534157979485874
2016-01-02,0.736238011,26.0000244870617,0.32292152110524497
2016-01-03,0.651287472,23.0000216874384,0.2856613459136242
2016-01-04,0.639960733,22.600021297675102,0.2806933223500566
2016-01-05,0.543683455,19.200018108288504,0.2384651235948683
2016-01-06,0.526693347,18.600017541300904,0.2310130884688221
2016-01-07,0.506871554,17.9000168680438,0.2223190473422314
2016-01-08,0.492713131,17.4000164073257,0.2161090182167297
2016-01-09,0.487049761,17.200016194786702,0.2136250062156408
2016-01-10,0.453069545,16.000015060811503,0.1987209359635484
2016-01-11,0.467227969,16.500015556844303,0.20493096552766038
2016-01-12,0.481386392,17.0000160175624,0.2111409946531621
2016-01-13,0.470059653,16.600015627799102,0.20617297108959462
2016-01-14,0.433247753,15.3000144228691,0.19002689527556796
2016-01-15,0.410594276,14.5000136786572,0.1800908485870431
2016-01-16,0.387940798,13.7000128991306,0.170154801459908
2016-01-17,0.387940798,13.7000128991306,0.170154801459908
2016-01-18,0.387940798,13.7000128991306,0.170154801459908
2016-01-19,0.387940798,13.7000128991306,0.170154801459908
2016-01-20,0.387940798,13.7000128991306,0.170154801459908
2016-01-21,0.390772483,13.800013005400102,0.17139680746045244
2016-01-22,0.387940798,13.7000128991306,0.170154801459908
2016-01-23,0.379445744,13.4000126156368,0.1664287838968849
2016-01-24,0.385109114,13.6000128281758,0.16891279589797378
2016-01-25,0.359623952,12.700011977694402,0.1577347432089045
2016-01-26,0.368119006,13.000012261188202,0.16146076077192761
2016-01-27,0.348297213,12.3000115879311,0.15276671964533695
2016-01-28,0.339802159,12.000011304437301,0.14904070208231385
2016-01-29,0.32847542,11.600010914674002,0.1440726785187463
2016-01-30,0.37095069,13.100012332143002,0.16270276633386183
2016-01-31,0.382277429,13.5000127219063,0.16767078989742937
2016-02-01,0.424752699,15.0000141393753,0.18630087771254486
2016-02-02,0.402099222,14.2000133951634,0.17636483102402
2016-02-03,0.396435852,14.0000131826244,0.1738808190229311
2016-02-04,0.379445744,13.4000126156368,0.1664287838968849
2016-02-05,0.365287321,12.9000121549187,0.16021875477138314
2016-02-06,0.385109114,13.6000128281758,0.16891279589797378
2016-02-07,0.37095069,13.100012332143002,0.16270276633386183
2016-02-08,0.348297213,12.3000115879311,0.15276671964533695
2016-02-09,0.345465528,12.200011481661601,0.1515247136447925
2016-02-10,0.33413879,11.800011127213,0.1465566905198352
2016-02-11,0.32847542,11.600010914674002,0.1440726785187463
2016-02-12,0.32847542,11.600010914674002,0.1440726785187463
2016-02-13,0.32847542,11.600010914674002,0.1440726785187463
2016-02-14,0.314316997,11.1000104539559,0.13786264939324452
2016-02-15,0.32847542,11.600010914674002,0.1440726785187463
2016-02-16,0.373782375,13.2000124384125,0.16394477233440624
2016-02-17,0.37661406,13.300012544682,0.16518677833495068
2016-02-18,0.385109114,13.6000128281758,0.16891279589797378
2016-02-19,0.41342596,14.600013749612,0.18133285414897732
2016-02-20,0.441742807,15.600014706362902,0.19375291283859108
2016-02-21,0.484218077,17.100016123831903,0.2123830006537066
2016-02-22,0.489881446,17.3000163010562,0.21486701221618523
2016-02-23,0.529525031,18.700017612255703,0.2322550940307563
2016-02-24,0.566336932,20.0000188525004,0.24840117028339315
2016-02-25,0.523861662,18.5000174350314,0.2297710824682776
2016-02-26,0.4983765,17.60001658455,0.21859302977920833
2016-02-27,0.484218077,17.100016123831903,0.2123830006537066
2016-02-28,0.492713131,17.4000164073257,0.2161090182167297
2016-02-29,0.487049761,17.200016194786702,0.2136250062156408
2016-03-01,0.492713131,17.4000164073257,0.2161090182167297
2016-03-02,0.484218077,17.100016123831903,0.2123830006537066
2016-03-03,0.495544815,17.500016478280504,0.21735102377866392
2016-03-04,0.484218077,17.100016123831903,0.2123830006537066
2016-03-05,0.470059653,16.600015627799102,0.20617297108959462
2016-03-06,0.444574491,15.700014777317701,0.19499491840052527
2016-03-07,0.458732915,16.200015273350502,0.20120494796463725
2016-03-08,0.453069545,16.000015060811503,0.1987209359635484
2016-03-09,0.450237861,15.900014989856702,0.19747893040161418
2016-03-10,0.447406176,15.8000148835872,0.1962369244010697
2016-03-11,0.458732915,16.200015273350502,0.20120494796463725
2016-03-12,0.478554707,16.9000159112929,0.2098989886526177
2016-03-13,0.492713131,17.4000164073257,0.2161090182167297
2016-03-14,0.492713131,17.4000164073257,0.2161090182167297
2016-03-15,0.535188401,18.900017824794702,0.23473910603184517
2016-03-16,0.555010193,19.6000184627371,0.2434331467198256
2016-03-17,0.538020085,19.0000178957495,0.23598111159377938
2016-03-18,0.538020085,19.0000178957495,0.23598111159377938
2016-03-19,0.481386392,17.0000160175624,0.2111409946531621
2016-03-20,0.538020085,19.0000178957495,0.23598111159377938
2016-03-21,0.523861662,18.5000174350314,0.2297710824682776
2016-03-22,0.495544815,17.500016478280504,0.21735102377866392
2016-03-23,0.478554707,16.9000159112929,0.2098989886526177
2016-03-24,0.464396284,16.400015450574802,0.20368895952711594
2016-03-25,0.472891338,16.7000157340686,0.207414977090139
2016-03-26,0.492713131,17.4000164073257,0.2161090182167297
2016-03-27,0.464396284,16.400015450574802,0.20368895952711594
2016-03-28,0.436079438,15.4000145291386,0.1912689012761124
2016-03-29,0.461564599,16.3000153443053,0.2024469535265715
2016-03-30,0.467227969,16.500015556844303,0.20493096552766038
2016-03-31,0.458732915,16.200015273350502,0.20120494796463725
2016-04-01,0.444574491,15.700014777317701,0.19499491840052527
2016-04-02,0.461564599,16.3000153443053,0.2024469535265715
2016-04-03,0.487049761,17.200016194786702,0.2136250062156408
2016-04-04,0.515366608,18.2000171515376,0.22604506490525453
2016-04-05,0.552178509,19.5000183917823,0.24219114115789137
2016-04-06,0.569168616,20.100018923455202,0.24964317584532736
2016-04-07,0.642792418,22.7000214039446,0.28193532835060103
2016-04-08,0.767386543,27.1000255500821,0.33658358579540315
2016-04-09,1.019406477,36.0000339133119,0.44712210624694154
2016-04-10,1.339386844,47.30004457980681,0.587468767641275
2016-04-11,1.461149284,51.6000486196748,0.6408750190855326
2016-04-12,1.662198895,58.7000553172565,0.7290574345975426
2016-04-13,1.874575244,66.20006236928681,0.82220787323451
2016-04-14,1.962357469,69.3000653104943,0.8607100548652855
2016-04-15,1.902892091,67.20006332603771,0.8346279319241237
2016-04-16,1.820773236,64.3000605973692,0.7986097622944371
2016-04-17,1.730159327,61.100057585206905,0.7588655751017275
2016-04-18,1.642377102,58.000054643999405,0.7203633934709519
2016-04-19,1.642377102,58.000054643999405,0.7203633934709519
2016-04-20,1.642377102,58.000054643999405,0.7203633934709519
2016-04-21,1.925545568,68.0000640702496,0.8445639786126484
2016-04-22,2.520199347,89.0000838795009,1.1053852075856556
2016-04-23,2.916635199,103.0000970621253,1.2792660266085865
2016-04-24,2.888318352,102.00009610537441,1.266845967918973
2016-04-25,2.831684659,100.0000942271873,1.2420058509783556
2016-04-26,2.690100426,95.0000895140622,1.1799055584075073
2016-04-27,2.4918825,88.00008292275001,1.0929651488960417
2016-04-28,2.40693196,85.00008008781201,1.0557049732658108
2016-04-29,2.299327943,81.20007650866211,1.0085087509470547
2016-04-30,2.220040773,78.4000738862631,0.9737325873179127
2016-05-01,2.101110017,74.20006991734991,0.9215683414355891
2016-05-02,2.033149585,71.8000676493995,0.8917602009314044
2016-05-03,2.123763494,75.0000706615618,0.9315043881241141
2016-05-04,2.639130102,93.20008781309942,1.1575494530293686
2016-05-05,3.936041676,139.0001309754372,1.726388132855528
2016-05-06,5.974854631,211.00019883737573,2.6206323457880214
2016-05-07,6.512874716,230.0002167331252,2.8566134573818007
2016-05-08,7.135845341,252.0002374638127,3.1298547446058107
2016-05-09,7.673865426,271.00025535956223,3.36583585619959
2016-05-10,7.588914887,268.00025255993893,3.3285756810079694
2016-05-11,6.767726335,239.0002252026245,2.9683939838338835
2016-05-12,6.48455787,229.000215811689,2.844193399130797
2016-05-13,7.022577955,248.00023370743853,3.080174510724577
2016-05-14,8.636638211,305.0002874300017,3.7881178459445244
2016-05-15,11.07188702,391.000368545194,4.85624287877717
2016-05-16,10.36396585,366.000344802995,4.545741413729877
2016-05-17,10.27901531,363.000341968057,4.508481238099646
2016-05-18,10.61881747,375.000353307809,4.65752194062057
2016-05-19,12.40277881,438.000412841507,5.439985628855421
2016-05-20,15.91406778,562.000529430366,6.980072880928133
2016-05-21,17.55644489,620.0005843568831,7.700436277907968
2016-05-22,15.14951293,535.000504269071,6.644731304642156
2016-05-23,12.37446196,437.000411778812,5.427565568849977
2016-05-24,10.56218378,373.00035153556604,4.6326818249957835
2016-05-25,9.457826762,334.00031475200143,4.148299542680001
2016-05-26,8.749905597,309.00029118637593,3.837798079825759
2016-05-27,8.580004517,303.00028551649996,3.7632777285652974
2016-05-28,8.664955057,306.0002883514379,3.8005379041955285
2016-05-29,9.287925682,328.0003090821254,4.073779191419539
2016-05-30,10.84535224,383.00036074992806,4.756882407505819
2016-05-31,12.37446196,437.000411778812,5.427565568849977
2016-06-01,15.29109716,540.0005088762521,6.7068315958971745
2016-06-02,18.88733668,667.000628653196,8.284179027986218
2016-06-03,24.4940723,865.00081505281,10.743350610809262
2016-06-04,30.86536279,1090.001027320013,13.537863778690484
2016-06-05,36.5287321,1290.00121549187,16.021875477138316
2016-06-06,43.60794375,1540.001451148125,19.126890105680726
2016-06-07,46.43962841,1640.001545410627,20.368895957097692
2016-06-08,45.02378608,1590.0014982793762,19.747893031389214
2016-06-09,42.19210142,1490.0014040168742,18.505887179972248
2016-06-10,44.45744915,1570.0014794975052,19.499491861983042
2016-06-11,38.51091137,1360.0012817581392,16.89127957663907
2016-06-12,32.84754205,1160.0010932331352,14.407267873805141
2016-06-13,30.86536279,1090.001027320013,13.537863778690484
2016-06-14,24.40912176,862.0008122178721,10.70609043517903
2016-06-15,22.65347727,800.000753746869,9.936046806949623
2016-06-16,24.86219131,878.0008274552571,10.90481137333563
2016-06-17,24.74892392,874.000823557624,10.855131137699955
2016-06-18,24.66397338,871.0008207226861,10.817870962069724
2016-06-19,24.21090384,855.0008058384481,10.619150028299225
2016-06-20,22.90832889,809.000762251683,10.047827333840317
2016-06-21,22.45525935,793.000747367445,9.849106400069818
2016-06-22,23.92773537,845.0007962709391,10.494949441403088
2016-06-23,20.33149585,718.000676493995,8.917602009314043
2016-06-24,18.51921767,654.000616250749,8.12271826545985
2016-06-25,17.24495957,609.000573726679,7.563815631006384
2016-06-26,14.46990861,511.000481589567,6.346649899600308
2016-06-27,12.31782827,435.00041000656904,5.402725453225191
2016-06-28,11.49663972,406.000382719884,5.042543756928325
2016-06-29,11.46832287,405.000381657189,5.03012369692288
2016-06-30,11.58159026,409.00038555482206,5.079803932558556
2016-07-01,11.44000602,404.000380594494,5.017703636917436
2016-07-02,11.29842179,399.0003759873131,4.955603345662419
2016-07-03,11.10020386,392.00036925474205,4.868662934396513
2016-07-04,10.19406477,360.00033913311904,4.471221062469415
2016-07-05,9.486143608,335.0003156734376,4.160719600931005
2016-07-06,8.919806676,315.00029682093725,3.9123184306476118
2016-07-07,7.73049912,273.000257273064,3.3906759735788183
2016-07-08,6.767726335,239.0002252026245,2.9683939838338835
2016-07-09,6.059805171,214.0002016723137,2.6578925214182525
2016-07-10,5.578418779,197.0001856547513,2.44675152676509
2016-07-11,5.380200852,190.0001790281244,2.3598111168150147
2016-07-12,5.181982926,183.0001724368122,2.272870707303549
2016-07-13,4.813863921,170.00016021093873,2.1114099469702317
2016-07-14,4.502378608,159.0001498279376,1.974789303138921
2016-07-15,3.82277429,135.00012721906302,1.6767078989742936
2016-07-16,3.539605824,125.00011779281282,1.5525073138325969
2016-07-17,3.114853125,110.00010365343749,1.366206436120052
2016-07-18,2.973268892,105.00009894031241,1.3041061435492038
2016-07-19,2.831684659,100.0000942271873,1.2420058509783556
2016-07-20,2.916635199,103.0000970621253,1.2792660266085865
2016-07-21,2.944952046,104.0000980188762,1.2916860852982002
2016-07-22,2.916635199,103.0000970621253,1.2792660266085865
2016-07-23,2.888318352,102.00009610537441,1.266845967918973
2016-07-24,2.888318352,102.00009610537441,1.266845967918973
2016-07-25,2.831684659,100.0000942271873,1.2420058509783556
2016-07-26,2.817526236,99.5000937664692,1.2357958218528537
2016-07-27,2.755229173,97.3000916757431,1.2084716929111476
2016-07-28,2.690100426,95.0000895140622,1.1799055584075073
2016-07-29,2.630635048,92.9000875296056,1.1538234354663455
2016-07-30,2.537189455,89.60008444648851,1.1128372427117017
2016-07-31,2.480555761,87.60008253298672,1.087997125332474
2016-08-01,2.384278483,84.20007934360011,1.0457689265772858
2016-08-02,2.28516952,80.70007604794401,1.002298721821553
2016-08-03,2.20021898,77.700073213006,0.9650385461913219
2016-08-04,2.109605071,74.5000702008437,0.9252943589986122
2016-08-05,2.024654531,71.50006736590571,0.8880341833683812
2016-08-06,1.959525784,69.2000652042248,0.8594680488647409
2016-08-07,1.897228722,67.0000631488134,0.832143920361645
2016-08-08,1.846258398,65.2000614478506,0.8097878149835065
2016-08-09,1.710337534,60.400056911949804,0.7501715339751367
2016-08-10,1.625386994,57.40005407701181,0.7129113583449057
2016-08-11,1.571584986,55.5000523050942,0.6893132474048329
2016-08-12,1.509287923,53.300050214368106,0.6619891184631268
2016-08-13,1.441327492,50.900047981732406,0.6321809783975523
2016-08-14,1.387525483,49.0000461745001,0.6085828670188691
2016-08-15,1.316733367,46.50004383559491,0.5775327209527501
2016-08-16,1.271426412,44.9000423118564,0.5576606271370902
2016-08-17,1.223287773,43.200040717163105,0.536546527759496
2016-08-18,1.183644188,41.8000394059636,0.5191584459449249
2016-08-19,1.16099071,41.000038626437004,0.5092223988177899
2016-08-20,1.095861963,38.7000364647561,0.4806562643141494
2016-08-21,1.019406477,36.0000339133119,0.44712210624694154
2016-08-22,0.957109415,33.8000318579005,0.4197979777438456
2016-08-23,0.906139091,32.000030156937704,0.397441872365707
2016-08-24,0.866495506,30.6000288457382,0.3800537905511359
2016-08-25,0.866495506,30.6000288457382,0.3800537905511359
2016-08-26,0.841010344,29.7000279952568,0.3688757378620666
2016-08-27,0.821188551,29.000027321999703,0.36018169673547595
2016-08-28,0.792871705,28.000026400563502,0.3477616384844725
2016-08-29,0.761723173,26.900025337543102,0.33409957379431426
2016-08-30,0.727742957,25.700024203567903,0.31919550354222187
2016-08-31,0.685267688,24.200022821413604,0.3005654161657166
2016-09-01,0.648455787,22.9000215811689,0.2844193399130797
2016-09-02,0.600317148,21.200019986475603,0.26330524053548554
2016-09-03,0.560673563,19.800018675276103,0.24591715872091452
2016-09-04,0.546515139,19.300018179243303,0.23970712915680253
2016-09-05,0.563505247,19.900018746230902,0.2471591642828487
2016-09-06,0.4983765,17.60001658455,0.21859302977920833
2016-09-07,0.478554707,16.9000159112929,0.2098989886526177
2016-09-08,0.484218077,17.100016123831903,0.2123830006537066
2016-09-09,0.484218077,17.100016123831903,0.2123830006537066
2016-09-10,0.484218077,17.100016123831903,0.2123830006537066
2016-09-11,0.504039869,17.8000167617743,0.221077041341687
2016-09-12,0.526693347,18.600017541300904,0.2310130884688221
2016-09-13,0.574831986,20.3000191359942,0.25212718784641625
2016-09-14,0.642792418,22.7000214039446,0.28193532835060103
2016-09-15,0.614475571,21.700020447193705,0.2695152696609873
2016-09-16,0.57766367,20.400019206949,0.25336919340835046
2016-09-17,0.557841878,19.7000185690066,0.24467515272037005
2016-09-18,0.563505247,19.900018746230902,0.2471591642828487
2016-09-19,0.605980517,21.4000201636999,0.26578925209796417
2016-09-20,0.614475571,21.700020447193705,0.2695152696609873
2016-09-21,0.62580231,22.100020836957,0.27448329322455484
2016-09-22,0.685267688,24.200022821413604,0.3005654161657166
2016-09-23,0.756059804,26.7000251603188,0.3316155622318356
2016-09-24,0.852337082,30.100028349705404,0.37384376098702393
2016-09-25,0.908970776,32.1000302632072,0.3986838783662514
2016-09-26,0.95427773,33.700031751631,0.4185559717433012
2016-09-27,1.027901531,36.3000341968057,0.4508481238099646
2016-09-28,1.093030278,38.600036358486605,0.47941425831360507
2016-09-29,1.186475872,41.9000394769184,0.5204004515068591
2016-09-30,1.291248205,45.600042985113504,0.5663546682636807
2016-10-01,1.342218528,47.40004465076161,0.5887107732032092
2016-10-02,1.463980969,51.700048725944306,0.642117025086077
2016-10-03,2.11526844,74.700070378068,0.9277783705610909
2016-10-04,2.474892392,87.40008235576241,1.0855131137699954
2016-10-05,2.653288526,93.7000883091322,1.1637594825934805
2016-10-06,2.831684659,100.0000942271873,1.2420058509783556
2016-10-07,2.888318352,102.00009610537441,1.266845967918973
2016-10-08,2.944952046,104.0000980188762,1.2916860852982002
2016-10-09,3.114853125,110.00010365343749,1.366206436120052
2016-10-10,3.284754205,116.00010932331351,1.440726787380514
2016-10-11,3.369704744,119.0001121229368,1.4779869625721347
2016-10-12,3.341387898,118.0001112015006,1.4655669043211315
2016-10-13,3.199803665,113.00010648837551,1.4034666117502832
2016-10-14,3.143169972,111.0001046101884,1.3786264948096658
2016-10-15,3.256437358,115.0001083665626,1.4283067286909004
2016-10-16,3.398021591,120.00011307968771,1.4904070212617488
2016-10-17,3.766140597,133.0001253408759,1.6518677820336762
2016-10-18,3.681190057,130.0001225059379,1.6146076064034451
2016-10-19,3.596239517,127.00011967099991,1.577347430773214
2016-10-20,3.369704744,119.0001121229368,1.4779869625721347
2016-10-21,3.313071051,117.0001102447497,1.4531468456315175
2016-10-22,3.256437358,115.0001083665626,1.4283067286909004
2016-10-23,3.228120511,114.00010740981172,1.4158866700012869
2016-10-24,3.341387898,118.0001112015006,1.4655669043211315
2016-10-25,3.567922671,126.0001187495637,1.5649273725222106
2016-10-26,3.596239517,127.00011967099991,1.577347430773214
2016-10-27,3.596239517,127.00011967099991,1.577347430773214
2016-10-28,3.709506904,131.0001234626888,1.6270276650930589
2016-10-29,7.305746421,258.00024313368874,3.2043750958662733
2016-10-30,6.994261108,247.00023275068762,3.0677544520349627
2016-10-31,7.588914887,268.00025255993893,3.3285756810079694
2016-11-01,6.739409489,238.0002242811883,2.95597392558288
2016-11-02,6.088122017,215.00020259374992,2.6703125796692557
2016-11-03,5.663369318,200.0001884543746,2.484011701956711
2016-11-04,5.23861662,185.000174350314,2.297710824682776
2016-11-05,4.757230227,168.0001582974369,2.0865698295910042
2016-11-06,4.360794375,154.0001451148125,1.912689010568073
2016-11-07,4.020992216,142.0001338103752,1.7636483084857588
2016-11-08,3.766140597,133.0001253408759,1.6518677820336762
2016-11-09,3.596239517,127.00011967099991,1.577347430773214
2016-11-10,3.369704744,119.0001121229368,1.4779869625721347
2016-11-11,3.199803665,113.00010648837551,1.4034666117502832
2016-11-12,3.029902585,107.0001008184995,1.328946260489821
2016-11-13,2.888318352,102.00009610537441,1.266845967918973
2016-11-14,2.735407381,96.60009103780071,1.1997776522231671
2016-11-15,2.568337986,90.70008547419421,1.1264993069632494
2016-11-16,2.398436906,84.70007980431821,1.0519789557027877
2016-11-17,2.302159628,81.30007661493161,1.0097507569475992
2016-11-18,2.044476324,72.20006803916282,0.896728224494972
2016-11-19,2.030317901,71.7000675784447,0.8905181953694702
2016-11-20,1.928377253,68.10006417651911,0.845805984613193
2016-11-21,1.985010946,70.1000660547062,0.8706461015538103
2016-11-22,1.928377253,68.10006417651911,0.845805984613193
2016-11-23,1.781129651,62.90005928616971,0.7812216804798662
2016-11-24,1.693347426,59.80005634496221,0.7427194988490906
2016-11-25,1.61689194,57.100053793518,0.7091853407818827
2016-11-26,1.551763193,54.8000516318371,0.6806192062782422
2016-11-27,1.548931509,54.7000515608823,0.679377200716308
2016-11-28,1.520614662,53.700050604131405,0.6669571420266943
2016-11-29,1.432832438,50.6000476982386,0.628454960834529
2016-11-30,1.523446347,53.8000507104009,0.6681991480272387
2016-12-01,1.362040321,48.1000453240187,0.5974048143297999
2016-12-02,1.413010645,49.900047024981504,0.6197609197079385
2016-12-03,1.396020537,49.30004645799391,0.6123088845818923
2016-12-04,1.277089781,45.1000424890807,0.5601446386995688
2016-12-05,1.274258097,45.0000424181259,0.5589026331376346
2016-12-06,1.302574943,46.000043339562104,0.571322691388638
2016-12-07,1.24594125,44.000041461375005,0.5464825744480208
2016-12-08,1.254436304,44.3000417448688,0.5502085920110439
2016-12-09,1.328060105,46.9000441900435,0.5825007440777074
2016-12-10,1.441327492,50.900047981732406,0.6321809783975523
2016-12-11,1.45265423,51.30004833618101,0.6371490015225095
2016-12-12,1.506456239,53.20005014341331,0.6607471129011926
2016-12-13,1.506456239,53.20005014341331,0.6607471129011926
2016-12-14,1.438495807,50.8000478754629,0.6309389723970078
2016-12-15,1.475307707,52.10004908039291,0.6470850482110344
2016-12-16,1.514951293,53.5000504269071,0.6644731304642156
2016-12-17,1.529109716,54.0000508876252,0.6706831595897175
2016-12-18,1.557426563,55.0000518443761,0.6831032182793311
2016-12-19,1.557426563,55.0000518443761,0.6831032182793311
2016-12-20,1.716000903,60.60005708917411,0.7526555455376154
2016-12-21,1.676357318,59.200055777974605,0.7352674637230444
2016-12-22,1.614060256,57.0000537225632,0.7079433352199485
2016-12-23,1.557426563,55.0000518443761,0.6831032182793311
2016-12-24,1.486634446,52.500049470156206,0.6520530717746019
2016-12-25,1.540436455,54.400051277388506,0.675651183153285
2016-12-26,1.529109716,54.0000508876252,0.6706831595897175
2016-12-27,1.500792869,53.000049930874304,0.6582631009001036
2016-12-28,1.469644338,51.9000489031686,0.6446010366485556
2016-12-29,1.41584233,50.000047131251,0.6210029257084829
2016-12-30,1.325228421,46.8000441190887,0.5812587385157733
2016-12-31,1.265763043,44.7000421346321,0.5551766155746114
2017-01-01,1.308238313,46.2000435521011,0.573806703389727
2017-01-02,1.172317449,41.400039016200296,0.5141904223813573
2017-01-03,1.132673864,40.0000377050008,0.4968023405667863
2017-01-04,1.107188702,39.1000368545194,0.48562428787771694
2017-01-05,1.132673864,40.0000377050008,0.4968023405667863
2017-01-06,1.189307557,42.000039583187906,0.5216424575074036
2017-01-07,1.24594125,44.000041461375005,0.5464825744480208
2017-01-08,1.260099673,44.500041922093104,0.5526926035735226
2017-01-09,1.296911574,45.8000431623378,0.5688386798261594
2017-01-10,1.407347276,49.70004684775721,0.6172769081454598
2017-01-11,1.480971077,52.3000492929319,0.6495690602121232
2017-01-12,1.480971077,52.3000492929319,0.6495690602121232
2017-01-13,1.458317599,51.5000485134053,0.6396330130849881
2017-01-14,1.294079889,45.7000430560683,0.5675966738256151
2017-01-15,1.183644188,41.8000394059636,0.5191584459449249
2017-01-16,1.16665408,41.200038838976006,0.5117064108188788
2017-01-17,1.104357017,39.000036748249904,0.4843822818771726
2017-01-18,1.206297665,42.6000401501755,0.5290944926334498
2017-01-19,1.138337233,40.2000378822251,0.4992863521292649
2017-01-20,1.064713432,37.6000354370504,0.4669942000626015
2017-01-21,1.016574793,35.900033842357104,0.4458801006850073
2017-01-22,0.974099523,34.4000324248881,0.42725001286989184
2017-01-23,0.951446045,33.6000316453615,0.4173139657427567
2017-01-24,0.920297514,32.5000306176558,0.4036519014912088
2017-01-25,0.925960884,32.7000308301948,0.4061359134922976
2017-01-26,0.897644037,31.7000298734439,0.3937158548026839
2017-01-27,0.761723173,26.900025337543102,0.33409957379431426
2017-01-28,0.775881597,27.400025833575903,0.34030960335842625
2017-01-29,0.730574642,25.8000243098374,0.3204375095427663
2017-01-30,0.654119156,23.100021758393204,0.2869033514755584
2017-01-31,0.611643886,21.6000203409242,0.26827326366044285
2017-02-01,0.594653778,21.0000197739366,0.26082122853439665
2017-02-02,0.617307256,21.800020553463202,0.2707572756615318
2017-02-03,0.634297364,22.400021120450802,0.27820931078757793
2017-02-04,0.66827758,23.600022254426,0.2931133810396704
2017-02-05,0.707921165,25.0000235656255,0.31050146285424146
2017-02-06,0.750396435,26.5000249830945,0.32913155066935695
2017-02-07,0.860832136,30.400028633199202,0.37756977855004703
2017-02-08,0.940119307,33.200031290912904,0.4123459426177994
2017-02-09,1.132673864,40.0000377050008,0.4968023405667863
2017-02-10,1.333723474,47.1000443672678,0.584984755640186
2017-02-11,1.370535375,48.4000456075125,0.6011308318928229
2017-02-12,1.362040321,48.1000453240187,0.5974048143297999
2017-02-13,1.262931358,44.6000420283626,0.5539346095740669
2017-02-14,1.223287773,43.200040717163105,0.536546527759496
2017-02-15,1.189307557,42.000039583187906,0.5216424575074036
2017-02-16,1.152495656,40.7000383429432,0.5054963812547667
2017-02-17,1.146832287,40.500038165718905,0.503012369692288
2017-02-18,1.175149134,41.5000391224698,0.5154324283819017
2017-02-19,1.217624403,43.0000405046241,0.5340625157584071
2017-02-20,1.248772935,44.1000415676445,0.5477245804485653
2017-02-21,1.316733367,46.50004383559491,0.5775327209527501
2017-02-22,1.350713582,47.7000449342554,0.5924367907662322
2017-02-23,1.285584835,45.40004277257451,0.5638706562625919
2017-02-24,1.214792719,42.900040433669304,0.5328205101964729
2017-02-25,1.237446196,43.700041177881204,0.5427565568849977
2017-02-26,1.127010494,39.800037492461804,0.4943183285656974
2017-02-27,1.095861963,38.7000364647561,0.4806562643141494
2017-02-28,1.087366909,38.4000361812623,0.47693024675112633
2017-03-01,1.064713432,37.6000354370504,0.4669942000626015
2017-03-02,1.019406477,36.0000339133119,0.44712210624694154
2017-03-03,0.974099523,34.4000324248881,0.42725001286989184
2017-03-04,0.925960884,32.7000308301948,0.4061359134922976
2017-03-05,0.880653929,31.1000293064563,0.3862638196766377
2017-03-06,0.852337082,30.100028349705404,0.37384376098702393
2017-03-07,0.843842028,29.8000280662116,0.37011774342400083
2017-03-08,0.818356867,28.9000272510449,0.35893969117354174
2017-03-09,0.821188551,29.000027321999703,0.36018169673547595
2017-03-10,0.863663821,30.500028739468704,0.3788117845505915
2017-03-11,0.855168767,30.200028455974902,0.37508576698756835
2017-03-12,0.818356867,28.9000272510449,0.35893969117354174
2017-03-13,0.792871705,28.000026400563502,0.3477616384844725
2017-03-14,0.764554858,27.0000254438126,0.33534157979485874
2017-03-15,0.767386543,27.1000255500821,0.33658358579540315
2017-03-16,0.79004002,27.900026294294,0.34651963248392803
2017-03-17,0.798535074,28.200026577787803,0.35024565004695113
2017-03-18,0.906139091,32.000030156937704,0.397441872365707
2017-03-19,1.144000602,40.4000380594494,0.5017703636917435
2017-03-20,1.228951142,43.40004089438741,0.5390305393219746
2017-03-21,1.302574943,46.000043339562104,0.571322691388638
2017-03-22,1.424337384,50.3000474147448,0.624728943271506
2017-03-23,1.446990861,51.1000481589567,0.6346649899600307
2017-03-24,1.291248205,45.600042985113504,0.5663546682636807
2017-03-25,1.308238313,46.2000435521011,0.573806703389727
2017-03-26,1.260099673,44.500041922093104,0.5526926035735226
2017-03-27,1.211961034,42.8000403273998,0.5315785041959283
2017-03-28,1.240277881,43.8000412841507,0.5439985628855422
2017-03-29,1.285584835,45.40004277257451,0.5638706562625919
2017-03-30,1.364872006,48.2000454302882,0.5986468203303442
2017-03-31,1.350713582,47.7000449342554,0.5924367907662322
2017-04-01,1.364872006,48.2000454302882,0.5986468203303442
2017-04-02,1.435664122,50.700047769193404,0.6296969663964633
2017-04-03,1.353545267,47.80004504052491,0.5936787967667767
2017-04-04,1.285584835,45.40004277257451,0.5638706562625919
2017-04-05,1.214792719,42.900040433669304,0.5328205101964729
2017-04-06,1.175149134,41.5000391224698,0.5154324283819017
2017-04-07,1.231782827,43.5000410006569,0.5402725453225191
2017-04-08,1.381862114,48.8000459972758,0.6060988554563904
2017-04-09,1.407347276,49.70004684775721,0.6172769081454598
2017-04-10,1.33089179,47.000044296313,0.5837427500782518
2017-04-11,1.285584835,45.40004277257451,0.5638706562625919
2017-04-12,1.339386844,47.30004457980681,0.587468767641275
2017-04-13,1.699010796,60.0000565575012,0.7452035108501794
2017-04-14,2.20021898,77.700073213006,0.9650385461913219
2017-04-15,2.106773386,74.4000700945742,0.9240523529980678
2017-04-16,2.064298117,72.9000687124199,0.9054222656215625
2017-04-17,2.112436756,74.60007030711321,0.9265363649991567
2017-04-18,2.052971378,72.5000683226566,0.9004542420579952
2017-04-19,2.047308009,72.3000681454323,0.8979702304955164
2017-04-20,2.016159477,71.2000670824119,0.8843081658053581
2017-04-21,1.959525784,69.2000652042248,0.8594680488647409
2017-04-22,1.874575244,66.20006236928681,0.82220787323451
2017-04-23,1.902892091,67.20006332603771,0.8346279319241237
2017-04-24,1.953862415,69.0000650270005,0.8569840373022622
2017-04-25,1.936872307,68.4000644600129,0.8495320021762162
2017-04-26,1.863248506,65.8000620148382,0.8172398501095526
2017-04-27,1.817941551,64.2000604910997,0.7973677562938928
2017-04-28,1.738654381,61.4000578687007,0.7625915926647504
2017-04-29,1.636713733,57.8000544667751,0.7178793819084732
2017-04-30,1.560258247,55.1000519153309,0.6843452238412654
2017-05-01,1.565921617,55.300052127869904,0.6868292358423543
2017-05-02,1.588575094,56.100052872081804,0.6967652825308791
2017-05-03,1.653703841,58.400055033762705,0.7253314170345194
2017-05-04,2.067129801,73.0000687833747,0.9066642711834968
2017-05-05,3.511288977,124.0001168360619,1.5400872551429832
2017-05-06,5.889904091,208.00019600243772,2.5833721701577903
2017-05-07,8.041984432,284.0002676207504,3.5272966169715176
2017-05-08,9.854262614,348.00032793462583,4.322180361702932
2017-05-09,11.89307557,420.000395831879,5.2164245750740355
2017-05-10,11.63822395,411.000387327065,5.104644048183343
2017-05-11,12.23287773,432.000407171631,5.36546527759496
2017-05-12,14.04515591,496.00046741487705,6.160349021449154
2017-05-13,16.14060256,570.0005372256321,7.0794333521994846
2017-05-14,14.49822546,512.000482652262,6.359069959605752
2017-05-15,12.91248205,456.000429851135,5.663546682636807
2017-05-16,11.55327341,408.000384492127,5.067383872553111
2017-05-17,10.47723324,370.000348700628,4.595421649365552
2017-05-18,9.089707756,321.00030249081317,3.986838781908073
2017-05-19,7.900400199,279.0002629076253,3.4651963244006696
2017-05-20,7.164162188,253.0002384205636,3.142274803295425
2017-05-21,6.682775796,236.0002224030012,2.931133808642263
2017-05-22,6.852676875,242.00022803756252,3.0056541594641146
2017-05-23,7.673865426,271.00025535956223,3.36583585619959
2017-05-24,10.02416369,354.000333463243,4.396700711208953
2017-05-25,12.26119457,433.00040788117906,5.377885333214302
2017-05-26,12.06297665,426.000401501755,5.290944926334498
2017-05-27,11.35505548,401.00037775955605,4.980443461287206
2017-05-28,11.35505548,401.00037775955605,4.980443461287206
2017-05-29,13.39386844,473.00044579806803,5.87468767641275
2017-05-30,18.20773236,643.0006059736921,7.986097622944371
2017-05-31,22.59684358,798.0007519746262,9.911206691324837
2017-06-01,27.63724227,976.0009195923691,12.121977104741708
2017-06-02,33.98021591,1200.001130796877,14.904070212617487
2017-06-03,38.2277429,1350.00127219063,16.767078989742938
2017-06-04,40.20992216,1420.001338103752,17.636483084857588
2017-06-05,42.19210142,1490.0014040168742,18.505887179972248
2017-06-06,46.43962841,1640.001545410627,20.368895957097692
2017-06-07,46.43962841,1640.001545410627,20.368895957097692
2017-06-08,50.12081847,1770.0016680225092,21.983503564816974
2017-06-09,51.25349233,1810.001705586251,22.48030590362932
2017-06-10,43.32477529,1530.001441933763,19.00268952317069
2017-06-11,31.43169972,1110.0010461018842,13.786264948096658
2017-06-12,33.98021591,1200.001130796877,14.904070212617487
2017-06-13,37.94457443,1340.0012626231212,16.6428784028468
2017-06-14,26.87268742,949.000894431074,11.78663552845573
2017-06-15,21.2093181,749.00070590607,9.302623825621799
2017-06-16,24.89050815,879.0008281648051,10.917231428954972
2017-06-17,57.20003012,2020.0019036787642,25.088518193359384
2017-06-18,60.31488324,2130.0020071556282,26.454724627286385
2017-06-19,50.40398693,1780.0016772368713,22.107704147327006
2017-06-20,54.65151392,1930.001818630624,23.970712924452453
2017-06-21,60.88122017,2150.002025937499,26.703125796692557
2017-06-22,65.12874716,2300.002167331252,28.56613457381801
2017-06-23,52.66933466,1860.001752717502,23.101308829337796
2017-06-24,42.75843835,1510.0014227987451,18.75428834937842
2017-06-25,39.0772483,1380.00130054001,17.139680746045244
2017-06-26,40.77625909,1440.0013568856232,17.884884254263767
2017-06-27,41.34259602,1460.0013756674941,18.13328542366994
2017-06-28,41.05942756,1450.0013664531323,18.009084841159904
2017-06-29,33.69704744,1190.001121229368,14.779869625721348
2017-06-30,25.37189455,896.0008444648851,11.128372427117016
2017-07-01,25.25862716,892.000840567252,11.078692191481341
2017-07-02,29.16635199,1030.000970621253,12.792660266085864
2017-07-03,31.71486818,1120.001055316246,13.910465530606693
2017-07-04,39.0772483,1380.00130054001,17.139680746045244
2017-07-05,42.19210142,1490.0014040168742,18.505887179972248
2017-07-06,39.36041676,1390.001309754372,17.263881328555282
2017-07-07,40.20992216,1420.001338103752,17.636483084857588
2017-07-08,39.92675369,1410.001328536243,17.512282497961454
2017-07-09,37.94457443,1340.0012626231212,16.6428784028468
2017-07-10,36.5287321,1290.00121549187,16.021875477138316
2017-07-11,35.96239517,1270.001196709999,15.773474307732142
2017-07-12,35.11288977,1240.0011683606192,15.400872551429833
2017-07-13,31.71486818,1120.001055316246,13.910465530606693
2017-07-14,28.60001506,1010.0009518393821,12.544259096679692
2017-07-15,25.25862716,892.000840567252,11.078692191481341
2017-07-16,27.24080642,962.0009064803739,11.948096286595995
2017-07-17,27.8354602,983.0009263249401,12.208917516007615
2017-07-18,25.25862716,892.000840567252,11.078692191481341
2017-07-19,24.38080492,861.000811508324,10.693670379559688
2017-07-20,23.58793321,833.000784931187,10.345908738882164
2017-07-21,26.92932111,951.0008962033171,11.811475644080515
2017-07-22,23.92773537,845.0007962709391,10.494949441403088
2017-07-23,19.96337685,705.0006644446951,8.756141251173776
2017-07-24,17.41486065,615.000579396555,7.638335982266848
2017-07-25,16.56535526,585.000551400322,7.265734230350639
2017-07-26,15.23446347,538.000507104009,6.681991480272388
2017-07-27,14.1017896,498.00046918712,6.18518913707394
2017-07-28,14.04515591,496.00046741487705,6.160349021449154
2017-07-29,14.44159176,510.000480526872,6.3342298395948635
2017-07-30,15.40436455,544.000512773885,6.75651183153285
2017-07-31,14.61149284,516.000486196748,6.408750190855326
2017-08-01,12.94079889,457.000430560683,5.675966738256149
2017-08-02,11.86475872,419.000394769184,5.204004515068591
2017-08-03,11.1851544,395.00037208968,4.905923110026743
2017-08-04,10.56218378,373.00035153556604,4.6326818249957835
2017-08-05,10.05248054,355.000334525938,4.409120771214397
2017-08-06,9.542777302,337.0003175869394,4.185559718310232
2017-08-07,8.919806676,315.00029682093725,3.9123184306476118
2017-08-08,8.353469745,295.00027800375153,3.6639172608028288
2017-08-09,8.041984432,284.0002676207504,3.5272966169715176
2017-08-10,9.061390909,320.0003015340623,3.97441872321846
2017-08-11,10.02416369,354.000333463243,4.396700711208953
2017-08-12,9.146341449,323.0003043690003,4.0116788988486904
2017-08-13,8.211885512,290.0002732906264,3.6018169682319807
2017-08-14,7.64554858,270.00025443812603,3.3534157979485872
2017-08-15,7.334063267,259.00024405512494,3.2167951541172766
2017-08-16,7.164162188,253.0002384205636,3.142274803295425
2017-08-17,6.796043182,240.00022615937542,2.9808140425234977
2017-08-18,6.258023097,221.0002082636259,2.7448329309297175
2017-08-19,5.861587245,207.00019508100152,2.5709521119067866
2017-08-20,5.635052472,199.0001875329384,2.4715916437057075
2017-08-21,5.408517699,191.0001799848753,2.3722311755046284
2017-08-22,5.210299773,184.0001733935631,2.2852907659931625
2017-08-23,4.955448154,175.0001649240638,2.1735102395410797
2017-08-24,4.728913381,167.00015737600071,2.0741497713400006
2017-08-25,4.530695455,160.00015078468851,1.987209361828535
2017-08-26,4.332477529,153.00014419337631,1.9002689523170695
2017-08-27,4.105942756,145.0001366453132,1.8009084841159904
2017-08-28,3.90772483,138.000130054001,1.7139680746045245
2017-08-29,3.794457443,134.0001262623121,1.66428784028468
2017-08-30,3.794457443,134.0001262623121,1.66428784028468
2017-08-31,3.709506904,131.0001234626888,1.6270276650930589
2017-09-01,3.596239517,127.00011967099991,1.577347430773214
2017-09-02,3.426338438,121.00011403643862,1.5028270799513626
2017-09-03,3.284754205,116.00010932331351,1.440726787380514
2017-09-04,3.171486818,112.00010553162461,1.3910465530606695
2017-09-05,3.086536279,109.00010273200131,1.3537863778690487
2017-09-06,3.001585739,106.0000998970633,1.3165262022388176
2017-09-07,2.944952046,104.0000980188762,1.2916860852982002
2017-09-08,2.831684659,100.0000942271873,1.2420058509783556
2017-09-09,2.755229173,97.3000916757431,1.2084716929111476
2017-09-10,2.749565804,97.10009149851881,1.2059876813486687
2017-09-11,2.670278634,94.30008887611982,1.1712115177195268
2017-09-12,2.571169671,90.8000855804637,1.1277413129637939
2017-09-13,2.528694401,89.30008416299471,1.1091112251486785
2017-09-14,2.605149886,92.00008667912421,1.142645382777276
2017-09-15,3.086536279,109.00010273200131,1.3537863778690487
2017-09-16,3.369704744,119.0001121229368,1.4779869625721347
2017-09-17,3.369704744,119.0001121229368,1.4779869625721347
2017-09-18,3.454655284,122.00011495787481,1.515247138202366
2017-09-19,4.077625909,144.0001356885623,1.7884884254263762
2017-09-20,4.020992216,142.0001338103752,1.7636483084857588
2017-09-21,4.020992216,142.0001338103752,1.7636483084857588
2017-09-22,4.955448154,175.0001649240638,2.1735102395410797
2017-09-23,5.351884006,189.0001781066882,2.347391058564011
2017-09-24,5.380200852,190.0001790281244,2.3598111168150147
2017-09-25,5.323567159,188.00017714993731,2.3349709998743973
2017-09-26,5.06871554,179.000168680438,2.2231904734223145
2017-09-27,4.813863921,170.00016021093873,2.1114099469702317
2017-09-28,4.643962841,164.0001545410627,2.0368895957097695
2017-09-29,4.559012301,161.0001517061247,1.9996294200795384
2017-09-30,4.474061762,158.0001489065014,1.9623692448879178
2017-10-01,4.445744915,157.0001479497505,1.9499491861983036
2017-10-02,4.275843835,151.0001422798745,1.8754288349378418
2017-10-03,4.105942756,145.0001366453132,1.8009084841159904
2017-10-04,3.936041676,139.0001309754372,1.726388132855528
2017-10-05,3.794457443,134.0001262623121,1.66428784028468
2017-10-06,3.65287321,129.000121549187,1.6021875477138314
2017-10-07,3.511288977,124.0001168360619,1.5400872551429832
2017-10-08,3.369704744,119.0001121229368,1.4779869625721347
2017-10-09,3.199803665,113.00010648837551,1.4034666117502832
2017-10-10,3.086536279,109.00010273200131,1.3537863778690487
2017-10-11,2.973268892,105.00009894031241,1.3041061435492038
2017-10-12,2.831684659,100.0000942271873,1.2420058509783556
2017-10-13,2.664615264,94.1000886635808,1.1687275057184379
2017-10-14,2.562674617,90.5000852969699,1.1240152954007707
2017-10-15,2.409763645,85.1000801940815,1.056946979266355
2017-10-16,2.273842781,80.3000756581807,0.9973306982579855
2017-10-17,2.140753602,75.60007122854941,0.9389564232501604
2017-10-18,2.027486216,71.6000674721752,0.8892761893689256
2017-10-19,1.905723776,67.30006343230721,0.8358699379246681
2017-10-20,1.800951443,63.6000599241121,0.7899157211678464
2017-10-21,1.727327642,61.00005747893741,0.757623569101183
2017-10-22,1.66503058,58.800055423526004,0.7302994405980869
2017-10-23,1.591406778,56.2000529430366,0.6980072880928134
2017-10-24,1.475307707,52.10004908039291,0.6470850482110344
2017-10-25,1.41017896,49.800046918712006,0.618518913707394
2017-10-26,1.353545267,47.80004504052491,0.5936787967667767
2017-10-27,1.282753151,45.3000427016197,0.5626286507006577
2017-10-28,1.248772935,44.1000415676445,0.5477245804485653
2017-10-29,1.211961034,42.8000403273998,0.5315785041959283
2017-10-30,1.177980818,41.6000391934246,0.516674433943836
2017-10-31,1.112852071,39.300037031743706,0.4881082994401957
2017-11-01,1.115683756,39.4000371380132,0.4893503054407401
2017-11-02,1.158159026,40.900038555482205,0.5079803932558556
2017-11-03,1.305406628,46.1000434458316,0.5725646973891826
2017-11-04,1.446990861,51.1000481589567,0.6346649899600307
2017-11-05,1.506456239,53.20005014341331,0.6607471129011926
2017-11-06,1.466812653,51.800048796899105,0.6433590306480113
2017-11-07,1.362040321,48.1000453240187,0.5974048143297999
2017-11-08,1.350713582,47.7000449342554,0.5924367907662322
2017-11-09,1.370535375,48.4000456075125,0.6011308318928229
2017-11-10,1.36770369,48.300045501243,0.5998888258922784
2017-11-11,1.36770369,48.300045501243,0.5998888258922784
2017-11-12,1.322396736,46.7000440128192,0.5800167325152288
2017-11-13,1.347881898,47.6000448633006,0.5911947852042981
2017-11-14,1.325228421,46.8000441190887,0.5812587385157733
2017-11-15,1.271426412,44.9000423118564,0.5576606271370902
2017-11-16,1.322396736,46.7000440128192,0.5800167325152288
2017-11-17,1.444159176,51.000048052687205,0.6334229839594865
2017-11-18,1.427169068,50.4000474856996,0.6259709488334402
2017-11-19,1.435664122,50.700047769193404,0.6296969663964633
2017-11-20,1.401683906,49.5000466352182,0.6147928961443708
2017-11-21,1.432832438,50.6000476982386,0.628454960834529
2017-11-22,1.430000753,50.50004759196911,0.6272129548339846
2017-11-23,1.432832438,50.6000476982386,0.628454960834529
2017-11-24,1.478139392,52.200049186662405,0.6483270542115789
2017-11-25,1.503624554,53.1000500371438,0.6595051069006481
2017-11-26,1.472476023,52.0000490094381,0.6458430426491001
2017-11-27,1.438495807,50.8000478754629,0.6309389723970078
2017-11-28,1.381862114,48.8000459972758,0.6060988554563904
2017-11-29,1.37336706,48.50004571378201,0.6023728378933674
2017-11-30,1.308238313,46.2000435521011,0.573806703389727
2017-12-01,1.333723474,47.1000443672678,0.584984755640186
2017-12-02,1.282753151,45.3000427016197,0.5626286507006577
2017-12-03,1.24594125,44.000041461375005,0.5464825744480208
2017-12-04,1.214792719,42.900040433669304,0.5328205101964729
2017-12-05,1.172317449,41.400039016200296,0.5141904223813573
2017-12-06,1.155327341,40.8000384492127,0.5067383872553112
2017-12-07,1.098693648,38.8000365710256,0.48189827031469384
2017-12-08,1.073208486,37.9000357205442,0.47072021762562455
2017-12-09,1.010911423,35.7000336298181,0.44339608868391844
2017-12-10,0.957109415,33.8000318579005,0.4197979777438456
2017-12-11,0.91180246,32.200030334162,0.3999258839281856
2017-12-12,0.87499056,30.900029129232,0.383779808114159
2017-12-13,0.849505398,30.0000282787506,0.3726017554250897
2017-12-14,0.843842028,29.8000280662116,0.37011774342400083
2017-12-15,0.866495506,30.6000288457382,0.3800537905511359
2017-12-16,0.872158875,30.8000290229625,0.38253780211361454
2017-12-17,0.852337082,30.100028349705404,0.37384376098702393
2017-12-18,0.841010344,29.7000279952568,0.3688757378620666
2017-12-19,0.841010344,29.7000279952568,0.3688757378620666
2017-12-20,0.838178659,29.600027888987302,0.3676337318615222
2017-12-21,0.824020236,29.1000274282692,0.36142370273602037
2017-12-22,0.83251529,29.400027711763002,0.36514972029904347
2017-12-23,0.824020236,29.1000274282692,0.36142370273602037
2017-12-24,0.838178659,29.600027888987302,0.3676337318615222
2017-12-25,0.835346974,29.5000277827178,0.36639172586097773
2017-12-26,0.835346974,29.5000277827178,0.36639172586097773
2017-12-27,0.83251529,29.400027711763002,0.36514972029904347
2017-12-28,0.858000452,30.3000285622444,0.3763277729881128
2017-12-29,0.860832136,30.400028633199202,0.37756977855004703
2017-12-30,0.83251529,29.400027711763002,0.36514972029904347
2017-12-31,0.835346974,29.5000277827178,0.36639172586097773
2018-01-01,0.835346974,29.5000277827178,0.36639172586097773
2018-01-02,0.843842028,29.8000280662116,0.37011774342400083
2018-01-03,0.843842028,29.8000280662116,0.37011774342400083
2018-01-04,0.82685192,29.200027499224,0.36266570829795464
2018-01-05,0.82685192,29.200027499224,0.36266570829795464
2018-01-06,0.815525182,28.800027144775402,0.3576976851729973
2018-01-07,0.795703389,28.1000264715183,0.3490036440464067
2018-01-08,0.778713281,27.500025904530702,0.3415516089203605
2018-01-09,0.736238011,26.0000244870617,0.32292152110524497
2018-01-10,0.756059804,26.7000251603188,0.3316155622318356
2018-01-11,0.770218227,27.2000256210369,0.33782559135733736
2018-01-12,0.79004002,27.900026294294,0.34651963248392803
2018-01-13,0.79004002,27.900026294294,0.34651963248392803
2018-01-14,0.787208335,27.8000261880245,0.3452776264833835
2018-01-15,0.79004002,27.900026294294,0.34651963248392803
2018-01-16,0.801366759,28.3000266840573,0.3514876560474955
2018-01-17,0.781544966,27.600026010800203,0.3427936149209049
2018-01-18,0.761723173,26.900025337543102,0.33409957379431426
2018-01-19,0.730574642,25.8000243098374,0.3204375095427663
2018-01-20,0.710752849,25.100023636580303,0.3117434684161757
2018-01-21,0.693762742,24.500023104907402,0.3042914337287397
2018-01-22,0.682436003,24.1000227151441,0.2993234101651721
2018-01-23,0.70508948,24.900023459356003,0.309259456853697
2018-01-24,0.659782526,23.3000219709322,0.28938736347664723
2018-01-25,0.631465679,22.3000210141813,0.27696730478703346
2018-01-26,0.617307256,21.800020553463202,0.2707572756615318
2018-01-27,0.611643886,21.6000203409242,0.26827326366044285
2018-01-28,0.588990409,20.8000195967123,0.258337216971918
2018-01-29,0.586158724,20.700019490442802,0.25709521097137356
2018-01-30,0.557841878,19.7000185690066,0.24467515272037005
2018-01-31,0.535188401,18.900017824794702,0.23473910603184517
2018-02-01,0.523861662,18.5000174350314,0.2297710824682776
2018-02-02,0.509703239,18.0000169743133,0.2235610533427759
2018-02-03,0.512534923,18.100017045268103,0.2248030589047101
2018-02-04,0.566336932,20.0000188525004,0.24840117028339315
2018-02-05,0.603148832,21.3000200574304,0.2645472460974198
2018-02-06,0.639960733,22.600021297675102,0.2806933223500566
2018-02-07,0.66261421,23.400022041887002,0.29062936903858144
2018-02-08,0.659782526,23.3000219709322,0.28938736347664723
2018-02-09,0.66261421,23.400022041887002,0.29062936903858144
2018-02-10,0.696594426,24.6000231758622,0.3055334392906739
2018-02-11,0.74756475,26.400024876825,0.3278895446688125
2018-02-12,0.716416219,25.3000238491193,0.3142274804172645
2018-02-13,0.713584534,25.2000237428498,0.3129854744167201
2018-02-14,0.685267688,24.200022821413604,0.3005654161657166
2018-02-15,0.685267688,24.200022821413604,0.3005654161657166
2018-02-16,0.741901381,26.200024699600704,0.32540553310633386
2018-02-17,0.685267688,24.200022821413604,0.3005654161657166
2018-02-18,0.679604318,24.000022608874602,0.2980814041646277
2018-02-19,0.710752849,25.100023636580303,0.3117434684161757
2018-02-20,0.758891489,26.800025266588303,0.33285756823238005
2018-02-21,0.824020236,29.1000274282692,0.36142370273602037
2018-02-22,0.83251529,29.400027711763002,0.36514972029904347
2018-02-23,0.775881597,27.400025833575903,0.34030960335842625
2018-02-24,0.764554858,27.0000254438126,0.33534157979485874
2018-02-25,0.792871705,28.000026400563502,0.3477616384844725
2018-02-26,0.787208335,27.8000261880245,0.3452776264833835
2018-02-27,0.781544966,27.600026010800203,0.3427936149209049
2018-02-28,0.744733065,26.300024770555503,0.32664753866826807
2018-03-01,0.730574642,25.8000243098374,0.3204375095427663
2018-03-02,0.699426111,24.7000232821317,0.3067754452912183
2018-03-03,0.671109264,23.700022325380804,0.2943553866016046
2018-03-04,0.671109264,23.700022325380804,0.2943553866016046
2018-03-05,0.716416219,25.3000238491193,0.3142274804172645
2018-03-06,0.688099372,24.300022892368403,0.3018074217276508
2018-03-07,0.696594426,24.6000231758622,0.3055334392906739
2018-03-08,0.656950841,23.200021864662702,0.2881453574761028
2018-03-09,0.614475571,21.700020447193705,0.2695152696609873
2018-03-10,0.611643886,21.6000203409242,0.26827326366044285
2018-03-11,0.62013894,21.900020624418,0.27199928122346595
2018-03-12,0.560673563,19.800018675276103,0.24591715872091452
2018-03-13,0.538020085,19.0000178957495,0.23598111159377938
2018-03-14,0.535188401,18.900017824794702,0.23473910603184517
2018-03-15,0.611643886,21.6000203409242,0.26827326366044285
2018-03-16,0.62580231,22.100020836957,0.27448329322455484
2018-03-17,0.818356867,28.9000272510449,0.35893969117354174
2018-03-18,0.781544966,27.600026010800203,0.3427936149209049
2018-03-19,0.733406327,25.900024416106902,0.3216795155433107
2018-03-20,0.648455787,22.9000215811689,0.2844193399130797
2018-03-21,0.622970625,22.000020730687503,0.2732412872240104
2018-03-22,0.637129048,22.5000211914056,0.2794513163495122
2018-03-23,0.920297514,32.5000306176558,0.4036519014912088
2018-03-24,0.920297514,32.5000306176558,0.4036519014912088
2018-03-25,0.838178659,29.600027888987302,0.3676337318615222
2018-03-26,0.815525182,28.800027144775402,0.3576976851729973
2018-03-27,0.82685192,29.200027499224,0.36266570829795464
2018-03-28,0.846673713,29.900028172481104,0.3713597494245453
2018-03-29,0.83251529,29.400027711763002,0.36514972029904347
2018-03-30,0.809861813,28.600026967551102,0.3552136736105187
2018-03-31,0.812693497,28.700027038505905,0.35645567917245286
2018-04-01,0.83251529,29.400027711763002,0.36514972029904347
2018-04-02,0.891980668,31.500029696219602,0.3912318432402052
2018-04-03,0.846673713,29.900028172481104,0.3713597494245453
2018-04-04,0.798535074,28.200026577787803,0.35024565004695113
2018-04-05,0.767386543,27.1000255500821,0.33658358579540315
2018-04-06,0.886317298,31.300029483680603,0.3887478312391164
2018-04-07,0.91746583,32.400030546701004,0.4024098959292745
2018-04-08,0.928792568,32.800030901149604,0.4073779190542319
2018-04-09,0.894812352,31.6000297671744,0.3924738488021394
2018-04-10,0.889148983,31.4000295899501,0.3899898372396608
2018-04-11,0.886317298,31.300029483680603,0.3887478312391164
2018-04-12,0.87499056,30.900029129232,0.383779808114159
2018-04-13,0.860832136,30.400028633199202,0.37756977855004703
2018-04-14,0.838178659,29.600027888987302,0.3676337318615222
2018-04-15,0.83251529,29.400027711763002,0.36514972029904347
2018-04-16,0.852337082,30.100028349705404,0.37384376098702393
2018-04-17,0.883485614,31.200029412725804,0.38750582567718217
2018-04-18,0.866495506,30.6000288457382,0.3800537905511359
2018-04-19,0.855168767,30.200028455974902,0.37508576698756835
2018-04-20,0.968436153,34.2000322123491,0.4247660008688029
2018-04-21,1.296911574,45.8000431623378,0.5688386798261594
2018-04-22,1.752812804,61.900058329418805,0.7688016217902522
2018-04-23,2.324813105,82.10007735914351,1.0196868036361242
2018-04-24,2.237030881,79.0000744532507,0.9811846224439589
2018-04-25,2.237030881,79.0000744532507,0.9811846224439589
2018-04-26,2.888318352,102.00009610537441,1.266845967918973
2018-04-27,3.851091137,136.0001281758139,1.6891279576639073
2018-04-28,5.266933466,186.0001752717502,2.31013088293378
2018-04-29,6.14475571,217.00020447193702,2.695152696609873
2018-04-30,5.861587245,207.00019508100152,2.5709521119067866
2018-05-01,5.181982926,183.0001724368122,2.272870707303549
2018-05-02,4.587329148,162.00015266287562,2.012049478769152
2018-05-03,4.389111222,155.00014607156342,1.9251090692576869
2018-05-04,5.323567159,188.00017714993731,2.3349709998743973
2018-05-05,6.796043182,240.00022615937542,2.9808140425234977
2018-05-06,8.041984432,284.0002676207504,3.5272966169715176
2018-05-07,10.70376801,378.00035614274697,4.694782116250801
2018-05-08,12.54436304,443.00041744868804,5.50208592011044
2018-05-09,13.96020537,493.00046457993903,6.123088845818922
2018-05-10,15.65921617,553.000521278699,6.868292358423543
2018-05-11,17.13169219,605.000570182193,7.514135399756811
2018-05-12,15.57426563,550.000518443761,6.831032182793311
2018-05-13,15.20614662,537.000506041314,6.6695714202669425
2018-05-14,12.71426412,449.000423118564,5.576606271370901
2018-05-15,11.97802611,423.00039866681703,5.2536847507042665
2018-05-16,13.56376952,479.000451467944,5.949208027673211
2018-05-17,16.50872156,583.000549274932,7.2408941103397515
2018-05-18,16.53703841,584.000550337627,7.253314170345195
2018-05-19,14.951295,528.0004975365,6.55779089337625
2018-05-20,14.35664122,507.000477691934,6.296969663964632
2018-05-21,16.99010796,600.000565575012,7.452035108501794
2018-05-22,20.47308009,723.0006814543231,8.979702304955165
2018-05-23,20.98278332,741.000698110804,9.203263354350447
2018-05-24,19.82179261,700.000659484367,8.694040955532657
2018-05-25,24.52238915,866.000816115505,10.755770670814705
2018-05-26,29.44952046,1040.000980188762,12.916860852982003
2018-05-27,29.73268892,1050.000989403124,13.041061435492038
2018-05-28,28.00536128,989.000931994816,12.283437867268075
2018-05-29,29.73268892,1050.000989403124,13.041061435492038
2018-05-30,34.26338438,1210.001140364386,15.028270799513622
2018-05-31,39.92675369,1410.001328536243,17.512282497961454
2018-06-01,42.19210142,1490.0014040168742,18.505887179972248
2018-06-02,27.92041074,986.0009291598781,12.246177691637843
2018-06-03,24.74892392,874.000823557624,10.855131137699955
2018-06-04,33.98021591,1200.001130796877,14.904070212617487
2018-06-05,44.17428068,1560.0014699299961,19.375291275086905
2018-06-06,46.43962841,1640.001545410627,20.368895957097692
2018-06-07,47.00596534,1660.001564192498,20.61729712650387
2018-06-08,44.45744915,1570.0014794975052,19.499491861983042
2018-06-09,43.04160682,1520.001432366254,18.878488936274554
2018-06-10,43.32477529,1530.001441933763,19.00268952317069
2018-06-11,33.41387898,1180.0011120150061,14.655669043211315
2018-06-12,25.3435777,895.0008434021901,11.115952367111573
2018-06-13,25.03209239,884.000833125133,10.979331724596092
2018-06-14,31.43169972,1110.0010461018842,13.786264948096658
2018-06-15,38.51091137,1360.0012817581392,16.89127957663907
2018-06-16,33.41387898,1180.0011120150061,14.655669043211315
2018-06-17,34.26338438,1210.001140364386,15.028270799513622
2018-06-18,62.86339943,2220.002091850621,27.572529891807214
2018-06-19,39.92675369,1410.001328536243,17.512282497961454
2018-06-20,23.61625006,834.000785993882,10.358328798887609
2018-06-21,18.80238614,664.0006258182581,8.246918852355988
2018-06-22,19.76515892,698.000657712124,8.669200839907873
2018-06-23,19.566941,691.0006513327,8.582260433028068
2018-06-24,17.52812804,619.000583294188,7.688016217902522
2018-06-25,17.21664273,608.000573017131,7.551395575387043
2018-06-26,19.19882199,678.000638930253,8.420799670501697
2018-06-27,22.68179412,801.000754809564,9.948466866955068
2018-06-28,23.13486367,817.0007700469491,10.147187805111669
2018-06-29,21.74733818,768.000723625246,9.538604935022526
2018-06-30,17.41486065,615.000579396555,7.638335982266848
2018-07-01,14.13010645,499.000470249815,6.197609197079384
2018-07-02,12.57267989,444.00041851138303,5.514505980115884
2018-07-03,13.08238313,462.000435521011,5.738067033897269
2018-07-04,12.99743259,459.00043268607305,5.700806858267039
2018-07-05,12.91248205,456.000429851135,5.663546682636807
2018-07-06,14.04515591,496.00046741487705,6.160349021449154
2018-07-07,15.20614662,537.000506041314,6.6695714202669425
2018-07-08,15.99901832,565.0005322653041,7.017333056558365
2018-07-09,15.82911724,559.000526595428,6.942812705297903
2018-07-10,15.46099824,546.000514546128,6.781351947157637
2018-07-11,15.29109716,540.0005088762521,6.7068315958971745
2018-07-12,14.24337384,503.000474147448,6.24728943271506
2018-07-13,12.65763043,447.000421346321,5.551766155746114
2018-07-14,11.55327341,408.000384492127,5.067383872553111
2018-07-15,10.73208486,379.000357205442,4.707202176256246
2018-07-16,9.910896307,350.00032981281294,4.347020478643549
2018-07-17,9.656044688,341.0003213433136,4.235239952191467
2018-07-18,9.486143608,335.0003156734376,4.160719600931005
2018-07-19,9.231291989,326.00030720393835,4.048939074478922
2018-07-20,8.863172983,313.00029494275014,3.887478313706994
2018-07-21,8.353469745,295.00027800375153,3.6639172608028288
2018-07-22,8.126934972,287.00027045568845,3.5645567926017496
2018-07-23,8.098618125,286.0002694989375,3.5521367339121355
2018-07-24,7.843766506,277.0002610294382,3.4403562074600527
2018-07-25,7.447330654,263.0002478468138,3.2664753884371214
2018-07-26,7.107528495,251.00023654237654,3.117434686354808
2018-07-27,6.739409489,238.0002242811883,2.95597392558288
2018-07-28,6.456241023,228.0002148549381,2.8317733404411833
2018-07-29,6.201389404,219.00020638543882,2.719992813989101
2018-07-30,5.861587245,207.00019508100152,2.5709521119067866
2018-07-31,5.521785085,195.00018374124951,2.421911409385863
2018-08-01,5.266933466,186.0001752717502,2.31013088293378
2018-08-02,5.097032387,180.0001696371889,2.2356105321119277
2018-08-03,4.927131307,174.00016396731291,2.161090180851466
2018-08-04,4.700596534,166.0001564192498,2.061729712650387
2018-08-05,4.587329148,162.00015266287562,2.012049478769152
2018-08-06,4.417428068,156.00014699299962,1.9375291275086903
2018-08-07,4.219210142,149.0001404016874,1.8505887179972245
2018-08-08,4.020992216,142.0001338103752,1.7636483084857588
2018-08-09,3.82277429,135.00012721906302,1.6767078989742936
2018-08-10,3.709506904,131.0001234626888,1.6270276650930589
2018-08-11,3.681190057,130.0001225059379,1.6146076064034451
2018-08-12,3.851091137,136.0001281758139,1.6891279576639073
2018-08-13,3.936041676,139.0001309754372,1.726388132855528
2018-08-14,3.624556364,128.00012062775082,1.589767489462828
2018-08-15,3.454655284,122.00011495787481,1.515247138202366
2018-08-16,3.199803665,113.00010648837551,1.4034666117502832
2018-08-17,3.001585739,106.0000998970633,1.3165262022388176
2018-08-18,3.114853125,110.00010365343749,1.366206436120052
2018-08-19,3.199803665,113.00010648837551,1.4034666117502832
2018-08-20,3.001585739,106.0000998970633,1.3165262022388176
2018-08-21,2.860001506,101.00009518393821,1.2544259096679693
2018-08-22,2.735407381,96.60009103780071,1.1997776522231671
2018-08-23,2.684437057,94.8000893368379,1.1774215468450284
2018-08-24,2.602318202,91.90008660816942,1.141403377215342
2018-08-25,2.551347878,90.10008490720661,1.1190472718372035
2018-08-26,2.497545869,88.20008309997431,1.0954491604585204
2018-08-27,2.517367662,88.9000837732314,1.104143201585111
2018-08-28,2.489050815,87.9000828164805,1.0917231428954972
2018-08-29,2.429585438,85.80008086733861,1.0656410203929458
2018-08-30,2.384278483,84.20007934360011,1.0457689265772858
2018-08-31,2.338971528,82.60007781986161,1.0258968327616258
2018-09-01,2.279506151,80.50007587071971,0.9998147102590744
2018-09-02,2.211545719,78.10007360276931,0.9700065697548895
2018-09-03,2.12093181,74.900070590607,0.9302623825621799
2018-09-04,2.013327793,71.10006701145711,0.8830661602434241
2018-09-05,1.911387145,67.50006360953151,0.8383539494871468
2018-09-06,1.809446497,63.900060207605904,0.7936417387308695
2018-09-07,1.704674165,60.2000567347255,0.7476875224126581
2018-09-08,1.631050364,57.600054289550805,0.7153953703459947
2018-09-09,1.557426563,55.0000518443761,0.6831032182793311
2018-09-10,1.472476023,52.0000490094381,0.6458430426491001
2018-09-11,1.427169068,50.4000474856996,0.6259709488334402
2018-09-12,1.387525483,49.0000461745001,0.6085828670188691
2018-09-13,1.353545267,47.80004504052491,0.5936787967667767
2018-09-14,1.325228421,46.8000441190887,0.5812587385157733
2018-09-15,1.291248205,45.600042985113504,0.5663546682636807
2018-09-16,1.243109565,43.9000413551055,0.5452405684474764
2018-09-17,1.214792719,42.900040433669304,0.5328205101964729
2018-09-18,1.197802611,42.3000398666817,0.5253684750704266
2018-09-19,1.16099071,41.000038626437004,0.5092223988177899
2018-09-20,1.112852071,39.300037031743706,0.4881082994401957
2018-09-21,1.07604017,38.000035791499,0.47196222318755876
2018-09-22,1.025069847,36.2000341258509,0.44960611824803043
2018-09-23,0.979762892,34.6000326021124,0.42973402443237046
2018-09-24,0.957109415,33.8000318579005,0.4197979777438456
2018-09-25,0.937287622,33.100031184643406,0.411103936617255
2018-09-26,0.920297514,32.5000306176558,0.4036519014912088
2018-09-27,0.908970776,32.1000302632072,0.3986838783662514
2018-09-28,0.900475722,31.800029979713404,0.39495786080322837
2018-09-29,0.897644037,31.7000298734439,0.3937158548026839
2018-09-30,0.900475722,31.800029979713404,0.39495786080322837
2018-10-01,0.91180246,32.200030334162,0.3999258839281856
2018-10-02,0.923129199,32.6000307239253,0.40489390749175325
2018-10-03,0.934455938,33.00003111368861,0.40986193105532076
2018-10-04,0.965604469,34.1000321413943,0.4235239953068687
2018-10-05,1.047723324,37.0000348700628,0.4595421649365552
2018-10-06,1.093030278,38.600036358486605,0.47941425831360507
2018-10-07,1.101525332,38.9000366419804,0.4831402758766281
2018-10-08,1.078871855,38.10003589776851,0.47320422918810323
2018-10-09,1.036396585,36.600034480299506,0.45457414137298774
2018-10-10,1.025069847,36.2000341258509,0.44960611824803043
2018-10-11,1.010911423,35.7000336298181,0.44339608868391844
2018-10-12,0.988257946,34.9000328856062,0.43346004199539356
2018-10-13,0.974099523,34.4000324248881,0.42725001286989184
2018-10-14,0.959941099,33.900031928855306,0.42103998330577985
2018-10-15,0.900475722,31.800029979713404,0.39495786080322837
2018-10-16,0.860832136,30.400028633199202,0.37756977855004703
2018-10-17,0.841010344,29.7000279952568,0.3688757378620666
2018-10-18,0.821188551,29.000027321999703,0.36018169673547595
2018-10-19,0.809861813,28.600026967551102,0.3552136736105187
2018-10-20,0.801366759,28.3000266840573,0.3514876560474955
2018-10-21,0.795703389,28.1000264715183,0.3490036440464067
2018-10-22,0.792871705,28.000026400563502,0.3477616384844725
2018-10-23,0.787208335,27.8000261880245,0.3452776264833835
2018-10-24,0.79004002,27.900026294294,0.34651963248392803
2018-10-25,0.778713281,27.500025904530702,0.3415516089203605
2018-10-26,0.756059804,26.7000251603188,0.3316155622318356
2018-10-27,0.739069696,26.100024593331202,0.32416352710578944
2018-10-28,0.724911273,25.600024132613104,0.31795349798028766
2018-10-29,0.719247903,25.4000239200741,0.3154694859791987
2018-10-30,0.716416219,25.3000238491193,0.3142274804172645
2018-10-31,0.713584534,25.2000237428498,0.3129854744167201
2018-11-01,0.761723173,26.900025337543102,0.33409957379431426
2018-11-02,0.773049912,27.3000257273064,0.3390675973578818
2018-11-03,0.795703389,28.1000264715183,0.3490036440464067
2018-11-04,0.773049912,27.3000257273064,0.3390675973578818
2018-11-05,0.744733065,26.300024770555503,0.32664753866826807
2018-11-06,0.733406327,25.900024416106902,0.3216795155433107
2018-11-07,0.730574642,25.8000243098374,0.3204375095427663
2018-11-08,0.70508948,24.900023459356003,0.309259456853697
2018-11-09,0.693762742,24.500023104907402,0.3042914337287397
2018-11-10,0.716416219,25.3000238491193,0.3142274804172645
2018-11-11,0.673940949,23.8000224316503,0.29559739260214907
2018-11-12,0.634297364,22.400021120450802,0.27820931078757793
2018-11-13,0.654119156,23.100021758393204,0.2869033514755584
2018-11-14,0.631465679,22.3000210141813,0.27696730478703346
2018-11-15,0.603148832,21.3000200574304,0.2645472460974198
2018-11-16,0.574831986,20.3000191359942,0.25212718784641625
2018-11-17,0.597485463,21.1000198802061,0.2620632345349411
2018-11-18,0.603148832,21.3000200574304,0.2645472460974198
2018-11-19,0.557841878,19.7000185690066,0.24467515272037005
2018-11-20,0.535188401,18.900017824794702,0.23473910603184517
2018-11-21,0.509703239,18.0000169743133,0.2235610533427759
2018-11-22,0.492713131,17.4000164073257,0.2161090182167297
2018-11-23,0.512534923,18.100017045268103,0.2248030589047101
2018-11-24,0.574831986,20.3000191359942,0.25212718784641625
2018-11-25,0.588990409,20.8000195967123,0.258337216971918
2018-11-26,0.580495355,20.500019313218502,0.25461119940889493
2018-11-27,0.594653778,21.0000197739366,0.26082122853439665
2018-11-28,0.586158724,20.700019490442802,0.25709521097137356
2018-11-29,0.591822094,20.9000197029818,0.25957922297246244
2018-11-30,0.62580231,22.100020836957,0.27448329322455484
2018-12-01,0.628633994,22.2000209079118,0.27572529878648905
2018-12-02,0.637129048,22.5000211914056,0.2794513163495122
2018-12-03,0.622970625,22.000020730687503,0.2732412872240104
2018-12-04,0.639960733,22.600021297675102,0.2806933223500566
2018-12-05,0.603148832,21.3000200574304,0.2645472460974198
2018-12-06,0.586158724,20.700019490442802,0.25709521097137356
2018-12-07,0.560673563,19.800018675276103,0.24591715872091452
2018-12-08,0.555010193,19.6000184627371,0.2434331467198256
2018-12-09,0.481386392,17.0000160175624,0.2111409946531621
2018-12-10,0.4983765,17.60001658455,0.21859302977920833
2018-12-11,0.472891338,16.7000157340686,0.207414977090139
2018-12-12,0.441742807,15.600014706362902,0.19375291283859108
2018-12-13,0.444574491,15.700014777317701,0.19499491840052527
2018-12-14,0.447406176,15.8000148835872,0.1962369244010697
2018-12-15,0.402099222,14.2000133951634,0.17636483102402
2018-12-16,0.359623952,12.700011977694402,0.1577347432089045
2018-12-17,0.342633844,12.100011410706802,0.1502827080828583
2018-12-18,0.32847542,11.600010914674002,0.1440726785187463
2018-12-19,0.339802159,12.000011304437301,0.14904070208231385
2018-12-20,0.356792267,12.6000118714249,0.15649273720836004
2018-12-21,0.342633844,12.100011410706802,0.1502827080828583
2018-12-22,0.351128898,12.400011694200602,0.1540087256458814
2018-12-23,0.348297213,12.3000115879311,0.15276671964533695
2018-12-24,0.331307105,11.700011020943501,0.14531468451929072
2018-12-25,0.345465528,12.200011481661601,0.1515247136447925
2018-12-26,0.356792267,12.6000118714249,0.15649273720836004
2018-12-27,0.365287321,12.9000121549187,0.16021875477138314
2018-12-28,0.351128898,12.400011694200602,0.1540087256458814
2018-12-29,0.33413879,11.800011127213,0.1465566905198352
2018-12-30,0.331307105,11.700011020943501,0.14531468451929072
2018-12-31,0.317148682,11.200010560225401,0.13910465539378897
2019-01-01,0.300158574,10.600009993237801,0.13165262026774277
2019-01-02,0.302990259,10.7000100995073,0.1328946262682872
2019-01-03,0.319980366,11.300010631180202,0.1403466609557232
2019-01-04,0.331307105,11.700011020943501,0.14531468451929072
2019-01-05,0.336970474,11.900011198167801,0.1477986960817694
2019-01-06,0.336970474,11.900011198167801,0.1477986960817694
2019-01-07,0.339802159,12.000011304437301,0.14904070208231385
2019-01-08,0.339802159,12.000011304437301,0.14904070208231385
2019-01-09,0.342633844,12.100011410706802,0.1502827080828583
2019-01-10,0.339802159,12.000011304437301,0.14904070208231385
2019-01-11,0.336970474,11.900011198167801,0.1477986960817694
2019-01-12,0.33413879,11.800011127213,0.1465566905198352
2019-01-13,0.331307105,11.700011020943501,0.14531468451929072
2019-01-14,0.331307105,11.700011020943501,0.14531468451929072
2019-01-15,0.33413879,11.800011127213,0.1465566905198352
2019-01-16,0.342633844,12.100011410706802,0.1502827080828583
2019-01-17,0.351128898,12.400011694200602,0.1540087256458814
2019-01-18,0.353960582,12.500011765155401,0.1552507312078156
2019-01-19,0.356792267,12.6000118714249,0.15649273720836004
2019-01-20,0.359623952,12.700011977694402,0.1577347432089045
2019-01-21,0.359623952,12.700011977694402,0.1577347432089045
2019-01-22,0.362455636,12.8000120486492,0.15897674877083873
2019-01-23,0.362455636,12.8000120486492,0.15897674877083873
2019-01-24,0.359623952,12.700011977694402,0.1577347432089045
2019-01-25,0.356792267,12.6000118714249,0.15649273720836004
2019-01-26,0.353960582,12.500011765155401,0.1552507312078156
2019-01-27,0.348297213,12.3000115879311,0.15276671964533695
2019-01-28,0.353960582,12.500011765155401,0.1552507312078156
2019-01-29,0.362455636,12.8000120486492,0.15897674877083873
2019-01-30,0.365287321,12.9000121549187,0.16021875477138314
2019-01-31,0.37095069,13.100012332143002,0.16270276633386183
2019-02-01,0.37661406,13.300012544682,0.16518677833495068
2019-02-02,0.382277429,13.5000127219063,0.16767078989742937
2019-02-03,0.393604168,13.9000131116696,0.17263881346099688
2019-02-04,0.410594276,14.5000136786572,0.1800908485870431
2019-02-05,0.430416068,15.200014316599601,0.18878488927502352
2019-02-06,0.441742807,15.600014706362902,0.19375291283859108
2019-02-07,0.450237861,15.900014989856702,0.19747893040161418
2019-02-08,0.461564599,16.3000153443053,0.2024469535265715
2019-02-09,0.472891338,16.7000157340686,0.207414977090139
2019-02-10,0.484218077,17.100016123831903,0.2123830006537066
2019-02-11,0.4983765,17.60001658455,0.21859302977920833
2019-02-12,0.509703239,18.0000169743133,0.2235610533427759
2019-02-13,0.523861662,18.5000174350314,0.2297710824682776
2019-02-14,0.532356716,18.8000177185252,0.23349710003130075
2019-02-15,0.54085177,19.100018002019,0.23722311759432382
2019-02-16,0.549346824,19.4000182855128,0.24094913515734692
2019-02-17,0.555010193,19.6000184627371,0.2434331467198256
2019-02-18,0.560673563,19.800018675276103,0.24591715872091452
2019-02-19,0.572000301,20.2000190297247,0.2508851818458718
2019-02-20,0.580495355,20.500019313218502,0.25461119940889493
2019-02-21,0.58332704,20.600019419488003,0.2558532054094394
2019-02-22,0.58332704,20.600019419488003,0.2558532054094394
2019-02-23,0.58332704,20.600019419488003,0.2558532054094394
2019-02-24,0.58332704,20.600019419488003,0.2558532054094394
2019-02-25,0.580495355,20.500019313218502,0.25461119940889493
2019-02-26,0.586158724,20.700019490442802,0.25709521097137356
2019-02-27,0.600317148,21.200019986475603,0.26330524053548554
2019-02-28,0.611643886,21.6000203409242,0.26827326366044285
2019-03-01,0.62013894,21.900020624418,0.27199928122346595
2019-03-02,0.631465679,22.3000210141813,0.27696730478703346
2019-03-03,0.639960733,22.600021297675102,0.2806933223500566
2019-03-04,0.645624102,22.8000214748994,0.28317733391253525
2019-03-05,0.642792418,22.7000214039446,0.28193532835060103
2019-03-06,0.631465679,22.3000210141813,0.27696730478703346
2019-03-07,0.62013894,21.900020624418,0.27199928122346595
2019-03-08,0.608812202,21.5000202699694,0.26703125809850864
2019-03-09,0.594653778,21.0000197739366,0.26082122853439665
2019-03-10,0.569168616,20.100018923455202,0.24964317584532736
2019-03-11,0.538020085,19.0000178957495,0.23598111159377938
2019-03-12,0.504039869,17.8000167617743,0.221077041341687
2019-03-13,0.467227969,16.500015556844303,0.20493096552766038
2019-03-14,0.430416068,15.200014316599601,0.18878488927502352
2019-03-15,0.402099222,14.2000133951634,0.17636483102402
2019-03-16,0.379445744,13.4000126156368,0.1664287838968849
2019-03-17,0.351128898,12.400011694200602,0.1540087256458814
2019-03-18,0.308653628,10.900010276731601,0.1353786378307659
2019-03-19,0.269859548,9.530008979755602,0.11836315759705303
2019-03-20,0.25286944,8.930008412768,0.11091112247100683
2019-03-21,0.240976364,8.510008001750801,0.10569469770733039
2019-03-22,0.214924866,7.5900071653302,0.09426824425676242
2019-03-23,0.224269425,7.9200074630475,0.09836686340064375
2019-03-24,0.242392207,8.560008072542901,0.10631570092690773
2019-03-25,0.244374386,8.6300081292742,0.10718510490798372
2019-03-26,0.241542701,8.5300080230047,0.10594309890743928
2019-03-27,0.236162501,8.3400078740647,0.10358328816432018
2019-03-28,0.231914974,8.1900077323178,0.10172027938280864
2019-03-29,0.251736766,8.890008370260201,0.11041432007078907
2019-03-30,0.2675942,9.45000889474,0.11736955279661747
2019-03-31,0.430416068,15.200014316599601,0.18878488927502352
2019-04-01,0.257966472,9.110008568738401,0.11314673283337659
2019-04-02,0.25655063,9.060008533261001,0.11252573005240948
2019-04-03,0.269859548,9.530008979755602,0.11836315759705303
2019-04-04,0.271841727,9.6000090364869,0.11923256157812903
2019-04-05,0.385109114,13.6000128281758,0.16891279589797378
2019-04-06,0.458732915,16.200015273350502,0.20120494796463725
2019-04-07,0.365287321,12.9000121549187,0.16021875477138314
2019-04-08,0.331307105,11.700011020943501,0.14531468451929072
2019-04-09,0.396435852,14.0000131826244,0.1738808190229311
2019-04-10,0.41342596,14.600013749612,0.18133285414897732
2019-04-11,0.382277429,13.5000127219063,0.16767078989742937
2019-04-12,0.37095069,13.100012332143002,0.16270276633386183
2019-04-13,0.365287321,12.9000121549187,0.16021875477138314
2019-04-14,0.37095069,13.100012332143002,0.16270276633386183
2019-04-15,0.421921014,14.9000140331058,0.18505887171200042
2019-04-16,0.444574491,15.700014777317701,0.19499491840052527
2019-04-17,0.472891338,16.7000157340686,0.207414977090139
2019-04-18,0.521029977,18.4000173287619,0.22852907646773318
2019-04-19,0.690931057,24.4000229986379,0.3030494277281952
2019-04-20,1.010911423,35.7000336298181,0.44339608868391844
2019-04-21,1.45265423,51.30004833618101,0.6371490015225095
2019-04-22,1.636713733,57.8000544667751,0.7178793819084732
2019-04-23,1.860416821,65.7000619085687,0.8159978441090081
2019-04-24,2.36445669,83.500078670343,1.037074885450695
2019-04-25,2.800536128,98.9000931994816,1.2283437867268074
2019-04-26,3.369704744,119.0001121229368,1.4779869625721347
2019-04-27,3.199803665,113.00010648837551,1.4034666117502832
2019-04-28,2.973268892,105.00009894031241,1.3041061435492038
2019-04-29,2.65612021,93.800088380087,1.1650014881554147
2019-04-30,2.500377554,88.3000832062438,1.0966911664590648
2019-05-01,2.387110168,84.3000794498696,1.04701093257783
2019-05-02,2.197387296,77.6000731420512,0.9637965406293877
2019-05-03,2.072793171,73.2000689959137,0.9091482831845856
2019-05-04,2.041644639,72.1000679328933,0.8954862184944274
2019-05-05,2.143585287,75.7000713348189,0.9401984292507048
2019-05-06,2.421090384,85.5000805838448,1.0619150028299227
2019-05-07,2.78354602,98.30009263249401,1.2208917516007614
2019-05-08,2.800536128,98.9000931994816,1.2283437867268074
2019-05-09,2.670278634,94.30008887611982,1.1712115177195268
2019-05-10,2.627803364,92.80008745865081,1.1525814299044113
2019-05-11,2.78354602,98.30009263249401,1.2208917516007614
2019-05-12,3.482972131,123.00011591462571,1.5276671968919795
2019-05-13,5.266933466,186.0001752717502,2.31013088293378
2019-05-14,7.220795881,255.00024029875073,3.1671149202360422
2019-05-15,8.863172983,313.00029494275014,3.887478313706994
2019-05-16,11.77980818,416.000391934246,5.16674433943836
2019-05-17,11.97802611,423.00039866681703,5.2536847507042665
2019-05-18,9.712678381,343.0003232215007,4.2600800691320835
2019-05-19,8.381786591,296.0002789251877,3.6763373190538315
2019-05-20,7.673865426,271.00025535956223,3.36583585619959
2019-05-21,7.050894801,249.00023462887472,3.0925945689755805
2019-05-22,6.48455787,229.000215811689,2.844193399130797
2019-05-23,5.833270398,206.0001941242506,2.558532053217173
2019-05-24,5.578418779,197.0001856547513,2.44675152676509
2019-05-25,5.15366608,182.000171515376,2.260450649052545
2019-05-26,4.927131307,174.00016396731291,2.161090180851466
2019-05-27,5.097032387,180.0001696371889,2.2356105321119277
2019-05-28,5.266933466,186.0001752717502,2.31013088293378
2019-05-29,5.918220938,209.00019695918863,2.595792228847404
2019-05-30,6.371290483,225.0002120200001,2.7945131648109522
2019-05-31,7.56059804,267.000251603188,3.316155622318356
2019-06-01,8.523370824,301.00028363831285,3.7384376116246805
2019-06-02,10.98693648,388.00036571025606,4.818982703146939
2019-06-03,14.80971077,523.0004929293191,6.495690602121233
2019-06-04,18.80238614,664.0006258182581,8.246918852355988
2019-06-05,25.65506301,906.000853679247,11.252573009627051
2019-06-06,30.86536279,1090.001027320013,13.537863778690484
2019-06-07,47.57230227,1680.001582974369,20.86569829591004
2019-06-08,47.00596534,1660.001564192498,20.61729712650387
2019-06-09,29.44952046,1040.000980188762,12.916860852982003
2019-06-10,21.46416972,758.000714410884,9.414404352512491
2019-06-11,21.09605071,745.0007020084371,9.252943589986124
2019-06-12,26.95763796,952.0008972660121,11.823895704085961
2019-06-13,35.39605824,1250.001177928128,15.525073138325972
2019-06-14,36.81190057,1300.001225059379,16.14607606403445
2019-06-15,37.09506904,1310.001234626888,16.270276650930587
2019-06-16,37.94457443,1340.0012626231212,16.6428784028468
2019-06-17,37.66140597,1330.0012534087589,16.51867782033676
2019-06-18,35.11288977,1240.0011683606192,15.400872551429833
2019-06-19,38.51091137,1360.0012817581392,16.89127957663907
2019-06-20,35.39605824,1250.001177928128,15.525073138325972
2019-06-21,22.79506151,805.0007587071971,9.998147102590742
2019-06-22,16.33882048,577.000543605056,7.1663737590792875
2019-06-23,14.61149284,516.000486196748,6.408750190855326
2019-06-24,13.13901682,464.00043729325404,5.762907149522056
2019-06-25,14.44159176,510.000480526872,6.3342298395948635
2019-06-26,18.94397037,669.000630425439,8.309019143611005
2019-06-27,25.45684509,899.0008472998231,11.165632602747246
2019-06-28,29.44952046,1040.000980188762,12.916860852982003
2019-06-29,32.28120511,1140.0010740981172,14.158866700012867
2019-06-30,34.82972131,1230.001159146257,15.276671968919795
2019-07-01,30.58219432,1080.0010177525041,13.413663191794349
2019-07-02,27.94872759,987.0009302225731,12.258597751643288
2019-07-03,26.75942003,945.0008905334411,11.736955292820054
2019-07-04,22.56852673,797.000750911931,9.898786631319393
2019-07-05,19.00060406,671.0006321976821,8.333859259235792
2019-07-06,18.60416821,657.000619085687,8.159978441090082
2019-07-07,18.91565352,668.000629362744,8.29659908360556
2019-07-08,19.90674315,703.0006623193051,8.731301131162889
2019-07-09,19.39703992,685.0006456628241,8.507740081767606
2019-07-10,15.71584986,555.0005230509421,6.893132474048329
2019-07-11,14.35664122,507.000477691934,6.296969663964632
2019-07-12,15.91406778,562.000529430366,6.980072880928133
2019-07-13,16.05565202,567.000534390694,7.0421731765692535
2019-07-14,14.30000753,505.00047591969104,6.272129548339846
2019-07-15,15.03624554,531.000500371438,6.59505106900648
2019-07-16,15.20614662,537.000506041314,6.6695714202669425
2019-07-17,13.42218528,474.00044650761606,5.887107732032092
2019-07-18,12.17624403,430.000405046241,5.34062515758407
2019-07-19,12.23287773,432.000407171631,5.36546527759496
2019-07-20,12.40277881,438.000412841507,5.439985628855421
2019-07-21,11.72317449,414.00039016200304,5.141904223813573
2019-07-22,10.16574793,359.000338423571,4.458801006850074
2019-07-23,8.948123523,316.0002977776881,3.924738489337225
2019-07-24,8.126934972,287.00027045568845,3.5645567926017496
2019-07-25,7.362380114,260.0002450118758,3.2292152128068903
2019-07-26,6.711092642,237.0002233244374,2.9435538668932666
2019-07-27,6.258023097,221.0002082636259,2.7448329309297175
2019-07-28,6.003171478,212.0001997941266,2.633052404477635
2019-07-29,5.918220938,209.00019695918863,2.595792228847404
2019-07-30,5.804953551,205.0001931674997,2.5461119945275588
2019-07-31,5.578418779,197.0001856547513,2.44675152676509
2019-08-01,5.408517699,191.0001799848753,2.3722311755046284
2019-08-02,5.125349233,181.0001705586251,2.2480305903629314
2019-08-03,4.813863921,170.00016021093873,2.1114099469702317
2019-08-04,4.587329148,162.00015266287562,2.012049478769152
2019-08-05,4.445744915,157.0001479497505,1.9499491861983036
2019-08-06,4.304160682,152.0001432366254,1.8878488936274556
2019-08-07,4.219210142,149.0001404016874,1.8505887179972245
2019-08-08,4.134259602,146.0001375667494,1.8133285423669936
2019-08-09,4.049309063,143.0001347671261,1.776068367175373
2019-08-10,3.879407983,137.00012909725012,1.701548015914911
2019-08-11,3.681190057,130.0001225059379,1.6146076064034451
2019-08-12,3.511288977,124.0001168360619,1.5400872551429832
2019-08-13,3.341387898,118.0001112015006,1.4655669043211315
2019-08-14,3.086536279,109.00010273200131,1.3537863778690487
2019-08-15,2.916635199,103.0000970621253,1.2792660266085865
2019-08-16,2.749565804,97.10009149851881,1.2059876813486687
2019-08-17,2.387110168,84.3000794498696,1.04701093257783
2019-08-18,2.171902134,76.70007229156981,0.9526184879403186
2019-08-19,2.101110017,74.20006991734991,0.9215683414355891
2019-08-20,2.030317901,71.7000675784447,0.8905181953694702
2019-08-21,1.985010946,70.1000660547062,0.8706461015538103
2019-08-22,1.925545568,68.0000640702496,0.8445639786126484
2019-08-23,1.868911875,66.0000621920625,0.8197238616720313
2019-08-24,1.806614813,63.8000601366511,0.7923997331689353
2019-08-25,1.730159327,61.100057585206905,0.7588655751017275
2019-08-26,1.662198895,58.7000553172565,0.7290574345975426
2019-08-27,1.585743409,56.000052765812306,0.6955232765303347
2019-08-28,1.497961185,52.900049859919505,0.6570210953381694
2019-08-29,1.418674014,50.10004720220581,0.6222449312704171
2019-08-30,1.356376952,47.900045146794405,0.5949208027673211
2019-08-31,1.268594727,44.800042205586905,0.5564186211365457
2019-09-01,1.197802611,42.3000398666817,0.5253684750704266
2019-09-02,1.112852071,39.300037031743706,0.4881082994401957
2019-09-03,1.059050063,37.4000352598261,0.46451018850012277
2019-09-04,1.008079739,35.6000335588633,0.4421540831219842
2019-09-05,0.991089631,35.000032991875706,0.43470204799593803
2019-09-06,0.999584685,35.3000332753695,0.4384280655589611
2019-09-07,0.985426261,34.8000327793367,0.4322180359948491
2019-09-08,1.036396585,36.600034480299506,0.45457414137298774
2019-09-09,1.084535224,38.300036074992796,0.47568824075058186
2019-09-10,1.112852071,39.300037031743706,0.4881082994401957
2019-09-11,1.308238313,46.2000435521011,0.573806703389727
2019-09-12,1.441327492,50.900047981732406,0.6321809783975523
2019-09-13,1.512119608,53.4000503206376,0.6632311244636712
2019-09-14,1.585743409,56.000052765812306,0.6955232765303347
2019-09-15,1.614060256,57.0000537225632,0.7079433352199485
2019-09-16,1.62255531,57.300054006057,0.7116693527829716
2019-09-17,1.650872156,58.3000549274932,0.7240894110339751
2019-09-18,1.653703841,58.400055033762705,0.7253314170345194
2019-09-19,1.633882048,57.700054360505604,0.7166373759079289
2019-09-20,1.687684057,59.600056167737904,0.7402354872866119
2019-09-21,1.82926829,64.600060880863,0.8023357798574601
2019-09-22,1.925545568,68.0000640702496,0.8445639786126484
2019-09-23,2.013327793,71.10006701145711,0.8830661602434241
2019-09-24,2.033149585,71.8000676493995,0.8917602009314044
2019-09-25,2.033149585,71.8000676493995,0.8917602009314044
2019-09-26,1.990674315,70.3000662319305,0.8731301131162889
2019-09-27,1.922713884,67.9000639992948,0.8433219730507143
2019-09-28,2.152080341,76.0000716183127,0.9439244468137278
2019-09-29,3.001585739,106.0000998970633,1.3165262022388176
2019-09-30,3.199803665,113.00010648837551,1.4034666117502832
2019-10-01,3.114853125,110.00010365343749,1.366206436120052
2019-10-02,3.058219432,108.0001017752504,1.341366319179435
2019-10-03,2.944952046,104.0000980188762,1.2916860852982002
2019-10-04,2.888318352,102.00009610537441,1.266845967918973
2019-10-05,2.828852975,99.90009415623251,1.2407638454164214
2019-10-06,2.743902435,96.9000913212945,1.20350366978619
2019-10-07,2.658951895,93.90008848635651,1.1662434941559592
2019-10-08,2.582496409,91.20008593491231,1.1327093360887512
2019-10-09,2.489050815,87.9000828164805,1.0917231428954972
2019-10-10,2.350298267,83.0000782096249,1.0308648563251934
2019-10-11,2.208714034,78.00007349649981,0.9687645637543452
2019-10-12,2.152080341,76.0000716183127,0.9439244468137278
2019-10-13,2.010496108,71.0000669051876,0.8818241542428794
2019-10-14,1.868911875,66.0000621920625,0.8197238616720313
2019-10-15,1.747149435,61.70005815219451,0.7663176102277737
2019-10-16,1.639545418,57.9000545730446,0.7191213879090176
2019-10-17,1.531941401,54.100050993894705,0.6719251655902619
2019-10-18,1.466812653,51.800048796899105,0.6433590306480113
2019-10-19,1.398852222,49.4000465642634,0.6135508905824366
2019-10-20,1.336555159,47.200044473537304,0.5862267616407305
2019-10-21,1.279921466,45.200042595350205,0.5613866447001132
2019-10-22,1.228951142,43.40004089438741,0.5390305393219746
2019-10-23,1.189307557,42.000039583187906,0.5216424575074036
2019-10-24,1.152495656,40.7000383429432,0.5054963812547667
2019-10-25,1.155327341,40.8000384492127,0.5067383872553112
2019-10-26,1.146832287,40.500038165718905,0.503012369692288
2019-10-27,1.067545117,37.700035543319906,0.468236206063146
2019-10-28,0.974099523,34.4000324248881,0.42725001286989184
2019-10-29,1.07604017,38.000035791499,0.47196222318755876
2019-10-30,1.084535224,38.300036074992796,0.47568824075058186
2019-10-31,1.08170354,38.200036004038,0.47444623518864765
2019-11-01,1.033564901,36.50003440934471,0.4533321358110535
2019-11-02,1.005248054,35.5000334525938,0.4409120771214397
2019-11-03,0.95427773,33.700031751631,0.4185559717433012
2019-11-04,0.91746583,32.400030546701004,0.4024098959292745
2019-11-05,0.877822244,31.000029200186802,0.3850218136760932
2019-11-06,0.843842028,29.8000280662116,0.37011774342400083
2019-11-07,0.792871705,28.000026400563502,0.3477616384844725
2019-11-08,0.750396435,26.5000249830945,0.32913155066935695
2019-11-09,0.713584534,25.2000237428498,0.3129854744167201
2019-11-10,0.66827758,23.600022254426,0.2931133810396704
2019-11-11,0.62013894,21.900020624418,0.27199928122346595
2019-11-12,0.572000301,20.2000190297247,0.2508851818458718
2019-11-13,0.526693347,18.600017541300904,0.2310130884688221
2019-11-14,0.481386392,17.0000160175624,0.2111409946531621
2019-11-15,0.453069545,16.000015060811503,0.1987209359635484
2019-11-16,0.436079438,15.4000145291386,0.1912689012761124
2019-11-17,0.41908933,14.800013962151,0.18381686615006618
2019-11-18,0.399267537,14.100013288893901,0.17512282502347556
2019-11-19,0.379445744,13.4000126156368,0.1664287838968849
2019-11-20,0.359623952,12.700011977694402,0.1577347432089045
2019-11-21,0.351128898,12.400011694200602,0.1540087256458814
2019-11-22,0.348297213,12.3000115879311,0.15276671964533695
2019-11-23,0.319980366,11.300010631180202,0.1403466609557232
2019-11-24,0.319980366,11.300010631180202,0.1403466609557232
2019-11-25,0.294495205,10.4000098160135,0.12916860870526412
2019-11-26,0.277788265,9.8100092419955,0.12184077395996723
2019-11-27,0.317148682,11.200010560225401,0.13910465539378897
2019-11-28,0.345465528,12.200011481661601,0.1515247136447925
2019-11-29,0.385109114,13.6000128281758,0.16891279589797378
2019-11-30,0.492713131,17.4000164073257,0.2161090182167297
2019-12-01,0.702257795,24.8000233530865,0.3080174508531525
2019-12-02,0.572000301,20.2000190297247,0.2508851818458718
2019-12-03,0.512534923,18.100017045268103,0.2248030589047101
2019-12-04,0.560673563,19.800018675276103,0.24591715872091452
2019-12-05,0.501208185,17.7000166908195,0.21983503577975277
2019-12-06,0.489881446,17.3000163010562,0.21486701221618523
2019-12-07,0.563505247,19.900018746230902,0.2471591642828487
2019-12-08,0.4983765,17.60001658455,0.21859302977920833
2019-12-09,0.560673563,19.800018675276103,0.24591715872091452
2019-12-10,0.594653778,21.0000197739366,0.26082122853439665
2019-12-11,0.560673563,19.800018675276103,0.24591715872091452
2019-12-12,0.464396284,16.400015450574802,0.20368895952711594
2019-12-13,0.487049761,17.200016194786702,0.2136250062156408
2019-12-14,0.501208185,17.7000166908195,0.21983503577975277
2019-12-15,0.484218077,17.100016123831903,0.2123830006537066
2019-12-16,0.461564599,16.3000153443053,0.2024469535265715
2019-12-17,0.438911122,15.500014600093401,0.1925109068380466
2019-12-18,0.41342596,14.600013749612,0.18133285414897732
2019-12-19,0.393604168,13.9000131116696,0.17263881346099688
2019-12-20,0.365287321,12.9000121549187,0.16021875477138314
2019-12-21,0.342633844,12.100011410706802,0.1502827080828583
2019-12-22,0.319980366,11.300010631180202,0.1403466609557232
2019-12-23,0.308653628,10.900010276731601,0.1353786378307659
2019-12-24,0.300158574,10.600009993237801,0.13165262026774277
2019-12-25,0.297326889,10.5000098869683,0.13041061426719833
2019-12-26,0.28061995,9.910009348265001,0.12308277996051169
2019-12-27,0.249754587,8.8200083135289,0.10954491608971305
2019-12-28,0.274390243,9.6900091144721,0.1203503667593139
2019-12-29,0.305821943,10.8000101704621,0.13413663183022143
2019-12-30,0.308653628,10.900010276731601,0.1353786378307659
2019-12-31,0.317148682,11.200010560225401,0.13910465539378897
2020-01-01,0.311485313,11.0000103830011,0.1366206438313103
2020-01-02,0.302990259,10.7000100995073,0.1328946262682872
2020-01-03,0.280336781,9.9000093199807,0.12295857914115212
2020-01-04,0.237012006,8.3700078882882,0.1039558897451784
2020-01-05,0.214924866,7.5900071653302,0.09426824425676242
2020-01-06,0.225685267,7.9700074985249,0.09898786618161085
2020-01-07,0.226817941,8.0100075410327,0.09948466858182864
2020-01-08,0.226251604,7.9900075197788,0.09923626738171974
2020-01-09,0.231631805,8.1800077040335,0.10159607856344907
2020-01-10,0.241542701,8.5300080230047,0.10594309890743928
2020-01-11,0.242109038,8.5500080442586,0.10619150010754817
2020-01-12,0.247206071,8.7300082355437,0.10842711090852818
2020-01-13,0.248905082,8.7900082993054,0.10917231450885484
2020-01-14,0.255134788,9.0100084977836,0.11190472727144239
2020-01-15,0.262497168,9.2700087387696,0.11513394243424771
2020-01-16,0.269293211,9.5100089585017,0.11811475639694413
2020-01-17,0.270425885,9.5500090010095,0.11861155879716191
2020-01-18,0.276372423,9.7600092065181,0.12121977117900012
2020-01-19,0.276655591,9.7700091994877,0.12134397155974946
2020-01-20,0.276089254,9.750009178233801,0.12109557035964058
2020-01-21,0.272974401,9.6400090789947,0.1197293639783468
2020-01-22,0.2675942,9.45000889474,0.11736955279661747
2020-01-23,0.258249641,9.1200085970227,0.11327093365273613
2020-01-24,0.24182587,8.540008051289,0.10606729972679885
2020-01-25,0.234746658,8.2900078032726,0.10296228494474284
2020-01-26,0.220871403,7.8000073355241,0.09687645619999041
2020-01-27,0.231065468,8.1600076827796,0.10134767736334017
2020-01-28,0.220305066,7.7800073142702,0.09662805499988153
2020-01-29,0.215491203,7.610007186584101,0.09451664545687131
2020-01-30,0.196802084,6.9500065558348,0.08631940673049844
2020-01-31,0.190572378,6.7300063573566,0.08358699396791089
2020-02-01,0.176697123,6.240005889608101,0.07750116522315847
2020-02-02,0.168485237,5.950005599083901,0.0738993480408847
2020-02-03,0.185192177,6.540006173101901,0.08122718278618157
2020-02-04,0.195952578,6.9200065062966,0.08594680471103
2020-02-05,0.193970399,6.8500064495653,0.085077400729954
2020-02-06,0.193970399,6.8500064495653,0.085077400729954
2020-02-07,0.193970399,6.8500064495653,0.085077400729954
2020-02-08,0.193970399,6.8500064495653,0.085077400729954
2020-02-09,0.193970399,6.8500064495653,0.085077400729954
2020-02-10,0.193970399,6.8500064495653,0.085077400729954
2020-02-11,0.194253568,6.8600064778496,0.08520160154931355
2020-02-12,0.195386241,6.9000064850427,0.0856984035109211
2020-02-13,0.196235747,6.9300065345809,0.08607100553038954
2020-02-14,0.197085252,6.9600065488044,0.08644360711124777
2020-02-15,0.1993506,7.04000663382,0.08743721191168333
2020-02-16,0.201049611,7.1000066975817,0.08818241551201
2020-02-17,0.203314959,7.1800067825973,0.08917602031244554
2020-02-18,0.203598127,7.1900067755669,0.08930022069319489
2020-02-19,0.205297138,7.2500068393286,0.09004542429352155
2020-02-20,0.207562486,7.3300069243442,0.0910390290939571
2020-02-21,0.208128822,7.3500069102834,0.09128742985545575
2020-02-22,0.209827833,7.4100069740451,0.09203263345578241
2020-02-23,0.21039417,7.430006995299,0.09228103465589131
2020-02-24,0.21039417,7.430006995299,0.09228103465589131
2020-02-25,0.211243676,7.4600070448372,0.09265363667535975
2020-02-26,0.212942686,7.5200070732842,0.0933988398370762
2020-02-27,0.213225855,7.5300071015685,0.09352304065643575
2020-02-28,0.213225855,7.5300071015685,0.09352304065643575
2020-02-29,0.213225855,7.5300071015685,0.09352304065643575
2020-03-01,0.213225855,7.5300071015685,0.09352304065643575
2020-03-02,0.212093181,7.4900070590607,0.09302623825621797
2020-03-03,0.211810013,7.4800070660911,0.09290203787546865
2020-03-04,0.212942686,7.5200070732842,0.0933988398370762
2020-03-05,0.213225855,7.5300071015685,0.09352304065643575
2020-03-06,0.215208034,7.600007158299801,0.09439244463751176
2020-03-07,0.217473382,7.6800072433154005,0.0953860494379473
2020-03-08,0.220021898,7.7700073213006,0.09650385461913219
2020-03-09,0.22341992,7.890007448824,0.09799426181978553
2020-03-10,0.225968436,7.9800075268092,0.09911206700097042
2020-03-11,0.228516952,8.0700076047944,0.1002298721821553
2020-03-12,0.2307823,8.15000768981,0.10122347698259085
2020-03-13,0.231065468,8.1600076827796,0.10134767736334017
2020-03-14,0.232198142,8.200007725287401,0.10184447976355797
2020-03-15,0.232481311,8.2100077535717,0.10196868058291751
2020-03-16,0.232764479,8.2200077465413,0.10209288096366684
2020-03-17,0.233897153,8.2600077890491,0.10258968336388463
2020-03-18,0.235029827,8.3000078315569,0.1030864857641024
2020-03-19,0.237861511,8.4000079025117,0.10432849132603662
2020-03-20,0.239843691,8.470007994557701,0.10519789574572283
2020-03-21,0.240693196,8.5000080087812,0.10557049732658105
2020-03-22,0.241542701,8.5300080230047,0.10594309890743928
2020-03-23,0.243241712,8.590008086766401,0.10668830250776595
2020-03-24,0.243524881,8.6000081150507,0.10681250332712551
2020-03-25,0.244940723,8.6500081505281,0.10743350610809262
2020-03-26,0.24918825,8.800008292275,0.10929651488960417
2020-03-27,0.253435777,8.9500084340219,0.1111595236711157
2020-03-28,0.257966472,9.110008568738401,0.11314673283337659
2020-03-29,0.262497168,9.2700087387696,0.11513394243424771
2020-03-30,0.270992222,9.5700090222634,0.11885995999727081
2020-03-31,0.280903118,9.9200093412346,0.12320698034126101
2020-04-01,0.29166352,10.300009709744002,0.1279266027047197
2020-04-02,0.314316997,11.1000104539559,0.13786264939324452
2020-04-03,0.331307105,11.700011020943501,0.14531468451929072
2020-04-04,0.351128898,12.400011694200602,0.1540087256458814
2020-04-05,0.399267537,14.100013288893901,0.17512282502347556
2020-04-06,0.433247753,15.3000144228691,0.19002689527556796
2020-04-07,0.478554707,16.9000159112929,0.2098989886526177
2020-04-08,0.549346824,19.4000182855128,0.24094913515734692
2020-04-09,0.62580231,22.100020836957,0.27448329322455484
2020-04-10,0.724911273,25.600024132613104,0.31795349798028766
2020-04-11,0.838178659,29.600027888987302,0.3676337318615222
2020-04-12,0.979762892,34.6000326021124,0.42973402443237046
2020-04-13,1.104357017,39.000036748249904,0.4843822818771726
2020-04-14,1.197802611,42.3000398666817,0.5253684750704266
2020-04-15,1.240277881,43.8000412841507,0.5439985628855422
2020-04-16,1.28841652,45.500042878844,0.5651126622631363
2020-04-17,1.308238313,46.2000435521011,0.573806703389727
2020-04-18,1.311069997,46.3000436230559,0.5750487089516612
2020-04-19,1.311069997,46.3000436230559,0.5750487089516612
2020-04-20,1.311069997,46.3000436230559,0.5750487089516612
2020-04-21,1.503624554,53.1000500371438,0.6595051069006481
2020-04-22,2.069961486,73.1000688896442,0.9079062771840412
2020-04-23,2.435248807,86.0000810445629,1.0681250319554243
2020-04-24,2.503209239,88.4000833125133,1.097933172459609
2020-04-25,2.588159779,91.4000861474513,1.1351933480898402
2020-04-26,2.590991463,91.5000862184061,1.1364353536517744
2020-04-27,2.831684659,100.0000942271873,1.2420058509783556
2020-04-28,3.454655284,122.00011495787481,1.515247138202366
2020-04-29,4.389111222,155.00014607156342,1.9251090692576869
2020-04-30,5.889904091,208.00019600243772,2.5833721701577903
2020-05-01,5.946537784,210.00019788062482,2.6082122870984077
2020-05-02,5.861587245,207.00019508100152,2.5709521119067866
2020-05-03,6.088122017,215.00020259374992,2.6703125796692557
2020-05-04,5.804953551,205.0001931674997,2.5461119945275588
2020-05-05,5.23861662,185.000174350314,2.297710824682776
2020-05-06,5.012081847,177.0001668022509,2.198350356481697
2020-05-07,4.955448154,175.0001649240638,2.1735102395410797
2020-05-08,4.927131307,174.00016396731291,2.161090180851466
2020-05-09,5.06871554,179.000168680438,2.2231904734223145
2020-05-10,5.351884006,189.0001781066882,2.347391058564011
2020-05-11,5.974854631,211.00019883737573,2.6206323457880214
2020-05-12,6.937627415,245.0002308725005,3.0429143350943457
2020-05-13,8.013667586,283.00026669931424,3.514876558720515
2020-05-14,7.900400199,279.0002629076253,3.4651963244006696
2020-05-15,6.739409489,238.0002242811883,2.95597392558288
2020-05-16,5.946537784,210.00019788062482,2.6082122870984077
2020-05-17,5.861587245,207.00019508100152,2.5709521119067866
2020-05-18,7.107528495,251.00023654237654,3.117434686354808
2020-05-19,9.882579461,349.00032889137674,4.334600420392546
2020-05-20,11.83644188,418.00039405963605,5.191584459449249
2020-05-21,10.10911423,357.000336298181,4.433960886839184
2020-05-22,8.919806676,315.00029682093725,3.9123184306476118
2020-05-23,8.013667586,283.00026669931424,3.514876558720515
2020-05-24,7.022577955,248.00023370743853,3.080174510724577
2020-05-25,6.342973637,224.0002110985639,2.7820931065599486
2020-05-26,6.31465679,223.000210141813,2.7696730478703353
2020-05-27,6.739409489,238.0002242811883,2.95597392558288
2020-05-28,10.84535224,383.00036074992806,4.756882407505819
2020-05-29,19.22713884,679.000639992948,8.433219730507142
2020-05-30,30.86536279,1090.001027320013,13.537863778690484
2020-05-31,47.28913381,1670.0015737600072,20.741497713400005
2020-06-01,51.5366608,1820.0017151537602,22.604506490525452
2020-06-02,47.00596534,1660.001564192498,20.61729712650387
2020-06-03,40.77625909,1440.0013568856232,17.884884254263767
2020-06-04,35.11288977,1240.0011683606192,15.400872551429833
2020-06-05,32.56437358,1150.001083665626,14.283067286909006
2020-06-06,45.87329148,1620.001526628756,20.12049478769152
2020-06-07,46.72279688,1650.001554978136,20.49309654399383
2020-06-08,26.47625156,935.0008809659321,11.612754705923917
2020-06-09,16.45208787,581.0005475026891,7.216053994714963
2020-06-10,12.14792719,429.00040433669307,5.328205101964729
2020-06-11,10.22238162,361.00034019581403,4.48364112247486
2020-06-12,11.46832287,405.000381657189,5.03012369692288
2020-06-13,18.17941551,642.000604910997,7.973677562938926
2020-06-14,21.49248656,759.000715120432,9.426824408131834
2020-06-15,17.89624705,632.0005956966351,7.84947698042889
2020-06-16,16.39545418,579.0005457304461,7.191213879090178
2020-06-17,15.20614662,537.000506041314,6.6695714202669425
2020-06-18,12.74258097,450.00042418125906,5.589026331376346
2020-06-19,11.44000602,404.000380594494,5.017703636917436
2020-06-20,11.41168918,403.000379884946,5.005283581298094
2020-06-21,12.96911574,458.000431623378,5.688386798261594
2020-06-22,17.16000903,606.0005708917411,7.526555455376155
2020-06-23,20.10496108,710.000669051876,8.818241542428794
2020-06-24,22.14377403,782.000736737241,9.712485753168236
2020-06-25,24.43743861,863.0008132805671,10.718510495184475
2020-06-26,24.29585438,858.0008086733861,10.656410203929457
2020-06-27,23.33308159,824.000776426373,10.234128211991472
2020-06-28,31.71486818,1120.001055316246,13.910465530606693
2020-06-29,50.6871554,1790.0016868043801,22.231904734223146
2020-06-30,33.41387898,1180.0011120150061,14.655669043211315
2020-07-01,19.85010946,701.000660547062,8.706461015538101
2020-07-02,14.30000753,505.00047591969104,6.272129548339846
2020-07-03,13.62040321,481.00045324018697,5.974048143297997
2020-07-04,15.57426563,550.000518443761,6.831032182793311
2020-07-05,17.32991011,612.0005765616171,7.601075806636616
2020-07-06,16.90515742,597.000562740074,7.414774932871563
2020-07-07,16.08396886,568.000535100242,7.054593232188595
2020-07-08,15.00792869,530.000499308743,6.5826310090010365
2020-07-09,13.16733367,465.00043835594903,5.775327209527501
2020-07-10,11.72317449,414.00039016200304,5.141904223813573
2020-07-11,11.10020386,392.00036925474205,4.868662934396513
2020-07-12,10.8170354,382.00036004038003,4.744462351886477
2020-07-13,10.73208486,379.000357205442,4.707202176256246
2020-07-14,10.22238162,361.00034019581403,4.48364112247486
2020-07-15,8.863172983,313.00029494275014,3.887478313706994
2020-07-16,7.815449659,276.00026007268735,3.427936148770439
2020-07-17,7.390696961,261.0002459686267,3.2416352714965044
2020-07-18,7.305746421,258.00024313368874,3.2043750958662733
2020-07-19,7.447330654,263.0002478468138,3.2664753884371214
2020-07-20,7.362380114,260.0002450118758,3.2292152128068903
2020-07-21,6.767726335,239.0002252026245,2.9683939838338835
2020-07-22,6.22970625,220.00020730687498,2.732412872240104
2020-07-23,6.22970625,220.00020730687498,2.732412872240104
2020-07-24,6.39960733,226.00021297675102,2.8069332235005664
2020-07-25,6.626142103,234.00022052481413,2.9062936917016455
2020-07-26,6.201389404,219.00020638543882,2.719992813989101
2020-07-27,5.606735625,198.0001865761875,2.459171585016094
2020-07-28,5.380200852,190.0001790281244,2.3598111168150147
2020-07-29,5.125349233,181.0001705586251,2.2480305903629314
2020-07-30,5.012081847,177.0001668022509,2.198350356481697
2020-07-31,4.842180767,171.00016113237493,2.1238300052212353
2020-08-01,4.587329148,162.00015266287562,2.012049478769152
2020-08-02,4.332477529,153.00014419337631,1.9002689523170695
2020-08-03,4.077625909,144.0001356885623,1.7884884254263762
2020-08-04,3.82277429,135.00012721906302,1.6767078989742936
2020-08-05,3.65287321,129.000121549187,1.6021875477138314
2020-08-06,3.482972131,123.00011591462571,1.5276671968919795
2020-08-07,3.313071051,117.0001102447497,1.4531468456315175
2020-08-08,3.171486818,112.00010553162461,1.3910465530606695
2020-08-09,3.029902585,107.0001008184995,1.328946260489821
2020-08-10,2.916635199,103.0000970621253,1.2792660266085865
2020-08-11,2.749565804,97.10009149851881,1.2059876813486687
2020-08-12,2.622139994,92.6000872461118,1.1500974179033223
2020-08-13,2.523031031,89.1000839504557,1.1066272131475896
2020-08-14,2.446575546,86.40008143432621,1.073093055518992
2020-08-15,2.375783429,83.90007906010631,1.0420429090142629
2020-08-16,2.304991313,81.4000767212011,1.0109927629481437
2020-08-17,2.237030881,79.0000744532507,0.9811846224439589
2020-08-18,2.149248656,75.90007151204321,0.9426824408131833
2020-08-19,2.07845654,73.40006917313801,0.9116322947470643
2020-08-20,1.999169369,70.6000665154243,0.8768561306793121
2020-08-21,1.911387145,67.50006360953151,0.8383539494871468
2020-08-22,1.820773236,64.3000605973692,0.7986097622944371
2020-08-23,1.747149435,61.70005815219451,0.7663176102277737
2020-08-24,1.690515742,59.70005627400741,0.7414774932871563
2020-08-25,1.653703841,58.400055033762705,0.7253314170345194
2020-08-26,1.605565202,56.7000534390694,0.7042173176569253
2020-08-27,1.512119608,53.4000503206376,0.6632311244636712
2020-08-28,1.45265423,51.30004833618101,0.6371490015225095
2020-08-29,1.398852222,49.4000465642634,0.6135508905824366
2020-08-30,1.350713582,47.7000449342554,0.5924367907662322
2020-08-31,1.325228421,46.8000441190887,0.5812587385157733
2020-09-01,1.294079889,45.7000430560683,0.5675966738256151
2020-09-02,1.251604619,44.2000416385993,0.5489665860104995
2020-09-03,1.209129349,42.7000402211303,0.5303364981953839
2020-09-04,1.163822395,41.1000387327065,0.5104644048183342
2020-09-05,1.121347125,39.6000373152375,0.4918343170032187
2020-09-06,1.084535224,38.300036074992796,0.47568824075058186
2020-09-07,1.047723324,37.0000348700628,0.4595421649365552
2020-09-08,0.951446045,33.6000316453615,0.4173139657427567
2020-09-09,0.858000452,30.3000285622444,0.3763277729881128
2020-09-10,0.809861813,28.600026967551102,0.3552136736105187
2020-09-11,0.781544966,27.600026010800203,0.3427936149209049
2020-09-12,0.753228119,26.6000250540493,0.33037355623129117
2020-09-13,0.739069696,26.100024593331202,0.32416352710578944
2020-09-14,0.727742957,25.700024203567903,0.31919550354222187
2020-09-15,0.710752849,25.100023636580303,0.3117434684161757
2020-09-16,0.688099372,24.300022892368403,0.3018074217276508
2020-09-17,0.66827758,23.600022254426,0.2931133810396704
2020-09-18,0.639960733,22.600021297675102,0.2806933223500566
2020-09-19,0.622970625,22.000020730687503,0.2732412872240104
2020-09-20,0.597485463,21.1000198802061,0.2620632345349411
2020-09-21,0.543683455,19.200018108288504,0.2384651235948683
2020-09-22,0.512534923,18.100017045268103,0.2248030589047101
2020-09-23,0.487049761,17.200016194786702,0.2136250062156408
2020-09-24,0.458732915,16.200015273350502,0.20120494796463725
2020-09-25,0.438911122,15.500014600093401,0.1925109068380466
2020-09-26,0.424752699,15.0000141393753,0.18630087771254486
2020-09-27,0.407762591,14.400013572387701,0.17884884258649866
2020-09-28,0.396435852,14.0000131826244,0.1738808190229311
2020-09-29,0.387940798,13.7000128991306,0.170154801459908
2020-09-30,0.379445744,13.4000126156368,0.1664287838968849
2020-10-01,0.373782375,13.2000124384125,0.16394477233440624
2020-10-02,0.368119006,13.000012261188202,0.16146076077192761
2020-10-03,0.365287321,12.9000121549187,0.16021875477138314
2020-10-04,0.362455636,12.8000120486492,0.15897674877083873
2020-10-05,0.356792267,12.6000118714249,0.15649273720836004
2020-10-06,0.348297213,12.3000115879311,0.15276671964533695
2020-10-07,0.342633844,12.100011410706802,0.1502827080828583
2020-10-08,0.32847542,11.600010914674002,0.1440726785187463
2020-10-09,0.314316997,11.1000104539559,0.13786264939324452
2020-10-10,0.300158574,10.600009993237801,0.13165262026774277
2020-10-11,0.300158574,10.600009993237801,0.13165262026774277
2020-10-12,0.288831835,10.2000096034745,0.12668459670417523
2020-10-13,0.280053613,9.8900093270111,0.12283437876040279
2020-10-14,0.276089254,9.750009178233801,0.12109557035964058
2020-10-15,0.268160537,9.4700089159939,0.11761795399672635
2020-10-16,0.272691233,9.6300090860251,0.11960516359759747
2020-10-17,0.286000151,10.1000095325197,0.12544259114224102
2020-10-18,0.305821943,10.8000101704621,0.13413663183022143
2020-10-19,0.32847542,11.600010914674002,0.1440726785187463
2020-10-20,0.336970474,11.900011198167801,0.1477986960817694
2020-10-21,0.348297213,12.3000115879311,0.15276671964533695
2020-10-22,0.345465528,12.200011481661601,0.1515247136447925
2020-10-23,0.339802159,12.000011304437301,0.14904070208231385
2020-10-24,0.373782375,13.2000124384125,0.16394477233440624
2020-10-25,0.37661406,13.300012544682,0.16518677833495068
2020-10-26,0.368119006,13.000012261188202,0.16146076077192761
2020-10-27,0.368119006,13.000012261188202,0.16146076077192761
2020-10-28,0.365287321,12.9000121549187,0.16021875477138314
2020-10-29,0.359623952,12.700011977694402,0.1577347432089045
2020-10-30,0.353960582,12.500011765155401,0.1552507312078156
2020-10-31,0.348297213,12.3000115879311,0.15276671964533695
2020-11-01,0.336970474,11.900011198167801,0.1477986960817694
2020-11-02,0.331307105,11.700011020943501,0.14531468451929072
2020-11-03,0.319980366,11.300010631180202,0.1403466609557232
2020-11-04,0.308653628,10.900010276731601,0.1353786378307659
2020-11-05,0.294495205,10.4000098160135,0.12916860870526412
2020-11-06,0.286000151,10.1000095325197,0.12544259114224102
2020-11-07,0.300158574,10.600009993237801,0.13165262026774277
2020-11-08,0.37095069,13.100012332143002,0.16270276633386183
2020-11-09,0.319980366,11.300010631180202,0.1403466609557232
2020-11-10,0.283168466,10.0000094262502,0.12420058514169657
2020-11-11,0.282318961,9.9700094120267,0.12382798356083835
2020-11-12,0.272408064,9.6200090577408,0.11948096277823793
2020-11-13,0.275806086,9.740009185264201,0.12097136997889125
2020-11-14,0.319980366,11.300010631180202,0.1403466609557232
2020-11-15,0.351128898,12.400011694200602,0.1540087256458814
2020-11-16,0.404930906,14.3000134661182,0.1776068365859542
2020-11-17,0.433247753,15.3000144228691,0.19002689527556796
2020-11-18,0.475723023,16.8000158403381,0.20865698309068348
2020-11-19,0.487049761,17.200016194786702,0.2136250062156408
2020-11-20,0.478554707,16.9000159112929,0.2098989886526177
2020-11-21,0.441742807,15.600014706362902,0.19375291283859108
2020-11-22,0.478554707,16.9000159112929,0.2098989886526177
2020-11-23,0.526693347,18.600017541300904,0.2310130884688221
2020-11-24,0.489881446,17.3000163010562,0.21486701221618523
2020-11-25,0.484218077,17.100016123831903,0.2123830006537066
2020-11-26,0.461564599,16.3000153443053,0.2024469535265715
2020-11-27,0.450237861,15.900014989856702,0.19747893040161418
2020-11-28,0.436079438,15.4000145291386,0.1912689012761124
2020-11-29,0.402099222,14.2000133951634,0.17636483102402
2020-11-30,0.385109114,13.6000128281758,0.16891279589797378
2020-12-01,0.402099222,14.2000133951634,0.17636483102402
2020-12-02,0.345465528,12.200011481661601,0.1515247136447925
2020-12-03,0.368119006,13.000012261188202,0.16146076077192761
2020-12-04,0.359623952,12.700011977694402,0.1577347432089045
2020-12-05,0.331307105,11.700011020943501,0.14531468451929072
2020-12-06,0.297326889,10.5000098869683,0.13041061426719833
2020-12-07,0.276655591,9.7700091994877,0.12134397155974946
2020-12-08,0.26023182,9.190008653754001,0.11414033763381215
2020-12-09,0.244091218,8.6200081363046,0.1070609045272344
2020-12-10,0.222004077,7.8400073780319,0.09737325860020819
2020-12-11,0.190572378,6.7300063573566,0.08358699396791089
2020-12-12,0.180661481,6.380006003070701,0.07923997318531047
2020-12-13,0.177829797,6.280005932115901,0.07799796762337625
2020-12-14,0.184342671,6.510006123563701,0.08085458076671313
2020-12-15,0.189439704,6.6900063148488,0.08309019156769312
2020-12-16,0.17358227,6.130005790369001,0.0761349588418647
2020-12-17,0.165087216,5.8300055068752,0.0724089412788416
2020-12-18,0.191705051,6.7700063645497,0.08408379592951844
2020-12-19,0.183493166,6.4800061093402,0.08048197918585491
2020-12-20,0.182926829,6.460006088086301,0.08023357798574603
2020-12-21,0.187457524,6.6200062228028,0.08222078714800689
2020-12-22,0.188590198,6.6600062653106,0.08271758954822467
2020-12-23,0.182077324,6.430006073862801,0.0798609764048878
2020-12-24,0.223136751,7.8800074205397,0.09787006100042596
2020-12-25,0.229649626,8.1100076473022,0.10072667458237308
2020-12-26,0.215208034,7.600007158299801,0.09439244463751176
2020-12-27,0.210960507,7.4500070165529,0.09252943585600021
2020-12-28,0.211526844,7.4700070378068,0.09277783705610908
2020-12-29,0.248905082,8.7900082993054,0.10917231450885484
2020-12-30,0.294495205,10.4000098160135,0.12916860870526412
2020-12-31,0.260514989,9.2000086820383,0.1142645384531717
2021-01-01,0.249471418,8.810008285244601,0.10942071527035349
2021-01-02,0.261081326,9.220008703292201,0.11451293965328059
2021-01-03,0.242958544,8.5800080937968,0.10656410212701661
2021-01-04,0.226534773,8.0000075480631,0.0993604682010793
2021-01-05,0.235029827,8.3000078315569,0.1030864857641024
2021-01-06,0.243241712,8.590008086766401,0.10668830250776595
2021-01-07,0.226251604,7.9900075197788,0.09923626738171974
2021-01-08,0.227950615,8.0500075835405,0.0999814709820464
2021-01-09,0.236445669,8.3500078670343,0.1037074885450695
2021-01-10,0.286000151,10.1000095325197,0.12544259114224102
2021-01-11,0.351128898,12.400011694200602,0.1540087256458814
2021-01-12,0.342633844,12.100011410706802,0.1502827080828583
2021-01-13,0.260798157,9.2100086750079,0.11438873883392103
2021-01-14,0.234746658,8.2900078032726,0.10296228494474284
2021-01-15,0.202182285,7.1400067400895,0.08867921791222777
2021-01-16,0.197368421,6.9700065770887,0.08656780793060734
2021-01-17,0.190855546,6.7400063503262,0.08371119434866021
2021-01-18,0.184059503,6.500006130594101,0.08073038038596381
2021-01-19,0.192837725,6.8100064070575,0.08458059832973623
2021-01-20,0.216907045,7.6600072220615,0.09513764823783843
2021-01-21,0.202748622,7.1600067613434,0.08892761911233667
2021-01-22,0.183209997,6.470006081055901,0.08035777836649535
2021-01-23,0.177546628,6.270005903831601,0.0778737668040167
2021-01-24,0.178112965,6.2900059250855005,0.07812216800412558
2021-01-25,0.189156535,6.6800062865645,0.08296599074833355
2021-01-26,0.182360492,6.4400060668324,0.07998517678563714
2021-01-27,0.181794155,6.420006045578501,0.07973677558552825
2021-01-28,0.18094465,6.390006031355001,0.07936417400467002
2021-01-29,0.172732764,6.100005740830801,0.07576235682239625
2021-01-30,0.165936721,5.8600055210987,0.07278154285969982
2021-01-31,0.17896247,6.3200059393090005,0.0784947695849838
2021-02-01,0.170467416,6.020005655815201,0.0747687520219607
2021-02-02,0.168485237,5.950005599083901,0.0738993480408847
2021-02-03,0.171883259,6.070005726607301,0.07538975524153803
2021-02-04,0.162538699,5.7400053935753,0.07129113565904649
2021-02-05,0.176697123,6.240005889608101,0.07750116522315847
2021-02-06,0.199067432,7.0300066408504,0.087313011530934
2021-02-07,0.220588235,7.7900073425545004,0.09675225581924109
2021-02-08,0.218606056,7.7200072858232005,0.0958828518381651
2021-02-09,0.222853583,7.8700074275701,0.09774586061967663
2021-02-10,0.230499131,8.1400076615257,0.1010992761632313
2021-02-11,0.240693196,8.5000080087812,0.10557049732658105
2021-02-12,0.29166352,10.300009709744002,0.1279266027047197
2021-02-13,0.32847542,11.600010914674002,0.1440726785187463
2021-02-14,0.353960582,12.500011765155401,0.1552507312078156
2021-02-15,0.402099222,14.2000133951634,0.17636483102402
2021-02-16,0.416257645,14.700013855881501,0.18257486014952173
2021-02-17,0.447406176,15.8000148835872,0.1962369244010697
2021-02-18,0.467227969,16.500015556844303,0.20493096552766038
2021-02-19,0.492713131,17.4000164073257,0.2161090182167297
2021-02-20,0.495544815,17.500016478280504,0.21735102377866392
2021-02-21,0.467227969,16.500015556844303,0.20493096552766038
2021-02-22,0.444574491,15.700014777317701,0.19499491840052527
2021-02-23,0.427584384,15.1000142456448,0.1875428837130893
2021-02-24,0.410594276,14.5000136786572,0.1800908485870431
2021-02-25,0.501208185,17.7000166908195,0.21983503577975277
2021-02-26,0.458732915,16.200015273350502,0.20120494796463725
2021-02-27,0.436079438,15.4000145291386,0.1912689012761124
2021-02-28,0.404930906,14.3000134661182,0.1776068365859542
2021-03-01,0.410594276,14.5000136786572,0.1800908485870431
2021-03-02,0.436079438,15.4000145291386,0.1912689012761124
2021-03-03,0.399267537,14.100013288893901,0.17512282502347556
2021-03-04,0.365287321,12.9000121549187,0.16021875477138314
2021-03-05,0.339802159,12.000011304437301,0.14904070208231385
2021-03-06,0.319980366,11.300010631180202,0.1403466609557232
2021-03-07,0.302990259,10.7000100995073,0.1328946262682872
2021-03-08,0.288831835,10.2000096034745,0.12668459670417523
2021-03-09,0.271841727,9.6000090364869,0.11923256157812903
2021-03-10,0.283168466,10.0000094262502,0.12420058514169657
2021-03-11,0.286000151,10.1000095325197,0.12544259114224102
2021-03-12,0.27863777,9.840009256219,0.12221337554082547
2021-03-13,0.268160537,9.4700089159939,0.11761795399672635
2021-03-14,0.246639734,8.7100082142898,0.10817870970841928
2021-03-15,0.238427848,8.420007923765601,0.10457689252614552
2021-03-16,0.241542701,8.5300080230047,0.10594309890743928
2021-03-17,0.238711017,8.4300079520499,0.10470109334550506
2021-03-18,0.230499131,8.1400076615257,0.1010992761632313
2021-03-19,0.236162501,8.3400078740647,0.10358328816432018
2021-03-20,0.244091218,8.6200081363046,0.1070609045272344
2021-03-21,0.239560522,8.4600079662734,0.10507369492636329
2021-03-22,0.246073397,8.6900081930359,0.10793030850831038
2021-03-23,0.237295174,8.3800078812578,0.10408009012592773
2021-03-24,0.220871403,7.8000073355241,0.09687645619999041
2021-03-25,0.236445669,8.3500078670343,0.1037074885450695
2021-03-26,0.233897153,8.2600077890491,0.10258968336388463
2021-03-27,0.267311032,9.440008901770401,0.11724535241586814
2021-03-28,0.331307105,11.700011020943501,0.14531468451929072
2021-03-29,0.322812051,11.4000107374497,0.14158866695626762
2021-03-30,0.32847542,11.600010914674002,0.1440726785187463
2021-03-31,0.29166352,10.300009709744002,0.1279266027047197
2021-04-01,0.308653628,10.900010276731601,0.1353786378307659
2021-04-02,0.286000151,10.1000095325197,0.12544259114224102
2021-04-03,0.311485313,11.0000103830011,0.1366206438313103
2021-04-04,0.362455636,12.8000120486492,0.15897674877083873
2021-04-05,0.416257645,14.700013855881501,0.18257486014952173
2021-04-06,0.504039869,17.8000167617743,0.221077041341687
2021-04-07,0.535188401,18.900017824794702,0.23473910603184517
2021-04-08,0.555010193,19.6000184627371,0.2434331467198256
2021-04-09,0.560673563,19.800018675276103,0.24591715872091452
2021-04-10,0.591822094,20.9000197029818,0.25957922297246244
2021-04-11,0.637129048,22.5000211914056,0.2794513163495122
2021-04-12,0.651287472,23.0000216874384,0.2856613459136242
2021-04-13,0.654119156,23.100021758393204,0.2869033514755584
2021-04-14,0.66261421,23.400022041887002,0.29062936903858144
2021-04-15,0.679604318,24.000022608874602,0.2980814041646277
2021-04-16,0.682436003,24.1000227151441,0.2993234101651721
2021-04-17,0.693762742,24.500023104907402,0.3042914337287397
2021-04-18,0.66261421,23.400022041887002,0.29062936903858144
2021-04-19,0.659782526,23.3000219709322,0.28938736347664723
2021-04-20,0.645624102,22.8000214748994,0.28317733391253525
2021-04-21,0.639960733,22.600021297675102,0.2806933223500566
2021-04-22,0.651287472,23.0000216874384,0.2856613459136242
2021-04-23,0.688099372,24.300022892368403,0.3018074217276508
2021-04-24,0.693762742,24.500023104907402,0.3042914337287397
2021-04-25,0.716416219,25.3000238491193,0.3142274804172645
2021-04-26,0.852337082,30.100028349705404,0.37384376098702393
2021-04-27,0.923129199,32.6000307239253,0.40489390749175325
2021-04-28,0.925960884,32.7000308301948,0.4061359134922976
2021-04-29,1.050555009,37.1000349763323,0.4607841709370997
2021-04-30,1.512119608,53.4000503206376,0.6632311244636712
2021-05-01,1.973684207,69.70006566494291,0.8656780779902428
2021-05-02,1.999169369,70.6000665154243,0.8768561306793121
2021-05-03,2.112436756,74.60007030711321,0.9265363649991567
2021-05-04,2.149248656,75.90007151204321,0.9426824408131833
2021-05-05,2.135090233,75.40007105132511,0.9364724116876817
2021-05-06,2.259684358,79.8000751974626,0.9911206691324836
2021-05-07,2.973268892,105.00009894031241,1.3041061435492038
2021-05-08,3.511288977,124.0001168360619,1.5400872551429832
2021-05-09,3.199803665,113.00010648837551,1.4034666117502832
2021-05-10,2.944952046,104.0000980188762,1.2916860852982002
2021-05-11,2.743902435,96.9000913212945,1.20350366978619
2021-05-12,2.585328094,91.3000860411818,1.1339513420892957
2021-05-13,2.559842932,90.40008519070041,1.1227732894002265
2021-05-14,2.888318352,102.00009610537441,1.266845967918973
2021-05-15,3.482972131,123.00011591462571,1.5276671968919795
2021-05-16,4.672279688,165.0001554978136,2.049309654399383
2021-05-17,6.767726335,239.0002252026245,2.9683939838338835
2021-05-18,9.231291989,326.00030720393835,4.048939074478922
2021-05-19,11.38337233,402.00037882225104,4.99286352129265
2021-05-20,11.55327341,408.000384492127,5.067383872553111
2021-05-21,12.54436304,443.00041744868804,5.50208592011044
2021-05-22,13.59208636,480.00045217749204,5.9616280832925534
2021-05-23,14.21505699,502.0004730847531,6.234869372709616
2021-05-24,11.41168918,403.000379884946,5.005283581298094
2021-05-25,9.401193069,332.0003128738143,4.123459425739384
2021-05-26,8.80653929,311.00029306456304,3.862638196766377
2021-05-27,8.325152898,294.0002770470006,3.6514972021132155
2021-05-28,8.608321364,304.0002864732508,3.775697787254911
2021-05-29,8.919806676,315.00029682093725,3.9123184306476118
2021-05-30,9.854262614,348.00032793462583,4.322180361702932
2021-05-31,12.20456088,431.00040610893603,5.353045217589515
2021-06-01,17.4431775,616.00058045925,7.650756042272292
2021-06-02,25.45684509,899.0008472998231,11.165632602747246
2021-06-03,33.41387898,1180.0011120150061,14.655669043211315
2021-06-04,40.20992216,1420.001338103752,17.636483084857588
2021-06-05,47.85547074,1690.0015925418782,20.989898882806177
2021-06-06,51.25349233,1810.001705586251,22.48030590362932
2021-06-07,45.87329148,1620.001526628756,20.12049478769152
2021-06-08,42.75843835,1510.0014227987451,18.75428834937842
2021-06-09,35.67922671,1260.0011874956372,15.649273725222107
2021-06-10,31.43169972,1110.0010461018842,13.786264948096658
2021-06-11,24.01268591,848.000799105877,10.532209617033319
2021-06-12,19.79347577,699.000658774819,8.681620899913316
2021-06-13,21.32258548,753.0007094505561,9.352304056871372
2021-06-14,24.26753753,857.000807610691,10.643990143924011
2021-06-15,26.53288526,937.0008830913221,11.637594825934807
2021-06-16,26.75942003,945.0008905334411,11.736955292820054
2021-06-17,25.03209239,884.000833125133,10.979331724596092
2021-06-18,21.40753602,756.0007122854939,9.389564232501602
2021-06-19,18.63248506,658.000620148382,8.172398501095525
2021-06-20,17.81129651,629.000592861697,7.812216804798659
2021-06-21,15.82911724,559.000526595428,6.942812705297903
2021-06-22,13.59208636,480.00045217749204,5.9616280832925534
2021-06-23,13.36555159,472.00044473537304,5.862267616407306
2021-06-24,12.54436304,443.00041744868804,5.50208592011044
2021-06-25,10.78871855,381.00035897768504,4.732042291881032
2021-06-26,10.59050063,374.000352598261,4.645101885001227
2021-06-27,10.44891639,369.00034763793303,4.583001589360109
2021-06-28,9.316242529,329.0003100388763,4.086199250109153
2021-06-29,8.664955057,306.0002883514379,3.8005379041955285
2021-06-30,8.353469745,295.00027800375153,3.6639172608028288
2021-07-01,7.985350739,282.00026574256333,3.502456500030901
2021-07-02,7.419013807,262.0002468900629,3.254055329747508
2021-07-03,6.711092642,237.0002233244374,2.9435538668932666
2021-07-04,6.342973637,224.0002110985639,2.7820931065599486
2021-07-05,6.569508409,232.0002186113123,2.881453574322418
2021-07-06,6.852676875,242.00022803756252,3.0056541594641146
2021-07-07,6.796043182,240.00022615937542,2.9808140425234977
2021-07-08,6.14475571,217.00020447193702,2.695152696609873
2021-07-09,5.465151392,193.0001818630624,2.3970712924452457
2021-07-10,4.955448154,175.0001649240638,2.1735102395410797
2021-07-11,4.587329148,162.00015266287562,2.012049478769152
2021-07-12,4.247526989,150.0001413584383,1.8630087766868382
2021-07-13,3.964358523,140.0001319321881,1.7388081915451419
2021-07-14,3.73782375,132.000124384125,1.6394477233440625
2021-07-15,3.539605824,125.00011779281282,1.5525073138325969
2021-07-16,3.369704744,119.0001121229368,1.4779869625721347
2021-07-17,3.171486818,112.00010553162461,1.3910465530606695
2021-07-18,3.029902585,107.0001008184995,1.328946260489821
2021-07-19,2.860001506,101.00009518393821,1.2544259096679693
2021-07-20,2.687268742,94.9000894431074,1.1786635528455731
2021-07-21,2.548516193,90.00008480093712,1.117805265836659
2021-07-22,2.460733969,86.90008189504431,1.0793030846444938
2021-07-23,2.392773537,84.50007962709391,1.049494944140309
2021-07-24,2.338971528,82.60007781986161,1.0258968327616258
2021-07-25,2.288001205,80.8000761542135,1.0035407278220974
2021-07-26,2.237030881,79.0000744532507,0.9811846224439589
2021-07-27,2.191723926,77.4000729295122,0.9613125286282987
2021-07-28,2.154912026,76.1000717245822,0.9451664528142721
2021-07-29,2.109605071,74.5000702008437,0.9252943589986122
2021-07-30,2.086951594,73.7000694566318,0.9153583123100875
2021-07-31,2.018991162,71.3000671886814,0.8855501718059026
2021-08-01,1.959525784,69.2000652042248,0.8594680488647409
2021-08-02,1.948199046,68.8000648497762,0.8545000257397837
2021-08-03,1.973684207,69.70006566494291,0.8656780779902428
2021-08-04,1.95103073,68.90006492073101,0.8557420313017178
2021-08-05,1.922713884,67.9000639992948,0.8433219730507143
2021-08-06,1.934040622,68.3000643537434,0.8482899961756716
2021-08-07,1.891565352,66.8000629362744,0.829659908360556
2021-08-08,1.843426713,65.1000613415811,0.8085458089829619
2021-08-09,1.772634597,62.6000590026759,0.7774956629168429
2021-08-10,1.704674165,60.2000567347255,0.7476875224126581
2021-08-11,1.645208787,58.1000547502689,0.7216053994714964
2021-08-12,1.591406778,56.2000529430366,0.6980072880928134
2021-08-13,1.514951293,53.5000504269071,0.6644731304642156
2021-08-14,1.430000753,50.50004759196911,0.6272129548339846
2021-08-15,1.387525483,49.0000461745001,0.6085828670188691
2021-08-16,1.296911574,45.8000431623378,0.5688386798261594
2021-08-17,1.20346598,42.500040043906004,0.5278524866329054
2021-08-18,1.177980818,41.6000391934246,0.516674433943836
2021-08-19,1.305406628,46.1000434458316,0.5725646973891826
2021-08-20,1.296911574,45.8000431623378,0.5688386798261594
2021-08-21,1.356376952,47.900045146794405,0.5949208027673211
2021-08-22,2.341803213,82.7000779261311,1.0271388387621703
2021-08-23,2.831684659,100.0000942271873,1.2420058509783556
2021-08-24,2.888318352,102.00009610537441,1.266845967918973
2021-08-25,2.831684659,100.0000942271873,1.2420058509783556
2021-08-26,2.749565804,97.10009149851881,1.2059876813486687
2021-08-27,2.675942003,94.5000890533441,1.1736955292820055
2021-08-28,2.588159779,91.4000861474513,1.1351933480898402
2021-08-29,2.500377554,88.3000832062438,1.0966911664590648
2021-08-30,2.41259533,85.200080300351,1.0581889852668995
2021-08-31,2.324813105,82.10007735914351,1.0196868036361242
2021-09-01,2.234199196,78.9000743469812,0.9799426164434145
2021-09-02,2.191723926,77.4000729295122,0.9613125286282987
2021-09-03,2.203050665,77.80007331927551,0.9662805521918664
2021-09-04,2.069961486,73.1000688896442,0.9079062771840412
2021-09-05,1.948199046,68.8000648497762,0.8545000257397837
2021-09-06,1.846258398,65.2000614478506,0.8097878149835065
2021-09-07,1.755644489,62.0000584356883,0.7700436277907968
2021-09-08,1.673525634,59.100055707019806,0.7340254581611101
2021-09-09,1.582911724,55.9000526595428,0.6942812705297902
2021-09-10,1.492297815,52.7000496473805,0.6545370833370805
2021-09-11,1.506456239,53.20005014341331,0.6607471129011926
2021-09-12,1.463980969,51.700048725944306,0.642117025086077
2021-09-13,1.61689194,57.100053793518,0.7091853407818827
2021-09-14,1.633882048,57.700054360505604,0.7166373759079289
2021-09-15,1.696179111,59.900056451231706,0.743961504849635
2021-09-16,1.781129651,62.90005928616971,0.7812216804798662
2021-09-17,1.832099975,64.7000609871325,0.8035777858580047
2021-09-18,1.863248506,65.8000620148382,0.8172398501095526
2021-09-19,1.922713884,67.9000639992948,0.8433219730507143
2021-09-20,1.897228722,67.0000631488134,0.832143920361645
2021-09-21,1.846258398,65.2000614478506,0.8097878149835065
2021-09-22,1.806614813,63.8000601366511,0.7923997331689353
2021-09-23,1.755644489,62.0000584356883,0.7700436277907968
2021-09-24,1.699010796,60.0000565575012,0.7452035108501794
2021-09-25,1.625386994,57.40005407701181,0.7129113583449057
2021-09-26,1.548931509,54.7000515608823,0.679377200716308
2021-09-27,1.461149284,51.6000486196748,0.6408750190855326
2021-09-28,1.36770369,48.300045501243,0.5998888258922784
2021-09-29,1.28841652,45.500042878844,0.5651126622631363
2021-09-30,1.228951142,43.40004089438741,0.5390305393219746
2021-10-01,1.172317449,41.400039016200296,0.5141904223813573
2021-10-02,1.121347125,39.6000373152375,0.4918343170032187
2021-10-03,1.059050063,37.4000352598261,0.46451018850012277
2021-10-04,0.982594577,34.7000327083819,0.4309760304329149
2021-10-05,0.91180246,32.200030334162,0.3999258839281856
2021-10-06,0.883485614,31.200029412725804,0.38750582567718217
2021-10-07,0.962772784,34.0000320351248,0.4222819893063242
2021-10-08,1.294079889,45.7000430560683,0.5675966738256151
2021-10-09,1.571584986,55.5000523050942,0.6893132474048329
2021-10-10,1.582911724,55.9000526595428,0.6942812705297902
2021-10-11,1.693347426,59.80005634496221,0.7427194988490906
2021-10-12,1.800951443,63.6000599241121,0.7899157211678464
2021-10-13,1.919882199,67.8000638930253,0.8420799670501697
2021-10-14,1.996337685,70.50006644446951,0.8756141251173778
2021-10-15,2.03598127,71.90006775566901,0.8930022069319489
2021-10-16,2.044476324,72.20006803916282,0.896728224494972
2021-10-17,2.052971378,72.5000683226566,0.9004542420579952
2021-10-18,2.069961486,73.1000688896442,0.9079062771840412
2021-10-19,2.038812955,72.0000678619385,0.8942442129324933
2021-10-20,1.999169369,70.6000665154243,0.8768561306793121
2021-10-21,1.948199046,68.8000648497762,0.8545000257397837
2021-10-22,1.90855546,67.400063503262,0.8371119434866025
2021-10-23,1.919882199,67.8000638930253,0.8420799670501697
2021-10-24,1.928377253,68.10006417651911,0.845805984613193
2021-10-25,1.917050514,67.7000637867558,0.8408379610496254
2021-10-26,2.191723926,77.4000729295122,0.9613125286282987
2021-10-27,2.166238764,76.5000720790308,0.9501344759392296
2021-10-28,2.180397188,77.00007257506361,0.9563445055033416
2021-10-29,2.20588235,77.900073425545,0.9675225581924108
2021-10-30,2.237030881,79.0000744532507,0.9811846224439589
2021-10-31,2.256852673,79.7000750911931,0.9898786631319393
2021-11-01,2.290832889,80.90007622516829,1.0047827333840316
2021-11-02,2.288001205,80.8000761542135,1.0035407278220974
2021-11-03,2.222872457,78.5000739572179,0.9749745928798468
2021-11-04,2.16340708,76.400072008076,0.9488924703772953
2021-11-05,2.092614963,73.9000696338561,0.9178423238725661
2021-11-06,2.021822847,71.40006729495092,0.886792177806447
2021-11-07,1.953862415,69.0000650270005,0.8569840373022622
2021-11-08,1.843426713,65.1000613415811,0.8085458089829619
2021-11-09,1.809446497,63.900060207605904,0.7936417387308695
2021-11-10,1.778297966,62.8000591799002,0.7799796744793216
2021-11-11,1.696179111,59.900056451231706,0.743961504849635
2021-11-12,1.704674165,60.2000567347255,0.7476875224126581
2021-11-13,1.670693949,59.0000556007503,0.7327834521605657
2021-11-14,1.608396886,56.8000535100242,0.7054593232188595
2021-11-15,1.551763193,54.8000516318371,0.6806192062782422
2021-11-16,1.478139392,52.200049186662405,0.6483270542115789
2021-11-17,1.274258097,45.0000424181259,0.5589026331376346
2021-11-18,1.291248205,45.600042985113504,0.5663546682636807
2021-11-19,1.325228421,46.8000441190887,0.5812587385157733
2021-11-20,1.291248205,45.600042985113504,0.5663546682636807
2021-11-21,1.214792719,42.900040433669304,0.5328205101964729
2021-11-22,1.189307557,42.000039583187906,0.5216424575074036
2021-11-23,1.135505548,40.100037775955606,0.49804434612872056
2021-11-24,1.098693648,38.8000365710256,0.48189827031469384
2021-11-25,1.067545117,37.700035543319906,0.468236206063146
2021-11-26,1.061881747,37.5000353307809,0.46575219406205703
2021-11-27,1.016574793,35.900033842357104,0.4458801006850073
2021-11-28,0.988257946,34.9000328856062,0.43346004199539356
2021-11-29,0.957109415,33.8000318579005,0.4197979777438456
2021-11-30,0.914634145,32.3000304404315,0.40116788992873004
2021-12-01,0.880653929,31.1000293064563,0.3862638196766377
2021-12-02,0.846673713,29.900028172481104,0.3713597494245453
2021-12-03,0.807030128,28.5000268612816,0.3539716676099742
2021-12-04,0.767386543,27.1000255500821,0.33658358579540315
2021-12-05,0.722079588,25.500024026343603,0.31671149197974324
2021-12-06,0.679604318,24.000022608874602,0.2980814041646277
2021-12-07,0.656950841,23.200021864662702,0.2881453574761028
2021-12-08,0.614475571,21.700020447193705,0.2695152696609873
2021-12-09,0.611643886,21.6000203409242,0.26827326366044285
2021-12-10,0.591822094,20.9000197029818,0.25957922297246244
2021-12-11,0.591822094,20.9000197029818,0.25957922297246244
2021-12-12,0.605980517,21.4000201636999,0.26578925209796417
2021-12-13,0.569168616,20.100018923455202,0.24964317584532736
2021-12-14,0.57766367,20.400019206949,0.25336919340835046
2021-12-15,0.634297364,22.400021120450802,0.27820931078757793
2021-12-16,0.710752849,25.100023636580303,0.3117434684161757
2021-12-17,0.719247903,25.4000239200741,0.3154694859791987
2021-12-18,0.807030128,28.5000268612816,0.3539716676099742
2021-12-19,0.74756475,26.400024876825,0.3278895446688125
2021-12-20,0.716416219,25.3000238491193,0.3142274804172645
2021-12-21,0.688099372,24.300022892368403,0.3018074217276508
2021-12-22,0.690931057,24.4000229986379,0.3030494277281952
2021-12-23,0.66827758,23.600022254426,0.2931133810396704
2021-12-24,0.70508948,24.900023459356003,0.309259456853697
2021-12-25,0.767386543,27.1000255500821,0.33658358579540315
2021-12-26,0.863663821,30.500028739468704,0.3788117845505915
2021-12-27,0.934455938,33.00003111368861,0.40986193105532076
2021-12-28,0.937287622,33.100031184643406,0.411103936617255
2021-12-29,1.027901531,36.3000341968057,0.4508481238099646
2021-12-30,1.016574793,35.900033842357104,0.4458801006850073
2021-12-31,0.993921315,35.100033062830505,0.4359440535578722
2022-01-01,0.937287622,33.100031184643406,0.411103936617255
2022-01-02,0.985426261,34.8000327793367,0.4322180359948491
2022-01-03,0.965604469,34.1000321413943,0.4235239953068687
2022-01-04,1.008079739,35.6000335588633,0.4421540831219842
2022-01-05,1.073208486,37.9000357205442,0.47072021762562455
2022-01-06,1.127010494,39.800037492461804,0.4943183285656974
2022-01-07,1.158159026,40.900038555482205,0.5079803932558556
2022-01-08,1.078871855,38.10003589776851,0.47320422918810323
2022-01-09,0.971267838,34.300032318618605,0.42600800686934737
2022-01-10,1.146832287,40.500038165718905,0.503012369692288
2022-01-11,1.016574793,35.900033842357104,0.4458801006850073
2022-01-12,0.937287622,33.100031184643406,0.411103936617255
2022-01-13,0.877822244,31.000029200186802,0.3850218136760932
2022-01-14,0.838178659,29.600027888987302,0.3676337318615222
2022-01-15,0.897644037,31.7000298734439,0.3937158548026839
2022-01-16,0.83251529,29.400027711763002,0.36514972029904347
2022-01-17,0.716416219,25.3000238491193,0.3142274804172645
2022-01-18,0.651287472,23.0000216874384,0.2856613459136242
2022-01-19,0.642792418,22.7000214039446,0.28193532835060103
2022-01-20,0.563505247,19.900018746230902,0.2471591642828487
2022-01-21,0.538020085,19.0000178957495,0.23598111159377938
2022-01-22,0.521029977,18.4000173287619,0.22852907646773318
2022-01-23,0.487049761,17.200016194786702,0.2136250062156408
2022-01-24,0.464396284,16.400015450574802,0.20368895952711594
2022-01-25,0.41908933,14.800013962151,0.18381686615006618
2022-01-26,0.515366608,18.2000171515376,0.22604506490525453
2022-01-27,0.37095069,13.100012332143002,0.16270276633386183
2022-01-28,0.41342596,14.600013749612,0.18133285414897732
2022-01-29,0.393604168,13.9000131116696,0.17263881346099688
2022-01-30,0.356792267,12.6000118714249,0.15649273720836004
2022-01-31,0.325643736,11.5000108437192,0.1428306729568121
2022-02-01,0.331307105,11.700011020943501,0.14531468451929072
2022-02-02,0.399267537,14.100013288893901,0.17512282502347556
2022-02-03,0.492713131,17.4000164073257,0.2161090182167297
2022-02-04,0.37661406,13.300012544682,0.16518677833495068
2022-02-05,0.308653628,10.900010276731601,0.1353786378307659
2022-02-06,0.264196179,9.3300088025313,0.11587914603457436
2022-02-07,0.247206071,8.7300082355437,0.10842711090852818
2022-02-08,0.231631805,8.1800077040335,0.10159607856344907
2022-02-09,0.224552593,7.9300074560171,0.09849106378139308
2022-02-10,0.213792192,7.5500071228224,0.09377144185654465
2022-02-11,0.201332779,7.1100066905513,0.08830661589275933
2022-02-12,0.19198822,6.780006392834,0.084207996748878
2022-02-13,0.183493166,6.4800061093402,0.08048197918585491
2022-02-14,0.17726346,6.2600059108620005,0.07774956642326736
2022-02-15,0.176697123,6.240005889608101,0.07750116522315847
2022-02-16,0.167352563,5.910005556576101,0.07340254564066694
2022-02-17,0.15687533,5.540005216351001,0.06880712409656782
2022-02-18,0.156025825,5.5100052021275,0.06843452251570961
2022-02-19,0.150645624,5.3200050178728,0.06607471133398027
2022-02-20,0.153477309,5.420005124142301,0.06731671733452473
2022-02-21,0.149229782,5.270004982395401,0.06545370855301318
2022-02-22,0.154043645,5.440005110081501,0.06756511809602339
2022-02-23,0.178112965,6.2900059250855005,0.07812216800412558
2022-02-24,0.17160009,6.060005698323001,0.07526555442217847
2022-02-25,0.17528128,6.190005818816001,0.07688016200358114
2022-02-26,0.201049611,7.1000066975817,0.08818241551201
2022-02-27,0.203598127,7.1900067755669,0.08930022069319489
2022-02-28,0.179811976,6.350005988847201,0.07886737160445224
2022-03-01,0.152344635,5.380005081634501,0.06681991493430695
2022-03-02,0.14951295,5.280004975365,0.0655779089337625
2022-03-03,0.146398097,5.1700048761259,0.06421170255246873
2022-03-04,0.133089179,4.7000044296313,0.05837427500782519
2022-03-05,0.126576304,4.4700042028688,0.05551766142587808
2022-03-06,0.137903043,4.8700045926321005,0.06048568498944563
2022-03-07,0.171883259,6.070005726607301,0.07538975524153803
2022-03-08,0.193404062,6.8300064283114,0.08482899952984511
2022-03-09,0.199067432,7.0300066408504,0.087313011530934
2022-03-10,0.23446349,8.280007810303001,0.10283808456399351
2022-03-11,0.232764479,8.2200077465413,0.10209288096366684
2022-03-12,0.202748622,7.1600067613434,0.08892761911233667
2022-03-13,0.198501095,7.0100066195965,0.0870646103308251
2022-03-14,0.194536736,6.8700064708192,0.08532580193006288
2022-03-15,0.191705051,6.7700063645497,0.08408379592951844
2022-03-16,0.185192177,6.540006173101901,0.08122718278618157
2022-03-17,0.185192177,6.540006173101901,0.08122718278618157
2022-03-18,0.184059503,6.500006130594101,0.08073038038596381
2022-03-19,0.180378313,6.3700060101011005,0.07911577280456114
2022-03-20,0.19198822,6.780006392834,0.084207996748878
2022-03-21,0.206146643,7.2800068535521,0.09041802587437976
2022-03-22,0.209261496,7.3900069527912,0.09178423225567355
2022-03-23,0.214924866,7.5900071653302,0.09426824425676242
2022-03-24,0.234746658,8.2900078032726,0.10296228494474284
2022-03-25,0.252586272,8.9200084197984,0.1107869220902575
2022-03-26,0.283168466,10.0000094262502,0.12420058514169657
2022-03-27,0.348297213,12.3000115879311,0.15276671964533695
2022-03-28,0.421921014,14.9000140331058,0.18505887171200042
2022-03-29,0.433247753,15.3000144228691,0.19002689527556796
2022-03-30,0.458732915,16.200015273350502,0.20120494796463725
2022-03-31,0.501208185,17.7000166908195,0.21983503577975277
2022-04-01,0.504039869,17.8000167617743,0.221077041341687
2022-04-02,0.526693347,18.600017541300904,0.2310130884688221
2022-04-03,0.535188401,18.900017824794702,0.23473910603184517
2022-04-04,0.555010193,19.6000184627371,0.2434331467198256
2022-04-05,0.645624102,22.8000214748994,0.28317733391253525
2022-04-06,0.719247903,25.4000239200741,0.3154694859791987
2022-04-07,0.690931057,24.4000229986379,0.3030494277281952
2022-04-08,0.685267688,24.200022821413604,0.3005654161657166
2022-04-09,0.74756475,26.400024876825,0.3278895446688125
2022-04-10,0.741901381,26.200024699600704,0.32540553310633386
2022-04-11,0.798535074,28.200026577787803,0.35024565004695113
2022-04-12,0.91180246,32.200030334162,0.3999258839281856
2022-04-13,0.959941099,33.900031928855306,0.42103998330577985
2022-04-14,0.920297514,32.5000306176558,0.4036519014912088
2022-04-15,0.91180246,32.200030334162,0.3999258839281856
2022-04-16,0.883485614,31.200029412725804,0.38750582567718217
2022-04-17,0.877822244,31.000029200186802,0.3850218136760932
2022-04-18,0.880653929,31.1000293064563,0.3862638196766377
2022-04-19,0.900475722,31.800029979713404,0.39495786080322837
2022-04-20,0.872158875,30.8000290229625,0.38253780211361454
2022-04-21,0.843842028,29.8000280662116,0.37011774342400083
2022-04-22,0.846673713,29.900028172481104,0.3713597494245453
2022-04-23,0.852337082,30.100028349705404,0.37384376098702393
2022-04-24,0.829683605,29.300027605493504,0.3639077142984991
2022-04-25,0.824020236,29.1000274282692,0.36142370273602037
2022-04-26,0.812693497,28.700027038505905,0.35645567917245286
2022-04-27,0.82685192,29.200027499224,0.36266570829795464
2022-04-28,0.863663821,30.500028739468704,0.3788117845505915
2022-04-29,0.925960884,32.7000308301948,0.4061359134922976
2022-04-30,0.937287622,33.100031184643406,0.411103936617255
2022-05-01,1.013743108,35.8000337360876,0.4446380946844628
2022-05-02,1.121347125,39.6000373152375,0.4918343170032187
2022-05-03,1.262931358,44.6000420283626,0.5539346095740669
2022-05-04,1.325228421,46.8000441190887,0.5812587385157733
2022-05-05,1.707505849,60.3000568056803,0.7489295279745923
2022-05-06,2.37012006,83.70007888288201,1.0395588974517842
2022-05-07,2.916635199,103.0000970621253,1.2792660266085865
2022-05-08,2.973268892,105.00009894031241,1.3041061435492038
2022-05-09,2.738239065,96.70009110875552,1.2010196577851016
2022-05-10,2.557011247,90.3000850844309,1.1215312833996822
2022-05-11,2.446575546,86.40008143432621,1.073093055518992
2022-05-12,2.40693196,85.00008008781201,1.0557049732658108
2022-05-13,2.279506151,80.50007587071971,0.9998147102590744
2022-05-14,2.154912026,76.1000717245822,0.9451664528142721
2022-05-15,2.180397188,77.00007257506361,0.9563445055033416
2022-05-16,3.001585739,106.0000998970633,1.3165262022388176
2022-05-17,4.785547074,169.00015925418782,2.098989888280618
2022-05-18,6.937627415,245.0002308725005,3.0429143350943457
2022-05-19,8.353469745,295.00027800375153,3.6639172608028288
2022-05-20,6.880993722,243.00022899431343,3.018074218153729
2022-05-21,5.861587245,207.00019508100152,2.5709521119067866
2022-05-22,5.15366608,182.000171515376,2.260450649052545
2022-05-23,4.672279688,165.0001554978136,2.049309654399383
2022-05-24,4.389111222,155.00014607156342,1.9251090692576869
2022-05-25,4.417428068,156.00014699299962,1.9375291275086903
2022-05-26,6.22970625,220.00020730687498,2.732412872240104
2022-05-27,10.27901531,363.000341968057,4.508481238099646
2022-05-28,14.21505699,502.0004730847531,6.234869372709616
2022-05-29,14.61149284,516.000486196748,6.408750190855326
2022-05-30,13.64872006,482.000454302882,5.986468203303443
2022-05-31,11.92139242,421.000396894574,5.22884463507948
2022-06-01,10.36396585,366.000344802995,4.545741413729877
2022-06-02,9.825945767,347.0003269778749,4.309760303013318
2022-06-03,10.42059955,368.00034692838506,4.570581533740766
2022-06-04,12.79921466,452.00042595350203,5.613866447001133
2022-06-05,17.83961335,630.0005935712451,7.8246368604180025
2022-06-06,22.99327943,812.0007650866211,10.085087509470547
2022-06-07,21.09605071,745.0007020084371,9.252943589986124
2022-06-08,19.73684207,697.0006566494291,8.656780779902427
2022-06-09,24.04100276,849.0008001685721,10.544629677038765
2022-06-10,34.54655284,1220.001149578748,15.15247138202366
2022-06-11,43.60794375,1540.001451148125,19.126890105680726
2022-06-12,50.40398693,1780.0016772368713,22.107704147327006
2022-06-13,48.13863921,1700.001602109387,21.114099469702314
2022-06-14,30.01585739,1060.0009989706332,13.165262022388177
2022-06-15,18.91565352,668.000629362744,8.29659908360556
2022-06-16,16.56535526,585.000551400322,7.265734230350639
2022-06-17,21.52080341,760.000716183127,9.439244468137277
2022-06-18,27.26912327,963.0009075430692,11.960516346601443
2022-06-19,37.66140597,1330.0012534087589,16.51867782033676
2022-06-20,33.41387898,1180.0011120150061,14.655669043211315
2022-06-21,22.48357619,794.0007480769931,9.86152645568916
2022-06-22,21.69070449,766.0007218530031,9.51376481939774
2022-06-23,24.38080492,861.000811508324,10.693670379559688
2022-06-24,26.58951895,939.000884863565,11.66243494155959
2022-06-25,27.07090534,956.000900810498,11.873575935335534
2022-06-26,25.51347878,901.000849072066,11.190472718372034
2022-06-27,25.17367662,889.000837732314,11.04143201585111
2022-06-28,23.89941852,844.0007952082441,10.482529381397644
2022-06-29,24.1259533,852.00080300351,10.581889852668995
2022-06-30,24.77724077,875.000824620319,10.867551197705398
2022-07-01,22.08714034,780.0007349649981,9.687645637543453
2022-07-02,20.84119909,736.000693503623,9.14116306309543
2022-07-03,19.65189153,694.0006538144911,8.619520604272195
2022-07-04,20.16159477,712.0006708241191,8.843081658053581
2022-07-05,19.53862415,690.000650270005,8.569840373022622
2022-07-06,18.03783128,637.000600303816,7.911577271683909
2022-07-07,16.33882048,577.000543605056,7.1663737590792875
2022-07-08,15.03624554,531.000500371438,6.59505106900648
2022-07-09,14.27169068,504.00047485699605,6.259709488334402
2022-07-10,13.70535375,484.00045607512504,6.011308318928229
2022-07-11,13.02574943,460.00043339562103,5.7132269138863805
2022-07-12,11.6099071,410.00038626437,5.0922239881778975
2022-07-13,10.53386693,372.00035047287105,4.620261764990339
2022-07-14,10.36396585,366.000344802995,4.545741413729877
2022-07-15,10.59050063,374.000352598261,4.645101885001227
2022-07-16,10.13743108,358.000337360876,4.446380946844629
2022-07-17,8.97644037,317.000298734439,3.937158548026839
2022-07-18,8.155251818,288.0002713771246,3.5769768508527524
2022-07-19,7.617231733,269.0002534813751,3.340995739258973
2022-07-20,6.965944262,246.00023182925142,3.055334393783959
2022-07-21,6.059805171,214.0002016723137,2.6578925214182525
2022-07-22,5.408517699,191.0001799848753,2.3722311755046284
2022-07-23,4.89881446,173.000163010562,2.1486701221618523
2022-07-24,4.502378608,159.0001498279376,1.974789303138921
2022-07-25,4.162576449,147.0001385235003,1.8257486010566077
2022-07-26,3.90772483,138.000130054001,1.7139680746045245
2022-07-27,3.709506904,131.0001234626888,1.6270276650930589
2022-07-28,3.539605824,125.00011779281282,1.5525073138325969
2022-07-29,3.398021591,120.00011307968771,1.4904070212617488
2022-07-30,3.341387898,118.0001112015006,1.4655669043211315
2022-07-31,3.341387898,118.0001112015006,1.4655669043211315
2022-08-01,3.284754205,116.00010932331351,1.440726787380514
2022-08-02,3.256437358,115.0001083665626,1.4283067286909004
2022-08-03,3.313071051,117.0001102447497,1.4531468456315175
2022-08-04,3.199803665,113.00010648837551,1.4034666117502832
2022-08-05,3.228120511,114.00010740981172,1.4158866700012869
2022-08-06,5.436834546,192.0001809416262,2.384651234194242
2022-08-07,9.118024603,322.00030344756414,3.999258840597687
2022-08-08,11.80812503,417.000392996941,5.179164399443804
2022-08-09,8.325152898,294.0002770470006,3.6514972021132155
2022-08-10,6.116438864,216.0002035505008,2.68273263835887
2022-08-11,5.012081847,177.0001668022509,2.198350356481697
2022-08-12,4.389111222,155.00014607156342,1.9251090692576869
2022-08-13,3.964358523,140.0001319321881,1.7388081915451419
2022-08-14,3.82277429,135.00012721906302,1.6767078989742936
2022-08-15,3.624556364,128.00012062775082,1.589767489462828
2022-08-16,3.398021591,120.00011307968771,1.4904070212617488
2022-08-17,3.256437358,115.0001083665626,1.4283067286909004
2022-08-18,3.086536279,109.00010273200131,1.3537863778690487
2022-08-19,2.916635199,103.0000970621253,1.2792660266085865
2022-08-20,2.831684659,100.0000942271873,1.2420058509783556
2022-08-21,2.749565804,97.10009149851881,1.2059876813486687
2022-08-22,2.636298418,93.10008774214461,1.1563074474674344
2022-08-23,2.551347878,90.10008490720661,1.1190472718372035
2022-08-24,2.477724077,87.5000824620319,1.0867551197705398
2022-08-25,2.423922068,85.6000806547996,1.0631570083918567
2022-08-26,2.367288375,83.60007877661249,1.0383168914512395
2022-08-27,2.265347727,80.0000753746869,0.9936046806949623
2022-08-28,2.166238764,76.5000720790308,0.9501344759392296
2022-08-29,2.089783278,73.8000695275866,0.9166003178720218
2022-08-30,2.004832739,70.8000667279633,0.8793401426804007
2022-08-31,1.900060406,67.1000632197682,0.8333859259235792
2022-09-01,1.781129651,62.90005928616971,0.7812216804798662
2022-09-02,1.673525634,59.100055707019806,0.7340254581611101
2022-09-03,1.563089932,55.200052021600406,0.6855872298418098
2022-09-04,1.45265423,51.30004833618101,0.6371490015225095
2022-09-05,1.347881898,47.6000448633006,0.5911947852042981
2022-09-06,1.251604619,44.2000416385993,0.5489665860104995
2022-09-07,1.172317449,41.400039016200296,0.5141904223813573
2022-09-08,1.095861963,38.7000364647561,0.4806562643141494
2022-09-09,1.033564901,36.50003440934471,0.4533321358110535
2022-09-10,0.957109415,33.8000318579005,0.4197979777438456
2022-09-11,0.889148983,31.4000295899501,0.3899898372396608
2022-09-12,0.824020236,29.1000274282692,0.36142370273602037
2022-09-13,0.773049912,27.3000257273064,0.3390675973578818
2022-09-14,0.761723173,26.900025337543102,0.33409957379431426
2022-09-15,0.761723173,26.900025337543102,0.33409957379431426
2022-09-16,0.846673713,29.900028172481104,0.3713597494245453
2022-09-17,0.880653929,31.1000293064563,0.3862638196766377
2022-09-18,0.894812352,31.6000297671744,0.3924738488021394
2022-09-19,0.894812352,31.6000297671744,0.3924738488021394
2022-09-20,0.914634145,32.3000304404315,0.40116788992873004
2022-09-21,0.996753,35.2000331691,0.43718605955841666
2022-09-22,1.243109565,43.9000413551055,0.5452405684474764
2022-09-23,1.503624554,53.1000500371438,0.6595051069006481
2022-09-24,1.636713733,57.8000544667751,0.7178793819084732
2022-09-25,1.749981119,61.80005822314931,0.7675596157897079
2022-09-26,1.840595028,65.0000612353116,0.8073038029824176
2022-09-27,1.863248506,65.8000620148382,0.8172398501095526
2022-09-28,1.854753452,65.5000617313444,0.8135138325465294
2022-09-29,1.82926829,64.600060880863,0.8023357798574601
2022-09-30,1.959525784,69.2000652042248,0.8594680488647409
2022-10-01,2.072793171,73.2000689959137,0.9091482831845856
2022-10-02,2.262516043,79.90007530373211,0.9923626751330282
2022-10-03,2.350298267,83.0000782096249,1.0308648563251934
2022-10-04,2.387110168,84.3000794498696,1.04701093257783
2022-10-05,2.392773537,84.50007962709391,1.049494944140309
2022-10-06,2.381446798,84.1000792373306,1.0445269205767411
2022-10-07,2.336139844,82.5000777489068,1.0246548271996916
2022-10-08,2.268179412,80.1000754809564,0.9948466866955068
2022-10-09,2.186060557,77.2000727522879,0.9588285170658202
2022-10-10,2.086951594,73.7000694566318,0.9153583123100875
2022-10-11,1.979347577,69.90006587748191,0.8681620899913315
2022-10-12,1.86608019,65.900062085793,0.8184818556714867
2022-10-13,1.755644489,62.0000584356883,0.7700436277907968
2022-10-14,1.648040472,58.2000548565384,0.7228474054720407
2022-10-15,1.548931509,54.7000515608823,0.679377200716308
2022-10-16,1.472476023,52.0000490094381,0.6458430426491001
2022-10-17,1.407347276,49.70004684775721,0.6172769081454598
2022-10-18,1.350713582,47.7000449342554,0.5924367907662322
2022-10-19,1.277089781,45.1000424890807,0.5601446386995688
2022-10-20,1.180812503,41.700039299694104,0.5179164399443805
2022-10-21,1.059050063,37.4000352598261,0.46451018850012277
2022-10-22,0.988257946,34.9000328856062,0.43346004199539356
2022-10-23,0.976931207,34.5000324958429,0.42849201843182605
2022-10-24,0.914634145,32.3000304404315,0.40116788992873004
2022-10-25,0.914634145,32.3000304404315,0.40116788992873004
2022-10-26,0.86932719,30.700028916693004,0.3812957961130702
2022-10-27,0.872158875,30.8000290229625,0.38253780211361454
2022-10-28,0.852337082,30.100028349705404,0.37384376098702393
2022-10-29,0.835346974,29.5000277827178,0.36639172586097773
2022-10-30,0.807030128,28.5000268612816,0.3539716676099742
2022-10-31,0.787208335,27.8000261880245,0.3452776264833835
2022-11-01,0.767386543,27.1000255500821,0.33658358579540315
2022-11-02,0.750396435,26.5000249830945,0.32913155066935695
2022-11-03,0.724911273,25.600024132613104,0.31795349798028766
2022-11-04,0.685267688,24.200022821413604,0.3005654161657166
2022-11-05,0.744733065,26.300024770555503,0.32664753866826807
2022-11-06,0.744733065,26.300024770555503,0.32664753866826807
2022-11-07,0.815525182,28.800027144775402,0.3576976851729973
2022-11-08,0.843842028,29.8000280662116,0.37011774342400083
2022-11-09,0.891980668,31.500029696219602,0.3912318432402052
2022-11-10,0.965604469,34.1000321413943,0.4235239953068687
2022-11-11,0.962772784,34.0000320351248,0.4222819893063242
2022-11-12,0.993921315,35.100033062830505,0.4359440535578722
2022-11-13,0.971267838,34.300032318618605,0.42600800686934737
2022-11-14,0.945782676,33.4000314681372,0.414829954180278
2022-11-15,0.95427773,33.700031751631,0.4185559717433012
2022-11-16,0.965604469,34.1000321413943,0.4235239953068687
2022-11-17,0.959941099,33.900031928855306,0.42103998330577985
2022-11-18,0.937287622,33.100031184643406,0.411103936617255
2022-11-19,0.991089631,35.000032991875706,0.43470204799593803
2022-11-20,0.945782676,33.4000314681372,0.414829954180278
2022-11-21,0.914634145,32.3000304404315,0.40116788992873004
2022-11-22,0.849505398,30.0000282787506,0.3726017554250897
2022-11-23,0.812693497,28.700027038505905,0.35645567917245286
2022-11-24,0.784376651,27.7000261170697,0.34403562092144935
2022-11-25,0.750396435,26.5000249830945,0.32913155066935695
2022-11-26,0.719247903,25.4000239200741,0.3154694859791987
2022-11-27,0.696594426,24.6000231758622,0.3055334392906739
2022-11-28,0.671109264,23.700022325380804,0.2943553866016046
2022-11-29,0.710752849,25.100023636580303,0.3117434684161757
2022-11-30,0.74756475,26.400024876825,0.3278895446688125
2022-12-01,0.690931057,24.4000229986379,0.3030494277281952
2022-12-02,0.673940949,23.8000224316503,0.29559739260214907
2022-12-03,0.719247903,25.4000239200741,0.3154694859791987
2022-12-04,0.690931057,24.4000229986379,0.3030494277281952
2022-12-05,0.70508948,24.900023459356003,0.309259456853697
2022-12-06,0.673940949,23.8000224316503,0.29559739260214907
2022-12-07,0.713584534,25.2000237428498,0.3129854744167201
2022-12-08,0.628633994,22.2000209079118,0.27572529878648905
2022-12-09,0.631465679,22.3000210141813,0.27696730478703346
2022-12-10,0.66261421,23.400022041887002,0.29062936903858144
2022-12-11,0.614475571,21.700020447193705,0.2695152696609873
2022-12-12,0.642792418,22.7000214039446,0.28193532835060103
2022-12-13,0.645624102,22.8000214748994,0.28317733391253525
2022-12-14,0.66261421,23.400022041887002,0.29062936903858144
2022-12-15,0.591822094,20.9000197029818,0.25957922297246244
2022-12-16,0.594653778,21.0000197739366,0.26082122853439665
2022-12-17,0.572000301,20.2000190297247,0.2508851818458718
2022-12-18,0.622970625,22.000020730687503,0.2732412872240104
2022-12-19,0.611643886,21.6000203409242,0.26827326366044285
2022-12-20,0.569168616,20.100018923455202,0.24964317584532736
2022-12-21,0.555010193,19.6000184627371,0.2434331467198256
2022-12-22,0.563505247,19.900018746230902,0.2471591642828487
2022-12-23,0.642792418,22.7000214039446,0.28193532835060103
2022-12-24,0.557841878,19.7000185690066,0.24467515272037005
2022-12-25,0.489881446,17.3000163010562,0.21486701221618523
2022-12-26,0.450237861,15.900014989856702,0.19747893040161418
2022-12-27,0.450237861,15.900014989856702,0.19747893040161418
2022-12-28,0.509703239,18.0000169743133,0.2235610533427759
2022-12-29,0.495544815,17.500016478280504,0.21735102377866392
2022-12-30,0.546515139,19.300018179243303,0.23970712915680253
2022-12-31,0.504039869,17.8000167617743,0.221077041341687
2023-01-01,0.506871554,17.9000168680438,0.2223190473422314
2023-01-02,0.492713131,17.4000164073257,0.2161090182167297
2023-01-03,0.475723023,16.8000158403381,0.20865698309068348
2023-01-04,0.478554707,16.9000159112929,0.2098989886526177
2023-01-05,0.634297364,22.400021120450802,0.27820931078757793
2023-01-06,0.41908933,14.800013962151,0.18381686615006618
2023-01-07,0.515366608,18.2000171515376,0.22604506490525453
2023-01-08,0.41342596,14.600013749612,0.18133285414897732
2023-01-09,0.359623952,12.700011977694402,0.1577347432089045
2023-01-10,0.37661406,13.300012544682,0.16518677833495068
2023-01-11,0.404930906,14.3000134661182,0.1776068365859542
2023-01-12,0.470059653,16.600015627799102,0.20617297108959462
2023-01-13,0.362455636,12.8000120486492,0.15897674877083873
2023-01-14,0.356792267,12.6000118714249,0.15649273720836004
2023-01-15,0.348297213,12.3000115879311,0.15276671964533695
2023-01-16,0.353960582,12.500011765155401,0.1552507312078156
2023-01-17,0.336970474,11.900011198167801,0.1477986960817694
2023-01-18,0.393604168,13.9000131116696,0.17263881346099688
2023-01-19,0.390772483,13.800013005400102,0.17139680746045244
2023-01-20,0.297326889,10.5000098869683,0.13041061426719833
2023-01-21,0.297326889,10.5000098869683,0.13041061426719833
2023-01-22,0.32847542,11.600010914674002,0.1440726785187463
2023-01-23,0.342633844,12.100011410706802,0.1502827080828583
2023-01-24,0.317148682,11.200010560225401,0.13910465539378897
2023-01-25,0.314316997,11.1000104539559,0.13786264939324452
2023-01-26,0.311485313,11.0000103830011,0.1366206438313103
2023-01-27,0.264196179,9.3300088025313,0.11587914603457436
2023-01-28,0.265045684,9.360008816754801,0.1162517476154326
2023-01-29,0.29166352,10.300009709744002,0.1279266027047197
2023-01-30,0.393604168,13.9000131116696,0.17263881346099688
2023-01-31,0.365287321,12.9000121549187,0.16021875477138314
2023-02-01,0.317148682,11.200010560225401,0.13910465539378897
2023-02-02,0.294495205,10.4000098160135,0.12916860870526412
2023-02-03,0.27863777,9.840009256219,0.12221337554082547
2023-02-04,0.238711017,8.4300079520499,0.10470109334550506
2023-02-05,0.206429812,7.2900068818364,0.09054222669373932
2023-02-06,0.199916937,7.0600066550739,0.08768561311179221
2023-02-07,0.188590198,6.6600062653106,0.08271758954822467
2023-02-08,0.18830703,6.650006272341,0.08259338916747534
2023-02-09,0.286000151,10.1000095325197,0.12544259114224102
2023-02-10,0.227667447,8.0400075905709,0.09985727060129708
2023-02-11,0.213792192,7.5500071228224,0.09377144185654465
2023-02-12,0.177829797,6.280005932115901,0.07799796762337625
2023-02-13,0.169334743,5.9800056486221,0.07427195006035316
2023-02-14,0.158008004,5.580005258858801,0.0693039264967856
2023-02-15,0.158008004,5.580005258858801,0.0693039264967856
2023-02-16,0.200200105,7.0700066480435,0.08780981349254155
2023-02-17,0.222570414,7.8600073992858,0.09762165980031709
2023-02-18,0.242958544,8.5800080937968,0.10656410212701661
2023-02-19,0.187740693,6.6300062510871,0.08234498796736646
2023-02-20,0.140168391,4.9500046776477005,0.06147928978988118
2023-02-21,0.130823831,4.6200043446157,0.057380670207389635
2023-02-22,0.159990183,5.650005315590101,0.0701733304778616
2023-02-23,0.181510987,6.4100060526089,0.07961257520477892
2023-02-24,0.183776334,6.490006102309801,0.08060617956660425
2023-02-25,0.179245639,6.3300059675933005,0.07861897040434336
2023-02-26,0.160273352,5.660005343874401,0.07029753129722116
2023-02-27,0.174148607,6.150005811622901,0.07638336004197359
2023-02-28,0.196518915,6.9400065275505,0.08619520591113887
2023-03-01,0.201899116,7.1300067118052,0.08855501709286823
2023-03-02,0.226251604,7.9900075197788,0.09923626738171974
2023-03-03,0.190572378,6.7300063573566,0.08358699396791089
2023-03-04,0.218039719,7.7000072645693,0.0956344506380562
2023-03-05,0.212093181,7.4900070590607,0.09302623825621797
2023-03-06,0.220871403,7.8000073355241,0.09687645619999041
2023-03-07,0.225402099,7.9600075055553,0.09886366580086152
2023-03-08,0.258532809,9.1300085899923,0.11339513403348549
2023-03-09,0.230499131,8.1400076615257,0.1010992761632313
2023-03-10,0.236728838,8.360007895318601,0.10383168936442908
2023-03-11,0.263629842,9.3100087812774,0.11563074483446548
2023-03-12,0.283168466,10.0000094262502,0.12420058514169657
2023-03-13,0.257116967,9.0800085545149,0.11277413125251837
2023-03-14,0.25655063,9.060008533261001,0.11252573005240948
2023-03-15,0.288831835,10.2000096034745,0.12668459670417523
2023-03-16,0.311485313,11.0000103830011,0.1366206438313103
2023-03-17,0.342633844,12.100011410706802,0.1502827080828583
2023-03-18,0.339802159,12.000011304437301,0.14904070208231385
2023-03-19,0.345465528,12.200011481661601,0.1515247136447925
2023-03-20,0.277505097,9.8000092490259,0.1217165735792179
2023-03-21,0.297326889,10.5000098869683,0.13041061426719833
2023-03-22,0.29166352,10.300009709744002,0.1279266027047197
2023-03-23,0.305821943,10.8000101704621,0.13413663183022143
2023-03-24,0.288831835,10.2000096034745,0.12668459670417523
2023-03-25,0.311485313,11.0000103830011,0.1366206438313103
2023-03-26,0.288831835,10.2000096034745,0.12668459670417523
2023-03-27,0.262497168,9.2700087387696,0.11513394243424771
2023-03-28,0.270425885,9.5500090010095,0.11861155879716191
2023-03-29,0.248905082,8.7900082993054,0.10917231450885484
2023-03-30,0.240126859,8.4800079875273,0.10532209612647218
2023-03-31,0.231348637,8.170007711063901,0.10147187818269975
2023-04-01,0.225685267,7.9700074985249,0.09898786618161085
2023-04-02,0.239843691,8.470007994557701,0.10519789574572283
2023-04-03,0.243524881,8.6000081150507,0.10681250332712551
2023-04-04,0.237012006,8.3700078882882,0.1039558897451784
2023-04-05,0.325643736,11.5000108437192,0.1428306729568121
2023-04-06,0.265328853,9.3700088450391,0.11637594843479213
2023-04-07,0.251736766,8.890008370260201,0.11041432007078907
2023-04-08,0.232198142,8.200007725287401,0.10184447976355797
2023-04-09,0.238711017,8.4300079520499,0.10470109334550506
2023-04-10,0.254851619,9.0000084694993,0.1117805264520828
2023-04-11,0.300158574,10.600009993237801,0.13165262026774277
2023-04-12,0.461564599,16.3000153443053,0.2024469535265715
2023-04-13,0.472891338,16.7000157340686,0.207414977090139
2023-04-14,0.492713131,17.4000164073257,0.2161090182167297
2023-04-15,0.546515139,19.300018179243303,0.23970712915680253
2023-04-16,0.492713131,17.4000164073257,0.2161090182167297
2023-04-17,0.506871554,17.9000168680438,0.2223190473422314
2023-04-18,0.572000301,20.2000190297247,0.2508851818458718
2023-04-19,0.628633994,22.2000209079118,0.27572529878648905
2023-04-20,0.716416219,25.3000238491193,0.3142274804172645
2023-04-21,0.580495355,20.500019313218502,0.25461119940889493
2023-04-22,0.560673563,19.800018675276103,0.24591715872091452
2023-04-23,0.54085177,19.100018002019,0.23722311759432382
2023-04-24,0.487049761,17.200016194786702,0.2136250062156408
2023-04-25,0.512534923,18.100017045268103,0.2248030589047101
2023-04-26,0.538020085,19.0000178957495,0.23598111159377938
2023-04-27,0.591822094,20.9000197029818,0.25957922297246244
2023-04-28,0.617307256,21.800020553463202,0.2707572756615318
2023-04-29,0.784376651,27.7000261170697,0.34403562092144935
2023-04-30,1.234614511,43.6000410716117,0.5415145508844532
2023-05-01,1.987842631,70.2000661609757,0.8718881075543546
2023-05-02,2.888318352,102.00009610537441,1.266845967918973
2023-05-03,4.134259602,146.0001375667494,1.8133285423669936
2023-05-04,5.465151392,193.0001818630624,2.3970712924452457
2023-05-05,5.380200852,190.0001790281244,2.3598111168150147
2023-05-06,4.474061762,158.0001489065014,1.9623692448879178
2023-05-07,3.82277429,135.00012721906302,1.6767078989742936
2023-05-08,3.454655284,122.00011495787481,1.515247138202366
2023-05-09,3.284754205,116.00010932331351,1.440726787380514
2023-05-10,3.171486818,112.00010553162461,1.3910465530606695
2023-05-11,3.256437358,115.0001083665626,1.4283067286909004
2023-05-12,3.596239517,127.00011967099991,1.577347430773214
2023-05-13,4.134259602,146.0001375667494,1.8133285423669936
2023-05-14,6.031488324,213.0002007155628,2.645472462728639
2023-05-15,9.372876222,331.0003119170634,4.11103936704977
2023-05-16,11.58159026,409.00038555482206,5.079803932558556
2023-05-17,12.91248205,456.000429851135,5.663546682636807
2023-05-18,14.78139392,522.000491866624,6.483270542115788
2023-05-19,16.48040472,582.000548565384,7.228474054720407
2023-05-20,19.93506,704.0006633820001,8.743721191168333
2023-05-21,24.32417122,859.0008093829341,10.6688302595488
2023-05-22,27.72219281,979.000922427307,12.159237280371938
2023-05-23,29.16635199,1030.000970621253,12.792660266085864
2023-05-24,31.99803665,1130.0010648837551,14.03466611750283
2023-05-25,31.71486818,1120.001055316246,13.910465530606693
2023-05-26,26.22139994,926.0008724611181,11.500974179033223
2023-05-27,19.73684207,697.0006566494291,8.656780779902427
2023-05-28,17.0184248,601.00056628456,7.464455164121135
2023-05-29,16.31050364,576.000542895508,7.153953703459947
2023-05-30,17.07505849,603.000568056803,7.489295279745924
2023-05-31,18.17941551,642.000604910997,7.973677562938926
2023-06-01,20.75624855,733.000690668685,9.103902887465198
2023-06-02,25.25862716,892.000840567252,11.078692191481341
2023-06-03,37.3782375,1320.00124384125,16.394477233440625
2023-06-04,32.84754205,1160.0010932331352,14.407267873805141
2023-06-05,29.73268892,1050.000989403124,13.041061435492038
2023-06-06,33.13071051,1170.001102447497,14.531468456315176
2023-06-07,31.14853125,1100.001036534375,13.662064361200521
2023-06-08,31.14853125,1100.001036534375,13.662064361200521
2023-06-09,28.88318352,1020.000961053744,12.668459679189727
2023-06-10,26.27803364,928.0008745865081,11.525814299044113
2023-06-11,21.91723926,774.000729295122,9.613125286282989
2023-06-12,26.78773688,946.0008915961361,11.7493753528255
2023-06-13,25.79664725,911.0008586395751,11.314673305268172
2023-06-14,26.9859548,953.00089797556,11.836315759705302
2023-06-15,25.71169671,908.000855804637,11.27741312963794
2023-06-16,21.29426864,752.000708741008,9.33988400125203
2023-06-17,18.74575244,662.0006236928681,8.222078732345098
2023-06-18,15.54594878,549.0005173810661,6.818612122787867
2023-06-19,22.20040773,784.000738862631,9.737325873179126
2023-06-20,46.43962841,1640.001545410627,20.368895957097692
2023-06-21,45.30695455,1600.001507846885,19.872093618285348
2023-06-22,28.31684659,1000.0009422718731,12.420058509783555
2023-06-23,24.550706,867.0008171782001,10.768190730820152
2023-06-24,21.97387296,776.0007314205121,9.637965406293878
2023-06-25,18.2926829,646.00060880863,8.023357798574601
2023-06-26,17.13169219,605.000570182193,7.514135399756811
2023-06-27,17.92456389,633.0005964061831,7.8618970360482345
2023-06-28,16.82020688,594.000559905136,7.377514757241333
2023-06-29,15.97070148,564.0005315557561,7.004913000939022
2023-06-30,15.26278031,539.0005078135571,6.694411535891729
2023-07-01,16.2255531,573.00054006057,7.116693527829715
2023-07-02,18.63248506,658.000620148382,8.172398501095525
2023-07-03,19.68020838,695.000654877186,8.631940664277641
2023-07-04,18.34931659,648.0006105808731,8.04819791419939
2023-07-05,16.48040472,582.000548565384,7.228474054720407
2023-07-06,15.20614662,537.000506041314,6.6695714202669425
2023-07-07,13.62040321,481.00045324018697,5.974048143297997
2023-07-08,12.20456088,431.00040610893603,5.353045217589515
2023-07-09,11.27010494,398.00037492461803,4.943183285656974
2023-07-10,10.84535224,383.00036074992806,4.756882407505819
2023-07-11,11.15683756,394.000371380132,4.893503054407401
2023-07-12,11.27010494,398.00037492461803,4.943183285656974
2023-07-13,10.27901531,363.000341968057,4.508481238099646
2023-07-14,9.401193069,332.0003128738143,4.123459425739384
2023-07-15,8.778222444,310.00029214312684,3.8502181385153738
2023-07-16,8.155251818,288.0002713771246,3.5769768508527524
2023-07-17,7.872083353,278.0002619861891,3.4527762661496664
2023-07-18,8.013667586,283.00026669931424,3.514876558720515
2023-07-19,8.381786591,296.0002789251877,3.6763373190538315
2023-07-20,8.211885512,290.0002732906264,3.6018169682319807
2023-07-21,7.588914887,268.00025255993893,3.3285756810079694
2023-07-22,6.880993722,243.00022899431343,3.018074218153729
2023-07-23,6.116438864,216.0002035505008,2.68273263835887
2023-07-24,5.691686165,201.00018941112552,2.496431760646325
2023-07-25,5.635052472,199.0001875329384,2.4715916437057075
2023-07-26,6.173072557,218.00020542868793,2.7075727552994873
2023-07-27,6.569508409,232.0002186113123,2.881453574322418
2023-07-28,6.088122017,215.00020259374992,2.6703125796692557
2023-07-29,5.380200852,190.0001790281244,2.3598111168150147
2023-07-30,4.757230227,168.0001582974369,2.0865698295910042
2023-07-31,4.360794375,154.0001451148125,1.912689010568073
2023-08-01,4.134259602,146.0001375667494,1.8133285423669936
2023-08-02,3.964358523,140.0001319321881,1.7388081915451419
2023-08-03,4.049309063,143.0001347671261,1.776068367175373
2023-08-04,4.813863921,170.00016021093873,2.1114099469702317
2023-08-05,5.295250313,187.00017622850112,2.3225509416233936
2023-08-06,6.427924176,227.0002138981872,2.81935328175157
2023-08-07,6.654458949,235.00022144625032,2.918713749952649
2023-08-08,6.39960733,226.00021297675102,2.8069332235005664
2023-08-09,6.22970625,220.00020730687498,2.732412872240104
2023-08-10,5.748319858,203.00019128931262,2.5212718775869423
2023-08-11,5.097032387,180.0001696371889,2.2356105321119277
2023-08-12,4.559012301,161.0001517061247,1.9996294200795384
2023-08-13,4.134259602,146.0001375667494,1.8133285423669936
2023-08-14,3.82277429,135.00012721906302,1.6767078989742936
2023-08-15,3.567922671,126.0001187495637,1.5649273725222106
2023-08-16,3.313071051,117.0001102447497,1.4531468456315175
2023-08-17,3.114853125,110.00010365343749,1.366206436120052
2023-08-18,2.888318352,102.00009610537441,1.266845967918973
2023-08-19,2.758060858,97.4000917820126,1.209713698911692
2023-08-20,2.690100426,95.0000895140622,1.1799055584075073
2023-08-21,2.61364494,92.300086962618,1.1463714003402992
2023-08-22,2.602318202,91.90008660816942,1.141403377215342
2023-08-23,2.61930831,92.500087175157,1.148855412341388
2023-08-24,2.531526085,89.4000842339495,1.1103532307106128
2023-08-25,2.511704293,88.70008359600712,1.1016591900226325
2023-08-26,2.514535977,88.80008366696191,1.1029011955845665
2023-08-27,2.520199347,89.0000838795009,1.1053852075856556
2023-08-28,2.500377554,88.3000832062438,1.0966911664590648
2023-08-29,2.457902284,86.80008178877482,1.0780610786439493
2023-08-30,2.409763645,85.1000801940815,1.056946979266355
2023-08-31,2.344634898,82.80007803240059,1.0283808447627145
2023-09-01,2.319149736,81.9000771819192,1.0172027920736455
2023-09-02,2.282337835,80.6000759416745,1.0010567158210084
2023-09-03,2.28516952,80.70007604794401,1.002298721821553
2023-09-04,2.732575696,96.5000909315312,1.1985356462226229
2023-09-05,3.596239517,127.00011967099991,1.577347430773214
2023-09-06,3.73782375,132.000124384125,1.6394477233440625
2023-09-07,3.851091137,136.0001281758139,1.6891279576639073
2023-09-08,3.964358523,140.0001319321881,1.7388081915451419
2023-09-09,3.879407983,137.00012909725012,1.701548015914911
2023-09-10,3.709506904,131.0001234626888,1.6270276650930589
2023-09-11,3.482972131,123.00011591462571,1.5276671968919795
2023-09-12,3.228120511,114.00010740981172,1.4158866700012869
2023-09-13,3.029902585,107.0001008184995,1.328946260489821
2023-09-14,2.944952046,104.0000980188762,1.2916860852982002
2023-09-15,2.860001506,101.00009518393821,1.2544259096679693
2023-09-16,2.780714335,98.2000925262245,1.2196497456002169
2023-09-17,2.670278634,94.30008887611982,1.1712115177195268
2023-09-18,2.554179563,90.2000850134761,1.1202892778377478
2023-09-19,2.443743861,86.3000813280567,1.0718510495184475
2023-09-20,2.358793321,83.3000784931187,1.0345908738882164
2023-09-21,2.310654682,81.6000768984254,1.0134767745106223
2023-09-22,2.37012006,83.70007888288201,1.0395588974517842
2023-09-23,2.367288375,83.60007877661249,1.0383168914512395
2023-09-24,2.338971528,82.60007781986161,1.0258968327616258
2023-09-25,2.282337835,80.6000759416745,1.0010567158210084
2023-09-26,2.231367511,78.80007424071171,0.97870061044287
2023-09-27,2.183228872,77.1000726460184,0.9575865110652758
2023-09-28,2.137921918,75.5000711575946,0.937714417688226
2023-09-29,2.072793171,73.2000689959137,0.9091482831845856
2023-09-30,2.002001054,70.70006662169381,0.8780981366798565
2023-10-01,1.993506,70.4000663382,0.8743721191168333
2023-10-02,2.140753602,75.60007122854941,0.9389564232501604
2023-10-03,2.4550706,86.70008171782,1.076819073082015
2023-10-04,2.537189455,89.60008444648851,1.1128372427117017
2023-10-05,2.644793472,93.4000880256384,1.1600334650304576
2023-10-06,2.916635199,103.0000970621253,1.2792660266085865
2023-10-07,3.171486818,112.00010553162461,1.3910465530606695
2023-10-08,3.313071051,117.0001102447497,1.4531468456315175
2023-10-09,3.341387898,118.0001112015006,1.4655669043211315
2023-10-10,3.284754205,116.00010932331351,1.440726787380514
2023-10-11,3.313071051,117.0001102447497,1.4531468456315175
2023-10-12,3.369704744,119.0001121229368,1.4779869625721347
2023-10-13,3.369704744,119.0001121229368,1.4779869625721347
2023-10-14,3.256437358,115.0001083665626,1.4283067286909004
2023-10-15,3.171486818,112.00010553162461,1.3910465530606695
2023-10-16,3.171486818,112.00010553162461,1.3910465530606695
2023-10-17,3.171486818,112.00010553162461,1.3910465530606695
2023-10-18,3.058219432,108.0001017752504,1.341366319179435
2023-10-19,2.973268892,105.00009894031241,1.3041061435492038
2023-10-20,2.831684659,100.0000942271873,1.2420058509783556
2023-10-21,2.721248957,96.1000905417679,1.193567622659055
2023-10-22,2.616476625,92.4000870688875,1.1476134063408436
2023-10-23,2.523031031,89.1000839504557,1.1066272131475896
2023-10-24,2.429585438,85.80008086733861,1.0656410203929458
2023-10-25,2.321981421,82.00007728818869,1.0184447980741897
2023-10-26,2.389941852,84.4000795208244,1.0482529381397645
2023-10-27,2.293664574,81.00007633143781,1.006024739384576
2023-10-28,2.152080341,76.0000716183127,0.9439244468137278
2023-10-29,2.03598127,71.90006775566901,0.8930022069319489
2023-10-30,1.970852523,69.6000655939881,0.8644360724283084
2023-10-31,1.945367361,68.7000647435067,0.8532580197392391
2023-11-01,1.863248506,65.8000620148382,0.8172398501095526
2023-11-02,1.783961335,63.000059357124506,0.7824636860418003
2023-11-03,1.730159327,61.100057585206905,0.7588655751017275
2023-11-04,1.679189003,59.3000558842441,0.7365094697235888
2023-11-05,1.679189003,59.3000558842441,0.7365094697235888
2023-11-06,1.679189003,59.3000558842441,0.7365094697235888
2023-11-07,1.65936721,58.60005521098701,0.7278154285969982
2023-11-08,1.605565202,56.7000534390694,0.7042173176569253
2023-11-09,1.500792869,53.000049930874304,0.6582631009001036
2023-11-10,1.444159176,51.000048052687205,0.6334229839594865
2023-11-11,1.41017896,49.800046918712006,0.618518913707394
2023-11-12,1.336555159,47.200044473537304,0.5862267616407305
2023-11-13,1.279921466,45.200042595350205,0.5613866447001132
2023-11-14,1.228951142,43.40004089438741,0.5390305393219746
2023-11-15,1.175149134,41.5000391224698,0.5154324283819017
2023-11-16,1.149663972,40.6000382719884,0.5042543756928325
2023-11-17,1.112852071,39.300037031743706,0.4881082994401957
2023-11-18,1.073208486,37.9000357205442,0.47072021762562455
2023-11-19,1.053386693,37.2000350472871,0.4620261764990339
2023-11-20,1.022238162,36.10003401958141,0.448364112247486
2023-11-21,0.982594577,34.7000327083819,0.4309760304329149
2023-11-22,0.95427773,33.700031751631,0.4185559717433012
2023-11-23,0.925960884,32.7000308301948,0.4061359134922976
2023-11-24,0.860832136,30.400028633199202,0.37756977855004703
2023-11-25,0.79004002,27.900026294294,0.34651963248392803
2023-11-26,0.753228119,26.6000250540493,0.33037355623129117
2023-11-27,0.795703389,28.1000264715183,0.3490036440464067
2023-11-28,0.722079588,25.500024026343603,0.31671149197974324
2023-11-29,0.645624102,22.8000214748994,0.28317733391253525
2023-11-30,0.605980517,21.4000201636999,0.26578925209796417
2023-12-01,0.57766367,20.400019206949,0.25336919340835046
2023-12-02,0.57766367,20.400019206949,0.25336919340835046
2023-12-03,0.654119156,23.100021758393204,0.2869033514755584
2023-12-04,0.654119156,23.100021758393204,0.2869033514755584
2023-12-05,0.654119156,23.100021758393204,0.2869033514755584
2023-12-06,0.637129048,22.5000211914056,0.2794513163495122
2023-12-07,0.628633994,22.2000209079118,0.27572529878648905
2023-12-08,0.642792418,22.7000214039446,0.28193532835060103
2023-12-09,0.634297364,22.400021120450802,0.27820931078757793
2023-12-10,0.688099372,24.300022892368403,0.3018074217276508
2023-12-11,0.628633994,22.2000209079118,0.27572529878648905
2023-12-12,0.611643886,21.6000203409242,0.26827326366044285
2023-12-13,0.62013894,21.900020624418,0.27199928122346595
2023-12-14,0.600317148,21.200019986475603,0.26330524053548554
2023-12-15,0.57766367,20.400019206949,0.25336919340835046
2023-12-16,0.532356716,18.8000177185252,0.23349710003130075
2023-12-17,0.518198293,18.3000172578071,0.22728707090579897
2023-12-18,0.481386392,17.0000160175624,0.2111409946531621
2023-12-19,0.45590123,16.100015167081,0.1999629419640928
2023-12-20,0.433247753,15.3000144228691,0.19002689527556796
2023-12-21,0.41908933,14.800013962151,0.18381686615006618
2023-12-22,0.399267537,14.100013288893901,0.17512282502347556
2023-12-23,0.385109114,13.6000128281758,0.16891279589797378
2023-12-24,0.393604168,13.9000131116696,0.17263881346099688
2023-12-25,0.427584384,15.1000142456448,0.1875428837130893
2023-12-26,0.37095069,13.100012332143002,0.16270276633386183
2023-12-27,0.393604168,13.9000131116696,0.17263881346099688
2023-12-28,0.447406176,15.8000148835872,0.1962369244010697
2023-12-29,0.368119006,13.000012261188202,0.16146076077192761
2023-12-30,0.345465528,12.200011481661601,0.1515247136447925
2023-12-31,0.336970474,11.900011198167801,0.1477986960817694
2024-01-01,0.300158574,10.600009993237801,0.13165262026774277
2024-01-02,0.275522917,9.7300091569799,0.12084716915953168
2024-01-03,0.271841727,9.6000090364869,0.11923256157812903
2024-01-04,0.273823907,9.6700091285329,0.12010196599781524
2024-01-05,0.253435777,8.9500084340219,0.1111595236711157
2024-01-06,0.259099146,9.1500086112462,0.11364353523359438
2024-01-07,0.261081326,9.220008703292201,0.11451293965328059
2024-01-08,0.231348637,8.170007711063901,0.10147187818269975
2024-01-09,0.231631805,8.1800077040335,0.10159607856344907
2024-01-10,0.254285282,8.9800084482454,0.11153212525197392
2024-01-11,0.253435777,8.9500084340219,0.1111595236711157
2024-01-12,0.297326889,10.5000098869683,0.13041061426719833
2024-01-13,0.339802159,12.000011304437301,0.14904070208231385
2024-01-14,0.356792267,12.6000118714249,0.15649273720836004
2024-01-15,0.37661406,13.300012544682,0.16518677833495068
2024-01-16,0.424752699,15.0000141393753,0.18630087771254486
2024-01-17,0.421921014,14.9000140331058,0.18505887171200042
2024-01-18,0.441742807,15.600014706362902,0.19375291283859108
2024-01-19,0.421921014,14.9000140331058,0.18505887171200042
2024-01-20,0.396435852,14.0000131826244,0.1738808190229311
2024-01-21,0.390772483,13.800013005400102,0.17139680746045244
2024-01-22,0.379445744,13.4000126156368,0.1664287838968849
2024-01-23,0.37095069,13.100012332143002,0.16270276633386183
2024-01-24,0.37095069,13.100012332143002,0.16270276633386183
2024-01-25,0.356792267,12.6000118714249,0.15649273720836004
2024-01-26,0.353960582,12.500011765155401,0.1552507312078156
2024-01-27,0.345465528,12.200011481661601,0.1515247136447925
2024-01-28,0.331307105,11.700011020943501,0.14531468451929072
2024-01-29,0.322812051,11.4000107374497,0.14158866695626762
2024-01-30,0.305821943,10.8000101704621,0.13413663183022143
2024-01-31,0.294495205,10.4000098160135,0.12916860870526412
2024-02-01,0.286000151,10.1000095325197,0.12544259114224102
2024-02-02,0.280053613,9.8900093270111,0.12283437876040279
2024-02-03,0.272974401,9.6400090789947,0.1197293639783468
2024-02-04,0.261081326,9.220008703292201,0.11451293965328059
2024-02-05,0.270992222,9.5700090222634,0.11885995999727081
2024-02-06,0.311485313,11.0000103830011,0.1366206438313103
2024-02-07,0.379445744,13.4000126156368,0.1664287838968849
2024-02-08,0.404930906,14.3000134661182,0.1776068365859542
2024-02-09,0.410594276,14.5000136786572,0.1800908485870431
2024-02-10,0.390772483,13.800013005400102,0.17139680746045244
2024-02-11,0.421921014,14.9000140331058,0.18505887171200042
2024-02-12,0.424752699,15.0000141393753,0.18630087771254486
2024-02-13,0.416257645,14.700013855881501,0.18257486014952173
2024-02-14,0.433247753,15.3000144228691,0.19002689527556796
2024-02-15,0.475723023,16.8000158403381,0.20865698309068348
2024-02-16,0.555010193,19.6000184627371,0.2434331467198256
2024-02-17,0.631465679,22.3000210141813,0.27696730478703346
2024-02-18,0.654119156,23.100021758393204,0.2869033514755584
2024-02-19,0.572000301,20.2000190297247,0.2508851818458718
2024-02-20,0.586158724,20.700019490442802,0.25709521097137356
2024-02-21,0.569168616,20.100018923455202,0.24964317584532736
2024-02-22,0.566336932,20.0000188525004,0.24840117028339315
2024-02-23,0.546515139,19.300018179243303,0.23970712915680253
2024-02-24,0.543683455,19.200018108288504,0.2384651235948683
2024-02-25,0.518198293,18.3000172578071,0.22728707090579897
2024-02-26,0.495544815,17.500016478280504,0.21735102377866392
2024-02-27,0.492713131,17.4000164073257,0.2161090182167297
2024-02-28,0.546515139,19.300018179243303,0.23970712915680253
2024-02-29,0.470059653,16.600015627799102,0.20617297108959462
2024-03-01,0.472891338,16.7000157340686,0.207414977090139
2024-03-02,0.484218077,17.100016123831903,0.2123830006537066
2024-03-03,0.546515139,19.300018179243303,0.23970712915680253
2024-03-04,0.546515139,19.300018179243303,0.23970712915680253
2024-03-05,0.546515139,19.300018179243303,0.23970712915680253
2024-03-06,0.57766367,20.400019206949,0.25336919340835046
2024-03-07,0.580495355,20.500019313218502,0.25461119940889493
2024-03-08,0.608812202,21.5000202699694,0.26703125809850864
2024-03-09,0.605980517,21.4000201636999,0.26578925209796417
2024-03-10,0.566336932,20.0000188525004,0.24840117028339315
2024-03-11,0.543683455,19.200018108288504,0.2384651235948683
2024-03-12,0.557841878,19.7000185690066,0.24467515272037005
2024-03-13,0.518198293,18.3000172578071,0.22728707090579897
2024-03-14,0.478554707,16.9000159112929,0.2098989886526177
2024-03-15,0.450237861,15.900014989856702,0.19747893040161418
2024-03-16,0.461564599,16.3000153443053,0.2024469535265715
2024-03-17,0.407762591,14.400013572387701,0.17884884258649866
2024-03-18,0.407762591,14.400013572387701,0.17884884258649866
2024-03-19,0.430416068,15.200014316599601,0.18878488927502352
2024-03-20,0.458732915,16.200015273350502,0.20120494796463725
2024-03-21,0.472891338,16.7000157340686,0.207414977090139
2024-03-22,0.45590123,16.100015167081,0.1999629419640928
2024-03-23,0.464396284,16.400015450574802,0.20368895952711594
2024-03-24,0.481386392,17.0000160175624,0.2111409946531621
2024-03-25,0.470059653,16.600015627799102,0.20617297108959462
2024-03-26,0.45590123,16.100015167081,0.1999629419640928
2024-03-27,0.427584384,15.1000142456448,0.1875428837130893
2024-03-28,0.410594276,14.5000136786572,0.1800908485870431
2024-03-29,0.421921014,14.9000140331058,0.18505887171200042
2024-03-30,0.404930906,14.3000134661182,0.1776068365859542
2024-03-31,0.472891338,16.7000157340686,0.207414977090139
2024-04-01,0.597485463,21.1000198802061,0.2620632345349411
2024-04-02,0.58332704,20.600019419488003,0.2558532054094394
2024-04-03,0.631465679,22.3000210141813,0.27696730478703346
2024-04-04,0.702257795,24.8000233530865,0.3080174508531525
2024-04-05,0.716416219,25.3000238491193,0.3142274804172645
2024-04-06,0.756059804,26.7000251603188,0.3316155622318356
2024-04-07,0.750396435,26.5000249830945,0.32913155066935695
2024-04-08,0.739069696,26.100024593331202,0.32416352710578944
2024-04-09,0.699426111,24.7000232821317,0.3067754452912183
2024-04-10,0.702257795,24.8000233530865,0.3080174508531525
2024-04-11,0.70508948,24.900023459356003,0.309259456853697
2024-04-12,0.770218227,27.2000256210369,0.33782559135733736
2024-04-13,1.013743108,35.8000337360876,0.4446380946844628
2024-04-14,1.430000753,50.50004759196911,0.6272129548339846
2024-04-15,1.656535526,58.50005514003221,0.726573423035064
2024-04-16,1.783961335,63.000059357124506,0.7824636860418003
2024-04-17,1.953862415,69.0000650270005,0.8569840373022622
2024-04-18,1.843426713,65.1000613415811,0.8085458089829619
2024-04-19,1.769802912,62.50005889640641,0.7762536569162984
2024-04-20,1.727327642,61.00005747893741,0.757623569101183
2024-04-21,1.752812804,61.900058329418805,0.7688016217902522
2024-04-22,1.936872307,68.4000644600129,0.8495320021762162
2024-04-23,2.126595179,75.10007076783131,0.9327463941246585
2024-04-24,2.387110168,84.3000794498696,1.04701093257783
2024-04-25,2.692932111,95.10008962033172,1.1811475644080518
2024-04-26,2.695763796,95.2000897266012,1.1823895704085963
2024-04-27,2.605149886,92.00008667912421,1.142645382777276
2024-04-28,2.483387446,87.70008263925621,1.0892391313330185
2024-04-29,2.472060707,87.3000822494929,1.084271107769451
2024-04-30,2.384278483,84.20007934360011,1.0457689265772858
2024-05-01,2.217209088,78.30007377999361,0.9724905813173682
2024-05-02,2.058634747,72.70006849988091,0.9029382536204736
2024-05-03,1.9566941,69.10006513327001,0.8582260433028067
2024-05-04,1.843426713,65.1000613415811,0.8085458089829619
2024-05-05,1.894397037,66.9000630425439,0.8309019143611006
2024-05-06,2.033149585,71.8000676493995,0.8917602009314044
2024-05-07,1.982179261,70.0000659484367,0.8694040955532657
2024-05-08,1.936872307,68.4000644600129,0.8495320021762162
2024-05-09,1.911387145,67.50006360953151,0.8383539494871468
2024-05-10,1.902892091,67.20006332603771,0.8346279319241237
2024-05-11,2.106773386,74.4000700945742,0.9240523529980678
2024-05-12,2.724080642,96.2000906480374,1.1948096286595997
2024-05-13,3.992675369,141.0001328536243,1.7512282497961453
2024-05-14,5.266933466,186.0001752717502,2.31013088293378
2024-05-15,5.465151392,193.0001818630624,2.3970712924452457
2024-05-16,6.427924176,227.0002138981872,2.81935328175157
2024-05-17,8.041984432,284.0002676207504,3.5272966169715176
2024-05-18,8.636638211,305.0002874300017,3.7881178459445244
2024-05-19,8.948123523,316.0002977776881,3.924738489337225
2024-05-20,8.72158875,308.000290229625,3.825378021136146
2024-05-21,7.73049912,273.000257273064,3.3906759735788183
2024-05-22,6.767726335,239.0002252026245,2.9683939838338835
2024-05-23,6.059805171,214.0002016723137,2.6578925214182525
2024-05-24,5.436834546,192.0001809416262,2.384651234194242
2024-05-25,5.097032387,180.0001696371889,2.2356105321119277
2024-05-26,4.672279688,165.0001554978136,2.049309654399383
2024-05-27,4.728913381,167.00015737600071,2.0741497713400006
2024-05-28,6.626142103,234.00022052481413,2.9062936917016455
2024-05-29,10.27901531,363.000341968057,4.508481238099646
2024-05-30,11.6099071,410.00038626437,5.0922239881778975
2024-05-31,12.06297665,426.000401501755,5.290944926334498
2024-06-01,14.80971077,523.0004929293191,6.495690602121233
2024-06-02,16.31050364,576.000542895508,7.153953703459947
2024-06-03,18.20773236,643.0006059736921,7.986097622944371
2024-06-04,26.16476625,924.000870688875,11.476134063408438
2024-06-05,32.28120511,1140.0010740981172,14.158866700012867
2024-06-06,42.47526989,1500.001413584383,18.63008776686838
2024-06-07,45.87329148,1620.001526628756,20.12049478769152
2024-06-08,47.57230227,1680.001582974369,20.86569829591004
2024-06-09,43.60794375,1540.001451148125,19.126890105680726
2024-06-10,47.28913381,1670.0015737600072,20.741497713400005
2024-06-11,45.59012301,1610.0015170612471,19.996294200795386
2024-06-12,39.92675369,1410.001328536243,17.512282497961454
2024-06-13,38.79407983,1370.001290972501,17.01548015914911
2024-06-14,35.96239517,1270.001196709999,15.773474307732142
2024-06-15,32.56437358,1150.001083665626,14.283067286909006
2024-06-16,29.73268892,1050.000989403124,13.041061435492038
2024-06-17,19.79347577,699.000658774819,8.681620899913316
2024-06-18,13.7336706,485.00045713782004,6.023728378933673
2024-06-19,10.3922827,367.00034586569006,4.558161473735322
2024-06-20,9.146341449,323.0003043690003,4.0116788988486904
2024-06-21,10.16574793,359.000338423571,4.458801006850074
2024-06-22,11.75149134,415.000391224698,5.154324283819017
2024-06-23,14.72476023,520.000490094381,6.4584304264910015
2024-06-24,18.34931659,648.0006105808731,8.04819791419939
2024-06-25,20.33149585,718.000676493995,8.917602009314043
2024-06-26,18.7174356,661.0006229833201,8.209658676725757
2024-06-27,16.90515742,597.000562740074,7.414774932871563
2024-06-28,16.56535526,585.000551400322,7.265734230350639
2024-06-29,13.64872006,482.000454302882,5.986468203303443
2024-06-30,11.52495656,407.000383429432,5.054963812547666
2024-07-01,11.21347125,396.000373152375,4.918343170032188
2024-07-02,10.50555009,371.000349763323,4.607841709370997
2024-07-03,8.97644037,317.000298734439,3.937158548026839
2024-07-04,7.815449659,276.00026007268735,3.427936148770439
2024-07-05,6.937627415,245.0002308725005,3.0429143350943457
2024-07-06,6.342973637,224.0002110985639,2.7820931065599486
2024-07-07,6.14475571,217.00020447193702,2.695152696609873
2024-07-08,6.116438864,216.0002035505008,2.68273263835887
2024-07-09,6.088122017,215.00020259374992,2.6703125796692557
2024-07-10,6.116438864,216.0002035505008,2.68273263835887
2024-07-11,6.286339943,222.0002091850621,2.757252989180721
2024-07-12,6.31465679,223.000210141813,2.7696730478703353
2024-07-13,6.173072557,218.00020542868793,2.7075727552994873
2024-07-14,6.003171478,212.0001997941266,2.633052404477635
2024-07-15,5.776636705,204.0001922460635,2.5336919362765555
2024-07-16,5.550101932,196.0001846980004,2.4343314680754764
2024-07-17,5.266933466,186.0001752717502,2.31013088293378
2024-07-18,4.927131307,174.00016396731291,2.161090180851466
2024-07-19,4.530695455,160.00015078468851,1.987209361828535
2024-07-20,4.304160682,152.0001432366254,1.8878488936274556
2024-07-21,4.049309063,143.0001347671261,1.776068367175373
2024-07-22,3.82277429,135.00012721906302,1.6767078989742936
2024-07-23,3.624556364,128.00012062775082,1.589767489462828
2024-07-24,3.482972131,123.00011591462571,1.5276671968919795
2024-07-25,3.369704744,119.0001121229368,1.4779869625721347
2024-07-26,3.369704744,119.0001121229368,1.4779869625721347
2024-07-27,3.369704744,119.0001121229368,1.4779869625721347
2024-07-28,3.426338438,121.00011403643862,1.5028270799513626
2024-07-29,3.482972131,123.00011591462571,1.5276671968919795
2024-07-30,3.454655284,122.00011495787481,1.515247138202366
2024-07-31,3.313071051,117.0001102447497,1.4531468456315175
2024-08-01,3.143169972,111.0001046101884,1.3786264948096658
2024-08-02,2.973268892,105.00009894031241,1.3041061435492038
2024-08-03,2.746734119,97.0000913922493,1.2047456753481245
2024-08-04,2.57683304,91.000085757688,1.1302253245262726
2024-08-05,2.497545869,88.20008309997431,1.0954491604585204
2024-08-06,2.41259533,85.200080300351,1.0581889852668995
2024-08-07,2.32764479,82.200077465413,1.0209288096366684
2024-08-08,2.271011097,80.20007558722591,0.9960886926960513
2024-08-09,2.237030881,79.0000744532507,0.9811846224439589
2024-08-10,2.208714034,78.00007349649981,0.9687645637543452
2024-08-11,2.123763494,75.0000706615618,0.9315043881241141
2024-08-12,2.084119909,73.6000693503623,0.914116306309543
2024-08-13,2.067129801,73.0000687833747,0.9066642711834968
2024-08-14,2.055803063,72.60006842892611,0.9016962480585394
2024-08-15,1.979347577,69.90006587748191,0.8681620899913315
2024-08-16,1.928377253,68.10006417651911,0.845805984613193
2024-08-17,1.917050514,67.7000637867558,0.8408379610496254
2024-08-18,1.925545568,68.0000640702496,0.8445639786126484
2024-08-19,1.928377253,68.10006417651911,0.845805984613193
2024-08-20,1.87174356,66.100062298332,0.8209658676725758
2024-08-21,1.809446497,63.900060207605904,0.7936417387308695
2024-08-22,1.74431775,61.600058045925,0.7650756042272291
2024-08-23,1.704674165,60.2000567347255,0.7476875224126581
2024-08-24,1.653703841,58.400055033762705,0.7253314170345194
2024-08-25,1.557426563,55.0000518443761,0.6831032182793311
2024-08-26,1.568753301,55.40005219882471,0.6880712414042885
2024-08-27,1.489466131,52.6000495764257,0.6532950777751463
2024-08-28,1.396020537,49.30004645799391,0.6123088845818923
2024-08-29,1.319565051,46.60004390654971,0.5787747265146843
2024-08-30,1.277089781,45.1000424890807,0.5601446386995688
2024-08-31,1.234614511,43.6000410716117,0.5415145508844532
2024-09-01,1.194970926,42.2000397604122,0.5241264690698823
2024-09-02,1.149663972,40.6000382719884,0.5042543756928325
2024-09-03,1.127010494,39.800037492461804,0.4943183285656974
2024-09-04,1.110020386,39.2000369254742,0.4868662934396512
2024-09-05,1.087366909,38.4000361812623,0.47693024675112633
2024-09-06,1.047723324,37.0000348700628,0.4595421649365552
2024-09-07,0.991089631,35.000032991875706,0.43470204799593803
2024-09-08,0.925960884,32.7000308301948,0.4061359134922976
2024-09-09,0.866495506,30.6000288457382,0.3800537905511359
2024-09-10,0.82685192,29.200027499224,0.36266570829795464
2024-09-11,0.82685192,29.200027499224,0.36266570829795464
2024-09-12,0.835346974,29.5000277827178,0.36639172586097773
2024-09-13,0.804198443,28.4000267550121,0.35272966160942976
2024-09-14,0.773049912,27.3000257273064,0.3390675973578818
2024-09-15,0.744733065,26.300024770555503,0.32664753866826807
2024-09-16,0.727742957,25.700024203567903,0.31919550354222187
2024-09-17,0.727742957,25.700024203567903,0.31919550354222187
2024-09-18,0.792871705,28.000026400563502,0.3477616384844725
2024-09-19,0.798535074,28.200026577787803,0.35024565004695113
2024-09-20,0.804198443,28.4000267550121,0.35272966160942976
2024-09-21,0.801366759,28.3000266840573,0.3514876560474955
2024-09-22,0.801366759,28.3000266840573,0.3514876560474955
2024-09-23,0.79004002,27.900026294294,0.34651963248392803
2024-09-24,0.775881597,27.400025833575903,0.34030960335842625
2024-09-25,0.775881597,27.400025833575903,0.34030960335842625
2024-09-26,0.775881597,27.400025833575903,0.34030960335842625
2024-09-27,0.764554858,27.0000254438126,0.33534157979485874
2024-09-28,0.758891489,26.800025266588303,0.33285756823238005
2024-09-29,0.753228119,26.6000250540493,0.33037355623129117
2024-09-30,0.739069696,26.100024593331202,0.32416352710578944
2024-10-01,0.733406327,25.900024416106902,0.3216795155433107
2024-10-02,0.716416219,25.3000238491193,0.3142274804172645
2024-10-03,0.710752849,25.100023636580303,0.3117434684161757
2024-10-04,0.693762742,24.500023104907402,0.3042914337287397
2024-10-05,0.665445895,23.5000221481565,0.2918713750391259
2024-10-06,0.651287472,23.0000216874384,0.2856613459136242
2024-10-07,0.634297364,22.400021120450802,0.27820931078757793
2024-10-08,0.600317148,21.200019986475603,0.26330524053548554
2024-10-09,0.572000301,20.2000190297247,0.2508851818458718
2024-10-10,0.538020085,19.0000178957495,0.23598111159377938
2024-10-11,0.4983765,17.60001658455,0.21859302977920833
2024-10-12,0.458732915,16.200015273350502,0.20120494796463725
2024-10-13,0.416257645,14.700013855881501,0.18257486014952173
2024-10-14,0.379445744,13.4000126156368,0.1664287838968849
2024-10-15,0.351128898,12.400011694200602,0.1540087256458814
2024-10-16,0.325643736,11.5000108437192,0.1428306729568121
2024-10-17,0.342633844,12.100011410706802,0.1502827080828583
2024-10-18,0.362455636,12.8000120486492,0.15897674877083873
2024-10-19,0.348297213,12.3000115879311,0.15276671964533695
2024-10-20,0.336970474,11.900011198167801,0.1477986960817694
2024-10-21,0.339802159,12.000011304437301,0.14904070208231385
2024-10-22,0.339802159,12.000011304437301,0.14904070208231385
2024-10-23,0.342633844,12.100011410706802,0.1502827080828583
2024-10-24,0.382277429,13.5000127219063,0.16767078989742937
2024-10-25,0.390772483,13.800013005400102,0.17139680746045244
2024-10-26,0.399267537,14.100013288893901,0.17512282502347556
2024-10-27,0.404930906,14.3000134661182,0.1776068365859542
2024-10-28,0.416257645,14.700013855881501,0.18257486014952173
2024-10-29,0.464396284,16.400015450574802,0.20368895952711594
2024-10-30,0.472891338,16.7000157340686,0.207414977090139
2024-10-31,0.461564599,16.3000153443053,0.2024469535265715
2024-11-01,0.478554707,16.9000159112929,0.2098989886526177
2024-11-02,0.4983765,17.60001658455,0.21859302977920833
2024-11-03,0.526693347,18.600017541300904,0.2310130884688221
2024-11-04,0.512534923,18.100017045268103,0.2248030589047101
2024-11-05,0.549346824,19.4000182855128,0.24094913515734692
2024-11-06,0.552178509,19.5000183917823,0.24219114115789137
2024-11-07,0.566336932,20.0000188525004,0.24840117028339315
2024-11-08,0.586158724,20.700019490442802,0.25709521097137356
2024-11-09,0.594653778,21.0000197739366,0.26082122853439665
2024-11-10,0.597485463,21.1000198802061,0.2620632345349411
2024-11-11,0.600317148,21.200019986475603,0.26330524053548554
2024-11-12,0.605980517,21.4000201636999,0.26578925209796417
2024-11-13,0.591822094,20.9000197029818,0.25957922297246244
2024-11-14,0.586158724,20.700019490442802,0.25709521097137356
2024-11-15,0.57766367,20.400019206949,0.25336919340835046
2024-11-16,0.58332704,20.600019419488003,0.2558532054094394
2024-11-17,0.543683455,19.200018108288504,0.2384651235948683
2024-11-18,0.563505247,19.900018746230902,0.2471591642828487
2024-11-19,0.526693347,18.600017541300904,0.2310130884688221
2024-11-20,0.57766367,20.400019206949,0.25336919340835046
2024-11-21,0.529525031,18.700017612255703,0.2322550940307563
2024-11-22,0.501208185,17.7000166908195,0.21983503577975277
2024-11-23,0.484218077,17.100016123831903,0.2123830006537066
2024-11-24,0.472891338,16.7000157340686,0.207414977090139
2024-11-25,0.475723023,16.8000158403381,0.20865698309068348
2024-11-26,0.472891338,16.7000157340686,0.207414977090139
2024-11-27,0.472891338,16.7000157340686,0.207414977090139
2024-11-28,0.433247753,15.3000144228691,0.19002689527556796
2024-11-29,0.433247753,15.3000144228691,0.19002689527556796
2024-11-30,0.433247753,15.3000144228691,0.19002689527556796
2024-12-01,0.410594276,14.5000136786572,0.1800908485870431
2024-12-02,0.379445744,13.4000126156368,0.1664287838968849
2024-12-03,0.353960582,12.500011765155401,0.1552507312078156
2024-12-04,0.336970474,11.900011198167801,0.1477986960817694
2024-12-05,0.319980366,11.300010631180202,0.1403466609557232
2024-12-06,0.311485313,11.0000103830011,0.1366206438313103
2024-12-07,0.29166352,10.300009709744002,0.1279266027047197
2024-12-08,0.272974401,9.6400090789947,0.1197293639783468
2024-12-09,0.254285282,8.9800084482454,0.11153212525197392
2024-12-10,0.238427848,8.420007923765601,0.10457689252614552
2024-12-11,0.251736766,8.890008370260201,0.11041432007078907
2024-12-12,0.264196179,9.3300088025313,0.11587914603457436
2024-12-13,0.226817941,8.0100075410327,0.09948466858182864
2024-12-14,0.218039719,7.7000072645693,0.0956344506380562
2024-12-15,0.267027863,9.4300088734861,0.11712115159650857
2024-12-16,0.275239749,9.7200091640103,0.12072296877878234
2024-12-17,0.294495205,10.4000098160135,0.12916860870526412
2024-12-18,0.302990259,10.7000100995073,0.1328946262682872
2024-12-19,0.311485313,11.0000103830011,0.1366206438313103
2024-12-20,0.308653628,10.900010276731601,0.1353786378307659
2024-12-21,0.308653628,10.900010276731601,0.1353786378307659
2024-12-22,0.305821943,10.8000101704621,0.13413663183022143
2024-12-23,0.302990259,10.7000100995073,0.1328946262682872
2024-12-24,0.297326889,10.5000098869683,0.13041061426719833
2024-12-25,0.302990259,10.7000100995073,0.1328946262682872
2024-12-26,0.300158574,10.600009993237801,0.13165262026774277
2024-12-27,0.308653628,10.900010276731601,0.1353786378307659
2024-12-28,0.33413879,11.800011127213,0.1465566905198352
2024-12-29,0.368119006,13.000012261188202,0.16146076077192761
2024-12-30,0.379445744,13.4000126156368,0.1664287838968849
2024-12-31,0.438911122,15.500014600093401,0.1925109068380466
2025-01-01,0.427584384,15.1000142456448,0.1875428837130893
2025-01-02,0.509703239,18.0000169743133,0.2235610533427759
2025-01-03,0.518198293,18.3000172578071,0.22728707090579897
2025-01-04,0.475723023,16.8000158403381,0.20865698309068348
2025-01-05,0.484218077,17.100016123831903,0.2123830006537066
2025-01-06,0.475723023,16.8000158403381,0.20865698309068348
2025-01-07,0.470059653,16.600015627799102,0.20617297108959462
2025-01-08,0.487049761,17.200016194786702,0.2136250062156408
2025-01-09,0.41908933,14.800013962151,0.18381686615006618
2025-01-10,0.458732915,16.200015273350502,0.20120494796463725
2025-01-11,0.436079438,15.4000145291386,0.1912689012761124
2025-01-12,0.379445744,13.4000126156368,0.1664287838968849
2025-01-13,0.359623952,12.700011977694402,0.1577347432089045
2025-01-14,0.41908933,14.800013962151,0.18381686615006618
2025-01-15,0.385109114,13.6000128281758,0.16891279589797378
2025-01-16,0.362455636,12.8000120486492,0.15897674877083873
2025-01-17,0.33413879,11.800011127213,0.1465566905198352
2025-01-18,0.300158574,10.600009993237801,0.13165262026774277
2025-01-19,0.325643736,11.5000108437192,0.1428306729568121
2025-01-20,0.404930906,14.3000134661182,0.1776068365859542
2025-01-21,0.484218077,17.100016123831903,0.2123830006537066
2025-01-22,0.305821943,10.8000101704621,0.13413663183022143
2025-01-23,0.268726874,9.4900089372478,0.11786635519683526
2025-01-24,0.236162501,8.3400078740647,0.10358328816432018
2025-01-25,0.194819905,6.8800064991035,0.08545000274942245
2025-01-26,0.162538699,5.7400053935753,0.07129113565904649
2025-01-27,0.142433738,5.030004727348601,0.06247289415170651
2025-01-28,0.128841652,4.5500042878844,0.05651126622631363
2025-01-29,0.114683229,4.0500038271663,0.05030123710081187
2025-01-30,0.110152533,3.8900036571351,0.048314027499940765
2025-01-31,0.0996753,3.52000331691,0.04371860595584166
2025-02-01,0.124027788,4.3800041248836,0.05439985624469319
2025-02-02,0.19198822,6.780006392834,0.084207996748878
2025-02-03,0.232481311,8.2100077535717,0.10196868058291751
2025-02-04,0.225402099,7.9600075055553,0.09886366580086152
2025-02-05,0.246922902,8.7200082072594,0.1083029100891686
2025-02-06,0.286000151,10.1000095325197,0.12544259114224102
2025-02-07,0.348297213,12.3000115879311,0.15276671964533695
2025-02-08,0.359623952,12.700011977694402,0.1577347432089045
2025-02-09,0.351128898,12.400011694200602,0.1540087256458814
2025-02-10,0.348297213,12.3000115879311,0.15276671964533695
2025-02-11,0.33413879,11.800011127213,0.1465566905198352
2025-02-12,0.331307105,11.700011020943501,0.14531468451929072
2025-02-13,0.331307105,11.700011020943501,0.14531468451929072
2025-02-14,0.331307105,11.700011020943501,0.14531468451929072
2025-02-15,0.331307105,11.700011020943501,0.14531468451929072
2025-02-16,0.325643736,11.5000108437192,0.1428306729568121
2025-02-17,0.319980366,11.300010631180202,0.1403466609557232
2025-02-18,0.317148682,11.200010560225401,0.13910465539378897
2025-02-19,0.319980366,11.300010631180202,0.1403466609557232
2025-02-20,0.314316997,11.1000104539559,0.13786264939324452
2025-02-21,0.308653628,10.900010276731601,0.1353786378307659
2025-02-22,0.305821943,10.8000101704621,0.13413663183022143
2025-02-23,0.300158574,10.600009993237801,0.13165262026774277
2025-02-24,0.294495205,10.4000098160135,0.12916860870526412
2025-02-25,0.297326889,10.5000098869683,0.13041061426719833
2025-02-26,0.29166352,10.300009709744002,0.1279266027047197
2025-02-27,0.288831835,10.2000096034745,0.12668459670417523
2025-02-28,0.286000151,10.1000095325197,0.12544259114224102
2025-03-01,0.25655063,9.060008533261001,0.11252573005240948
2025-03-02,0.240410028,8.4900080158116,0.10544629694583173
2025-03-03,0.2307823,8.15000768981,0.10122347698259085
2025-03-04,0.2307823,8.15000768981,0.10122347698259085
2025-03-05,0.218606056,7.7200072858232005,0.0958828518381651
2025-03-06,0.211810013,7.4800070660911,0.09290203787546865
2025-03-07,0.210677339,7.4400070235833,0.09240523547525088
2025-03-08,0.308653628,10.900010276731601,0.1353786378307659
2025-03-09,0.220871403,7.8000073355241,0.09687645619999041
2025-03-10,0.193120894,6.8200064353418,0.08470479914909579
2025-03-11,0.18462584,6.520006151848001,0.08097878158607269
2025-03-12,0.175847617,6.2100058400699005,0.07712856320369003
2025-03-13,0.175847617,6.2100058400699005,0.07712856320369003
2025-03-14,0.197085252,6.9600065488044,0.08644360711124777
2025-03-15,0.191138714,6.7500063432958,0.08383539472940955
2025-03-16,0.196235747,6.9300065345809,0.08607100553038954
2025-03-17,0.201332779,7.1100066905513,0.08830661589275933
2025-03-18,0.204730801,7.2300068180747,0.08979702309341266
2025-03-19,0.240693196,8.5000080087812,0.10557049732658105
2025-03-20,0.231348637,8.170007711063901,0.10147187818269975
2025-03-21,0.206146643,7.2800068535521,0.09041802587437976
2025-03-22,0.221154572,7.8100073638084,0.09700065701934997
2025-03-23,0.268726874,9.4900089372478,0.11786635519683526
2025-03-24,0.239277354,8.4500079733038,0.10494949454561396
2025-03-25,0.252019935,8.9000083985445,0.11053852089014858
2025-03-26,0.281469455,9.9400093624885,0.1234553815413699
2025-03-27,0.339802159,12.000011304437301,0.14904070208231385
2025-03-28,0.379445744,13.4000126156368,0.1664287838968849
2025-03-29,0.385109114,13.6000128281758,0.16891279589797378
2025-03-30,0.416257645,14.700013855881501,0.18257486014952173
2025-03-31,0.450237861,15.900014989856702,0.19747893040161418
2025-04-01,0.487049761,17.200016194786702,0.2136250062156408
2025-04-02,0.509703239,18.0000169743133,0.2235610533427759
2025-04-03,0.4983765,17.60001658455,0.21859302977920833
2025-04-04,0.433247753,15.3000144228691,0.19002689527556796
2025-04-05,0.390772483,13.800013005400102,0.17139680746045244
2025-04-06,0.385109114,13.6000128281758,0.16891279589797378
2025-04-07,0.385109114,13.6000128281758,0.16891279589797378
2025-04-08,0.396435852,14.0000131826244,0.1738808190229311
2025-04-09,0.404930906,14.3000134661182,0.1776068365859542
2025-04-10,0.458732915,16.200015273350502,0.20120494796463725
2025-04-11,0.617307256,21.800020553463202,0.2707572756615318
2025-04-12,0.971267838,34.300032318618605,0.42600800686934737
2025-04-13,1.209129349,42.7000402211303,0.5303364981953839
2025-04-14,1.183644188,41.8000394059636,0.5191584459449249
2025-04-15,1.328060105,46.9000441900435,0.5825007440777074
2025-04-16,1.534773085,54.200051064849504,0.6731671711521962
2025-04-17,1.696179111,59.900056451231706,0.743961504849635
2025-04-18,1.70184248,60.100056628456,0.7464455164121138
2025-04-19,1.614060256,57.0000537225632,0.7079433352199485
2025-04-20,1.551763193,54.8000516318371,0.6806192062782422
2025-04-21,1.520614662,53.700050604131405,0.6669571420266943
2025-04-22,1.45265423,51.30004833618101,0.6371490015225095
2025-04-23,1.401683906,49.5000466352182,0.6147928961443708
2025-04-24,1.407347276,49.70004684775721,0.6172769081454598
2025-04-25,1.387525483,49.0000461745001,0.6085828670188691
2025-04-26,1.534773085,54.200051064849504,0.6731671711521962
2025-04-27,1.752812804,61.900058329418805,0.7688016217902522
2025-04-28,1.696179111,59.900056451231706,0.743961504849635
2025-04-29,1.636713733,57.8000544667751,0.7178793819084732
2025-04-30,1.764139543,62.300058719182104,0.7737696453538198
2025-05-01,1.854753452,65.5000617313444,0.8135138325465294
2025-05-02,2.081288225,73.50006927940751,0.9128743007476089
2025-05-03,2.647625156,93.50008809659322,1.1612754705923918
2025-05-04,3.482972131,123.00011591462571,1.5276671968919795
2025-05-05,4.332477529,153.00014419337631,1.9002689523170695
2025-05-06,5.351884006,189.0001781066882,2.347391058564011
2025-05-07,5.606735625,198.0001865761875,2.459171585016094
2025-05-08,6.767726335,239.0002252026245,2.9683939838338835
2025-05-09,8.268519205,292.0002751688135,3.6266570851725977
2025-05-10,10.13743108,358.000337360876,4.446380946844629
2025-05-11,12.0346598,425.00040043906,5.278524866329053
2025-05-12,13.87525483,490.000461745001,6.0858286701886914
2025-05-13,19.85010946,701.000660547062,8.706461015538101
2025-05-14,16.5936721,586.00055210987,7.278154285969981
2025-05-15,12.54436304,443.00041744868804,5.50208592011044
2025-05-16,9.797628921,346.0003260564387,4.297340244762315
2025-05-17,8.013667586,283.00026669931424,3.514876558720515
2025-05-18,7.56059804,267.000251603188,3.316155622318356
2025-05-19,7.107528495,251.00023654237654,3.117434686354808
2025-05-20,6.654458949,235.00022144625032,2.918713749952649
2025-05-21,6.116438864,216.0002035505008,2.68273263835887
2025-05-22,5.804953551,205.0001931674997,2.5461119945275588
2025-05-23,6.116438864,216.0002035505008,2.68273263835887
2025-05-24,7.192479034,254.00023934199982,3.154694861546428
2025-05-25,7.985350739,282.00026574256333,3.502456500030901
2025-05-26,8.863172983,313.00029494275014,3.887478313706994
2025-05-27,11.77980818,416.000391934246,5.16674433943836
2025-05-28,17.24495957,609.000573726679,7.563815631006384
2025-05-29,24.89050815,879.0008281648051,10.917231428954972
2025-05-30,33.69704744,1190.001121229368,14.779869625721348
2025-05-31,38.51091137,1360.0012817581392,16.89127957663907
2025-06-01,39.64358523,1400.001319321881,17.388081915451416
2025-06-02,34.26338438,1210.001140364386,15.028270799513622
2025-06-03,31.71486818,1120.001055316246,13.910465530606693
2025-06-04,20.72793171,732.000689959137,9.091482831845857
2025-06-05,15.91406778,562.000529430366,6.980072880928133
2025-06-06,14.44159176,510.000480526872,6.3342298395948635
2025-06-07,15.23446347,538.000507104009,6.681991480272388
2025-06-08,22.28535827,787.0007416975691,9.774586048809356
2025-06-09,30.01585739,1060.0009989706332,13.165262022388177
2025-06-10,30.58219432,1080.0010177525041,13.413663191794349
2025-06-11,30.29902585,1070.001008184995,13.28946260489821
2025-06-12,32.56437358,1150.001083665626,14.283067286909006
2025-06-13,30.29902585,1070.001008184995,13.28946260489821
2025-06-14,29.16635199,1030.000970621253,12.792660266085864
2025-06-15,27.24080642,962.0009064803739,11.948096286595995
2025-06-16,25.45684509,899.0008472998231,11.165632602747246
2025-06-17,20.41644639,721.0006793289331,8.954862184944275
2025-06-18,18.46258398,652.0006144785061,8.097878149835065
2025-06-19,18.20773236,643.0006059736921,7.986097622944371
2025-06-20,18.68911875,660.000621920625,8.197238616720313
2025-06-21,17.92456389,633.0005964061831,7.8618970360482345
2025-06-22,15.23446347,538.000507104009,6.681991480272388
2025-06-23,12.06297665,426.000401501755,5.290944926334498
2025-06-24,9.571094148,338.00031850837564,4.197979776561236
2025-06-25,8.268519205,292.0002751688135,3.6266570851725977
2025-06-26,7.787132813,275.0002591512511,3.4155160905194353
2025-06-27,7.787132813,275.0002591512511,3.4155160905194353
2025-06-28,8.551687671,302.0002845950637,3.750857670314294
2025-06-29,9.854262614,348.00032793462583,4.322180361702932
2025-06-30,10.33564901,365.000344093447,4.533321358110534
2025-07-01,9.939213154,351.00033076956385,4.359440537333164
2025-07-02,9.457826762,334.00031475200143,4.148299542680001
2025-07-03,9.259608836,327.0003081606892,4.061359133168535
2025-07-04,9.825945767,347.0003269778749,4.309760303013318
2025-07-05,10.10911423,357.000336298181,4.433960886839184
2025-07-06,9.401193069,332.0003128738143,4.123459425739384
2025-07-07,8.325152898,294.0002770470006,3.6514972021132155
2025-07-08,7.56059804,267.000251603188,3.316155622318356
2025-07-09,6.937627415,245.0002308725005,3.0429143350943457
2025-07-10,6.512874716,230.0002167331252,2.8566134573818007
2025-07-11,6.14475571,217.00020447193702,2.695152696609873
2025-07-12,5.776636705,204.0001922460635,2.5336919362765555
2025-07-13,5.408517699,191.0001799848753,2.3722311755046284
2025-07-14,5.097032387,180.0001696371889,2.2356105321119277
2025-07-15,4.870497614,172.0001620891258,2.1362500639108486
2025-07-16,4.757230227,168.0001582974369,2.0865698295910042
2025-07-17,4.559012301,161.0001517061247,1.9996294200795384
2025-07-18,4.502378608,159.0001498279376,1.974789303138921
2025-07-19,4.530695455,160.00015078468851,1.987209361828535
2025-07-20,4.360794375,154.0001451148125,1.912689010568073
2025-07-21,4.247526989,150.0001413584383,1.8630087766868382
2025-07-22,4.077625909,144.0001356885623,1.7884884254263762
2025-07-23,3.851091137,136.0001281758139,1.6891279576639073
2025-07-24,3.681190057,130.0001225059379,1.6146076064034451
2025-07-25,3.482972131,123.00011591462571,1.5276671968919795
2025-07-26,3.284754205,116.00010932331351,1.440726787380514
2025-07-27,3.086536279,109.00010273200131,1.3537863778690487
2025-07-28,2.916635199,103.0000970621253,1.2792660266085865
2025-07-29,2.792041074,98.60009291598782,1.2246177691637845
2025-07-30,2.707090534,95.60009008104981,1.1873575935335534
2025-07-31,2.61364494,92.300086962618,1.1463714003402992
2025-08-01,2.525862716,89.2000840567252,1.1078692191481339
2025-08-02,2.429585438,85.80008086733861,1.0656410203929458
2025-08-03,2.344634898,82.80007803240059,1.0283808447627145
2025-08-04,2.245525935,79.3000747367445,0.9849106400069818
2025-08-05,2.129426864,75.2000708741008,0.933988400125203
2025-08-06,1.999169369,70.6000665154243,0.8768561306793121
2025-08-07,1.877406929,66.3000624755563,0.8234498792350543
2025-08-08,1.74431775,61.600058045925,0.7650756042272291
2025-08-09,1.639545418,57.9000545730446,0.7191213879090176
2025-08-10,1.531941401,54.100050993894705,0.6719251655902619
2025-08-11,1.427169068,50.4000474856996,0.6259709488334402
2025-08-12,1.345050213,47.5000447570311,0.5899527792037537
2025-08-13,1.265763043,44.7000421346321,0.5551766155746114
2025-08-14,1.189307557,42.000039583187906,0.5216424575074036
2025-08-15,1.093030278,38.600036358486605,0.47941425831360507
2025-08-16,1.019406477,36.0000339133119,0.44712210624694154
2025-08-17,0.95427773,33.700031751631,0.4185559717433012
2025-08-18,0.886317298,31.300029483680603,0.3887478312391164
2025-08-19,0.841010344,29.7000279952568,0.3688757378620666
2025-08-20,0.804198443,28.4000267550121,0.35272966160942976
2025-08-21,0.798535074,28.200026577787803,0.35024565004695113
2025-08-22,0.770218227,27.2000256210369,0.33782559135733736
2025-08-23,0.741901381,26.200024699600704,0.32540553310633386
2025-08-24,0.730574642,25.8000243098374,0.3204375095427663
2025-08-25,0.719247903,25.4000239200741,0.3154694859791987
2025-08-26,0.710752849,25.100023636580303,0.3117434684161757
2025-08-27,0.750396435,26.5000249830945,0.32913155066935695
2025-08-28,0.758891489,26.800025266588303,0.33285756823238005
2025-08-29,0.753228119,26.6000250540493,0.33037355623129117
2025-08-30,0.756059804,26.7000251603188,0.3316155622318356
2025-08-31,0.753228119,26.6000250540493,0.33037355623129117
2025-09-01,0.750396435,26.5000249830945,0.32913155066935695
2025-09-02,0.750396435,26.5000249830945,0.32913155066935695
2025-09-03,0.756059804,26.7000251603188,0.3316155622318356
2025-09-04,0.775881597,27.400025833575903,0.34030960335842625
2025-09-05,0.778713281,27.500025904530702,0.3415516089203605
2025-09-06,0.801366759,28.3000266840573,0.3514876560474955
2025-09-07,0.795703389,28.1000264715183,0.3490036440464067
2025-09-08,0.784376651,27.7000261170697,0.34403562092144935
2025-09-09,0.767386543,27.1000255500821,0.33658358579540315
2025-09-10,0.750396435,26.5000249830945,0.32913155066935695
2025-09-11,0.724911273,25.600024132613104,0.31795349798028766
2025-09-12,0.716416219,25.3000238491193,0.3142274804172645
2025-09-13,0.716416219,25.3000238491193,0.3142274804172645
2025-09-14,0.676772634,23.9000225379198,0.2968393986026935
2025-09-15,0.688099372,24.300022892368403,0.3018074217276508
2025-09-16,0.645624102,22.8000214748994,0.28317733391253525
2025-09-17,0.62013894,21.900020624418,0.27199928122346595
2025-09-18,0.608812202,21.5000202699694,0.26703125809850864
2025-09-19,0.57766367,20.400019206949,0.25336919340835046
2025-09-20,0.555010193,19.6000184627371,0.2434331467198256
2025-09-21,0.546515139,19.300018179243303,0.23970712915680253
2025-09-22,0.546515139,19.300018179243303,0.23970712915680253
2025-09-23,0.529525031,18.700017612255703,0.2322550940307563
2025-09-24,0.515366608,18.2000171515376,0.22604506490525453
2025-09-25,0.501208185,17.7000166908195,0.21983503577975277
2025-09-26,0.481386392,17.0000160175624,0.2111409946531621
2025-09-27,0.467227969,16.500015556844303,0.20493096552766038
2025-09-28,0.453069545,16.000015060811503,0.1987209359635484
2025-09-29,0.461564599,16.3000153443053,0.2024469535265715
2025-09-30,0.458732915,16.200015273350502,0.20120494796463725
