date,Q_cms,Q_cfs,Q_mmd
2003-10-01,0.03737823750144001,1.3200012438921036,0.004756812253801725
2003-10-02,0.038510911365120006,1.3600012815858036,0.004900958079674504
2003-10-03,0.0396435852288,1.4000013192795036,0.005045103905547283
2003-10-04,0.03822774289920001,1.3500012721623786,0.00486492162320631
2003-10-05,0.03539605824000001,1.2500011779281284,0.004504557058524361
2003-10-06,0.03596239517184001,1.2700011967749785,0.004576629971460751
2003-10-07,0.036245563637760006,1.2800012061984034,0.004612666427928945
2003-10-08,0.046722796876800005,1.6500015548651292,0.005946015317252156
2003-10-09,0.04559012301312001,1.6100015171714293,0.005801869491379377
2003-10-10,0.03907724829696,1.3800013004326535,0.0049730309926108935
2003-10-11,0.03539605824000001,1.2500011779281284,0.004504557058524361
2003-10-12,0.03652873210368,1.2900012156218283,0.00464870288439714
2003-10-13,0.03539605824000001,1.2500011779281284,0.004504557058524361
2003-10-14,0.05663369318400001,2.0000018846850054,0.007207291293638977
2003-10-15,0.06796043182080001,2.4000022616220065,0.008648749552366773
2003-10-16,0.0722079588096,2.5500024029733814,0.009189296399389695
2003-10-17,0.07277429574144001,2.5700024218202318,0.009261369312326085
2003-10-18,0.07475647500288002,2.640002487784207,0.00951362450760345
2003-10-19,0.07532281193472001,2.660002506631057,0.00958569742053984
2003-10-20,0.07419013807104001,2.620002468937357,0.00944155159466706
2003-10-21,0.07957033892352001,2.8100026479824325,0.010126244267562763
2003-10-22,0.08013667585536001,2.8300026668292824,0.010198317180499152
2003-10-23,0.08098618125312002,2.8600026950995576,0.010306426549903738
2003-10-24,0.08466737131008002,2.990002817604083,0.010774900483990272
2003-10-25,0.050970323865600006,1.8000016962165046,0.006486562164275079
2003-10-26,0.048138639206400005,1.7000016019822544,0.00612619759959313
2003-10-27,0.048138639206400005,1.7000016019822544,0.00612619759959313
2003-10-28,0.048138639206400005,1.7000016019822544,0.00612619759959313
2003-10-29,0.04700596534272,1.6600015642885542,0.00598205177372035
2003-10-30,0.04530695454720001,1.6000015077480043,0.005765833034911182
2003-10-31,0.042475269888,1.5000014135137538,0.005405468470229232
2003-11-01,0.03794457443328001,1.3400012627389537,0.004828885166738115
2003-11-02,0.048988144604160004,1.7300016302525294,0.006234306968997714
2003-11-03,0.05380200852480001,1.900001790450755,0.006846926728957029
2003-11-04,0.048988144604160004,1.7300016302525294,0.006234306968997714
2003-11-05,0.048138639206400005,1.7000016019822544,0.00612619759959313
2003-11-06,0.04700596534272,1.6600015642885542,0.00598205177372035
2003-11-07,0.046722796876800005,1.6500015548651292,0.005946015317252156
2003-11-08,0.047572302274560004,1.6800015831354043,0.00605412468665674
2003-11-09,0.05040398693376001,1.7800016773696548,0.00641448925133869
2003-11-10,0.049554481536000006,1.7500016490993795,0.006306379881934105
2003-11-11,0.04870497613824001,1.7200016208291045,0.00619827051252952
2003-11-12,0.04842180767232001,1.7100016114056795,0.006162234056061326
2003-11-13,0.049554481536000006,1.7500016490993795,0.006306379881934105
2003-11-14,0.04983765000192001,1.7600016585228047,0.0063424163384023
2003-11-15,0.05012081846784001,1.7700016679462296,0.006378452794870495
2003-11-16,0.05068715539968001,1.7900016867930797,0.0064505257078068855
2003-11-17,0.052386166195200014,1.85000174333363,0.0066667444466160545
2003-11-18,0.05040398693376001,1.7800016773696548,0.00641448925133869
2003-11-19,0.05040398693376001,1.7800016773696548,0.00641448925133869
2003-11-20,0.05125349233152001,1.8100017056399298,0.006522598620743275
2003-11-21,0.050970323865600006,1.8000016962165046,0.006486562164275079
2003-11-22,0.04530695454720001,1.6000015077480043,0.005765833034911182
2003-11-23,0.03681190056960001,1.3000012250452535,0.004684739340865335
2003-11-24,0.04474061761536001,1.5800014889011542,0.005693760121974792
2003-11-25,0.05748319858176,2.03000191295528,0.007315400663043561
2003-11-26,0.062013894036480006,2.1900020637300806,0.00789198396653468
2003-11-27,0.054085176990720005,1.9100017998741798,0.006882963185425223
2003-11-28,0.04049309062656001,1.4300013475497788,0.005153213274951869
2003-11-29,0.035679226705920004,1.2600011873515533,0.004540593514992555
2003-11-30,0.04785547074048001,1.6900015925588294,0.006090161143124936
2003-12-01,0.054651513922560006,1.93000181872103,0.006955036098361613
2003-12-02,0.05720003011584001,2.0200019035318553,0.007279364206575367
2003-12-03,0.05974854630912001,2.1100019883426806,0.0076036923147891206
2003-12-04,0.0651287471616,2.3000021673877558,0.008288384987684822
2003-12-05,0.06229706250240002,2.200002073153506,0.007928020423002877
2003-12-06,0.06796043182080001,2.4000022616220065,0.008648749552366773
2003-12-07,0.06796043182080001,2.4000022616220065,0.008648749552366773
2003-12-08,0.07079211648000001,2.5000023558562567,0.009009114117048722
2003-12-09,0.0651287471616,2.3000021673877558,0.008288384987684822
2003-12-10,0.07362380113920002,2.600002450090507,0.00936947868173067
2003-12-11,0.06796043182080001,2.4000022616220065,0.008648749552366773
2003-12-12,0.0651287471616,2.3000021673877558,0.008288384987684822
2003-12-13,0.06229706250240002,2.200002073153506,0.007928020423002877
2003-12-14,0.05946537784320001,2.1000019789192557,0.007567655858320925
2003-12-15,0.0651287471616,2.3000021673877558,0.008288384987684822
2003-12-16,0.06229706250240002,2.200002073153506,0.007928020423002877
2003-12-17,0.06229706250240002,2.200002073153506,0.007928020423002877
2003-12-18,0.06796043182080001,2.4000022616220065,0.008648749552366773
2003-12-19,0.07645548579840002,2.7000025443247573,0.00972984324641262
2003-12-20,0.048138639206400005,1.7000016019822544,0.00612619759959313
2003-12-21,0.06796043182080001,2.4000022616220065,0.008648749552366773
2003-12-22,0.0792871704576,2.800002638559007,0.010090207811094567
2003-12-23,0.06796043182080001,2.4000022616220065,0.008648749552366773
2003-12-24,0.07079211648000001,2.5000023558562567,0.009009114117048722
2003-12-25,0.084950539776,3.0000028270275076,0.010810936940458465
2003-12-26,0.084950539776,3.0000028270275076,0.010810936940458465
2003-12-27,0.09344559375360001,3.3000031097302585,0.011892030634504312
2003-12-28,0.10194064773120001,3.6000033924330093,0.012973124328550158
2003-12-29,0.084950539776,3.0000028270275076,0.010810936940458465
2003-12-30,0.09627727841280001,3.4000032039645087,0.01225239519918626
2003-12-31,0.08778222443520002,3.1000029212617584,0.011171301505140415
2004-01-01,0.11043570170880002,3.90000367513576,0.014054218022596007
2004-01-02,0.09061390909440002,3.2000030154960086,0.011531666069822364
2004-01-03,0.09344559375360001,3.3000031097302585,0.011892030634504312
2004-01-04,0.10477233239040003,3.70000348666726,0.013333488893232109
2004-01-05,0.0792871704576,2.800002638559007,0.010090207811094567
2004-01-06,0.06796043182080001,2.4000022616220065,0.008648749552366773
2004-01-07,0.06796043182080001,2.4000022616220065,0.008648749552366773
2004-01-08,0.07079211648000001,2.5000023558562567,0.009009114117048722
2004-01-09,0.07362380113920002,2.600002450090507,0.00936947868173067
2004-01-10,0.07362380113920002,2.600002450090507,0.00936947868173067
2004-01-11,0.07079211648000001,2.5000023558562567,0.009009114117048722
2004-01-12,0.07362380113920002,2.600002450090507,0.00936947868173067
2004-01-13,0.07645548579840002,2.7000025443247573,0.00972984324641262
2004-01-14,0.07079211648000001,2.5000023558562567,0.009009114117048722
2004-01-15,0.07362380113920002,2.600002450090507,0.00936947868173067
2004-01-16,0.06796043182080001,2.4000022616220065,0.008648749552366773
2004-01-17,0.07645548579840002,2.7000025443247573,0.00972984324641262
2004-01-18,0.0651287471616,2.3000021673877558,0.008288384987684822
2004-01-19,0.05663369318400001,2.0000018846850054,0.007207291293638977
2004-01-20,0.050970323865600006,1.8000016962165046,0.006486562164275079
2004-01-21,0.048138639206400005,1.7000016019822544,0.00612619759959313
2004-01-22,0.05380200852480001,1.900001790450755,0.006846926728957029
2004-01-23,0.05946537784320001,2.1000019789192557,0.007567655858320925
2004-01-24,0.0651287471616,2.3000021673877558,0.008288384987684822
2004-01-25,0.07079211648000001,2.5000023558562567,0.009009114117048722
2004-01-26,0.07362380113920002,2.600002450090507,0.00936947868173067
2004-01-27,0.07362380113920002,2.600002450090507,0.00936947868173067
2004-01-28,0.07645548579840002,2.7000025443247573,0.00972984324641262
2004-01-29,0.07079211648000001,2.5000023558562567,0.009009114117048722
2004-01-30,0.07362380113920002,2.600002450090507,0.00936947868173067
2004-01-31,0.0792871704576,2.800002638559007,0.010090207811094567
2004-02-01,0.084950539776,3.0000028270275076,0.010810936940458465
2004-02-02,0.06796043182080001,2.4000022616220065,0.008648749552366773
2004-02-03,0.05663369318400001,2.0000018846850054,0.007207291293638977
2004-02-04,0.06229706250240002,2.200002073153506,0.007928020423002877
2004-02-05,0.07079211648000001,2.5000023558562567,0.009009114117048722
2004-02-06,0.07645548579840002,2.7000025443247573,0.00972984324641262
2004-02-07,0.0792871704576,2.800002638559007,0.010090207811094567
2004-02-08,0.084950539776,3.0000028270275076,0.010810936940458465
2004-02-09,0.0821188551168,2.9000027327932574,0.010450572375776516
2004-02-10,0.08778222443520002,3.1000029212617584,0.011171301505140415
2004-02-11,0.09344559375360001,3.3000031097302585,0.011892030634504312
2004-02-12,0.084950539776,3.0000028270275076,0.010810936940458465
2004-02-13,0.08778222443520002,3.1000029212617584,0.011171301505140415
2004-02-14,0.0821188551168,2.9000027327932574,0.010450572375776516
2004-02-15,0.08778222443520002,3.1000029212617584,0.011171301505140415
2004-02-16,0.084950539776,3.0000028270275076,0.010810936940458465
2004-02-17,0.0792871704576,2.800002638559007,0.010090207811094567
2004-02-18,0.07645548579840002,2.7000025443247573,0.00972984324641262
2004-02-19,0.08778222443520002,3.1000029212617584,0.011171301505140415
2004-02-20,0.0821188551168,2.9000027327932574,0.010450572375776516
2004-02-21,0.07079211648000001,2.5000023558562567,0.009009114117048722
2004-02-22,0.06229706250240002,2.200002073153506,0.007928020423002877
2004-02-23,0.05946537784320001,2.1000019789192557,0.007567655858320925
2004-02-24,0.05380200852480001,1.900001790450755,0.006846926728957029
2004-02-25,0.04530695454720001,1.6000015077480043,0.005765833034911182
2004-02-26,0.048138639206400005,1.7000016019822544,0.00612619759959313
2004-02-27,0.05663369318400001,2.0000018846850054,0.007207291293638977
2004-02-28,0.05946537784320001,2.1000019789192557,0.007567655858320925
2004-02-29,0.06796043182080001,2.4000022616220065,0.008648749552366773
2004-03-01,0.0651287471616,2.3000021673877558,0.008288384987684822
2004-03-02,0.06796043182080001,2.4000022616220065,0.008648749552366773
2004-03-03,0.07079211648000001,2.5000023558562567,0.009009114117048722
2004-03-04,0.07079211648000001,2.5000023558562567,0.009009114117048722
2004-03-05,0.06796043182080001,2.4000022616220065,0.008648749552366773
2004-03-06,0.08749905596928001,3.090002911838333,0.011135265048672219
2004-03-07,0.10250698466304002,3.6200034112798596,0.01304519724148655
2004-03-08,0.10307332159488002,3.6400034301267095,0.013117270154422937
2004-03-09,0.10194064773120001,3.6000033924330093,0.012973124328550158
2004-03-10,0.09202975142400001,3.2500030626131333,0.011711848352163337
2004-03-11,0.08608321363968001,3.040002864721208,0.010955082766331245
2004-03-12,0.08438420284416001,2.9800028081806578,0.010738864027522076
2004-03-13,0.08608321363968001,3.040002864721208,0.010955082766331245
2004-03-14,0.08551687670784001,3.020002845874358,0.010883009853394856
2004-03-15,0.084950539776,3.0000028270275076,0.010810936940458465
2004-03-16,0.08268519204864001,2.9200027516401077,0.010522645288712907
2004-03-17,0.08013667585536001,2.8300026668292824,0.010198317180499152
2004-03-18,0.07588914886656002,2.6800025254779074,0.00965777033347623
2004-03-19,0.07164162187776,2.5300023841265316,0.009117223486453305
2004-03-20,0.06739409488896,2.380002242775156,0.008576676639430382
2004-03-21,0.0651287471616,2.3000021673877558,0.008288384987684822
2004-03-22,0.06286339943424002,2.2200020920003563,0.008000093335939266
2004-03-23,0.06286339943424002,2.2200020920003563,0.008000093335939266
2004-03-24,0.06427924176384,2.270002139117481,0.008180275618280239
2004-03-25,0.062013894036480006,2.1900020637300806,0.00789198396653468
2004-03-26,0.05663369318400001,2.0000018846850054,0.007207291293638977
2004-03-27,0.061447557104640005,2.1700020448832307,0.00781991105359829
2004-03-28,0.06031488324096001,2.1300020071895305,0.0076757652277255105
2004-03-29,0.05748319858176,2.03000191295528,0.007315400663043561
2004-03-30,0.05720003011584001,2.0200019035318553,0.007279364206575367
2004-03-31,0.053235671592960006,1.8800017716039048,0.006774853816020638
2004-04-01,0.05295250312704001,1.8700017621804799,0.0067388173595524445
2004-04-02,0.05521785085440001,1.95000183756788,0.0070271090112980035
2004-04-03,0.053235671592960006,1.8800017716039048,0.006774853816020638
2004-04-04,0.05578418778624001,1.9700018564147301,0.0070991819242343926
2004-04-05,0.05436834545664001,1.920001809297605,0.006918999641893418
2004-04-06,0.054085176990720005,1.9100017998741798,0.006882963185425223
2004-04-07,0.055501019320320005,1.960001846991305,0.007063145467766197
2004-04-08,0.06314656790016,2.2300021014237807,0.008036129792407459
2004-04-09,0.0821188551168,2.9000027327932574,0.010450572375776516
2004-04-10,0.06258023096832001,2.210002082576931,0.00796405687947107
2004-04-11,0.05720003011584001,2.0200019035318553,0.007279364206575367
2004-04-12,0.05521785085440001,1.95000183756788,0.0070271090112980035
2004-04-13,0.054085176990720005,1.9100017998741798,0.006882963185425223
2004-04-14,0.053235671592960006,1.8800017716039048,0.006774853816020638
2004-04-15,0.05125349233152001,1.8100017056399298,0.006522598620743275
2004-04-16,0.05125349233152001,1.8100017056399298,0.006522598620743275
2004-04-17,0.05040398693376001,1.7800016773696548,0.00641448925133869
2004-04-18,0.05351884005888,1.8900017810273297,0.006810890272488832
2004-04-19,0.05521785085440001,1.95000183756788,0.0070271090112980035
2004-04-20,0.05266933466112001,1.860001752757055,0.006702780903084249
2004-04-21,0.05974854630912001,2.1100019883426806,0.0076036923147891206
2004-04-22,0.058615872445440004,2.0700019506489804,0.007459546488916341
2004-04-23,0.055501019320320005,1.960001846991305,0.007063145467766197
2004-04-24,0.053235671592960006,1.8800017716039048,0.006774853816020638
2004-04-25,0.053235671592960006,1.8800017716039048,0.006774853816020638
2004-04-26,0.05125349233152001,1.8100017056399298,0.006522598620743275
2004-04-27,0.05040398693376001,1.7800016773696548,0.00641448925133869
2004-04-28,0.04870497613824001,1.7200016208291045,0.00619827051252952
2004-04-29,0.04927131307008001,1.7400016396759546,0.006270343425465909
2004-04-30,0.05380200852480001,1.900001790450755,0.006846926728957029
2004-05-01,0.05295250312704001,1.8700017621804799,0.0067388173595524445
2004-05-02,0.05012081846784001,1.7700016679462296,0.006378452794870495
2004-05-03,0.05012081846784001,1.7700016679462296,0.006378452794870495
2004-05-04,0.04983765000192001,1.7600016585228047,0.0063424163384023
2004-05-05,0.04785547074048001,1.6900015925588294,0.006090161143124936
2004-05-06,0.047289133808640006,1.6700015737119793,0.006018088230188546
2004-05-07,0.04643962841088001,1.6400015454417043,0.005909978860783961
2004-05-08,0.04643962841088001,1.6400015454417043,0.005909978860783961
2004-05-09,0.04643962841088001,1.6400015454417043,0.005909978860783961
2004-05-10,0.04474061761536001,1.5800014889011542,0.005693760121974792
2004-05-11,0.04530695454720001,1.6000015077480043,0.005765833034911182
2004-05-12,0.053235671592960006,1.8800017716039048,0.006774853816020638
2004-05-13,0.052386166195200014,1.85000174333363,0.0066667444466160545
2004-05-14,0.04842180767232001,1.7100016114056795,0.006162234056061326
2004-05-15,0.04587329147904001,1.6200015265948544,0.005837905947847572
2004-05-16,0.04417428068352001,1.5600014700543041,0.005621687209038402
2004-05-17,0.043041606819840005,1.520001432360604,0.005477541383165622
2004-05-18,0.040776259092480005,1.4400013569732037,0.005189249731420063
2004-05-19,0.040776259092480005,1.4400013569732037,0.005189249731420063
2004-05-20,0.0410594275584,1.4500013663966287,0.005225286187888258
2004-05-21,0.0396435852288,1.4000013192795036,0.005045103905547283
2004-05-22,0.03907724829696,1.3800013004326535,0.0049730309926108935
2004-05-23,0.04049309062656001,1.4300013475497788,0.005153213274951869
2004-05-24,0.03879407983104001,1.3700012910092287,0.0049369945361427
2004-05-25,0.0410594275584,1.4500013663966287,0.005225286187888258
2004-05-26,0.04049309062656001,1.4300013475497788,0.005153213274951869
2004-05-27,0.03794457443328001,1.3400012627389537,0.004828885166738115
2004-05-28,0.037095069035520005,1.3100012344686784,0.00472077579733353
2004-05-29,0.03907724829696,1.3800013004326535,0.0049730309926108935
2004-05-30,0.0410594275584,1.4500013663966287,0.005225286187888258
2004-05-31,0.036245563637760006,1.2800012061984034,0.004612666427928945
2004-06-01,0.033980215910400006,1.2000011308110032,0.004324374776183386
2004-06-02,0.03284754204672,1.160001093117303,0.0041802289503106065
2004-06-03,0.031998036648960004,1.130001064847028,0.004072119580906022
2004-06-04,0.030582194319360007,1.0800010177299029,0.0038919372985650484
2004-06-05,0.028600015057920005,1.0100009517659276,0.0036396821032876835
2004-06-06,0.027750509660160003,0.9800009234956525,0.0035315727338830986
2004-06-07,0.025768330398720004,0.9100008575316774,0.003279317538605734
2004-06-08,0.022653477273600005,0.8000007538740022,0.002882916517455591
2004-06-09,0.021237634944,0.7500007067568769,0.002702734235114616
2004-06-10,0.021803971875840003,0.770000725603727,0.002774807148051006
2004-06-11,0.025201993466880006,0.8900008386848274,0.003207244625669345
2004-06-12,0.024635656535040004,0.8700008198379773,0.0031351717127329547
2004-06-13,0.022370308807680005,0.7900007444505771,0.002846880060987396
2004-06-14,0.0198217926144,0.7000006596397518,0.0025225519527736417
2004-06-15,0.0198217926144,0.7000006596397518,0.0025225519527736417
2004-06-16,0.02010496108032,0.7100006690631768,0.0025585884092418367
2004-06-17,0.04785547074048001,1.6900015925588294,0.006090161143124936
2004-06-18,0.03511288977408,1.2400011685047032,0.0044685206020561655
2004-06-19,0.03114853125120001,1.100001036576753,0.003964010211501438
2004-06-20,0.02350298267136,0.8300007821442771,0.002991025886860175
2004-06-21,0.022087140341760004,0.7800007350271521,0.002810843604519201
2004-06-22,0.022936645739520006,0.8100007632974272,0.002918952973923786
2004-06-23,0.020671298012160003,0.7300006879100269,0.0026306613221782267
2004-06-24,0.0198217926144,0.7000006596397518,0.0025225519527736417
2004-06-25,0.02010496108032,0.7100006690631768,0.0025585884092418367
2004-06-26,0.020671298012160003,0.7300006879100269,0.0026306613221782267
2004-06-27,0.021237634944,0.7500007067568769,0.002702734235114616
2004-06-28,0.022370308807680005,0.7900007444505771,0.002846880060987396
2004-06-29,0.022653477273600005,0.8000007538740022,0.002882916517455591
2004-06-30,0.023786151137280002,0.8400007915677021,0.00302706234332837
2004-07-01,0.024918825000960005,0.8800008292614023,0.00317120816920115
2004-07-02,0.021803971875840003,0.770000725603727,0.002774807148051006
2004-07-03,0.02010496108032,0.7100006690631768,0.0025585884092418367
2004-07-04,0.02010496108032,0.7100006690631768,0.0025585884092418367
2004-07-05,0.022087140341760004,0.7800007350271521,0.002810843604519201
2004-07-06,0.021237634944,0.7500007067568769,0.002702734235114616
2004-07-07,0.01953862414848,0.6900006502163267,0.0024865154963054467
2004-07-08,0.0198217926144,0.7000006596397518,0.0025225519527736417
2004-07-09,0.018405950284800004,0.6500006125226268,0.0023423696704326677
2004-07-10,0.018405950284800004,0.6500006125226268,0.0023423696704326677
2004-07-11,0.018972287216640005,0.6700006313694769,0.0024144425833690576
2004-07-12,0.018972287216640005,0.6700006313694769,0.0024144425833690576
2004-07-13,0.018122781818880003,0.6400006030992017,0.0023063332139644727
2004-07-14,0.018405950284800004,0.6500006125226268,0.0023423696704326677
2004-07-15,0.018122781818880003,0.6400006030992017,0.0023063332139644727
2004-07-16,0.08183568665088002,2.890002723369833,0.010414535919308323
2004-07-17,0.17698029120000003,6.250005889640641,0.022522785292621805
2004-07-18,0.2916635198976001,10.300009706127778,0.037117550162240734
2004-07-19,0.03766140596736001,1.3300012533155285,0.00479284871026992
2004-07-20,0.03171486818304001,1.120001055423603,0.0040360831244378274
2004-07-21,0.031998036648960004,1.130001064847028,0.004072119580906022
2004-07-22,0.028316846592000004,1.0000009423425027,0.0036036456468194885
2004-07-23,0.027184172728320005,0.9600009046488025,0.003459499820946709
2004-07-24,0.027184172728320005,0.9600009046488025,0.003459499820946709
2004-07-25,0.025768330398720004,0.9100008575316774,0.003279317538605734
2004-07-26,0.030299025853440006,1.070001008306478,0.003855900842096853
2004-07-27,0.03228120511488,1.140001074270453,0.0041081560373742165
2004-07-28,0.029449520455680004,1.0400009800362027,0.003747791472692268
2004-07-29,0.028033678126080003,0.9900009329190775,0.003567609190351294
2004-07-30,0.027184172728320005,0.9600009046488025,0.003459499820946709
2004-07-31,0.026051498864640005,0.9200008669551024,0.0033153539950739296
2004-08-01,0.025201993466880006,0.8900008386848274,0.003207244625669345
2004-08-02,0.025201993466880006,0.8900008386848274,0.003207244625669345
2004-08-03,0.028033678126080003,0.9900009329190775,0.003567609190351294
2004-08-04,0.025768330398720004,0.9100008575316774,0.003279317538605734
2004-08-05,0.025201993466880006,0.8900008386848274,0.003207244625669345
2004-08-06,0.027184172728320005,0.9600009046488025,0.003459499820946709
2004-08-07,0.025768330398720004,0.9100008575316774,0.003279317538605734
2004-08-08,0.023786151137280002,0.8400007915677021,0.00302706234332837
2004-08-09,0.022936645739520006,0.8100007632974272,0.002918952973923786
2004-08-10,0.022653477273600005,0.8000007538740022,0.002882916517455591
2004-08-11,0.022653477273600005,0.8000007538740022,0.002882916517455591
2004-08-12,0.022087140341760004,0.7800007350271521,0.002810843604519201
2004-08-13,0.021803971875840003,0.770000725603727,0.002774807148051006
2004-08-14,0.020671298012160003,0.7300006879100269,0.0026306613221782267
2004-08-15,0.020671298012160003,0.7300006879100269,0.0026306613221782267
2004-08-16,0.021520803409920002,0.760000716180302,0.002738770691582811
2004-08-17,0.022087140341760004,0.7800007350271521,0.002810843604519201
2004-08-18,0.025201993466880006,0.8900008386848274,0.003207244625669345
2004-08-19,0.028600015057920005,1.0100009517659276,0.0036396821032876835
2004-08-20,0.026617835796480003,0.9400008858019524,0.003387426908010319
2004-08-21,0.025768330398720004,0.9100008575316774,0.003279317538605734
2004-08-22,0.026334667330560006,0.9300008763785275,0.0033513904515421245
2004-08-23,0.024352488069120003,0.8600008104145522,0.00309913525626476
2004-08-24,0.023786151137280002,0.8400007915677021,0.00302706234332837
2004-08-25,0.022936645739520006,0.8100007632974272,0.002918952973923786
2004-08-26,0.023219814205440004,0.8200007727208521,0.0029549894303919806
2004-08-27,0.026334667330560006,0.9300008763785275,0.0033513904515421245
2004-08-28,0.025201993466880006,0.8900008386848274,0.003207244625669345
2004-08-29,0.023786151137280002,0.8400007915677021,0.00302706234332837
2004-08-30,0.02350298267136,0.8300007821442771,0.002991025886860175
2004-08-31,0.023219814205440004,0.8200007727208521,0.0029549894303919806
2004-09-01,0.023219814205440004,0.8200007727208521,0.0029549894303919806
2004-09-02,0.022936645739520006,0.8100007632974272,0.002918952973923786
2004-09-03,0.022370308807680005,0.7900007444505771,0.002846880060987396
2004-09-04,0.029166351989760007,1.0300009706127777,0.0037117550162240735
2004-09-05,0.0325643735808,1.1500010836938779,0.004144192493842411
2004-09-06,0.029449520455680004,1.0400009800362027,0.003747791472692268
2004-09-07,0.027750509660160003,0.9800009234956525,0.0035315727338830986
2004-09-08,0.027467341194240002,0.9700009140722274,0.003495536277414904
2004-09-09,0.026617835796480003,0.9400008858019524,0.003387426908010319
2004-09-10,0.026901004262400004,0.9500008952253775,0.0034234633644785145
2004-09-11,0.027467341194240002,0.9700009140722274,0.003495536277414904
2004-09-12,0.026617835796480003,0.9400008858019524,0.003387426908010319
2004-09-13,0.027184172728320005,0.9600009046488025,0.003459499820946709
2004-09-14,0.027184172728320005,0.9600009046488025,0.003459499820946709
2004-09-15,0.028033678126080003,0.9900009329190775,0.003567609190351294
2004-09-16,0.029166351989760007,1.0300009706127777,0.0037117550162240735
2004-09-17,0.028316846592000004,1.0000009423425027,0.0036036456468194885
2004-09-18,0.027184172728320005,0.9600009046488025,0.003459499820946709
2004-09-19,0.03313071051264,1.170001102540728,0.004216265406778801
2004-09-20,0.03681190056960001,1.3000012250452535,0.004684739340865335
2004-09-21,0.03539605824000001,1.2500011779281284,0.004504557058524361
2004-09-22,0.03879407983104001,1.3700012910092287,0.0049369945361427
2004-09-23,0.03681190056960001,1.3000012250452535,0.004684739340865335
2004-09-24,0.03539605824000001,1.2500011779281284,0.004504557058524361
2004-09-25,0.03454655284224,1.2200011496578531,0.0043964476891197755
2004-09-26,0.034263384376320004,1.2100011402344282,0.004360411232651581
2004-09-27,0.03539605824000001,1.2500011779281284,0.004504557058524361
2004-09-28,0.035679226705920004,1.2600011873515533,0.004540593514992555
2004-09-29,0.04020992216064,1.4200013381263537,0.005117176818483673
2004-09-30,0.042192101422080006,1.4900014040903289,0.005369432013761038
2004-10-01,0.038510911365120006,1.3600012815858036,0.004900958079674504
2004-10-02,0.037095069035520005,1.3100012344686784,0.00472077579733353
2004-10-03,0.042475269888,1.5000014135137538,0.005405468470229232
2004-10-04,0.0410594275584,1.4500013663966287,0.005225286187888258
2004-10-05,0.038510911365120006,1.3600012815858036,0.004900958079674504
2004-10-06,0.03794457443328001,1.3400012627389537,0.004828885166738115
2004-10-07,0.03766140596736001,1.3300012533155285,0.00479284871026992
2004-10-08,0.03794457443328001,1.3400012627389537,0.004828885166738115
2004-10-09,0.03794457443328001,1.3400012627389537,0.004828885166738115
2004-10-10,0.03596239517184001,1.2700011967749785,0.004576629971460751
2004-10-11,0.03737823750144001,1.3200012438921036,0.004756812253801725
2004-10-12,0.03766140596736001,1.3300012533155285,0.00479284871026992
2004-10-13,0.041625764490240004,1.4700013852434788,0.005297359100824648
2004-10-14,0.04049309062656001,1.4300013475497788,0.005153213274951869
2004-10-15,0.039926753694720006,1.4100013287029287,0.005081140362015479
2004-10-16,0.039926753694720006,1.4100013287029287,0.005081140362015479
2004-10-17,0.039926753694720006,1.4100013287029287,0.005081140362015479
2004-10-18,0.041625764490240004,1.4700013852434788,0.005297359100824648
2004-10-19,0.042475269888,1.5000014135137538,0.005405468470229232
2004-10-20,0.04134259602432001,1.4600013758200538,0.005261322644356453
2004-10-21,0.04389111221760001,1.5500014606308792,0.005585650752570208
2004-10-22,0.05012081846784001,1.7700016679462296,0.006378452794870495
2004-10-23,0.04587329147904001,1.6200015265948544,0.005837905947847572
2004-10-24,0.044457449149440005,1.570001479477729,0.005657723665506597
2004-10-25,0.043607943751680006,1.540001451207454,0.005549614296102012
2004-10-26,0.04474061761536001,1.5800014889011542,0.005693760121974792
2004-10-27,0.04615645994496,1.6300015360182791,0.005873942404315766
2004-10-28,0.04983765000192001,1.7600016585228047,0.0063424163384023
2004-10-29,0.04983765000192001,1.7600016585228047,0.0063424163384023
2004-10-30,0.04615645994496,1.6300015360182791,0.005873942404315766
2004-10-31,0.04870497613824001,1.7200016208291045,0.00619827051252952
2004-11-01,0.048138639206400005,1.7000016019822544,0.00612619759959313
2004-11-02,0.048138639206400005,1.7000016019822544,0.00612619759959313
2004-11-03,0.04785547074048001,1.6900015925588294,0.006090161143124936
2004-11-04,0.04332477528576001,1.530001441784029,0.005513577839633818
2004-11-05,0.044457449149440005,1.570001479477729,0.005657723665506597
2004-11-06,0.04389111221760001,1.5500014606308792,0.005585650752570208
2004-11-07,0.042192101422080006,1.4900014040903289,0.005369432013761038
2004-11-08,0.04417428068352001,1.5600014700543041,0.005621687209038402
2004-11-09,0.05181982926336001,1.83000172448678,0.006594671533679665
2004-11-10,0.047572302274560004,1.6800015831354043,0.00605412468665674
2004-11-11,0.04559012301312001,1.6100015171714293,0.005801869491379377
2004-11-12,0.046722796876800005,1.6500015548651292,0.005946015317252156
2004-11-13,0.04474061761536001,1.5800014889011542,0.005693760121974792
2004-11-14,0.04530695454720001,1.6000015077480043,0.005765833034911182
2004-11-15,0.048138639206400005,1.7000016019822544,0.00612619759959313
2004-11-16,0.048988144604160004,1.7300016302525294,0.006234306968997714
2004-11-17,0.05153666079744001,1.8200017150633547,0.006558635077211468
2004-11-18,0.05266933466112001,1.860001752757055,0.006702780903084249
2004-11-19,0.04927131307008001,1.7400016396759546,0.006270343425465909
2004-11-20,0.05125349233152001,1.8100017056399298,0.006522598620743275
2004-11-21,0.05181982926336001,1.83000172448678,0.006594671533679665
2004-11-22,0.05351884005888,1.8900017810273297,0.006810890272488832
2004-11-23,0.05266933466112001,1.860001752757055,0.006702780903084249
2004-11-24,0.05351884005888,1.8900017810273297,0.006810890272488832
2004-11-25,0.05210299772928001,1.8400017339102048,0.006630707990147859
2004-11-26,0.06031488324096001,2.1300020071895305,0.0076757652277255105
2004-11-27,0.0580495355136,2.05000193180213,0.0073874735759799515
2004-11-28,0.05663369318400001,2.0000018846850054,0.007207291293638977
2004-11-29,0.050970323865600006,1.8000016962165046,0.006486562164275079
2004-11-30,0.05012081846784001,1.7700016679462296,0.006378452794870495
2004-12-01,0.025201993466880006,0.8900008386848274,0.003207244625669345
2004-12-02,0.047289133808640006,1.6700015737119793,0.006018088230188546
2004-12-03,0.048138639206400005,1.7000016019822544,0.00612619759959313
2004-12-04,0.048138639206400005,1.7000016019822544,0.00612619759959313
2004-12-05,0.050970323865600006,1.8000016962165046,0.006486562164275079
2004-12-06,0.050970323865600006,1.8000016962165046,0.006486562164275079
2004-12-07,0.048138639206400005,1.7000016019822544,0.00612619759959313
2004-12-08,0.042475269888,1.5000014135137538,0.005405468470229232
2004-12-09,0.04530695454720001,1.6000015077480043,0.005765833034911182
2004-12-10,0.048138639206400005,1.7000016019822544,0.00612619759959313
2004-12-11,0.042475269888,1.5000014135137538,0.005405468470229232
2004-12-12,0.04530695454720001,1.6000015077480043,0.005765833034911182
2004-12-13,0.04530695454720001,1.6000015077480043,0.005765833034911182
2004-12-14,0.050970323865600006,1.8000016962165046,0.006486562164275079
2004-12-15,0.04983765000192001,1.7600016585228047,0.0063424163384023
2004-12-16,0.05012081846784001,1.7700016679462296,0.006378452794870495
2004-12-17,0.04842180767232001,1.7100016114056795,0.006162234056061326
2004-12-18,0.05012081846784001,1.7700016679462296,0.006378452794870495
2004-12-19,0.05012081846784001,1.7700016679462296,0.006378452794870495
2004-12-20,0.05012081846784001,1.7700016679462296,0.006378452794870495
2004-12-21,0.049554481536000006,1.7500016490993795,0.006306379881934105
2004-12-22,0.047572302274560004,1.6800015831354043,0.00605412468665674
2004-12-23,0.048988144604160004,1.7300016302525294,0.006234306968997714
2004-12-24,0.042475269888,1.5000014135137538,0.005405468470229232
2004-12-25,0.042475269888,1.5000014135137538,0.005405468470229232
2004-12-26,0.04559012301312001,1.6100015171714293,0.005801869491379377
2004-12-27,0.04190893295616001,1.480001394666904,0.005333395557292843
2004-12-28,0.04559012301312001,1.6100015171714293,0.005801869491379377
2004-12-29,0.05295250312704001,1.8700017621804799,0.0067388173595524445
2004-12-30,0.05125349233152001,1.8100017056399298,0.006522598620743275
2004-12-31,0.04983765000192001,1.7600016585228047,0.0063424163384023
2005-01-01,0.04870497613824001,1.7200016208291045,0.00619827051252952
2005-01-02,0.049554481536000006,1.7500016490993795,0.006306379881934105
2005-01-03,0.050970323865600006,1.8000016962165046,0.006486562164275079
2005-01-04,0.054651513922560006,1.93000181872103,0.006955036098361613
2005-01-05,0.050970323865600006,1.8000016962165046,0.006486562164275079
2005-01-06,0.059182209377280005,2.0900019694958303,0.00753161940185273
2005-01-07,0.05720003011584001,2.0200019035318553,0.007279364206575367
2005-01-08,0.05720003011584001,2.0200019035318553,0.007279364206575367
2005-01-09,0.06739409488896,2.380002242775156,0.008576676639430382
2005-01-10,0.08523370824192,3.0100028364509326,0.01084697339692666
2005-01-11,0.05663369318400001,2.0000018846850054,0.007207291293638977
2005-01-12,0.05663369318400001,2.0000018846850054,0.007207291293638977
2005-01-13,0.06427924176384,2.270002139117481,0.008180275618280239
2005-01-14,0.06229706250240002,2.200002073153506,0.007928020423002877
2005-01-15,0.06484557869568001,2.2900021579643313,0.00825234853121663
2005-01-16,0.06229706250240002,2.200002073153506,0.007928020423002877
2005-01-17,0.06541191562752001,2.310002176811181,0.008324421444153018
2005-01-18,0.06314656790016,2.2300021014237807,0.008036129792407459
2005-01-19,0.06541191562752001,2.310002176811181,0.008324421444153018
2005-01-20,0.07022577954816,2.4800023370094064,0.008937041204112331
2005-01-21,0.07362380113920002,2.600002450090507,0.00936947868173067
2005-01-22,0.07815449659392,2.760002600865307,0.009946061985221787
2005-01-23,0.07787132812800002,2.7500025914418824,0.009910025528753594
2005-01-24,0.07957033892352001,2.8100026479824325,0.010126244267562763
2005-01-25,0.07645548579840002,2.7000025443247573,0.00972984324641262
2005-01-26,0.0792871704576,2.800002638559007,0.010090207811094567
2005-01-27,0.0821188551168,2.9000027327932574,0.010450572375776516
2005-01-28,0.084950539776,3.0000028270275076,0.010810936940458465
2005-01-29,0.08778222443520002,3.1000029212617584,0.011171301505140415
2005-01-30,0.084950539776,3.0000028270275076,0.010810936940458465
2005-01-31,0.07645548579840002,2.7000025443247573,0.00972984324641262
2005-02-01,0.084950539776,3.0000028270275076,0.010810936940458465
2005-02-02,0.08778222443520002,3.1000029212617584,0.011171301505140415
2005-02-03,0.07362380113920002,2.600002450090507,0.00936947868173067
2005-02-04,0.0821188551168,2.9000027327932574,0.010450572375776516
2005-02-05,0.084950539776,3.0000028270275076,0.010810936940458465
2005-02-06,0.07362380113920002,2.600002450090507,0.00936947868173067
2005-02-07,0.0792871704576,2.800002638559007,0.010090207811094567
2005-02-08,0.08778222443520002,3.1000029212617584,0.011171301505140415
2005-02-09,0.07645548579840002,2.7000025443247573,0.00972984324641262
2005-02-10,0.08778222443520002,3.1000029212617584,0.011171301505140415
2005-02-11,0.07645548579840002,2.7000025443247573,0.00972984324641262
2005-02-12,0.07362380113920002,2.600002450090507,0.00936947868173067
2005-02-13,0.0792871704576,2.800002638559007,0.010090207811094567
2005-02-14,0.0821188551168,2.9000027327932574,0.010450572375776516
2005-02-15,0.0792871704576,2.800002638559007,0.010090207811094567
2005-02-16,0.0792871704576,2.800002638559007,0.010090207811094567
2005-02-17,0.07362380113920002,2.600002450090507,0.00936947868173067
2005-02-18,0.07645548579840002,2.7000025443247573,0.00972984324641262
2005-02-19,0.07362380113920002,2.600002450090507,0.00936947868173067
2005-02-20,0.09486143608320002,3.350003156847384,0.012072212916845288
2005-02-21,0.09627727841280001,3.4000032039645087,0.01225239519918626
2005-02-22,0.16621988949504002,5.87000553155049,0.0211533999468304
2005-02-23,0.14073472756224,4.970004683442237,0.017910118864692858
2005-02-24,0.07560598040064001,2.670002516054482,0.009621733877008034
2005-02-25,0.06569508409344,2.320002186234606,0.008360457900621213
2005-02-26,0.06654458949120001,2.3500022145048813,0.008468567270025798
2005-02-27,0.06059805170688001,2.140002016612956,0.007711801684193706
2005-02-28,0.0608812201728,2.1500020260363804,0.0077478381406619
2005-03-01,0.06031488324096001,2.1300020071895305,0.0076757652277255105
2005-03-02,0.05889904091136001,2.0800019600724053,0.007495582945384536
2005-03-03,0.0580495355136,2.05000193180213,0.0073874735759799515
2005-03-04,0.05889904091136001,2.0800019600724053,0.007495582945384536
2005-03-05,0.06031488324096001,2.1300020071895305,0.0076757652277255105
2005-03-06,0.05974854630912001,2.1100019883426806,0.0076036923147891206
2005-03-07,0.058615872445440004,2.0700019506489804,0.007459546488916341
2005-03-08,0.05889904091136001,2.0800019600724053,0.007495582945384536
2005-03-09,0.058615872445440004,2.0700019506489804,0.007459546488916341
2005-03-10,0.0580495355136,2.05000193180213,0.0073874735759799515
2005-03-11,0.056916861649920006,2.0100018941084303,0.007243327750107172
2005-03-12,0.05635052471808001,1.9900018752615802,0.007171254837170783
2005-03-13,0.053235671592960006,1.8800017716039048,0.006774853816020638
2005-03-14,0.052386166195200014,1.85000174333363,0.0066667444466160545
2005-03-15,0.05606735625216001,1.980001865838155,0.007135218380702588
2005-03-16,0.05351884005888,1.8900017810273297,0.006810890272488832
2005-03-17,0.053235671592960006,1.8800017716039048,0.006774853816020638
2005-03-18,0.054085176990720005,1.9100017998741798,0.006882963185425223
2005-03-19,0.054085176990720005,1.9100017998741798,0.006882963185425223
2005-03-20,0.061164388638720014,2.1600020354598057,0.007783874597130097
2005-03-21,0.06229706250240002,2.200002073153506,0.007928020423002877
2005-03-22,0.05663369318400001,2.0000018846850054,0.007207291293638977
2005-03-23,0.055501019320320005,1.960001846991305,0.007063145467766197
2005-03-24,0.056916861649920006,2.0100018941084303,0.007243327750107172
2005-03-25,0.05720003011584001,2.0200019035318553,0.007279364206575367
2005-03-26,0.05606735625216001,1.980001865838155,0.007135218380702588
2005-03-27,0.05436834545664001,1.920001809297605,0.006918999641893418
2005-03-28,0.053235671592960006,1.8800017716039048,0.006774853816020638
2005-03-29,0.054651513922560006,1.93000181872103,0.006955036098361613
2005-03-30,0.056916861649920006,2.0100018941084303,0.007243327750107172
2005-03-31,0.05380200852480001,1.900001790450755,0.006846926728957029
2005-04-01,0.05181982926336001,1.83000172448678,0.006594671533679665
2005-04-02,0.050970323865600006,1.8000016962165046,0.006486562164275079
2005-04-03,0.05012081846784001,1.7700016679462296,0.006378452794870495
2005-04-04,0.04927131307008001,1.7400016396759546,0.006270343425465909
2005-04-05,0.05125349233152001,1.8100017056399298,0.006522598620743275
2005-04-06,0.05040398693376001,1.7800016773696548,0.00641448925133869
2005-04-07,0.04983765000192001,1.7600016585228047,0.0063424163384023
2005-04-08,0.049554481536000006,1.7500016490993795,0.006306379881934105
2005-04-09,0.05380200852480001,1.900001790450755,0.006846926728957029
2005-04-10,0.05521785085440001,1.95000183756788,0.0070271090112980035
2005-04-11,0.05181982926336001,1.83000172448678,0.006594671533679665
2005-04-12,0.05040398693376001,1.7800016773696548,0.00641448925133869
2005-04-13,0.05012081846784001,1.7700016679462296,0.006378452794870495
2005-04-14,0.048988144604160004,1.7300016302525294,0.006234306968997714
2005-04-15,0.049554481536000006,1.7500016490993795,0.006306379881934105
2005-04-16,0.05012081846784001,1.7700016679462296,0.006378452794870495
2005-04-17,0.05040398693376001,1.7800016773696548,0.00641448925133869
2005-04-18,0.04927131307008001,1.7400016396759546,0.006270343425465909
2005-04-19,0.04927131307008001,1.7400016396759546,0.006270343425465909
2005-04-20,0.05068715539968001,1.7900016867930797,0.0064505257078068855
2005-04-21,0.05266933466112001,1.860001752757055,0.006702780903084249
2005-04-22,0.05266933466112001,1.860001752757055,0.006702780903084249
2005-04-23,0.05125349233152001,1.8100017056399298,0.006522598620743275
2005-04-24,0.05436834545664001,1.920001809297605,0.006918999641893418
2005-04-25,0.06796043182080001,2.4000022616220065,0.008648749552366773
2005-04-26,0.054934682388480004,1.9400018281444549,0.006991072554829808
2005-04-27,0.054651513922560006,1.93000181872103,0.006955036098361613
2005-04-28,0.06059805170688001,2.140002016612956,0.007711801684193706
2005-04-29,0.06484557869568001,2.2900021579643313,0.00825234853121663
2005-04-30,0.05578418778624001,1.9700018564147301,0.0070991819242343926
2005-05-01,0.054085176990720005,1.9100017998741798,0.006882963185425223
2005-05-02,0.050970323865600006,1.8000016962165046,0.006486562164275079
2005-05-03,0.04927131307008001,1.7400016396759546,0.006270343425465909
2005-05-04,0.048988144604160004,1.7300016302525294,0.006234306968997714
2005-05-05,0.049554481536000006,1.7500016490993795,0.006306379881934105
2005-05-06,0.048138639206400005,1.7000016019822544,0.00612619759959313
2005-05-07,0.04785547074048001,1.6900015925588294,0.006090161143124936
2005-05-08,0.04842180767232001,1.7100016114056795,0.006162234056061326
2005-05-09,0.04530695454720001,1.6000015077480043,0.005765833034911182
2005-05-10,0.04615645994496,1.6300015360182791,0.005873942404315766
2005-05-11,0.05521785085440001,1.95000183756788,0.0070271090112980035
2005-05-12,0.05181982926336001,1.83000172448678,0.006594671533679665
2005-05-13,0.05125349233152001,1.8100017056399298,0.006522598620743275
2005-05-14,0.04700596534272,1.6600015642885542,0.00598205177372035
2005-05-15,0.04389111221760001,1.5500014606308792,0.005585650752570208
2005-05-16,0.04474061761536001,1.5800014889011542,0.005693760121974792
2005-05-17,0.043607943751680006,1.540001451207454,0.005549614296102012
2005-05-18,0.04275843835392001,1.510001422937179,0.005441504926697428
2005-05-19,0.042475269888,1.5000014135137538,0.005405468470229232
2005-05-20,0.03907724829696,1.3800013004326535,0.0049730309926108935
2005-05-21,0.03737823750144001,1.3200012438921036,0.004756812253801725
2005-05-22,0.03596239517184001,1.2700011967749785,0.004576629971460751
2005-05-23,0.034829721308160005,1.2300011590812783,0.004432484145587971
2005-05-24,0.034829721308160005,1.2300011590812783,0.004432484145587971
2005-05-25,0.03284754204672,1.160001093117303,0.0041802289503106065
2005-05-26,0.033413878978560005,1.1800011119641531,0.0042523018632469965
2005-05-27,0.03313071051264,1.170001102540728,0.004216265406778801
2005-05-28,0.03313071051264,1.170001102540728,0.004216265406778801
2005-05-29,0.033413878978560005,1.1800011119641531,0.0042523018632469965
2005-05-30,0.039926753694720006,1.4100013287029287,0.005081140362015479
2005-05-31,0.040776259092480005,1.4400013569732037,0.005189249731420063
2005-06-01,0.03737823750144001,1.3200012438921036,0.004756812253801725
2005-06-02,0.07872083352576001,2.7800026197121572,0.010018134898158178
2005-06-03,0.11355055483392001,4.010003778793435,0.01445061904374615
2005-06-04,0.10335649006080001,3.6500034395501344,0.013153306610891133
2005-06-05,0.05436834545664001,1.920001809297605,0.006918999641893418
2005-06-06,0.047572302274560004,1.6800015831354043,0.00605412468665674
2005-06-07,0.04332477528576001,1.530001441784029,0.005513577839633818
2005-06-08,0.04275843835392001,1.510001422937179,0.005441504926697428
2005-06-09,0.04389111221760001,1.5500014606308792,0.005585650752570208
2005-06-10,0.04474061761536001,1.5800014889011542,0.005693760121974792
2005-06-11,0.04530695454720001,1.6000015077480043,0.005765833034911182
2005-06-12,0.054085176990720005,1.9100017998741798,0.006882963185425223
2005-06-13,0.05210299772928001,1.8400017339102048,0.006630707990147859
2005-06-14,0.04530695454720001,1.6000015077480043,0.005765833034911182
2005-06-15,0.04134259602432001,1.4600013758200538,0.005261322644356453
2005-06-16,0.04332477528576001,1.530001441784029,0.005513577839633818
2005-06-17,0.04049309062656001,1.4300013475497788,0.005153213274951869
2005-06-18,0.03794457443328001,1.3400012627389537,0.004828885166738115
2005-06-19,0.035679226705920004,1.2600011873515533,0.004540593514992555
2005-06-20,0.035679226705920004,1.2600011873515533,0.004540593514992555
2005-06-21,0.03681190056960001,1.3000012250452535,0.004684739340865335
2005-06-22,0.04020992216064,1.4200013381263537,0.005117176818483673
2005-06-23,0.04643962841088001,1.6400015454417043,0.005909978860783961
2005-06-24,0.04049309062656001,1.4300013475497788,0.005153213274951869
2005-06-25,0.038510911365120006,1.3600012815858036,0.004900958079674504
2005-06-26,0.04190893295616001,1.480001394666904,0.005333395557292843
2005-06-27,0.0396435852288,1.4000013192795036,0.005045103905547283
2005-06-28,0.03313071051264,1.170001102540728,0.004216265406778801
2005-06-29,0.03766140596736001,1.3300012533155285,0.00479284871026992
2005-06-30,0.03681190056960001,1.3000012250452535,0.004684739340865335
2005-07-01,0.03511288977408,1.2400011685047032,0.0044685206020561655
2005-07-02,0.033413878978560005,1.1800011119641531,0.0042523018632469965
2005-07-03,0.0325643735808,1.1500010836938779,0.004144192493842411
2005-07-04,0.030865362785280008,1.090001027153328,0.003927973755033243
2005-07-05,0.03143169971712001,1.1100010460001781,0.004000046667969633
2005-07-06,0.03143169971712001,1.1100010460001781,0.004000046667969633
2005-07-07,0.030865362785280008,1.090001027153328,0.003927973755033243
2005-07-08,0.030015857387520006,1.0600009988830528,0.003819864385628658
2005-07-09,0.026617835796480003,0.9400008858019524,0.003387426908010319
2005-07-10,0.026901004262400004,0.9500008952253775,0.0034234633644785145
2005-07-11,0.028883183523840006,1.0200009611893528,0.0036757185597558785
2005-07-12,0.026617835796480003,0.9400008858019524,0.003387426908010319
2005-07-13,0.025485161932800003,0.9000008481082523,0.0032432810821375396
2005-07-14,0.024918825000960005,0.8800008292614023,0.00317120816920115
2005-07-15,0.024635656535040004,0.8700008198379773,0.0031351717127329547
2005-07-16,0.021803971875840003,0.770000725603727,0.002774807148051006
2005-07-17,0.021803971875840003,0.770000725603727,0.002774807148051006
2005-07-18,0.020954466478080004,0.740000697333452,0.0026666977786464216
2005-07-19,0.01953862414848,0.6900006502163267,0.0024865154963054467
2005-07-20,0.018405950284800004,0.6500006125226268,0.0023423696704326677
2005-07-21,0.017839613352960002,0.6300005936757767,0.0022702967574962777
2005-07-22,0.01727327642112,0.6100005748289266,0.0021982238445598878
2005-07-23,0.017839613352960002,0.6300005936757767,0.0022702967574962777
2005-07-24,0.024635656535040004,0.8700008198379773,0.0031351717127329547
2005-07-25,0.026051498864640005,0.9200008669551024,0.0033153539950739296
2005-07-26,0.027750509660160003,0.9800009234956525,0.0035315727338830986
2005-07-27,0.023786151137280002,0.8400007915677021,0.00302706234332837
2005-07-28,0.020388129546240003,0.7200006784866019,0.0025946248657100317
2005-07-29,0.017839613352960002,0.6300005936757767,0.0022702967574962777
2005-07-30,0.016706939489280002,0.5900005559820766,0.0021261509316234982
2005-07-31,0.018689118750720005,0.6600006219460518,0.0023784061269008627
2005-08-01,0.018972287216640005,0.6700006313694769,0.0024144425833690576
2005-08-02,0.020671298012160003,0.7300006879100269,0.0026306613221782267
2005-08-03,0.021803971875840003,0.770000725603727,0.002774807148051006
2005-08-04,0.021520803409920002,0.760000716180302,0.002738770691582811
2005-08-05,0.020954466478080004,0.740000697333452,0.0026666977786464216
2005-08-06,0.017839613352960002,0.6300005936757767,0.0022702967574962777
2005-08-07,0.018689118750720005,0.6600006219460518,0.0023784061269008627
2005-08-08,0.01614060255744,0.5700005371352265,0.0020540780186871083
2005-08-09,0.01642377102336,0.5800005465586515,0.0020901144751553032
2005-08-10,0.01755644488704,0.6200005842523516,0.0022342603010280827
2005-08-11,0.01953862414848,0.6900006502163267,0.0024865154963054467
2005-08-12,0.02010496108032,0.7100006690631768,0.0025585884092418367
2005-08-13,0.01614060255744,0.5700005371352265,0.0020540780186871083
2005-08-14,0.01642377102336,0.5800005465586515,0.0020901144751553032
2005-08-15,0.013592086364160002,0.48000045232440125,0.0017297499104733545
2005-08-16,0.03766140596736001,1.3300012533155285,0.00479284871026992
2005-08-17,0.025201993466880006,0.8900008386848274,0.003207244625669345
2005-08-18,0.018405950284800004,0.6500006125226268,0.0023423696704326677
2005-08-19,0.01614060255744,0.5700005371352265,0.0020540780186871083
2005-08-20,0.013875254830080001,0.49000046174782624,0.0017657863669415493
2005-08-21,0.014441591761920003,0.5100004805946764,0.0018378592798779392
2005-08-22,0.014441591761920003,0.5100004805946764,0.0018378592798779392
2005-08-23,0.013592086364160002,0.48000045232440125,0.0017297499104733545
2005-08-24,0.014441591761920003,0.5100004805946764,0.0018378592798779392
2005-08-25,0.014158423296000002,0.5000004711712513,0.0018018228234097443
2005-08-26,0.014158423296000002,0.5000004711712513,0.0018018228234097443
2005-08-27,0.012176244034560002,0.4300004052072761,0.00154956762813238
2005-08-28,0.010760401704960001,0.380000358090151,0.0013693853457914056
2005-08-29,0.010760401704960001,0.380000358090151,0.0013693853457914056
2005-08-30,0.009627727841280001,0.3400003203964509,0.001225239519918626
2005-08-31,0.009627727841280001,0.3400003203964509,0.001225239519918626
2005-09-01,0.010194064773120001,0.36000033924330094,0.0012973124328550158
2005-09-02,0.011893075568640001,0.42000039578385107,0.001513531171664185
2005-09-03,0.013308917898240001,0.4700004429009762,0.0016937134540051595
2005-09-04,0.016706939489280002,0.5900005559820766,0.0021261509316234982
2005-09-05,0.01755644488704,0.6200005842523516,0.0022342603010280827
2005-09-06,0.012176244034560002,0.4300004052072761,0.00154956762813238
2005-09-07,0.012742580966400002,0.45000042405412616,0.0016216405410687698
2005-09-08,0.012742580966400002,0.45000042405412616,0.0016216405410687698
2005-09-09,0.014158423296000002,0.5000004711712513,0.0018018228234097443
2005-09-10,0.017839613352960002,0.6300005936757767,0.0022702967574962777
2005-09-11,0.01642377102336,0.5800005465586515,0.0020901144751553032
2005-09-12,0.014441591761920003,0.5100004805946764,0.0018378592798779392
2005-09-13,0.013875254830080001,0.49000046174782624,0.0017657863669415493
2005-09-14,0.015007928693760003,0.5300004994415264,0.001909932192814329
2005-09-15,0.014724760227840002,0.5200004900181013,0.001873895736346134
2005-09-16,0.015857434091520003,0.5600005277118015,0.0020180415622189137
2005-09-17,0.013592086364160002,0.48000045232440125,0.0017297499104733545
2005-09-18,0.012459412500480002,0.44000041463070116,0.001585604084600575
2005-09-19,0.014724760227840002,0.5200004900181013,0.001873895736346134
2005-09-20,0.015291097159680004,0.5400005088649514,0.0019459686492825242
2005-09-21,0.018972287216640005,0.6700006313694769,0.0024144425833690576
2005-09-22,0.022087140341760004,0.7800007350271521,0.002810843604519201
2005-09-23,0.018689118750720005,0.6600006219460518,0.0023784061269008627
2005-09-24,0.018405950284800004,0.6500006125226268,0.0023423696704326677
2005-09-25,0.01727327642112,0.6100005748289266,0.0021982238445598878
2005-09-26,0.01727327642112,0.6100005748289266,0.0021982238445598878
2005-09-27,0.020671298012160003,0.7300006879100269,0.0026306613221782267
2005-09-28,0.02350298267136,0.8300007821442771,0.002991025886860175
2005-09-29,0.021237634944,0.7500007067568769,0.002702734235114616
2005-09-30,0.021520803409920002,0.760000716180302,0.002738770691582811
2005-10-01,0.01953862414848,0.6900006502163267,0.0024865154963054467
2005-10-02,0.0198217926144,0.7000006596397518,0.0025225519527736417
2005-10-03,0.018972287216640005,0.6700006313694769,0.0024144425833690576
2005-10-04,0.028033678126080003,0.9900009329190775,0.003567609190351294
2005-10-05,0.026051498864640005,0.9200008669551024,0.0033153539950739296
2005-10-06,0.021803971875840003,0.770000725603727,0.002774807148051006
2005-10-07,0.021237634944,0.7500007067568769,0.002702734235114616
2005-10-08,0.021803971875840003,0.770000725603727,0.002774807148051006
2005-10-09,0.03143169971712001,1.1100010460001781,0.004000046667969633
2005-10-10,0.024918825000960005,0.8800008292614023,0.00317120816920115
2005-10-11,0.024918825000960005,0.8800008292614023,0.00317120816920115
2005-10-12,0.024918825000960005,0.8800008292614023,0.00317120816920115
2005-10-13,0.025201993466880006,0.8900008386848274,0.003207244625669345
2005-10-14,0.024635656535040004,0.8700008198379773,0.0031351717127329547
2005-10-15,0.025201993466880006,0.8900008386848274,0.003207244625669345
2005-10-16,0.024918825000960005,0.8800008292614023,0.00317120816920115
2005-10-17,0.026051498864640005,0.9200008669551024,0.0033153539950739296
2005-10-18,0.027184172728320005,0.9600009046488025,0.003459499820946709
2005-10-19,0.03511288977408,1.2400011685047032,0.0044685206020561655
2005-10-20,0.031998036648960004,1.130001064847028,0.004072119580906022
2005-10-21,0.030015857387520006,1.0600009988830528,0.003819864385628658
2005-10-22,0.029166351989760007,1.0300009706127777,0.0037117550162240735
2005-10-23,0.030299025853440006,1.070001008306478,0.003855900842096853
2005-10-24,0.03114853125120001,1.100001036576753,0.003964010211501438
2005-10-25,0.03171486818304001,1.120001055423603,0.0040360831244378274
2005-10-26,0.03284754204672,1.160001093117303,0.0041802289503106065
2005-10-27,0.03313071051264,1.170001102540728,0.004216265406778801
2005-10-28,0.033413878978560005,1.1800011119641531,0.0042523018632469965
2005-10-29,0.03794457443328001,1.3400012627389537,0.004828885166738115
2005-10-30,0.03454655284224,1.2200011496578531,0.0043964476891197755
2005-10-31,0.033980215910400006,1.2000011308110032,0.004324374776183386
2005-11-01,0.033413878978560005,1.1800011119641531,0.0042523018632469965
2005-11-02,0.0325643735808,1.1500010836938779,0.004144192493842411
2005-11-03,0.030582194319360007,1.0800010177299029,0.0038919372985650484
2005-11-04,0.03143169971712001,1.1100010460001781,0.004000046667969633
2005-11-05,0.03596239517184001,1.2700011967749785,0.004576629971460751
2005-11-06,0.033980215910400006,1.2000011308110032,0.004324374776183386
2005-11-07,0.03313071051264,1.170001102540728,0.004216265406778801
2005-11-08,0.03369704744448,1.190001121387578,0.004288338319715191
2005-11-09,0.034829721308160005,1.2300011590812783,0.004432484145587971
2005-11-10,0.035679226705920004,1.2600011873515533,0.004540593514992555
2005-11-11,0.03879407983104001,1.3700012910092287,0.0049369945361427
2005-11-12,0.044457449149440005,1.570001479477729,0.005657723665506597
2005-11-13,0.03907724829696,1.3800013004326535,0.0049730309926108935
2005-11-14,0.04190893295616001,1.480001394666904,0.005333395557292843
2005-11-15,0.03737823750144001,1.3200012438921036,0.004756812253801725
2005-11-16,0.03652873210368,1.2900012156218283,0.00464870288439714
2005-11-17,0.039926753694720006,1.4100013287029287,0.005081140362015479
2005-11-18,0.0410594275584,1.4500013663966287,0.005225286187888258
2005-11-19,0.04134259602432001,1.4600013758200538,0.005261322644356453
2005-11-20,0.0410594275584,1.4500013663966287,0.005225286187888258
2005-11-21,0.0410594275584,1.4500013663966287,0.005225286187888258
2005-11-22,0.04134259602432001,1.4600013758200538,0.005261322644356453
2005-11-23,0.042475269888,1.5000014135137538,0.005405468470229232
2005-11-24,0.04134259602432001,1.4600013758200538,0.005261322644356453
2005-11-25,0.0410594275584,1.4500013663966287,0.005225286187888258
2005-11-26,0.0410594275584,1.4500013663966287,0.005225286187888258
2005-11-27,0.039926753694720006,1.4100013287029287,0.005081140362015479
2005-11-28,0.03879407983104001,1.3700012910092287,0.0049369945361427
2005-11-29,0.03794457443328001,1.3400012627389537,0.004828885166738115
2005-11-30,0.04134259602432001,1.4600013758200538,0.005261322644356453
2005-12-01,0.04134259602432001,1.4600013758200538,0.005261322644356453
2005-12-02,0.043041606819840005,1.520001432360604,0.005477541383165622
2005-12-03,0.04134259602432001,1.4600013758200538,0.005261322644356453
2005-12-04,0.0410594275584,1.4500013663966287,0.005225286187888258
2005-12-05,0.035679226705920004,1.2600011873515533,0.004540593514992555
2005-12-06,0.03511288977408,1.2400011685047032,0.0044685206020561655
2005-12-07,0.03652873210368,1.2900012156218283,0.00464870288439714
2005-12-08,0.027467341194240002,0.9700009140722274,0.003495536277414904
2005-12-09,0.033413878978560005,1.1800011119641531,0.0042523018632469965
2005-12-10,0.035679226705920004,1.2600011873515533,0.004540593514992555
2005-12-11,0.038510911365120006,1.3600012815858036,0.004900958079674504
2005-12-12,0.04049309062656001,1.4300013475497788,0.005153213274951869
2005-12-13,0.04049309062656001,1.4300013475497788,0.005153213274951869
2005-12-14,0.039360416762880004,1.3900013098560786,0.005009067449079089
2005-12-15,0.039926753694720006,1.4100013287029287,0.005081140362015479
2005-12-16,0.039926753694720006,1.4100013287029287,0.005081140362015479
2005-12-17,0.04134259602432001,1.4600013758200538,0.005261322644356453
2005-12-18,0.039926753694720006,1.4100013287029287,0.005081140362015479
2005-12-19,0.04049309062656001,1.4300013475497788,0.005153213274951869
2005-12-20,0.04134259602432001,1.4600013758200538,0.005261322644356453
2005-12-21,0.04134259602432001,1.4600013758200538,0.005261322644356453
2005-12-22,0.037095069035520005,1.3100012344686784,0.00472077579733353
2005-12-23,0.042475269888,1.5000014135137538,0.005405468470229232
2005-12-24,0.039360416762880004,1.3900013098560786,0.005009067449079089
2005-12-25,0.039360416762880004,1.3900013098560786,0.005009067449079089
2005-12-26,0.037095069035520005,1.3100012344686784,0.00472077579733353
2005-12-27,0.03737823750144001,1.3200012438921036,0.004756812253801725
2005-12-28,0.037095069035520005,1.3100012344686784,0.00472077579733353
2005-12-29,0.03737823750144001,1.3200012438921036,0.004756812253801725
2005-12-30,0.03652873210368,1.2900012156218283,0.00464870288439714
2005-12-31,0.03652873210368,1.2900012156218283,0.00464870288439714
2006-01-01,0.03596239517184001,1.2700011967749785,0.004576629971460751
2006-01-02,0.03511288977408,1.2400011685047032,0.0044685206020561655
2006-01-03,0.03596239517184001,1.2700011967749785,0.004576629971460751
2006-01-04,0.033980215910400006,1.2000011308110032,0.004324374776183386
2006-01-05,0.03313071051264,1.170001102540728,0.004216265406778801
2006-01-06,0.03511288977408,1.2400011685047032,0.0044685206020561655
2006-01-07,0.03596239517184001,1.2700011967749785,0.004576629971460751
2006-01-08,0.03596239517184001,1.2700011967749785,0.004576629971460751
2006-01-09,0.030582194319360007,1.0800010177299029,0.0038919372985650484
2006-01-10,0.027750509660160003,0.9800009234956525,0.0035315727338830986
2006-01-11,0.03171486818304001,1.120001055423603,0.0040360831244378274
2006-01-12,0.03171486818304001,1.120001055423603,0.0040360831244378274
2006-01-13,0.027467341194240002,0.9700009140722274,0.003495536277414904
2006-01-14,0.033413878978560005,1.1800011119641531,0.0042523018632469965
2006-01-15,0.033413878978560005,1.1800011119641531,0.0042523018632469965
2006-01-16,0.030299025853440006,1.070001008306478,0.003855900842096853
2006-01-17,0.028883183523840006,1.0200009611893528,0.0036757185597558785
2006-01-18,0.03171486818304001,1.120001055423603,0.0040360831244378274
2006-01-19,0.03313071051264,1.170001102540728,0.004216265406778801
2006-01-20,0.029732688921600005,1.0500009894596278,0.0037838279291604626
2006-01-21,0.027467341194240002,0.9700009140722274,0.003495536277414904
2006-01-22,0.03143169971712001,1.1100010460001781,0.004000046667969633
2006-01-23,0.027750509660160003,0.9800009234956525,0.0035315727338830986
2006-01-24,0.030865362785280008,1.090001027153328,0.003927973755033243
2006-01-25,0.034263384376320004,1.2100011402344282,0.004360411232651581
2006-01-26,0.03313071051264,1.170001102540728,0.004216265406778801
2006-01-27,0.03228120511488,1.140001074270453,0.0041081560373742165
2006-01-28,0.029732688921600005,1.0500009894596278,0.0037838279291604626
2006-01-29,0.029449520455680004,1.0400009800362027,0.003747791472692268
2006-01-30,0.029732688921600005,1.0500009894596278,0.0037838279291604626
2006-01-31,0.028033678126080003,0.9900009329190775,0.003567609190351294
2006-02-01,0.028316846592000004,1.0000009423425027,0.0036036456468194885
2006-02-02,0.030865362785280008,1.090001027153328,0.003927973755033243
2006-02-03,0.026901004262400004,0.9500008952253775,0.0034234633644785145
2006-02-04,0.028883183523840006,1.0200009611893528,0.0036757185597558785
2006-02-05,0.029166351989760007,1.0300009706127777,0.0037117550162240735
2006-02-06,0.027467341194240002,0.9700009140722274,0.003495536277414904
2006-02-07,0.026617835796480003,0.9400008858019524,0.003387426908010319
2006-02-08,0.026617835796480003,0.9400008858019524,0.003387426908010319
2006-02-09,0.026901004262400004,0.9500008952253775,0.0034234633644785145
2006-02-10,0.024635656535040004,0.8700008198379773,0.0031351717127329547
2006-02-11,0.021520803409920002,0.760000716180302,0.002738770691582811
2006-02-12,0.024352488069120003,0.8600008104145522,0.00309913525626476
2006-02-13,0.029732688921600005,1.0500009894596278,0.0037838279291604626
2006-02-14,0.026617835796480003,0.9400008858019524,0.003387426908010319
2006-02-15,0.029449520455680004,1.0400009800362027,0.003747791472692268
2006-02-16,0.026334667330560006,0.9300008763785275,0.0033513904515421245
2006-02-17,0.026334667330560006,0.9300008763785275,0.0033513904515421245
2006-02-18,0.028033678126080003,0.9900009329190775,0.003567609190351294
2006-02-19,0.027750509660160003,0.9800009234956525,0.0035315727338830986
2006-02-20,0.026617835796480003,0.9400008858019524,0.003387426908010319
2006-02-21,0.026334667330560006,0.9300008763785275,0.0033513904515421245
2006-02-22,0.025768330398720004,0.9100008575316774,0.003279317538605734
2006-02-23,0.028033678126080003,0.9900009329190775,0.003567609190351294
2006-02-24,0.036245563637760006,1.2800012061984034,0.004612666427928945
2006-02-25,0.04927131307008001,1.7400016396759546,0.006270343425465909
2006-02-26,0.09316242528768001,3.2900031003068335,0.011855994178036117
2006-02-27,0.22710110966784003,8.02000755758687,0.0289012380874923
2006-02-28,0.31431699717120004,11.100010460001778,0.040000466679696325
2006-03-01,0.26278033637376,9.280008744938424,0.03344183160248485
2006-03-02,0.05748319858176,2.03000191295528,0.007315400663043561
2006-03-03,0.05521785085440001,1.95000183756788,0.0070271090112980035
2006-03-04,0.04983765000192001,1.7600016585228047,0.0063424163384023
2006-03-05,0.047572302274560004,1.6800015831354043,0.00605412468665674
2006-03-06,0.04785547074048001,1.6900015925588294,0.006090161143124936
2006-03-07,0.04615645994496,1.6300015360182791,0.005873942404315766
2006-03-08,0.054085176990720005,1.9100017998741798,0.006882963185425223
2006-03-09,0.04870497613824001,1.7200016208291045,0.00619827051252952
2006-03-10,0.048988144604160004,1.7300016302525294,0.006234306968997714
2006-03-11,0.049554481536000006,1.7500016490993795,0.006306379881934105
2006-03-12,0.04700596534272,1.6600015642885542,0.00598205177372035
2006-03-13,0.04530695454720001,1.6000015077480043,0.005765833034911182
2006-03-14,0.04502378608128001,1.5900014983245792,0.005729796578442987
2006-03-15,0.047289133808640006,1.6700015737119793,0.006018088230188546
2006-03-16,0.05068715539968001,1.7900016867930797,0.0064505257078068855
2006-03-17,0.05748319858176,2.03000191295528,0.007315400663043561
2006-03-18,0.058615872445440004,2.0700019506489804,0.007459546488916341
2006-03-19,0.05181982926336001,1.83000172448678,0.006594671533679665
2006-03-20,0.048138639206400005,1.7000016019822544,0.00612619759959313
2006-03-21,0.047289133808640006,1.6700015737119793,0.006018088230188546
2006-03-22,0.047289133808640006,1.6700015737119793,0.006018088230188546
2006-03-23,0.04842180767232001,1.7100016114056795,0.006162234056061326
2006-03-24,0.04842180767232001,1.7100016114056795,0.006162234056061326
2006-03-25,0.04842180767232001,1.7100016114056795,0.006162234056061326
2006-03-26,0.04983765000192001,1.7600016585228047,0.0063424163384023
2006-03-27,0.049554481536000006,1.7500016490993795,0.006306379881934105
2006-03-28,0.04983765000192001,1.7600016585228047,0.0063424163384023
2006-03-29,0.053235671592960006,1.8800017716039048,0.006774853816020638
2006-03-30,0.05295250312704001,1.8700017621804799,0.0067388173595524445
2006-03-31,0.04842180767232001,1.7100016114056795,0.006162234056061326
2006-04-01,0.05351884005888,1.8900017810273297,0.006810890272488832
2006-04-02,0.05776636704768001,2.0400019223787056,0.007351437119511757
2006-04-03,0.055501019320320005,1.960001846991305,0.007063145467766197
2006-04-04,0.05266933466112001,1.860001752757055,0.006702780903084249
2006-04-05,0.030015857387520006,1.0600009988830528,0.003819864385628658
2006-04-06,0.03794457443328001,1.3400012627389537,0.004828885166738115
2006-04-07,0.04020992216064,1.4200013381263537,0.005117176818483673
2006-04-08,0.0396435852288,1.4000013192795036,0.005045103905547283
2006-04-09,0.040776259092480005,1.4400013569732037,0.005189249731420063
2006-04-10,0.04134259602432001,1.4600013758200538,0.005261322644356453
2006-04-11,0.04049309062656001,1.4300013475497788,0.005153213274951869
2006-04-12,0.04190893295616001,1.480001394666904,0.005333395557292843
2006-04-13,0.044457449149440005,1.570001479477729,0.005657723665506597
2006-04-14,0.049554481536000006,1.7500016490993795,0.006306379881934105
2006-04-15,0.05663369318400001,2.0000018846850054,0.007207291293638977
2006-04-16,0.05748319858176,2.03000191295528,0.007315400663043561
2006-04-17,0.058615872445440004,2.0700019506489804,0.007459546488916341
2006-04-18,0.06314656790016,2.2300021014237807,0.008036129792407459
2006-04-19,0.06258023096832001,2.210002082576931,0.00796405687947107
2006-04-20,0.0608812201728,2.1500020260363804,0.0077478381406619
2006-04-21,0.0580495355136,2.05000193180213,0.0073874735759799515
2006-04-22,0.0608812201728,2.1500020260363804,0.0077478381406619
2006-04-23,0.05946537784320001,2.1000019789192557,0.007567655858320925
2006-04-24,0.061730725570560016,2.180002054306656,0.007855947510066486
2006-04-25,0.06597825255936002,2.3300021956580315,0.00839649435708941
2006-04-26,0.06314656790016,2.2300021014237807,0.008036129792407459
2006-04-27,0.06456241022976,2.280002148540906,0.008216312074748433
2006-04-28,0.06342973636608001,2.240002110847206,0.008072166248875655
2006-04-29,0.06371290483200001,2.250002120270631,0.00810820270534385
2006-04-30,0.062013894036480006,2.1900020637300806,0.00789198396653468
2006-05-01,0.06342973636608001,2.240002110847206,0.008072166248875655
2006-05-02,0.061164388638720014,2.1600020354598057,0.007783874597130097
2006-05-03,0.06569508409344,2.320002186234606,0.008360457900621213
2006-05-04,0.07079211648000001,2.5000023558562567,0.009009114117048722
2006-05-05,0.07305746420736,2.5800024312436567,0.00929740576879428
2006-05-06,0.0750396434688,2.6500024972076317,0.009549660964071643
2006-05-07,0.07192479034368002,2.540002393549957,0.009153259942921502
2006-05-08,0.07050894801408002,2.490002346432832,0.008973077660580527
2006-05-09,0.06824360028672001,2.4100022710454314,0.008684786008834967
2006-05-10,0.06852676875264001,2.4200022804688563,0.008720822465303162
2006-05-11,0.06541191562752001,2.310002176811181,0.008324421444153018
2006-05-12,0.06399607329792001,2.260002129694056,0.008144239161812044
2006-05-13,0.054934682388480004,1.9400018281444549,0.006991072554829808
2006-05-14,0.04927131307008001,1.7400016396759546,0.006270343425465909
2006-05-15,0.043041606819840005,1.520001432360604,0.005477541383165622
2006-05-16,0.038510911365120006,1.3600012815858036,0.004900958079674504
2006-05-17,0.03766140596736001,1.3300012533155285,0.00479284871026992
2006-05-18,0.034263384376320004,1.2100011402344282,0.004360411232651581
2006-05-19,0.030299025853440006,1.070001008306478,0.003855900842096853
2006-05-20,0.026334667330560006,0.9300008763785275,0.0033513904515421245
2006-05-21,0.021237634944,0.7500007067568769,0.002702734235114616
2006-05-22,0.022653477273600005,0.8000007538740022,0.002882916517455591
2006-05-23,0.0396435852288,1.4000013192795036,0.005045103905547283
2006-05-24,0.033980215910400006,1.2000011308110032,0.004324374776183386
2006-05-25,0.03369704744448,1.190001121387578,0.004288338319715191
2006-05-26,0.030015857387520006,1.0600009988830528,0.003819864385628658
2006-05-27,0.026901004262400004,0.9500008952253775,0.0034234633644785145
2006-05-28,0.024069319603200003,0.8500008009911272,0.003063098799796565
2006-05-29,0.024069319603200003,0.8500008009911272,0.003063098799796565
2006-05-30,0.022370308807680005,0.7900007444505771,0.002846880060987396
2006-05-31,0.020388129546240003,0.7200006784866019,0.0025946248657100317
2006-06-01,0.018405950284800004,0.6500006125226268,0.0023423696704326677
2006-06-02,0.01642377102336,0.5800005465586515,0.0020901144751553032
2006-06-03,0.015857434091520003,0.5600005277118015,0.0020180415622189137
2006-06-04,0.015291097159680004,0.5400005088649514,0.0019459686492825242
2006-06-05,0.013308917898240001,0.4700004429009762,0.0016937134540051595
2006-06-06,0.012742580966400002,0.45000042405412616,0.0016216405410687698
2006-06-07,0.013875254830080001,0.49000046174782624,0.0017657863669415493
2006-06-08,0.014724760227840002,0.5200004900181013,0.001873895736346134
2006-06-09,0.015857434091520003,0.5600005277118015,0.0020180415622189137
2006-06-10,0.01614060255744,0.5700005371352265,0.0020540780186871083
2006-06-11,0.015007928693760003,0.5300004994415264,0.001909932192814329
2006-06-12,0.013025749432320002,0.4600004334775512,0.0016576769975369648
2006-06-13,0.011609907102720002,0.4100003863604261,0.0014774947151959903
2006-06-14,0.010477233239040002,0.370000348666726,0.0013333488893232108
2006-06-15,0.011609907102720002,0.4100003863604261,0.0014774947151959903
2006-06-16,0.013592086364160002,0.48000045232440125,0.0017297499104733545
2006-06-17,0.013592086364160002,0.48000045232440125,0.0017297499104733545
2006-06-18,0.013025749432320002,0.4600004334775512,0.0016576769975369648
2006-06-19,0.010194064773120001,0.36000033924330094,0.0012973124328550158
2006-06-20,0.009344559375360002,0.3300003109730259,0.0011892030634504313
2006-06-21,0.009627727841280001,0.3400003203964509,0.001225239519918626
2006-06-22,0.009627727841280001,0.3400003203964509,0.001225239519918626
2006-06-23,0.009061390909440002,0.32000030154960085,0.0011531666069822363
2006-06-24,0.009344559375360002,0.3300003109730259,0.0011892030634504313
2006-06-25,0.009344559375360002,0.3300003109730259,0.0011892030634504313
2006-06-26,0.00821188551168,0.29000027327932576,0.0010450572375776516
2006-06-27,0.00821188551168,0.29000027327932576,0.0010450572375776516
2006-06-28,0.00877822244352,0.3100002921261758,0.0011171301505140414
2006-06-29,0.007928717045760002,0.28000026385590077,0.0010090207811094569
2006-06-30,0.008495053977600002,0.3000002827027508,0.0010810936940458466
2006-07-01,0.0059465377843200004,0.21000019789192553,0.0007567655858320925
2006-07-02,0.007928717045760002,0.28000026385590077,0.0010090207811094569
2006-07-03,0.005663369318400001,0.20000018846850054,0.0007207291293638978
2006-07-04,0.005663369318400001,0.20000018846850054,0.0007207291293638978
2006-07-05,0.0053802008524800006,0.1900001790450755,0.0006846926728957028
2006-07-06,0.005663369318400001,0.20000018846850054,0.0007207291293638978
2006-07-07,0.015291097159680004,0.5400005088649514,0.0019459686492825242
2006-07-08,0.022087140341760004,0.7800007350271521,0.002810843604519201
2006-07-09,0.018122781818880003,0.6400006030992017,0.0023063332139644727
2006-07-10,0.013308917898240001,0.4700004429009762,0.0016937134540051595
2006-07-11,0.011609907102720002,0.4100003863604261,0.0014774947151959903
2006-07-12,0.010477233239040002,0.370000348666726,0.0013333488893232108
2006-07-13,0.009344559375360002,0.3300003109730259,0.0011892030634504313
2006-07-14,0.007362380113920001,0.26000024500905067,0.000936947868173067
2006-07-15,0.006796043182080001,0.24000022616220062,0.0008648749552366773
2006-07-16,0.006796043182080001,0.24000022616220062,0.0008648749552366773
2006-07-17,0.00821188551168,0.29000027327932576,0.0010450572375776516
2006-07-18,0.006796043182080001,0.24000022616220062,0.0008648749552366773
2006-07-19,0.009344559375360002,0.3300003109730259,0.0011892030634504313
2006-07-20,0.007928717045760002,0.28000026385590077,0.0010090207811094569
2006-07-21,0.006229706250240001,0.22000020731535058,0.0007928020423002875
2006-07-22,0.0036811900569600005,0.13000012250452533,0.0004684739340865335
2006-07-23,0.0036811900569600005,0.13000012250452533,0.0004684739340865335
2006-07-24,0.0031148531251200006,0.11000010365767529,0.00039640102115014376
2006-07-25,0.004247526988800001,0.1500001413513754,0.0005405468470229233
2006-07-26,0.004813863920640001,0.17000016019822545,0.000612619759959313
2006-07-27,0.004813863920640001,0.17000016019822545,0.000612619759959313
2006-07-28,0.003964358522880001,0.14000013192795038,0.0005045103905547284
2006-07-29,0.0036811900569600005,0.13000012250452533,0.0004684739340865335
2006-07-30,0.003964358522880001,0.14000013192795038,0.0005045103905547284
2006-07-31,0.004813863920640001,0.17000016019822545,0.000612619759959313
2006-08-01,0.011326738636800003,0.4000003769370011,0.0014414582587277955
2006-08-02,0.011043570170880002,0.39000036751357603,0.0014054218022596006
2006-08-03,0.008495053977600002,0.3000002827027508,0.0010810936940458466
2006-08-04,0.00877822244352,0.3100002921261758,0.0011171301505140414
2006-08-05,0.009061390909440002,0.32000030154960085,0.0011531666069822363
2006-08-06,0.0099108963072,0.3500003298198759,0.0012612759763868209
2006-08-07,0.006796043182080001,0.24000022616220062,0.0008648749552366773
2006-08-08,0.00821188551168,0.29000027327932576,0.0010450572375776516
2006-08-09,0.009061390909440002,0.32000030154960085,0.0011531666069822363
2006-08-10,0.00821188551168,0.29000027327932576,0.0010450572375776516
2006-08-11,0.007079211648000001,0.2500002355856257,0.0009009114117048721
2006-08-12,0.008495053977600002,0.3000002827027508,0.0010810936940458466
2006-08-13,0.011893075568640001,0.42000039578385107,0.001513531171664185
2006-08-14,0.009627727841280001,0.3400003203964509,0.001225239519918626
2006-08-15,0.00821188551168,0.29000027327932576,0.0010450572375776516
2006-08-16,0.009344559375360002,0.3300003109730259,0.0011892030634504313
2006-08-17,0.008495053977600002,0.3000002827027508,0.0010810936940458466
2006-08-18,0.007928717045760002,0.28000026385590077,0.0010090207811094569
2006-08-19,0.007362380113920001,0.26000024500905067,0.000936947868173067
2006-08-20,0.007079211648000001,0.2500002355856257,0.0009009114117048721
2006-08-21,0.006512874716160001,0.2300002167387756,0.0008288384987684824
2006-08-22,0.006512874716160001,0.2300002167387756,0.0008288384987684824
2006-08-23,0.007079211648000001,0.2500002355856257,0.0009009114117048721
2006-08-24,0.008495053977600002,0.3000002827027508,0.0010810936940458466
2006-08-25,0.007928717045760002,0.28000026385590077,0.0010090207811094569
2006-08-26,0.013875254830080001,0.49000046174782624,0.0017657863669415493
2006-08-27,0.011893075568640001,0.42000039578385107,0.001513531171664185
2006-08-28,0.010194064773120001,0.36000033924330094,0.0012973124328550158
2006-08-29,0.009344559375360002,0.3300003109730259,0.0011892030634504313
2006-08-30,0.007079211648000001,0.2500002355856257,0.0009009114117048721
2006-08-31,0.007079211648000001,0.2500002355856257,0.0009009114117048721
2006-09-01,0.007645548579840002,0.2700002544324757,0.0009729843246412621
2006-09-02,0.007645548579840002,0.2700002544324757,0.0009729843246412621
2006-09-03,0.007362380113920001,0.26000024500905067,0.000936947868173067
2006-09-04,0.007079211648000001,0.2500002355856257,0.0009009114117048721
2006-09-05,0.006796043182080001,0.24000022616220062,0.0008648749552366773
2006-09-06,0.007079211648000001,0.2500002355856257,0.0009009114117048721
2006-09-07,0.007362380113920001,0.26000024500905067,0.000936947868173067
2006-09-08,0.010760401704960001,0.380000358090151,0.0013693853457914056
2006-09-09,0.013592086364160002,0.48000045232440125,0.0017297499104733545
2006-09-10,0.012459412500480002,0.44000041463070116,0.001585604084600575
2006-09-11,0.009344559375360002,0.3300003109730259,0.0011892030634504313
2006-09-12,0.009061390909440002,0.32000030154960085,0.0011531666069822363
2006-09-13,0.00877822244352,0.3100002921261758,0.0011171301505140414
2006-09-14,0.008495053977600002,0.3000002827027508,0.0010810936940458466
2006-09-15,0.013025749432320002,0.4600004334775512,0.0016576769975369648
2006-09-16,0.026901004262400004,0.9500008952253775,0.0034234633644785145
2006-09-17,0.014158423296000002,0.5000004711712513,0.0018018228234097443
2006-09-18,0.010194064773120001,0.36000033924330094,0.0012973124328550158
2006-09-19,0.010194064773120001,0.36000033924330094,0.0012973124328550158
2006-09-20,0.010760401704960001,0.380000358090151,0.0013693853457914056
2006-09-21,0.015291097159680004,0.5400005088649514,0.0019459686492825242
2006-09-22,0.01614060255744,0.5700005371352265,0.0020540780186871083
2006-09-23,0.016990107955200003,0.6000005654055016,0.002162187388091693
2006-09-24,0.015857434091520003,0.5600005277118015,0.0020180415622189137
2006-09-25,0.014724760227840002,0.5200004900181013,0.001873895736346134
2006-09-26,0.015007928693760003,0.5300004994415264,0.001909932192814329
2006-09-27,0.015007928693760003,0.5300004994415264,0.001909932192814329
2006-09-28,0.015291097159680004,0.5400005088649514,0.0019459686492825242
2006-09-29,0.015574265625600004,0.5500005182883765,0.001982005105750719
2006-09-30,0.01642377102336,0.5800005465586515,0.0020901144751553032
2006-10-01,0.018972287216640005,0.6700006313694769,0.0024144425833690576
2006-10-02,0.014724760227840002,0.5200004900181013,0.001873895736346134
2006-10-03,0.01727327642112,0.6100005748289266,0.0021982238445598878
2006-10-04,0.016706939489280002,0.5900005559820766,0.0021261509316234982
2006-10-05,0.0198217926144,0.7000006596397518,0.0025225519527736417
2006-10-06,0.0722079588096,2.5500024029733814,0.009189296399389695
2006-10-07,0.034263384376320004,1.2100011402344282,0.004360411232651581
2006-10-08,0.018122781818880003,0.6400006030992017,0.0023063332139644727
2006-10-09,0.03171486818304001,1.120001055423603,0.0040360831244378274
2006-10-10,0.030015857387520006,1.0600009988830528,0.003819864385628658
2006-10-11,0.02010496108032,0.7100006690631768,0.0025585884092418367
2006-10-12,0.018689118750720005,0.6600006219460518,0.0023784061269008627
2006-10-13,0.018972287216640005,0.6700006313694769,0.0024144425833690576
2006-10-14,0.022087140341760004,0.7800007350271521,0.002810843604519201
2006-10-15,0.023786151137280002,0.8400007915677021,0.00302706234332837
2006-10-16,0.023786151137280002,0.8400007915677021,0.00302706234332837
2006-10-17,0.05635052471808001,1.9900018752615802,0.007171254837170783
2006-10-18,0.029449520455680004,1.0400009800362027,0.003747791472692268
2006-10-19,0.024352488069120003,0.8600008104145522,0.00309913525626476
2006-10-20,0.023786151137280002,0.8400007915677021,0.00302706234332837
2006-10-21,0.020954466478080004,0.740000697333452,0.0026666977786464216
2006-10-22,0.021803971875840003,0.770000725603727,0.002774807148051006
2006-10-23,0.020954466478080004,0.740000697333452,0.0026666977786464216
2006-10-24,0.021237634944,0.7500007067568769,0.002702734235114616
2006-10-25,0.023219814205440004,0.8200007727208521,0.0029549894303919806
2006-10-26,0.028600015057920005,1.0100009517659276,0.0036396821032876835
2006-10-27,0.025201993466880006,0.8900008386848274,0.003207244625669345
2006-10-28,0.02350298267136,0.8300007821442771,0.002991025886860175
2006-10-29,0.023786151137280002,0.8400007915677021,0.00302706234332837
2006-10-30,0.022370308807680005,0.7900007444505771,0.002846880060987396
2006-10-31,0.021520803409920002,0.760000716180302,0.002738770691582811
2006-11-01,0.021803971875840003,0.770000725603727,0.002774807148051006
2006-11-02,0.022653477273600005,0.8000007538740022,0.002882916517455591
2006-11-03,0.024352488069120003,0.8600008104145522,0.00309913525626476
2006-11-04,0.023219814205440004,0.8200007727208521,0.0029549894303919806
2006-11-05,0.024918825000960005,0.8800008292614023,0.00317120816920115
2006-11-06,0.026334667330560006,0.9300008763785275,0.0033513904515421245
2006-11-07,0.024918825000960005,0.8800008292614023,0.00317120816920115
2006-11-08,0.025485161932800003,0.9000008481082523,0.0032432810821375396
2006-11-09,0.024635656535040004,0.8700008198379773,0.0031351717127329547
2006-11-10,0.023786151137280002,0.8400007915677021,0.00302706234332837
2006-11-11,0.024918825000960005,0.8800008292614023,0.00317120816920115
2006-11-12,0.029166351989760007,1.0300009706127777,0.0037117550162240735
2006-11-13,0.027750509660160003,0.9800009234956525,0.0035315727338830986
2006-11-14,0.03596239517184001,1.2700011967749785,0.004576629971460751
2006-11-15,0.029449520455680004,1.0400009800362027,0.003747791472692268
2006-11-16,0.028316846592000004,1.0000009423425027,0.0036036456468194885
2006-11-17,0.030865362785280008,1.090001027153328,0.003927973755033243
2006-11-18,0.030299025853440006,1.070001008306478,0.003855900842096853
2006-11-19,0.028600015057920005,1.0100009517659276,0.0036396821032876835
2006-11-20,0.028883183523840006,1.0200009611893528,0.0036757185597558785
2006-11-21,0.027750509660160003,0.9800009234956525,0.0035315727338830986
2006-11-22,0.027467341194240002,0.9700009140722274,0.003495536277414904
2006-11-23,0.024918825000960005,0.8800008292614023,0.00317120816920115
2006-11-24,0.024069319603200003,0.8500008009911272,0.003063098799796565
2006-11-25,0.024635656535040004,0.8700008198379773,0.0031351717127329547
2006-11-26,0.026901004262400004,0.9500008952253775,0.0034234633644785145
2006-11-27,0.026051498864640005,0.9200008669551024,0.0033153539950739296
2006-11-28,0.030582194319360007,1.0800010177299029,0.0038919372985650484
2006-11-29,0.027184172728320005,0.9600009046488025,0.003459499820946709
2006-11-30,0.021520803409920002,0.760000716180302,0.002738770691582811
2006-12-01,0.028316846592000004,1.0000009423425027,0.0036036456468194885
2006-12-02,0.026334667330560006,0.9300008763785275,0.0033513904515421245
2006-12-03,0.022370308807680005,0.7900007444505771,0.002846880060987396
2006-12-04,0.02350298267136,0.8300007821442771,0.002991025886860175
2006-12-05,0.027184172728320005,0.9600009046488025,0.003459499820946709
2006-12-06,0.030015857387520006,1.0600009988830528,0.003819864385628658
2006-12-07,0.030015857387520006,1.0600009988830528,0.003819864385628658
2006-12-08,0.028316846592000004,1.0000009423425027,0.0036036456468194885
2006-12-09,0.029449520455680004,1.0400009800362027,0.003747791472692268
2006-12-10,0.030299025853440006,1.070001008306478,0.003855900842096853
2006-12-11,0.03143169971712001,1.1100010460001781,0.004000046667969633
2006-12-12,0.030865362785280008,1.090001027153328,0.003927973755033243
2006-12-13,0.03114853125120001,1.100001036576753,0.003964010211501438
2006-12-14,0.03171486818304001,1.120001055423603,0.0040360831244378274
2006-12-15,0.030865362785280008,1.090001027153328,0.003927973755033243
2006-12-16,0.030299025853440006,1.070001008306478,0.003855900842096853
2006-12-17,0.030015857387520006,1.0600009988830528,0.003819864385628658
2006-12-18,0.028883183523840006,1.0200009611893528,0.0036757185597558785
2006-12-19,0.028316846592000004,1.0000009423425027,0.0036036456468194885
2006-12-20,0.029166351989760007,1.0300009706127777,0.0037117550162240735
2006-12-21,0.028883183523840006,1.0200009611893528,0.0036757185597558785
2006-12-22,0.027750509660160003,0.9800009234956525,0.0035315727338830986
2006-12-23,0.027750509660160003,0.9800009234956525,0.0035315727338830986
2006-12-24,0.028316846592000004,1.0000009423425027,0.0036036456468194885
2006-12-25,0.025485161932800003,0.9000008481082523,0.0032432810821375396
2006-12-26,0.029166351989760007,1.0300009706127777,0.0037117550162240735
2006-12-27,0.030582194319360007,1.0800010177299029,0.0038919372985650484
2006-12-28,0.031998036648960004,1.130001064847028,0.004072119580906022
2006-12-29,0.030015857387520006,1.0600009988830528,0.003819864385628658
2006-12-30,0.028033678126080003,0.9900009329190775,0.003567609190351294
2006-12-31,0.025485161932800003,0.9000008481082523,0.0032432810821375396
2007-01-01,0.027467341194240002,0.9700009140722274,0.003495536277414904
2007-01-02,0.027467341194240002,0.9700009140722274,0.003495536277414904
2007-01-03,0.030299025853440006,1.070001008306478,0.003855900842096853
2007-01-04,0.031998036648960004,1.130001064847028,0.004072119580906022
2007-01-05,0.030582194319360007,1.0800010177299029,0.0038919372985650484
2007-01-06,0.026334667330560006,0.9300008763785275,0.0033513904515421245
2007-01-07,0.027467341194240002,0.9700009140722274,0.003495536277414904
2007-01-08,0.028600015057920005,1.0100009517659276,0.0036396821032876835
2007-01-09,0.029732688921600005,1.0500009894596278,0.0037838279291604626
2007-01-10,0.030299025853440006,1.070001008306478,0.003855900842096853
2007-01-11,0.030865362785280008,1.090001027153328,0.003927973755033243
2007-01-12,0.030015857387520006,1.0600009988830528,0.003819864385628658
2007-01-13,0.027750509660160003,0.9800009234956525,0.0035315727338830986
2007-01-14,0.025485161932800003,0.9000008481082523,0.0032432810821375396
2007-01-15,0.02010496108032,0.7100006690631768,0.0025585884092418367
2007-01-16,0.021237634944,0.7500007067568769,0.002702734235114616
2007-01-17,0.025768330398720004,0.9100008575316774,0.003279317538605734
2007-01-18,0.028316846592000004,1.0000009423425027,0.0036036456468194885
2007-01-19,0.028316846592000004,1.0000009423425027,0.0036036456468194885
2007-01-20,0.029449520455680004,1.0400009800362027,0.003747791472692268
2007-01-21,0.030015857387520006,1.0600009988830528,0.003819864385628658
2007-01-22,0.028600015057920005,1.0100009517659276,0.0036396821032876835
2007-01-23,0.027750509660160003,0.9800009234956525,0.0035315727338830986
2007-01-24,0.029732688921600005,1.0500009894596278,0.0037838279291604626
2007-01-25,0.030582194319360007,1.0800010177299029,0.0038919372985650484
2007-01-26,0.030865362785280008,1.090001027153328,0.003927973755033243
2007-01-27,0.029166351989760007,1.0300009706127777,0.0037117550162240735
2007-01-28,0.026334667330560006,0.9300008763785275,0.0033513904515421245
2007-01-29,0.028033678126080003,0.9900009329190775,0.003567609190351294
2007-01-30,0.030299025853440006,1.070001008306478,0.003855900842096853
2007-01-31,0.030015857387520006,1.0600009988830528,0.003819864385628658
2007-02-01,0.024918825000960005,0.8800008292614023,0.00317120816920115
2007-02-02,0.025485161932800003,0.9000008481082523,0.0032432810821375396
2007-02-03,0.029732688921600005,1.0500009894596278,0.0037838279291604626
2007-02-04,0.030582194319360007,1.0800010177299029,0.0038919372985650484
2007-02-05,0.031998036648960004,1.130001064847028,0.004072119580906022
2007-02-06,0.0325643735808,1.1500010836938779,0.004144192493842411
2007-02-07,0.031998036648960004,1.130001064847028,0.004072119580906022
2007-02-08,0.03143169971712001,1.1100010460001781,0.004000046667969633
2007-02-09,0.029732688921600005,1.0500009894596278,0.0037838279291604626
2007-02-10,0.029449520455680004,1.0400009800362027,0.003747791472692268
2007-02-11,0.03511288977408,1.2400011685047032,0.0044685206020561655
2007-02-12,0.04389111221760001,1.5500014606308792,0.005585650752570208
2007-02-13,0.040776259092480005,1.4400013569732037,0.005189249731420063
2007-02-14,0.05012081846784001,1.7700016679462296,0.006378452794870495
2007-02-15,0.047572302274560004,1.6800015831354043,0.00605412468665674
2007-02-16,0.06456241022976,2.280002148540906,0.008216312074748433
2007-02-17,0.08013667585536001,2.8300026668292824,0.010198317180499152
2007-02-18,0.10250698466304002,3.6200034112798596,0.01304519724148655
2007-02-19,0.15121196080128002,5.340005032108964,0.01924346775401607
2007-02-20,0.13648720057344002,4.820004542090863,0.017369572017669935
2007-02-21,0.15687533011968002,5.540005220577465,0.019964196883379966
2007-02-22,0.5153666079744,18.200017150633546,0.0655863507721147
2007-02-23,0.9967530000384003,35.200033170456095,0.12684832676804603
2007-02-24,0.17216642727936002,6.080005729442416,0.02191016553266249
2007-02-25,0.062013894036480006,2.1900020637300806,0.00789198396653468
2007-02-26,0.04927131307008001,1.7400016396759546,0.006270343425465909
2007-02-27,0.050970323865600006,1.8000016962165046,0.006486562164275079
2007-02-28,0.04332477528576001,1.530001441784029,0.005513577839633818
2007-03-01,0.042192101422080006,1.4900014040903289,0.005369432013761038
2007-03-02,0.04870497613824001,1.7200016208291045,0.00619827051252952
2007-03-03,0.0396435852288,1.4000013192795036,0.005045103905547283
2007-03-04,0.04389111221760001,1.5500014606308792,0.005585650752570208
2007-03-05,0.06456241022976,2.280002148540906,0.008216312074748433
2007-03-06,0.10675451165184002,3.770003552631235,0.013585744088509471
2007-03-07,0.2916635198976001,10.300009706127778,0.037117550162240734
2007-03-08,0.21124367557632004,7.46000702987507,0.026883196525273385
2007-03-09,0.0863663821056,3.050002874144633,0.01099111922279944
2007-03-10,0.07419013807104001,2.620002468937357,0.00944155159466706
2007-03-11,0.05266933466112001,1.860001752757055,0.006702780903084249
2007-03-12,0.048138639206400005,1.7000016019822544,0.00612619759959313
2007-03-13,0.04530695454720001,1.6000015077480043,0.005765833034911182
2007-03-14,0.042475269888,1.5000014135137538,0.005405468470229232
2007-03-15,0.0396435852288,1.4000013192795036,0.005045103905547283
2007-03-16,0.03794457443328001,1.3400012627389537,0.004828885166738115
2007-03-17,0.03822774289920001,1.3500012721623786,0.00486492162320631
2007-03-18,0.03737823750144001,1.3200012438921036,0.004756812253801725
2007-03-19,0.03511288977408,1.2400011685047032,0.0044685206020561655
2007-03-20,0.03454655284224,1.2200011496578531,0.0043964476891197755
2007-03-21,0.03511288977408,1.2400011685047032,0.0044685206020561655
2007-03-22,0.03652873210368,1.2900012156218283,0.00464870288439714
2007-03-23,0.03313071051264,1.170001102540728,0.004216265406778801
2007-03-24,0.03369704744448,1.190001121387578,0.004288338319715191
2007-03-25,0.03313071051264,1.170001102540728,0.004216265406778801
2007-03-26,0.03143169971712001,1.1100010460001781,0.004000046667969633
2007-03-27,0.031998036648960004,1.130001064847028,0.004072119580906022
2007-03-28,0.047289133808640006,1.6700015737119793,0.006018088230188546
2007-03-29,0.038510911365120006,1.3600012815858036,0.004900958079674504
2007-03-30,0.03652873210368,1.2900012156218283,0.00464870288439714
2007-03-31,0.035679226705920004,1.2600011873515533,0.004540593514992555
2007-04-01,0.03652873210368,1.2900012156218283,0.00464870288439714
2007-04-02,0.030582194319360007,1.0800010177299029,0.0038919372985650484
2007-04-03,0.026051498864640005,0.9200008669551024,0.0033153539950739296
2007-04-04,0.029732688921600005,1.0500009894596278,0.0037838279291604626
2007-04-05,0.029449520455680004,1.0400009800362027,0.003747791472692268
2007-04-06,0.029449520455680004,1.0400009800362027,0.003747791472692268
2007-04-07,0.030582194319360007,1.0800010177299029,0.0038919372985650484
2007-04-08,0.031998036648960004,1.130001064847028,0.004072119580906022
2007-04-09,0.030582194319360007,1.0800010177299029,0.0038919372985650484
2007-04-10,0.028883183523840006,1.0200009611893528,0.0036757185597558785
2007-04-11,0.028316846592000004,1.0000009423425027,0.0036036456468194885
2007-04-12,0.030015857387520006,1.0600009988830528,0.003819864385628658
2007-04-13,0.029166351989760007,1.0300009706127777,0.0037117550162240735
2007-04-14,0.028883183523840006,1.0200009611893528,0.0036757185597558785
2007-04-15,0.029449520455680004,1.0400009800362027,0.003747791472692268
2007-04-16,0.030299025853440006,1.070001008306478,0.003855900842096853
2007-04-17,0.03143169971712001,1.1100010460001781,0.004000046667969633
2007-04-18,0.030015857387520006,1.0600009988830528,0.003819864385628658
2007-04-19,0.031998036648960004,1.130001064847028,0.004072119580906022
2007-04-20,0.0325643735808,1.1500010836938779,0.004144192493842411
2007-04-21,0.03369704744448,1.190001121387578,0.004288338319715191
2007-04-22,0.033413878978560005,1.1800011119641531,0.0042523018632469965
2007-04-23,0.03737823750144001,1.3200012438921036,0.004756812253801725
2007-04-24,0.03539605824000001,1.2500011779281284,0.004504557058524361
2007-04-25,0.03369704744448,1.190001121387578,0.004288338319715191
2007-04-26,0.030582194319360007,1.0800010177299029,0.0038919372985650484
2007-04-27,0.030015857387520006,1.0600009988830528,0.003819864385628658
2007-04-28,0.029732688921600005,1.0500009894596278,0.0037838279291604626
2007-04-29,0.028883183523840006,1.0200009611893528,0.0036757185597558785
2007-04-30,0.028883183523840006,1.0200009611893528,0.0036757185597558785
2007-05-01,0.028033678126080003,0.9900009329190775,0.003567609190351294
2007-05-02,0.030582194319360007,1.0800010177299029,0.0038919372985650484
2007-05-03,0.03313071051264,1.170001102540728,0.004216265406778801
2007-05-04,0.036245563637760006,1.2800012061984034,0.004612666427928945
2007-05-05,0.046722796876800005,1.6500015548651292,0.005946015317252156
2007-05-06,0.043041606819840005,1.520001432360604,0.005477541383165622
2007-05-07,0.03737823750144001,1.3200012438921036,0.004756812253801725
2007-05-08,0.03313071051264,1.170001102540728,0.004216265406778801
2007-05-09,0.030299025853440006,1.070001008306478,0.003855900842096853
2007-05-10,0.029732688921600005,1.0500009894596278,0.0037838279291604626
2007-05-11,0.028033678126080003,0.9900009329190775,0.003567609190351294
2007-05-12,0.023786151137280002,0.8400007915677021,0.00302706234332837
2007-05-13,0.025201993466880006,0.8900008386848274,0.003207244625669345
2007-05-14,0.026334667330560006,0.9300008763785275,0.0033513904515421245
2007-05-15,0.028316846592000004,1.0000009423425027,0.0036036456468194885
2007-05-16,0.027750509660160003,0.9800009234956525,0.0035315727338830986
2007-05-17,0.027750509660160003,0.9800009234956525,0.0035315727338830986
2007-05-18,0.027750509660160003,0.9800009234956525,0.0035315727338830986
2007-05-19,0.027467341194240002,0.9700009140722274,0.003495536277414904
2007-05-20,0.027467341194240002,0.9700009140722274,0.003495536277414904
2007-05-21,0.027467341194240002,0.9700009140722274,0.003495536277414904
2007-05-22,0.030582194319360007,1.0800010177299029,0.0038919372985650484
2007-05-23,0.028316846592000004,1.0000009423425027,0.0036036456468194885
2007-05-24,0.026334667330560006,0.9300008763785275,0.0033513904515421245
2007-05-25,0.024918825000960005,0.8800008292614023,0.00317120816920115
2007-05-26,0.024352488069120003,0.8600008104145522,0.00309913525626476
2007-05-27,0.024635656535040004,0.8700008198379773,0.0031351717127329547
2007-05-28,0.022936645739520006,0.8100007632974272,0.002918952973923786
2007-05-29,0.020388129546240003,0.7200006784866019,0.0025946248657100317
2007-05-30,0.02010496108032,0.7100006690631768,0.0025585884092418367
2007-05-31,0.019255455682560003,0.6800006407929018,0.002450479039837252
2007-06-01,0.0198217926144,0.7000006596397518,0.0025225519527736417
2007-06-02,0.0198217926144,0.7000006596397518,0.0025225519527736417
2007-06-03,0.020671298012160003,0.7300006879100269,0.0026306613221782267
2007-06-04,0.021237634944,0.7500007067568769,0.002702734235114616
2007-06-05,0.018972287216640005,0.6700006313694769,0.0024144425833690576
2007-06-06,0.018122781818880003,0.6400006030992017,0.0023063332139644727
2007-06-07,0.022370308807680005,0.7900007444505771,0.002846880060987396
2007-06-08,0.023786151137280002,0.8400007915677021,0.00302706234332837
2007-06-09,0.021520803409920002,0.760000716180302,0.002738770691582811
2007-06-10,0.01953862414848,0.6900006502163267,0.0024865154963054467
2007-06-11,0.018122781818880003,0.6400006030992017,0.0023063332139644727
2007-06-12,0.01953862414848,0.6900006502163267,0.0024865154963054467
2007-06-13,0.0198217926144,0.7000006596397518,0.0025225519527736417
2007-06-14,0.01727327642112,0.6100005748289266,0.0021982238445598878
2007-06-15,0.015857434091520003,0.5600005277118015,0.0020180415622189137
2007-06-16,0.014441591761920003,0.5100004805946764,0.0018378592798779392
2007-06-17,0.013592086364160002,0.48000045232440125,0.0017297499104733545
2007-06-18,0.011609907102720002,0.4100003863604261,0.0014774947151959903
2007-06-19,0.012742580966400002,0.45000042405412616,0.0016216405410687698
2007-06-20,0.012176244034560002,0.4300004052072761,0.00154956762813238
2007-06-21,0.011326738636800003,0.4000003769370011,0.0014414582587277955
2007-06-22,0.013025749432320002,0.4600004334775512,0.0016576769975369648
2007-06-23,0.011893075568640001,0.42000039578385107,0.001513531171664185
2007-06-24,0.011043570170880002,0.39000036751357603,0.0014054218022596006
2007-06-25,0.0099108963072,0.3500003298198759,0.0012612759763868209
2007-06-26,0.0099108963072,0.3500003298198759,0.0012612759763868209
2007-06-27,0.010194064773120001,0.36000033924330094,0.0012973124328550158
2007-06-28,0.010477233239040002,0.370000348666726,0.0013333488893232108
2007-06-29,0.0099108963072,0.3500003298198759,0.0012612759763868209
2007-06-30,0.009344559375360002,0.3300003109730259,0.0011892030634504313
2007-07-01,0.008495053977600002,0.3000002827027508,0.0010810936940458466
2007-07-02,0.00877822244352,0.3100002921261758,0.0011171301505140414
2007-07-03,0.00821188551168,0.29000027327932576,0.0010450572375776516
2007-07-04,0.007928717045760002,0.28000026385590077,0.0010090207811094569
2007-07-05,0.00821188551168,0.29000027327932576,0.0010450572375776516
2007-07-06,0.008495053977600002,0.3000002827027508,0.0010810936940458466
2007-07-07,0.008495053977600002,0.3000002827027508,0.0010810936940458466
2007-07-08,0.007645548579840002,0.2700002544324757,0.0009729843246412621
2007-07-09,0.007645548579840002,0.2700002544324757,0.0009729843246412621
2007-07-10,0.007928717045760002,0.28000026385590077,0.0010090207811094569
2007-07-11,0.007928717045760002,0.28000026385590077,0.0010090207811094569
2007-07-12,0.008495053977600002,0.3000002827027508,0.0010810936940458466
2007-07-13,0.009627727841280001,0.3400003203964509,0.001225239519918626
2007-07-14,0.009627727841280001,0.3400003203964509,0.001225239519918626
2007-07-15,0.00821188551168,0.29000027327932576,0.0010450572375776516
2007-07-16,0.007362380113920001,0.26000024500905067,0.000936947868173067
2007-07-17,0.007079211648000001,0.2500002355856257,0.0009009114117048721
2007-07-18,0.00821188551168,0.29000027327932576,0.0010450572375776516
2007-07-19,0.007079211648000001,0.2500002355856257,0.0009009114117048721
2007-07-20,0.007645548579840002,0.2700002544324757,0.0009729843246412621
2007-07-21,0.005663369318400001,0.20000018846850054,0.0007207291293638978
2007-07-22,0.004813863920640001,0.17000016019822545,0.000612619759959313
2007-07-23,0.005097032386560001,0.18000016962165047,0.0006486562164275079
2007-07-24,0.005097032386560001,0.18000016962165047,0.0006486562164275079
2007-07-25,0.046722796876800005,1.6500015548651292,0.005946015317252156
2007-07-26,0.05720003011584001,2.0200019035318553,0.007279364206575367
2007-07-27,0.018122781818880003,0.6400006030992017,0.0023063332139644727
2007-07-28,0.014158423296000002,0.5000004711712513,0.0018018228234097443
2007-07-29,0.012176244034560002,0.4300004052072761,0.00154956762813238
2007-07-30,0.011043570170880002,0.39000036751357603,0.0014054218022596006
2007-07-31,0.0099108963072,0.3500003298198759,0.0012612759763868209
2007-08-01,0.007928717045760002,0.28000026385590077,0.0010090207811094569
2007-08-02,0.009061390909440002,0.32000030154960085,0.0011531666069822363
2007-08-03,0.010194064773120001,0.36000033924330094,0.0012973124328550158
2007-08-04,0.011893075568640001,0.42000039578385107,0.001513531171664185
2007-08-05,0.011043570170880002,0.39000036751357603,0.0014054218022596006
2007-08-06,0.012459412500480002,0.44000041463070116,0.001585604084600575
2007-08-07,0.012176244034560002,0.4300004052072761,0.00154956762813238
2007-08-08,0.010477233239040002,0.370000348666726,0.0013333488893232108
2007-08-09,0.008495053977600002,0.3000002827027508,0.0010810936940458466
2007-08-10,0.007645548579840002,0.2700002544324757,0.0009729843246412621
2007-08-11,0.007362380113920001,0.26000024500905067,0.000936947868173067
2007-08-12,0.007079211648000001,0.2500002355856257,0.0009009114117048721
2007-08-13,0.007362380113920001,0.26000024500905067,0.000936947868173067
2007-08-14,0.006512874716160001,0.2300002167387756,0.0008288384987684824
2007-08-15,0.31148531251200007,11.00001036576753,0.039640102115014376
2007-08-16,0.11128520710656002,3.9300037034060353,0.014162327392000589
2007-08-17,0.028316846592000004,1.0000009423425027,0.0036036456468194885
2007-08-18,0.021237634944,0.7500007067568769,0.002702734235114616
2007-08-19,0.028033678126080003,0.9900009329190775,0.003567609190351294
2007-08-20,0.01642377102336,0.5800005465586515,0.0020901144751553032
2007-08-21,0.011893075568640001,0.42000039578385107,0.001513531171664185
2007-08-22,0.011326738636800003,0.4000003769370011,0.0014414582587277955
2007-08-23,0.011893075568640001,0.42000039578385107,0.001513531171664185
2007-08-24,0.013875254830080001,0.49000046174782624,0.0017657863669415493
2007-08-25,0.011609907102720002,0.4100003863604261,0.0014774947151959903
2007-08-26,0.010477233239040002,0.370000348666726,0.0013333488893232108
2007-08-27,0.027750509660160003,0.9800009234956525,0.0035315727338830986
2007-08-28,0.020388129546240003,0.7200006784866019,0.0025946248657100317
2007-08-29,0.01614060255744,0.5700005371352265,0.0020540780186871083
2007-08-30,0.013875254830080001,0.49000046174782624,0.0017657863669415493
2007-08-31,0.013875254830080001,0.49000046174782624,0.0017657863669415493
2007-09-01,0.021237634944,0.7500007067568769,0.002702734235114616
2007-09-02,0.014724760227840002,0.5200004900181013,0.001873895736346134
2007-09-03,0.013875254830080001,0.49000046174782624,0.0017657863669415493
2007-09-04,0.014158423296000002,0.5000004711712513,0.0018018228234097443
2007-09-05,0.013875254830080001,0.49000046174782624,0.0017657863669415493
2007-09-06,0.018122781818880003,0.6400006030992017,0.0023063332139644727
2007-09-07,0.014724760227840002,0.5200004900181013,0.001873895736346134
2007-09-08,0.015007928693760003,0.5300004994415264,0.001909932192814329
2007-09-09,0.014441591761920003,0.5100004805946764,0.0018378592798779392
2007-09-10,0.014724760227840002,0.5200004900181013,0.001873895736346134
2007-09-11,0.014158423296000002,0.5000004711712513,0.0018018228234097443
2007-09-12,0.014441591761920003,0.5100004805946764,0.0018378592798779392
2007-09-13,0.012459412500480002,0.44000041463070116,0.001585604084600575
2007-09-14,0.011609907102720002,0.4100003863604261,0.0014774947151959903
2007-09-15,0.011893075568640001,0.42000039578385107,0.001513531171664185
2007-09-16,0.015007928693760003,0.5300004994415264,0.001909932192814329
2007-09-17,0.04785547074048001,1.6900015925588294,0.006090161143124936
2007-09-18,0.024352488069120003,0.8600008104145522,0.00309913525626476
2007-09-19,0.015857434091520003,0.5600005277118015,0.0020180415622189137
2007-09-20,0.013592086364160002,0.48000045232440125,0.0017297499104733545
2007-09-21,0.015574265625600004,0.5500005182883765,0.001982005105750719
2007-09-22,0.013875254830080001,0.49000046174782624,0.0017657863669415493
2007-09-23,0.04842180767232001,1.7100016114056795,0.006162234056061326
2007-09-24,0.028883183523840006,1.0200009611893528,0.0036757185597558785
2007-09-25,0.021520803409920002,0.760000716180302,0.002738770691582811
2007-09-26,0.020388129546240003,0.7200006784866019,0.0025946248657100317
2007-09-27,0.020671298012160003,0.7300006879100269,0.0026306613221782267
2007-09-28,0.020671298012160003,0.7300006879100269,0.0026306613221782267
2007-09-29,0.020388129546240003,0.7200006784866019,0.0025946248657100317
2007-09-30,0.021803971875840003,0.770000725603727,0.002774807148051006
2007-10-01,0.024069319603200003,0.8500008009911272,0.003063098799796565
2007-10-02,0.03171486818304001,1.120001055423603,0.0040360831244378274
2007-10-03,0.021237634944,0.7500007067568769,0.002702734235114616
2007-10-04,0.020388129546240003,0.7200006784866019,0.0025946248657100317
2007-10-05,0.019255455682560003,0.6800006407929018,0.002450479039837252
2007-10-06,0.02010496108032,0.7100006690631768,0.0025585884092418367
2007-10-07,0.020954466478080004,0.740000697333452,0.0026666977786464216
2007-10-08,0.01953862414848,0.6900006502163267,0.0024865154963054467
2007-10-09,0.018972287216640005,0.6700006313694769,0.0024144425833690576
2007-10-10,0.018972287216640005,0.6700006313694769,0.0024144425833690576
2007-10-11,0.017839613352960002,0.6300005936757767,0.0022702967574962777
2007-10-12,0.01755644488704,0.6200005842523516,0.0022342603010280827
2007-10-13,0.018122781818880003,0.6400006030992017,0.0023063332139644727
2007-10-14,0.020954466478080004,0.740000697333452,0.0026666977786464216
2007-10-15,0.02010496108032,0.7100006690631768,0.0025585884092418367
2007-10-16,0.0198217926144,0.7000006596397518,0.0025225519527736417
2007-10-17,0.021237634944,0.7500007067568769,0.002702734235114616
2007-10-18,0.024352488069120003,0.8600008104145522,0.00309913525626476
2007-10-19,0.021520803409920002,0.760000716180302,0.002738770691582811
2007-10-20,0.02350298267136,0.8300007821442771,0.002991025886860175
2007-10-21,0.0325643735808,1.1500010836938779,0.004144192493842411
2007-10-22,0.026051498864640005,0.9200008669551024,0.0033153539950739296
2007-10-23,0.025485161932800003,0.9000008481082523,0.0032432810821375396
2007-10-24,0.024352488069120003,0.8600008104145522,0.00309913525626476
2007-10-25,0.023786151137280002,0.8400007915677021,0.00302706234332837
2007-10-26,0.023219814205440004,0.8200007727208521,0.0029549894303919806
2007-10-27,0.022653477273600005,0.8000007538740022,0.002882916517455591
2007-10-28,0.022370308807680005,0.7900007444505771,0.002846880060987396
2007-10-29,0.022653477273600005,0.8000007538740022,0.002882916517455591
2007-10-30,0.022936645739520006,0.8100007632974272,0.002918952973923786
2007-10-31,0.024918825000960005,0.8800008292614023,0.00317120816920115
2007-11-01,0.03369704744448,1.190001121387578,0.004288338319715191
2007-11-02,0.03171486818304001,1.120001055423603,0.0040360831244378274
2007-11-03,0.030299025853440006,1.070001008306478,0.003855900842096853
2007-11-04,0.030015857387520006,1.0600009988830528,0.003819864385628658
2007-11-05,0.027184172728320005,0.9600009046488025,0.003459499820946709
2007-11-06,0.018405950284800004,0.6500006125226268,0.0023423696704326677
2007-11-07,0.018405950284800004,0.6500006125226268,0.0023423696704326677
2007-11-08,0.018689118750720005,0.6600006219460518,0.0023784061269008627
2007-11-09,0.018122781818880003,0.6400006030992017,0.0023063332139644727
2007-11-10,0.0198217926144,0.7000006596397518,0.0025225519527736417
2007-11-11,0.0198217926144,0.7000006596397518,0.0025225519527736417
2007-11-12,0.0198217926144,0.7000006596397518,0.0025225519527736417
2007-11-13,0.01953862414848,0.6900006502163267,0.0024865154963054467
2007-11-14,0.01953862414848,0.6900006502163267,0.0024865154963054467
2007-11-15,0.018972287216640005,0.6700006313694769,0.0024144425833690576
2007-11-16,0.020954466478080004,0.740000697333452,0.0026666977786464216
2007-11-17,0.022370308807680005,0.7900007444505771,0.002846880060987396
2007-11-18,0.022087140341760004,0.7800007350271521,0.002810843604519201
2007-11-19,0.022370308807680005,0.7900007444505771,0.002846880060987396
2007-11-20,0.021803971875840003,0.770000725603727,0.002774807148051006
2007-11-21,0.02010496108032,0.7100006690631768,0.0025585884092418367
2007-11-22,0.011043570170880002,0.39000036751357603,0.0014054218022596006
2007-11-23,0.010194064773120001,0.36000033924330094,0.0012973124328550158
2007-11-24,0.0099108963072,0.3500003298198759,0.0012612759763868209
2007-11-25,0.007928717045760002,0.28000026385590077,0.0010090207811094569
2007-11-26,0.007362380113920001,0.26000024500905067,0.000936947868173067
2007-11-27,0.007362380113920001,0.26000024500905067,0.000936947868173067
2007-11-28,0.007362380113920001,0.26000024500905067,0.000936947868173067
2007-11-29,0.007645548579840002,0.2700002544324757,0.0009729843246412621
2007-11-30,0.009061390909440002,0.32000030154960085,0.0011531666069822363
2007-12-01,0.009627727841280001,0.3400003203964509,0.001225239519918626
2007-12-02,0.009627727841280001,0.3400003203964509,0.001225239519918626
2007-12-03,0.011043570170880002,0.39000036751357603,0.0014054218022596006
2007-12-04,0.011893075568640001,0.42000039578385107,0.001513531171664185
2007-12-05,0.012742580966400002,0.45000042405412616,0.0016216405410687698
2007-12-06,0.013875254830080001,0.49000046174782624,0.0017657863669415493
2007-12-07,0.01614060255744,0.5700005371352265,0.0020540780186871083
2007-12-08,0.01755644488704,0.6200005842523516,0.0022342603010280827
2007-12-09,0.016990107955200003,0.6000005654055016,0.002162187388091693
2007-12-10,0.016990107955200003,0.6000005654055016,0.002162187388091693
2007-12-11,0.016706939489280002,0.5900005559820766,0.0021261509316234982
2007-12-12,0.012459412500480002,0.44000041463070116,0.001585604084600575
2007-12-13,0.010760401704960001,0.380000358090151,0.0013693853457914056
2007-12-14,0.013308917898240001,0.4700004429009762,0.0016937134540051595
2007-12-15,0.015007928693760003,0.5300004994415264,0.001909932192814329
2007-12-16,0.015007928693760003,0.5300004994415264,0.001909932192814329
2007-12-17,0.015007928693760003,0.5300004994415264,0.001909932192814329
2007-12-18,0.014724760227840002,0.5200004900181013,0.001873895736346134
2007-12-19,0.014441591761920003,0.5100004805946764,0.0018378592798779392
2007-12-20,0.013025749432320002,0.4600004334775512,0.0016576769975369648
2007-12-21,0.012742580966400002,0.45000042405412616,0.0016216405410687698
2007-12-22,0.012742580966400002,0.45000042405412616,0.0016216405410687698
2007-12-23,0.012742580966400002,0.45000042405412616,0.0016216405410687698
2007-12-24,0.012742580966400002,0.45000042405412616,0.0016216405410687698
2007-12-25,0.012742580966400002,0.45000042405412616,0.0016216405410687698
2007-12-26,0.012742580966400002,0.45000042405412616,0.0016216405410687698
2007-12-27,0.011893075568640001,0.42000039578385107,0.001513531171664185
2007-12-28,0.012459412500480002,0.44000041463070116,0.001585604084600575
2007-12-29,0.012742580966400002,0.45000042405412616,0.0016216405410687698
2007-12-30,0.012742580966400002,0.45000042405412616,0.0016216405410687698
2007-12-31,0.012742580966400002,0.45000042405412616,0.0016216405410687698
2008-01-01,0.012742580966400002,0.45000042405412616,0.0016216405410687698
2008-01-02,0.012742580966400002,0.45000042405412616,0.0016216405410687698
2008-01-03,0.012742580966400002,0.45000042405412616,0.0016216405410687698
2008-01-04,0.011893075568640001,0.42000039578385107,0.001513531171664185
2008-01-05,0.010477233239040002,0.370000348666726,0.0013333488893232108
2008-01-06,0.012742580966400002,0.45000042405412616,0.0016216405410687698
2008-01-07,0.011893075568640001,0.42000039578385107,0.001513531171664185
2008-01-08,0.011893075568640001,0.42000039578385107,0.001513531171664185
2008-01-09,0.010760401704960001,0.380000358090151,0.0013693853457914056
2008-01-10,0.010760401704960001,0.380000358090151,0.0013693853457914056
2008-01-11,0.010760401704960001,0.380000358090151,0.0013693853457914056
2008-01-12,0.010760401704960001,0.380000358090151,0.0013693853457914056
2008-01-13,0.010760401704960001,0.380000358090151,0.0013693853457914056
2008-01-14,0.010760401704960001,0.380000358090151,0.0013693853457914056
2008-01-15,0.010760401704960001,0.380000358090151,0.0013693853457914056
2008-01-16,0.010760401704960001,0.380000358090151,0.0013693853457914056
2008-01-17,0.010760401704960001,0.380000358090151,0.0013693853457914056
2008-01-18,0.010760401704960001,0.380000358090151,0.0013693853457914056
2008-01-19,0.010760401704960001,0.380000358090151,0.0013693853457914056
2008-01-20,0.010760401704960001,0.380000358090151,0.0013693853457914056
2008-01-21,0.010760401704960001,0.380000358090151,0.0013693853457914056
2008-01-22,0.010760401704960001,0.380000358090151,0.0013693853457914056
2008-01-23,0.010760401704960001,0.380000358090151,0.0013693853457914056
2008-01-24,0.010760401704960001,0.380000358090151,0.0013693853457914056
2008-01-25,0.011043570170880002,0.39000036751357603,0.0014054218022596006
2008-01-26,0.010760401704960001,0.380000358090151,0.0013693853457914056
2008-01-27,0.010760401704960001,0.380000358090151,0.0013693853457914056
2008-01-28,0.011609907102720002,0.4100003863604261,0.0014774947151959903
2008-01-29,0.009061390909440002,0.32000030154960085,0.0011531666069822363
2008-01-30,0.009061390909440002,0.32000030154960085,0.0011531666069822363
2008-01-31,0.00821188551168,0.29000027327932576,0.0010450572375776516
2008-02-01,0.007362380113920001,0.26000024500905067,0.000936947868173067
2008-02-02,0.007362380113920001,0.26000024500905067,0.000936947868173067
2008-02-03,0.007362380113920001,0.26000024500905067,0.000936947868173067
2008-02-04,0.007362380113920001,0.26000024500905067,0.000936947868173067
2008-02-05,0.007362380113920001,0.26000024500905067,0.000936947868173067
2008-02-06,0.007362380113920001,0.26000024500905067,0.000936947868173067
2008-02-07,0.007362380113920001,0.26000024500905067,0.000936947868173067
2008-02-08,0.007362380113920001,0.26000024500905067,0.000936947868173067
2008-02-09,0.008495053977600002,0.3000002827027508,0.0010810936940458466
2008-02-10,0.009061390909440002,0.32000030154960085,0.0011531666069822363
2008-02-11,0.009061390909440002,0.32000030154960085,0.0011531666069822363
2008-02-12,0.009061390909440002,0.32000030154960085,0.0011531666069822363
2008-02-13,0.0099108963072,0.3500003298198759,0.0012612759763868209
2008-02-14,0.010477233239040002,0.370000348666726,0.0013333488893232108
2008-02-15,0.010194064773120001,0.36000033924330094,0.0012973124328550158
2008-02-16,0.010194064773120001,0.36000033924330094,0.0012973124328550158
2008-02-17,0.010760401704960001,0.380000358090151,0.0013693853457914056
2008-02-18,0.011043570170880002,0.39000036751357603,0.0014054218022596006
2008-02-19,0.010760401704960001,0.380000358090151,0.0013693853457914056
2008-02-20,0.013025749432320002,0.4600004334775512,0.0016576769975369648
2008-02-21,0.014441591761920003,0.5100004805946764,0.0018378592798779392
2008-02-22,0.015857434091520003,0.5600005277118015,0.0020180415622189137
2008-02-23,0.01755644488704,0.6200005842523516,0.0022342603010280827
2008-02-24,0.02010496108032,0.7100006690631768,0.0025585884092418367
2008-02-25,0.02350298267136,0.8300007821442771,0.002991025886860175
2008-02-26,0.026334667330560006,0.9300008763785275,0.0033513904515421245
2008-02-27,0.028316846592000004,1.0000009423425027,0.0036036456468194885
2008-02-28,0.03681190056960001,1.3000012250452535,0.004684739340865335
2008-02-29,0.084950539776,3.0000028270275076,0.010810936940458465
2008-03-01,0.28316846592000006,10.000009423425027,0.03603645646819489
2008-03-02,0.31148531251200007,11.00001036576753,0.039640102115014376
2008-03-03,0.11326738636800002,4.000003769370011,0.014414582587277954
2008-03-04,0.054651513922560006,1.93000181872103,0.006955036098361613
2008-03-05,0.05125349233152001,1.8100017056399298,0.006522598620743275
2008-03-06,0.047289133808640006,1.6700015737119793,0.006018088230188546
2008-03-07,0.04587329147904001,1.6200015265948544,0.005837905947847572
2008-03-08,0.04587329147904001,1.6200015265948544,0.005837905947847572
2008-03-09,0.054651513922560006,1.93000181872103,0.006955036098361613
2008-03-10,0.06456241022976,2.280002148540906,0.008216312074748433
2008-03-11,0.06937627415040001,2.4500023087391316,0.008828931834707747
2008-03-12,0.07702182273024001,2.720002563171607,0.009801916159349009
2008-03-13,0.05606735625216001,1.980001865838155,0.007135218380702588
2008-03-14,0.0821188551168,2.9000027327932574,0.010450572375776516
2008-03-15,0.0792871704576,2.800002638559007,0.010090207811094567
2008-03-16,0.05833270397952001,2.0600019412255555,0.007423510032448147
2008-03-17,0.05748319858176,2.03000191295528,0.007315400663043561
2008-03-18,0.0750396434688,2.6500024972076317,0.009549660964071643
2008-03-19,0.08381786591232002,2.960002789333808,0.010666791114585687
2008-03-20,0.09344559375360001,3.3000031097302585,0.011892030634504312
2008-03-21,0.08721588750336001,3.080002902414908,0.011099228592204025
2008-03-22,0.06965944261632001,2.4600023181625565,0.008864968291175942
2008-03-23,0.06342973636608001,2.240002110847206,0.008072166248875655
2008-03-24,0.06909310568448,2.4400022993157062,0.008792895378239551
2008-03-25,0.06484557869568001,2.2900021579643313,0.00825234853121663
2008-03-26,0.06286339943424002,2.2200020920003563,0.008000093335939266
2008-03-27,0.05720003011584001,2.0200019035318553,0.007279364206575367
2008-03-28,0.043607943751680006,1.540001451207454,0.005549614296102012
2008-03-29,0.046722796876800005,1.6500015548651292,0.005946015317252156
2008-03-30,0.042475269888,1.5000014135137538,0.005405468470229232
2008-03-31,0.048988144604160004,1.7300016302525294,0.006234306968997714
2008-04-01,0.03511288977408,1.2400011685047032,0.0044685206020561655
2008-04-02,0.03284754204672,1.160001093117303,0.0041802289503106065
2008-04-03,0.033980215910400006,1.2000011308110032,0.004324374776183386
2008-04-04,0.04474061761536001,1.5800014889011542,0.005693760121974792
2008-04-05,0.030582194319360007,1.0800010177299029,0.0038919372985650484
2008-04-06,0.03171486818304001,1.120001055423603,0.0040360831244378274
2008-04-07,0.04502378608128001,1.5900014983245792,0.005729796578442987
2008-04-08,0.03737823750144001,1.3200012438921036,0.004756812253801725
2008-04-09,0.04020992216064,1.4200013381263537,0.005117176818483673
2008-04-10,0.05068715539968001,1.7900016867930797,0.0064505257078068855
2008-04-11,0.04332477528576001,1.530001441784029,0.005513577839633818
2008-04-12,0.04049309062656001,1.4300013475497788,0.005153213274951869
2008-04-13,0.04389111221760001,1.5500014606308792,0.005585650752570208
2008-04-14,0.043041606819840005,1.520001432360604,0.005477541383165622
2008-04-15,0.04332477528576001,1.530001441784029,0.005513577839633818
2008-04-16,0.04049309062656001,1.4300013475497788,0.005153213274951869
2008-04-17,0.043607943751680006,1.540001451207454,0.005549614296102012
2008-04-18,0.04842180767232001,1.7100016114056795,0.006162234056061326
2008-04-19,0.04559012301312001,1.6100015171714293,0.005801869491379377
2008-04-20,0.03879407983104001,1.3700012910092287,0.0049369945361427
2008-04-21,0.04332477528576001,1.530001441784029,0.005513577839633818
2008-04-22,0.04389111221760001,1.5500014606308792,0.005585650752570208
2008-04-23,0.046722796876800005,1.6500015548651292,0.005946015317252156
2008-04-24,0.04530695454720001,1.6000015077480043,0.005765833034911182
2008-04-25,0.04559012301312001,1.6100015171714293,0.005801869491379377
2008-04-26,0.04559012301312001,1.6100015171714293,0.005801869491379377
2008-04-27,0.04332477528576001,1.530001441784029,0.005513577839633818
2008-04-28,0.04474061761536001,1.5800014889011542,0.005693760121974792
2008-04-29,0.04559012301312001,1.6100015171714293,0.005801869491379377
2008-04-30,0.046722796876800005,1.6500015548651292,0.005946015317252156
2008-05-01,0.06796043182080001,2.4000022616220065,0.008648749552366773
2008-05-02,0.062013894036480006,2.1900020637300806,0.00789198396653468
2008-05-03,0.05833270397952001,2.0600019412255555,0.007423510032448147
2008-05-04,0.05351884005888,1.8900017810273297,0.006810890272488832
2008-05-05,0.054085176990720005,1.9100017998741798,0.006882963185425223
2008-05-06,0.052386166195200014,1.85000174333363,0.0066667444466160545
2008-05-07,0.050970323865600006,1.8000016962165046,0.006486562164275079
2008-05-08,0.054934682388480004,1.9400018281444549,0.006991072554829808
2008-05-09,0.052386166195200014,1.85000174333363,0.0066667444466160545
2008-05-10,0.05578418778624001,1.9700018564147301,0.0070991819242343926
2008-05-11,0.05153666079744001,1.8200017150633547,0.006558635077211468
2008-05-12,0.05776636704768001,2.0400019223787056,0.007351437119511757
2008-05-13,0.06286339943424002,2.2200020920003563,0.008000093335939266
2008-05-14,0.05663369318400001,2.0000018846850054,0.007207291293638977
2008-05-15,0.05635052471808001,1.9900018752615802,0.007171254837170783
2008-05-16,0.05436834545664001,1.920001809297605,0.006918999641893418
2008-05-17,0.05266933466112001,1.860001752757055,0.006702780903084249
2008-05-18,0.052386166195200014,1.85000174333363,0.0066667444466160545
2008-05-19,0.05210299772928001,1.8400017339102048,0.006630707990147859
2008-05-20,0.050970323865600006,1.8000016962165046,0.006486562164275079
2008-05-21,0.05181982926336001,1.83000172448678,0.006594671533679665
2008-05-22,0.058615872445440004,2.0700019506489804,0.007459546488916341
2008-05-23,0.06031488324096001,2.1300020071895305,0.0076757652277255105
2008-05-24,0.05663369318400001,2.0000018846850054,0.007207291293638977
2008-05-25,0.054651513922560006,1.93000181872103,0.006955036098361613
2008-05-26,0.05125349233152001,1.8100017056399298,0.006522598620743275
2008-05-27,0.04983765000192001,1.7600016585228047,0.0063424163384023
2008-05-28,0.047572302274560004,1.6800015831354043,0.00605412468665674
2008-05-29,0.047289133808640006,1.6700015737119793,0.006018088230188546
2008-05-30,0.04700596534272,1.6600015642885542,0.00598205177372035
2008-05-31,0.04615645994496,1.6300015360182791,0.005873942404315766
2008-06-01,0.04275843835392001,1.510001422937179,0.005441504926697428
2008-06-02,0.041625764490240004,1.4700013852434788,0.005297359100824648
2008-06-03,0.04190893295616001,1.480001394666904,0.005333395557292843
2008-06-04,0.052386166195200014,1.85000174333363,0.0066667444466160545
2008-06-05,0.06059805170688001,2.140002016612956,0.007711801684193706
2008-06-06,0.062013894036480006,2.1900020637300806,0.00789198396653468
2008-06-07,0.047572302274560004,1.6800015831354043,0.00605412468665674
2008-06-08,0.046722796876800005,1.6500015548651292,0.005946015317252156
2008-06-09,0.04474061761536001,1.5800014889011542,0.005693760121974792
2008-06-10,0.04332477528576001,1.530001441784029,0.005513577839633818
2008-06-11,0.041625764490240004,1.4700013852434788,0.005297359100824648
2008-06-12,0.042192101422080006,1.4900014040903289,0.005369432013761038
2008-06-13,0.0410594275584,1.4500013663966287,0.005225286187888258
2008-06-14,0.04049309062656001,1.4300013475497788,0.005153213274951869
2008-06-15,0.039360416762880004,1.3900013098560786,0.005009067449079089
2008-06-16,0.038510911365120006,1.3600012815858036,0.004900958079674504
2008-06-17,0.037095069035520005,1.3100012344686784,0.00472077579733353
2008-06-18,0.036245563637760006,1.2800012061984034,0.004612666427928945
2008-06-19,0.03313071051264,1.170001102540728,0.004216265406778801
2008-06-20,0.03171486818304001,1.120001055423603,0.0040360831244378274
2008-06-21,0.03143169971712001,1.1100010460001781,0.004000046667969633
2008-06-22,0.030015857387520006,1.0600009988830528,0.003819864385628658
2008-06-23,0.030582194319360007,1.0800010177299029,0.0038919372985650484
2008-06-24,0.029449520455680004,1.0400009800362027,0.003747791472692268
2008-06-25,0.030015857387520006,1.0600009988830528,0.003819864385628658
2008-06-26,0.027750509660160003,0.9800009234956525,0.0035315727338830986
2008-06-27,0.028600015057920005,1.0100009517659276,0.0036396821032876835
2008-06-28,0.026901004262400004,0.9500008952253775,0.0034234633644785145
2008-06-29,0.027184172728320005,0.9600009046488025,0.003459499820946709
2008-06-30,0.026617835796480003,0.9400008858019524,0.003387426908010319
2008-07-01,0.030015857387520006,1.0600009988830528,0.003819864385628658
2008-07-02,0.031998036648960004,1.130001064847028,0.004072119580906022
2008-07-03,0.026051498864640005,0.9200008669551024,0.0033153539950739296
2008-07-04,0.026334667330560006,0.9300008763785275,0.0033513904515421245
2008-07-05,0.027184172728320005,0.9600009046488025,0.003459499820946709
2008-07-06,0.029166351989760007,1.0300009706127777,0.0037117550162240735
2008-07-07,0.025768330398720004,0.9100008575316774,0.003279317538605734
2008-07-08,0.025485161932800003,0.9000008481082523,0.0032432810821375396
2008-07-09,0.023786151137280002,0.8400007915677021,0.00302706234332837
2008-07-10,0.022087140341760004,0.7800007350271521,0.002810843604519201
2008-07-11,0.0198217926144,0.7000006596397518,0.0025225519527736417
2008-07-12,0.019255455682560003,0.6800006407929018,0.002450479039837252
2008-07-13,0.018122781818880003,0.6400006030992017,0.0023063332139644727
2008-07-14,0.018405950284800004,0.6500006125226268,0.0023423696704326677
2008-07-15,0.017839613352960002,0.6300005936757767,0.0022702967574962777
2008-07-16,0.01614060255744,0.5700005371352265,0.0020540780186871083
2008-07-17,0.018405950284800004,0.6500006125226268,0.0023423696704326677
2008-07-18,0.018405950284800004,0.6500006125226268,0.0023423696704326677
2008-07-19,0.016990107955200003,0.6000005654055016,0.002162187388091693
2008-07-20,0.01614060255744,0.5700005371352265,0.0020540780186871083
2008-07-21,0.016990107955200003,0.6000005654055016,0.002162187388091693
2008-07-22,0.016706939489280002,0.5900005559820766,0.0021261509316234982
2008-07-23,0.05380200852480001,1.900001790450755,0.006846926728957029
2008-07-24,0.04587329147904001,1.6200015265948544,0.005837905947847572
2008-07-25,0.03596239517184001,1.2700011967749785,0.004576629971460751
2008-07-26,0.03539605824000001,1.2500011779281284,0.004504557058524361
2008-07-27,0.03737823750144001,1.3200012438921036,0.004756812253801725
2008-07-28,0.03596239517184001,1.2700011967749785,0.004576629971460751
2008-07-29,0.03228120511488,1.140001074270453,0.0041081560373742165
2008-07-30,0.028033678126080003,0.9900009329190775,0.003567609190351294
2008-07-31,0.027467341194240002,0.9700009140722274,0.003495536277414904
2008-08-01,0.027184172728320005,0.9600009046488025,0.003459499820946709
2008-08-02,0.026617835796480003,0.9400008858019524,0.003387426908010319
2008-08-03,0.026901004262400004,0.9500008952253775,0.0034234633644785145
2008-08-04,0.025201993466880006,0.8900008386848274,0.003207244625669345
2008-08-05,0.025201993466880006,0.8900008386848274,0.003207244625669345
2008-08-06,0.027184172728320005,0.9600009046488025,0.003459499820946709
2008-08-07,0.034263384376320004,1.2100011402344282,0.004360411232651581
2008-08-08,0.034263384376320004,1.2100011402344282,0.004360411232651581
2008-08-09,0.03511288977408,1.2400011685047032,0.0044685206020561655
2008-08-10,0.043041606819840005,1.520001432360604,0.005477541383165622
2008-08-11,0.034829721308160005,1.2300011590812783,0.004432484145587971
2008-08-12,0.03114853125120001,1.100001036576753,0.003964010211501438
2008-08-13,0.029449520455680004,1.0400009800362027,0.003747791472692268
2008-08-14,0.029732688921600005,1.0500009894596278,0.0037838279291604626
2008-08-15,0.029166351989760007,1.0300009706127777,0.0037117550162240735
2008-08-16,0.029449520455680004,1.0400009800362027,0.003747791472692268
2008-08-17,0.030015857387520006,1.0600009988830528,0.003819864385628658
2008-08-18,0.028033678126080003,0.9900009329190775,0.003567609190351294
2008-08-19,0.027467341194240002,0.9700009140722274,0.003495536277414904
2008-08-20,0.026334667330560006,0.9300008763785275,0.0033513904515421245
2008-08-21,0.024635656535040004,0.8700008198379773,0.0031351717127329547
2008-08-22,0.023219814205440004,0.8200007727208521,0.0029549894303919806
2008-08-23,0.022936645739520006,0.8100007632974272,0.002918952973923786
2008-08-24,0.024069319603200003,0.8500008009911272,0.003063098799796565
2008-08-25,0.022936645739520006,0.8100007632974272,0.002918952973923786
2008-08-26,0.023786151137280002,0.8400007915677021,0.00302706234332837
2008-08-27,0.024352488069120003,0.8600008104145522,0.00309913525626476
2008-08-28,0.024352488069120003,0.8600008104145522,0.00309913525626476
2008-08-29,0.023786151137280002,0.8400007915677021,0.00302706234332837
2008-08-30,0.023219814205440004,0.8200007727208521,0.0029549894303919806
2008-08-31,0.028033678126080003,0.9900009329190775,0.003567609190351294
2008-09-01,0.03737823750144001,1.3200012438921036,0.004756812253801725
2008-09-02,0.03539605824000001,1.2500011779281284,0.004504557058524361
2008-09-03,0.030865362785280008,1.090001027153328,0.003927973755033243
2008-09-04,0.028316846592000004,1.0000009423425027,0.0036036456468194885
2008-09-05,0.026051498864640005,0.9200008669551024,0.0033153539950739296
2008-09-06,0.024635656535040004,0.8700008198379773,0.0031351717127329547
2008-09-07,0.023786151137280002,0.8400007915677021,0.00302706234332837
2008-09-08,0.023786151137280002,0.8400007915677021,0.00302706234332837
2008-09-09,0.023786151137280002,0.8400007915677021,0.00302706234332837
2008-09-10,0.026617835796480003,0.9400008858019524,0.003387426908010319
2008-09-11,0.03143169971712001,1.1100010460001781,0.004000046667969633
2008-09-12,0.035679226705920004,1.2600011873515533,0.004540593514992555
2008-09-13,0.0325643735808,1.1500010836938779,0.004144192493842411
2008-09-14,0.029166351989760007,1.0300009706127777,0.0037117550162240735
2008-09-15,0.028033678126080003,0.9900009329190775,0.003567609190351294
2008-09-16,0.026617835796480003,0.9400008858019524,0.003387426908010319
2008-09-17,0.026051498864640005,0.9200008669551024,0.0033153539950739296
2008-09-18,0.027184172728320005,0.9600009046488025,0.003459499820946709
2008-09-19,0.027467341194240002,0.9700009140722274,0.003495536277414904
2008-09-20,0.026617835796480003,0.9400008858019524,0.003387426908010319
2008-09-21,0.027750509660160003,0.9800009234956525,0.0035315727338830986
2008-09-22,0.026617835796480003,0.9400008858019524,0.003387426908010319
2008-09-23,0.026617835796480003,0.9400008858019524,0.003387426908010319
2008-09-24,0.024635656535040004,0.8700008198379773,0.0031351717127329547
2008-09-25,0.023219814205440004,0.8200007727208521,0.0029549894303919806
2008-09-26,0.021803971875840003,0.770000725603727,0.002774807148051006
2008-09-27,0.01953862414848,0.6900006502163267,0.0024865154963054467
2008-09-28,0.02010496108032,0.7100006690631768,0.0025585884092418367
2008-09-29,0.018972287216640005,0.6700006313694769,0.0024144425833690576
2008-09-30,0.020388129546240003,0.7200006784866019,0.0025946248657100317
2008-10-01,0.020954466478080004,0.740000697333452,0.0026666977786464216
2008-10-02,0.020954466478080004,0.740000697333452,0.0026666977786464216
2008-10-03,0.020671298012160003,0.7300006879100269,0.0026306613221782267
2008-10-04,0.02350298267136,0.8300007821442771,0.002991025886860175
2008-10-05,0.026901004262400004,0.9500008952253775,0.0034234633644785145
2008-10-06,0.025768330398720004,0.9100008575316774,0.003279317538605734
2008-10-07,0.023786151137280002,0.8400007915677021,0.00302706234332837
2008-10-08,0.023786151137280002,0.8400007915677021,0.00302706234332837
2008-10-09,0.021803971875840003,0.770000725603727,0.002774807148051006
2008-10-10,0.022936645739520006,0.8100007632974272,0.002918952973923786
2008-10-11,0.023219814205440004,0.8200007727208521,0.0029549894303919806
2008-10-12,0.024069319603200003,0.8500008009911272,0.003063098799796565
2008-10-13,0.026051498864640005,0.9200008669551024,0.0033153539950739296
2008-10-14,0.025201993466880006,0.8900008386848274,0.003207244625669345
2008-10-15,0.025768330398720004,0.9100008575316774,0.003279317538605734
2008-10-16,0.025201993466880006,0.8900008386848274,0.003207244625669345
2008-10-17,0.024352488069120003,0.8600008104145522,0.00309913525626476
2008-10-18,0.024918825000960005,0.8800008292614023,0.00317120816920115
2008-10-19,0.025485161932800003,0.9000008481082523,0.0032432810821375396
2008-10-20,0.027467341194240002,0.9700009140722274,0.003495536277414904
2008-10-21,0.028033678126080003,0.9900009329190775,0.003567609190351294
2008-10-22,0.026617835796480003,0.9400008858019524,0.003387426908010319
2008-10-23,0.027184172728320005,0.9600009046488025,0.003459499820946709
2008-10-24,0.028033678126080003,0.9900009329190775,0.003567609190351294
2008-10-25,0.026901004262400004,0.9500008952253775,0.0034234633644785145
2008-10-26,0.026901004262400004,0.9500008952253775,0.0034234633644785145
2008-10-27,0.027750509660160003,0.9800009234956525,0.0035315727338830986
2008-10-28,0.029166351989760007,1.0300009706127777,0.0037117550162240735
2008-10-29,0.029166351989760007,1.0300009706127777,0.0037117550162240735
2008-10-30,0.030865362785280008,1.090001027153328,0.003927973755033243
2008-10-31,0.030299025853440006,1.070001008306478,0.003855900842096853
2008-11-01,0.030015857387520006,1.0600009988830528,0.003819864385628658
2008-11-02,0.03143169971712001,1.1100010460001781,0.004000046667969633
2008-11-03,0.0325643735808,1.1500010836938779,0.004144192493842411
2008-11-04,0.03284754204672,1.160001093117303,0.0041802289503106065
2008-11-05,0.035679226705920004,1.2600011873515533,0.004540593514992555
2008-11-06,0.030865362785280008,1.090001027153328,0.003927973755033243
2008-11-07,0.03171486818304001,1.120001055423603,0.0040360831244378274
2008-11-08,0.03596239517184001,1.2700011967749785,0.004576629971460751
2008-11-09,0.03284754204672,1.160001093117303,0.0041802289503106065
2008-11-10,0.0325643735808,1.1500010836938779,0.004144192493842411
2008-11-11,0.03539605824000001,1.2500011779281284,0.004504557058524361
2008-11-12,0.03143169971712001,1.1100010460001781,0.004000046667969633
2008-11-13,0.031998036648960004,1.130001064847028,0.004072119580906022
2008-11-14,0.029732688921600005,1.0500009894596278,0.0037838279291604626
2008-11-15,0.030015857387520006,1.0600009988830528,0.003819864385628658
2008-11-16,0.031998036648960004,1.130001064847028,0.004072119580906022
2008-11-17,0.03313071051264,1.170001102540728,0.004216265406778801
2008-11-18,0.033413878978560005,1.1800011119641531,0.0042523018632469965
2008-11-19,0.03369704744448,1.190001121387578,0.004288338319715191
2008-11-20,0.033413878978560005,1.1800011119641531,0.0042523018632469965
2008-11-21,0.03737823750144001,1.3200012438921036,0.004756812253801725
2008-11-22,0.037095069035520005,1.3100012344686784,0.00472077579733353
2008-11-23,0.03879407983104001,1.3700012910092287,0.0049369945361427
2008-11-24,0.03681190056960001,1.3000012250452535,0.004684739340865335
2008-11-25,0.03114853125120001,1.100001036576753,0.003964010211501438
2008-11-26,0.033980215910400006,1.2000011308110032,0.004324374776183386
2008-11-27,0.049554481536000006,1.7500016490993795,0.006306379881934105
2008-11-28,0.04587329147904001,1.6200015265948544,0.005837905947847572
2008-11-29,0.04502378608128001,1.5900014983245792,0.005729796578442987
2008-11-30,0.04332477528576001,1.530001441784029,0.005513577839633818
2008-12-01,0.043041606819840005,1.520001432360604,0.005477541383165622
2008-12-02,0.04417428068352001,1.5600014700543041,0.005621687209038402
2008-12-03,0.044457449149440005,1.570001479477729,0.005657723665506597
2008-12-04,0.04700596534272,1.6600015642885542,0.00598205177372035
2008-12-05,0.0396435852288,1.4000013192795036,0.005045103905547283
2008-12-06,0.04785547074048001,1.6900015925588294,0.006090161143124936
2008-12-07,0.04502378608128001,1.5900014983245792,0.005729796578442987
2008-12-08,0.05068715539968001,1.7900016867930797,0.0064505257078068855
2008-12-09,0.03681190056960001,1.3000012250452535,0.004684739340865335
2008-12-10,0.03681190056960001,1.3000012250452535,0.004684739340865335
2008-12-11,0.0396435852288,1.4000013192795036,0.005045103905547283
2008-12-12,0.05521785085440001,1.95000183756788,0.0070271090112980035
2008-12-13,0.062013894036480006,2.1900020637300806,0.00789198396653468
2008-12-14,0.037095069035520005,1.3100012344686784,0.00472077579733353
2008-12-15,0.03284754204672,1.160001093117303,0.0041802289503106065
2008-12-16,0.03511288977408,1.2400011685047032,0.0044685206020561655
2008-12-17,0.03681190056960001,1.3000012250452535,0.004684739340865335
2008-12-18,0.030015857387520006,1.0600009988830528,0.003819864385628658
2008-12-19,0.03284754204672,1.160001093117303,0.0041802289503106065
2008-12-20,0.030015857387520006,1.0600009988830528,0.003819864385628658
2008-12-21,0.030015857387520006,1.0600009988830528,0.003819864385628658
2008-12-22,0.030015857387520006,1.0600009988830528,0.003819864385628658
2008-12-23,0.030015857387520006,1.0600009988830528,0.003819864385628658
2008-12-24,0.030015857387520006,1.0600009988830528,0.003819864385628658
2008-12-25,0.030015857387520006,1.0600009988830528,0.003819864385628658
2008-12-26,0.030015857387520006,1.0600009988830528,0.003819864385628658
2008-12-27,0.030015857387520006,1.0600009988830528,0.003819864385628658
2008-12-28,0.030299025853440006,1.070001008306478,0.003855900842096853
2008-12-29,0.029732688921600005,1.0500009894596278,0.0037838279291604626
2008-12-30,0.030015857387520006,1.0600009988830528,0.003819864385628658
2008-12-31,0.030015857387520006,1.0600009988830528,0.003819864385628658
2009-01-01,0.03114853125120001,1.100001036576753,0.003964010211501438
2009-01-02,0.03114853125120001,1.100001036576753,0.003964010211501438
2009-01-03,0.030865362785280008,1.090001027153328,0.003927973755033243
2009-01-04,0.028316846592000004,1.0000009423425027,0.0036036456468194885
2009-01-05,0.030015857387520006,1.0600009988830528,0.003819864385628658
2009-01-06,0.030865362785280008,1.090001027153328,0.003927973755033243
2009-01-07,0.030582194319360007,1.0800010177299029,0.0038919372985650484
2009-01-08,0.030865362785280008,1.090001027153328,0.003927973755033243
2009-01-09,0.030865362785280008,1.090001027153328,0.003927973755033243
2009-01-10,0.030865362785280008,1.090001027153328,0.003927973755033243
2009-01-11,0.030865362785280008,1.090001027153328,0.003927973755033243
2009-01-12,0.030865362785280008,1.090001027153328,0.003927973755033243
2009-01-13,0.030582194319360007,1.0800010177299029,0.0038919372985650484
2009-01-14,0.03143169971712001,1.1100010460001781,0.004000046667969633
2009-01-15,0.034263384376320004,1.2100011402344282,0.004360411232651581
2009-01-16,0.034263384376320004,1.2100011402344282,0.004360411232651581
2009-01-17,0.033980215910400006,1.2000011308110032,0.004324374776183386
2009-01-18,0.034263384376320004,1.2100011402344282,0.004360411232651581
2009-01-19,0.034263384376320004,1.2100011402344282,0.004360411232651581
2009-01-20,0.034263384376320004,1.2100011402344282,0.004360411232651581
2009-01-21,0.034263384376320004,1.2100011402344282,0.004360411232651581
2009-01-22,0.03539605824000001,1.2500011779281284,0.004504557058524361
2009-01-23,0.04417428068352001,1.5600014700543041,0.005621687209038402
2009-01-24,0.03879407983104001,1.3700012910092287,0.0049369945361427
2009-01-25,0.03539605824000001,1.2500011779281284,0.004504557058524361
2009-01-26,0.03114853125120001,1.100001036576753,0.003964010211501438
2009-01-27,0.033980215910400006,1.2000011308110032,0.004324374776183386
2009-01-28,0.033980215910400006,1.2000011308110032,0.004324374776183386
2009-01-29,0.034263384376320004,1.2100011402344282,0.004360411232651581
2009-01-30,0.034263384376320004,1.2100011402344282,0.004360411232651581
2009-01-31,0.033980215910400006,1.2000011308110032,0.004324374776183386
2009-02-01,0.031998036648960004,1.130001064847028,0.004072119580906022
2009-02-02,0.03171486818304001,1.120001055423603,0.0040360831244378274
2009-02-03,0.03143169971712001,1.1100010460001781,0.004000046667969633
2009-02-04,0.03114853125120001,1.100001036576753,0.003964010211501438
2009-02-05,0.03171486818304001,1.120001055423603,0.0040360831244378274
2009-02-06,0.03454655284224,1.2200011496578531,0.0043964476891197755
2009-02-07,0.03454655284224,1.2200011496578531,0.0043964476891197755
2009-02-08,0.03454655284224,1.2200011496578531,0.0043964476891197755
2009-02-09,0.03454655284224,1.2200011496578531,0.0043964476891197755
2009-02-10,0.031998036648960004,1.130001064847028,0.004072119580906022
2009-02-11,0.03114853125120001,1.100001036576753,0.003964010211501438
2009-02-12,0.03143169971712001,1.1100010460001781,0.004000046667969633
2009-02-13,0.0325643735808,1.1500010836938779,0.004144192493842411
2009-02-14,0.030865362785280008,1.090001027153328,0.003927973755033243
2009-02-15,0.03114853125120001,1.100001036576753,0.003964010211501438
2009-02-16,0.034829721308160005,1.2300011590812783,0.004432484145587971
2009-02-17,0.03114853125120001,1.100001036576753,0.003964010211501438
2009-02-18,0.03114853125120001,1.100001036576753,0.003964010211501438
2009-02-19,0.029166351989760007,1.0300009706127777,0.0037117550162240735
2009-02-20,0.028316846592000004,1.0000009423425027,0.0036036456468194885
2009-02-21,0.028316846592000004,1.0000009423425027,0.0036036456468194885
2009-02-22,0.04927131307008001,1.7400016396759546,0.006270343425465909
2009-02-23,0.05181982926336001,1.83000172448678,0.006594671533679665
2009-02-24,0.09372876221952002,3.310003119153684,0.011928067090972508
2009-02-25,0.15772483551744004,5.57000524884774,0.020072306252784555
2009-02-26,0.0863663821056,3.050002874144633,0.01099111922279944
2009-02-27,0.04389111221760001,1.5500014606308792,0.005585650752570208
2009-02-28,0.033980215910400006,1.2000011308110032,0.004324374776183386
2009-03-01,0.03652873210368,1.2900012156218283,0.00464870288439714
2009-03-02,0.03794457443328001,1.3400012627389537,0.004828885166738115
2009-03-03,0.03822774289920001,1.3500012721623786,0.00486492162320631
2009-03-04,0.03681190056960001,1.3000012250452535,0.004684739340865335
2009-03-05,0.0325643735808,1.1500010836938779,0.004144192493842411
2009-03-06,0.029166351989760007,1.0300009706127777,0.0037117550162240735
2009-03-07,0.029449520455680004,1.0400009800362027,0.003747791472692268
2009-03-08,0.03596239517184001,1.2700011967749785,0.004576629971460751
2009-03-09,0.03766140596736001,1.3300012533155285,0.00479284871026992
2009-03-10,0.0396435852288,1.4000013192795036,0.005045103905547283
2009-03-11,0.031998036648960004,1.130001064847028,0.004072119580906022
2009-03-12,0.033413878978560005,1.1800011119641531,0.0042523018632469965
2009-03-13,0.03228120511488,1.140001074270453,0.0041081560373742165
2009-03-14,0.03313071051264,1.170001102540728,0.004216265406778801
2009-03-15,0.0325643735808,1.1500010836938779,0.004144192493842411
2009-03-16,0.03228120511488,1.140001074270453,0.0041081560373742165
2009-03-17,0.03114853125120001,1.100001036576753,0.003964010211501438
2009-03-18,0.03143169971712001,1.1100010460001781,0.004000046667969633
2009-03-19,0.03228120511488,1.140001074270453,0.0041081560373742165
2009-03-20,0.03228120511488,1.140001074270453,0.0041081560373742165
2009-03-21,0.03114853125120001,1.100001036576753,0.003964010211501438
2009-03-22,0.0325643735808,1.1500010836938779,0.004144192493842411
2009-03-23,0.03822774289920001,1.3500012721623786,0.00486492162320631
2009-03-24,0.044457449149440005,1.570001479477729,0.005657723665506597
2009-03-25,0.05125349233152001,1.8100017056399298,0.006522598620743275
2009-03-26,0.05153666079744001,1.8200017150633547,0.006558635077211468
2009-03-27,0.041625764490240004,1.4700013852434788,0.005297359100824648
2009-03-28,0.04983765000192001,1.7600016585228047,0.0063424163384023
2009-03-29,0.053235671592960006,1.8800017716039048,0.006774853816020638
2009-03-30,0.04332477528576001,1.530001441784029,0.005513577839633818
2009-03-31,0.043041606819840005,1.520001432360604,0.005477541383165622
2009-04-01,0.04559012301312001,1.6100015171714293,0.005801869491379377
2009-04-02,0.04417428068352001,1.5600014700543041,0.005621687209038402
2009-04-03,0.047572302274560004,1.6800015831354043,0.00605412468665674
2009-04-04,0.04983765000192001,1.7600016585228047,0.0063424163384023
2009-04-05,0.0410594275584,1.4500013663966287,0.005225286187888258
2009-04-06,0.04559012301312001,1.6100015171714293,0.005801869491379377
2009-04-07,0.03737823750144001,1.3200012438921036,0.004756812253801725
2009-04-08,0.037095069035520005,1.3100012344686784,0.00472077579733353
2009-04-09,0.03737823750144001,1.3200012438921036,0.004756812253801725
2009-04-10,0.0410594275584,1.4500013663966287,0.005225286187888258
2009-04-11,0.04530695454720001,1.6000015077480043,0.005765833034911182
2009-04-12,0.058615872445440004,2.0700019506489804,0.007459546488916341
2009-04-13,0.04983765000192001,1.7600016585228047,0.0063424163384023
2009-04-14,0.04389111221760001,1.5500014606308792,0.005585650752570208
2009-04-15,0.042475269888,1.5000014135137538,0.005405468470229232
2009-04-16,0.03879407983104001,1.3700012910092287,0.0049369945361427
2009-04-17,0.04134259602432001,1.4600013758200538,0.005261322644356453
2009-04-18,0.050970323865600006,1.8000016962165046,0.006486562164275079
2009-04-19,0.04700596534272,1.6600015642885542,0.00598205177372035
2009-04-20,0.039360416762880004,1.3900013098560786,0.005009067449079089
2009-04-21,0.03171486818304001,1.120001055423603,0.0040360831244378274
2009-04-22,0.030582194319360007,1.0800010177299029,0.0038919372985650484
2009-04-23,0.028883183523840006,1.0200009611893528,0.0036757185597558785
2009-04-24,0.03171486818304001,1.120001055423603,0.0040360831244378274
2009-04-25,0.03284754204672,1.160001093117303,0.0041802289503106065
2009-04-26,0.04587329147904001,1.6200015265948544,0.005837905947847572
2009-04-27,0.04785547074048001,1.6900015925588294,0.006090161143124936
2009-04-28,0.037095069035520005,1.3100012344686784,0.00472077579733353
2009-04-29,0.0325643735808,1.1500010836938779,0.004144192493842411
2009-04-30,0.030582194319360007,1.0800010177299029,0.0038919372985650484
2009-05-01,0.028883183523840006,1.0200009611893528,0.0036757185597558785
2009-05-02,0.036245563637760006,1.2800012061984034,0.004612666427928945
2009-05-03,0.04417428068352001,1.5600014700543041,0.005621687209038402
2009-05-04,0.0325643735808,1.1500010836938779,0.004144192493842411
2009-05-05,0.03171486818304001,1.120001055423603,0.0040360831244378274
2009-05-06,0.03114853125120001,1.100001036576753,0.003964010211501438
2009-05-07,0.028883183523840006,1.0200009611893528,0.0036757185597558785
2009-05-08,0.028883183523840006,1.0200009611893528,0.0036757185597558785
2009-05-09,0.029166351989760007,1.0300009706127777,0.0037117550162240735
2009-05-10,0.029166351989760007,1.0300009706127777,0.0037117550162240735
2009-05-11,0.029449520455680004,1.0400009800362027,0.003747791472692268
2009-05-12,0.029449520455680004,1.0400009800362027,0.003747791472692268
2009-05-13,0.028316846592000004,1.0000009423425027,0.0036036456468194885
2009-05-14,0.027467341194240002,0.9700009140722274,0.003495536277414904
2009-05-15,0.028316846592000004,1.0000009423425027,0.0036036456468194885
2009-05-16,0.026334667330560006,0.9300008763785275,0.0033513904515421245
2009-05-17,0.026051498864640005,0.9200008669551024,0.0033153539950739296
2009-05-18,0.027184172728320005,0.9600009046488025,0.003459499820946709
2009-05-19,0.025201993466880006,0.8900008386848274,0.003207244625669345
2009-05-20,0.026051498864640005,0.9200008669551024,0.0033153539950739296
2009-05-21,0.028033678126080003,0.9900009329190775,0.003567609190351294
2009-05-22,0.027467341194240002,0.9700009140722274,0.003495536277414904
2009-05-23,0.037095069035520005,1.3100012344686784,0.00472077579733353
2009-05-24,0.047289133808640006,1.6700015737119793,0.006018088230188546
2009-05-25,0.034829721308160005,1.2300011590812783,0.004432484145587971
2009-05-26,0.03228120511488,1.140001074270453,0.0041081560373742165
2009-05-27,0.030015857387520006,1.0600009988830528,0.003819864385628658
2009-05-28,0.028600015057920005,1.0100009517659276,0.0036396821032876835
2009-05-29,0.029732688921600005,1.0500009894596278,0.0037838279291604626
2009-05-30,0.025485161932800003,0.9000008481082523,0.0032432810821375396
2009-05-31,0.026051498864640005,0.9200008669551024,0.0033153539950739296
2009-06-01,0.028600015057920005,1.0100009517659276,0.0036396821032876835
2009-06-02,0.03171486818304001,1.120001055423603,0.0040360831244378274
2009-06-03,0.028600015057920005,1.0100009517659276,0.0036396821032876835
2009-06-04,0.025485161932800003,0.9000008481082523,0.0032432810821375396
2009-06-05,0.025201993466880006,0.8900008386848274,0.003207244625669345
2009-06-06,0.02350298267136,0.8300007821442771,0.002991025886860175
2009-06-07,0.025201993466880006,0.8900008386848274,0.003207244625669345
2009-06-08,0.03143169971712001,1.1100010460001781,0.004000046667969633
2009-06-09,0.03171486818304001,1.120001055423603,0.0040360831244378274
2009-06-10,0.031998036648960004,1.130001064847028,0.004072119580906022
2009-06-11,0.036245563637760006,1.2800012061984034,0.004612666427928945
2009-06-12,0.0325643735808,1.1500010836938779,0.004144192493842411
2009-06-13,0.028033678126080003,0.9900009329190775,0.003567609190351294
2009-06-14,0.024635656535040004,0.8700008198379773,0.0031351717127329547
2009-06-15,0.029166351989760007,1.0300009706127777,0.0037117550162240735
2009-06-16,0.027184172728320005,0.9600009046488025,0.003459499820946709
2009-06-17,0.026901004262400004,0.9500008952253775,0.0034234633644785145
2009-06-18,0.025201993466880006,0.8900008386848274,0.003207244625669345
2009-06-19,0.028316846592000004,1.0000009423425027,0.0036036456468194885
2009-06-20,0.027184172728320005,0.9600009046488025,0.003459499820946709
2009-06-21,0.050970323865600006,1.8000016962165046,0.006486562164275079
2009-06-22,0.04643962841088001,1.6400015454417043,0.005909978860783961
2009-06-23,0.030015857387520006,1.0600009988830528,0.003819864385628658
2009-06-24,0.023219814205440004,0.8200007727208521,0.0029549894303919806
2009-06-25,0.021520803409920002,0.760000716180302,0.002738770691582811
2009-06-26,0.029732688921600005,1.0500009894596278,0.0037838279291604626
2009-06-27,0.024635656535040004,0.8700008198379773,0.0031351717127329547
2009-06-28,0.02010496108032,0.7100006690631768,0.0025585884092418367
2009-06-29,0.018405950284800004,0.6500006125226268,0.0023423696704326677
2009-06-30,0.01727327642112,0.6100005748289266,0.0021982238445598878
2009-07-01,0.016990107955200003,0.6000005654055016,0.002162187388091693
2009-07-02,0.018405950284800004,0.6500006125226268,0.0023423696704326677
2009-07-03,0.021237634944,0.7500007067568769,0.002702734235114616
2009-07-04,0.013592086364160002,0.48000045232440125,0.0017297499104733545
2009-07-05,0.014724760227840002,0.5200004900181013,0.001873895736346134
2009-07-06,0.014158423296000002,0.5000004711712513,0.0018018228234097443
2009-07-07,0.014724760227840002,0.5200004900181013,0.001873895736346134
2009-07-08,0.013875254830080001,0.49000046174782624,0.0017657863669415493
2009-07-09,0.011893075568640001,0.42000039578385107,0.001513531171664185
2009-07-10,0.009344559375360002,0.3300003109730259,0.0011892030634504313
2009-07-11,0.009061390909440002,0.32000030154960085,0.0011531666069822363
2009-07-12,0.011043570170880002,0.39000036751357603,0.0014054218022596006
2009-07-13,0.011609907102720002,0.4100003863604261,0.0014774947151959903
2009-07-14,0.010760401704960001,0.380000358090151,0.0013693853457914056
2009-07-15,0.009344559375360002,0.3300003109730259,0.0011892030634504313
2009-07-16,0.00877822244352,0.3100002921261758,0.0011171301505140414
2009-07-17,0.00877822244352,0.3100002921261758,0.0011171301505140414
2009-07-18,0.00821188551168,0.29000027327932576,0.0010450572375776516
2009-07-19,0.008495053977600002,0.3000002827027508,0.0010810936940458466
2009-07-20,0.00877822244352,0.3100002921261758,0.0011171301505140414
2009-07-21,0.00821188551168,0.29000027327932576,0.0010450572375776516
2009-07-22,0.007079211648000001,0.2500002355856257,0.0009009114117048721
2009-07-23,0.006796043182080001,0.24000022616220062,0.0008648749552366773
2009-07-24,0.006512874716160001,0.2300002167387756,0.0008288384987684824
2009-07-25,0.006796043182080001,0.24000022616220062,0.0008648749552366773
2009-07-26,0.007362380113920001,0.26000024500905067,0.000936947868173067
2009-07-27,0.010194064773120001,0.36000033924330094,0.0012973124328550158
2009-07-28,0.00821188551168,0.29000027327932576,0.0010450572375776516
2009-07-29,0.00821188551168,0.29000027327932576,0.0010450572375776516
2009-07-30,0.00877822244352,0.3100002921261758,0.0011171301505140414
2009-07-31,0.00821188551168,0.29000027327932576,0.0010450572375776516
2009-08-01,0.007362380113920001,0.26000024500905067,0.000936947868173067
2009-08-02,0.007928717045760002,0.28000026385590077,0.0010090207811094569
2009-08-03,0.006796043182080001,0.24000022616220062,0.0008648749552366773
2009-08-04,0.006512874716160001,0.2300002167387756,0.0008288384987684824
2009-08-05,0.005663369318400001,0.20000018846850054,0.0007207291293638978
2009-08-06,0.00821188551168,0.29000027327932576,0.0010450572375776516
2009-08-07,0.007079211648000001,0.2500002355856257,0.0009009114117048721
2009-08-08,0.006229706250240001,0.22000020731535058,0.0007928020423002875
2009-08-09,0.0059465377843200004,0.21000019789192553,0.0007567655858320925
2009-08-10,0.005663369318400001,0.20000018846850054,0.0007207291293638978
2009-08-11,0.0059465377843200004,0.21000019789192553,0.0007567655858320925
2009-08-12,0.005663369318400001,0.20000018846850054,0.0007207291293638978
2009-08-13,0.006229706250240001,0.22000020731535058,0.0007928020423002875
2009-08-14,0.006229706250240001,0.22000020731535058,0.0007928020423002875
2009-08-15,0.0099108963072,0.3500003298198759,0.0012612759763868209
2009-08-16,0.011043570170880002,0.39000036751357603,0.0014054218022596006
2009-08-17,0.007079211648000001,0.2500002355856257,0.0009009114117048721
2009-08-18,0.006512874716160001,0.2300002167387756,0.0008288384987684824
2009-08-19,0.007362380113920001,0.26000024500905067,0.000936947868173067
2009-08-20,0.003964358522880001,0.14000013192795038,0.0005045103905547284
2009-08-21,0.004247526988800001,0.1500001413513754,0.0005405468470229233
2009-08-22,0.004247526988800001,0.1500001413513754,0.0005405468470229233
2009-08-23,0.004530695454720001,0.16000015077480043,0.0005765833034911182
2009-08-24,0.006512874716160001,0.2300002167387756,0.0008288384987684824
2009-08-25,0.0059465377843200004,0.21000019789192553,0.0007567655858320925
2009-08-26,0.0059465377843200004,0.21000019789192553,0.0007567655858320925
2009-08-27,0.006229706250240001,0.22000020731535058,0.0007928020423002875
2009-08-28,0.008495053977600002,0.3000002827027508,0.0010810936940458466
2009-08-29,0.006229706250240001,0.22000020731535058,0.0007928020423002875
2009-08-30,0.004530695454720001,0.16000015077480043,0.0005765833034911182
2009-08-31,0.006512874716160001,0.2300002167387756,0.0008288384987684824
2009-09-01,0.006229706250240001,0.22000020731535058,0.0007928020423002875
2009-09-02,0.006229706250240001,0.22000020731535058,0.0007928020423002875
2009-09-03,0.006512874716160001,0.2300002167387756,0.0008288384987684824
2009-09-04,0.0059465377843200004,0.21000019789192553,0.0007567655858320925
2009-09-05,0.006512874716160001,0.2300002167387756,0.0008288384987684824
2009-09-06,0.010194064773120001,0.36000033924330094,0.0012973124328550158
2009-09-07,0.0059465377843200004,0.21000019789192553,0.0007567655858320925
2009-09-08,0.007645548579840002,0.2700002544324757,0.0009729843246412621
2009-09-09,0.0059465377843200004,0.21000019789192553,0.0007567655858320925
2009-09-10,0.007645548579840002,0.2700002544324757,0.0009729843246412621
2009-09-11,0.006796043182080001,0.24000022616220062,0.0008648749552366773
2009-09-12,0.006512874716160001,0.2300002167387756,0.0008288384987684824
2009-09-13,0.007928717045760002,0.28000026385590077,0.0010090207811094569
2009-09-14,0.0099108963072,0.3500003298198759,0.0012612759763868209
2009-09-15,0.05635052471808001,1.9900018752615802,0.007171254837170783
2009-09-16,0.029732688921600005,1.0500009894596278,0.0037838279291604626
2009-09-17,0.018689118750720005,0.6600006219460518,0.0023784061269008627
2009-09-18,0.01642377102336,0.5800005465586515,0.0020901144751553032
2009-09-19,0.014441591761920003,0.5100004805946764,0.0018378592798779392
2009-09-20,0.01642377102336,0.5800005465586515,0.0020901144751553032
2009-09-21,0.01642377102336,0.5800005465586515,0.0020901144751553032
2009-09-22,0.014441591761920003,0.5100004805946764,0.0018378592798779392
2009-09-23,0.013875254830080001,0.49000046174782624,0.0017657863669415493
2009-09-24,0.014724760227840002,0.5200004900181013,0.001873895736346134
2009-09-25,0.018122781818880003,0.6400006030992017,0.0023063332139644727
2009-09-26,0.014158423296000002,0.5000004711712513,0.0018018228234097443
2009-09-27,0.013592086364160002,0.48000045232440125,0.0017297499104733545
2009-09-28,0.014724760227840002,0.5200004900181013,0.001873895736346134
2009-09-29,0.013875254830080001,0.49000046174782624,0.0017657863669415493
2009-09-30,0.016990107955200003,0.6000005654055016,0.002162187388091693
2009-10-01,0.013592086364160002,0.48000045232440125,0.0017297499104733545
2009-10-02,0.014441591761920003,0.5100004805946764,0.0018378592798779392
2009-10-03,0.013875254830080001,0.49000046174782624,0.0017657863669415493
2009-10-04,0.015574265625600004,0.5500005182883765,0.001982005105750719
2009-10-05,0.015574265625600004,0.5500005182883765,0.001982005105750719
2009-10-06,0.013875254830080001,0.49000046174782624,0.0017657863669415493
2009-10-07,0.015574265625600004,0.5500005182883765,0.001982005105750719
2009-10-08,0.013308917898240001,0.4700004429009762,0.0016937134540051595
2009-10-09,0.015291097159680004,0.5400005088649514,0.0019459686492825242
2009-10-10,0.015007928693760003,0.5300004994415264,0.001909932192814329
2009-10-11,0.014724760227840002,0.5200004900181013,0.001873895736346134
2009-10-12,0.015007928693760003,0.5300004994415264,0.001909932192814329
2009-10-13,0.014158423296000002,0.5000004711712513,0.0018018228234097443
2009-10-14,0.013875254830080001,0.49000046174782624,0.0017657863669415493
2009-10-15,0.015857434091520003,0.5600005277118015,0.0020180415622189137
2009-10-16,0.01642377102336,0.5800005465586515,0.0020901144751553032
2009-10-17,0.016706939489280002,0.5900005559820766,0.0021261509316234982
2009-10-18,0.014441591761920003,0.5100004805946764,0.0018378592798779392
2009-10-19,0.015007928693760003,0.5300004994415264,0.001909932192814329
2009-10-20,0.015574265625600004,0.5500005182883765,0.001982005105750719
2009-10-21,0.019255455682560003,0.6800006407929018,0.002450479039837252
2009-10-22,0.016990107955200003,0.6000005654055016,0.002162187388091693
2009-10-23,0.018689118750720005,0.6600006219460518,0.0023784061269008627
2009-10-24,0.021237634944,0.7500007067568769,0.002702734235114616
2009-10-25,0.01727327642112,0.6100005748289266,0.0021982238445598878
2009-10-26,0.019255455682560003,0.6800006407929018,0.002450479039837252
2009-10-27,0.020671298012160003,0.7300006879100269,0.0026306613221782267
2009-10-28,0.023219814205440004,0.8200007727208521,0.0029549894303919806
2009-10-29,0.021237634944,0.7500007067568769,0.002702734235114616
2009-10-30,0.021520803409920002,0.760000716180302,0.002738770691582811
2009-10-31,0.023219814205440004,0.8200007727208521,0.0029549894303919806
2009-11-01,0.024635656535040004,0.8700008198379773,0.0031351717127329547
2009-11-02,0.023219814205440004,0.8200007727208521,0.0029549894303919806
2009-11-03,0.020954466478080004,0.740000697333452,0.0026666977786464216
2009-11-04,0.021520803409920002,0.760000716180302,0.002738770691582811
2009-11-05,0.020954466478080004,0.740000697333452,0.0026666977786464216
2009-11-06,0.02010496108032,0.7100006690631768,0.0025585884092418367
2009-11-07,0.020671298012160003,0.7300006879100269,0.0026306613221782267
2009-11-08,0.018689118750720005,0.6600006219460518,0.0023784061269008627
2009-11-09,0.018122781818880003,0.6400006030992017,0.0023063332139644727
2009-11-10,0.018405950284800004,0.6500006125226268,0.0023423696704326677
2009-11-11,0.018972287216640005,0.6700006313694769,0.0024144425833690576
2009-11-12,0.018689118750720005,0.6600006219460518,0.0023784061269008627
2009-11-13,0.025768330398720004,0.9100008575316774,0.003279317538605734
2009-11-14,0.018689118750720005,0.6600006219460518,0.0023784061269008627
2009-11-15,0.018122781818880003,0.6400006030992017,0.0023063332139644727
2009-11-16,0.018405950284800004,0.6500006125226268,0.0023423696704326677
2009-11-17,0.02010496108032,0.7100006690631768,0.0025585884092418367
2009-11-18,0.021803971875840003,0.770000725603727,0.002774807148051006
2009-11-19,0.023219814205440004,0.8200007727208521,0.0029549894303919806
2009-11-20,0.023219814205440004,0.8200007727208521,0.0029549894303919806
2009-11-21,0.024635656535040004,0.8700008198379773,0.0031351717127329547
2009-11-22,0.025768330398720004,0.9100008575316774,0.003279317538605734
2009-11-23,0.027750509660160003,0.9800009234956525,0.0035315727338830986
2009-11-24,0.026051498864640005,0.9200008669551024,0.0033153539950739296
2009-11-25,0.024352488069120003,0.8600008104145522,0.00309913525626476
2009-11-26,0.027184172728320005,0.9600009046488025,0.003459499820946709
2009-11-27,0.028033678126080003,0.9900009329190775,0.003567609190351294
2009-11-28,0.026334667330560006,0.9300008763785275,0.0033513904515421245
2009-11-29,0.027467341194240002,0.9700009140722274,0.003495536277414904
2009-11-30,0.027184172728320005,0.9600009046488025,0.003459499820946709
2009-12-01,0.026617835796480003,0.9400008858019524,0.003387426908010319
2009-12-02,0.026334667330560006,0.9300008763785275,0.0033513904515421245
2009-12-03,0.026617835796480003,0.9400008858019524,0.003387426908010319
2009-12-04,0.026334667330560006,0.9300008763785275,0.0033513904515421245
2009-12-05,0.026617835796480003,0.9400008858019524,0.003387426908010319
2009-12-06,0.026334667330560006,0.9300008763785275,0.0033513904515421245
2009-12-07,0.026901004262400004,0.9500008952253775,0.0034234633644785145
2009-12-08,0.028033678126080003,0.9900009329190775,0.003567609190351294
2009-12-09,0.028316846592000004,1.0000009423425027,0.0036036456468194885
2009-12-10,0.028883183523840006,1.0200009611893528,0.0036757185597558785
2009-12-11,0.029732688921600005,1.0500009894596278,0.0037838279291604626
2009-12-12,0.030299025853440006,1.070001008306478,0.003855900842096853
2009-12-13,0.030865362785280008,1.090001027153328,0.003927973755033243
2009-12-14,0.030015857387520006,1.0600009988830528,0.003819864385628658
2009-12-15,0.030582194319360007,1.0800010177299029,0.0038919372985650484
2009-12-16,0.030865362785280008,1.090001027153328,0.003927973755033243
2009-12-17,0.030865362785280008,1.090001027153328,0.003927973755033243
2009-12-18,0.030582194319360007,1.0800010177299029,0.0038919372985650484
2009-12-19,0.03143169971712001,1.1100010460001781,0.004000046667969633
2009-12-20,0.031998036648960004,1.130001064847028,0.004072119580906022
2009-12-21,0.03228120511488,1.140001074270453,0.0041081560373742165
2009-12-22,0.031998036648960004,1.130001064847028,0.004072119580906022
2009-12-23,0.03228120511488,1.140001074270453,0.0041081560373742165
2009-12-24,0.03228120511488,1.140001074270453,0.0041081560373742165
2009-12-25,0.031998036648960004,1.130001064847028,0.004072119580906022
2009-12-26,0.03228120511488,1.140001074270453,0.0041081560373742165
2009-12-27,0.03228120511488,1.140001074270453,0.0041081560373742165
2009-12-28,0.03228120511488,1.140001074270453,0.0041081560373742165
2009-12-29,0.03228120511488,1.140001074270453,0.0041081560373742165
2009-12-30,0.03228120511488,1.140001074270453,0.0041081560373742165
2009-12-31,0.03228120511488,1.140001074270453,0.0041081560373742165
2010-01-01,0.03228120511488,1.140001074270453,0.0041081560373742165
2010-01-02,0.03228120511488,1.140001074270453,0.0041081560373742165
2010-01-03,0.03228120511488,1.140001074270453,0.0041081560373742165
2010-01-04,0.03228120511488,1.140001074270453,0.0041081560373742165
2010-01-05,0.03228120511488,1.140001074270453,0.0041081560373742165
2010-01-06,0.03228120511488,1.140001074270453,0.0041081560373742165
2010-01-07,0.03228120511488,1.140001074270453,0.0041081560373742165
2010-01-08,0.03228120511488,1.140001074270453,0.0041081560373742165
2010-01-09,0.0325643735808,1.1500010836938779,0.004144192493842411
2010-01-10,0.03284754204672,1.160001093117303,0.0041802289503106065
2010-01-11,0.03284754204672,1.160001093117303,0.0041802289503106065
2010-01-12,0.03284754204672,1.160001093117303,0.0041802289503106065
2010-01-13,0.03313071051264,1.170001102540728,0.004216265406778801
2010-01-14,0.03313071051264,1.170001102540728,0.004216265406778801
2010-01-15,0.03313071051264,1.170001102540728,0.004216265406778801
2010-01-16,0.033413878978560005,1.1800011119641531,0.0042523018632469965
2010-01-17,0.033413878978560005,1.1800011119641531,0.0042523018632469965
2010-01-18,0.033413878978560005,1.1800011119641531,0.0042523018632469965
2010-01-19,0.034829721308160005,1.2300011590812783,0.004432484145587971
2010-01-20,0.03596239517184001,1.2700011967749785,0.004576629971460751
2010-01-21,0.034829721308160005,1.2300011590812783,0.004432484145587971
2010-01-22,0.03539605824000001,1.2500011779281284,0.004504557058524361
2010-01-23,0.035679226705920004,1.2600011873515533,0.004540593514992555
2010-01-24,0.03539605824000001,1.2500011779281284,0.004504557058524361
2010-01-25,0.03454655284224,1.2200011496578531,0.0043964476891197755
2010-01-26,0.033980215910400006,1.2000011308110032,0.004324374776183386
2010-01-27,0.033980215910400006,1.2000011308110032,0.004324374776183386
2010-01-28,0.034829721308160005,1.2300011590812783,0.004432484145587971
2010-01-29,0.034829721308160005,1.2300011590812783,0.004432484145587971
2010-01-30,0.034263384376320004,1.2100011402344282,0.004360411232651581
2010-01-31,0.03454655284224,1.2200011496578531,0.0043964476891197755
2010-02-01,0.034829721308160005,1.2300011590812783,0.004432484145587971
2010-02-02,0.03454655284224,1.2200011496578531,0.0043964476891197755
2010-02-03,0.034263384376320004,1.2100011402344282,0.004360411232651581
2010-02-04,0.034263384376320004,1.2100011402344282,0.004360411232651581
2010-02-05,0.034829721308160005,1.2300011590812783,0.004432484145587971
2010-02-06,0.035679226705920004,1.2600011873515533,0.004540593514992555
2010-02-07,0.036245563637760006,1.2800012061984034,0.004612666427928945
2010-02-08,0.03539605824000001,1.2500011779281284,0.004504557058524361
2010-02-09,0.03454655284224,1.2200011496578531,0.0043964476891197755
2010-02-10,0.034829721308160005,1.2300011590812783,0.004432484145587971
2010-02-11,0.034829721308160005,1.2300011590812783,0.004432484145587971
2010-02-12,0.034829721308160005,1.2300011590812783,0.004432484145587971
2010-02-13,0.03511288977408,1.2400011685047032,0.0044685206020561655
2010-02-14,0.03539605824000001,1.2500011779281284,0.004504557058524361
2010-02-15,0.03596239517184001,1.2700011967749785,0.004576629971460751
2010-02-16,0.03737823750144001,1.3200012438921036,0.004756812253801725
2010-02-17,0.03737823750144001,1.3200012438921036,0.004756812253801725
2010-02-18,0.03794457443328001,1.3400012627389537,0.004828885166738115
2010-02-19,0.038510911365120006,1.3600012815858036,0.004900958079674504
2010-02-20,0.03822774289920001,1.3500012721623786,0.00486492162320631
2010-02-21,0.03794457443328001,1.3400012627389537,0.004828885166738115
2010-02-22,0.03766140596736001,1.3300012533155285,0.00479284871026992
2010-02-23,0.037095069035520005,1.3100012344686784,0.00472077579733353
2010-02-24,0.03737823750144001,1.3200012438921036,0.004756812253801725
2010-02-25,0.03737823750144001,1.3200012438921036,0.004756812253801725
2010-02-26,0.03737823750144001,1.3200012438921036,0.004756812253801725
2010-02-27,0.03822774289920001,1.3500012721623786,0.00486492162320631
2010-02-28,0.03794457443328001,1.3400012627389537,0.004828885166738115
2010-03-01,0.0410594275584,1.4500013663966287,0.005225286187888258
2010-03-02,0.043607943751680006,1.540001451207454,0.005549614296102012
2010-03-03,0.04587329147904001,1.6200015265948544,0.005837905947847572
2010-03-04,0.05295250312704001,1.8700017621804799,0.0067388173595524445
2010-03-05,0.05663369318400001,2.0000018846850054,0.007207291293638977
2010-03-06,0.04842180767232001,1.7100016114056795,0.006162234056061326
2010-03-07,0.049554481536000006,1.7500016490993795,0.006306379881934105
2010-03-08,0.05153666079744001,1.8200017150633547,0.006558635077211468
2010-03-09,0.05210299772928001,1.8400017339102048,0.006630707990147859
2010-03-10,0.05068715539968001,1.7900016867930797,0.0064505257078068855
2010-03-11,0.05125349233152001,1.8100017056399298,0.006522598620743275
2010-03-12,0.04559012301312001,1.6100015171714293,0.005801869491379377
2010-03-13,0.04615645994496,1.6300015360182791,0.005873942404315766
2010-03-14,0.04842180767232001,1.7100016114056795,0.006162234056061326
2010-03-15,0.047572302274560004,1.6800015831354043,0.00605412468665674
2010-03-16,0.04474061761536001,1.5800014889011542,0.005693760121974792
2010-03-17,0.043041606819840005,1.520001432360604,0.005477541383165622
2010-03-18,0.03907724829696,1.3800013004326535,0.0049730309926108935
2010-03-19,0.03907724829696,1.3800013004326535,0.0049730309926108935
2010-03-20,0.028033678126080003,0.9900009329190775,0.003567609190351294
2010-03-21,0.029732688921600005,1.0500009894596278,0.0037838279291604626
2010-03-22,0.03171486818304001,1.120001055423603,0.0040360831244378274
2010-03-23,0.041625764490240004,1.4700013852434788,0.005297359100824648
2010-03-24,0.036245563637760006,1.2800012061984034,0.004612666427928945
2010-03-25,0.03143169971712001,1.1100010460001781,0.004000046667969633
2010-03-26,0.03539605824000001,1.2500011779281284,0.004504557058524361
2010-03-27,0.03539605824000001,1.2500011779281284,0.004504557058524361
2010-03-28,0.028883183523840006,1.0200009611893528,0.0036757185597558785
2010-03-29,0.028600015057920005,1.0100009517659276,0.0036396821032876835
2010-03-30,0.028033678126080003,0.9900009329190775,0.003567609190351294
2010-03-31,0.026901004262400004,0.9500008952253775,0.0034234633644785145
2010-04-01,0.042192101422080006,1.4900014040903289,0.005369432013761038
2010-04-02,0.037095069035520005,1.3100012344686784,0.00472077579733353
2010-04-03,0.030582194319360007,1.0800010177299029,0.0038919372985650484
2010-04-04,0.03143169971712001,1.1100010460001781,0.004000046667969633
2010-04-05,0.030582194319360007,1.0800010177299029,0.0038919372985650484
2010-04-06,0.028600015057920005,1.0100009517659276,0.0036396821032876835
2010-04-07,0.028883183523840006,1.0200009611893528,0.0036757185597558785
2010-04-08,0.030015857387520006,1.0600009988830528,0.003819864385628658
2010-04-09,0.027184172728320005,0.9600009046488025,0.003459499820946709
2010-04-10,0.026334667330560006,0.9300008763785275,0.0033513904515421245
2010-04-11,0.025485161932800003,0.9000008481082523,0.0032432810821375396
2010-04-12,0.024635656535040004,0.8700008198379773,0.0031351717127329547
2010-04-13,0.026334667330560006,0.9300008763785275,0.0033513904515421245
2010-04-14,0.026901004262400004,0.9500008952253775,0.0034234633644785145
2010-04-15,0.024635656535040004,0.8700008198379773,0.0031351717127329547
2010-04-16,0.024352488069120003,0.8600008104145522,0.00309913525626476
2010-04-17,0.02350298267136,0.8300007821442771,0.002991025886860175
2010-04-18,0.021803971875840003,0.770000725603727,0.002774807148051006
2010-04-19,0.021520803409920002,0.760000716180302,0.002738770691582811
2010-04-20,0.022087140341760004,0.7800007350271521,0.002810843604519201
2010-04-21,0.022936645739520006,0.8100007632974272,0.002918952973923786
2010-04-22,0.031998036648960004,1.130001064847028,0.004072119580906022
2010-04-23,0.0325643735808,1.1500010836938779,0.004144192493842411
2010-04-24,0.033413878978560005,1.1800011119641531,0.0042523018632469965
2010-04-25,0.026334667330560006,0.9300008763785275,0.0033513904515421245
2010-04-26,0.024918825000960005,0.8800008292614023,0.00317120816920115
2010-04-27,0.024352488069120003,0.8600008104145522,0.00309913525626476
2010-04-28,0.024352488069120003,0.8600008104145522,0.00309913525626476
2010-04-29,0.03596239517184001,1.2700011967749785,0.004576629971460751
2010-04-30,0.038510911365120006,1.3600012815858036,0.004900958079674504
2010-05-01,0.03596239517184001,1.2700011967749785,0.004576629971460751
2010-05-02,0.043607943751680006,1.540001451207454,0.005549614296102012
2010-05-03,0.03284754204672,1.160001093117303,0.0041802289503106065
2010-05-04,0.028033678126080003,0.9900009329190775,0.003567609190351294
2010-05-05,0.026334667330560006,0.9300008763785275,0.0033513904515421245
2010-05-06,0.027467341194240002,0.9700009140722274,0.003495536277414904
2010-05-07,0.026617835796480003,0.9400008858019524,0.003387426908010319
2010-05-08,0.026617835796480003,0.9400008858019524,0.003387426908010319
2010-05-09,0.027184172728320005,0.9600009046488025,0.003459499820946709
2010-05-10,0.026901004262400004,0.9500008952253775,0.0034234633644785145
2010-05-11,0.027184172728320005,0.9600009046488025,0.003459499820946709
2010-05-12,0.03766140596736001,1.3300012533155285,0.00479284871026992
2010-05-13,0.034263384376320004,1.2100011402344282,0.004360411232651581
2010-05-14,0.030582194319360007,1.0800010177299029,0.0038919372985650484
2010-05-15,0.030299025853440006,1.070001008306478,0.003855900842096853
2010-05-16,0.028883183523840006,1.0200009611893528,0.0036757185597558785
2010-05-17,0.027750509660160003,0.9800009234956525,0.0035315727338830986
2010-05-18,0.026051498864640005,0.9200008669551024,0.0033153539950739296
2010-05-19,0.030015857387520006,1.0600009988830528,0.003819864385628658
2010-05-20,0.028316846592000004,1.0000009423425027,0.0036036456468194885
2010-05-21,0.024918825000960005,0.8800008292614023,0.00317120816920115
2010-05-22,0.025201993466880006,0.8900008386848274,0.003207244625669345
2010-05-23,0.026901004262400004,0.9500008952253775,0.0034234633644785145
2010-05-24,0.026051498864640005,0.9200008669551024,0.0033153539950739296
2010-05-25,0.025201993466880006,0.8900008386848274,0.003207244625669345
2010-05-26,0.025201993466880006,0.8900008386848274,0.003207244625669345
2010-05-27,0.022653477273600005,0.8000007538740022,0.002882916517455591
2010-05-28,0.0198217926144,0.7000006596397518,0.0025225519527736417
2010-05-29,0.0198217926144,0.7000006596397518,0.0025225519527736417
2010-05-30,0.021520803409920002,0.760000716180302,0.002738770691582811
2010-05-31,0.021237634944,0.7500007067568769,0.002702734235114616
2010-06-01,0.020954466478080004,0.740000697333452,0.0026666977786464216
2010-06-02,0.022087140341760004,0.7800007350271521,0.002810843604519201
2010-06-03,0.020954466478080004,0.740000697333452,0.0026666977786464216
2010-06-04,0.020671298012160003,0.7300006879100269,0.0026306613221782267
2010-06-05,0.01953862414848,0.6900006502163267,0.0024865154963054467
2010-06-06,0.018689118750720005,0.6600006219460518,0.0023784061269008627
2010-06-07,0.017839613352960002,0.6300005936757767,0.0022702967574962777
2010-06-08,0.01727327642112,0.6100005748289266,0.0021982238445598878
2010-06-09,0.016990107955200003,0.6000005654055016,0.002162187388091693
2010-06-10,0.016706939489280002,0.5900005559820766,0.0021261509316234982
2010-06-11,0.01727327642112,0.6100005748289266,0.0021982238445598878
2010-06-12,0.033980215910400006,1.2000011308110032,0.004324374776183386
2010-06-13,0.03539605824000001,1.2500011779281284,0.004504557058524361
2010-06-14,0.030582194319360007,1.0800010177299029,0.0038919372985650484
2010-06-15,0.025768330398720004,0.9100008575316774,0.003279317538605734
2010-06-16,0.020671298012160003,0.7300006879100269,0.0026306613221782267
2010-06-17,0.017839613352960002,0.6300005936757767,0.0022702967574962777
2010-06-18,0.018689118750720005,0.6600006219460518,0.0023784061269008627
2010-06-19,0.018122781818880003,0.6400006030992017,0.0023063332139644727
2010-06-20,0.015857434091520003,0.5600005277118015,0.0020180415622189137
2010-06-21,0.014724760227840002,0.5200004900181013,0.001873895736346134
2010-06-22,0.014441591761920003,0.5100004805946764,0.0018378592798779392
2010-06-23,0.015291097159680004,0.5400005088649514,0.0019459686492825242
2010-06-24,0.014158423296000002,0.5000004711712513,0.0018018228234097443
2010-06-25,0.012742580966400002,0.45000042405412616,0.0016216405410687698
2010-06-26,0.014441591761920003,0.5100004805946764,0.0018378592798779392
2010-06-27,0.014441591761920003,0.5100004805946764,0.0018378592798779392
2010-06-28,0.013025749432320002,0.4600004334775512,0.0016576769975369648
2010-06-29,0.012459412500480002,0.44000041463070116,0.001585604084600575
2010-06-30,0.013025749432320002,0.4600004334775512,0.0016576769975369648
2010-07-01,0.010760401704960001,0.380000358090151,0.0013693853457914056
2010-07-02,0.010760401704960001,0.380000358090151,0.0013693853457914056
2010-07-03,0.011609907102720002,0.4100003863604261,0.0014774947151959903
2010-07-04,0.00877822244352,0.3100002921261758,0.0011171301505140414
2010-07-05,0.011893075568640001,0.42000039578385107,0.001513531171664185
2010-07-06,0.011326738636800003,0.4000003769370011,0.0014414582587277955
2010-07-07,0.0099108963072,0.3500003298198759,0.0012612759763868209
2010-07-08,0.011326738636800003,0.4000003769370011,0.0014414582587277955
2010-07-09,0.011609907102720002,0.4100003863604261,0.0014774947151959903
2010-07-10,0.010477233239040002,0.370000348666726,0.0013333488893232108
2010-07-11,0.010477233239040002,0.370000348666726,0.0013333488893232108
2010-07-12,0.011326738636800003,0.4000003769370011,0.0014414582587277955
2010-07-13,0.008495053977600002,0.3000002827027508,0.0010810936940458466
2010-07-14,0.008495053977600002,0.3000002827027508,0.0010810936940458466
2010-07-15,0.007928717045760002,0.28000026385590077,0.0010090207811094569
2010-07-16,0.007928717045760002,0.28000026385590077,0.0010090207811094569
2010-07-17,0.007928717045760002,0.28000026385590077,0.0010090207811094569
2010-07-18,0.00821188551168,0.29000027327932576,0.0010450572375776516
2010-07-19,0.00821188551168,0.29000027327932576,0.0010450572375776516
2010-07-20,0.007928717045760002,0.28000026385590077,0.0010090207811094569
2010-07-21,0.00821188551168,0.29000027327932576,0.0010450572375776516
2010-07-22,0.008495053977600002,0.3000002827027508,0.0010810936940458466
2010-07-23,0.008495053977600002,0.3000002827027508,0.0010810936940458466
2010-07-24,0.00877822244352,0.3100002921261758,0.0011171301505140414
2010-07-25,0.008495053977600002,0.3000002827027508,0.0010810936940458466
2010-07-26,0.00877822244352,0.3100002921261758,0.0011171301505140414
2010-07-27,0.00877822244352,0.3100002921261758,0.0011171301505140414
2010-07-28,0.00877822244352,0.3100002921261758,0.0011171301505140414
2010-07-29,0.008495053977600002,0.3000002827027508,0.0010810936940458466
2010-07-30,0.009627727841280001,0.3400003203964509,0.001225239519918626
2010-07-31,0.00877822244352,0.3100002921261758,0.0011171301505140414
2010-08-01,0.009627727841280001,0.3400003203964509,0.001225239519918626
2010-08-02,0.011609907102720002,0.4100003863604261,0.0014774947151959903
2010-08-03,0.009061390909440002,0.32000030154960085,0.0011531666069822363
2010-08-04,0.009344559375360002,0.3300003109730259,0.0011892030634504313
2010-08-05,0.010477233239040002,0.370000348666726,0.0013333488893232108
2010-08-06,0.009061390909440002,0.32000030154960085,0.0011531666069822363
2010-08-07,0.011609907102720002,0.4100003863604261,0.0014774947151959903
2010-08-08,0.018405950284800004,0.6500006125226268,0.0023423696704326677
2010-08-09,0.014158423296000002,0.5000004711712513,0.0018018228234097443
2010-08-10,0.013308917898240001,0.4700004429009762,0.0016937134540051595
2010-08-11,0.009344559375360002,0.3300003109730259,0.0011892030634504313
2010-08-12,0.007362380113920001,0.26000024500905067,0.000936947868173067
2010-08-13,0.007645548579840002,0.2700002544324757,0.0009729843246412621
2010-08-14,0.007362380113920001,0.26000024500905067,0.000936947868173067
2010-08-15,0.006796043182080001,0.24000022616220062,0.0008648749552366773
2010-08-16,0.007645548579840002,0.2700002544324757,0.0009729843246412621
2010-08-17,0.013592086364160002,0.48000045232440125,0.0017297499104733545
2010-08-18,0.01755644488704,0.6200005842523516,0.0022342603010280827
2010-08-19,0.6824360028672002,24.100022710454315,0.08684786008834969
2010-08-20,0.05351884005888,1.8900017810273297,0.006810890272488832
2010-08-21,0.018972287216640005,0.6700006313694769,0.0024144425833690576
2010-08-22,0.015857434091520003,0.5600005277118015,0.0020180415622189137
2010-08-23,0.016706939489280002,0.5900005559820766,0.0021261509316234982
2010-08-24,0.014158423296000002,0.5000004711712513,0.0018018228234097443
2010-08-25,0.013875254830080001,0.49000046174782624,0.0017657863669415493
2010-08-26,0.013875254830080001,0.49000046174782624,0.0017657863669415493
2010-08-27,0.014724760227840002,0.5200004900181013,0.001873895736346134
2010-08-28,0.013875254830080001,0.49000046174782624,0.0017657863669415493
2010-08-29,0.015007928693760003,0.5300004994415264,0.001909932192814329
2010-08-30,0.018122781818880003,0.6400006030992017,0.0023063332139644727
2010-08-31,0.014441591761920003,0.5100004805946764,0.0018378592798779392
2010-09-01,0.013308917898240001,0.4700004429009762,0.0016937134540051595
2010-09-02,0.013875254830080001,0.49000046174782624,0.0017657863669415493
2010-09-03,0.014441591761920003,0.5100004805946764,0.0018378592798779392
2010-09-04,0.013875254830080001,0.49000046174782624,0.0017657863669415493
2010-09-05,0.011893075568640001,0.42000039578385107,0.001513531171664185
2010-09-06,0.011609907102720002,0.4100003863604261,0.0014774947151959903
2010-09-07,0.012459412500480002,0.44000041463070116,0.001585604084600575
2010-09-08,0.01614060255744,0.5700005371352265,0.0020540780186871083
2010-09-09,0.015291097159680004,0.5400005088649514,0.0019459686492825242
2010-09-10,0.014158423296000002,0.5000004711712513,0.0018018228234097443
2010-09-11,0.014158423296000002,0.5000004711712513,0.0018018228234097443
2010-09-12,0.014158423296000002,0.5000004711712513,0.0018018228234097443
2010-09-13,0.014441591761920003,0.5100004805946764,0.0018378592798779392
2010-09-14,0.015291097159680004,0.5400005088649514,0.0019459686492825242
2010-09-15,0.011893075568640001,0.42000039578385107,0.001513531171664185
2010-09-16,0.014158423296000002,0.5000004711712513,0.0018018228234097443
2010-09-17,0.013025749432320002,0.4600004334775512,0.0016576769975369648
2010-09-18,0.013592086364160002,0.48000045232440125,0.0017297499104733545
2010-09-19,0.013592086364160002,0.48000045232440125,0.0017297499104733545
2010-09-20,0.013025749432320002,0.4600004334775512,0.0016576769975369648
2010-09-21,0.015007928693760003,0.5300004994415264,0.001909932192814329
2010-09-22,0.018972287216640005,0.6700006313694769,0.0024144425833690576
2010-09-23,0.022936645739520006,0.8100007632974272,0.002918952973923786
2010-09-24,0.01614060255744,0.5700005371352265,0.0020540780186871083
2010-09-25,0.016990107955200003,0.6000005654055016,0.002162187388091693
2010-09-26,0.014724760227840002,0.5200004900181013,0.001873895736346134
2010-09-27,0.015007928693760003,0.5300004994415264,0.001909932192814329
2010-09-28,0.014158423296000002,0.5000004711712513,0.0018018228234097443
2010-09-29,0.013308917898240001,0.4700004429009762,0.0016937134540051595
2010-09-30,0.014441591761920003,0.5100004805946764,0.0018378592798779392
2010-10-01,0.014724760227840002,0.5200004900181013,0.001873895736346134
2010-10-02,0.014724760227840002,0.5200004900181013,0.001873895736346134
2010-10-03,0.015574265625600004,0.5500005182883765,0.001982005105750719
2010-10-04,0.015574265625600004,0.5500005182883765,0.001982005105750719
2010-10-05,0.01642377102336,0.5800005465586515,0.0020901144751553032
2010-10-06,0.016706939489280002,0.5900005559820766,0.0021261509316234982
2010-10-07,0.021520803409920002,0.760000716180302,0.002738770691582811
2010-10-08,0.022370308807680005,0.7900007444505771,0.002846880060987396
2010-10-09,0.018122781818880003,0.6400006030992017,0.0023063332139644727
2010-10-10,0.0198217926144,0.7000006596397518,0.0025225519527736417
2010-10-11,0.018122781818880003,0.6400006030992017,0.0023063332139644727
2010-10-12,0.020671298012160003,0.7300006879100269,0.0026306613221782267
2010-10-13,0.01755644488704,0.6200005842523516,0.0022342603010280827
2010-10-14,0.0198217926144,0.7000006596397518,0.0025225519527736417
2010-10-15,0.020671298012160003,0.7300006879100269,0.0026306613221782267
2010-10-16,0.020954466478080004,0.740000697333452,0.0026666977786464216
2010-10-17,0.025768330398720004,0.9100008575316774,0.003279317538605734
2010-10-18,0.027467341194240002,0.9700009140722274,0.003495536277414904
2010-10-19,0.029166351989760007,1.0300009706127777,0.0037117550162240735
2010-10-20,0.025485161932800003,0.9000008481082523,0.0032432810821375396
2010-10-21,0.025201993466880006,0.8900008386848274,0.003207244625669345
2010-10-22,0.026901004262400004,0.9500008952253775,0.0034234633644785145
2010-10-23,0.030582194319360007,1.0800010177299029,0.0038919372985650484
2010-10-24,0.03681190056960001,1.3000012250452535,0.004684739340865335
2010-10-25,0.03143169971712001,1.1100010460001781,0.004000046667969633
2010-10-26,0.011326738636800003,0.4000003769370011,0.0014414582587277955
2010-10-27,0.011043570170880002,0.39000036751357603,0.0014054218022596006
2010-10-28,0.008495053977600002,0.3000002827027508,0.0010810936940458466
2010-10-29,0.020388129546240003,0.7200006784866019,0.0025946248657100317
2010-10-30,0.022087140341760004,0.7800007350271521,0.002810843604519201
2010-10-31,0.031998036648960004,1.130001064847028,0.004072119580906022
2010-11-01,0.031998036648960004,1.130001064847028,0.004072119580906022
2010-11-02,0.028033678126080003,0.9900009329190775,0.003567609190351294
2010-11-03,0.026051498864640005,0.9200008669551024,0.0033153539950739296
2010-11-04,0.022087140341760004,0.7800007350271521,0.002810843604519201
2010-11-05,0.022370308807680005,0.7900007444505771,0.002846880060987396
2010-11-06,0.024069319603200003,0.8500008009911272,0.003063098799796565
2010-11-07,0.025768330398720004,0.9100008575316774,0.003279317538605734
2010-11-08,0.025768330398720004,0.9100008575316774,0.003279317538605734
2010-11-09,0.03652873210368,1.2900012156218283,0.00464870288439714
2010-11-10,0.027467341194240002,0.9700009140722274,0.003495536277414904
2010-11-11,0.025201993466880006,0.8900008386848274,0.003207244625669345
2010-11-12,0.025201993466880006,0.8900008386848274,0.003207244625669345
2010-11-13,0.027750509660160003,0.9800009234956525,0.0035315727338830986
2010-11-14,0.028316846592000004,1.0000009423425027,0.0036036456468194885
2010-11-15,0.0325643735808,1.1500010836938779,0.004144192493842411
2010-11-16,0.030865362785280008,1.090001027153328,0.003927973755033243
2010-11-17,0.030865362785280008,1.090001027153328,0.003927973755033243
2010-11-18,0.028600015057920005,1.0100009517659276,0.0036396821032876835
2010-11-19,0.028316846592000004,1.0000009423425027,0.0036036456468194885
2010-11-20,0.030299025853440006,1.070001008306478,0.003855900842096853
2010-11-21,0.03143169971712001,1.1100010460001781,0.004000046667969633
2010-11-22,0.03143169971712001,1.1100010460001781,0.004000046667969633
2010-11-23,0.027467341194240002,0.9700009140722274,0.003495536277414904
2010-11-24,0.026901004262400004,0.9500008952253775,0.0034234633644785145
2010-11-25,0.01727327642112,0.6100005748289266,0.0021982238445598878
2010-11-26,0.018405950284800004,0.6500006125226268,0.0023423696704326677
2010-11-27,0.020671298012160003,0.7300006879100269,0.0026306613221782267
2010-11-28,0.025485161932800003,0.9000008481082523,0.0032432810821375396
2010-11-29,0.027467341194240002,0.9700009140722274,0.003495536277414904
2010-11-30,0.023219814205440004,0.8200007727208521,0.0029549894303919806
2010-12-01,0.027184172728320005,0.9600009046488025,0.003459499820946709
2010-12-02,0.027467341194240002,0.9700009140722274,0.003495536277414904
2010-12-03,0.028883183523840006,1.0200009611893528,0.0036757185597558785
2010-12-04,0.029732688921600005,1.0500009894596278,0.0037838279291604626
2010-12-05,0.029166351989760007,1.0300009706127777,0.0037117550162240735
2010-12-06,0.028600015057920005,1.0100009517659276,0.0036396821032876835
2010-12-07,0.028600015057920005,1.0100009517659276,0.0036396821032876835
2010-12-08,0.029166351989760007,1.0300009706127777,0.0037117550162240735
2010-12-09,0.030015857387520006,1.0600009988830528,0.003819864385628658
2010-12-10,0.030582194319360007,1.0800010177299029,0.0038919372985650484
2010-12-11,0.030299025853440006,1.070001008306478,0.003855900842096853
2010-12-12,0.029732688921600005,1.0500009894596278,0.0037838279291604626
2010-12-13,0.029732688921600005,1.0500009894596278,0.0037838279291604626
2010-12-14,0.03143169971712001,1.1100010460001781,0.004000046667969633
2010-12-15,0.03284754204672,1.160001093117303,0.0041802289503106065
2010-12-16,0.029449520455680004,1.0400009800362027,0.003747791472692268
2010-12-17,0.027750509660160003,0.9800009234956525,0.0035315727338830986
2010-12-18,0.030865362785280008,1.090001027153328,0.003927973755033243
2010-12-19,0.034263384376320004,1.2100011402344282,0.004360411232651581
2010-12-20,0.044457449149440005,1.570001479477729,0.005657723665506597
2010-12-21,0.03454655284224,1.2200011496578531,0.0043964476891197755
2010-12-22,0.035679226705920004,1.2600011873515533,0.004540593514992555
2010-12-23,0.04530695454720001,1.6000015077480043,0.005765833034911182
2010-12-24,0.043607943751680006,1.540001451207454,0.005549614296102012
2010-12-25,0.03652873210368,1.2900012156218283,0.00464870288439714
2010-12-26,0.033980215910400006,1.2000011308110032,0.004324374776183386
2010-12-27,0.034263384376320004,1.2100011402344282,0.004360411232651581
2010-12-28,0.03313071051264,1.170001102540728,0.004216265406778801
2010-12-29,0.0325643735808,1.1500010836938779,0.004144192493842411
2010-12-30,0.030299025853440006,1.070001008306478,0.003855900842096853
2010-12-31,0.014158423296000002,0.5000004711712513,0.0018018228234097443
2011-01-01,0.014724760227840002,0.5200004900181013,0.001873895736346134
2011-01-02,0.013875254830080001,0.49000046174782624,0.0017657863669415493
2011-01-03,0.013592086364160002,0.48000045232440125,0.0017297499104733545
2011-01-04,0.013592086364160002,0.48000045232440125,0.0017297499104733545
2011-01-05,0.013592086364160002,0.48000045232440125,0.0017297499104733545
2011-01-06,0.014441591761920003,0.5100004805946764,0.0018378592798779392
2011-01-07,0.014441591761920003,0.5100004805946764,0.0018378592798779392
2011-01-08,0.013875254830080001,0.49000046174782624,0.0017657863669415493
2011-01-09,0.014158423296000002,0.5000004711712513,0.0018018228234097443
2011-01-10,0.013025749432320002,0.4600004334775512,0.0016576769975369648
2011-01-11,0.012176244034560002,0.4300004052072761,0.00154956762813238
2011-01-12,0.013025749432320002,0.4600004334775512,0.0016576769975369648
2011-01-13,0.013308917898240001,0.4700004429009762,0.0016937134540051595
2011-01-14,0.014158423296000002,0.5000004711712513,0.0018018228234097443
2011-01-15,0.014441591761920003,0.5100004805946764,0.0018378592798779392
2011-01-16,0.015574265625600004,0.5500005182883765,0.001982005105750719
2011-01-17,0.018405950284800004,0.6500006125226268,0.0023423696704326677
2011-01-18,0.020671298012160003,0.7300006879100269,0.0026306613221782267
2011-01-19,0.022087140341760004,0.7800007350271521,0.002810843604519201
2011-01-20,0.020954466478080004,0.740000697333452,0.0026666977786464216
2011-01-21,0.020388129546240003,0.7200006784866019,0.0025946248657100317
2011-01-22,0.021803971875840003,0.770000725603727,0.002774807148051006
2011-01-23,0.022370308807680005,0.7900007444505771,0.002846880060987396
2011-01-24,0.02350298267136,0.8300007821442771,0.002991025886860175
2011-01-25,0.023219814205440004,0.8200007727208521,0.0029549894303919806
2011-01-26,0.02350298267136,0.8300007821442771,0.002991025886860175
2011-01-27,0.024635656535040004,0.8700008198379773,0.0031351717127329547
2011-01-28,0.024352488069120003,0.8600008104145522,0.00309913525626476
2011-01-29,0.024352488069120003,0.8600008104145522,0.00309913525626476
2011-01-30,0.024635656535040004,0.8700008198379773,0.0031351717127329547
2011-01-31,0.025485161932800003,0.9000008481082523,0.0032432810821375396
2011-02-01,0.024352488069120003,0.8600008104145522,0.00309913525626476
2011-02-02,0.024918825000960005,0.8800008292614023,0.00317120816920115
2011-02-03,0.024918825000960005,0.8800008292614023,0.00317120816920115
2011-02-04,0.024635656535040004,0.8700008198379773,0.0031351717127329547
2011-02-05,0.024352488069120003,0.8600008104145522,0.00309913525626476
2011-02-06,0.024918825000960005,0.8800008292614023,0.00317120816920115
2011-02-07,0.024918825000960005,0.8800008292614023,0.00317120816920115
2011-02-08,0.025201993466880006,0.8900008386848274,0.003207244625669345
2011-02-09,0.025201993466880006,0.8900008386848274,0.003207244625669345
2011-02-10,0.025201993466880006,0.8900008386848274,0.003207244625669345
2011-02-11,0.024918825000960005,0.8800008292614023,0.00317120816920115
2011-02-12,0.024918825000960005,0.8800008292614023,0.00317120816920115
2011-02-13,0.024918825000960005,0.8800008292614023,0.00317120816920115
2011-02-14,0.025201993466880006,0.8900008386848274,0.003207244625669345
2011-02-15,0.025768330398720004,0.9100008575316774,0.003279317538605734
2011-02-16,0.026334667330560006,0.9300008763785275,0.0033513904515421245
2011-02-17,0.026334667330560006,0.9300008763785275,0.0033513904515421245
2011-02-18,0.025768330398720004,0.9100008575316774,0.003279317538605734
2011-02-19,0.030865362785280008,1.090001027153328,0.003927973755033243
2011-02-20,0.027467341194240002,0.9700009140722274,0.003495536277414904
2011-02-21,0.024635656535040004,0.8700008198379773,0.0031351717127329547
2011-02-22,0.025201993466880006,0.8900008386848274,0.003207244625669345
2011-02-23,0.027750509660160003,0.9800009234956525,0.0035315727338830986
2011-02-24,0.027750509660160003,0.9800009234956525,0.0035315727338830986
2011-02-25,0.027750509660160003,0.9800009234956525,0.0035315727338830986
2011-02-26,0.029732688921600005,1.0500009894596278,0.0037838279291604626
2011-02-27,0.03114853125120001,1.100001036576753,0.003964010211501438
2011-02-28,0.03596239517184001,1.2700011967749785,0.004576629971460751
2011-03-01,0.048988144604160004,1.7300016302525294,0.006234306968997714
2011-03-02,0.09231291988992,3.2600030720365583,0.011747884808631532
2011-03-03,0.2081288224512,7.350006926217394,0.02648679550412324
2011-03-04,0.09939213153792001,3.510003307622184,0.012648796220336406
2011-03-05,0.09202975142400001,3.2500030626131333,0.011711848352163337
2011-03-06,0.09004757216256001,3.1800029966491583,0.011459593156885974
2011-03-07,0.16735256335872004,5.91000556924419,0.02129754577270318
2011-03-08,0.23078229972480005,8.150007680091397,0.02936971202157883
2011-03-09,0.11779808182272002,4.160003920144811,0.014991165890769072
2011-03-10,0.17811296506368002,6.290005927334341,0.02266693111849458
2011-03-11,0.19538624148480005,6.900006502163269,0.024865154963054473
2011-03-12,0.12119610341376003,4.280004033225912,0.015423603368387412
2011-03-13,0.09939213153792001,3.510003307622184,0.012648796220336406
2011-03-14,0.0750396434688,2.6500024972076317,0.009549660964071643
2011-03-15,0.06371290483200001,2.250002120270631,0.00810820270534385
2011-03-16,0.0608812201728,2.1500020260363804,0.0077478381406619
2011-03-17,0.07079211648000001,2.5000023558562567,0.009009114117048722
2011-03-18,0.06626142102528,2.340002205081456,0.008432530813557602
2011-03-19,0.06229706250240002,2.200002073153506,0.007928020423002877
2011-03-20,0.0580495355136,2.05000193180213,0.0073874735759799515
2011-03-21,0.05720003011584001,2.0200019035318553,0.007279364206575367
2011-03-22,0.05606735625216001,1.980001865838155,0.007135218380702588
2011-03-23,0.05125349233152001,1.8100017056399298,0.006522598620743275
2011-03-24,0.05351884005888,1.8900017810273297,0.006810890272488832
2011-03-25,0.05436834545664001,1.920001809297605,0.006918999641893418
2011-03-26,0.05720003011584001,2.0200019035318553,0.007279364206575367
2011-03-27,0.055501019320320005,1.960001846991305,0.007063145467766197
2011-03-28,0.05635052471808001,1.9900018752615802,0.007171254837170783
2011-03-29,0.049554481536000006,1.7500016490993795,0.006306379881934105
2011-03-30,0.05181982926336001,1.83000172448678,0.006594671533679665
2011-03-31,0.05125349233152001,1.8100017056399298,0.006522598620743275
2011-04-01,0.04785547074048001,1.6900015925588294,0.006090161143124936
2011-04-02,0.046722796876800005,1.6500015548651292,0.005946015317252156
2011-04-03,0.054934682388480004,1.9400018281444549,0.006991072554829808
2011-04-04,0.05436834545664001,1.920001809297605,0.006918999641893418
2011-04-05,0.05380200852480001,1.900001790450755,0.006846926728957029
2011-04-06,0.053235671592960006,1.8800017716039048,0.006774853816020638
2011-04-07,0.05068715539968001,1.7900016867930797,0.0064505257078068855
2011-04-08,0.047289133808640006,1.6700015737119793,0.006018088230188546
2011-04-09,0.04927131307008001,1.7400016396759546,0.006270343425465909
2011-04-10,0.049554481536000006,1.7500016490993795,0.006306379881934105
2011-04-11,0.046722796876800005,1.6500015548651292,0.005946015317252156
2011-04-12,0.046722796876800005,1.6500015548651292,0.005946015317252156
2011-04-13,0.04785547074048001,1.6900015925588294,0.006090161143124936
2011-04-14,0.052386166195200014,1.85000174333363,0.0066667444466160545
2011-04-15,0.04615645994496,1.6300015360182791,0.005873942404315766
2011-04-16,0.04700596534272,1.6600015642885542,0.00598205177372035
2011-04-17,0.047572302274560004,1.6800015831354043,0.00605412468665674
2011-04-18,0.05210299772928001,1.8400017339102048,0.006630707990147859
2011-04-19,0.0651287471616,2.3000021673877558,0.008288384987684822
2011-04-20,0.05181982926336001,1.83000172448678,0.006594671533679665
2011-04-21,0.0722079588096,2.5500024029733814,0.009189296399389695
2011-04-22,0.06258023096832001,2.210002082576931,0.00796405687947107
2011-04-23,0.054934682388480004,1.9400018281444549,0.006991072554829808
2011-04-24,0.059182209377280005,2.0900019694958303,0.00753161940185273
2011-04-25,0.06031488324096001,2.1300020071895305,0.0076757652277255105
2011-04-26,0.062013894036480006,2.1900020637300806,0.00789198396653468
2011-04-27,0.05946537784320001,2.1000019789192557,0.007567655858320925
2011-04-28,0.05295250312704001,1.8700017621804799,0.0067388173595524445
2011-04-29,0.05521785085440001,1.95000183756788,0.0070271090112980035
2011-04-30,0.053235671592960006,1.8800017716039048,0.006774853816020638
2011-05-01,0.05210299772928001,1.8400017339102048,0.006630707990147859
2011-05-02,0.05266933466112001,1.860001752757055,0.006702780903084249
2011-05-03,0.05125349233152001,1.8100017056399298,0.006522598620743275
2011-05-04,0.053235671592960006,1.8800017716039048,0.006774853816020638
2011-05-05,0.04983765000192001,1.7600016585228047,0.0063424163384023
2011-05-06,0.04927131307008001,1.7400016396759546,0.006270343425465909
2011-05-07,0.048988144604160004,1.7300016302525294,0.006234306968997714
2011-05-08,0.04700596534272,1.6600015642885542,0.00598205177372035
2011-05-09,0.05125349233152001,1.8100017056399298,0.006522598620743275
2011-05-10,0.0580495355136,2.05000193180213,0.0073874735759799515
2011-05-11,0.055501019320320005,1.960001846991305,0.007063145467766197
2011-05-12,0.054651513922560006,1.93000181872103,0.006955036098361613
2011-05-13,0.05012081846784001,1.7700016679462296,0.006378452794870495
2011-05-14,0.048988144604160004,1.7300016302525294,0.006234306968997714
2011-05-15,0.048988144604160004,1.7300016302525294,0.006234306968997714
2011-05-16,0.047572302274560004,1.6800015831354043,0.00605412468665674
2011-05-17,0.05153666079744001,1.8200017150633547,0.006558635077211468
2011-05-18,0.054085176990720005,1.9100017998741798,0.006882963185425223
2011-05-19,0.05776636704768001,2.0400019223787056,0.007351437119511757
2011-05-20,0.06994261108224002,2.470002327585982,0.008901004747644138
2011-05-21,0.0608812201728,2.1500020260363804,0.0077478381406619
2011-05-22,0.05012081846784001,1.7700016679462296,0.006378452794870495
2011-05-23,0.05266933466112001,1.860001752757055,0.006702780903084249
2011-05-24,0.054934682388480004,1.9400018281444549,0.006991072554829808
2011-05-25,0.04927131307008001,1.7400016396759546,0.006270343425465909
2011-05-26,0.04615645994496,1.6300015360182791,0.005873942404315766
2011-05-27,0.04587329147904001,1.6200015265948544,0.005837905947847572
2011-05-28,0.046722796876800005,1.6500015548651292,0.005946015317252156
2011-05-29,0.043607943751680006,1.540001451207454,0.005549614296102012
2011-05-30,0.04389111221760001,1.5500014606308792,0.005585650752570208
2011-05-31,0.04502378608128001,1.5900014983245792,0.005729796578442987
2011-06-01,0.04190893295616001,1.480001394666904,0.005333395557292843
2011-06-02,0.041625764490240004,1.4700013852434788,0.005297359100824648
2011-06-03,0.03907724829696,1.3800013004326535,0.0049730309926108935
2011-06-04,0.038510911365120006,1.3600012815858036,0.004900958079674504
2011-06-05,0.03766140596736001,1.3300012533155285,0.00479284871026992
2011-06-06,0.03539605824000001,1.2500011779281284,0.004504557058524361
2011-06-07,0.03369704744448,1.190001121387578,0.004288338319715191
2011-06-08,0.034829721308160005,1.2300011590812783,0.004432484145587971
2011-06-09,0.03454655284224,1.2200011496578531,0.0043964476891197755
2011-06-10,0.03369704744448,1.190001121387578,0.004288338319715191
2011-06-11,0.03228120511488,1.140001074270453,0.0041081560373742165
2011-06-12,0.03114853125120001,1.100001036576753,0.003964010211501438
2011-06-13,0.030582194319360007,1.0800010177299029,0.0038919372985650484
2011-06-14,0.030582194319360007,1.0800010177299029,0.0038919372985650484
2011-06-15,0.030299025853440006,1.070001008306478,0.003855900842096853
2011-06-16,0.0325643735808,1.1500010836938779,0.004144192493842411
2011-06-17,0.03284754204672,1.160001093117303,0.0041802289503106065
2011-06-18,0.03228120511488,1.140001074270453,0.0041081560373742165
2011-06-19,0.03284754204672,1.160001093117303,0.0041802289503106065
2011-06-20,0.037095069035520005,1.3100012344686784,0.00472077579733353
2011-06-21,0.03539605824000001,1.2500011779281284,0.004504557058524361
2011-06-22,0.03114853125120001,1.100001036576753,0.003964010211501438
2011-06-23,0.028883183523840006,1.0200009611893528,0.0036757185597558785
2011-06-24,0.026617835796480003,0.9400008858019524,0.003387426908010319
2011-06-25,0.024069319603200003,0.8500008009911272,0.003063098799796565
2011-06-26,0.02350298267136,0.8300007821442771,0.002991025886860175
2011-06-27,0.022936645739520006,0.8100007632974272,0.002918952973923786
2011-06-28,0.021520803409920002,0.760000716180302,0.002738770691582811
2011-06-29,0.020954466478080004,0.740000697333452,0.0026666977786464216
2011-06-30,0.026334667330560006,0.9300008763785275,0.0033513904515421245
2011-07-01,0.028316846592000004,1.0000009423425027,0.0036036456468194885
2011-07-02,0.025201993466880006,0.8900008386848274,0.003207244625669345
2011-07-03,0.023219814205440004,0.8200007727208521,0.0029549894303919806
2011-07-04,0.022653477273600005,0.8000007538740022,0.002882916517455591
2011-07-05,0.02350298267136,0.8300007821442771,0.002991025886860175
2011-07-06,0.025201993466880006,0.8900008386848274,0.003207244625669345
2011-07-07,0.02350298267136,0.8300007821442771,0.002991025886860175
2011-07-08,0.027184172728320005,0.9600009046488025,0.003459499820946709
2011-07-09,0.02350298267136,0.8300007821442771,0.002991025886860175
2011-07-10,0.021237634944,0.7500007067568769,0.002702734235114616
2011-07-11,0.021803971875840003,0.770000725603727,0.002774807148051006
2011-07-12,0.27552291734016005,9.73000916899255,0.035063472143553626
2011-07-13,0.06852676875264001,2.4200022804688563,0.008720822465303162
2011-07-14,0.03822774289920001,1.3500012721623786,0.00486492162320631
2011-07-15,0.031998036648960004,1.130001064847028,0.004072119580906022
2011-07-16,0.029166351989760007,1.0300009706127777,0.0037117550162240735
2011-07-17,0.030299025853440006,1.070001008306478,0.003855900842096853
2011-07-18,0.09457826761728001,3.3400031474239587,0.012036176460377091
2011-07-19,0.043041606819840005,1.520001432360604,0.005477541383165622
2011-07-20,0.03794457443328001,1.3400012627389537,0.004828885166738115
2011-07-21,0.03171486818304001,1.120001055423603,0.0040360831244378274
2011-07-22,0.027184172728320005,0.9600009046488025,0.003459499820946709
2011-07-23,0.024918825000960005,0.8800008292614023,0.00317120816920115
2011-07-24,0.024352488069120003,0.8600008104145522,0.00309913525626476
2011-07-25,0.022653477273600005,0.8000007538740022,0.002882916517455591
2011-07-26,0.024069319603200003,0.8500008009911272,0.003063098799796565
2011-07-27,0.026334667330560006,0.9300008763785275,0.0033513904515421245
2011-07-28,0.024352488069120003,0.8600008104145522,0.00309913525626476
2011-07-29,0.023219814205440004,0.8200007727208521,0.0029549894303919806
2011-07-30,0.022087140341760004,0.7800007350271521,0.002810843604519201
2011-07-31,0.022653477273600005,0.8000007538740022,0.002882916517455591
2011-08-01,0.028316846592000004,1.0000009423425027,0.0036036456468194885
2011-08-02,0.027467341194240002,0.9700009140722274,0.003495536277414904
2011-08-03,0.025768330398720004,0.9100008575316774,0.003279317538605734
2011-08-04,0.026901004262400004,0.9500008952253775,0.0034234633644785145
2011-08-05,0.025768330398720004,0.9100008575316774,0.003279317538605734
2011-08-06,0.024635656535040004,0.8700008198379773,0.0031351717127329547
2011-08-07,0.022370308807680005,0.7900007444505771,0.002846880060987396
2011-08-08,0.021237634944,0.7500007067568769,0.002702734235114616
2011-08-09,0.0198217926144,0.7000006596397518,0.0025225519527736417
2011-08-10,0.019255455682560003,0.6800006407929018,0.002450479039837252
2011-08-11,0.018972287216640005,0.6700006313694769,0.0024144425833690576
2011-08-12,0.018689118750720005,0.6600006219460518,0.0023784061269008627
2011-08-13,0.018689118750720005,0.6600006219460518,0.0023784061269008627
2011-08-14,0.024069319603200003,0.8500008009911272,0.003063098799796565
2011-08-15,0.023219814205440004,0.8200007727208521,0.0029549894303919806
2011-08-16,0.022370308807680005,0.7900007444505771,0.002846880060987396
2011-08-17,0.020671298012160003,0.7300006879100269,0.0026306613221782267
2011-08-18,0.020388129546240003,0.7200006784866019,0.0025946248657100317
2011-08-19,0.020388129546240003,0.7200006784866019,0.0025946248657100317
2011-08-20,0.021803971875840003,0.770000725603727,0.002774807148051006
2011-08-21,0.021803971875840003,0.770000725603727,0.002774807148051006
2011-08-22,0.021237634944,0.7500007067568769,0.002702734235114616
2011-08-23,0.020671298012160003,0.7300006879100269,0.0026306613221782267
2011-08-24,0.020388129546240003,0.7200006784866019,0.0025946248657100317
2011-08-25,0.02350298267136,0.8300007821442771,0.002991025886860175
2011-08-26,0.0198217926144,0.7000006596397518,0.0025225519527736417
2011-08-27,0.024918825000960005,0.8800008292614023,0.00317120816920115
2011-08-28,0.024635656535040004,0.8700008198379773,0.0031351717127329547
2011-08-29,0.026051498864640005,0.9200008669551024,0.0033153539950739296
2011-08-30,0.025485161932800003,0.9000008481082523,0.0032432810821375396
2011-08-31,0.029449520455680004,1.0400009800362027,0.003747791472692268
2011-09-01,0.029449520455680004,1.0400009800362027,0.003747791472692268
2011-09-02,0.026901004262400004,0.9500008952253775,0.0034234633644785145
2011-09-03,0.021803971875840003,0.770000725603727,0.002774807148051006
2011-09-04,0.023219814205440004,0.8200007727208521,0.0029549894303919806
2011-09-05,0.024352488069120003,0.8600008104145522,0.00309913525626476
2011-09-06,0.026051498864640005,0.9200008669551024,0.0033153539950739296
2011-09-07,0.042192101422080006,1.4900014040903289,0.005369432013761038
2011-09-08,0.029732688921600005,1.0500009894596278,0.0037838279291604626
2011-09-09,0.029166351989760007,1.0300009706127777,0.0037117550162240735
2011-09-10,0.027750509660160003,0.9800009234956525,0.0035315727338830986
2011-09-11,0.028883183523840006,1.0200009611893528,0.0036757185597558785
2011-09-12,0.030015857387520006,1.0600009988830528,0.003819864385628658
2011-09-13,0.03596239517184001,1.2700011967749785,0.004576629971460751
2011-09-14,0.03114853125120001,1.100001036576753,0.003964010211501438
2011-09-15,0.030865362785280008,1.090001027153328,0.003927973755033243
2011-09-16,0.030299025853440006,1.070001008306478,0.003855900842096853
2011-09-17,0.03228120511488,1.140001074270453,0.0041081560373742165
2011-09-18,0.031998036648960004,1.130001064847028,0.004072119580906022
2011-09-19,0.030299025853440006,1.070001008306478,0.003855900842096853
2011-09-20,0.028033678126080003,0.9900009329190775,0.003567609190351294
2011-09-21,0.03171486818304001,1.120001055423603,0.0040360831244378274
2011-09-22,0.028033678126080003,0.9900009329190775,0.003567609190351294
2011-09-23,0.028600015057920005,1.0100009517659276,0.0036396821032876835
2011-09-24,0.029166351989760007,1.0300009706127777,0.0037117550162240735
2011-09-25,0.028883183523840006,1.0200009611893528,0.0036757185597558785
2011-09-26,0.028600015057920005,1.0100009517659276,0.0036396821032876835
2011-09-27,0.030582194319360007,1.0800010177299029,0.0038919372985650484
2011-09-28,0.03171486818304001,1.120001055423603,0.0040360831244378274
2011-09-29,0.029166351989760007,1.0300009706127777,0.0037117550162240735
2011-09-30,0.03171486818304001,1.120001055423603,0.0040360831244378274
2011-10-01,0.03171486818304001,1.120001055423603,0.0040360831244378274
2011-10-02,0.03284754204672,1.160001093117303,0.0041802289503106065
2011-10-03,0.03313071051264,1.170001102540728,0.004216265406778801
2011-10-04,0.03369704744448,1.190001121387578,0.004288338319715191
2011-10-05,0.034263384376320004,1.2100011402344282,0.004360411232651581
2011-10-06,0.0396435852288,1.4000013192795036,0.005045103905547283
2011-10-07,0.03681190056960001,1.3000012250452535,0.004684739340865335
2011-10-08,0.03511288977408,1.2400011685047032,0.0044685206020561655
2011-10-09,0.03511288977408,1.2400011685047032,0.0044685206020561655
2011-10-10,0.03539605824000001,1.2500011779281284,0.004504557058524361
2011-10-11,0.03652873210368,1.2900012156218283,0.00464870288439714
2011-10-12,0.03454655284224,1.2200011496578531,0.0043964476891197755
2011-10-13,0.03681190056960001,1.3000012250452535,0.004684739340865335
2011-10-14,0.03539605824000001,1.2500011779281284,0.004504557058524361
2011-10-15,0.035679226705920004,1.2600011873515533,0.004540593514992555
2011-10-16,0.03539605824000001,1.2500011779281284,0.004504557058524361
2011-10-17,0.03596239517184001,1.2700011967749785,0.004576629971460751
2011-10-18,0.037095069035520005,1.3100012344686784,0.00472077579733353
2011-10-19,0.037095069035520005,1.3100012344686784,0.00472077579733353
2011-10-20,0.03822774289920001,1.3500012721623786,0.00486492162320631
2011-10-21,0.038510911365120006,1.3600012815858036,0.004900958079674504
2011-10-22,0.03596239517184001,1.2700011967749785,0.004576629971460751
2011-10-23,0.04020992216064,1.4200013381263537,0.005117176818483673
2011-10-24,0.04049309062656001,1.4300013475497788,0.005153213274951869
2011-10-25,0.03907724829696,1.3800013004326535,0.0049730309926108935
2011-10-26,0.06541191562752001,2.310002176811181,0.008324421444153018
2011-10-27,0.046722796876800005,1.6500015548651292,0.005946015317252156
2011-10-28,0.04190893295616001,1.480001394666904,0.005333395557292843
2011-10-29,0.043607943751680006,1.540001451207454,0.005549614296102012
2011-10-30,0.042192101422080006,1.4900014040903289,0.005369432013761038
2011-10-31,0.04332477528576001,1.530001441784029,0.005513577839633818
2011-11-01,0.04530695454720001,1.6000015077480043,0.005765833034911182
2011-11-02,0.048138639206400005,1.7000016019822544,0.00612619759959313
2011-11-03,0.043041606819840005,1.520001432360604,0.005477541383165622
2011-11-04,0.043607943751680006,1.540001451207454,0.005549614296102012
2011-11-05,0.054934682388480004,1.9400018281444549,0.006991072554829808
2011-11-06,0.04842180767232001,1.7100016114056795,0.006162234056061326
2011-11-07,0.04559012301312001,1.6100015171714293,0.005801869491379377
2011-11-08,0.04389111221760001,1.5500014606308792,0.005585650752570208
2011-11-09,0.04559012301312001,1.6100015171714293,0.005801869491379377
2011-11-10,0.049554481536000006,1.7500016490993795,0.006306379881934105
2011-11-11,0.04615645994496,1.6300015360182791,0.005873942404315766
2011-11-12,0.04842180767232001,1.7100016114056795,0.006162234056061326
2011-11-13,0.04842180767232001,1.7100016114056795,0.006162234056061326
2011-11-14,0.04643962841088001,1.6400015454417043,0.005909978860783961
2011-11-15,0.044457449149440005,1.570001479477729,0.005657723665506597
2011-11-16,0.04417428068352001,1.5600014700543041,0.005621687209038402
2011-11-17,0.04615645994496,1.6300015360182791,0.005873942404315766
2011-11-18,0.048988144604160004,1.7300016302525294,0.006234306968997714
2011-11-19,0.050970323865600006,1.8000016962165046,0.006486562164275079
2011-11-20,0.04587329147904001,1.6200015265948544,0.005837905947847572
2011-11-21,0.049554481536000006,1.7500016490993795,0.006306379881934105
2011-11-22,0.04785547074048001,1.6900015925588294,0.006090161143124936
2011-11-23,0.04643962841088001,1.6400015454417043,0.005909978860783961
2011-11-24,0.047572302274560004,1.6800015831354043,0.00605412468665674
2011-11-25,0.044457449149440005,1.570001479477729,0.005657723665506597
2011-11-26,0.03228120511488,1.140001074270453,0.0041081560373742165
2011-11-27,0.038510911365120006,1.3600012815858036,0.004900958079674504
2011-11-28,0.04587329147904001,1.6200015265948544,0.005837905947847572
2011-11-29,0.04587329147904001,1.6200015265948544,0.005837905947847572
2011-11-30,0.041625764490240004,1.4700013852434788,0.005297359100824648
2011-12-01,0.03681190056960001,1.3000012250452535,0.004684739340865335
2011-12-02,0.03454655284224,1.2200011496578531,0.0043964476891197755
2011-12-03,0.0396435852288,1.4000013192795036,0.005045103905547283
2011-12-04,0.03596239517184001,1.2700011967749785,0.004576629971460751
2011-12-05,0.028316846592000004,1.0000009423425027,0.0036036456468194885
2011-12-06,0.03454655284224,1.2200011496578531,0.0043964476891197755
2011-12-07,0.03313071051264,1.170001102540728,0.004216265406778801
2011-12-08,0.03313071051264,1.170001102540728,0.004216265406778801
2011-12-09,0.034263384376320004,1.2100011402344282,0.004360411232651581
2011-12-10,0.03539605824000001,1.2500011779281284,0.004504557058524361
2011-12-11,0.03511288977408,1.2400011685047032,0.0044685206020561655
2011-12-12,0.03511288977408,1.2400011685047032,0.0044685206020561655
2011-12-13,0.034829721308160005,1.2300011590812783,0.004432484145587971
2011-12-14,0.03454655284224,1.2200011496578531,0.0043964476891197755
2011-12-15,0.03284754204672,1.160001093117303,0.0041802289503106065
2011-12-16,0.03454655284224,1.2200011496578531,0.0043964476891197755
2011-12-17,0.03454655284224,1.2200011496578531,0.0043964476891197755
2011-12-18,0.031998036648960004,1.130001064847028,0.004072119580906022
2011-12-19,0.03511288977408,1.2400011685047032,0.0044685206020561655
2011-12-20,0.034829721308160005,1.2300011590812783,0.004432484145587971
2011-12-21,0.034829721308160005,1.2300011590812783,0.004432484145587971
2011-12-22,0.03596239517184001,1.2700011967749785,0.004576629971460751
2011-12-23,0.03228120511488,1.140001074270453,0.0041081560373742165
2011-12-24,0.03284754204672,1.160001093117303,0.0041802289503106065
2011-12-25,0.033980215910400006,1.2000011308110032,0.004324374776183386
2011-12-26,0.035679226705920004,1.2600011873515533,0.004540593514992555
2011-12-27,0.035679226705920004,1.2600011873515533,0.004540593514992555
2011-12-28,0.035679226705920004,1.2600011873515533,0.004540593514992555
2011-12-29,0.03652873210368,1.2900012156218283,0.00464870288439714
2011-12-30,0.036245563637760006,1.2800012061984034,0.004612666427928945
2011-12-31,0.034829721308160005,1.2300011590812783,0.004432484145587971
2012-01-01,0.029449520455680004,1.0400009800362027,0.003747791472692268
2012-01-02,0.026617835796480003,0.9400008858019524,0.003387426908010319
2012-01-03,0.029166351989760007,1.0300009706127777,0.0037117550162240735
2012-01-04,0.030015857387520006,1.0600009988830528,0.003819864385628658
2012-01-05,0.029732688921600005,1.0500009894596278,0.0037838279291604626
2012-01-06,0.031998036648960004,1.130001064847028,0.004072119580906022
2012-01-07,0.0325643735808,1.1500010836938779,0.004144192493842411
2012-01-08,0.027750509660160003,0.9800009234956525,0.0035315727338830986
2012-01-09,0.029166351989760007,1.0300009706127777,0.0037117550162240735
2012-01-10,0.029449520455680004,1.0400009800362027,0.003747791472692268
2012-01-11,0.030865362785280008,1.090001027153328,0.003927973755033243
2012-01-12,0.027750509660160003,0.9800009234956525,0.0035315727338830986
2012-01-13,0.026901004262400004,0.9500008952253775,0.0034234633644785145
2012-01-14,0.026901004262400004,0.9500008952253775,0.0034234633644785145
2012-01-15,0.026901004262400004,0.9500008952253775,0.0034234633644785145
2012-01-16,0.028033678126080003,0.9900009329190775,0.003567609190351294
2012-01-17,0.028600015057920005,1.0100009517659276,0.0036396821032876835
2012-01-18,0.029449520455680004,1.0400009800362027,0.003747791472692268
2012-01-19,0.029449520455680004,1.0400009800362027,0.003747791472692268
2012-01-20,0.029449520455680004,1.0400009800362027,0.003747791472692268
2012-01-21,0.029449520455680004,1.0400009800362027,0.003747791472692268
2012-01-22,0.029449520455680004,1.0400009800362027,0.003747791472692268
2012-01-23,0.029166351989760007,1.0300009706127777,0.0037117550162240735
2012-01-24,0.029732688921600005,1.0500009894596278,0.0037838279291604626
2012-01-25,0.030015857387520006,1.0600009988830528,0.003819864385628658
2012-01-26,0.029732688921600005,1.0500009894596278,0.0037838279291604626
2012-01-27,0.029732688921600005,1.0500009894596278,0.0037838279291604626
2012-01-28,0.03143169971712001,1.1100010460001781,0.004000046667969633
2012-01-29,0.033413878978560005,1.1800011119641531,0.0042523018632469965
2012-01-30,0.03313071051264,1.170001102540728,0.004216265406778801
2012-01-31,0.03313071051264,1.170001102540728,0.004216265406778801
2012-02-01,0.033413878978560005,1.1800011119641531,0.0042523018632469965
2012-02-02,0.029732688921600005,1.0500009894596278,0.0037838279291604626
2012-02-03,0.029449520455680004,1.0400009800362027,0.003747791472692268
2012-02-04,0.029166351989760007,1.0300009706127777,0.0037117550162240735
2012-02-05,0.029166351989760007,1.0300009706127777,0.0037117550162240735
2012-02-06,0.029166351989760007,1.0300009706127777,0.0037117550162240735
2012-02-07,0.029449520455680004,1.0400009800362027,0.003747791472692268
2012-02-08,0.029449520455680004,1.0400009800362027,0.003747791472692268
2012-02-09,0.03143169971712001,1.1100010460001781,0.004000046667969633
2012-02-10,0.030299025853440006,1.070001008306478,0.003855900842096853
2012-02-11,0.030582194319360007,1.0800010177299029,0.0038919372985650484
2012-02-12,0.030582194319360007,1.0800010177299029,0.0038919372985650484
2012-02-13,0.030865362785280008,1.090001027153328,0.003927973755033243
2012-02-14,0.03114853125120001,1.100001036576753,0.003964010211501438
2012-02-15,0.03114853125120001,1.100001036576753,0.003964010211501438
2012-02-16,0.03171486818304001,1.120001055423603,0.0040360831244378274
2012-02-17,0.031998036648960004,1.130001064847028,0.004072119580906022
2012-02-18,0.03454655284224,1.2200011496578531,0.0043964476891197755
2012-02-19,0.033980215910400006,1.2000011308110032,0.004324374776183386
2012-02-20,0.033413878978560005,1.1800011119641531,0.0042523018632469965
2012-02-21,0.0325643735808,1.1500010836938779,0.004144192493842411
2012-02-22,0.037095069035520005,1.3100012344686784,0.00472077579733353
2012-02-23,0.0396435852288,1.4000013192795036,0.005045103905547283
2012-02-24,0.034829721308160005,1.2300011590812783,0.004432484145587971
2012-02-25,0.03794457443328001,1.3400012627389537,0.004828885166738115
2012-02-26,0.03766140596736001,1.3300012533155285,0.00479284871026992
2012-02-27,0.03681190056960001,1.3000012250452535,0.004684739340865335
2012-02-28,0.039360416762880004,1.3900013098560786,0.005009067449079089
2012-02-29,0.04020992216064,1.4200013381263537,0.005117176818483673
2012-03-01,0.04049309062656001,1.4300013475497788,0.005153213274951869
2012-03-02,0.03737823750144001,1.3200012438921036,0.004756812253801725
2012-03-03,0.03681190056960001,1.3000012250452535,0.004684739340865335
2012-03-04,0.043607943751680006,1.540001451207454,0.005549614296102012
2012-03-05,0.13393868438016004,4.730004457280038,0.017045243909456186
2012-03-06,0.25824964091904,9.120008594163624,0.03286524829899373
2012-03-07,0.14243373835776002,5.030004739982788,0.018126337603502025
2012-03-08,0.07673865426432001,2.710002553748182,0.009765879702880814
2012-03-09,0.06626142102528,2.340002205081456,0.008432530813557602
2012-03-10,0.06569508409344,2.320002186234606,0.008360457900621213
2012-03-11,0.05946537784320001,2.1000019789192557,0.007567655858320925
2012-03-12,0.05663369318400001,2.0000018846850054,0.007207291293638977
2012-03-13,0.055501019320320005,1.960001846991305,0.007063145467766197
2012-03-14,0.052386166195200014,1.85000174333363,0.0066667444466160545
2012-03-15,0.05068715539968001,1.7900016867930797,0.0064505257078068855
2012-03-16,0.04927131307008001,1.7400016396759546,0.006270343425465909
2012-03-17,0.04785547074048001,1.6900015925588294,0.006090161143124936
2012-03-18,0.04870497613824001,1.7200016208291045,0.00619827051252952
2012-03-19,0.04700596534272,1.6600015642885542,0.00598205177372035
2012-03-20,0.042475269888,1.5000014135137538,0.005405468470229232
2012-03-21,0.04417428068352001,1.5600014700543041,0.005621687209038402
2012-03-22,0.043607943751680006,1.540001451207454,0.005549614296102012
2012-03-23,0.04332477528576001,1.530001441784029,0.005513577839633818
2012-03-24,0.042192101422080006,1.4900014040903289,0.005369432013761038
2012-03-25,0.039926753694720006,1.4100013287029287,0.005081140362015479
2012-03-26,0.03879407983104001,1.3700012910092287,0.0049369945361427
2012-03-27,0.03879407983104001,1.3700012910092287,0.0049369945361427
2012-03-28,0.03907724829696,1.3800013004326535,0.0049730309926108935
2012-03-29,0.038510911365120006,1.3600012815858036,0.004900958079674504
2012-03-30,0.038510911365120006,1.3600012815858036,0.004900958079674504
2012-03-31,0.03737823750144001,1.3200012438921036,0.004756812253801725
2012-04-01,0.036245563637760006,1.2800012061984034,0.004612666427928945
2012-04-02,0.04332477528576001,1.530001441784029,0.005513577839633818
2012-04-03,0.042192101422080006,1.4900014040903289,0.005369432013761038
2012-04-04,0.0410594275584,1.4500013663966287,0.005225286187888258
2012-04-05,0.03879407983104001,1.3700012910092287,0.0049369945361427
2012-04-06,0.03539605824000001,1.2500011779281284,0.004504557058524361
2012-04-07,0.033980215910400006,1.2000011308110032,0.004324374776183386
2012-04-08,0.03539605824000001,1.2500011779281284,0.004504557058524361
2012-04-09,0.037095069035520005,1.3100012344686784,0.00472077579733353
2012-04-10,0.03766140596736001,1.3300012533155285,0.00479284871026992
2012-04-11,0.03794457443328001,1.3400012627389537,0.004828885166738115
2012-04-12,0.03766140596736001,1.3300012533155285,0.00479284871026992
2012-04-13,0.040776259092480005,1.4400013569732037,0.005189249731420063
2012-04-14,0.0396435852288,1.4000013192795036,0.005045103905547283
2012-04-15,0.04332477528576001,1.530001441784029,0.005513577839633818
2012-04-16,0.04049309062656001,1.4300013475497788,0.005153213274951869
2012-04-17,0.03766140596736001,1.3300012533155285,0.00479284871026992
2012-04-18,0.03737823750144001,1.3200012438921036,0.004756812253801725
2012-04-19,0.03879407983104001,1.3700012910092287,0.0049369945361427
2012-04-20,0.03879407983104001,1.3700012910092287,0.0049369945361427
2012-04-21,0.03822774289920001,1.3500012721623786,0.00486492162320631
2012-04-22,0.03766140596736001,1.3300012533155285,0.00479284871026992
2012-04-23,0.036245563637760006,1.2800012061984034,0.004612666427928945
2012-04-24,0.034829721308160005,1.2300011590812783,0.004432484145587971
2012-04-25,0.03539605824000001,1.2500011779281284,0.004504557058524361
2012-04-26,0.03652873210368,1.2900012156218283,0.00464870288439714
2012-04-27,0.03737823750144001,1.3200012438921036,0.004756812253801725
2012-04-28,0.037095069035520005,1.3100012344686784,0.00472077579733353
2012-04-29,0.035679226705920004,1.2600011873515533,0.004540593514992555
2012-04-30,0.03596239517184001,1.2700011967749785,0.004576629971460751
2012-05-01,0.035679226705920004,1.2600011873515533,0.004540593514992555
2012-05-02,0.03681190056960001,1.3000012250452535,0.004684739340865335
2012-05-03,0.03454655284224,1.2200011496578531,0.0043964476891197755
2012-05-04,0.03114853125120001,1.100001036576753,0.003964010211501438
2012-05-05,0.030299025853440006,1.070001008306478,0.003855900842096853
2012-05-06,0.029732688921600005,1.0500009894596278,0.0037838279291604626
2012-05-07,0.03143169971712001,1.1100010460001781,0.004000046667969633
2012-05-08,0.03171486818304001,1.120001055423603,0.0040360831244378274
2012-05-09,0.030299025853440006,1.070001008306478,0.003855900842096853
2012-05-10,0.029449520455680004,1.0400009800362027,0.003747791472692268
2012-05-11,0.027467341194240002,0.9700009140722274,0.003495536277414904
2012-05-12,0.028316846592000004,1.0000009423425027,0.0036036456468194885
2012-05-13,0.027184172728320005,0.9600009046488025,0.003459499820946709
2012-05-14,0.026617835796480003,0.9400008858019524,0.003387426908010319
2012-05-15,0.026334667330560006,0.9300008763785275,0.0033513904515421245
2012-05-16,0.025768330398720004,0.9100008575316774,0.003279317538605734
2012-05-17,0.026617835796480003,0.9400008858019524,0.003387426908010319
2012-05-18,0.025485161932800003,0.9000008481082523,0.0032432810821375396
2012-05-19,0.028600015057920005,1.0100009517659276,0.0036396821032876835
2012-05-20,0.026901004262400004,0.9500008952253775,0.0034234633644785145
2012-05-21,0.024635656535040004,0.8700008198379773,0.0031351717127329547
2012-05-22,0.022936645739520006,0.8100007632974272,0.002918952973923786
2012-05-23,0.024352488069120003,0.8600008104145522,0.00309913525626476
2012-05-24,0.027467341194240002,0.9700009140722274,0.003495536277414904
2012-05-25,0.025485161932800003,0.9000008481082523,0.0032432810821375396
2012-05-26,0.023219814205440004,0.8200007727208521,0.0029549894303919806
2012-05-27,0.023786151137280002,0.8400007915677021,0.00302706234332837
2012-05-28,0.025768330398720004,0.9100008575316774,0.003279317538605734
2012-05-29,0.024918825000960005,0.8800008292614023,0.00317120816920115
2012-05-30,0.02350298267136,0.8300007821442771,0.002991025886860175
2012-05-31,0.02350298267136,0.8300007821442771,0.002991025886860175
2012-06-01,0.022936645739520006,0.8100007632974272,0.002918952973923786
2012-06-02,0.022653477273600005,0.8000007538740022,0.002882916517455591
2012-06-03,0.023219814205440004,0.8200007727208521,0.0029549894303919806
2012-06-04,0.021520803409920002,0.760000716180302,0.002738770691582811
2012-06-05,0.020388129546240003,0.7200006784866019,0.0025946248657100317
2012-06-06,0.0198217926144,0.7000006596397518,0.0025225519527736417
2012-06-07,0.021237634944,0.7500007067568769,0.002702734235114616
2012-06-08,0.020671298012160003,0.7300006879100269,0.0026306613221782267
2012-06-09,0.01953862414848,0.6900006502163267,0.0024865154963054467
2012-06-10,0.018689118750720005,0.6600006219460518,0.0023784061269008627
2012-06-11,0.020954466478080004,0.740000697333452,0.0026666977786464216
2012-06-12,0.020671298012160003,0.7300006879100269,0.0026306613221782267
2012-06-13,0.02010496108032,0.7100006690631768,0.0025585884092418367
2012-06-14,0.0198217926144,0.7000006596397518,0.0025225519527736417
2012-06-15,0.020388129546240003,0.7200006784866019,0.0025946248657100317
2012-06-16,0.019255455682560003,0.6800006407929018,0.002450479039837252
2012-06-17,0.018122781818880003,0.6400006030992017,0.0023063332139644727
2012-06-18,0.017839613352960002,0.6300005936757767,0.0022702967574962777
2012-06-19,0.01755644488704,0.6200005842523516,0.0022342603010280827
2012-06-20,0.018689118750720005,0.6600006219460518,0.0023784061269008627
2012-06-21,0.02010496108032,0.7100006690631768,0.0025585884092418367
2012-06-22,0.020954466478080004,0.740000697333452,0.0026666977786464216
2012-06-23,0.016706939489280002,0.5900005559820766,0.0021261509316234982
2012-06-24,0.016990107955200003,0.6000005654055016,0.002162187388091693
2012-06-25,0.017839613352960002,0.6300005936757767,0.0022702967574962777
2012-06-26,0.01755644488704,0.6200005842523516,0.0022342603010280827
2012-06-27,0.01642377102336,0.5800005465586515,0.0020901144751553032
2012-06-28,0.015574265625600004,0.5500005182883765,0.001982005105750719
2012-06-29,0.01642377102336,0.5800005465586515,0.0020901144751553032
2012-06-30,0.015857434091520003,0.5600005277118015,0.0020180415622189137
2012-07-01,0.01614060255744,0.5700005371352265,0.0020540780186871083
2012-07-02,0.01614060255744,0.5700005371352265,0.0020540780186871083
2012-07-03,0.01727327642112,0.6100005748289266,0.0021982238445598878
2012-07-04,0.01614060255744,0.5700005371352265,0.0020540780186871083
2012-07-05,0.01727327642112,0.6100005748289266,0.0021982238445598878
2012-07-06,0.017839613352960002,0.6300005936757767,0.0022702967574962777
2012-07-07,0.019255455682560003,0.6800006407929018,0.002450479039837252
2012-07-08,0.021237634944,0.7500007067568769,0.002702734235114616
2012-07-09,0.0198217926144,0.7000006596397518,0.0025225519527736417
2012-07-10,0.016706939489280002,0.5900005559820766,0.0021261509316234982
2012-07-11,0.01642377102336,0.5800005465586515,0.0020901144751553032
2012-07-12,0.01614060255744,0.5700005371352265,0.0020540780186871083
2012-07-13,0.016990107955200003,0.6000005654055016,0.002162187388091693
2012-07-14,0.018972287216640005,0.6700006313694769,0.0024144425833690576
2012-07-15,0.019255455682560003,0.6800006407929018,0.002450479039837252
2012-07-16,0.024635656535040004,0.8700008198379773,0.0031351717127329547
2012-07-17,0.021803971875840003,0.770000725603727,0.002774807148051006
2012-07-18,0.02010496108032,0.7100006690631768,0.0025585884092418367
2012-07-19,0.017839613352960002,0.6300005936757767,0.0022702967574962777
2012-07-20,0.016990107955200003,0.6000005654055016,0.002162187388091693
2012-07-21,0.019255455682560003,0.6800006407929018,0.002450479039837252
2012-07-22,0.024352488069120003,0.8600008104145522,0.00309913525626476
2012-07-23,0.026901004262400004,0.9500008952253775,0.0034234633644785145
2012-07-24,0.039360416762880004,1.3900013098560786,0.005009067449079089
2012-07-25,0.03369704744448,1.190001121387578,0.004288338319715191
2012-07-26,0.023219814205440004,0.8200007727208521,0.0029549894303919806
2012-07-27,0.020671298012160003,0.7300006879100269,0.0026306613221782267
2012-07-28,0.02350298267136,0.8300007821442771,0.002991025886860175
2012-07-29,0.03596239517184001,1.2700011967749785,0.004576629971460751
2012-07-30,0.028316846592000004,1.0000009423425027,0.0036036456468194885
2012-07-31,0.024918825000960005,0.8800008292614023,0.00317120816920115
2012-08-01,0.022936645739520006,0.8100007632974272,0.002918952973923786
2012-08-02,0.022370308807680005,0.7900007444505771,0.002846880060987396
2012-08-03,0.020388129546240003,0.7200006784866019,0.0025946248657100317
2012-08-04,0.018405950284800004,0.6500006125226268,0.0023423696704326677
2012-08-05,0.01642377102336,0.5800005465586515,0.0020901144751553032
2012-08-06,0.01727327642112,0.6100005748289266,0.0021982238445598878
2012-08-07,0.018122781818880003,0.6400006030992017,0.0023063332139644727
2012-08-08,0.017839613352960002,0.6300005936757767,0.0022702967574962777
2012-08-09,0.01642377102336,0.5800005465586515,0.0020901144751553032
2012-08-10,0.01614060255744,0.5700005371352265,0.0020540780186871083
2012-08-11,0.01614060255744,0.5700005371352265,0.0020540780186871083
2012-08-12,0.015007928693760003,0.5300004994415264,0.001909932192814329
2012-08-13,0.01755644488704,0.6200005842523516,0.0022342603010280827
2012-08-14,0.0198217926144,0.7000006596397518,0.0025225519527736417
2012-08-15,0.018689118750720005,0.6600006219460518,0.0023784061269008627
2012-08-16,0.018405950284800004,0.6500006125226268,0.0023423696704326677
2012-08-17,0.016990107955200003,0.6000005654055016,0.002162187388091693
2012-08-18,0.01614060255744,0.5700005371352265,0.0020540780186871083
2012-08-19,0.01642377102336,0.5800005465586515,0.0020901144751553032
2012-08-20,0.01727327642112,0.6100005748289266,0.0021982238445598878
2012-08-21,0.018405950284800004,0.6500006125226268,0.0023423696704326677
2012-08-22,0.018689118750720005,0.6600006219460518,0.0023784061269008627
2012-08-23,0.022653477273600005,0.8000007538740022,0.002882916517455591
2012-08-24,0.021237634944,0.7500007067568769,0.002702734235114616
2012-08-25,0.02010496108032,0.7100006690631768,0.0025585884092418367
2012-08-26,0.018405950284800004,0.6500006125226268,0.0023423696704326677
2012-08-27,0.018972287216640005,0.6700006313694769,0.0024144425833690576
2012-08-28,0.019255455682560003,0.6800006407929018,0.002450479039837252
2012-08-29,0.02010496108032,0.7100006690631768,0.0025585884092418367
2012-08-30,0.20133277926912005,7.1100067000551945,0.025621920548886568
2012-08-31,0.025768330398720004,0.9100008575316774,0.003279317538605734
2012-09-01,0.021803971875840003,0.770000725603727,0.002774807148051006
2012-09-02,0.026901004262400004,0.9500008952253775,0.0034234633644785145
2012-09-03,0.021237634944,0.7500007067568769,0.002702734235114616
2012-09-04,0.0198217926144,0.7000006596397518,0.0025225519527736417
2012-09-05,0.019255455682560003,0.6800006407929018,0.002450479039837252
2012-09-06,0.02010496108032,0.7100006690631768,0.0025585884092418367
2012-09-07,0.020671298012160003,0.7300006879100269,0.0026306613221782267
2012-09-08,0.0198217926144,0.7000006596397518,0.0025225519527736417
2012-09-09,0.018689118750720005,0.6600006219460518,0.0023784061269008627
2012-09-10,0.018405950284800004,0.6500006125226268,0.0023423696704326677
2012-09-11,0.025485161932800003,0.9000008481082523,0.0032432810821375396
2012-09-12,0.026901004262400004,0.9500008952253775,0.0034234633644785145
2012-09-13,0.02350298267136,0.8300007821442771,0.002991025886860175
2012-09-14,0.018122781818880003,0.6400006030992017,0.0023063332139644727
2012-09-15,0.014441591761920003,0.5100004805946764,0.0018378592798779392
2012-09-16,0.014441591761920003,0.5100004805946764,0.0018378592798779392
2012-09-17,0.015291097159680004,0.5400005088649514,0.0019459686492825242
2012-09-18,0.015574265625600004,0.5500005182883765,0.001982005105750719
2012-09-19,0.01642377102336,0.5800005465586515,0.0020901144751553032
2012-09-20,0.01642377102336,0.5800005465586515,0.0020901144751553032
2012-09-21,0.017839613352960002,0.6300005936757767,0.0022702967574962777
2012-09-22,0.019255455682560003,0.6800006407929018,0.002450479039837252
2012-09-23,0.020388129546240003,0.7200006784866019,0.0025946248657100317
2012-09-24,0.017839613352960002,0.6300005936757767,0.0022702967574962777
2012-09-25,0.020388129546240003,0.7200006784866019,0.0025946248657100317
2012-09-26,0.022936645739520006,0.8100007632974272,0.002918952973923786
2012-09-27,0.022936645739520006,0.8100007632974272,0.002918952973923786
2012-09-28,0.023219814205440004,0.8200007727208521,0.0029549894303919806
2012-09-29,0.023219814205440004,0.8200007727208521,0.0029549894303919806
2012-09-30,0.022087140341760004,0.7800007350271521,0.002810843604519201
2012-10-01,0.021237634944,0.7500007067568769,0.002702734235114616
2012-10-02,0.020954466478080004,0.740000697333452,0.0026666977786464216
2012-10-03,0.022087140341760004,0.7800007350271521,0.002810843604519201
2012-10-04,0.022936645739520006,0.8100007632974272,0.002918952973923786
2012-10-05,0.02350298267136,0.8300007821442771,0.002991025886860175
2012-10-06,0.02350298267136,0.8300007821442771,0.002991025886860175
2012-10-07,0.024918825000960005,0.8800008292614023,0.00317120816920115
2012-10-08,0.024069319603200003,0.8500008009911272,0.003063098799796565
2012-10-09,0.024352488069120003,0.8600008104145522,0.00309913525626476
2012-10-10,0.024918825000960005,0.8800008292614023,0.00317120816920115
2012-10-11,0.024918825000960005,0.8800008292614023,0.00317120816920115
2012-10-12,0.027467341194240002,0.9700009140722274,0.003495536277414904
2012-10-13,0.029166351989760007,1.0300009706127777,0.0037117550162240735
2012-10-14,0.028316846592000004,1.0000009423425027,0.0036036456468194885
2012-10-15,0.028033678126080003,0.9900009329190775,0.003567609190351294
2012-10-16,0.027750509660160003,0.9800009234956525,0.0035315727338830986
2012-10-17,0.026334667330560006,0.9300008763785275,0.0033513904515421245
2012-10-18,0.024069319603200003,0.8500008009911272,0.003063098799796565
2012-10-19,0.025201993466880006,0.8900008386848274,0.003207244625669345
2012-10-20,0.024918825000960005,0.8800008292614023,0.00317120816920115
2012-10-21,0.025768330398720004,0.9100008575316774,0.003279317538605734
2012-10-22,0.025768330398720004,0.9100008575316774,0.003279317538605734
2012-10-23,0.024352488069120003,0.8600008104145522,0.00309913525626476
2012-10-24,0.025485161932800003,0.9000008481082523,0.0032432810821375396
2012-10-25,0.029449520455680004,1.0400009800362027,0.003747791472692268
2012-10-26,0.027184172728320005,0.9600009046488025,0.003459499820946709
2012-10-27,0.028316846592000004,1.0000009423425027,0.0036036456468194885
2012-10-28,0.028600015057920005,1.0100009517659276,0.0036396821032876835
2012-10-29,0.028033678126080003,0.9900009329190775,0.003567609190351294
2012-10-30,0.027184172728320005,0.9600009046488025,0.003459499820946709
2012-10-31,0.028033678126080003,0.9900009329190775,0.003567609190351294
2012-11-01,0.028033678126080003,0.9900009329190775,0.003567609190351294
2012-11-02,0.027750509660160003,0.9800009234956525,0.0035315727338830986
2012-11-03,0.027467341194240002,0.9700009140722274,0.003495536277414904
2012-11-04,0.027467341194240002,0.9700009140722274,0.003495536277414904
2012-11-05,0.027467341194240002,0.9700009140722274,0.003495536277414904
2012-11-06,0.029449520455680004,1.0400009800362027,0.003747791472692268
2012-11-07,0.027467341194240002,0.9700009140722274,0.003495536277414904
2012-11-08,0.027750509660160003,0.9800009234956525,0.0035315727338830986
2012-11-09,0.030015857387520006,1.0600009988830528,0.003819864385628658
2012-11-10,0.03907724829696,1.3800013004326535,0.0049730309926108935
2012-11-11,0.029449520455680004,1.0400009800362027,0.003747791472692268
2012-11-12,0.025485161932800003,0.9000008481082523,0.0032432810821375396
2012-11-13,0.030015857387520006,1.0600009988830528,0.003819864385628658
2012-11-14,0.03171486818304001,1.120001055423603,0.0040360831244378274
2012-11-15,0.030865362785280008,1.090001027153328,0.003927973755033243
2012-11-16,0.029166351989760007,1.0300009706127777,0.0037117550162240735
2012-11-17,0.0325643735808,1.1500010836938779,0.004144192493842411
2012-11-18,0.030299025853440006,1.070001008306478,0.003855900842096853
2012-11-19,0.030015857387520006,1.0600009988830528,0.003819864385628658
2012-11-20,0.028033678126080003,0.9900009329190775,0.003567609190351294
2012-11-21,0.028033678126080003,0.9900009329190775,0.003567609190351294
2012-11-22,0.027750509660160003,0.9800009234956525,0.0035315727338830986
2012-11-23,0.026617835796480003,0.9400008858019524,0.003387426908010319
2012-11-24,0.027184172728320005,0.9600009046488025,0.003459499820946709
2012-11-25,0.028600015057920005,1.0100009517659276,0.0036396821032876835
2012-11-26,0.026901004262400004,0.9500008952253775,0.0034234633644785145
2012-11-27,0.025201993466880006,0.8900008386848274,0.003207244625669345
2012-11-28,0.027467341194240002,0.9700009140722274,0.003495536277414904
2012-11-29,0.03114853125120001,1.100001036576753,0.003964010211501438
2012-11-30,0.0325643735808,1.1500010836938779,0.004144192493842411
2012-12-01,0.034829721308160005,1.2300011590812783,0.004432484145587971
2012-12-02,0.030582194319360007,1.0800010177299029,0.0038919372985650484
2012-12-03,0.035679226705920004,1.2600011873515533,0.004540593514992555
2012-12-04,0.03284754204672,1.160001093117303,0.0041802289503106065
2012-12-05,0.030582194319360007,1.0800010177299029,0.0038919372985650484
2012-12-06,0.036245563637760006,1.2800012061984034,0.004612666427928945
2012-12-07,0.03143169971712001,1.1100010460001781,0.004000046667969633
2012-12-08,0.03313071051264,1.170001102540728,0.004216265406778801
2012-12-09,0.030865362785280008,1.090001027153328,0.003927973755033243
2012-12-10,0.03143169971712001,1.1100010460001781,0.004000046667969633
2012-12-11,0.028033678126080003,0.9900009329190775,0.003567609190351294
2012-12-12,0.030299025853440006,1.070001008306478,0.003855900842096853
2012-12-13,0.030299025853440006,1.070001008306478,0.003855900842096853
2012-12-14,0.031998036648960004,1.130001064847028,0.004072119580906022
2012-12-15,0.03228120511488,1.140001074270453,0.0041081560373742165
2012-12-16,0.029732688921600005,1.0500009894596278,0.0037838279291604626
2012-12-17,0.03228120511488,1.140001074270453,0.0041081560373742165
2012-12-18,0.025768330398720004,0.9100008575316774,0.003279317538605734
2012-12-19,0.03228120511488,1.140001074270453,0.0041081560373742165
2012-12-20,0.03228120511488,1.140001074270453,0.0041081560373742165
2012-12-21,0.03228120511488,1.140001074270453,0.0041081560373742165
2012-12-22,0.03228120511488,1.140001074270453,0.0041081560373742165
2012-12-23,0.0325643735808,1.1500010836938779,0.004144192493842411
2012-12-24,0.0325643735808,1.1500010836938779,0.004144192493842411
2012-12-25,0.0325643735808,1.1500010836938779,0.004144192493842411
2012-12-26,0.0325643735808,1.1500010836938779,0.004144192493842411
2012-12-27,0.0325643735808,1.1500010836938779,0.004144192493842411
2012-12-28,0.03228120511488,1.140001074270453,0.0041081560373742165
2012-12-29,0.03171486818304001,1.120001055423603,0.0040360831244378274
2012-12-30,0.031998036648960004,1.130001064847028,0.004072119580906022
2012-12-31,0.03228120511488,1.140001074270453,0.0041081560373742165
2013-01-01,0.03171486818304001,1.120001055423603,0.0040360831244378274
2013-01-02,0.03171486818304001,1.120001055423603,0.0040360831244378274
2013-01-03,0.03171486818304001,1.120001055423603,0.0040360831244378274
2013-01-04,0.03228120511488,1.140001074270453,0.0041081560373742165
2013-01-05,0.031998036648960004,1.130001064847028,0.004072119580906022
2013-01-06,0.0325643735808,1.1500010836938779,0.004144192493842411
2013-01-07,0.03228120511488,1.140001074270453,0.0041081560373742165
2013-01-08,0.03228120511488,1.140001074270453,0.0041081560373742165
2013-01-09,0.03143169971712001,1.1100010460001781,0.004000046667969633
2013-01-10,0.03143169971712001,1.1100010460001781,0.004000046667969633
2013-01-11,0.03143169971712001,1.1100010460001781,0.004000046667969633
2013-01-12,0.03171486818304001,1.120001055423603,0.0040360831244378274
2013-01-13,0.03114853125120001,1.100001036576753,0.003964010211501438
2013-01-14,0.030582194319360007,1.0800010177299029,0.0038919372985650484
2013-01-15,0.030582194319360007,1.0800010177299029,0.0038919372985650484
2013-01-16,0.03143169971712001,1.1100010460001781,0.004000046667969633
2013-01-17,0.03143169971712001,1.1100010460001781,0.004000046667969633
2013-01-18,0.03143169971712001,1.1100010460001781,0.004000046667969633
2013-01-19,0.031998036648960004,1.130001064847028,0.004072119580906022
2013-01-20,0.03171486818304001,1.120001055423603,0.0040360831244378274
2013-01-21,0.03171486818304001,1.120001055423603,0.0040360831244378274
2013-01-22,0.031998036648960004,1.130001064847028,0.004072119580906022
2013-01-23,0.03228120511488,1.140001074270453,0.0041081560373742165
2013-01-24,0.03284754204672,1.160001093117303,0.0041802289503106065
2013-01-25,0.03284754204672,1.160001093117303,0.0041802289503106065
2013-01-26,0.03284754204672,1.160001093117303,0.0041802289503106065
2013-01-27,0.0325643735808,1.1500010836938779,0.004144192493842411
2013-01-28,0.03228120511488,1.140001074270453,0.0041081560373742165
2013-01-29,0.03171486818304001,1.120001055423603,0.0040360831244378274
2013-01-30,0.03171486818304001,1.120001055423603,0.0040360831244378274
2013-01-31,0.03171486818304001,1.120001055423603,0.0040360831244378274
2013-02-01,0.03143169971712001,1.1100010460001781,0.004000046667969633
2013-02-02,0.03171486818304001,1.120001055423603,0.0040360831244378274
2013-02-03,0.03143169971712001,1.1100010460001781,0.004000046667969633
2013-02-04,0.03114853125120001,1.100001036576753,0.003964010211501438
2013-02-05,0.03228120511488,1.140001074270453,0.0041081560373742165
2013-02-06,0.03228120511488,1.140001074270453,0.0041081560373742165
2013-02-07,0.031998036648960004,1.130001064847028,0.004072119580906022
2013-02-08,0.031998036648960004,1.130001064847028,0.004072119580906022
2013-02-09,0.03228120511488,1.140001074270453,0.0041081560373742165
2013-02-10,0.031998036648960004,1.130001064847028,0.004072119580906022
2013-02-11,0.03228120511488,1.140001074270453,0.0041081560373742165
2013-02-12,0.0325643735808,1.1500010836938779,0.004144192493842411
2013-02-13,0.03284754204672,1.160001093117303,0.0041802289503106065
2013-02-14,0.0325643735808,1.1500010836938779,0.004144192493842411
2013-02-15,0.03284754204672,1.160001093117303,0.0041802289503106065
2013-02-16,0.03313071051264,1.170001102540728,0.004216265406778801
2013-02-17,0.03313071051264,1.170001102540728,0.004216265406778801
2013-02-18,0.03369704744448,1.190001121387578,0.004288338319715191
2013-02-19,0.03369704744448,1.190001121387578,0.004288338319715191
2013-02-20,0.033413878978560005,1.1800011119641531,0.0042523018632469965
2013-02-21,0.03313071051264,1.170001102540728,0.004216265406778801
2013-02-22,0.03284754204672,1.160001093117303,0.0041802289503106065
2013-02-23,0.03369704744448,1.190001121387578,0.004288338319715191
2013-02-24,0.033980215910400006,1.2000011308110032,0.004324374776183386
2013-02-25,0.03369704744448,1.190001121387578,0.004288338319715191
2013-02-26,0.03369704744448,1.190001121387578,0.004288338319715191
2013-02-27,0.034263384376320004,1.2100011402344282,0.004360411232651581
2013-02-28,0.034829721308160005,1.2300011590812783,0.004432484145587971
2013-03-01,0.036245563637760006,1.2800012061984034,0.004612666427928945
2013-03-02,0.0396435852288,1.4000013192795036,0.005045103905547283
2013-03-03,0.042192101422080006,1.4900014040903289,0.005369432013761038
2013-03-04,0.040776259092480005,1.4400013569732037,0.005189249731420063
2013-03-05,0.04049309062656001,1.4300013475497788,0.005153213274951869
2013-03-06,0.043041606819840005,1.520001432360604,0.005477541383165622
2013-03-07,0.050970323865600006,1.8000016962165046,0.006486562164275079
2013-03-08,0.05181982926336001,1.83000172448678,0.006594671533679665
2013-03-09,0.052386166195200014,1.85000174333363,0.0066667444466160545
2013-03-10,0.044457449149440005,1.570001479477729,0.005657723665506597
2013-03-11,0.047289133808640006,1.6700015737119793,0.006018088230188546
2013-03-12,0.05720003011584001,2.0200019035318553,0.007279364206575367
2013-03-13,0.06059805170688001,2.140002016612956,0.007711801684193706
2013-03-14,0.06739409488896,2.380002242775156,0.008576676639430382
2013-03-15,0.0722079588096,2.5500024029733814,0.009189296399389695
2013-03-16,0.05946537784320001,2.1000019789192557,0.007567655858320925
2013-03-17,0.04870497613824001,1.7200016208291045,0.00619827051252952
2013-03-18,0.043041606819840005,1.520001432360604,0.005477541383165622
2013-03-19,0.04134259602432001,1.4600013758200538,0.005261322644356453
2013-03-20,0.040776259092480005,1.4400013569732037,0.005189249731420063
2013-03-21,0.04530695454720001,1.6000015077480043,0.005765833034911182
2013-03-22,0.042475269888,1.5000014135137538,0.005405468470229232
2013-03-23,0.040776259092480005,1.4400013569732037,0.005189249731420063
2013-03-24,0.04870497613824001,1.7200016208291045,0.00619827051252952
2013-03-25,0.04983765000192001,1.7600016585228047,0.0063424163384023
2013-03-26,0.044457449149440005,1.570001479477729,0.005657723665506597
2013-03-27,0.043607943751680006,1.540001451207454,0.005549614296102012
2013-03-28,0.04474061761536001,1.5800014889011542,0.005693760121974792
2013-03-29,0.043607943751680006,1.540001451207454,0.005549614296102012
2013-03-30,0.04332477528576001,1.530001441784029,0.005513577839633818
2013-03-31,0.042475269888,1.5000014135137538,0.005405468470229232
2013-04-01,0.04332477528576001,1.530001441784029,0.005513577839633818
2013-04-02,0.04530695454720001,1.6000015077480043,0.005765833034911182
2013-04-03,0.043041606819840005,1.520001432360604,0.005477541383165622
2013-04-04,0.041625764490240004,1.4700013852434788,0.005297359100824648
2013-04-05,0.041625764490240004,1.4700013852434788,0.005297359100824648
2013-04-06,0.042475269888,1.5000014135137538,0.005405468470229232
2013-04-07,0.04134259602432001,1.4600013758200538,0.005261322644356453
2013-04-08,0.04134259602432001,1.4600013758200538,0.005261322644356453
2013-04-09,0.040776259092480005,1.4400013569732037,0.005189249731420063
2013-04-10,0.042192101422080006,1.4900014040903289,0.005369432013761038
2013-04-11,0.04502378608128001,1.5900014983245792,0.005729796578442987
2013-04-12,0.043041606819840005,1.520001432360604,0.005477541383165622
2013-04-13,0.043607943751680006,1.540001451207454,0.005549614296102012
2013-04-14,0.05748319858176,2.03000191295528,0.007315400663043561
2013-04-15,0.052386166195200014,1.85000174333363,0.0066667444466160545
2013-04-16,0.05606735625216001,1.980001865838155,0.007135218380702588
2013-04-17,0.05181982926336001,1.83000172448678,0.006594671533679665
2013-04-18,0.05974854630912001,2.1100019883426806,0.0076036923147891206
2013-04-19,0.054651513922560006,1.93000181872103,0.006955036098361613
2013-04-20,0.0580495355136,2.05000193180213,0.0073874735759799515
2013-04-21,0.054934682388480004,1.9400018281444549,0.006991072554829808
2013-04-22,0.049554481536000006,1.7500016490993795,0.006306379881934105
2013-04-23,0.047289133808640006,1.6700015737119793,0.006018088230188546
2013-04-24,0.046722796876800005,1.6500015548651292,0.005946015317252156
2013-04-25,0.04700596534272,1.6600015642885542,0.00598205177372035
2013-04-26,0.04700596534272,1.6600015642885542,0.00598205177372035
2013-04-27,0.04615645994496,1.6300015360182791,0.005873942404315766
2013-04-28,0.04615645994496,1.6300015360182791,0.005873942404315766
2013-04-29,0.04530695454720001,1.6000015077480043,0.005765833034911182
2013-04-30,0.04559012301312001,1.6100015171714293,0.005801869491379377
2013-05-01,0.04502378608128001,1.5900014983245792,0.005729796578442987
2013-05-02,0.042475269888,1.5000014135137538,0.005405468470229232
2013-05-03,0.04134259602432001,1.4600013758200538,0.005261322644356453
2013-05-04,0.040776259092480005,1.4400013569732037,0.005189249731420063
2013-05-05,0.040776259092480005,1.4400013569732037,0.005189249731420063
2013-05-06,0.04049309062656001,1.4300013475497788,0.005153213274951869
2013-05-07,0.05266933466112001,1.860001752757055,0.006702780903084249
2013-05-08,0.048138639206400005,1.7000016019822544,0.00612619759959313
2013-05-09,0.04927131307008001,1.7400016396759546,0.006270343425465909
2013-05-10,0.042475269888,1.5000014135137538,0.005405468470229232
2013-05-11,0.04190893295616001,1.480001394666904,0.005333395557292843
2013-05-12,0.041625764490240004,1.4700013852434788,0.005297359100824648
2013-05-13,0.04049309062656001,1.4300013475497788,0.005153213274951869
2013-05-14,0.039360416762880004,1.3900013098560786,0.005009067449079089
2013-05-15,0.039926753694720006,1.4100013287029287,0.005081140362015479
2013-05-16,0.04049309062656001,1.4300013475497788,0.005153213274951869
2013-05-17,0.03907724829696,1.3800013004326535,0.0049730309926108935
2013-05-18,0.039360416762880004,1.3900013098560786,0.005009067449079089
2013-05-19,0.04134259602432001,1.4600013758200538,0.005261322644356453
2013-05-20,0.042475269888,1.5000014135137538,0.005405468470229232
2013-05-21,0.04190893295616001,1.480001394666904,0.005333395557292843
2013-05-22,0.037095069035520005,1.3100012344686784,0.00472077579733353
2013-05-23,0.034829721308160005,1.2300011590812783,0.004432484145587971
2013-05-24,0.03284754204672,1.160001093117303,0.0041802289503106065
2013-05-25,0.03143169971712001,1.1100010460001781,0.004000046667969633
2013-05-26,0.030865362785280008,1.090001027153328,0.003927973755033243
2013-05-27,0.031998036648960004,1.130001064847028,0.004072119580906022
2013-05-28,0.03171486818304001,1.120001055423603,0.0040360831244378274
2013-05-29,0.03737823750144001,1.3200012438921036,0.004756812253801725
2013-05-30,0.03596239517184001,1.2700011967749785,0.004576629971460751
2013-05-31,0.03228120511488,1.140001074270453,0.0041081560373742165
2013-06-01,0.03143169971712001,1.1100010460001781,0.004000046667969633
2013-06-02,0.030865362785280008,1.090001027153328,0.003927973755033243
2013-06-03,0.028316846592000004,1.0000009423425027,0.0036036456468194885
2013-06-04,0.027184172728320005,0.9600009046488025,0.003459499820946709
2013-06-05,0.026901004262400004,0.9500008952253775,0.0034234633644785145
2013-06-06,0.025768330398720004,0.9100008575316774,0.003279317538605734
2013-06-07,0.025201993466880006,0.8900008386848274,0.003207244625669345
2013-06-08,0.023786151137280002,0.8400007915677021,0.00302706234332837
2013-06-09,0.022653477273600005,0.8000007538740022,0.002882916517455591
2013-06-10,0.020954466478080004,0.740000697333452,0.0026666977786464216
2013-06-11,0.01953862414848,0.6900006502163267,0.0024865154963054467
2013-06-12,0.02010496108032,0.7100006690631768,0.0025585884092418367
2013-06-13,0.02010496108032,0.7100006690631768,0.0025585884092418367
2013-06-14,0.019255455682560003,0.6800006407929018,0.002450479039837252
2013-06-15,0.019255455682560003,0.6800006407929018,0.002450479039837252
2013-06-16,0.01953862414848,0.6900006502163267,0.0024865154963054467
2013-06-17,0.020671298012160003,0.7300006879100269,0.0026306613221782267
2013-06-18,0.0198217926144,0.7000006596397518,0.0025225519527736417
2013-06-19,0.018405950284800004,0.6500006125226268,0.0023423696704326677
2013-06-20,0.01755644488704,0.6200005842523516,0.0022342603010280827
2013-06-21,0.016990107955200003,0.6000005654055016,0.002162187388091693
2013-06-22,0.016990107955200003,0.6000005654055016,0.002162187388091693
2013-06-23,0.016706939489280002,0.5900005559820766,0.0021261509316234982
2013-06-24,0.016990107955200003,0.6000005654055016,0.002162187388091693
2013-06-25,0.01642377102336,0.5800005465586515,0.0020901144751553032
2013-06-26,0.01642377102336,0.5800005465586515,0.0020901144751553032
2013-06-27,0.01642377102336,0.5800005465586515,0.0020901144751553032
2013-06-28,0.015574265625600004,0.5500005182883765,0.001982005105750719
2013-06-29,0.015574265625600004,0.5500005182883765,0.001982005105750719
2013-06-30,0.015291097159680004,0.5400005088649514,0.0019459686492825242
2013-07-01,0.015291097159680004,0.5400005088649514,0.0019459686492825242
2013-07-02,0.014158423296000002,0.5000004711712513,0.0018018228234097443
2013-07-03,0.014158423296000002,0.5000004711712513,0.0018018228234097443
2013-07-04,0.014724760227840002,0.5200004900181013,0.001873895736346134
2013-07-05,0.015291097159680004,0.5400005088649514,0.0019459686492825242
2013-07-06,0.015007928693760003,0.5300004994415264,0.001909932192814329
2013-07-07,0.015007928693760003,0.5300004994415264,0.001909932192814329
2013-07-08,0.015291097159680004,0.5400005088649514,0.0019459686492825242
2013-07-09,0.015291097159680004,0.5400005088649514,0.0019459686492825242
2013-07-10,0.013875254830080001,0.49000046174782624,0.0017657863669415493
2013-07-11,0.013025749432320002,0.4600004334775512,0.0016576769975369648
2013-07-12,0.015007928693760003,0.5300004994415264,0.001909932192814329
2013-07-13,0.016706939489280002,0.5900005559820766,0.0021261509316234982
2013-07-14,0.016706939489280002,0.5900005559820766,0.0021261509316234982
2013-07-15,0.015574265625600004,0.5500005182883765,0.001982005105750719
2013-07-16,0.013875254830080001,0.49000046174782624,0.0017657863669415493
2013-07-17,0.013592086364160002,0.48000045232440125,0.0017297499104733545
2013-07-18,0.039360416762880004,1.3900013098560786,0.005009067449079089
2013-07-19,0.015007928693760003,0.5300004994415264,0.001909932192814329
2013-07-20,0.013308917898240001,0.4700004429009762,0.0016937134540051595
2013-07-21,0.012459412500480002,0.44000041463070116,0.001585604084600575
2013-07-22,0.011609907102720002,0.4100003863604261,0.0014774947151959903
2013-07-23,0.010760401704960001,0.380000358090151,0.0013693853457914056
2013-07-24,0.011609907102720002,0.4100003863604261,0.0014774947151959903
2013-07-25,0.013025749432320002,0.4600004334775512,0.0016576769975369648
2013-07-26,0.012176244034560002,0.4300004052072761,0.00154956762813238
2013-07-27,0.011893075568640001,0.42000039578385107,0.001513531171664185
2013-07-28,0.013875254830080001,0.49000046174782624,0.0017657863669415493
2013-07-29,0.01727327642112,0.6100005748289266,0.0021982238445598878
2013-07-30,0.01642377102336,0.5800005465586515,0.0020901144751553032
2013-07-31,0.013875254830080001,0.49000046174782624,0.0017657863669415493
2013-08-01,0.013875254830080001,0.49000046174782624,0.0017657863669415493
2013-08-02,0.013308917898240001,0.4700004429009762,0.0016937134540051595
2013-08-03,0.012459412500480002,0.44000041463070116,0.001585604084600575
2013-08-04,0.012459412500480002,0.44000041463070116,0.001585604084600575
2013-08-05,0.012176244034560002,0.4300004052072761,0.00154956762813238
2013-08-06,0.013025749432320002,0.4600004334775512,0.0016576769975369648
2013-08-07,0.012742580966400002,0.45000042405412616,0.0016216405410687698
2013-08-08,0.013025749432320002,0.4600004334775512,0.0016576769975369648
2013-08-09,0.014158423296000002,0.5000004711712513,0.0018018228234097443
2013-08-10,0.013025749432320002,0.4600004334775512,0.0016576769975369648
2013-08-11,0.011893075568640001,0.42000039578385107,0.001513531171664185
2013-08-12,0.012459412500480002,0.44000041463070116,0.001585604084600575
2013-08-13,0.012742580966400002,0.45000042405412616,0.0016216405410687698
2013-08-14,0.011893075568640001,0.42000039578385107,0.001513531171664185
2013-08-15,0.011609907102720002,0.4100003863604261,0.0014774947151959903
2013-08-16,0.010477233239040002,0.370000348666726,0.0013333488893232108
2013-08-17,0.010477233239040002,0.370000348666726,0.0013333488893232108
2013-08-18,0.010194064773120001,0.36000033924330094,0.0012973124328550158
2013-08-19,0.010194064773120001,0.36000033924330094,0.0012973124328550158
2013-08-20,0.010760401704960001,0.380000358090151,0.0013693853457914056
2013-08-21,0.012742580966400002,0.45000042405412616,0.0016216405410687698
2013-08-22,0.013025749432320002,0.4600004334775512,0.0016576769975369648
2013-08-23,0.019255455682560003,0.6800006407929018,0.002450479039837252
2013-08-24,0.017839613352960002,0.6300005936757767,0.0022702967574962777
2013-08-25,0.024352488069120003,0.8600008104145522,0.00309913525626476
2013-08-26,0.02010496108032,0.7100006690631768,0.0025585884092418367
2013-08-27,0.01727327642112,0.6100005748289266,0.0021982238445598878
2013-08-28,0.01642377102336,0.5800005465586515,0.0020901144751553032
2013-08-29,0.015007928693760003,0.5300004994415264,0.001909932192814329
2013-08-30,0.015574265625600004,0.5500005182883765,0.001982005105750719
2013-08-31,0.013308917898240001,0.4700004429009762,0.0016937134540051595
2013-09-01,0.013592086364160002,0.48000045232440125,0.0017297499104733545
2013-09-02,0.013592086364160002,0.48000045232440125,0.0017297499104733545
2013-09-03,0.013308917898240001,0.4700004429009762,0.0016937134540051595
2013-09-04,0.013308917898240001,0.4700004429009762,0.0016937134540051595
2013-09-05,0.013592086364160002,0.48000045232440125,0.0017297499104733545
2013-09-06,0.014158423296000002,0.5000004711712513,0.0018018228234097443
2013-09-07,0.013025749432320002,0.4600004334775512,0.0016576769975369648
2013-09-08,0.013592086364160002,0.48000045232440125,0.0017297499104733545
2013-09-09,0.056916861649920006,2.0100018941084303,0.007243327750107172
2013-09-10,0.03596239517184001,1.2700011967749785,0.004576629971460751
2013-09-11,0.027467341194240002,0.9700009140722274,0.003495536277414904
2013-09-12,0.042475269888,1.5000014135137538,0.005405468470229232
2013-09-13,0.34263384376320005,12.10001140234428,0.043604112326515815
2013-09-14,0.08438420284416001,2.9800028081806578,0.010738864027522076
2013-09-15,0.2888318352384,10.200009611893526,0.03675718559755878
2013-09-16,0.031998036648960004,1.130001064847028,0.004072119580906022
2013-09-17,0.023786151137280002,0.8400007915677021,0.00302706234332837
2013-09-18,0.025768330398720004,0.9100008575316774,0.003279317538605734
2013-09-19,0.020388129546240003,0.7200006784866019,0.0025946248657100317
2013-09-20,0.019255455682560003,0.6800006407929018,0.002450479039837252
2013-09-21,0.01642377102336,0.5800005465586515,0.0020901144751553032
2013-09-22,0.11270104943616002,3.9800037505231605,0.014342509674341567
2013-09-23,0.05068715539968001,1.7900016867930797,0.0064505257078068855
2013-09-24,0.026051498864640005,0.9200008669551024,0.0033153539950739296
2013-09-25,0.021803971875840003,0.770000725603727,0.002774807148051006
2013-09-26,0.018405950284800004,0.6500006125226268,0.0023423696704326677
2013-09-27,0.024352488069120003,0.8600008104145522,0.00309913525626476
2013-09-28,0.024635656535040004,0.8700008198379773,0.0031351717127329547
2013-09-29,0.01953862414848,0.6900006502163267,0.0024865154963054467
2013-09-30,0.018972287216640005,0.6700006313694769,0.0024144425833690576
2013-10-01,0.017839613352960002,0.6300005936757767,0.0022702967574962777
2013-10-02,0.017839613352960002,0.6300005936757767,0.0022702967574962777
2013-10-03,0.0198217926144,0.7000006596397518,0.0025225519527736417
2013-10-04,0.042475269888,1.5000014135137538,0.005405468470229232
2013-10-05,0.03313071051264,1.170001102540728,0.004216265406778801
2013-10-06,0.03114853125120001,1.100001036576753,0.003964010211501438
2013-10-07,0.028600015057920005,1.0100009517659276,0.0036396821032876835
2013-10-08,0.025485161932800003,0.9000008481082523,0.0032432810821375396
2013-10-09,0.023786151137280002,0.8400007915677021,0.00302706234332837
2013-10-10,0.028316846592000004,1.0000009423425027,0.0036036456468194885
2013-10-11,0.03114853125120001,1.100001036576753,0.003964010211501438
2013-10-12,0.026901004262400004,0.9500008952253775,0.0034234633644785145
2013-10-13,0.022653477273600005,0.8000007538740022,0.002882916517455591
2013-10-14,0.04389111221760001,1.5500014606308792,0.005585650752570208
2013-10-15,0.03907724829696,1.3800013004326535,0.0049730309926108935
2013-10-16,0.030015857387520006,1.0600009988830528,0.003819864385628658
2013-10-17,0.025768330398720004,0.9100008575316774,0.003279317538605734
2013-10-18,0.025485161932800003,0.9000008481082523,0.0032432810821375396
2013-10-19,0.024069319603200003,0.8500008009911272,0.003063098799796565
2013-10-20,0.024635656535040004,0.8700008198379773,0.0031351717127329547
2013-10-21,0.024069319603200003,0.8500008009911272,0.003063098799796565
2013-10-22,0.023786151137280002,0.8400007915677021,0.00302706234332837
2013-10-23,0.024069319603200003,0.8500008009911272,0.003063098799796565
2013-10-24,0.024635656535040004,0.8700008198379773,0.0031351717127329547
2013-10-25,0.024352488069120003,0.8600008104145522,0.00309913525626476
2013-10-26,0.024635656535040004,0.8700008198379773,0.0031351717127329547
2013-10-27,0.025201993466880006,0.8900008386848274,0.003207244625669345
2013-10-28,0.025201993466880006,0.8900008386848274,0.003207244625669345
2013-10-29,0.028316846592000004,1.0000009423425027,0.0036036456468194885
2013-10-30,0.03454655284224,1.2200011496578531,0.0043964476891197755
2013-10-31,0.028600015057920005,1.0100009517659276,0.0036396821032876835
2013-11-01,0.026617835796480003,0.9400008858019524,0.003387426908010319
2013-11-02,0.025201993466880006,0.8900008386848274,0.003207244625669345
2013-11-03,0.026617835796480003,0.9400008858019524,0.003387426908010319
2013-11-04,0.029166351989760007,1.0300009706127777,0.0037117550162240735
2013-11-05,0.03313071051264,1.170001102540728,0.004216265406778801
2013-11-06,0.030865362785280008,1.090001027153328,0.003927973755033243
2013-11-07,0.028600015057920005,1.0100009517659276,0.0036396821032876835
2013-11-08,0.031998036648960004,1.130001064847028,0.004072119580906022
2013-11-09,0.028883183523840006,1.0200009611893528,0.0036757185597558785
2013-11-10,0.029166351989760007,1.0300009706127777,0.0037117550162240735
2013-11-11,0.027750509660160003,0.9800009234956525,0.0035315727338830986
2013-11-12,0.027184172728320005,0.9600009046488025,0.003459499820946709
2013-11-13,0.027750509660160003,0.9800009234956525,0.0035315727338830986
2013-11-14,0.030582194319360007,1.0800010177299029,0.0038919372985650484
2013-11-15,0.029449520455680004,1.0400009800362027,0.003747791472692268
2013-11-16,0.028316846592000004,1.0000009423425027,0.0036036456468194885
2013-11-17,0.03114853125120001,1.100001036576753,0.003964010211501438
2013-11-18,0.030015857387520006,1.0600009988830528,0.003819864385628658
2013-11-19,0.030299025853440006,1.070001008306478,0.003855900842096853
2013-11-20,0.033980215910400006,1.2000011308110032,0.004324374776183386
2013-11-21,0.03511288977408,1.2400011685047032,0.0044685206020561655
2013-11-22,0.028316846592000004,1.0000009423425027,0.0036036456468194885
2013-11-23,0.028316846592000004,1.0000009423425027,0.0036036456468194885
2013-11-24,0.03454655284224,1.2200011496578531,0.0043964476891197755
2013-11-25,0.035679226705920004,1.2600011873515533,0.004540593514992555
2013-11-26,0.0325643735808,1.1500010836938779,0.004144192493842411
2013-11-27,0.03114853125120001,1.100001036576753,0.003964010211501438
2013-11-28,0.03114853125120001,1.100001036576753,0.003964010211501438
2013-11-29,0.03114853125120001,1.100001036576753,0.003964010211501438
2013-11-30,0.033980215910400006,1.2000011308110032,0.004324374776183386
2013-12-01,0.03454655284224,1.2200011496578531,0.0043964476891197755
2013-12-02,0.03114853125120001,1.100001036576753,0.003964010211501438
2013-12-03,0.024918825000960005,0.8800008292614023,0.00317120816920115
2013-12-04,0.022653477273600005,0.8000007538740022,0.002882916517455591
2013-12-05,0.022370308807680005,0.7900007444505771,0.002846880060987396
2013-12-06,0.024918825000960005,0.8800008292614023,0.00317120816920115
2013-12-07,0.023786151137280002,0.8400007915677021,0.00302706234332837
2013-12-08,0.020954466478080004,0.740000697333452,0.0026666977786464216
2013-12-09,0.012176244034560002,0.4300004052072761,0.00154956762813238
2013-12-10,0.018122781818880003,0.6400006030992017,0.0023063332139644727
2013-12-11,0.018972287216640005,0.6700006313694769,0.0024144425833690576
2013-12-12,0.018972287216640005,0.6700006313694769,0.0024144425833690576
2013-12-13,0.0198217926144,0.7000006596397518,0.0025225519527736417
2013-12-14,0.01953862414848,0.6900006502163267,0.0024865154963054467
2013-12-15,0.018972287216640005,0.6700006313694769,0.0024144425833690576
2013-12-16,0.0198217926144,0.7000006596397518,0.0025225519527736417
2013-12-17,0.0198217926144,0.7000006596397518,0.0025225519527736417
2013-12-18,0.019255455682560003,0.6800006407929018,0.002450479039837252
2013-12-19,0.019255455682560003,0.6800006407929018,0.002450479039837252
2013-12-20,0.01755644488704,0.6200005842523516,0.0022342603010280827
2013-12-21,0.013308917898240001,0.4700004429009762,0.0016937134540051595
2013-12-22,0.00821188551168,0.29000027327932576,0.0010450572375776516
2013-12-23,0.009627727841280001,0.3400003203964509,0.001225239519918626
2013-12-24,0.010760401704960001,0.380000358090151,0.0013693853457914056
2013-12-25,0.01642377102336,0.5800005465586515,0.0020901144751553032
2013-12-26,0.018972287216640005,0.6700006313694769,0.0024144425833690576
2013-12-27,0.01953862414848,0.6900006502163267,0.0024865154963054467
2013-12-28,0.020388129546240003,0.7200006784866019,0.0025946248657100317
2013-12-29,0.020671298012160003,0.7300006879100269,0.0026306613221782267
2013-12-30,0.01953862414848,0.6900006502163267,0.0024865154963054467
2013-12-31,0.0198217926144,0.7000006596397518,0.0025225519527736417
2014-01-01,0.0198217926144,0.7000006596397518,0.0025225519527736417
2014-01-02,0.016706939489280002,0.5900005559820766,0.0021261509316234982
2014-01-03,0.016706939489280002,0.5900005559820766,0.0021261509316234982
2014-01-04,0.019255455682560003,0.6800006407929018,0.002450479039837252
2014-01-05,0.01614060255744,0.5700005371352265,0.0020540780186871083
2014-01-06,0.01755644488704,0.6200005842523516,0.0022342603010280827
2014-01-07,0.019255455682560003,0.6800006407929018,0.002450479039837252
2014-01-08,0.018972287216640005,0.6700006313694769,0.0024144425833690576
2014-01-09,0.019255455682560003,0.6800006407929018,0.002450479039837252
2014-01-10,0.019255455682560003,0.6800006407929018,0.002450479039837252
2014-01-11,0.018972287216640005,0.6700006313694769,0.0024144425833690576
2014-01-12,0.01755644488704,0.6200005842523516,0.0022342603010280827
2014-01-13,0.015857434091520003,0.5600005277118015,0.0020180415622189137
2014-01-14,0.011893075568640001,0.42000039578385107,0.001513531171664185
2014-01-15,0.011609907102720002,0.4100003863604261,0.0014774947151959903
2014-01-16,0.011609907102720002,0.4100003863604261,0.0014774947151959903
2014-01-17,0.011043570170880002,0.39000036751357603,0.0014054218022596006
2014-01-18,0.011043570170880002,0.39000036751357603,0.0014054218022596006
2014-01-19,0.011326738636800003,0.4000003769370011,0.0014414582587277955
2014-01-20,0.011326738636800003,0.4000003769370011,0.0014414582587277955
2014-01-21,0.011043570170880002,0.39000036751357603,0.0014054218022596006
2014-01-22,0.011043570170880002,0.39000036751357603,0.0014054218022596006
2014-01-23,0.011326738636800003,0.4000003769370011,0.0014414582587277955
2014-01-24,0.011326738636800003,0.4000003769370011,0.0014414582587277955
2014-01-25,0.011893075568640001,0.42000039578385107,0.001513531171664185
2014-01-26,0.011609907102720002,0.4100003863604261,0.0014774947151959903
2014-01-27,0.011043570170880002,0.39000036751357603,0.0014054218022596006
2014-01-28,0.009627727841280001,0.3400003203964509,0.001225239519918626
2014-01-29,0.00877822244352,0.3100002921261758,0.0011171301505140414
2014-01-30,0.007645548579840002,0.2700002544324757,0.0009729843246412621
2014-01-31,0.006796043182080001,0.24000022616220062,0.0008648749552366773
2014-02-01,0.009061390909440002,0.32000030154960085,0.0011531666069822363
2014-02-02,0.011893075568640001,0.42000039578385107,0.001513531171664185
2014-02-03,0.015291097159680004,0.5400005088649514,0.0019459686492825242
2014-02-04,0.018405950284800004,0.6500006125226268,0.0023423696704326677
2014-02-05,0.015291097159680004,0.5400005088649514,0.0019459686492825242
2014-02-06,0.013875254830080001,0.49000046174782624,0.0017657863669415493
2014-02-07,0.013875254830080001,0.49000046174782624,0.0017657863669415493
2014-02-08,0.012742580966400002,0.45000042405412616,0.0016216405410687698
2014-02-09,0.011609907102720002,0.4100003863604261,0.0014774947151959903
2014-02-10,0.011609907102720002,0.4100003863604261,0.0014774947151959903
2014-02-11,0.011043570170880002,0.39000036751357603,0.0014054218022596006
2014-02-12,0.011043570170880002,0.39000036751357603,0.0014054218022596006
2014-02-13,0.013025749432320002,0.4600004334775512,0.0016576769975369648
2014-02-14,0.014158423296000002,0.5000004711712513,0.0018018228234097443
2014-02-15,0.016990107955200003,0.6000005654055016,0.002162187388091693
2014-02-16,0.018972287216640005,0.6700006313694769,0.0024144425833690576
2014-02-17,0.019255455682560003,0.6800006407929018,0.002450479039837252
2014-02-18,0.018405950284800004,0.6500006125226268,0.0023423696704326677
2014-02-19,0.017839613352960002,0.6300005936757767,0.0022702967574962777
2014-02-20,0.012459412500480002,0.44000041463070116,0.001585604084600575
2014-02-21,0.012742580966400002,0.45000042405412616,0.0016216405410687698
2014-02-22,0.011893075568640001,0.42000039578385107,0.001513531171664185
2014-02-23,0.015574265625600004,0.5500005182883765,0.001982005105750719
2014-02-24,0.018405950284800004,0.6500006125226268,0.0023423696704326677
2014-02-25,0.025201993466880006,0.8900008386848274,0.003207244625669345
2014-02-26,0.0410594275584,1.4500013663966287,0.005225286187888258
2014-02-27,0.08410103437824001,2.970002798757233,0.010702827571053881
2014-02-28,0.09202975142400001,3.2500030626131333,0.011711848352163337
2014-03-01,0.10080797386752002,3.5600033547393095,0.01282897850267738
2014-03-02,0.06682775795712001,2.3600022239283063,0.008504603726493993
2014-03-03,0.05889904091136001,2.0800019600724053,0.007495582945384536
2014-03-04,0.05974854630912001,2.1100019883426806,0.0076036923147891206
2014-03-05,0.056916861649920006,2.0100018941084303,0.007243327750107172
2014-03-06,0.054085176990720005,1.9100017998741798,0.006882963185425223
2014-03-07,0.06597825255936002,2.3300021956580315,0.00839649435708941
2014-03-08,0.05521785085440001,1.95000183756788,0.0070271090112980035
2014-03-09,0.05040398693376001,1.7800016773696548,0.00641448925133869
2014-03-10,0.05040398693376001,1.7800016773696548,0.00641448925133869
2014-03-11,0.05040398693376001,1.7800016773696548,0.00641448925133869
2014-03-12,0.04530695454720001,1.6000015077480043,0.005765833034911182
2014-03-13,0.04587329147904001,1.6200015265948544,0.005837905947847572
2014-03-14,0.04559012301312001,1.6100015171714293,0.005801869491379377
2014-03-15,0.04502378608128001,1.5900014983245792,0.005729796578442987
2014-03-16,0.043041606819840005,1.520001432360604,0.005477541383165622
2014-03-17,0.04700596534272,1.6600015642885542,0.00598205177372035
2014-03-18,0.048138639206400005,1.7000016019822544,0.00612619759959313
2014-03-19,0.04643962841088001,1.6400015454417043,0.005909978860783961
2014-03-20,0.04615645994496,1.6300015360182791,0.005873942404315766
2014-03-21,0.04700596534272,1.6600015642885542,0.00598205177372035
2014-03-22,0.05012081846784001,1.7700016679462296,0.006378452794870495
2014-03-23,0.04615645994496,1.6300015360182791,0.005873942404315766
2014-03-24,0.044457449149440005,1.570001479477729,0.005657723665506597
2014-03-25,0.044457449149440005,1.570001479477729,0.005657723665506597
2014-03-26,0.04587329147904001,1.6200015265948544,0.005837905947847572
2014-03-27,0.05351884005888,1.8900017810273297,0.006810890272488832
2014-03-28,0.05040398693376001,1.7800016773696548,0.00641448925133869
2014-03-29,0.048138639206400005,1.7000016019822544,0.00612619759959313
2014-03-30,0.04785547074048001,1.6900015925588294,0.006090161143124936
2014-03-31,0.05012081846784001,1.7700016679462296,0.006378452794870495
2014-04-01,0.046722796876800005,1.6500015548651292,0.005946015317252156
2014-04-02,0.05351884005888,1.8900017810273297,0.006810890272488832
2014-04-03,0.052386166195200014,1.85000174333363,0.0066667444466160545
2014-04-04,0.04785547074048001,1.6900015925588294,0.006090161143124936
2014-04-05,0.04785547074048001,1.6900015925588294,0.006090161143124936
2014-04-06,0.047289133808640006,1.6700015737119793,0.006018088230188546
2014-04-07,0.046722796876800005,1.6500015548651292,0.005946015317252156
2014-04-08,0.04530695454720001,1.6000015077480043,0.005765833034911182
2014-04-09,0.04502378608128001,1.5900014983245792,0.005729796578442987
2014-04-10,0.04474061761536001,1.5800014889011542,0.005693760121974792
2014-04-11,0.043607943751680006,1.540001451207454,0.005549614296102012
2014-04-12,0.043041606819840005,1.520001432360604,0.005477541383165622
2014-04-13,0.07277429574144001,2.5700024218202318,0.009261369312326085
2014-04-14,0.05068715539968001,1.7900016867930797,0.0064505257078068855
2014-04-15,0.04842180767232001,1.7100016114056795,0.006162234056061326
2014-04-16,0.046722796876800005,1.6500015548651292,0.005946015317252156
2014-04-17,0.04587329147904001,1.6200015265948544,0.005837905947847572
2014-04-18,0.04530695454720001,1.6000015077480043,0.005765833034911182
2014-04-19,0.04530695454720001,1.6000015077480043,0.005765833034911182
2014-04-20,0.04559012301312001,1.6100015171714293,0.005801869491379377
2014-04-21,0.04417428068352001,1.5600014700543041,0.005621687209038402
2014-04-22,0.04332477528576001,1.530001441784029,0.005513577839633818
2014-04-23,0.04332477528576001,1.530001441784029,0.005513577839633818
2014-04-24,0.043041606819840005,1.520001432360604,0.005477541383165622
2014-04-25,0.04332477528576001,1.530001441784029,0.005513577839633818
2014-04-26,0.04332477528576001,1.530001441784029,0.005513577839633818
2014-04-27,0.04587329147904001,1.6200015265948544,0.005837905947847572
2014-04-28,0.043607943751680006,1.540001451207454,0.005549614296102012
2014-04-29,0.04389111221760001,1.5500014606308792,0.005585650752570208
2014-04-30,0.043041606819840005,1.520001432360604,0.005477541383165622
2014-05-01,0.043041606819840005,1.520001432360604,0.005477541383165622
2014-05-02,0.04332477528576001,1.530001441784029,0.005513577839633818
2014-05-03,0.043041606819840005,1.520001432360604,0.005477541383165622
2014-05-04,0.041625764490240004,1.4700013852434788,0.005297359100824648
2014-05-05,0.04020992216064,1.4200013381263537,0.005117176818483673
2014-05-06,0.04049309062656001,1.4300013475497788,0.005153213274951869
2014-05-07,0.039926753694720006,1.4100013287029287,0.005081140362015479
2014-05-08,0.0410594275584,1.4500013663966287,0.005225286187888258
2014-05-09,0.04389111221760001,1.5500014606308792,0.005585650752570208
2014-05-10,0.05012081846784001,1.7700016679462296,0.006378452794870495
2014-05-11,0.09571094148096002,3.380003185117659,0.012180322286249871
2014-05-12,0.05720003011584001,2.0200019035318553,0.007279364206575367
2014-05-13,0.048138639206400005,1.7000016019822544,0.00612619759959313
2014-05-14,0.04587329147904001,1.6200015265948544,0.005837905947847572
2014-05-15,0.04474061761536001,1.5800014889011542,0.005693760121974792
2014-05-16,0.04332477528576001,1.530001441784029,0.005513577839633818
2014-05-17,0.043041606819840005,1.520001432360604,0.005477541383165622
2014-05-18,0.040776259092480005,1.4400013569732037,0.005189249731420063
2014-05-19,0.03907724829696,1.3800013004326535,0.0049730309926108935
2014-05-20,0.03822774289920001,1.3500012721623786,0.00486492162320631
2014-05-21,0.03794457443328001,1.3400012627389537,0.004828885166738115
2014-05-22,0.03794457443328001,1.3400012627389537,0.004828885166738115
2014-05-23,0.03879407983104001,1.3700012910092287,0.0049369945361427
2014-05-24,0.03907724829696,1.3800013004326535,0.0049730309926108935
2014-05-25,0.04559012301312001,1.6100015171714293,0.005801869491379377
2014-05-26,0.05153666079744001,1.8200017150633547,0.006558635077211468
2014-05-27,0.0410594275584,1.4500013663966287,0.005225286187888258
2014-05-28,0.03879407983104001,1.3700012910092287,0.0049369945361427
2014-05-29,0.03737823750144001,1.3200012438921036,0.004756812253801725
2014-05-30,0.038510911365120006,1.3600012815858036,0.004900958079674504
2014-05-31,0.04020992216064,1.4200013381263537,0.005117176818483673
2014-06-01,0.03511288977408,1.2400011685047032,0.0044685206020561655
2014-06-02,0.033413878978560005,1.1800011119641531,0.0042523018632469965
2014-06-03,0.03228120511488,1.140001074270453,0.0041081560373742165
2014-06-04,0.03114853125120001,1.100001036576753,0.003964010211501438
2014-06-05,0.03114853125120001,1.100001036576753,0.003964010211501438
2014-06-06,0.029732688921600005,1.0500009894596278,0.0037838279291604626
2014-06-07,0.029166351989760007,1.0300009706127777,0.0037117550162240735
2014-06-08,0.030582194319360007,1.0800010177299029,0.0038919372985650484
2014-06-09,0.034263384376320004,1.2100011402344282,0.004360411232651581
2014-06-10,0.0325643735808,1.1500010836938779,0.004144192493842411
2014-06-11,0.03143169971712001,1.1100010460001781,0.004000046667969633
2014-06-12,0.030865362785280008,1.090001027153328,0.003927973755033243
2014-06-13,0.029732688921600005,1.0500009894596278,0.0037838279291604626
2014-06-14,0.028316846592000004,1.0000009423425027,0.0036036456468194885
2014-06-15,0.028883183523840006,1.0200009611893528,0.0036757185597558785
2014-06-16,0.028316846592000004,1.0000009423425027,0.0036036456468194885
2014-06-17,0.028033678126080003,0.9900009329190775,0.003567609190351294
2014-06-18,0.026334667330560006,0.9300008763785275,0.0033513904515421245
2014-06-19,0.027750509660160003,0.9800009234956525,0.0035315727338830986
2014-06-20,0.028316846592000004,1.0000009423425027,0.0036036456468194885
2014-06-21,0.025201993466880006,0.8900008386848274,0.003207244625669345
2014-06-22,0.024918825000960005,0.8800008292614023,0.00317120816920115
2014-06-23,0.024635656535040004,0.8700008198379773,0.0031351717127329547
2014-06-24,0.024352488069120003,0.8600008104145522,0.00309913525626476
2014-06-25,0.024069319603200003,0.8500008009911272,0.003063098799796565
2014-06-26,0.022087140341760004,0.7800007350271521,0.002810843604519201
2014-06-27,0.021520803409920002,0.760000716180302,0.002738770691582811
2014-06-28,0.022087140341760004,0.7800007350271521,0.002810843604519201
2014-06-29,0.01953862414848,0.6900006502163267,0.0024865154963054467
2014-06-30,0.0198217926144,0.7000006596397518,0.0025225519527736417
2014-07-01,0.020388129546240003,0.7200006784866019,0.0025946248657100317
2014-07-02,0.018122781818880003,0.6400006030992017,0.0023063332139644727
2014-07-03,0.018972287216640005,0.6700006313694769,0.0024144425833690576
2014-07-04,0.019255455682560003,0.6800006407929018,0.002450479039837252
2014-07-05,0.0198217926144,0.7000006596397518,0.0025225519527736417
2014-07-06,0.018122781818880003,0.6400006030992017,0.0023063332139644727
2014-07-07,0.018689118750720005,0.6600006219460518,0.0023784061269008627
2014-07-08,0.017839613352960002,0.6300005936757767,0.0022702967574962777
2014-07-09,0.017839613352960002,0.6300005936757767,0.0022702967574962777
2014-07-10,0.018122781818880003,0.6400006030992017,0.0023063332139644727
2014-07-11,0.022653477273600005,0.8000007538740022,0.002882916517455591
2014-07-12,0.022936645739520006,0.8100007632974272,0.002918952973923786
2014-07-13,0.020388129546240003,0.7200006784866019,0.0025946248657100317
2014-07-14,0.0198217926144,0.7000006596397518,0.0025225519527736417
2014-07-15,0.01953862414848,0.6900006502163267,0.0024865154963054467
2014-07-16,0.021520803409920002,0.760000716180302,0.002738770691582811
2014-07-17,0.022370308807680005,0.7900007444505771,0.002846880060987396
2014-07-18,0.020954466478080004,0.740000697333452,0.0026666977786464216
2014-07-19,0.022087140341760004,0.7800007350271521,0.002810843604519201
2014-07-20,0.021237634944,0.7500007067568769,0.002702734235114616
2014-07-21,0.02010496108032,0.7100006690631768,0.0025585884092418367
2014-07-22,0.020954466478080004,0.740000697333452,0.0026666977786464216
2014-07-23,0.021803971875840003,0.770000725603727,0.002774807148051006
2014-07-24,0.0198217926144,0.7000006596397518,0.0025225519527736417
2014-07-25,0.021237634944,0.7500007067568769,0.002702734235114616
2014-07-26,0.01953862414848,0.6900006502163267,0.0024865154963054467
2014-07-27,0.019255455682560003,0.6800006407929018,0.002450479039837252
2014-07-28,0.019255455682560003,0.6800006407929018,0.002450479039837252
2014-07-29,0.05946537784320001,2.1000019789192557,0.007567655858320925
2014-07-30,0.04927131307008001,1.7400016396759546,0.006270343425465909
2014-07-31,0.028883183523840006,1.0200009611893528,0.0036757185597558785
2014-08-01,0.023786151137280002,0.8400007915677021,0.00302706234332837
2014-08-02,0.022370308807680005,0.7900007444505771,0.002846880060987396
2014-08-03,0.022936645739520006,0.8100007632974272,0.002918952973923786
2014-08-04,1.1694857642496002,41.30003891874536,0.14883056521364488
2014-08-05,0.10194064773120001,3.6000033924330093,0.012973124328550158
2014-08-06,0.029449520455680004,1.0400009800362027,0.003747791472692268
2014-08-07,0.026051498864640005,0.9200008669551024,0.0033153539950739296
2014-08-08,0.025201993466880006,0.8900008386848274,0.003207244625669345
2014-08-09,0.024069319603200003,0.8500008009911272,0.003063098799796565
2014-08-10,0.02350298267136,0.8300007821442771,0.002991025886860175
2014-08-11,0.022936645739520006,0.8100007632974272,0.002918952973923786
2014-08-12,0.021237634944,0.7500007067568769,0.002702734235114616
2014-08-13,0.020954466478080004,0.740000697333452,0.0026666977786464216
2014-08-14,0.025201993466880006,0.8900008386848274,0.003207244625669345
2014-08-15,0.02350298267136,0.8300007821442771,0.002991025886860175
2014-08-16,0.021803971875840003,0.770000725603727,0.002774807148051006
2014-08-17,0.020954466478080004,0.740000697333452,0.0026666977786464216
2014-08-18,0.020388129546240003,0.7200006784866019,0.0025946248657100317
2014-08-19,0.023219814205440004,0.8200007727208521,0.0029549894303919806
2014-08-20,0.027467341194240002,0.9700009140722274,0.003495536277414904
2014-08-21,0.03313071051264,1.170001102540728,0.004216265406778801
2014-08-22,0.028316846592000004,1.0000009423425027,0.0036036456468194885
2014-08-23,0.056916861649920006,2.0100018941084303,0.007243327750107172
2014-08-24,0.034263384376320004,1.2100011402344282,0.004360411232651581
2014-08-25,0.06229706250240002,2.200002073153506,0.007928020423002877
2014-08-26,0.03228120511488,1.140001074270453,0.0041081560373742165
2014-08-27,0.05521785085440001,1.95000183756788,0.0070271090112980035
2014-08-28,0.044457449149440005,1.570001479477729,0.005657723665506597
2014-08-29,0.033413878978560005,1.1800011119641531,0.0042523018632469965
2014-08-30,0.030299025853440006,1.070001008306478,0.003855900842096853
2014-08-31,0.029732688921600005,1.0500009894596278,0.0037838279291604626
2014-09-01,0.028600015057920005,1.0100009517659276,0.0036396821032876835
2014-09-02,0.028033678126080003,0.9900009329190775,0.003567609190351294
2014-09-03,0.028316846592000004,1.0000009423425027,0.0036036456468194885
2014-09-04,0.027184172728320005,0.9600009046488025,0.003459499820946709
2014-09-05,0.028316846592000004,1.0000009423425027,0.0036036456468194885
2014-09-06,0.028316846592000004,1.0000009423425027,0.0036036456468194885
2014-09-07,0.027750509660160003,0.9800009234956525,0.0035315727338830986
2014-09-08,0.028600015057920005,1.0100009517659276,0.0036396821032876835
2014-09-09,0.08381786591232002,2.960002789333808,0.010666791114585687
2014-09-10,0.05266933466112001,1.860001752757055,0.006702780903084249
2014-09-11,0.03539605824000001,1.2500011779281284,0.004504557058524361
2014-09-12,0.03284754204672,1.160001093117303,0.0041802289503106065
2014-09-13,0.034263384376320004,1.2100011402344282,0.004360411232651581
2014-09-14,0.03369704744448,1.190001121387578,0.004288338319715191
2014-09-15,0.03284754204672,1.160001093117303,0.0041802289503106065
2014-09-16,0.03284754204672,1.160001093117303,0.0041802289503106065
2014-09-17,0.03313071051264,1.170001102540728,0.004216265406778801
2014-09-18,0.03313071051264,1.170001102540728,0.004216265406778801
2014-09-19,0.03313071051264,1.170001102540728,0.004216265406778801
2014-09-20,0.033413878978560005,1.1800011119641531,0.0042523018632469965
2014-09-21,0.040776259092480005,1.4400013569732037,0.005189249731420063
2014-09-22,0.05153666079744001,1.8200017150633547,0.006558635077211468
2014-09-23,0.038510911365120006,1.3600012815858036,0.004900958079674504
2014-09-24,0.03511288977408,1.2400011685047032,0.0044685206020561655
2014-09-25,0.033413878978560005,1.1800011119641531,0.0042523018632469965
2014-09-26,0.0325643735808,1.1500010836938779,0.004144192493842411
2014-09-27,0.03454655284224,1.2200011496578531,0.0043964476891197755
2014-09-28,0.07334063267328,2.5900024406670816,0.009333442225262474
2014-09-29,0.049554481536000006,1.7500016490993795,0.006306379881934105
2014-09-30,0.039360416762880004,1.3900013098560786,0.005009067449079089
2014-10-01,0.07560598040064001,2.670002516054482,0.009621733877008034
2014-10-02,0.04502378608128001,1.5900014983245792,0.005729796578442987
2014-10-03,0.039926753694720006,1.4100013287029287,0.005081140362015479
2014-10-04,0.03907724829696,1.3800013004326535,0.0049730309926108935
2014-10-05,0.038510911365120006,1.3600012815858036,0.004900958079674504
2014-10-06,0.03822774289920001,1.3500012721623786,0.00486492162320631
2014-10-07,0.038510911365120006,1.3600012815858036,0.004900958079674504
2014-10-08,0.03907724829696,1.3800013004326535,0.0049730309926108935
2014-10-09,0.039360416762880004,1.3900013098560786,0.005009067449079089
2014-10-10,0.0396435852288,1.4000013192795036,0.005045103905547283
2014-10-11,0.03879407983104001,1.3700012910092287,0.0049369945361427
2014-10-12,0.042192101422080006,1.4900014040903289,0.005369432013761038
2014-10-13,0.040776259092480005,1.4400013569732037,0.005189249731420063
2014-10-14,0.04049309062656001,1.4300013475497788,0.005153213274951869
2014-10-15,0.039360416762880004,1.3900013098560786,0.005009067449079089
2014-10-16,0.03907724829696,1.3800013004326535,0.0049730309926108935
2014-10-17,0.03879407983104001,1.3700012910092287,0.0049369945361427
2014-10-18,0.03794457443328001,1.3400012627389537,0.004828885166738115
2014-10-19,0.03652873210368,1.2900012156218283,0.00464870288439714
2014-10-20,0.03681190056960001,1.3000012250452535,0.004684739340865335
2014-10-21,0.038510911365120006,1.3600012815858036,0.004900958079674504
2014-10-22,0.043041606819840005,1.520001432360604,0.005477541383165622
2014-10-23,0.03822774289920001,1.3500012721623786,0.00486492162320631
2014-10-24,0.03822774289920001,1.3500012721623786,0.00486492162320631
2014-10-25,0.03822774289920001,1.3500012721623786,0.00486492162320631
2014-10-26,0.03907724829696,1.3800013004326535,0.0049730309926108935
2014-10-27,0.04134259602432001,1.4600013758200538,0.005261322644356453
2014-10-28,0.039360416762880004,1.3900013098560786,0.005009067449079089
2014-10-29,0.04020992216064,1.4200013381263537,0.005117176818483673
2014-10-30,0.04020992216064,1.4200013381263537,0.005117176818483673
2014-10-31,0.0410594275584,1.4500013663966287,0.005225286187888258
2014-11-01,0.041625764490240004,1.4700013852434788,0.005297359100824648
2014-11-02,0.044457449149440005,1.570001479477729,0.005657723665506597
2014-11-03,0.048138639206400005,1.7000016019822544,0.00612619759959313
2014-11-04,0.04275843835392001,1.510001422937179,0.005441504926697428
2014-11-05,0.042192101422080006,1.4900014040903289,0.005369432013761038
2014-11-06,0.042192101422080006,1.4900014040903289,0.005369432013761038
2014-11-07,0.04190893295616001,1.480001394666904,0.005333395557292843
2014-11-08,0.042192101422080006,1.4900014040903289,0.005369432013761038
2014-11-09,0.043041606819840005,1.520001432360604,0.005477541383165622
2014-11-10,0.044457449149440005,1.570001479477729,0.005657723665506597
2014-11-11,0.04020992216064,1.4200013381263537,0.005117176818483673
2014-11-12,0.03313071051264,1.170001102540728,0.004216265406778801
2014-11-13,0.027184172728320005,0.9600009046488025,0.003459499820946709
2014-11-14,0.030299025853440006,1.070001008306478,0.003855900842096853
2014-11-15,0.029449520455680004,1.0400009800362027,0.003747791472692268
2014-11-16,0.027750509660160003,0.9800009234956525,0.0035315727338830986
2014-11-17,0.019255455682560003,0.6800006407929018,0.002450479039837252
2014-11-18,0.016706939489280002,0.5900005559820766,0.0021261509316234982
2014-11-19,0.025201993466880006,0.8900008386848274,0.003207244625669345
2014-11-20,0.028316846592000004,1.0000009423425027,0.0036036456468194885
2014-11-21,0.030865362785280008,1.090001027153328,0.003927973755033243
2014-11-22,0.03284754204672,1.160001093117303,0.0041802289503106065
2014-11-23,0.03369704744448,1.190001121387578,0.004288338319715191
2014-11-24,0.03794457443328001,1.3400012627389537,0.004828885166738115
2014-11-25,0.041625764490240004,1.4700013852434788,0.005297359100824648
2014-11-26,0.04190893295616001,1.480001394666904,0.005333395557292843
2014-11-27,0.042192101422080006,1.4900014040903289,0.005369432013761038
2014-11-28,0.042192101422080006,1.4900014040903289,0.005369432013761038
2014-11-29,0.041625764490240004,1.4700013852434788,0.005297359100824648
2014-11-30,0.04049309062656001,1.4300013475497788,0.005153213274951869
2014-12-01,0.039360416762880004,1.3900013098560786,0.005009067449079089
2014-12-02,0.03539605824000001,1.2500011779281284,0.004504557058524361
2014-12-03,0.03822774289920001,1.3500012721623786,0.00486492162320631
2014-12-04,0.04020992216064,1.4200013381263537,0.005117176818483673
2014-12-05,0.040776259092480005,1.4400013569732037,0.005189249731420063
2014-12-06,0.042192101422080006,1.4900014040903289,0.005369432013761038
2014-12-07,0.0410594275584,1.4500013663966287,0.005225286187888258
2014-12-08,0.042475269888,1.5000014135137538,0.005405468470229232
2014-12-09,0.0396435852288,1.4000013192795036,0.005045103905547283
2014-12-10,0.04332477528576001,1.530001441784029,0.005513577839633818
2014-12-11,0.04587329147904001,1.6200015265948544,0.005837905947847572
2014-12-12,0.04587329147904001,1.6200015265948544,0.005837905947847572
2014-12-13,0.04474061761536001,1.5800014889011542,0.005693760121974792
2014-12-14,0.04700596534272,1.6600015642885542,0.00598205177372035
2014-12-15,0.04332477528576001,1.530001441784029,0.005513577839633818
2014-12-16,0.04530695454720001,1.6000015077480043,0.005765833034911182
2014-12-17,0.04417428068352001,1.5600014700543041,0.005621687209038402
2014-12-18,0.04417428068352001,1.5600014700543041,0.005621687209038402
2014-12-19,0.04389111221760001,1.5500014606308792,0.005585650752570208
2014-12-20,0.04559012301312001,1.6100015171714293,0.005801869491379377
2014-12-21,0.04502378608128001,1.5900014983245792,0.005729796578442987
2014-12-22,0.04530695454720001,1.6000015077480043,0.005765833034911182
2014-12-23,0.04190893295616001,1.480001394666904,0.005333395557292843
2014-12-24,0.036245563637760006,1.2800012061984034,0.004612666427928945
2014-12-25,0.04190893295616001,1.480001394666904,0.005333395557292843
2014-12-26,0.03652873210368,1.2900012156218283,0.00464870288439714
2014-12-27,0.033413878978560005,1.1800011119641531,0.0042523018632469965
2014-12-28,0.0325643735808,1.1500010836938779,0.004144192493842411
2014-12-29,0.026334667330560006,0.9300008763785275,0.0033513904515421245
2014-12-30,0.021520803409920002,0.760000716180302,0.002738770691582811
2014-12-31,0.016990107955200003,0.6000005654055016,0.002162187388091693
2015-01-01,0.01614060255744,0.5700005371352265,0.0020540780186871083
2015-01-02,0.016990107955200003,0.6000005654055016,0.002162187388091693
2015-01-03,0.015007928693760003,0.5300004994415264,0.001909932192814329
2015-01-04,0.01642377102336,0.5800005465586515,0.0020901144751553032
2015-01-05,0.01642377102336,0.5800005465586515,0.0020901144751553032
2015-01-06,0.01727327642112,0.6100005748289266,0.0021982238445598878
2015-01-07,0.016990107955200003,0.6000005654055016,0.002162187388091693
2015-01-08,0.017839613352960002,0.6300005936757767,0.0022702967574962777
2015-01-09,0.01953862414848,0.6900006502163267,0.0024865154963054467
2015-01-10,0.021803971875840003,0.770000725603727,0.002774807148051006
2015-01-11,0.022370308807680005,0.7900007444505771,0.002846880060987396
2015-01-12,0.025768330398720004,0.9100008575316774,0.003279317538605734
2015-01-13,0.029732688921600005,1.0500009894596278,0.0037838279291604626
2015-01-14,0.034263384376320004,1.2100011402344282,0.004360411232651581
2015-01-15,0.039360416762880004,1.3900013098560786,0.005009067449079089
2015-01-16,0.04190893295616001,1.480001394666904,0.005333395557292843
2015-01-17,0.039360416762880004,1.3900013098560786,0.005009067449079089
2015-01-18,0.041625764490240004,1.4700013852434788,0.005297359100824648
2015-01-19,0.039360416762880004,1.3900013098560786,0.005009067449079089
2015-01-20,0.042192101422080006,1.4900014040903289,0.005369432013761038
2015-01-21,0.042192101422080006,1.4900014040903289,0.005369432013761038
2015-01-22,0.0396435852288,1.4000013192795036,0.005045103905547283
2015-01-23,0.041625764490240004,1.4700013852434788,0.005297359100824648
2015-01-24,0.04020992216064,1.4200013381263537,0.005117176818483673
2015-01-25,0.03766140596736001,1.3300012533155285,0.00479284871026992
2015-01-26,0.03766140596736001,1.3300012533155285,0.00479284871026992
2015-01-27,0.03907724829696,1.3800013004326535,0.0049730309926108935
2015-01-28,0.046722796876800005,1.6500015548651292,0.005946015317252156
2015-01-29,0.047572302274560004,1.6800015831354043,0.00605412468665674
2015-01-30,0.05068715539968001,1.7900016867930797,0.0064505257078068855
2015-01-31,0.05181982926336001,1.83000172448678,0.006594671533679665
2015-02-01,0.05295250312704001,1.8700017621804799,0.0067388173595524445
2015-02-02,0.05436834545664001,1.920001809297605,0.006918999641893418
2015-02-03,0.05748319858176,2.03000191295528,0.007315400663043561
2015-02-04,0.06003171477504001,2.1200019977661055,0.007639728771257316
2015-02-05,0.05606735625216001,1.980001865838155,0.007135218380702588
2015-02-06,0.058615872445440004,2.0700019506489804,0.007459546488916341
2015-02-07,0.058615872445440004,2.0700019506489804,0.007459546488916341
2015-02-08,0.05210299772928001,1.8400017339102048,0.006630707990147859
2015-02-09,0.04983765000192001,1.7600016585228047,0.0063424163384023
2015-02-10,0.05380200852480001,1.900001790450755,0.006846926728957029
2015-02-11,0.04587329147904001,1.6200015265948544,0.005837905947847572
2015-02-12,0.04502378608128001,1.5900014983245792,0.005729796578442987
2015-02-13,0.04502378608128001,1.5900014983245792,0.005729796578442987
2015-02-14,0.043041606819840005,1.520001432360604,0.005477541383165622
2015-02-15,0.04615645994496,1.6300015360182791,0.005873942404315766
2015-02-16,0.04389111221760001,1.5500014606308792,0.005585650752570208
2015-02-17,0.043041606819840005,1.520001432360604,0.005477541383165622
2015-02-18,0.042192101422080006,1.4900014040903289,0.005369432013761038
2015-02-19,0.04389111221760001,1.5500014606308792,0.005585650752570208
2015-02-20,0.04842180767232001,1.7100016114056795,0.006162234056061326
2015-02-21,0.04927131307008001,1.7400016396759546,0.006270343425465909
2015-02-22,0.04049309062656001,1.4300013475497788,0.005153213274951869
2015-02-23,0.046722796876800005,1.6500015548651292,0.005946015317252156
2015-02-24,0.05125349233152001,1.8100017056399298,0.006522598620743275
2015-02-25,0.04927131307008001,1.7400016396759546,0.006270343425465909
2015-02-26,0.04785547074048001,1.6900015925588294,0.006090161143124936
2015-02-27,0.04927131307008001,1.7400016396759546,0.006270343425465909
2015-02-28,0.05068715539968001,1.7900016867930797,0.0064505257078068855
2015-03-01,0.05068715539968001,1.7900016867930797,0.0064505257078068855
2015-03-02,0.06767726335488002,2.3900022521985815,0.008612713095898578
2015-03-03,0.06031488324096001,2.1300020071895305,0.0076757652277255105
2015-03-04,0.04502378608128001,1.5900014983245792,0.005729796578442987
2015-03-05,0.044457449149440005,1.570001479477729,0.005657723665506597
2015-03-06,0.04417428068352001,1.5600014700543041,0.005621687209038402
2015-03-07,0.04389111221760001,1.5500014606308792,0.005585650752570208
2015-03-08,0.04332477528576001,1.530001441784029,0.005513577839633818
2015-03-09,0.04332477528576001,1.530001441784029,0.005513577839633818
2015-03-10,0.042475269888,1.5000014135137538,0.005405468470229232
2015-03-11,0.04134259602432001,1.4600013758200538,0.005261322644356453
2015-03-12,0.043041606819840005,1.520001432360604,0.005477541383165622
2015-03-13,0.04275843835392001,1.510001422937179,0.005441504926697428
2015-03-14,0.04190893295616001,1.480001394666904,0.005333395557292843
2015-03-15,0.041625764490240004,1.4700013852434788,0.005297359100824648
2015-03-16,0.04134259602432001,1.4600013758200538,0.005261322644356453
2015-03-17,0.040776259092480005,1.4400013569732037,0.005189249731420063
2015-03-18,0.040776259092480005,1.4400013569732037,0.005189249731420063
2015-03-19,0.042192101422080006,1.4900014040903289,0.005369432013761038
2015-03-20,0.039926753694720006,1.4100013287029287,0.005081140362015479
2015-03-21,0.04020992216064,1.4200013381263537,0.005117176818483673
2015-03-22,0.04020992216064,1.4200013381263537,0.005117176818483673
2015-03-23,0.04049309062656001,1.4300013475497788,0.005153213274951869
2015-03-24,0.040776259092480005,1.4400013569732037,0.005189249731420063
2015-03-25,0.042475269888,1.5000014135137538,0.005405468470229232
2015-03-26,0.040776259092480005,1.4400013569732037,0.005189249731420063
2015-03-27,0.0410594275584,1.4500013663966287,0.005225286187888258
2015-03-28,0.04020992216064,1.4200013381263537,0.005117176818483673
2015-03-29,0.03907724829696,1.3800013004326535,0.0049730309926108935
2015-03-30,0.04020992216064,1.4200013381263537,0.005117176818483673
2015-03-31,0.0410594275584,1.4500013663966287,0.005225286187888258
2015-04-01,0.039360416762880004,1.3900013098560786,0.005009067449079089
2015-04-02,0.03907724829696,1.3800013004326535,0.0049730309926108935
2015-04-03,0.04049309062656001,1.4300013475497788,0.005153213274951869
2015-04-04,0.039360416762880004,1.3900013098560786,0.005009067449079089
2015-04-05,0.04020992216064,1.4200013381263537,0.005117176818483673
2015-04-06,0.039360416762880004,1.3900013098560786,0.005009067449079089
2015-04-07,0.038510911365120006,1.3600012815858036,0.004900958079674504
2015-04-08,0.0396435852288,1.4000013192795036,0.005045103905547283
2015-04-09,0.043041606819840005,1.520001432360604,0.005477541383165622
2015-04-10,0.042475269888,1.5000014135137538,0.005405468470229232
2015-04-11,0.042192101422080006,1.4900014040903289,0.005369432013761038
2015-04-12,0.042475269888,1.5000014135137538,0.005405468470229232
2015-04-13,0.042192101422080006,1.4900014040903289,0.005369432013761038
2015-04-14,0.043607943751680006,1.540001451207454,0.005549614296102012
2015-04-15,0.04417428068352001,1.5600014700543041,0.005621687209038402
2015-04-16,0.05210299772928001,1.8400017339102048,0.006630707990147859
2015-04-17,0.06654458949120001,2.3500022145048813,0.008468567270025798
2015-04-18,0.0651287471616,2.3000021673877558,0.008288384987684822
2015-04-19,0.058615872445440004,2.0700019506489804,0.007459546488916341
2015-04-20,0.055501019320320005,1.960001846991305,0.007063145467766197
2015-04-21,0.05436834545664001,1.920001809297605,0.006918999641893418
2015-04-22,0.054085176990720005,1.9100017998741798,0.006882963185425223
2015-04-23,0.05380200852480001,1.900001790450755,0.006846926728957029
2015-04-24,0.05181982926336001,1.83000172448678,0.006594671533679665
2015-04-25,0.055501019320320005,1.960001846991305,0.007063145467766197
2015-04-26,0.06456241022976,2.280002148540906,0.008216312074748433
2015-04-27,0.04870497613824001,1.7200016208291045,0.00619827051252952
2015-04-28,0.04700596534272,1.6600015642885542,0.00598205177372035
2015-04-29,0.04049309062656001,1.4300013475497788,0.005153213274951869
2015-04-30,0.036245563637760006,1.2800012061984034,0.004612666427928945
2015-05-01,0.037095069035520005,1.3100012344686784,0.00472077579733353
2015-05-02,0.037095069035520005,1.3100012344686784,0.00472077579733353
2015-05-03,0.03822774289920001,1.3500012721623786,0.00486492162320631
2015-05-04,0.03822774289920001,1.3500012721623786,0.00486492162320631
2015-05-05,0.039360416762880004,1.3900013098560786,0.005009067449079089
2015-05-06,0.04417428068352001,1.5600014700543041,0.005621687209038402
2015-05-07,0.04474061761536001,1.5800014889011542,0.005693760121974792
2015-05-08,0.042475269888,1.5000014135137538,0.005405468470229232
2015-05-09,0.042475269888,1.5000014135137538,0.005405468470229232
2015-05-10,0.039360416762880004,1.3900013098560786,0.005009067449079089
2015-05-11,0.0396435852288,1.4000013192795036,0.005045103905547283
2015-05-12,0.03737823750144001,1.3200012438921036,0.004756812253801725
2015-05-13,0.03879407983104001,1.3700012910092287,0.0049369945361427
2015-05-14,0.04134259602432001,1.4600013758200538,0.005261322644356453
2015-05-15,0.04389111221760001,1.5500014606308792,0.005585650752570208
2015-05-16,0.043607943751680006,1.540001451207454,0.005549614296102012
2015-05-17,0.04530695454720001,1.6000015077480043,0.005765833034911182
2015-05-18,0.048138639206400005,1.7000016019822544,0.00612619759959313
2015-05-19,0.06399607329792001,2.260002129694056,0.008144239161812044
2015-05-20,0.052386166195200014,1.85000174333363,0.0066667444466160545
2015-05-21,0.04842180767232001,1.7100016114056795,0.006162234056061326
2015-05-22,0.06286339943424002,2.2200020920003563,0.008000093335939266
2015-05-23,0.08948123523072002,3.1600029778023084,0.011387520243949584
2015-05-24,0.05012081846784001,1.7700016679462296,0.006378452794870495
2015-05-25,0.04474061761536001,1.5800014889011542,0.005693760121974792
2015-05-26,0.046722796876800005,1.6500015548651292,0.005946015317252156
2015-05-27,0.054085176990720005,1.9100017998741798,0.006882963185425223
2015-05-28,0.04927131307008001,1.7400016396759546,0.006270343425465909
2015-05-29,0.04275843835392001,1.510001422937179,0.005441504926697428
2015-05-30,0.04049309062656001,1.4300013475497788,0.005153213274951869
2015-05-31,0.03907724829696,1.3800013004326535,0.0049730309926108935
2015-06-01,0.03737823750144001,1.3200012438921036,0.004756812253801725
2015-06-02,0.03511288977408,1.2400011685047032,0.0044685206020561655
2015-06-03,0.034829721308160005,1.2300011590812783,0.004432484145587971
2015-06-04,0.03284754204672,1.160001093117303,0.0041802289503106065
2015-06-05,0.03511288977408,1.2400011685047032,0.0044685206020561655
2015-06-06,0.037095069035520005,1.3100012344686784,0.00472077579733353
2015-06-07,0.034263384376320004,1.2100011402344282,0.004360411232651581
2015-06-08,0.0325643735808,1.1500010836938779,0.004144192493842411
2015-06-09,0.033413878978560005,1.1800011119641531,0.0042523018632469965
2015-06-10,0.033413878978560005,1.1800011119641531,0.0042523018632469965
2015-06-11,0.035679226705920004,1.2600011873515533,0.004540593514992555
2015-06-12,0.03879407983104001,1.3700012910092287,0.0049369945361427
2015-06-13,0.035679226705920004,1.2600011873515533,0.004540593514992555
2015-06-14,0.03369704744448,1.190001121387578,0.004288338319715191
2015-06-15,0.03454655284224,1.2200011496578531,0.0043964476891197755
2015-06-16,0.035679226705920004,1.2600011873515533,0.004540593514992555
2015-06-17,0.033980215910400006,1.2000011308110032,0.004324374776183386
2015-06-18,0.03171486818304001,1.120001055423603,0.0040360831244378274
2015-06-19,0.030015857387520006,1.0600009988830528,0.003819864385628658
2015-06-20,0.027750509660160003,0.9800009234956525,0.0035315727338830986
2015-06-21,0.028883183523840006,1.0200009611893528,0.0036757185597558785
2015-06-22,0.028033678126080003,0.9900009329190775,0.003567609190351294
2015-06-23,0.028600015057920005,1.0100009517659276,0.0036396821032876835
2015-06-24,0.027184172728320005,0.9600009046488025,0.003459499820946709
2015-06-25,0.026051498864640005,0.9200008669551024,0.0033153539950739296
2015-06-26,0.024352488069120003,0.8600008104145522,0.00309913525626476
2015-06-27,0.024069319603200003,0.8500008009911272,0.003063098799796565
2015-06-28,0.023219814205440004,0.8200007727208521,0.0029549894303919806
2015-06-29,0.022936645739520006,0.8100007632974272,0.002918952973923786
2015-06-30,0.022653477273600005,0.8000007538740022,0.002882916517455591
2015-07-01,0.023219814205440004,0.8200007727208521,0.0029549894303919806
2015-07-02,0.021803971875840003,0.770000725603727,0.002774807148051006
2015-07-03,0.020388129546240003,0.7200006784866019,0.0025946248657100317
2015-07-04,0.021803971875840003,0.770000725603727,0.002774807148051006
2015-07-05,0.024069319603200003,0.8500008009911272,0.003063098799796565
2015-07-06,0.026617835796480003,0.9400008858019524,0.003387426908010319
2015-07-07,0.03766140596736001,1.3300012533155285,0.00479284871026992
2015-07-08,0.04389111221760001,1.5500014606308792,0.005585650752570208
2015-07-09,0.03284754204672,1.160001093117303,0.0041802289503106065
2015-07-10,0.029166351989760007,1.0300009706127777,0.0037117550162240735
2015-07-11,0.026617835796480003,0.9400008858019524,0.003387426908010319
2015-07-12,0.026334667330560006,0.9300008763785275,0.0033513904515421245
2015-07-13,0.025768330398720004,0.9100008575316774,0.003279317538605734
2015-07-14,0.47005965342720013,16.600015642885545,0.05982051773720352
2015-07-15,0.05181982926336001,1.83000172448678,0.006594671533679665
2015-07-16,0.028883183523840006,1.0200009611893528,0.0036757185597558785
2015-07-17,0.026617835796480003,0.9400008858019524,0.003387426908010319
2015-07-18,0.025201993466880006,0.8900008386848274,0.003207244625669345
2015-07-19,0.026617835796480003,0.9400008858019524,0.003387426908010319
2015-07-20,0.026051498864640005,0.9200008669551024,0.0033153539950739296
2015-07-21,0.025768330398720004,0.9100008575316774,0.003279317538605734
2015-07-22,0.028883183523840006,1.0200009611893528,0.0036757185597558785
2015-07-23,0.026617835796480003,0.9400008858019524,0.003387426908010319
2015-07-24,0.025201993466880006,0.8900008386848274,0.003207244625669345
2015-07-25,0.025768330398720004,0.9100008575316774,0.003279317538605734
2015-07-26,0.024352488069120003,0.8600008104145522,0.00309913525626476
2015-07-27,0.02350298267136,0.8300007821442771,0.002991025886860175
2015-07-28,0.022936645739520006,0.8100007632974272,0.002918952973923786
2015-07-29,0.022936645739520006,0.8100007632974272,0.002918952973923786
2015-07-30,0.022936645739520006,0.8100007632974272,0.002918952973923786
2015-07-31,0.022370308807680005,0.7900007444505771,0.002846880060987396
2015-08-01,0.022087140341760004,0.7800007350271521,0.002810843604519201
2015-08-02,0.022936645739520006,0.8100007632974272,0.002918952973923786
2015-08-03,0.024352488069120003,0.8600008104145522,0.00309913525626476
2015-08-04,0.023786151137280002,0.8400007915677021,0.00302706234332837
2015-08-05,0.020671298012160003,0.7300006879100269,0.0026306613221782267
2015-08-06,0.02010496108032,0.7100006690631768,0.0025585884092418367
2015-08-07,0.0198217926144,0.7000006596397518,0.0025225519527736417
2015-08-08,0.021803971875840003,0.770000725603727,0.002774807148051006
2015-08-09,0.021520803409920002,0.760000716180302,0.002738770691582811
2015-08-10,0.02010496108032,0.7100006690631768,0.0025585884092418367
2015-08-11,0.01953862414848,0.6900006502163267,0.0024865154963054467
2015-08-12,0.020671298012160003,0.7300006879100269,0.0026306613221782267
2015-08-13,0.020954466478080004,0.740000697333452,0.0026666977786464216
2015-08-14,0.020671298012160003,0.7300006879100269,0.0026306613221782267
2015-08-15,0.021520803409920002,0.760000716180302,0.002738770691582811
2015-08-16,0.022370308807680005,0.7900007444505771,0.002846880060987396
2015-08-17,0.0198217926144,0.7000006596397518,0.0025225519527736417
2015-08-18,0.018689118750720005,0.6600006219460518,0.0023784061269008627
2015-08-19,0.018405950284800004,0.6500006125226268,0.0023423696704326677
2015-08-20,0.018122781818880003,0.6400006030992017,0.0023063332139644727
2015-08-21,0.017839613352960002,0.6300005936757767,0.0022702967574962777
2015-08-22,0.01755644488704,0.6200005842523516,0.0022342603010280827
2015-08-23,0.016990107955200003,0.6000005654055016,0.002162187388091693
2015-08-24,0.01755644488704,0.6200005842523516,0.0022342603010280827
2015-08-25,0.01755644488704,0.6200005842523516,0.0022342603010280827
2015-08-26,0.018689118750720005,0.6600006219460518,0.0023784061269008627
2015-08-27,0.021520803409920002,0.760000716180302,0.002738770691582811
2015-08-28,0.020954466478080004,0.740000697333452,0.0026666977786464216
2015-08-29,0.018689118750720005,0.6600006219460518,0.0023784061269008627
2015-08-30,0.01755644488704,0.6200005842523516,0.0022342603010280827
2015-08-31,0.018405950284800004,0.6500006125226268,0.0023423696704326677
2015-09-01,0.018689118750720005,0.6600006219460518,0.0023784061269008627
2015-09-02,0.019255455682560003,0.6800006407929018,0.002450479039837252
2015-09-03,0.019255455682560003,0.6800006407929018,0.002450479039837252
2015-09-04,0.019255455682560003,0.6800006407929018,0.002450479039837252
2015-09-05,0.018122781818880003,0.6400006030992017,0.0023063332139644727
2015-09-06,0.016990107955200003,0.6000005654055016,0.002162187388091693
2015-09-07,0.01727327642112,0.6100005748289266,0.0021982238445598878
2015-09-08,0.01727327642112,0.6100005748289266,0.0021982238445598878
2015-09-09,0.016990107955200003,0.6000005654055016,0.002162187388091693
2015-09-10,0.01642377102336,0.5800005465586515,0.0020901144751553032
2015-09-11,0.01614060255744,0.5700005371352265,0.0020540780186871083
2015-09-12,0.01614060255744,0.5700005371352265,0.0020540780186871083
2015-09-13,0.01614060255744,0.5700005371352265,0.0020540780186871083
2015-09-14,0.016990107955200003,0.6000005654055016,0.002162187388091693
2015-09-15,0.01953862414848,0.6900006502163267,0.0024865154963054467
2015-09-16,0.0198217926144,0.7000006596397518,0.0025225519527736417
2015-09-17,0.01953862414848,0.6900006502163267,0.0024865154963054467
2015-09-18,0.02010496108032,0.7100006690631768,0.0025585884092418367
2015-09-19,0.019255455682560003,0.6800006407929018,0.002450479039837252
2015-09-20,0.018972287216640005,0.6700006313694769,0.0024144425833690576
2015-09-21,0.019255455682560003,0.6800006407929018,0.002450479039837252
2015-09-22,0.0198217926144,0.7000006596397518,0.0025225519527736417
2015-09-23,0.021237634944,0.7500007067568769,0.002702734235114616
2015-09-24,0.020954466478080004,0.740000697333452,0.0026666977786464216
2015-09-25,0.020954466478080004,0.740000697333452,0.0026666977786464216
2015-09-26,0.021520803409920002,0.760000716180302,0.002738770691582811
2015-09-27,0.022087140341760004,0.7800007350271521,0.002810843604519201
2015-09-28,0.022653477273600005,0.8000007538740022,0.002882916517455591
2015-09-29,0.023219814205440004,0.8200007727208521,0.0029549894303919806
2015-09-30,0.022936645739520006,0.8100007632974272,0.002918952973923786
2015-10-01,0.021803971875840003,0.770000725603727,0.002774807148051006
2015-10-02,0.021803971875840003,0.770000725603727,0.002774807148051006
2015-10-03,0.022087140341760004,0.7800007350271521,0.002810843604519201
2015-10-04,0.022653477273600005,0.8000007538740022,0.002882916517455591
2015-10-05,0.023219814205440004,0.8200007727208521,0.0029549894303919806
2015-10-06,0.024635656535040004,0.8700008198379773,0.0031351717127329547
2015-10-07,0.02350298267136,0.8300007821442771,0.002991025886860175
2015-10-08,0.022936645739520006,0.8100007632974272,0.002918952973923786
2015-10-09,0.022936645739520006,0.8100007632974272,0.002918952973923786
2015-10-10,0.022936645739520006,0.8100007632974272,0.002918952973923786
2015-10-11,0.023786151137280002,0.8400007915677021,0.00302706234332837
2015-10-12,0.022370308807680005,0.7900007444505771,0.002846880060987396
2015-10-13,0.022936645739520006,0.8100007632974272,0.002918952973923786
2015-10-14,0.022653477273600005,0.8000007538740022,0.002882916517455591
2015-10-15,0.022370308807680005,0.7900007444505771,0.002846880060987396
2015-10-16,0.022653477273600005,0.8000007538740022,0.002882916517455591
2015-10-17,0.023219814205440004,0.8200007727208521,0.0029549894303919806
2015-10-18,0.025201993466880006,0.8900008386848274,0.003207244625669345
2015-10-19,0.028600015057920005,1.0100009517659276,0.0036396821032876835
2015-10-20,0.028033678126080003,0.9900009329190775,0.003567609190351294
2015-10-21,0.029166351989760007,1.0300009706127777,0.0037117550162240735
2015-10-22,0.030015857387520006,1.0600009988830528,0.003819864385628658
2015-10-23,0.028033678126080003,0.9900009329190775,0.003567609190351294
2015-10-24,0.025201993466880006,0.8900008386848274,0.003207244625669345
2015-10-25,0.026051498864640005,0.9200008669551024,0.0033153539950739296
2015-10-26,0.026901004262400004,0.9500008952253775,0.0034234633644785145
2015-10-27,0.025768330398720004,0.9100008575316774,0.003279317538605734
2015-10-28,0.027467341194240002,0.9700009140722274,0.003495536277414904
2015-10-29,0.026901004262400004,0.9500008952253775,0.0034234633644785145
2015-10-30,0.031998036648960004,1.130001064847028,0.004072119580906022
2015-10-31,0.028600015057920005,1.0100009517659276,0.0036396821032876835
2015-11-01,0.027750509660160003,0.9800009234956525,0.0035315727338830986
2015-11-02,0.027184172728320005,0.9600009046488025,0.003459499820946709
2015-11-03,0.028883183523840006,1.0200009611893528,0.0036757185597558785
2015-11-04,0.03539605824000001,1.2500011779281284,0.004504557058524361
2015-11-05,0.0325643735808,1.1500010836938779,0.004144192493842411
2015-11-06,0.029449520455680004,1.0400009800362027,0.003747791472692268
2015-11-07,0.028316846592000004,1.0000009423425027,0.0036036456468194885
2015-11-08,0.028883183523840006,1.0200009611893528,0.0036757185597558785
2015-11-09,0.028600015057920005,1.0100009517659276,0.0036396821032876835
2015-11-10,0.030582194319360007,1.0800010177299029,0.0038919372985650484
2015-11-11,0.03228120511488,1.140001074270453,0.0041081560373742165
2015-11-12,0.028883183523840006,1.0200009611893528,0.0036757185597558785
2015-11-13,0.028883183523840006,1.0200009611893528,0.0036757185597558785
2015-11-14,0.029166351989760007,1.0300009706127777,0.0037117550162240735
2015-11-15,0.029449520455680004,1.0400009800362027,0.003747791472692268
2015-11-16,0.03143169971712001,1.1100010460001781,0.004000046667969633
2015-11-17,0.03114853125120001,1.100001036576753,0.003964010211501438
2015-11-18,0.030582194319360007,1.0800010177299029,0.0038919372985650484
2015-11-19,0.029449520455680004,1.0400009800362027,0.003747791472692268
2015-11-20,0.030015857387520006,1.0600009988830528,0.003819864385628658
2015-11-21,0.025768330398720004,0.9100008575316774,0.003279317538605734
2015-11-22,0.030865362785280008,1.090001027153328,0.003927973755033243
2015-11-23,0.029449520455680004,1.0400009800362027,0.003747791472692268
2015-11-24,0.028883183523840006,1.0200009611893528,0.0036757185597558785
2015-11-25,0.03171486818304001,1.120001055423603,0.0040360831244378274
2015-11-26,0.03171486818304001,1.120001055423603,0.0040360831244378274
2015-11-27,0.029732688921600005,1.0500009894596278,0.0037838279291604626
2015-11-28,0.029732688921600005,1.0500009894596278,0.0037838279291604626
2015-11-29,0.028883183523840006,1.0200009611893528,0.0036757185597558785
2015-11-30,0.022370308807680005,0.7900007444505771,0.002846880060987396
2015-12-01,0.009627727841280001,0.3400003203964509,0.001225239519918626
2015-12-02,0.018405950284800004,0.6500006125226268,0.0023423696704326677
2015-12-03,0.027184172728320005,0.9600009046488025,0.003459499820946709
2015-12-04,0.028033678126080003,0.9900009329190775,0.003567609190351294
2015-12-05,0.028316846592000004,1.0000009423425027,0.0036036456468194885
2015-12-06,0.027184172728320005,0.9600009046488025,0.003459499820946709
2015-12-07,0.027184172728320005,0.9600009046488025,0.003459499820946709
2015-12-08,0.028316846592000004,1.0000009423425027,0.0036036456468194885
2015-12-09,0.028033678126080003,0.9900009329190775,0.003567609190351294
2015-12-10,0.028316846592000004,1.0000009423425027,0.0036036456468194885
2015-12-11,0.03114853125120001,1.100001036576753,0.003964010211501438
2015-12-12,0.030582194319360007,1.0800010177299029,0.0038919372985650484
2015-12-13,0.025201993466880006,0.8900008386848274,0.003207244625669345
2015-12-14,0.028600015057920005,1.0100009517659276,0.0036396821032876835
2015-12-15,0.030582194319360007,1.0800010177299029,0.0038919372985650484
2015-12-16,0.028600015057920005,1.0100009517659276,0.0036396821032876835
2015-12-17,0.024918825000960005,0.8800008292614023,0.00317120816920115
2015-12-18,0.024069319603200003,0.8500008009911272,0.003063098799796565
2015-12-19,0.024635656535040004,0.8700008198379773,0.0031351717127329547
2015-12-20,0.022370308807680005,0.7900007444505771,0.002846880060987396
2015-12-21,0.021237634944,0.7500007067568769,0.002702734235114616
2015-12-22,0.022370308807680005,0.7900007444505771,0.002846880060987396
2015-12-23,0.019255455682560003,0.6800006407929018,0.002450479039837252
2015-12-24,0.02010496108032,0.7100006690631768,0.0025585884092418367
2015-12-25,0.023786151137280002,0.8400007915677021,0.00302706234332837
2015-12-26,0.022087140341760004,0.7800007350271521,0.002810843604519201
2015-12-27,0.018689118750720005,0.6600006219460518,0.0023784061269008627
2015-12-28,0.015857434091520003,0.5600005277118015,0.0020180415622189137
2015-12-29,0.01755644488704,0.6200005842523516,0.0022342603010280827
2015-12-30,0.015291097159680004,0.5400005088649514,0.0019459686492825242
2015-12-31,0.015291097159680004,0.5400005088649514,0.0019459686492825242
2016-01-01,0.015574265625600004,0.5500005182883765,0.001982005105750719
2016-01-02,0.01614060255744,0.5700005371352265,0.0020540780186871083
2016-01-03,0.01642377102336,0.5800005465586515,0.0020901144751553032
2016-01-04,0.016990107955200003,0.6000005654055016,0.002162187388091693
2016-01-05,0.015574265625600004,0.5500005182883765,0.001982005105750719
2016-01-06,0.015291097159680004,0.5400005088649514,0.0019459686492825242
2016-01-07,0.015574265625600004,0.5500005182883765,0.001982005105750719
2016-01-08,0.013592086364160002,0.48000045232440125,0.0017297499104733545
2016-01-09,0.014724760227840002,0.5200004900181013,0.001873895736346134
2016-01-10,0.014724760227840002,0.5200004900181013,0.001873895736346134
2016-01-11,0.014158423296000002,0.5000004711712513,0.0018018228234097443
2016-01-12,0.014158423296000002,0.5000004711712513,0.0018018228234097443
2016-01-13,0.014441591761920003,0.5100004805946764,0.0018378592798779392
2016-01-14,0.014441591761920003,0.5100004805946764,0.0018378592798779392
2016-01-15,0.014441591761920003,0.5100004805946764,0.0018378592798779392
2016-01-16,0.013875254830080001,0.49000046174782624,0.0017657863669415493
2016-01-17,0.014724760227840002,0.5200004900181013,0.001873895736346134
2016-01-18,0.014724760227840002,0.5200004900181013,0.001873895736346134
2016-01-19,0.015291097159680004,0.5400005088649514,0.0019459686492825242
2016-01-20,0.015574265625600004,0.5500005182883765,0.001982005105750719
2016-01-21,0.014724760227840002,0.5200004900181013,0.001873895736346134
2016-01-22,0.015291097159680004,0.5400005088649514,0.0019459686492825242
2016-01-23,0.015574265625600004,0.5500005182883765,0.001982005105750719
2016-01-24,0.015291097159680004,0.5400005088649514,0.0019459686492825242
2016-01-25,0.014158423296000002,0.5000004711712513,0.0018018228234097443
2016-01-26,0.013592086364160002,0.48000045232440125,0.0017297499104733545
2016-01-27,0.013875254830080001,0.49000046174782624,0.0017657863669415493
2016-01-28,0.014441591761920003,0.5100004805946764,0.0018378592798779392
2016-01-29,0.015007928693760003,0.5300004994415264,0.001909932192814329
2016-01-30,0.01614060255744,0.5700005371352265,0.0020540780186871083
2016-01-31,0.015007928693760003,0.5300004994415264,0.001909932192814329
2016-02-01,0.015291097159680004,0.5400005088649514,0.0019459686492825242
2016-02-02,0.014724760227840002,0.5200004900181013,0.001873895736346134
2016-02-03,0.014158423296000002,0.5000004711712513,0.0018018228234097443
2016-02-04,0.014158423296000002,0.5000004711712513,0.0018018228234097443
2016-02-05,0.014724760227840002,0.5200004900181013,0.001873895736346134
2016-02-06,0.015007928693760003,0.5300004994415264,0.001909932192814329
2016-02-07,0.01614060255744,0.5700005371352265,0.0020540780186871083
2016-02-08,0.01755644488704,0.6200005842523516,0.0022342603010280827
2016-02-09,0.018405950284800004,0.6500006125226268,0.0023423696704326677
2016-02-10,0.01755644488704,0.6200005842523516,0.0022342603010280827
2016-02-11,0.018972287216640005,0.6700006313694769,0.0024144425833690576
2016-02-12,0.0198217926144,0.7000006596397518,0.0025225519527736417
2016-02-13,0.02010496108032,0.7100006690631768,0.0025585884092418367
2016-02-14,0.024635656535040004,0.8700008198379773,0.0031351717127329547
2016-02-15,0.028033678126080003,0.9900009329190775,0.003567609190351294
2016-02-16,0.030299025853440006,1.070001008306478,0.003855900842096853
2016-02-17,0.030299025853440006,1.070001008306478,0.003855900842096853
2016-02-18,0.03879407983104001,1.3700012910092287,0.0049369945361427
2016-02-19,0.03794457443328001,1.3400012627389537,0.004828885166738115
2016-02-20,0.042192101422080006,1.4900014040903289,0.005369432013761038
2016-02-21,0.04275843835392001,1.510001422937179,0.005441504926697428
2016-02-22,0.04389111221760001,1.5500014606308792,0.005585650752570208
2016-02-23,0.044457449149440005,1.570001479477729,0.005657723665506597
2016-02-24,0.04332477528576001,1.530001441784029,0.005513577839633818
2016-02-25,0.044457449149440005,1.570001479477729,0.005657723665506597
2016-02-26,0.048138639206400005,1.7000016019822544,0.00612619759959313
2016-02-27,0.05068715539968001,1.7900016867930797,0.0064505257078068855
2016-02-28,0.055501019320320005,1.960001846991305,0.007063145467766197
2016-02-29,0.05266933466112001,1.860001752757055,0.006702780903084249
2016-03-01,0.05210299772928001,1.8400017339102048,0.006630707990147859
2016-03-02,0.058615872445440004,2.0700019506489804,0.007459546488916341
2016-03-03,0.06314656790016,2.2300021014237807,0.008036129792407459
2016-03-04,0.06484557869568001,2.2900021579643313,0.00825234853121663
2016-03-05,0.06456241022976,2.280002148540906,0.008216312074748433
2016-03-06,0.06541191562752001,2.310002176811181,0.008324421444153018
2016-03-07,0.09146341449216001,3.2300030437662834,0.011639775439226948
2016-03-08,0.06258023096832001,2.210002082576931,0.00796405687947107
2016-03-09,0.054934682388480004,1.9400018281444549,0.006991072554829808
2016-03-10,0.05578418778624001,1.9700018564147301,0.0070991819242343926
2016-03-11,0.05889904091136001,2.0800019600724053,0.007495582945384536
2016-03-12,0.056916861649920006,2.0100018941084303,0.007243327750107172
2016-03-13,0.054085176990720005,1.9100017998741798,0.006882963185425223
2016-03-14,0.05380200852480001,1.900001790450755,0.006846926728957029
2016-03-15,0.05125349233152001,1.8100017056399298,0.006522598620743275
2016-03-16,0.04983765000192001,1.7600016585228047,0.0063424163384023
2016-03-17,0.04983765000192001,1.7600016585228047,0.0063424163384023
2016-03-18,0.04927131307008001,1.7400016396759546,0.006270343425465909
2016-03-19,0.047572302274560004,1.6800015831354043,0.00605412468665674
2016-03-20,0.04927131307008001,1.7400016396759546,0.006270343425465909
2016-03-21,0.04983765000192001,1.7600016585228047,0.0063424163384023
2016-03-22,0.05068715539968001,1.7900016867930797,0.0064505257078068855
2016-03-23,0.062013894036480006,2.1900020637300806,0.00789198396653468
2016-03-24,0.06626142102528,2.340002205081456,0.008432530813557602
2016-03-25,0.06342973636608001,2.240002110847206,0.008072166248875655
2016-03-26,0.05663369318400001,2.0000018846850054,0.007207291293638977
2016-03-27,0.05521785085440001,1.95000183756788,0.0070271090112980035
2016-03-28,0.054651513922560006,1.93000181872103,0.006955036098361613
2016-03-29,0.05946537784320001,2.1000019789192557,0.007567655858320925
2016-03-30,0.058615872445440004,2.0700019506489804,0.007459546488916341
2016-03-31,0.05946537784320001,2.1000019789192557,0.007567655858320925
2016-04-01,0.054085176990720005,1.9100017998741798,0.006882963185425223
2016-04-02,0.05210299772928001,1.8400017339102048,0.006630707990147859
2016-04-03,0.05012081846784001,1.7700016679462296,0.006378452794870495
2016-04-04,0.049554481536000006,1.7500016490993795,0.006306379881934105
2016-04-05,0.048138639206400005,1.7000016019822544,0.00612619759959313
2016-04-06,0.04785547074048001,1.6900015925588294,0.006090161143124936
2016-04-07,0.04785547074048001,1.6900015925588294,0.006090161143124936
2016-04-08,0.048138639206400005,1.7000016019822544,0.00612619759959313
2016-04-09,0.048988144604160004,1.7300016302525294,0.006234306968997714
2016-04-10,0.05181982926336001,1.83000172448678,0.006594671533679665
2016-04-11,0.05012081846784001,1.7700016679462296,0.006378452794870495
2016-04-12,0.049554481536000006,1.7500016490993795,0.006306379881934105
2016-04-13,0.048988144604160004,1.7300016302525294,0.006234306968997714
2016-04-14,0.048138639206400005,1.7000016019822544,0.00612619759959313
2016-04-15,0.050970323865600006,1.8000016962165046,0.006486562164275079
2016-04-16,0.05380200852480001,1.900001790450755,0.006846926728957029
2016-04-17,0.048138639206400005,1.7000016019822544,0.00612619759959313
2016-04-18,0.05380200852480001,1.900001790450755,0.006846926728957029
2016-04-19,0.05266933466112001,1.860001752757055,0.006702780903084249
2016-04-20,0.053235671592960006,1.8800017716039048,0.006774853816020638
2016-04-21,0.05040398693376001,1.7800016773696548,0.00641448925133869
2016-04-22,0.04927131307008001,1.7400016396759546,0.006270343425465909
2016-04-23,0.04870497613824001,1.7200016208291045,0.00619827051252952
2016-04-24,0.04983765000192001,1.7600016585228047,0.0063424163384023
2016-04-25,0.04983765000192001,1.7600016585228047,0.0063424163384023
2016-04-26,0.053235671592960006,1.8800017716039048,0.006774853816020638
2016-04-27,0.052386166195200014,1.85000174333363,0.0066667444466160545
2016-04-28,0.054085176990720005,1.9100017998741798,0.006882963185425223
2016-04-29,0.053235671592960006,1.8800017716039048,0.006774853816020638
2016-04-30,0.05153666079744001,1.8200017150633547,0.006558635077211468
2016-05-01,0.04983765000192001,1.7600016585228047,0.0063424163384023
2016-05-02,0.048138639206400005,1.7000016019822544,0.00612619759959313
2016-05-03,0.048138639206400005,1.7000016019822544,0.00612619759959313
2016-05-04,0.04785547074048001,1.6900015925588294,0.006090161143124936
2016-05-05,0.048138639206400005,1.7000016019822544,0.00612619759959313
2016-05-06,0.05012081846784001,1.7700016679462296,0.006378452794870495
2016-05-07,0.05946537784320001,2.1000019789192557,0.007567655858320925
2016-05-08,0.06342973636608001,2.240002110847206,0.008072166248875655
2016-05-09,0.06824360028672001,2.4100022710454314,0.008684786008834967
2016-05-10,0.0608812201728,2.1500020260363804,0.0077478381406619
2016-05-11,0.05635052471808001,1.9900018752615802,0.007171254837170783
2016-05-12,0.05436834545664001,1.920001809297605,0.006918999641893418
2016-05-13,0.05351884005888,1.8900017810273297,0.006810890272488832
2016-05-14,0.054085176990720005,1.9100017998741798,0.006882963185425223
2016-05-15,0.06003171477504001,2.1200019977661055,0.007639728771257316
2016-05-16,0.10024163693568001,3.540003335892459,0.01275690558974099
2016-05-17,0.0750396434688,2.6500024972076317,0.009549660964071643
2016-05-18,0.05635052471808001,1.9900018752615802,0.007171254837170783
2016-05-19,0.05380200852480001,1.900001790450755,0.006846926728957029
2016-05-20,0.05210299772928001,1.8400017339102048,0.006630707990147859
2016-05-21,0.05068715539968001,1.7900016867930797,0.0064505257078068855
2016-05-22,0.05125349233152001,1.8100017056399298,0.006522598620743275
2016-05-23,0.05181982926336001,1.83000172448678,0.006594671533679665
2016-05-24,0.05125349233152001,1.8100017056399298,0.006522598620743275
2016-05-25,0.05040398693376001,1.7800016773696548,0.00641448925133869
2016-05-26,0.048988144604160004,1.7300016302525294,0.006234306968997714
2016-05-27,0.05125349233152001,1.8100017056399298,0.006522598620743275
2016-05-28,0.048988144604160004,1.7300016302525294,0.006234306968997714
2016-05-29,0.047572302274560004,1.6800015831354043,0.00605412468665674
2016-05-30,0.04700596534272,1.6600015642885542,0.00598205177372035
2016-05-31,0.04502378608128001,1.5900014983245792,0.005729796578442987
2016-06-01,0.04389111221760001,1.5500014606308792,0.005585650752570208
2016-06-02,0.043607943751680006,1.540001451207454,0.005549614296102012
2016-06-03,0.043041606819840005,1.520001432360604,0.005477541383165622
2016-06-04,0.041625764490240004,1.4700013852434788,0.005297359100824648
2016-06-05,0.040776259092480005,1.4400013569732037,0.005189249731420063
2016-06-06,0.039926753694720006,1.4100013287029287,0.005081140362015479
2016-06-07,0.0396435852288,1.4000013192795036,0.005045103905547283
2016-06-08,0.03907724829696,1.3800013004326535,0.0049730309926108935
2016-06-09,0.03822774289920001,1.3500012721623786,0.00486492162320631
2016-06-10,0.03681190056960001,1.3000012250452535,0.004684739340865335
2016-06-11,0.03596239517184001,1.2700011967749785,0.004576629971460751
2016-06-12,0.03596239517184001,1.2700011967749785,0.004576629971460751
2016-06-13,0.03539605824000001,1.2500011779281284,0.004504557058524361
2016-06-14,0.03681190056960001,1.3000012250452535,0.004684739340865335
2016-06-15,0.033980215910400006,1.2000011308110032,0.004324374776183386
2016-06-16,0.031998036648960004,1.130001064847028,0.004072119580906022
2016-06-17,0.031998036648960004,1.130001064847028,0.004072119580906022
2016-06-18,0.03114853125120001,1.100001036576753,0.003964010211501438
2016-06-19,0.030582194319360007,1.0800010177299029,0.0038919372985650484
2016-06-20,0.030015857387520006,1.0600009988830528,0.003819864385628658
2016-06-21,0.030015857387520006,1.0600009988830528,0.003819864385628658
2016-06-22,0.029732688921600005,1.0500009894596278,0.0037838279291604626
2016-06-23,0.030582194319360007,1.0800010177299029,0.0038919372985650484
2016-06-24,0.030015857387520006,1.0600009988830528,0.003819864385628658
2016-06-25,0.029166351989760007,1.0300009706127777,0.0037117550162240735
2016-06-26,0.028033678126080003,0.9900009329190775,0.003567609190351294
2016-06-27,0.027467341194240002,0.9700009140722274,0.003495536277414904
2016-06-28,0.026334667330560006,0.9300008763785275,0.0033513904515421245
2016-06-29,0.026617835796480003,0.9400008858019524,0.003387426908010319
2016-06-30,0.028316846592000004,1.0000009423425027,0.0036036456468194885
2016-07-01,0.042475269888,1.5000014135137538,0.005405468470229232
2016-07-02,0.034263384376320004,1.2100011402344282,0.004360411232651581
2016-07-03,0.03114853125120001,1.100001036576753,0.003964010211501438
2016-07-04,0.028600015057920005,1.0100009517659276,0.0036396821032876835
2016-07-05,0.027467341194240002,0.9700009140722274,0.003495536277414904
2016-07-06,0.025485161932800003,0.9000008481082523,0.0032432810821375396
2016-07-07,0.024352488069120003,0.8600008104145522,0.00309913525626476
2016-07-08,0.023786151137280002,0.8400007915677021,0.00302706234332837
2016-07-09,0.023219814205440004,0.8200007727208521,0.0029549894303919806
2016-07-10,0.022087140341760004,0.7800007350271521,0.002810843604519201
2016-07-11,0.021803971875840003,0.770000725603727,0.002774807148051006
2016-07-12,0.022370308807680005,0.7900007444505771,0.002846880060987396
2016-07-13,0.022653477273600005,0.8000007538740022,0.002882916517455591
2016-07-14,0.022936645739520006,0.8100007632974272,0.002918952973923786
2016-07-15,0.023219814205440004,0.8200007727208521,0.0029549894303919806
2016-07-16,0.02350298267136,0.8300007821442771,0.002991025886860175
2016-07-17,0.023786151137280002,0.8400007915677021,0.00302706234332837
2016-07-18,0.025768330398720004,0.9100008575316774,0.003279317538605734
2016-07-19,0.028316846592000004,1.0000009423425027,0.0036036456468194885
2016-07-20,0.029449520455680004,1.0400009800362027,0.003747791472692268
2016-07-21,0.0325643735808,1.1500010836938779,0.004144192493842411
2016-07-22,0.03539605824000001,1.2500011779281284,0.004504557058524361
2016-07-23,0.04927131307008001,1.7400016396759546,0.006270343425465909
2016-07-24,0.03369704744448,1.190001121387578,0.004288338319715191
2016-07-25,0.03143169971712001,1.1100010460001781,0.004000046667969633
2016-07-26,0.030299025853440006,1.070001008306478,0.003855900842096853
2016-07-27,0.030865362785280008,1.090001027153328,0.003927973755033243
2016-07-28,0.030015857387520006,1.0600009988830528,0.003819864385628658
2016-07-29,0.030299025853440006,1.070001008306478,0.003855900842096853
2016-07-30,0.030299025853440006,1.070001008306478,0.003855900842096853
2016-07-31,0.03143169971712001,1.1100010460001781,0.004000046667969633
2016-08-01,0.033413878978560005,1.1800011119641531,0.0042523018632469965
2016-08-02,0.03284754204672,1.160001093117303,0.0041802289503106065
2016-08-03,0.033980215910400006,1.2000011308110032,0.004324374776183386
2016-08-04,0.03652873210368,1.2900012156218283,0.00464870288439714
2016-08-05,0.03652873210368,1.2900012156218283,0.00464870288439714
2016-08-06,0.03652873210368,1.2900012156218283,0.00464870288439714
2016-08-07,0.03737823750144001,1.3200012438921036,0.004756812253801725
2016-08-08,0.04020992216064,1.4200013381263537,0.005117176818483673
2016-08-09,0.036245563637760006,1.2800012061984034,0.004612666427928945
2016-08-10,0.03228120511488,1.140001074270453,0.0041081560373742165
2016-08-11,0.030582194319360007,1.0800010177299029,0.0038919372985650484
2016-08-12,0.03114853125120001,1.100001036576753,0.003964010211501438
2016-08-13,0.030865362785280008,1.090001027153328,0.003927973755033243
2016-08-14,0.030015857387520006,1.0600009988830528,0.003819864385628658
2016-08-15,0.029732688921600005,1.0500009894596278,0.0037838279291604626
2016-08-16,0.030582194319360007,1.0800010177299029,0.0038919372985650484
2016-08-17,0.03143169971712001,1.1100010460001781,0.004000046667969633
2016-08-18,0.031998036648960004,1.130001064847028,0.004072119580906022
2016-08-19,0.033980215910400006,1.2000011308110032,0.004324374776183386
2016-08-20,0.0325643735808,1.1500010836938779,0.004144192493842411
2016-08-21,0.03228120511488,1.140001074270453,0.0041081560373742165
2016-08-22,0.031998036648960004,1.130001064847028,0.004072119580906022
2016-08-23,0.033413878978560005,1.1800011119641531,0.0042523018632469965
2016-08-24,0.034263384376320004,1.2100011402344282,0.004360411232651581
2016-08-25,0.034829721308160005,1.2300011590812783,0.004432484145587971
2016-08-26,0.03539605824000001,1.2500011779281284,0.004504557058524361
2016-08-27,0.03596239517184001,1.2700011967749785,0.004576629971460751
2016-08-28,0.03511288977408,1.2400011685047032,0.0044685206020561655
2016-08-29,0.03454655284224,1.2200011496578531,0.0043964476891197755
2016-08-30,0.033980215910400006,1.2000011308110032,0.004324374776183386
2016-08-31,0.03369704744448,1.190001121387578,0.004288338319715191
2016-09-01,0.033980215910400006,1.2000011308110032,0.004324374776183386
2016-09-02,0.03454655284224,1.2200011496578531,0.0043964476891197755
2016-09-03,0.035679226705920004,1.2600011873515533,0.004540593514992555
2016-09-04,0.03681190056960001,1.3000012250452535,0.004684739340865335
2016-09-05,0.036245563637760006,1.2800012061984034,0.004612666427928945
2016-09-06,0.036245563637760006,1.2800012061984034,0.004612666427928945
2016-09-07,0.035679226705920004,1.2600011873515533,0.004540593514992555
2016-09-08,0.03539605824000001,1.2500011779281284,0.004504557058524361
2016-09-09,0.03539605824000001,1.2500011779281284,0.004504557058524361
2016-09-10,0.03596239517184001,1.2700011967749785,0.004576629971460751
2016-09-11,0.037095069035520005,1.3100012344686784,0.00472077579733353
2016-09-12,0.03822774289920001,1.3500012721623786,0.00486492162320631
2016-09-13,0.03737823750144001,1.3200012438921036,0.004756812253801725
2016-09-14,0.03907724829696,1.3800013004326535,0.0049730309926108935
2016-09-15,0.039360416762880004,1.3900013098560786,0.005009067449079089
2016-09-16,0.039926753694720006,1.4100013287029287,0.005081140362015479
2016-09-17,0.040776259092480005,1.4400013569732037,0.005189249731420063
2016-09-18,0.04134259602432001,1.4600013758200538,0.005261322644356453
2016-09-19,0.0410594275584,1.4500013663966287,0.005225286187888258
2016-09-20,0.041625764490240004,1.4700013852434788,0.005297359100824648
2016-09-21,0.04332477528576001,1.530001441784029,0.005513577839633818
2016-09-22,0.04587329147904001,1.6200015265948544,0.005837905947847572
2016-09-23,0.05606735625216001,1.980001865838155,0.007135218380702588
2016-09-24,0.042475269888,1.5000014135137538,0.005405468470229232
2016-09-25,0.041625764490240004,1.4700013852434788,0.005297359100824648
2016-09-26,0.04134259602432001,1.4600013758200538,0.005261322644356453
2016-09-27,0.041625764490240004,1.4700013852434788,0.005297359100824648
2016-09-28,0.042192101422080006,1.4900014040903289,0.005369432013761038
2016-09-29,0.04474061761536001,1.5800014889011542,0.005693760121974792
2016-09-30,0.04587329147904001,1.6200015265948544,0.005837905947847572
2016-10-01,0.04332477528576001,1.530001441784029,0.005513577839633818
2016-10-02,0.04530695454720001,1.6000015077480043,0.005765833034911182
2016-10-03,0.047289133808640006,1.6700015737119793,0.006018088230188546
2016-10-04,0.04417428068352001,1.5600014700543041,0.005621687209038402
2016-10-05,0.04417428068352001,1.5600014700543041,0.005621687209038402
2016-10-06,0.04502378608128001,1.5900014983245792,0.005729796578442987
2016-10-07,0.04530695454720001,1.6000015077480043,0.005765833034911182
2016-10-08,0.04530695454720001,1.6000015077480043,0.005765833034911182
2016-10-09,0.04530695454720001,1.6000015077480043,0.005765833034911182
2016-10-10,0.04530695454720001,1.6000015077480043,0.005765833034911182
2016-10-11,0.048138639206400005,1.7000016019822544,0.00612619759959313
2016-10-12,0.04530695454720001,1.6000015077480043,0.005765833034911182
2016-10-13,0.048138639206400005,1.7000016019822544,0.00612619759959313
2016-10-14,0.048138639206400005,1.7000016019822544,0.00612619759959313
2016-10-15,0.048138639206400005,1.7000016019822544,0.00612619759959313
2016-10-16,0.050970323865600006,1.8000016962165046,0.006486562164275079
2016-10-17,0.048138639206400005,1.7000016019822544,0.00612619759959313
2016-10-18,0.050970323865600006,1.8000016962165046,0.006486562164275079
2016-10-19,0.04983765000192001,1.7600016585228047,0.0063424163384023
2016-10-20,0.049554481536000006,1.7500016490993795,0.006306379881934105
2016-10-21,0.05012081846784001,1.7700016679462296,0.006378452794870495
2016-10-22,0.05040398693376001,1.7800016773696548,0.00641448925133869
2016-10-23,0.05012081846784001,1.7700016679462296,0.006378452794870495
2016-10-24,0.05040398693376001,1.7800016773696548,0.00641448925133869
2016-10-25,0.054651513922560006,1.93000181872103,0.006955036098361613
2016-10-26,0.05266933466112001,1.860001752757055,0.006702780903084249
2016-10-27,0.052386166195200014,1.85000174333363,0.0066667444466160545
2016-10-28,0.05210299772928001,1.8400017339102048,0.006630707990147859
2016-10-29,0.05266933466112001,1.860001752757055,0.006702780903084249
2016-10-30,0.052386166195200014,1.85000174333363,0.0066667444466160545
2016-10-31,0.053235671592960006,1.8800017716039048,0.006774853816020638
2016-11-01,0.05436834545664001,1.920001809297605,0.006918999641893418
2016-11-02,0.05578418778624001,1.9700018564147301,0.0070991819242343926
2016-11-03,0.05436834545664001,1.920001809297605,0.006918999641893418
2016-11-04,0.05436834545664001,1.920001809297605,0.006918999641893418
2016-11-05,0.05436834545664001,1.920001809297605,0.006918999641893418
2016-11-06,0.054085176990720005,1.9100017998741798,0.006882963185425223
2016-11-07,0.05295250312704001,1.8700017621804799,0.0067388173595524445
2016-11-08,0.05266933466112001,1.860001752757055,0.006702780903084249
2016-11-09,0.053235671592960006,1.8800017716039048,0.006774853816020638
2016-11-10,0.05266933466112001,1.860001752757055,0.006702780903084249
2016-11-11,0.05210299772928001,1.8400017339102048,0.006630707990147859
2016-11-12,0.05210299772928001,1.8400017339102048,0.006630707990147859
2016-11-13,0.05210299772928001,1.8400017339102048,0.006630707990147859
2016-11-14,0.052386166195200014,1.85000174333363,0.0066667444466160545
2016-11-15,0.05153666079744001,1.8200017150633547,0.006558635077211468
2016-11-16,0.05210299772928001,1.8400017339102048,0.006630707990147859
2016-11-17,0.05380200852480001,1.900001790450755,0.006846926728957029
2016-11-18,0.054085176990720005,1.9100017998741798,0.006882963185425223
2016-11-19,0.048138639206400005,1.7000016019822544,0.00612619759959313
2016-11-20,0.05266933466112001,1.860001752757055,0.006702780903084249
2016-11-21,0.05748319858176,2.03000191295528,0.007315400663043561
2016-11-22,0.06427924176384,2.270002139117481,0.008180275618280239
2016-11-23,0.05635052471808001,1.9900018752615802,0.007171254837170783
2016-11-24,0.056916861649920006,2.0100018941084303,0.007243327750107172
2016-11-25,0.05210299772928001,1.8400017339102048,0.006630707990147859
2016-11-26,0.054085176990720005,1.9100017998741798,0.006882963185425223
2016-11-27,0.056916861649920006,2.0100018941084303,0.007243327750107172
2016-11-28,0.05606735625216001,1.980001865838155,0.007135218380702588
2016-11-29,0.05521785085440001,1.95000183756788,0.0070271090112980035
2016-11-30,0.05125349233152001,1.8100017056399298,0.006522598620743275
2016-12-01,0.05068715539968001,1.7900016867930797,0.0064505257078068855
2016-12-02,0.05068715539968001,1.7900016867930797,0.0064505257078068855
2016-12-03,0.048988144604160004,1.7300016302525294,0.006234306968997714
2016-12-04,0.050970323865600006,1.8000016962165046,0.006486562164275079
2016-12-05,0.05380200852480001,1.900001790450755,0.006846926728957029
2016-12-06,0.05012081846784001,1.7700016679462296,0.006378452794870495
2016-12-07,0.05012081846784001,1.7700016679462296,0.006378452794870495
2016-12-08,0.046722796876800005,1.6500015548651292,0.005946015317252156
2016-12-09,0.05266933466112001,1.860001752757055,0.006702780903084249
2016-12-10,0.056916861649920006,2.0100018941084303,0.007243327750107172
2016-12-11,0.058615872445440004,2.0700019506489804,0.007459546488916341
2016-12-12,0.05833270397952001,2.0600019412255555,0.007423510032448147
2016-12-13,0.054934682388480004,1.9400018281444549,0.006991072554829808
2016-12-14,0.056916861649920006,2.0100018941084303,0.007243327750107172
2016-12-15,0.06286339943424002,2.2200020920003563,0.008000093335939266
2016-12-16,0.08098618125312002,2.8600026950995576,0.010306426549903738
2016-12-17,0.055501019320320005,1.960001846991305,0.007063145467766197
2016-12-18,0.03794457443328001,1.3400012627389537,0.004828885166738115
2016-12-19,0.05210299772928001,1.8400017339102048,0.006630707990147859
2016-12-20,0.05380200852480001,1.900001790450755,0.006846926728957029
2016-12-21,0.05578418778624001,1.9700018564147301,0.0070991819242343926
2016-12-22,0.05748319858176,2.03000191295528,0.007315400663043561
2016-12-23,0.06059805170688001,2.140002016612956,0.007711801684193706
2016-12-24,0.061730725570560016,2.180002054306656,0.007855947510066486
2016-12-25,0.061447557104640005,2.1700020448832307,0.00781991105359829
2016-12-26,0.05974854630912001,2.1100019883426806,0.0076036923147891206
2016-12-27,0.05436834545664001,1.920001809297605,0.006918999641893418
2016-12-28,0.05974854630912001,2.1100019883426806,0.0076036923147891206
2016-12-29,0.05974854630912001,2.1100019883426806,0.0076036923147891206
2016-12-30,0.05833270397952001,2.0600019412255555,0.007423510032448147
2016-12-31,0.05974854630912001,2.1100019883426806,0.0076036923147891206
2017-01-01,0.05833270397952001,2.0600019412255555,0.007423510032448147
2017-01-02,0.05776636704768001,2.0400019223787056,0.007351437119511757
2017-01-03,0.05521785085440001,1.95000183756788,0.0070271090112980035
2017-01-04,0.05521785085440001,1.95000183756788,0.0070271090112980035
2017-01-05,0.03907724829696,1.3800013004326535,0.0049730309926108935
2017-01-06,0.042475269888,1.5000014135137538,0.005405468470229232
2017-01-07,0.04842180767232001,1.7100016114056795,0.006162234056061326
2017-01-08,0.05153666079744001,1.8200017150633547,0.006558635077211468
2017-01-09,0.05153666079744001,1.8200017150633547,0.006558635077211468
2017-01-10,0.06031488324096001,2.1300020071895305,0.0076757652277255105
2017-01-11,0.05974854630912001,2.1100019883426806,0.0076036923147891206
2017-01-12,0.05720003011584001,2.0200019035318553,0.007279364206575367
2017-01-13,0.055501019320320005,1.960001846991305,0.007063145467766197
2017-01-14,0.054934682388480004,1.9400018281444549,0.006991072554829808
2017-01-15,0.054085176990720005,1.9100017998741798,0.006882963185425223
2017-01-16,0.05040398693376001,1.7800016773696548,0.00641448925133869
2017-01-17,0.04559012301312001,1.6100015171714293,0.005801869491379377
2017-01-18,0.047289133808640006,1.6700015737119793,0.006018088230188546
2017-01-19,0.05012081846784001,1.7700016679462296,0.006378452794870495
2017-01-20,0.04927131307008001,1.7400016396759546,0.006270343425465909
2017-01-21,0.050970323865600006,1.8000016962165046,0.006486562164275079
2017-01-22,0.05125349233152001,1.8100017056399298,0.006522598620743275
2017-01-23,0.05380200852480001,1.900001790450755,0.006846926728957029
2017-01-24,0.05436834545664001,1.920001809297605,0.006918999641893418
2017-01-25,0.05606735625216001,1.980001865838155,0.007135218380702588
2017-01-26,0.054651513922560006,1.93000181872103,0.006955036098361613
2017-01-27,0.05210299772928001,1.8400017339102048,0.006630707990147859
2017-01-28,0.05068715539968001,1.7900016867930797,0.0064505257078068855
2017-01-29,0.05295250312704001,1.8700017621804799,0.0067388173595524445
2017-01-30,0.05012081846784001,1.7700016679462296,0.006378452794870495
2017-01-31,0.05210299772928001,1.8400017339102048,0.006630707990147859
2017-02-01,0.05748319858176,2.03000191295528,0.007315400663043561
2017-02-02,0.05720003011584001,2.0200019035318553,0.007279364206575367
2017-02-03,0.06059805170688001,2.140002016612956,0.007711801684193706
2017-02-04,0.061730725570560016,2.180002054306656,0.007855947510066486
2017-02-05,0.06427924176384,2.270002139117481,0.008180275618280239
2017-02-06,0.07192479034368002,2.540002393549957,0.009153259942921502
2017-02-07,0.17131692188160003,6.05000570117214,0.021802056163257907
2017-02-08,0.3794457443328001,13.400012627389536,0.04828885166738115
2017-02-09,0.5012081846784,17.700016679462294,0.06378452794870494
2017-02-10,0.5635052471808001,19.9000187526158,0.07171254837170782
2017-02-11,0.19538624148480005,6.900006502163269,0.024865154963054473
2017-02-12,0.09910896307200001,3.500003298198759,0.01261275976386821
2017-02-13,0.08693271903744001,3.070002892991483,0.01106319213573583
2017-02-14,0.07843766505984001,2.7700026102887323,0.009982098441689983
2017-02-15,0.07588914886656002,2.6800025254779074,0.00965777033347623
2017-02-16,0.07787132812800002,2.7500025914418824,0.009910025528753594
2017-02-17,0.0863663821056,3.050002874144633,0.01099111922279944
2017-02-18,0.08806539290112,3.110002930685183,0.011207337961608608
2017-02-19,0.08240202358272002,2.9100027422166828,0.010486608832244712
2017-02-20,0.08806539290112,3.110002930685183,0.011207337961608608
2017-02-21,0.08353469744640002,2.950002779910383,0.010630754658117492
2017-02-22,0.07617231733248,2.690002534901332,0.009693806789944423
2017-02-23,0.07645548579840002,2.7000025443247573,0.00972984324641262
2017-02-24,0.07107528494592001,2.5100023652796817,0.009045150573516916
2017-02-25,0.06796043182080001,2.4000022616220065,0.008648749552366773
2017-02-26,0.07447330653696001,2.630002478360782,0.009477588051135254
2017-02-27,0.06937627415040001,2.4500023087391316,0.008828931834707747
2017-02-28,0.06909310568448,2.4400022993157062,0.008792895378239551
2017-03-01,0.06937627415040001,2.4500023087391316,0.008828931834707747
2017-03-02,0.07164162187776,2.5300023841265316,0.009117223486453305
2017-03-03,0.06965944261632001,2.4600023181625565,0.008864968291175942
2017-03-04,0.06739409488896,2.380002242775156,0.008576676639430382
2017-03-05,0.06541191562752001,2.310002176811181,0.008324421444153018
2017-03-06,0.062013894036480006,2.1900020637300806,0.00789198396653468
2017-03-07,0.06342973636608001,2.240002110847206,0.008072166248875655
2017-03-08,0.06371290483200001,2.250002120270631,0.00810820270534385
2017-03-09,0.06258023096832001,2.210002082576931,0.00796405687947107
2017-03-10,0.061730725570560016,2.180002054306656,0.007855947510066486
2017-03-11,0.06059805170688001,2.140002016612956,0.007711801684193706
2017-03-12,0.05889904091136001,2.0800019600724053,0.007495582945384536
2017-03-13,0.05748319858176,2.03000191295528,0.007315400663043561
2017-03-14,0.05720003011584001,2.0200019035318553,0.007279364206575367
2017-03-15,0.05578418778624001,1.9700018564147301,0.0070991819242343926
2017-03-16,0.05578418778624001,1.9700018564147301,0.0070991819242343926
2017-03-17,0.05663369318400001,2.0000018846850054,0.007207291293638977
2017-03-18,0.05663369318400001,2.0000018846850054,0.007207291293638977
2017-03-19,0.05635052471808001,1.9900018752615802,0.007171254837170783
2017-03-20,0.056916861649920006,2.0100018941084303,0.007243327750107172
2017-03-21,0.05663369318400001,2.0000018846850054,0.007207291293638977
2017-03-22,0.05635052471808001,1.9900018752615802,0.007171254837170783
2017-03-23,0.05663369318400001,2.0000018846850054,0.007207291293638977
2017-03-24,0.05578418778624001,1.9700018564147301,0.0070991819242343926
2017-03-25,0.05578418778624001,1.9700018564147301,0.0070991819242343926
2017-03-26,0.05663369318400001,2.0000018846850054,0.007207291293638977
2017-03-27,0.05578418778624001,1.9700018564147301,0.0070991819242343926
2017-03-28,0.06371290483200001,2.250002120270631,0.00810820270534385
2017-03-29,0.06031488324096001,2.1300020071895305,0.0076757652277255105
2017-03-30,0.05720003011584001,2.0200019035318553,0.007279364206575367
2017-03-31,0.061447557104640005,2.1700020448832307,0.00781991105359829
2017-04-01,0.06003171477504001,2.1200019977661055,0.007639728771257316
2017-04-02,0.056916861649920006,2.0100018941084303,0.007243327750107172
2017-04-03,0.05720003011584001,2.0200019035318553,0.007279364206575367
2017-04-04,0.05436834545664001,1.920001809297605,0.006918999641893418
2017-04-05,0.05295250312704001,1.8700017621804799,0.0067388173595524445
2017-04-06,0.05380200852480001,1.900001790450755,0.006846926728957029
2017-04-07,0.05351884005888,1.8900017810273297,0.006810890272488832
2017-04-08,0.05266933466112001,1.860001752757055,0.006702780903084249
2017-04-09,0.05181982926336001,1.83000172448678,0.006594671533679665
2017-04-10,0.05125349233152001,1.8100017056399298,0.006522598620743275
2017-04-11,0.05210299772928001,1.8400017339102048,0.006630707990147859
2017-04-12,0.05210299772928001,1.8400017339102048,0.006630707990147859
2017-04-13,0.05153666079744001,1.8200017150633547,0.006558635077211468
2017-04-14,0.05012081846784001,1.7700016679462296,0.006378452794870495
2017-04-15,0.04927131307008001,1.7400016396759546,0.006270343425465909
2017-04-16,0.04927131307008001,1.7400016396759546,0.006270343425465909
2017-04-17,0.04927131307008001,1.7400016396759546,0.006270343425465909
2017-04-18,0.048988144604160004,1.7300016302525294,0.006234306968997714
2017-04-19,0.04842180767232001,1.7100016114056795,0.006162234056061326
2017-04-20,0.04870497613824001,1.7200016208291045,0.00619827051252952
2017-04-21,0.05181982926336001,1.83000172448678,0.006594671533679665
2017-04-22,0.04927131307008001,1.7400016396759546,0.006270343425465909
2017-04-23,0.048138639206400005,1.7000016019822544,0.00612619759959313
2017-04-24,0.049554481536000006,1.7500016490993795,0.006306379881934105
2017-04-25,0.05125349233152001,1.8100017056399298,0.006522598620743275
2017-04-26,0.050970323865600006,1.8000016962165046,0.006486562164275079
2017-04-27,0.05351884005888,1.8900017810273297,0.006810890272488832
2017-04-28,0.055501019320320005,1.960001846991305,0.007063145467766197
2017-04-29,0.052386166195200014,1.85000174333363,0.0066667444466160545
2017-04-30,0.05125349233152001,1.8100017056399298,0.006522598620743275
2017-05-01,0.049554481536000006,1.7500016490993795,0.006306379881934105
2017-05-02,0.05012081846784001,1.7700016679462296,0.006378452794870495
2017-05-03,0.049554481536000006,1.7500016490993795,0.006306379881934105
2017-05-04,0.048988144604160004,1.7300016302525294,0.006234306968997714
2017-05-05,0.048138639206400005,1.7000016019822544,0.00612619759959313
2017-05-06,0.04785547074048001,1.6900015925588294,0.006090161143124936
2017-05-07,0.04842180767232001,1.7100016114056795,0.006162234056061326
2017-05-08,0.04842180767232001,1.7100016114056795,0.006162234056061326
2017-05-09,0.05210299772928001,1.8400017339102048,0.006630707990147859
2017-05-10,0.06286339943424002,2.2200020920003563,0.008000093335939266
2017-05-11,0.053235671592960006,1.8800017716039048,0.006774853816020638
2017-05-12,0.04643962841088001,1.6400015454417043,0.005909978860783961
2017-05-13,0.04417428068352001,1.5600014700543041,0.005621687209038402
2017-05-14,0.043041606819840005,1.520001432360604,0.005477541383165622
2017-05-15,0.041625764490240004,1.4700013852434788,0.005297359100824648
2017-05-16,0.041625764490240004,1.4700013852434788,0.005297359100824648
2017-05-17,0.04417428068352001,1.5600014700543041,0.005621687209038402
2017-05-18,0.05068715539968001,1.7900016867930797,0.0064505257078068855
2017-05-19,0.05040398693376001,1.7800016773696548,0.00641448925133869
2017-05-20,0.04700596534272,1.6600015642885542,0.00598205177372035
2017-05-21,0.04530695454720001,1.6000015077480043,0.005765833034911182
2017-05-22,0.044457449149440005,1.570001479477729,0.005657723665506597
2017-05-23,0.043607943751680006,1.540001451207454,0.005549614296102012
2017-05-24,0.042192101422080006,1.4900014040903289,0.005369432013761038
2017-05-25,0.041625764490240004,1.4700013852434788,0.005297359100824648
2017-05-26,0.04332477528576001,1.530001441784029,0.005513577839633818
2017-05-27,0.04332477528576001,1.530001441784029,0.005513577839633818
2017-05-28,0.04190893295616001,1.480001394666904,0.005333395557292843
2017-05-29,0.04020992216064,1.4200013381263537,0.005117176818483673
2017-05-30,0.039360416762880004,1.3900013098560786,0.005009067449079089
2017-05-31,0.038510911365120006,1.3600012815858036,0.004900958079674504
2017-06-01,0.03879407983104001,1.3700012910092287,0.0049369945361427
2017-06-02,0.039926753694720006,1.4100013287029287,0.005081140362015479
2017-06-03,0.03794457443328001,1.3400012627389537,0.004828885166738115
2017-06-04,0.03681190056960001,1.3000012250452535,0.004684739340865335
2017-06-05,0.036245563637760006,1.2800012061984034,0.004612666427928945
2017-06-06,0.036245563637760006,1.2800012061984034,0.004612666427928945
2017-06-07,0.03681190056960001,1.3000012250452535,0.004684739340865335
2017-06-08,0.03652873210368,1.2900012156218283,0.00464870288439714
2017-06-09,0.03313071051264,1.170001102540728,0.004216265406778801
2017-06-10,0.03171486818304001,1.120001055423603,0.0040360831244378274
2017-06-11,0.030582194319360007,1.0800010177299029,0.0038919372985650484
2017-06-12,0.030299025853440006,1.070001008306478,0.003855900842096853
2017-06-13,0.031998036648960004,1.130001064847028,0.004072119580906022
2017-06-14,0.03284754204672,1.160001093117303,0.0041802289503106065
2017-06-15,0.031998036648960004,1.130001064847028,0.004072119580906022
2017-06-16,0.030865362785280008,1.090001027153328,0.003927973755033243
2017-06-17,0.030015857387520006,1.0600009988830528,0.003819864385628658
2017-06-18,0.029732688921600005,1.0500009894596278,0.0037838279291604626
2017-06-19,0.029166351989760007,1.0300009706127777,0.0037117550162240735
2017-06-20,0.028316846592000004,1.0000009423425027,0.0036036456468194885
2017-06-21,0.028033678126080003,0.9900009329190775,0.003567609190351294
2017-06-22,0.026617835796480003,0.9400008858019524,0.003387426908010319
2017-06-23,0.028316846592000004,1.0000009423425027,0.0036036456468194885
2017-06-24,0.025201993466880006,0.8900008386848274,0.003207244625669345
2017-06-25,0.028033678126080003,0.9900009329190775,0.003567609190351294
2017-06-26,0.029166351989760007,1.0300009706127777,0.0037117550162240735
2017-06-27,0.029732688921600005,1.0500009894596278,0.0037838279291604626
2017-06-28,0.03143169971712001,1.1100010460001781,0.004000046667969633
2017-06-29,0.030582194319360007,1.0800010177299029,0.0038919372985650484
2017-06-30,0.030015857387520006,1.0600009988830528,0.003819864385628658
2017-07-01,0.030582194319360007,1.0800010177299029,0.0038919372985650484
2017-07-02,0.030299025853440006,1.070001008306478,0.003855900842096853
2017-07-03,0.029449520455680004,1.0400009800362027,0.003747791472692268
2017-07-04,0.028600015057920005,1.0100009517659276,0.0036396821032876835
2017-07-05,0.027750509660160003,0.9800009234956525,0.0035315727338830986
2017-07-06,0.027467341194240002,0.9700009140722274,0.003495536277414904
2017-07-07,0.027184172728320005,0.9600009046488025,0.003459499820946709
2017-07-08,0.027184172728320005,0.9600009046488025,0.003459499820946709
2017-07-09,0.027184172728320005,0.9600009046488025,0.003459499820946709
2017-07-10,0.026617835796480003,0.9400008858019524,0.003387426908010319
2017-07-11,0.026334667330560006,0.9300008763785275,0.0033513904515421245
2017-07-12,0.026334667330560006,0.9300008763785275,0.0033513904515421245
2017-07-13,0.026617835796480003,0.9400008858019524,0.003387426908010319
2017-07-14,0.027467341194240002,0.9700009140722274,0.003495536277414904
2017-07-15,0.027184172728320005,0.9600009046488025,0.003459499820946709
2017-07-16,0.026051498864640005,0.9200008669551024,0.0033153539950739296
2017-07-17,0.025768330398720004,0.9100008575316774,0.003279317538605734
2017-07-18,0.026051498864640005,0.9200008669551024,0.0033153539950739296
2017-07-19,0.027184172728320005,0.9600009046488025,0.003459499820946709
2017-07-20,0.028033678126080003,0.9900009329190775,0.003567609190351294
2017-07-21,0.028033678126080003,0.9900009329190775,0.003567609190351294
2017-07-22,0.024352488069120003,0.8600008104145522,0.00309913525626476
2017-07-23,0.020388129546240003,0.7200006784866019,0.0025946248657100317
2017-07-24,0.022370308807680005,0.7900007444505771,0.002846880060987396
2017-07-25,0.024069319603200003,0.8500008009911272,0.003063098799796565
2017-07-26,0.027750509660160003,0.9800009234956525,0.0035315727338830986
2017-07-27,0.024069319603200003,0.8500008009911272,0.003063098799796565
2017-07-28,0.01953862414848,0.6900006502163267,0.0024865154963054467
2017-07-29,0.018405950284800004,0.6500006125226268,0.0023423696704326677
2017-07-30,0.01727327642112,0.6100005748289266,0.0021982238445598878
2017-07-31,0.01642377102336,0.5800005465586515,0.0020901144751553032
2017-08-01,0.01614060255744,0.5700005371352265,0.0020540780186871083
2017-08-02,0.015291097159680004,0.5400005088649514,0.0019459686492825242
2017-08-03,0.015007928693760003,0.5300004994415264,0.001909932192814329
2017-08-04,0.014441591761920003,0.5100004805946764,0.0018378592798779392
2017-08-05,0.015007928693760003,0.5300004994415264,0.001909932192814329
2017-08-06,0.014158423296000002,0.5000004711712513,0.0018018228234097443
2017-08-07,0.014724760227840002,0.5200004900181013,0.001873895736346134
2017-08-08,0.015007928693760003,0.5300004994415264,0.001909932192814329
2017-08-09,0.014441591761920003,0.5100004805946764,0.0018378592798779392
2017-08-10,0.014724760227840002,0.5200004900181013,0.001873895736346134
2017-08-11,0.014441591761920003,0.5100004805946764,0.0018378592798779392
2017-08-12,0.014158423296000002,0.5000004711712513,0.0018018228234097443
2017-08-13,0.015574265625600004,0.5500005182883765,0.001982005105750719
2017-08-14,0.01614060255744,0.5700005371352265,0.0020540780186871083
2017-08-15,0.01642377102336,0.5800005465586515,0.0020901144751553032
2017-08-16,0.016706939489280002,0.5900005559820766,0.0021261509316234982
2017-08-17,0.017839613352960002,0.6300005936757767,0.0022702967574962777
2017-08-18,0.018689118750720005,0.6600006219460518,0.0023784061269008627
2017-08-19,0.018405950284800004,0.6500006125226268,0.0023423696704326677
2017-08-20,0.018689118750720005,0.6600006219460518,0.0023784061269008627
2017-08-21,0.018972287216640005,0.6700006313694769,0.0024144425833690576
2017-08-22,0.018405950284800004,0.6500006125226268,0.0023423696704326677
2017-08-23,0.019255455682560003,0.6800006407929018,0.002450479039837252
2017-08-24,0.01953862414848,0.6900006502163267,0.0024865154963054467
2017-08-25,0.018972287216640005,0.6700006313694769,0.0024144425833690576
2017-08-26,0.018405950284800004,0.6500006125226268,0.0023423696704326677
2017-08-27,0.017839613352960002,0.6300005936757767,0.0022702967574962777
2017-08-28,0.01755644488704,0.6200005842523516,0.0022342603010280827
2017-08-29,0.01727327642112,0.6100005748289266,0.0021982238445598878
2017-08-30,0.016990107955200003,0.6000005654055016,0.002162187388091693
2017-08-31,0.016706939489280002,0.5900005559820766,0.0021261509316234982
2017-09-01,0.016706939489280002,0.5900005559820766,0.0021261509316234982
2017-09-02,0.01614060255744,0.5700005371352265,0.0020540780186871083
2017-09-03,0.015291097159680004,0.5400005088649514,0.0019459686492825242
2017-09-04,0.014724760227840002,0.5200004900181013,0.001873895736346134
2017-09-05,0.015291097159680004,0.5400005088649514,0.0019459686492825242
2017-09-06,0.015291097159680004,0.5400005088649514,0.0019459686492825242
2017-09-07,0.015007928693760003,0.5300004994415264,0.001909932192814329
2017-09-08,0.015291097159680004,0.5400005088649514,0.0019459686492825242
2017-09-09,0.01642377102336,0.5800005465586515,0.0020901144751553032
2017-09-10,0.01755644488704,0.6200005842523516,0.0022342603010280827
2017-09-11,0.017839613352960002,0.6300005936757767,0.0022702967574962777
2017-09-12,0.01755644488704,0.6200005842523516,0.0022342603010280827
2017-09-13,0.018405950284800004,0.6500006125226268,0.0023423696704326677
2017-09-14,0.01953862414848,0.6900006502163267,0.0024865154963054467
2017-09-15,0.021237634944,0.7500007067568769,0.002702734235114616
2017-09-16,0.021520803409920002,0.760000716180302,0.002738770691582811
2017-09-17,0.020954466478080004,0.740000697333452,0.0026666977786464216
2017-09-18,0.021520803409920002,0.760000716180302,0.002738770691582811
2017-09-19,0.020671298012160003,0.7300006879100269,0.0026306613221782267
2017-09-20,0.020671298012160003,0.7300006879100269,0.0026306613221782267
2017-09-21,0.02010496108032,0.7100006690631768,0.0025585884092418367
2017-09-22,0.02010496108032,0.7100006690631768,0.0025585884092418367
2017-09-23,0.021237634944,0.7500007067568769,0.002702734235114616
2017-09-24,0.022087140341760004,0.7800007350271521,0.002810843604519201
2017-09-25,0.022087140341760004,0.7800007350271521,0.002810843604519201
2017-09-26,0.022936645739520006,0.8100007632974272,0.002918952973923786
2017-09-27,0.022936645739520006,0.8100007632974272,0.002918952973923786
2017-09-28,0.024069319603200003,0.8500008009911272,0.003063098799796565
2017-09-29,0.024635656535040004,0.8700008198379773,0.0031351717127329547
2017-09-30,0.026334667330560006,0.9300008763785275,0.0033513904515421245
2017-10-01,0.043041606819840005,1.520001432360604,0.005477541383165622
2017-10-02,0.03766140596736001,1.3300012533155285,0.00479284871026992
2017-10-03,0.029166351989760007,1.0300009706127777,0.0037117550162240735
2017-10-04,0.026051498864640005,0.9200008669551024,0.0033153539950739296
2017-10-05,0.024635656535040004,0.8700008198379773,0.0031351717127329547
2017-10-06,0.024352488069120003,0.8600008104145522,0.00309913525626476
2017-10-07,0.025201993466880006,0.8900008386848274,0.003207244625669345
2017-10-08,0.025485161932800003,0.9000008481082523,0.0032432810821375396
2017-10-09,0.029732688921600005,1.0500009894596278,0.0037838279291604626
2017-10-10,0.028600015057920005,1.0100009517659276,0.0036396821032876835
2017-10-11,0.027750509660160003,0.9800009234956525,0.0035315727338830986
2017-10-12,0.026901004262400004,0.9500008952253775,0.0034234633644785145
2017-10-13,0.026334667330560006,0.9300008763785275,0.0033513904515421245
2017-10-14,0.026051498864640005,0.9200008669551024,0.0033153539950739296
2017-10-15,0.025485161932800003,0.9000008481082523,0.0032432810821375396
2017-10-16,0.025485161932800003,0.9000008481082523,0.0032432810821375396
2017-10-17,0.026051498864640005,0.9200008669551024,0.0033153539950739296
2017-10-18,0.026051498864640005,0.9200008669551024,0.0033153539950739296
2017-10-19,0.025768330398720004,0.9100008575316774,0.003279317538605734
2017-10-20,0.027184172728320005,0.9600009046488025,0.003459499820946709
2017-10-21,0.028600015057920005,1.0100009517659276,0.0036396821032876835
2017-10-22,0.027184172728320005,0.9600009046488025,0.003459499820946709
2017-10-23,0.027184172728320005,0.9600009046488025,0.003459499820946709
2017-10-24,0.027184172728320005,0.9600009046488025,0.003459499820946709
2017-10-25,0.028316846592000004,1.0000009423425027,0.0036036456468194885
2017-10-26,0.027750509660160003,0.9800009234956525,0.0035315727338830986
2017-10-27,0.027184172728320005,0.9600009046488025,0.003459499820946709
2017-10-28,0.027750509660160003,0.9800009234956525,0.0035315727338830986
2017-10-29,0.028033678126080003,0.9900009329190775,0.003567609190351294
2017-10-30,0.027184172728320005,0.9600009046488025,0.003459499820946709
2017-10-31,0.027750509660160003,0.9800009234956525,0.0035315727338830986
2017-11-01,0.028033678126080003,0.9900009329190775,0.003567609190351294
2017-11-02,0.027750509660160003,0.9800009234956525,0.0035315727338830986
2017-11-03,0.027184172728320005,0.9600009046488025,0.003459499820946709
2017-11-04,0.03171486818304001,1.120001055423603,0.0040360831244378274
2017-11-05,0.03596239517184001,1.2700011967749785,0.004576629971460751
2017-11-06,0.030299025853440006,1.070001008306478,0.003855900842096853
2017-11-07,0.029166351989760007,1.0300009706127777,0.0037117550162240735
2017-11-08,0.029166351989760007,1.0300009706127777,0.0037117550162240735
2017-11-09,0.029166351989760007,1.0300009706127777,0.0037117550162240735
2017-11-10,0.028883183523840006,1.0200009611893528,0.0036757185597558785
2017-11-11,0.028883183523840006,1.0200009611893528,0.0036757185597558785
2017-11-12,0.028316846592000004,1.0000009423425027,0.0036036456468194885
2017-11-13,0.028600015057920005,1.0100009517659276,0.0036396821032876835
2017-11-14,0.028316846592000004,1.0000009423425027,0.0036036456468194885
2017-11-15,0.028600015057920005,1.0100009517659276,0.0036396821032876835
2017-11-16,0.030865362785280008,1.090001027153328,0.003927973755033243
2017-11-17,0.033413878978560005,1.1800011119641531,0.0042523018632469965
2017-11-18,0.03171486818304001,1.120001055423603,0.0040360831244378274
2017-11-19,0.029166351989760007,1.0300009706127777,0.0037117550162240735
2017-11-20,0.027184172728320005,0.9600009046488025,0.003459499820946709
2017-11-21,0.033980215910400006,1.2000011308110032,0.004324374776183386
2017-11-22,0.03539605824000001,1.2500011779281284,0.004504557058524361
2017-11-23,0.033980215910400006,1.2000011308110032,0.004324374776183386
2017-11-24,0.033413878978560005,1.1800011119641531,0.0042523018632469965
2017-11-25,0.03284754204672,1.160001093117303,0.0041802289503106065
2017-11-26,0.0325643735808,1.1500010836938779,0.004144192493842411
2017-11-27,0.03284754204672,1.160001093117303,0.0041802289503106065
2017-11-28,0.03284754204672,1.160001093117303,0.0041802289503106065
2017-11-29,0.03228120511488,1.140001074270453,0.0041081560373742165
2017-11-30,0.029449520455680004,1.0400009800362027,0.003747791472692268
2017-12-01,0.03143169971712001,1.1100010460001781,0.004000046667969633
2017-12-02,0.03454655284224,1.2200011496578531,0.0043964476891197755
2017-12-03,0.035679226705920004,1.2600011873515533,0.004540593514992555
2017-12-04,0.034263384376320004,1.2100011402344282,0.004360411232651581
2017-12-05,0.030865362785280008,1.090001027153328,0.003927973755033243
2017-12-06,0.03454655284224,1.2200011496578531,0.0043964476891197755
2017-12-07,0.026051498864640005,0.9200008669551024,0.0033153539950739296
2017-12-08,0.027467341194240002,0.9700009140722274,0.003495536277414904
2017-12-09,0.021803971875840003,0.770000725603727,0.002774807148051006
2017-12-10,0.018689118750720005,0.6600006219460518,0.0023784061269008627
2017-12-11,0.014158423296000002,0.5000004711712513,0.0018018228234097443
2017-12-12,0.009344559375360002,0.3300003109730259,0.0011892030634504313
2017-12-13,0.010477233239040002,0.370000348666726,0.0013333488893232108
2017-12-14,0.01727327642112,0.6100005748289266,0.0021982238445598878
2017-12-15,0.022653477273600005,0.8000007538740022,0.002882916517455591
2017-12-16,0.02350298267136,0.8300007821442771,0.002991025886860175
2017-12-17,0.02350298267136,0.8300007821442771,0.002991025886860175
2017-12-18,0.02350298267136,0.8300007821442771,0.002991025886860175
2017-12-19,0.02350298267136,0.8300007821442771,0.002991025886860175
2017-12-20,0.023786151137280002,0.8400007915677021,0.00302706234332837
2017-12-21,0.024069319603200003,0.8500008009911272,0.003063098799796565
2017-12-22,0.024635656535040004,0.8700008198379773,0.0031351717127329547
2017-12-23,0.025201993466880006,0.8900008386848274,0.003207244625669345
2017-12-24,0.026617835796480003,0.9400008858019524,0.003387426908010319
2017-12-25,0.028316846592000004,1.0000009423425027,0.0036036456468194885
2017-12-26,0.027184172728320005,0.9600009046488025,0.003459499820946709
2017-12-27,0.026617835796480003,0.9400008858019524,0.003387426908010319
2017-12-28,0.025768330398720004,0.9100008575316774,0.003279317538605734
2017-12-29,0.026334667330560006,0.9300008763785275,0.0033513904515421245
2017-12-30,0.026617835796480003,0.9400008858019524,0.003387426908010319
2017-12-31,0.026051498864640005,0.9200008669551024,0.0033153539950739296
2018-01-01,0.025201993466880006,0.8900008386848274,0.003207244625669345
2018-01-02,0.022370308807680005,0.7900007444505771,0.002846880060987396
2018-01-03,0.01614060255744,0.5700005371352265,0.0020540780186871083
2018-01-04,0.013025749432320002,0.4600004334775512,0.0016576769975369648
2018-01-05,0.012742580966400002,0.45000042405412616,0.0016216405410687698
2018-01-06,0.013025749432320002,0.4600004334775512,0.0016576769975369648
2018-01-07,0.014441591761920003,0.5100004805946764,0.0018378592798779392
2018-01-08,0.020388129546240003,0.7200006784866019,0.0025946248657100317
2018-01-09,0.026051498864640005,0.9200008669551024,0.0033153539950739296
2018-01-10,0.026334667330560006,0.9300008763785275,0.0033513904515421245
2018-01-11,0.02350298267136,0.8300007821442771,0.002991025886860175
2018-01-12,0.022936645739520006,0.8100007632974272,0.002918952973923786
2018-01-13,0.022370308807680005,0.7900007444505771,0.002846880060987396
2018-01-14,0.023219814205440004,0.8200007727208521,0.0029549894303919806
2018-01-15,0.0198217926144,0.7000006596397518,0.0025225519527736417
2018-01-16,0.021237634944,0.7500007067568769,0.002702734235114616
2018-01-17,0.018972287216640005,0.6700006313694769,0.0024144425833690576
2018-01-18,0.022087140341760004,0.7800007350271521,0.002810843604519201
2018-01-19,0.022653477273600005,0.8000007538740022,0.002882916517455591
2018-01-20,0.022370308807680005,0.7900007444505771,0.002846880060987396
2018-01-21,0.022370308807680005,0.7900007444505771,0.002846880060987396
2018-01-22,0.0198217926144,0.7000006596397518,0.0025225519527736417
2018-01-23,0.023219814205440004,0.8200007727208521,0.0029549894303919806
2018-01-24,0.018972287216640005,0.6700006313694769,0.0024144425833690576
2018-01-25,0.025485161932800003,0.9000008481082523,0.0032432810821375396
2018-01-26,0.028033678126080003,0.9900009329190775,0.003567609190351294
2018-01-27,0.022087140341760004,0.7800007350271521,0.002810843604519201
2018-01-28,0.022653477273600005,0.8000007538740022,0.002882916517455591
2018-01-29,0.022936645739520006,0.8100007632974272,0.002918952973923786
2018-01-30,0.024069319603200003,0.8500008009911272,0.003063098799796565
2018-01-31,0.023786151137280002,0.8400007915677021,0.00302706234332837
2018-02-01,0.023786151137280002,0.8400007915677021,0.00302706234332837
2018-02-02,0.024635656535040004,0.8700008198379773,0.0031351717127329547
2018-02-03,0.024918825000960005,0.8800008292614023,0.00317120816920115
2018-02-04,0.023786151137280002,0.8400007915677021,0.00302706234332837
2018-02-05,0.025768330398720004,0.9100008575316774,0.003279317538605734
2018-02-06,0.025485161932800003,0.9000008481082523,0.0032432810821375396
2018-02-07,0.023786151137280002,0.8400007915677021,0.00302706234332837
2018-02-08,0.024918825000960005,0.8800008292614023,0.00317120816920115
2018-02-09,0.026334667330560006,0.9300008763785275,0.0033513904515421245
2018-02-10,0.026051498864640005,0.9200008669551024,0.0033153539950739296
2018-02-11,0.026901004262400004,0.9500008952253775,0.0034234633644785145
2018-02-12,0.027467341194240002,0.9700009140722274,0.003495536277414904
2018-02-13,0.027750509660160003,0.9800009234956525,0.0035315727338830986
2018-02-14,0.028883183523840006,1.0200009611893528,0.0036757185597558785
2018-02-15,0.030299025853440006,1.070001008306478,0.003855900842096853
2018-02-16,0.029166351989760007,1.0300009706127777,0.0037117550162240735
2018-02-17,0.029166351989760007,1.0300009706127777,0.0037117550162240735
2018-02-18,0.030015857387520006,1.0600009988830528,0.003819864385628658
2018-02-19,0.022653477273600005,0.8000007538740022,0.002882916517455591
2018-02-20,0.008495053977600002,0.3000002827027508,0.0010810936940458466
2018-02-21,0.02010496108032,0.7100006690631768,0.0025585884092418367
2018-02-22,0.0325643735808,1.1500010836938779,0.004144192493842411
2018-02-23,0.033413878978560005,1.1800011119641531,0.0042523018632469965
2018-02-24,0.03313071051264,1.170001102540728,0.004216265406778801
2018-02-25,0.033413878978560005,1.1800011119641531,0.0042523018632469965
2018-02-26,0.033413878978560005,1.1800011119641531,0.0042523018632469965
2018-02-27,0.03454655284224,1.2200011496578531,0.0043964476891197755
2018-02-28,0.03454655284224,1.2200011496578531,0.0043964476891197755
2018-03-01,0.03454655284224,1.2200011496578531,0.0043964476891197755
2018-03-02,0.03879407983104001,1.3700012910092287,0.0049369945361427
2018-03-03,0.03879407983104001,1.3700012910092287,0.0049369945361427
2018-03-04,0.03766140596736001,1.3300012533155285,0.00479284871026992
2018-03-05,0.03539605824000001,1.2500011779281284,0.004504557058524361
2018-03-06,0.03766140596736001,1.3300012533155285,0.00479284871026992
2018-03-07,0.035679226705920004,1.2600011873515533,0.004540593514992555
2018-03-08,0.036245563637760006,1.2800012061984034,0.004612666427928945
2018-03-09,0.03737823750144001,1.3200012438921036,0.004756812253801725
2018-03-10,0.03737823750144001,1.3200012438921036,0.004756812253801725
2018-03-11,0.03681190056960001,1.3000012250452535,0.004684739340865335
2018-03-12,0.03652873210368,1.2900012156218283,0.00464870288439714
2018-03-13,0.03596239517184001,1.2700011967749785,0.004576629971460751
2018-03-14,0.03681190056960001,1.3000012250452535,0.004684739340865335
2018-03-15,0.04417428068352001,1.5600014700543041,0.005621687209038402
2018-03-16,0.041625764490240004,1.4700013852434788,0.005297359100824648
2018-03-17,0.037095069035520005,1.3100012344686784,0.00472077579733353
2018-03-18,0.037095069035520005,1.3100012344686784,0.00472077579733353
2018-03-19,0.036245563637760006,1.2800012061984034,0.004612666427928945
2018-03-20,0.03652873210368,1.2900012156218283,0.00464870288439714
2018-03-21,0.035679226705920004,1.2600011873515533,0.004540593514992555
2018-03-22,0.03652873210368,1.2900012156218283,0.00464870288439714
2018-03-23,0.043607943751680006,1.540001451207454,0.005549614296102012
2018-03-24,0.041625764490240004,1.4700013852434788,0.005297359100824648
2018-03-25,0.03596239517184001,1.2700011967749785,0.004576629971460751
2018-03-26,0.034829721308160005,1.2300011590812783,0.004432484145587971
2018-03-27,0.03511288977408,1.2400011685047032,0.0044685206020561655
2018-03-28,0.03539605824000001,1.2500011779281284,0.004504557058524361
2018-03-29,0.03539605824000001,1.2500011779281284,0.004504557058524361
2018-03-30,0.03454655284224,1.2200011496578531,0.0043964476891197755
2018-03-31,0.03369704744448,1.190001121387578,0.004288338319715191
2018-04-01,0.03313071051264,1.170001102540728,0.004216265406778801
2018-04-02,0.0325643735808,1.1500010836938779,0.004144192493842411
2018-04-03,0.03143169971712001,1.1100010460001781,0.004000046667969633
2018-04-04,0.03228120511488,1.140001074270453,0.0041081560373742165
2018-04-05,0.03284754204672,1.160001093117303,0.0041802289503106065
2018-04-06,0.034263384376320004,1.2100011402344282,0.004360411232651581
2018-04-07,0.03907724829696,1.3800013004326535,0.0049730309926108935
2018-04-08,0.042475269888,1.5000014135137538,0.005405468470229232
2018-04-09,0.03681190056960001,1.3000012250452535,0.004684739340865335
2018-04-10,0.034263384376320004,1.2100011402344282,0.004360411232651581
2018-04-11,0.03369704744448,1.190001121387578,0.004288338319715191
2018-04-12,0.03228120511488,1.140001074270453,0.0041081560373742165
2018-04-13,0.03369704744448,1.190001121387578,0.004288338319715191
2018-04-14,0.03369704744448,1.190001121387578,0.004288338319715191
2018-04-15,0.03171486818304001,1.120001055423603,0.0040360831244378274
2018-04-16,0.03143169971712001,1.1100010460001781,0.004000046667969633
2018-04-17,0.0325643735808,1.1500010836938779,0.004144192493842411
2018-04-18,0.031998036648960004,1.130001064847028,0.004072119580906022
2018-04-19,0.03143169971712001,1.1100010460001781,0.004000046667969633
2018-04-20,0.033413878978560005,1.1800011119641531,0.0042523018632469965
2018-04-21,0.03681190056960001,1.3000012250452535,0.004684739340865335
2018-04-22,0.0325643735808,1.1500010836938779,0.004144192493842411
2018-04-23,0.030582194319360007,1.0800010177299029,0.0038919372985650484
2018-04-24,0.029449520455680004,1.0400009800362027,0.003747791472692268
2018-04-25,0.029732688921600005,1.0500009894596278,0.0037838279291604626
2018-04-26,0.029449520455680004,1.0400009800362027,0.003747791472692268
2018-04-27,0.028600015057920005,1.0100009517659276,0.0036396821032876835
2018-04-28,0.027750509660160003,0.9800009234956525,0.0035315727338830986
2018-04-29,0.027467341194240002,0.9700009140722274,0.003495536277414904
2018-04-30,0.027467341194240002,0.9700009140722274,0.003495536277414904
2018-05-01,0.034263384376320004,1.2100011402344282,0.004360411232651581
2018-05-02,0.034829721308160005,1.2300011590812783,0.004432484145587971
2018-05-03,0.04134259602432001,1.4600013758200538,0.005261322644356453
2018-05-04,0.033980215910400006,1.2000011308110032,0.004324374776183386
2018-05-05,0.029732688921600005,1.0500009894596278,0.0037838279291604626
2018-05-06,0.029166351989760007,1.0300009706127777,0.0037117550162240735
2018-05-07,0.028600015057920005,1.0100009517659276,0.0036396821032876835
2018-05-08,0.027184172728320005,0.9600009046488025,0.003459499820946709
2018-05-09,0.026617835796480003,0.9400008858019524,0.003387426908010319
2018-05-10,0.027467341194240002,0.9700009140722274,0.003495536277414904
2018-05-11,0.028316846592000004,1.0000009423425027,0.0036036456468194885
2018-05-12,0.028033678126080003,0.9900009329190775,0.003567609190351294
2018-05-13,0.027184172728320005,0.9600009046488025,0.003459499820946709
2018-05-14,0.027467341194240002,0.9700009140722274,0.003495536277414904
2018-05-15,0.026617835796480003,0.9400008858019524,0.003387426908010319
2018-05-16,0.024918825000960005,0.8800008292614023,0.00317120816920115
2018-05-17,0.023786151137280002,0.8400007915677021,0.00302706234332837
2018-05-18,0.02350298267136,0.8300007821442771,0.002991025886860175
2018-05-19,0.025201993466880006,0.8900008386848274,0.003207244625669345
2018-05-20,0.028883183523840006,1.0200009611893528,0.0036757185597558785
2018-05-21,0.025201993466880006,0.8900008386848274,0.003207244625669345
2018-05-22,0.025201993466880006,0.8900008386848274,0.003207244625669345
2018-05-23,0.028033678126080003,0.9900009329190775,0.003567609190351294
2018-05-24,0.025201993466880006,0.8900008386848274,0.003207244625669345
2018-05-25,0.022653477273600005,0.8000007538740022,0.002882916517455591
2018-05-26,0.020671298012160003,0.7300006879100269,0.0026306613221782267
2018-05-27,0.0198217926144,0.7000006596397518,0.0025225519527736417
2018-05-28,0.0198217926144,0.7000006596397518,0.0025225519527736417
2018-05-29,0.021237634944,0.7500007067568769,0.002702734235114616
2018-05-30,0.021237634944,0.7500007067568769,0.002702734235114616
2018-05-31,0.020388129546240003,0.7200006784866019,0.0025946248657100317
2018-06-01,0.018689118750720005,0.6600006219460518,0.0023784061269008627
2018-06-02,0.019255455682560003,0.6800006407929018,0.002450479039837252
2018-06-03,0.018972287216640005,0.6700006313694769,0.0024144425833690576
2018-06-04,0.019255455682560003,0.6800006407929018,0.002450479039837252
2018-06-05,0.018405950284800004,0.6500006125226268,0.0023423696704326677
2018-06-06,0.01642377102336,0.5800005465586515,0.0020901144751553032
2018-06-07,0.015007928693760003,0.5300004994415264,0.001909932192814329
2018-06-08,0.014441591761920003,0.5100004805946764,0.0018378592798779392
2018-06-09,0.013875254830080001,0.49000046174782624,0.0017657863669415493
2018-06-10,0.012742580966400002,0.45000042405412616,0.0016216405410687698
2018-06-11,0.013025749432320002,0.4600004334775512,0.0016576769975369648
2018-06-12,0.013308917898240001,0.4700004429009762,0.0016937134540051595
2018-06-13,0.013025749432320002,0.4600004334775512,0.0016576769975369648
2018-06-14,0.012459412500480002,0.44000041463070116,0.001585604084600575
2018-06-15,0.011893075568640001,0.42000039578385107,0.001513531171664185
2018-06-16,0.012459412500480002,0.44000041463070116,0.001585604084600575
2018-06-17,0.015857434091520003,0.5600005277118015,0.0020180415622189137
2018-06-18,0.015007928693760003,0.5300004994415264,0.001909932192814329
2018-06-19,0.013875254830080001,0.49000046174782624,0.0017657863669415493
2018-06-20,0.013308917898240001,0.4700004429009762,0.0016937134540051595
2018-06-21,0.013025749432320002,0.4600004334775512,0.0016576769975369648
2018-06-22,0.012459412500480002,0.44000041463070116,0.001585604084600575
2018-06-23,0.011893075568640001,0.42000039578385107,0.001513531171664185
2018-06-24,0.011609907102720002,0.4100003863604261,0.0014774947151959903
2018-06-25,0.012176244034560002,0.4300004052072761,0.00154956762813238
2018-06-26,0.011326738636800003,0.4000003769370011,0.0014414582587277955
2018-06-27,0.010760401704960001,0.380000358090151,0.0013693853457914056
2018-06-28,0.010477233239040002,0.370000348666726,0.0013333488893232108
2018-06-29,0.0099108963072,0.3500003298198759,0.0012612759763868209
2018-06-30,0.010760401704960001,0.380000358090151,0.0013693853457914056
2018-07-01,0.011326738636800003,0.4000003769370011,0.0014414582587277955
2018-07-02,0.011326738636800003,0.4000003769370011,0.0014414582587277955
2018-07-03,0.011043570170880002,0.39000036751357603,0.0014054218022596006
2018-07-04,0.011043570170880002,0.39000036751357603,0.0014054218022596006
2018-07-05,0.010194064773120001,0.36000033924330094,0.0012973124328550158
2018-07-06,0.0099108963072,0.3500003298198759,0.0012612759763868209
2018-07-07,0.010194064773120001,0.36000033924330094,0.0012973124328550158
2018-07-08,0.011609907102720002,0.4100003863604261,0.0014774947151959903
2018-07-09,0.011043570170880002,0.39000036751357603,0.0014054218022596006
2018-07-10,0.011043570170880002,0.39000036751357603,0.0014054218022596006
2018-07-11,0.011043570170880002,0.39000036751357603,0.0014054218022596006
2018-07-12,0.011609907102720002,0.4100003863604261,0.0014774947151959903
2018-07-13,0.010760401704960001,0.380000358090151,0.0013693853457914056
2018-07-14,0.0099108963072,0.3500003298198759,0.0012612759763868209
2018-07-15,0.011043570170880002,0.39000036751357603,0.0014054218022596006
2018-07-16,0.011609907102720002,0.4100003863604261,0.0014774947151959903
2018-07-17,0.011043570170880002,0.39000036751357603,0.0014054218022596006
2018-07-18,0.010194064773120001,0.36000033924330094,0.0012973124328550158
2018-07-19,0.009344559375360002,0.3300003109730259,0.0011892030634504313
2018-07-20,0.008495053977600002,0.3000002827027508,0.0010810936940458466
2018-07-21,0.00877822244352,0.3100002921261758,0.0011171301505140414
2018-07-22,0.009627727841280001,0.3400003203964509,0.001225239519918626
2018-07-23,0.0099108963072,0.3500003298198759,0.0012612759763868209
2018-07-24,0.00877822244352,0.3100002921261758,0.0011171301505140414
2018-07-25,0.00821188551168,0.29000027327932576,0.0010450572375776516
2018-07-26,0.007928717045760002,0.28000026385590077,0.0010090207811094569
2018-07-27,0.007362380113920001,0.26000024500905067,0.000936947868173067
2018-07-28,0.007645548579840002,0.2700002544324757,0.0009729843246412621
2018-07-29,0.007928717045760002,0.28000026385590077,0.0010090207811094569
2018-07-30,0.007645548579840002,0.2700002544324757,0.0009729843246412621
2018-07-31,0.007645548579840002,0.2700002544324757,0.0009729843246412621
2018-08-01,0.007928717045760002,0.28000026385590077,0.0010090207811094569
2018-08-02,0.00821188551168,0.29000027327932576,0.0010450572375776516
2018-08-03,0.00877822244352,0.3100002921261758,0.0011171301505140414
2018-08-04,0.009061390909440002,0.32000030154960085,0.0011531666069822363
2018-08-05,0.009627727841280001,0.3400003203964509,0.001225239519918626
2018-08-06,0.009061390909440002,0.32000030154960085,0.0011531666069822363
2018-08-07,0.007928717045760002,0.28000026385590077,0.0010090207811094569
2018-08-08,0.007362380113920001,0.26000024500905067,0.000936947868173067
2018-08-09,0.006796043182080001,0.24000022616220062,0.0008648749552366773
2018-08-10,0.0059465377843200004,0.21000019789192553,0.0007567655858320925
2018-08-11,0.0053802008524800006,0.1900001790450755,0.0006846926728957028
2018-08-12,0.0053802008524800006,0.1900001790450755,0.0006846926728957028
2018-08-13,0.0053802008524800006,0.1900001790450755,0.0006846926728957028
2018-08-14,0.005663369318400001,0.20000018846850054,0.0007207291293638978
2018-08-15,0.0059465377843200004,0.21000019789192553,0.0007567655858320925
2018-08-16,0.0059465377843200004,0.21000019789192553,0.0007567655858320925
2018-08-17,0.006229706250240001,0.22000020731535058,0.0007928020423002875
2018-08-18,0.007362380113920001,0.26000024500905067,0.000936947868173067
2018-08-19,0.007645548579840002,0.2700002544324757,0.0009729843246412621
2018-08-20,0.007362380113920001,0.26000024500905067,0.000936947868173067
2018-08-21,0.007645548579840002,0.2700002544324757,0.0009729843246412621
2018-08-22,0.007928717045760002,0.28000026385590077,0.0010090207811094569
2018-08-23,0.009344559375360002,0.3300003109730259,0.0011892030634504313
2018-08-24,0.007928717045760002,0.28000026385590077,0.0010090207811094569
2018-08-25,0.007645548579840002,0.2700002544324757,0.0009729843246412621
2018-08-26,0.007362380113920001,0.26000024500905067,0.000936947868173067
2018-08-27,0.007079211648000001,0.2500002355856257,0.0009009114117048721
2018-08-28,0.006229706250240001,0.22000020731535058,0.0007928020423002875
2018-08-29,0.006512874716160001,0.2300002167387756,0.0008288384987684824
2018-08-30,0.006512874716160001,0.2300002167387756,0.0008288384987684824
2018-08-31,0.006512874716160001,0.2300002167387756,0.0008288384987684824
2018-09-01,0.006796043182080001,0.24000022616220062,0.0008648749552366773
2018-09-02,0.007079211648000001,0.2500002355856257,0.0009009114117048721
2018-09-03,0.007079211648000001,0.2500002355856257,0.0009009114117048721
2018-09-04,0.007645548579840002,0.2700002544324757,0.0009729843246412621
2018-09-05,0.007362380113920001,0.26000024500905067,0.000936947868173067
2018-09-06,0.007645548579840002,0.2700002544324757,0.0009729843246412621
2018-09-07,0.007079211648000001,0.2500002355856257,0.0009009114117048721
2018-09-08,0.006796043182080001,0.24000022616220062,0.0008648749552366773
2018-09-09,0.007645548579840002,0.2700002544324757,0.0009729843246412621
2018-09-10,0.007362380113920001,0.26000024500905067,0.000936947868173067
2018-09-11,0.006512874716160001,0.2300002167387756,0.0008288384987684824
2018-09-12,0.005097032386560001,0.18000016962165047,0.0006486562164275079
2018-09-13,0.005097032386560001,0.18000016962165047,0.0006486562164275079
2018-09-14,0.005097032386560001,0.18000016962165047,0.0006486562164275079
2018-09-15,0.005663369318400001,0.20000018846850054,0.0007207291293638978
2018-09-16,0.005097032386560001,0.18000016962165047,0.0006486562164275079
2018-09-17,0.005663369318400001,0.20000018846850054,0.0007207291293638978
2018-09-18,0.0053802008524800006,0.1900001790450755,0.0006846926728957028
2018-09-19,0.0053802008524800006,0.1900001790450755,0.0006846926728957028
2018-09-20,0.005663369318400001,0.20000018846850054,0.0007207291293638978
2018-09-21,0.0059465377843200004,0.21000019789192553,0.0007567655858320925
2018-09-22,0.006229706250240001,0.22000020731535058,0.0007928020423002875
2018-09-23,0.006796043182080001,0.24000022616220062,0.0008648749552366773
2018-09-24,0.007079211648000001,0.2500002355856257,0.0009009114117048721
2018-09-25,0.007079211648000001,0.2500002355856257,0.0009009114117048721
2018-09-26,0.007645548579840002,0.2700002544324757,0.0009729843246412621
2018-09-27,0.007928717045760002,0.28000026385590077,0.0010090207811094569
2018-09-28,0.00821188551168,0.29000027327932576,0.0010450572375776516
2018-09-29,0.00821188551168,0.29000027327932576,0.0010450572375776516
2018-09-30,0.008495053977600002,0.3000002827027508,0.0010810936940458466
2018-10-01,0.008495053977600002,0.3000002827027508,0.0010810936940458466
2018-10-02,0.009627727841280001,0.3400003203964509,0.001225239519918626
2018-10-03,0.011043570170880002,0.39000036751357603,0.0014054218022596006
2018-10-04,0.024918825000960005,0.8800008292614023,0.00317120816920115
2018-10-05,0.016706939489280002,0.5900005559820766,0.0021261509316234982
2018-10-06,0.015007928693760003,0.5300004994415264,0.001909932192814329
2018-10-07,0.020388129546240003,0.7200006784866019,0.0025946248657100317
2018-10-08,0.03313071051264,1.170001102540728,0.004216265406778801
2018-10-09,0.020388129546240003,0.7200006784866019,0.0025946248657100317
2018-10-10,0.025768330398720004,0.9100008575316774,0.003279317538605734
2018-10-11,0.017839613352960002,0.6300005936757767,0.0022702967574962777
2018-10-12,0.01614060255744,0.5700005371352265,0.0020540780186871083
2018-10-13,0.015007928693760003,0.5300004994415264,0.001909932192814329
2018-10-14,0.014158423296000002,0.5000004711712513,0.0018018228234097443
2018-10-15,0.014158423296000002,0.5000004711712513,0.0018018228234097443
2018-10-16,0.014724760227840002,0.5200004900181013,0.001873895736346134
2018-10-17,0.014441591761920003,0.5100004805946764,0.0018378592798779392
2018-10-18,0.014441591761920003,0.5100004805946764,0.0018378592798779392
2018-10-19,0.014724760227840002,0.5200004900181013,0.001873895736346134
2018-10-20,0.015007928693760003,0.5300004994415264,0.001909932192814329
2018-10-21,0.014724760227840002,0.5200004900181013,0.001873895736346134
2018-10-22,0.015291097159680004,0.5400005088649514,0.0019459686492825242
2018-10-23,0.015857434091520003,0.5600005277118015,0.0020180415622189137
2018-10-24,0.015857434091520003,0.5600005277118015,0.0020180415622189137
2018-10-25,0.015574265625600004,0.5500005182883765,0.001982005105750719
2018-10-26,0.01614060255744,0.5700005371352265,0.0020540780186871083
2018-10-27,0.01642377102336,0.5800005465586515,0.0020901144751553032
2018-10-28,0.01642377102336,0.5800005465586515,0.0020901144751553032
2018-10-29,0.01727327642112,0.6100005748289266,0.0021982238445598878
2018-10-30,0.01727327642112,0.6100005748289266,0.0021982238445598878
2018-10-31,0.01727327642112,0.6100005748289266,0.0021982238445598878
2018-11-01,0.018405950284800004,0.6500006125226268,0.0023423696704326677
2018-11-02,0.018689118750720005,0.6600006219460518,0.0023784061269008627
2018-11-03,0.0198217926144,0.7000006596397518,0.0025225519527736417
2018-11-04,0.020954466478080004,0.740000697333452,0.0026666977786464216
2018-11-05,0.024352488069120003,0.8600008104145522,0.00309913525626476
2018-11-06,0.02350298267136,0.8300007821442771,0.002991025886860175
2018-11-07,0.023219814205440004,0.8200007727208521,0.0029549894303919806
2018-11-08,0.023219814205440004,0.8200007727208521,0.0029549894303919806
2018-11-09,0.02010496108032,0.7100006690631768,0.0025585884092418367
2018-11-10,0.02010496108032,0.7100006690631768,0.0025585884092418367
2018-11-11,0.020671298012160003,0.7300006879100269,0.0026306613221782267
2018-11-12,0.020671298012160003,0.7300006879100269,0.0026306613221782267
2018-11-13,0.01727327642112,0.6100005748289266,0.0021982238445598878
2018-11-14,0.01727327642112,0.6100005748289266,0.0021982238445598878
2018-11-15,0.018972287216640005,0.6700006313694769,0.0024144425833690576
2018-11-16,0.021803971875840003,0.770000725603727,0.002774807148051006
2018-11-17,0.022370308807680005,0.7900007444505771,0.002846880060987396
2018-11-18,0.02010496108032,0.7100006690631768,0.0025585884092418367
2018-11-19,0.01614060255744,0.5700005371352265,0.0020540780186871083
2018-11-20,0.013592086364160002,0.48000045232440125,0.0017297499104733545
2018-11-21,0.011043570170880002,0.39000036751357603,0.0014054218022596006
2018-11-22,0.005663369318400001,0.20000018846850054,0.0007207291293638978
2018-11-23,0.011893075568640001,0.42000039578385107,0.001513531171664185
2018-11-24,0.02010496108032,0.7100006690631768,0.0025585884092418367
2018-11-25,0.01755644488704,0.6200005842523516,0.0022342603010280827
2018-11-26,0.013025749432320002,0.4600004334775512,0.0016576769975369648
2018-11-27,0.007645548579840002,0.2700002544324757,0.0009729843246412621
2018-11-28,0.007645548579840002,0.2700002544324757,0.0009729843246412621
2018-11-29,0.015857434091520003,0.5600005277118015,0.0020180415622189137
2018-11-30,0.020388129546240003,0.7200006784866019,0.0025946248657100317
2018-12-01,0.01953862414848,0.6900006502163267,0.0024865154963054467
2018-12-02,0.016990107955200003,0.6000005654055016,0.002162187388091693
2018-12-03,0.015857434091520003,0.5600005277118015,0.0020180415622189137
2018-12-04,0.015291097159680004,0.5400005088649514,0.0019459686492825242
2018-12-05,0.015007928693760003,0.5300004994415264,0.001909932192814329
2018-12-06,0.015007928693760003,0.5300004994415264,0.001909932192814329
2018-12-07,0.015007928693760003,0.5300004994415264,0.001909932192814329
2018-12-08,0.01614060255744,0.5700005371352265,0.0020540780186871083
2018-12-09,0.015291097159680004,0.5400005088649514,0.0019459686492825242
2018-12-10,0.015007928693760003,0.5300004994415264,0.001909932192814329
2018-12-11,0.015574265625600004,0.5500005182883765,0.001982005105750719
2018-12-12,0.015291097159680004,0.5400005088649514,0.0019459686492825242
2018-12-13,0.011893075568640001,0.42000039578385107,0.001513531171664185
2018-12-14,0.007928717045760002,0.28000026385590077,0.0010090207811094569
2018-12-15,0.007079211648000001,0.2500002355856257,0.0009009114117048721
2018-12-16,0.007079211648000001,0.2500002355856257,0.0009009114117048721
2018-12-17,0.007362380113920001,0.26000024500905067,0.000936947868173067
2018-12-18,0.00821188551168,0.29000027327932576,0.0010450572375776516
2018-12-19,0.013025749432320002,0.4600004334775512,0.0016576769975369648
2018-12-20,0.017839613352960002,0.6300005936757767,0.0022702967574962777
2018-12-21,0.01755644488704,0.6200005842523516,0.0022342603010280827
2018-12-22,0.016706939489280002,0.5900005559820766,0.0021261509316234982
2018-12-23,0.015857434091520003,0.5600005277118015,0.0020180415622189137
2018-12-24,0.015574265625600004,0.5500005182883765,0.001982005105750719
2018-12-25,0.015291097159680004,0.5400005088649514,0.0019459686492825242
2018-12-26,0.014724760227840002,0.5200004900181013,0.001873895736346134
2018-12-27,0.014441591761920003,0.5100004805946764,0.0018378592798779392
2018-12-28,0.013025749432320002,0.4600004334775512,0.0016576769975369648
2018-12-29,0.016990107955200003,0.6000005654055016,0.002162187388091693
2018-12-30,0.022653477273600005,0.8000007538740022,0.002882916517455591
2018-12-31,0.016706939489280002,0.5900005559820766,0.0021261509316234982
2019-01-01,0.007645548579840002,0.2700002544324757,0.0009729843246412621
2019-01-02,0.006796043182080001,0.24000022616220062,0.0008648749552366773
2019-01-03,0.00877822244352,0.3100002921261758,0.0011171301505140414
2019-01-04,0.012459412500480002,0.44000041463070116,0.001585604084600575
2019-01-05,0.014441591761920003,0.5100004805946764,0.0018378592798779392
2019-01-06,0.01755644488704,0.6200005842523516,0.0022342603010280827
2019-01-07,0.018405950284800004,0.6500006125226268,0.0023423696704326677
2019-01-08,0.01614060255744,0.5700005371352265,0.0020540780186871083
2019-01-09,0.014724760227840002,0.5200004900181013,0.001873895736346134
2019-01-10,0.013875254830080001,0.49000046174782624,0.0017657863669415493
2019-01-11,0.012459412500480002,0.44000041463070116,0.001585604084600575
2019-01-12,0.011893075568640001,0.42000039578385107,0.001513531171664185
2019-01-13,0.012459412500480002,0.44000041463070116,0.001585604084600575
2019-01-14,0.013875254830080001,0.49000046174782624,0.0017657863669415493
2019-01-15,0.015574265625600004,0.5500005182883765,0.001982005105750719
2019-01-16,0.015574265625600004,0.5500005182883765,0.001982005105750719
2019-01-17,0.01614060255744,0.5700005371352265,0.0020540780186871083
2019-01-18,0.018689118750720005,0.6600006219460518,0.0023784061269008627
2019-01-19,0.02010496108032,0.7100006690631768,0.0025585884092418367
2019-01-20,0.020671298012160003,0.7300006879100269,0.0026306613221782267
2019-01-21,0.020671298012160003,0.7300006879100269,0.0026306613221782267
2019-01-22,0.020671298012160003,0.7300006879100269,0.0026306613221782267
2019-01-23,0.019255455682560003,0.6800006407929018,0.002450479039837252
2019-01-24,0.01755644488704,0.6200005842523516,0.0022342603010280827
2019-01-25,0.016990107955200003,0.6000005654055016,0.002162187388091693
2019-01-26,0.016990107955200003,0.6000005654055016,0.002162187388091693
2019-01-27,0.01755644488704,0.6200005842523516,0.0022342603010280827
2019-01-28,0.018122781818880003,0.6400006030992017,0.0023063332139644727
2019-01-29,0.017839613352960002,0.6300005936757767,0.0022702967574962777
2019-01-30,0.01755644488704,0.6200005842523516,0.0022342603010280827
2019-01-31,0.01614060255744,0.5700005371352265,0.0020540780186871083
2019-02-01,0.015574265625600004,0.5500005182883765,0.001982005105750719
2019-02-02,0.01727327642112,0.6100005748289266,0.0021982238445598878
2019-02-03,0.018122781818880003,0.6400006030992017,0.0023063332139644727
2019-02-04,0.02010496108032,0.7100006690631768,0.0025585884092418367
2019-02-05,0.024918825000960005,0.8800008292614023,0.00317120816920115
2019-02-06,0.027750509660160003,0.9800009234956525,0.0035315727338830986
2019-02-07,0.027750509660160003,0.9800009234956525,0.0035315727338830986
2019-02-08,0.027750509660160003,0.9800009234956525,0.0035315727338830986
2019-02-09,0.028883183523840006,1.0200009611893528,0.0036757185597558785
2019-02-10,0.03114853125120001,1.100001036576753,0.003964010211501438
2019-02-11,0.03511288977408,1.2400011685047032,0.0044685206020561655
2019-02-12,0.042475269888,1.5000014135137538,0.005405468470229232
2019-02-13,0.05889904091136001,2.0800019600724053,0.007495582945384536
2019-02-14,0.046722796876800005,1.6500015548651292,0.005946015317252156
2019-02-15,0.05578418778624001,1.9700018564147301,0.0070991819242343926
2019-02-16,0.07050894801408002,2.490002346432832,0.008973077660580527
2019-02-17,0.07135845341184001,2.5200023747031066,0.00908118702998511
2019-02-18,0.09910896307200001,3.500003298198759,0.01261275976386821
2019-02-19,0.12006342955008002,4.240003995532211,0.015279457542514632
2019-02-20,0.11893075568640002,4.200003957838511,0.01513531171664185
2019-02-21,0.21917239262208005,7.7400072937309705,0.027892217306382847
2019-02-22,0.16027335171072002,5.660005333658565,0.020396634360998304
2019-02-23,0.25371894546432006,8.960008443388825,0.03228866499550262
2019-02-24,0.6258023096832002,22.10002082576931,0.07964056879471071
2019-02-25,0.9429509915136001,33.300031380005336,0.12000140003908896
2019-02-26,0.20218228466688,7.140006728325468,0.025730029918291146
2019-02-27,0.14300007528960001,5.050004758829638,0.018198410516438418
2019-02-28,0.08749905596928001,3.090002911838333,0.011135265048672219
2019-03-01,0.15999018324480002,5.650005324235139,0.020360597904530108
2019-03-02,0.5266933466112002,18.60001752757055,0.06702780903084249
2019-03-03,0.16650305796096002,5.880005540973915,0.02118943640329859
2019-03-04,0.12147927187968002,4.290004042649336,0.015459639824855606
2019-03-05,0.08353469744640002,2.950002779910383,0.010630754658117492
2019-03-06,0.09174658295808003,3.240003053189709,0.011675811895695144
2019-03-07,3.2281205114880005,114.0001074270453,0.4108156037374217
2019-03-08,1.0109114233344003,35.70003364162735,0.12865014959145576
2019-03-09,0.26447934716928,9.340008801478973,0.033658050341294016
2019-03-10,0.09486143608320002,3.350003156847384,0.012072212916845288
2019-03-11,0.06965944261632001,2.4600023181625565,0.008864968291175942
2019-03-12,0.06342973636608001,2.240002110847206,0.008072166248875655
2019-03-13,0.05946537784320001,2.1000019789192557,0.007567655858320925
2019-03-14,0.047289133808640006,1.6700015737119793,0.006018088230188546
2019-03-15,0.04587329147904001,1.6200015265948544,0.005837905947847572
2019-03-16,0.04643962841088001,1.6400015454417043,0.005909978860783961
2019-03-17,0.05833270397952001,2.0600019412255555,0.007423510032448147
2019-03-18,0.09372876221952002,3.310003119153684,0.011928067090972508
2019-03-19,0.09939213153792001,3.510003307622184,0.012648796220336406
2019-03-20,0.07390696960512001,2.610002459513932,0.009405515138198865
2019-03-21,0.058615872445440004,2.0700019506489804,0.007459546488916341
2019-03-22,0.06427924176384,2.270002139117481,0.008180275618280239
2019-03-23,0.07022577954816,2.4800023370094064,0.008937041204112331
2019-03-24,0.07277429574144001,2.5700024218202318,0.009261369312326085
2019-03-25,0.07135845341184001,2.5200023747031066,0.00908118702998511
2019-03-26,0.06484557869568001,2.2900021579643313,0.00825234853121663
2019-03-27,0.06258023096832001,2.210002082576931,0.00796405687947107
2019-03-28,0.054934682388480004,1.9400018281444549,0.006991072554829808
2019-03-29,0.04785547074048001,1.6900015925588294,0.006090161143124936
2019-03-30,0.04559012301312001,1.6100015171714293,0.005801869491379377
2019-03-31,0.04275843835392001,1.510001422937179,0.005441504926697428
2019-04-01,0.04275843835392001,1.510001422937179,0.005441504926697428
2019-04-02,0.042475269888,1.5000014135137538,0.005405468470229232
2019-04-03,0.042475269888,1.5000014135137538,0.005405468470229232
2019-04-04,0.04190893295616001,1.480001394666904,0.005333395557292843
2019-04-05,0.039360416762880004,1.3900013098560786,0.005009067449079089
2019-04-06,0.03794457443328001,1.3400012627389537,0.004828885166738115
2019-04-07,0.038510911365120006,1.3600012815858036,0.004900958079674504
2019-04-08,0.03652873210368,1.2900012156218283,0.00464870288439714
2019-04-09,0.035679226705920004,1.2600011873515533,0.004540593514992555
2019-04-10,0.04643962841088001,1.6400015454417043,0.005909978860783961
2019-04-11,0.04389111221760001,1.5500014606308792,0.005585650752570208
2019-04-12,0.040776259092480005,1.4400013569732037,0.005189249731420063
2019-04-13,0.03794457443328001,1.3400012627389537,0.004828885166738115
2019-04-14,0.03652873210368,1.2900012156218283,0.00464870288439714
2019-04-15,0.03539605824000001,1.2500011779281284,0.004504557058524361
2019-04-16,0.033980215910400006,1.2000011308110032,0.004324374776183386
2019-04-17,0.03652873210368,1.2900012156218283,0.00464870288439714
2019-04-18,0.03454655284224,1.2200011496578531,0.0043964476891197755
2019-04-19,0.034263384376320004,1.2100011402344282,0.004360411232651581
2019-04-20,0.033980215910400006,1.2000011308110032,0.004324374776183386
2019-04-21,0.03596239517184001,1.2700011967749785,0.004576629971460751
2019-04-22,0.03681190056960001,1.3000012250452535,0.004684739340865335
2019-04-23,0.03511288977408,1.2400011685047032,0.0044685206020561655
2019-04-24,0.033413878978560005,1.1800011119641531,0.0042523018632469965
2019-04-25,0.03284754204672,1.160001093117303,0.0041802289503106065
2019-04-26,0.03369704744448,1.190001121387578,0.004288338319715191
2019-04-27,0.034829721308160005,1.2300011590812783,0.004432484145587971
2019-04-28,0.0325643735808,1.1500010836938779,0.004144192493842411
2019-04-29,0.03369704744448,1.190001121387578,0.004288338319715191
2019-04-30,0.047289133808640006,1.6700015737119793,0.006018088230188546
2019-05-01,0.04983765000192001,1.7600016585228047,0.0063424163384023
2019-05-02,0.03879407983104001,1.3700012910092287,0.0049369945361427
2019-05-03,0.036245563637760006,1.2800012061984034,0.004612666427928945
2019-05-04,0.03511288977408,1.2400011685047032,0.0044685206020561655
2019-05-05,0.034829721308160005,1.2300011590812783,0.004432484145587971
2019-05-06,0.03539605824000001,1.2500011779281284,0.004504557058524361
2019-05-07,0.03539605824000001,1.2500011779281284,0.004504557058524361
2019-05-08,0.03511288977408,1.2400011685047032,0.0044685206020561655
2019-05-09,0.035679226705920004,1.2600011873515533,0.004540593514992555
2019-05-10,0.034829721308160005,1.2300011590812783,0.004432484145587971
2019-05-11,0.03369704744448,1.190001121387578,0.004288338319715191
2019-05-12,0.03369704744448,1.190001121387578,0.004288338319715191
2019-05-13,0.0325643735808,1.1500010836938779,0.004144192493842411
2019-05-14,0.03228120511488,1.140001074270453,0.0041081560373742165
2019-05-15,0.03171486818304001,1.120001055423603,0.0040360831244378274
2019-05-16,0.03114853125120001,1.100001036576753,0.003964010211501438
2019-05-17,0.030865362785280008,1.090001027153328,0.003927973755033243
2019-05-18,0.030582194319360007,1.0800010177299029,0.0038919372985650484
2019-05-19,0.03171486818304001,1.120001055423603,0.0040360831244378274
2019-05-20,0.033413878978560005,1.1800011119641531,0.0042523018632469965
2019-05-21,0.053235671592960006,1.8800017716039048,0.006774853816020638
2019-05-22,0.04785547074048001,1.6900015925588294,0.006090161143124936
2019-05-23,0.06031488324096001,2.1300020071895305,0.0076757652277255105
2019-05-24,0.04587329147904001,1.6200015265948544,0.005837905947847572
2019-05-25,0.03794457443328001,1.3400012627389537,0.004828885166738115
2019-05-26,0.033980215910400006,1.2000011308110032,0.004324374776183386
2019-05-27,0.03284754204672,1.160001093117303,0.0041802289503106065
2019-05-28,0.031998036648960004,1.130001064847028,0.004072119580906022
2019-05-29,0.03313071051264,1.170001102540728,0.004216265406778801
2019-05-30,0.03369704744448,1.190001121387578,0.004288338319715191
2019-05-31,0.03143169971712001,1.1100010460001781,0.004000046667969633
2019-06-01,0.028600015057920005,1.0100009517659276,0.0036396821032876835
2019-06-02,0.027750509660160003,0.9800009234956525,0.0035315727338830986
2019-06-03,0.028883183523840006,1.0200009611893528,0.0036757185597558785
2019-06-04,0.026051498864640005,0.9200008669551024,0.0033153539950739296
2019-06-05,0.022936645739520006,0.8100007632974272,0.002918952973923786
2019-06-06,0.021803971875840003,0.770000725603727,0.002774807148051006
2019-06-07,0.0198217926144,0.7000006596397518,0.0025225519527736417
2019-06-08,0.019255455682560003,0.6800006407929018,0.002450479039837252
2019-06-09,0.018405950284800004,0.6500006125226268,0.0023423696704326677
2019-06-10,0.019255455682560003,0.6800006407929018,0.002450479039837252
2019-06-11,0.019255455682560003,0.6800006407929018,0.002450479039837252
2019-06-12,0.019255455682560003,0.6800006407929018,0.002450479039837252
2019-06-13,0.019255455682560003,0.6800006407929018,0.002450479039837252
2019-06-14,0.01953862414848,0.6900006502163267,0.0024865154963054467
2019-06-15,0.020671298012160003,0.7300006879100269,0.0026306613221782267
2019-06-16,0.020954466478080004,0.740000697333452,0.0026666977786464216
2019-06-17,0.022370308807680005,0.7900007444505771,0.002846880060987396
2019-06-18,0.03596239517184001,1.2700011967749785,0.004576629971460751
2019-06-19,0.025485161932800003,0.9000008481082523,0.0032432810821375396
2019-06-20,0.022087140341760004,0.7800007350271521,0.002810843604519201
2019-06-21,0.05521785085440001,1.95000183756788,0.0070271090112980035
2019-06-22,0.03737823750144001,1.3200012438921036,0.004756812253801725
2019-06-23,0.03879407983104001,1.3700012910092287,0.0049369945361427
2019-06-24,0.024918825000960005,0.8800008292614023,0.00317120816920115
2019-06-25,0.022087140341760004,0.7800007350271521,0.002810843604519201
2019-06-26,0.01953862414848,0.6900006502163267,0.0024865154963054467
2019-06-27,0.018405950284800004,0.6500006125226268,0.0023423696704326677
2019-06-28,0.01642377102336,0.5800005465586515,0.0020901144751553032
2019-06-29,0.016706939489280002,0.5900005559820766,0.0021261509316234982
2019-06-30,0.018972287216640005,0.6700006313694769,0.0024144425833690576
2019-07-01,0.018405950284800004,0.6500006125226268,0.0023423696704326677
2019-07-02,0.019255455682560003,0.6800006407929018,0.002450479039837252
2019-07-03,0.021237634944,0.7500007067568769,0.002702734235114616
2019-07-04,0.018689118750720005,0.6600006219460518,0.0023784061269008627
2019-07-05,0.019255455682560003,0.6800006407929018,0.002450479039837252
2019-07-06,0.020388129546240003,0.7200006784866019,0.0025946248657100317
2019-07-07,0.020671298012160003,0.7300006879100269,0.0026306613221782267
2019-07-08,0.021237634944,0.7500007067568769,0.002702734235114616
2019-07-09,0.020671298012160003,0.7300006879100269,0.0026306613221782267
2019-07-10,0.0198217926144,0.7000006596397518,0.0025225519527736417
2019-07-11,0.020388129546240003,0.7200006784866019,0.0025946248657100317
2019-07-12,0.020954466478080004,0.740000697333452,0.0026666977786464216
2019-07-13,0.020388129546240003,0.7200006784866019,0.0025946248657100317
2019-07-14,0.020671298012160003,0.7300006879100269,0.0026306613221782267
2019-07-15,0.015574265625600004,0.5500005182883765,0.001982005105750719
2019-07-16,0.016990107955200003,0.6000005654055016,0.002162187388091693
2019-07-17,0.015291097159680004,0.5400005088649514,0.0019459686492825242
2019-07-18,0.013025749432320002,0.4600004334775512,0.0016576769975369648
2019-07-19,0.011893075568640001,0.42000039578385107,0.001513531171664185
2019-07-20,0.013308917898240001,0.4700004429009762,0.0016937134540051595
2019-07-21,0.014441591761920003,0.5100004805946764,0.0018378592798779392
2019-07-22,0.015007928693760003,0.5300004994415264,0.001909932192814329
2019-07-23,0.014441591761920003,0.5100004805946764,0.0018378592798779392
2019-07-24,0.011326738636800003,0.4000003769370011,0.0014414582587277955
2019-07-25,0.014158423296000002,0.5000004711712513,0.0018018228234097443
2019-07-26,0.014441591761920003,0.5100004805946764,0.0018378592798779392
2019-07-27,0.01614060255744,0.5700005371352265,0.0020540780186871083
2019-07-28,0.018405950284800004,0.6500006125226268,0.0023423696704326677
2019-07-29,0.014441591761920003,0.5100004805946764,0.0018378592798779392
2019-07-30,0.013308917898240001,0.4700004429009762,0.0016937134540051595
2019-07-31,0.014441591761920003,0.5100004805946764,0.0018378592798779392
2019-08-01,0.022936645739520006,0.8100007632974272,0.002918952973923786
2019-08-02,0.021803971875840003,0.770000725603727,0.002774807148051006
2019-08-03,0.018122781818880003,0.6400006030992017,0.0023063332139644727
2019-08-04,0.015857434091520003,0.5600005277118015,0.0020180415622189137
2019-08-05,0.015574265625600004,0.5500005182883765,0.001982005105750719
2019-08-06,0.014724760227840002,0.5200004900181013,0.001873895736346134
2019-08-07,0.014441591761920003,0.5100004805946764,0.0018378592798779392
2019-08-08,0.015574265625600004,0.5500005182883765,0.001982005105750719
2019-08-09,0.018122781818880003,0.6400006030992017,0.0023063332139644727
2019-08-10,0.015574265625600004,0.5500005182883765,0.001982005105750719
2019-08-11,0.014724760227840002,0.5200004900181013,0.001873895736346134
2019-08-12,0.014724760227840002,0.5200004900181013,0.001873895736346134
2019-08-13,0.013308917898240001,0.4700004429009762,0.0016937134540051595
2019-08-14,0.012742580966400002,0.45000042405412616,0.0016216405410687698
2019-08-15,0.011893075568640001,0.42000039578385107,0.001513531171664185
2019-08-16,0.011609907102720002,0.4100003863604261,0.0014774947151959903
2019-08-17,0.011893075568640001,0.42000039578385107,0.001513531171664185
2019-08-18,0.011893075568640001,0.42000039578385107,0.001513531171664185
2019-08-19,0.011326738636800003,0.4000003769370011,0.0014414582587277955
2019-08-20,0.010760401704960001,0.380000358090151,0.0013693853457914056
2019-08-21,0.0099108963072,0.3500003298198759,0.0012612759763868209
2019-08-22,0.010194064773120001,0.36000033924330094,0.0012973124328550158
2019-08-23,0.010477233239040002,0.370000348666726,0.0013333488893232108
2019-08-24,0.011043570170880002,0.39000036751357603,0.0014054218022596006
2019-08-25,0.010760401704960001,0.380000358090151,0.0013693853457914056
2019-08-26,0.0099108963072,0.3500003298198759,0.0012612759763868209
2019-08-27,0.010194064773120001,0.36000033924330094,0.0012973124328550158
2019-08-28,0.010194064773120001,0.36000033924330094,0.0012973124328550158
2019-08-29,0.011326738636800003,0.4000003769370011,0.0014414582587277955
2019-08-30,0.011609907102720002,0.4100003863604261,0.0014774947151959903
2019-08-31,0.00877822244352,0.3100002921261758,0.0011171301505140414
2019-09-01,0.0099108963072,0.3500003298198759,0.0012612759763868209
2019-09-02,0.0099108963072,0.3500003298198759,0.0012612759763868209
2019-09-03,0.010194064773120001,0.36000033924330094,0.0012973124328550158
2019-09-04,0.010760401704960001,0.380000358090151,0.0013693853457914056
2019-09-05,0.010760401704960001,0.380000358090151,0.0013693853457914056
2019-09-06,0.011043570170880002,0.39000036751357603,0.0014054218022596006
2019-09-07,0.010194064773120001,0.36000033924330094,0.0012973124328550158
2019-09-08,0.010760401704960001,0.380000358090151,0.0013693853457914056
2019-09-09,0.012176244034560002,0.4300004052072761,0.00154956762813238
2019-09-10,0.011326738636800003,0.4000003769370011,0.0014414582587277955
2019-09-11,0.012742580966400002,0.45000042405412616,0.0016216405410687698
2019-09-12,0.013308917898240001,0.4700004429009762,0.0016937134540051595
2019-09-13,0.012459412500480002,0.44000041463070116,0.001585604084600575
2019-09-14,0.010477233239040002,0.370000348666726,0.0013333488893232108
2019-09-15,0.009344559375360002,0.3300003109730259,0.0011892030634504313
2019-09-16,0.008495053977600002,0.3000002827027508,0.0010810936940458466
2019-09-17,0.007645548579840002,0.2700002544324757,0.0009729843246412621
2019-09-18,0.0059465377843200004,0.21000019789192553,0.0007567655858320925
2019-09-19,0.006229706250240001,0.22000020731535058,0.0007928020423002875
2019-09-20,0.005663369318400001,0.20000018846850054,0.0007207291293638978
2019-09-21,0.006796043182080001,0.24000022616220062,0.0008648749552366773
2019-09-22,0.009344559375360002,0.3300003109730259,0.0011892030634504313
2019-09-23,0.011893075568640001,0.42000039578385107,0.001513531171664185
2019-09-24,0.013025749432320002,0.4600004334775512,0.0016576769975369648
2019-09-25,0.013025749432320002,0.4600004334775512,0.0016576769975369648
2019-09-26,0.012742580966400002,0.45000042405412616,0.0016216405410687698
2019-09-27,0.012176244034560002,0.4300004052072761,0.00154956762813238
2019-09-28,0.011043570170880002,0.39000036751357603,0.0014054218022596006
2019-09-29,0.010194064773120001,0.36000033924330094,0.0012973124328550158
2019-09-30,0.010477233239040002,0.370000348666726,0.0013333488893232108
2019-10-01,0.011609907102720002,0.4100003863604261,0.0014774947151959903
2019-10-02,0.012176244034560002,0.4300004052072761,0.00154956762813238
2019-10-03,0.012742580966400002,0.45000042405412616,0.0016216405410687698
2019-10-04,0.013025749432320002,0.4600004334775512,0.0016576769975369648
2019-10-05,0.011893075568640001,0.42000039578385107,0.001513531171664185
2019-10-06,0.013875254830080001,0.49000046174782624,0.0017657863669415493
2019-10-07,0.015291097159680004,0.5400005088649514,0.0019459686492825242
2019-10-08,0.020954466478080004,0.740000697333452,0.0026666977786464216
2019-10-09,0.01727327642112,0.6100005748289266,0.0021982238445598878
2019-10-10,0.01727327642112,0.6100005748289266,0.0021982238445598878
2019-10-11,0.018689118750720005,0.6600006219460518,0.0023784061269008627
2019-10-12,0.018405950284800004,0.6500006125226268,0.0023423696704326677
2019-10-13,0.018122781818880003,0.6400006030992017,0.0023063332139644727
2019-10-14,0.01953862414848,0.6900006502163267,0.0024865154963054467
2019-10-15,0.02010496108032,0.7100006690631768,0.0025585884092418367
2019-10-16,0.020388129546240003,0.7200006784866019,0.0025946248657100317
2019-10-17,0.022370308807680005,0.7900007444505771,0.002846880060987396
2019-10-18,0.025768330398720004,0.9100008575316774,0.003279317538605734
2019-10-19,0.024918825000960005,0.8800008292614023,0.00317120816920115
2019-10-20,0.026051498864640005,0.9200008669551024,0.0033153539950739296
2019-10-21,0.025485161932800003,0.9000008481082523,0.0032432810821375396
2019-10-22,0.024918825000960005,0.8800008292614023,0.00317120816920115
2019-10-23,0.024918825000960005,0.8800008292614023,0.00317120816920115
2019-10-24,0.025768330398720004,0.9100008575316774,0.003279317538605734
2019-10-25,0.024069319603200003,0.8500008009911272,0.003063098799796565
2019-10-26,0.025201993466880006,0.8900008386848274,0.003207244625669345
2019-10-27,0.025768330398720004,0.9100008575316774,0.003279317538605734
2019-10-28,0.022370308807680005,0.7900007444505771,0.002846880060987396
2019-10-29,0.025201993466880006,0.8900008386848274,0.003207244625669345
2019-10-30,0.022370308807680005,0.7900007444505771,0.002846880060987396
2019-10-31,0.018122781818880003,0.6400006030992017,0.0023063332139644727
2019-11-01,0.026334667330560006,0.9300008763785275,0.0033513904515421245
2019-11-02,0.033413878978560005,1.1800011119641531,0.0042523018632469965
2019-11-03,0.037095069035520005,1.3100012344686784,0.00472077579733353
2019-11-04,0.04389111221760001,1.5500014606308792,0.005585650752570208
2019-11-05,0.04502378608128001,1.5900014983245792,0.005729796578442987
2019-11-06,0.0410594275584,1.4500013663966287,0.005225286187888258
2019-11-07,0.03822774289920001,1.3500012721623786,0.00486492162320631
2019-11-08,0.03681190056960001,1.3000012250452535,0.004684739340865335
2019-11-09,0.03652873210368,1.2900012156218283,0.00464870288439714
2019-11-10,0.03652873210368,1.2900012156218283,0.00464870288439714
2019-11-11,0.033980215910400006,1.2000011308110032,0.004324374776183386
2019-11-12,0.03171486818304001,1.120001055423603,0.0040360831244378274
2019-11-13,0.034263384376320004,1.2100011402344282,0.004360411232651581
2019-11-14,0.03313071051264,1.170001102540728,0.004216265406778801
2019-11-15,0.033980215910400006,1.2000011308110032,0.004324374776183386
2019-11-16,0.034263384376320004,1.2100011402344282,0.004360411232651581
2019-11-17,0.030582194319360007,1.0800010177299029,0.0038919372985650484
2019-11-18,0.0325643735808,1.1500010836938779,0.004144192493842411
2019-11-19,0.03171486818304001,1.120001055423603,0.0040360831244378274
2019-11-20,0.034829721308160005,1.2300011590812783,0.004432484145587971
2019-11-21,0.03511288977408,1.2400011685047032,0.0044685206020561655
2019-11-22,0.034829721308160005,1.2300011590812783,0.004432484145587971
2019-11-23,0.033413878978560005,1.1800011119641531,0.0042523018632469965
2019-11-24,0.03369704744448,1.190001121387578,0.004288338319715191
2019-11-25,0.037095069035520005,1.3100012344686784,0.00472077579733353
2019-11-26,0.0325643735808,1.1500010836938779,0.004144192493842411
2019-11-27,0.028600015057920005,1.0100009517659276,0.0036396821032876835
2019-11-28,0.037095069035520005,1.3100012344686784,0.00472077579733353
2019-11-29,0.040776259092480005,1.4400013569732037,0.005189249731420063
2019-11-30,0.03596239517184001,1.2700011967749785,0.004576629971460751
2019-12-01,0.027184172728320005,0.9600009046488025,0.003459499820946709
2019-12-02,0.034829721308160005,1.2300011590812783,0.004432484145587971
2019-12-03,0.03539605824000001,1.2500011779281284,0.004504557058524361
2019-12-04,0.03596239517184001,1.2700011967749785,0.004576629971460751
2019-12-05,0.043041606819840005,1.520001432360604,0.005477541383165622
2019-12-06,0.040776259092480005,1.4400013569732037,0.005189249731420063
2019-12-07,0.03794457443328001,1.3400012627389537,0.004828885166738115
2019-12-08,0.04049309062656001,1.4300013475497788,0.005153213274951869
2019-12-09,0.038510911365120006,1.3600012815858036,0.004900958079674504
2019-12-10,0.0325643735808,1.1500010836938779,0.004144192493842411
2019-12-11,0.028033678126080003,0.9900009329190775,0.003567609190351294
2019-12-12,0.033413878978560005,1.1800011119641531,0.0042523018632469965
2019-12-13,0.039360416762880004,1.3900013098560786,0.005009067449079089
2019-12-14,0.04020992216064,1.4200013381263537,0.005117176818483673
2019-12-15,0.033413878978560005,1.1800011119641531,0.0042523018632469965
2019-12-16,0.028600015057920005,1.0100009517659276,0.0036396821032876835
2019-12-17,0.027184172728320005,0.9600009046488025,0.003459499820946709
2019-12-18,0.027467341194240002,0.9700009140722274,0.003495536277414904
2019-12-19,0.012176244034560002,0.4300004052072761,0.00154956762813238
2019-12-20,0.007079211648000001,0.2500002355856257,0.0009009114117048721
2019-12-21,0.006796043182080001,0.24000022616220062,0.0008648749552366773
2019-12-22,0.007645548579840002,0.2700002544324757,0.0009729843246412621
2019-12-23,0.010194064773120001,0.36000033924330094,0.0012973124328550158
2019-12-24,0.015574265625600004,0.5500005182883765,0.001982005105750719
2019-12-25,0.03313071051264,1.170001102540728,0.004216265406778801
2019-12-26,0.030582194319360007,1.0800010177299029,0.0038919372985650484
2019-12-27,0.023786151137280002,0.8400007915677021,0.00302706234332837
2019-12-28,0.03313071051264,1.170001102540728,0.004216265406778801
2019-12-29,0.022370308807680005,0.7900007444505771,0.002846880060987396
2019-12-30,0.021520803409920002,0.760000716180302,0.002738770691582811
2019-12-31,0.024352488069120003,0.8600008104145522,0.00309913525626476
2020-01-01,0.03681190056960001,1.3000012250452535,0.004684739340865335
2020-01-02,0.034263384376320004,1.2100011402344282,0.004360411232651581
2020-01-03,0.030865362785280008,1.090001027153328,0.003927973755033243
2020-01-04,0.03284754204672,1.160001093117303,0.0041802289503106065
2020-01-05,0.03454655284224,1.2200011496578531,0.0043964476891197755
2020-01-06,0.033980215910400006,1.2000011308110032,0.004324374776183386
2020-01-07,0.031998036648960004,1.130001064847028,0.004072119580906022
2020-01-08,0.030865362785280008,1.090001027153328,0.003927973755033243
2020-01-09,0.026617835796480003,0.9400008858019524,0.003387426908010319
2020-01-10,0.024352488069120003,0.8600008104145522,0.00309913525626476
2020-01-11,0.024635656535040004,0.8700008198379773,0.0031351717127329547
2020-01-12,0.025485161932800003,0.9000008481082523,0.0032432810821375396
2020-01-13,0.021803971875840003,0.770000725603727,0.002774807148051006
2020-01-14,0.026901004262400004,0.9500008952253775,0.0034234633644785145
2020-01-15,0.028316846592000004,1.0000009423425027,0.0036036456468194885
2020-01-16,0.028883183523840006,1.0200009611893528,0.0036757185597558785
2020-01-17,0.030582194319360007,1.0800010177299029,0.0038919372985650484
2020-01-18,0.028883183523840006,1.0200009611893528,0.0036757185597558785
2020-01-19,0.028316846592000004,1.0000009423425027,0.0036036456468194885
2020-01-20,0.028883183523840006,1.0200009611893528,0.0036757185597558785
2020-01-21,0.030865362785280008,1.090001027153328,0.003927973755033243
2020-01-22,0.030865362785280008,1.090001027153328,0.003927973755033243
2020-01-23,0.027184172728320005,0.9600009046488025,0.003459499820946709
2020-01-24,0.030582194319360007,1.0800010177299029,0.0038919372985650484
2020-01-25,0.03171486818304001,1.120001055423603,0.0040360831244378274
2020-01-26,0.025485161932800003,0.9000008481082523,0.0032432810821375396
2020-01-27,0.03143169971712001,1.1100010460001781,0.004000046667969633
2020-01-28,0.034829721308160005,1.2300011590812783,0.004432484145587971
2020-01-29,0.0325643735808,1.1500010836938779,0.004144192493842411
2020-01-30,0.022936645739520006,0.8100007632974272,0.002918952973923786
2020-01-31,0.024635656535040004,0.8700008198379773,0.0031351717127329547
2020-02-01,0.023219814205440004,0.8200007727208521,0.0029549894303919806
2020-02-02,0.034829721308160005,1.2300011590812783,0.004432484145587971
2020-02-03,0.03454655284224,1.2200011496578531,0.0043964476891197755
2020-02-04,0.029449520455680004,1.0400009800362027,0.003747791472692268
2020-02-05,0.026901004262400004,0.9500008952253775,0.0034234633644785145
2020-02-06,0.033980215910400006,1.2000011308110032,0.004324374776183386
2020-02-07,0.03879407983104001,1.3700012910092287,0.0049369945361427
2020-02-08,0.0325643735808,1.1500010836938779,0.004144192493842411
2020-02-09,0.024635656535040004,0.8700008198379773,0.0031351717127329547
2020-02-10,0.03822774289920001,1.3500012721623786,0.00486492162320631
2020-02-11,0.040776259092480005,1.4400013569732037,0.005189249731420063
2020-02-12,0.0410594275584,1.4500013663966287,0.005225286187888258
2020-02-13,0.04049309062656001,1.4300013475497788,0.005153213274951869
2020-02-14,0.040776259092480005,1.4400013569732037,0.005189249731420063
2020-02-15,0.04049309062656001,1.4300013475497788,0.005153213274951869
2020-02-16,0.0410594275584,1.4500013663966287,0.005225286187888258
2020-02-17,0.041625764490240004,1.4700013852434788,0.005297359100824648
2020-02-18,0.0396435852288,1.4000013192795036,0.005045103905547283
2020-02-19,0.03879407983104001,1.3700012910092287,0.0049369945361427
2020-02-20,0.03171486818304001,1.120001055423603,0.0040360831244378274
2020-02-21,0.027467341194240002,0.9700009140722274,0.003495536277414904
2020-02-22,0.023786151137280002,0.8400007915677021,0.00302706234332837
2020-02-23,0.019255455682560003,0.6800006407929018,0.002450479039837252
2020-02-24,0.01755644488704,0.6200005842523516,0.0022342603010280827
2020-02-25,0.01727327642112,0.6100005748289266,0.0021982238445598878
2020-02-26,0.015574265625600004,0.5500005182883765,0.001982005105750719
2020-02-27,0.01727327642112,0.6100005748289266,0.0021982238445598878
2020-02-28,0.017839613352960002,0.6300005936757767,0.0022702967574962777
2020-02-29,0.018689118750720005,0.6600006219460518,0.0023784061269008627
2020-03-01,0.025768330398720004,0.9100008575316774,0.003279317538605734
2020-03-02,0.021803971875840003,0.770000725603727,0.002774807148051006
2020-03-03,0.021520803409920002,0.760000716180302,0.002738770691582811
2020-03-04,0.020954466478080004,0.740000697333452,0.0026666977786464216
2020-03-05,0.0325643735808,1.1500010836938779,0.004144192493842411
2020-03-06,0.052386166195200014,1.85000174333363,0.0066667444466160545
2020-03-07,0.09797628920832001,3.460003260505059,0.012468613937995428
2020-03-08,0.10477233239040003,3.70000348666726,0.013333488893232109
2020-03-09,0.09344559375360001,3.3000031097302585,0.011892030634504312
2020-03-10,0.05153666079744001,1.8200017150633547,0.006558635077211468
2020-03-11,0.04389111221760001,1.5500014606308792,0.005585650752570208
2020-03-12,0.041625764490240004,1.4700013852434788,0.005297359100824648
2020-03-13,0.03284754204672,1.160001093117303,0.0041802289503106065
2020-03-14,0.03454655284224,1.2200011496578531,0.0043964476891197755
2020-03-15,0.030299025853440006,1.070001008306478,0.003855900842096853
2020-03-16,0.027750509660160003,0.9800009234956525,0.0035315727338830986
2020-03-17,0.026334667330560006,0.9300008763785275,0.0033513904515421245
2020-03-18,0.024352488069120003,0.8600008104145522,0.00309913525626476
2020-03-19,0.029732688921600005,1.0500009894596278,0.0037838279291604626
2020-03-20,0.03228120511488,1.140001074270453,0.0041081560373742165
2020-03-21,0.027750509660160003,0.9800009234956525,0.0035315727338830986
2020-03-22,0.029166351989760007,1.0300009706127777,0.0037117550162240735
2020-03-23,0.026901004262400004,0.9500008952253775,0.0034234633644785145
2020-03-24,0.025201993466880006,0.8900008386848274,0.003207244625669345
2020-03-25,0.023219814205440004,0.8200007727208521,0.0029549894303919806
2020-03-26,0.022653477273600005,0.8000007538740022,0.002882916517455591
2020-03-27,0.024352488069120003,0.8600008104145522,0.00309913525626476
2020-03-28,0.025485161932800003,0.9000008481082523,0.0032432810821375396
2020-03-29,0.023786151137280002,0.8400007915677021,0.00302706234332837
2020-03-30,0.024069319603200003,0.8500008009911272,0.003063098799796565
2020-03-31,0.024069319603200003,0.8500008009911272,0.003063098799796565
2020-04-01,0.024352488069120003,0.8600008104145522,0.00309913525626476
2020-04-02,0.029732688921600005,1.0500009894596278,0.0037838279291604626
2020-04-03,0.03171486818304001,1.120001055423603,0.0040360831244378274
2020-04-04,0.031998036648960004,1.130001064847028,0.004072119580906022
2020-04-05,0.030299025853440006,1.070001008306478,0.003855900842096853
2020-04-06,0.029449520455680004,1.0400009800362027,0.003747791472692268
2020-04-07,0.030299025853440006,1.070001008306478,0.003855900842096853
2020-04-08,0.03143169971712001,1.1100010460001781,0.004000046667969633
2020-04-09,0.030299025853440006,1.070001008306478,0.003855900842096853
2020-04-10,0.029449520455680004,1.0400009800362027,0.003747791472692268
2020-04-11,0.029166351989760007,1.0300009706127777,0.0037117550162240735
2020-04-12,0.030865362785280008,1.090001027153328,0.003927973755033243
2020-04-13,0.029732688921600005,1.0500009894596278,0.0037838279291604626
2020-04-14,0.029166351989760007,1.0300009706127777,0.0037117550162240735
2020-04-15,0.03114853125120001,1.100001036576753,0.003964010211501438
2020-04-16,0.03737823750144001,1.3200012438921036,0.004756812253801725
2020-04-17,0.031998036648960004,1.130001064847028,0.004072119580906022
2020-04-18,0.029732688921600005,1.0500009894596278,0.0037838279291604626
2020-04-19,0.029732688921600005,1.0500009894596278,0.0037838279291604626
2020-04-20,0.026617835796480003,0.9400008858019524,0.003387426908010319
2020-04-21,0.029449520455680004,1.0400009800362027,0.003747791472692268
2020-04-22,0.030865362785280008,1.090001027153328,0.003927973755033243
2020-04-23,0.033980215910400006,1.2000011308110032,0.004324374776183386
2020-04-24,0.037095069035520005,1.3100012344686784,0.00472077579733353
2020-04-25,0.035679226705920004,1.2600011873515533,0.004540593514992555
2020-04-26,0.03171486818304001,1.120001055423603,0.0040360831244378274
2020-04-27,0.034829721308160005,1.2300011590812783,0.004432484145587971
2020-04-28,0.03171486818304001,1.120001055423603,0.0040360831244378274
2020-04-29,0.025485161932800003,0.9000008481082523,0.0032432810821375396
2020-04-30,0.03171486818304001,1.120001055423603,0.0040360831244378274
2020-05-01,0.03313071051264,1.170001102540728,0.004216265406778801
2020-05-02,0.03228120511488,1.140001074270453,0.0041081560373742165
2020-05-03,0.033413878978560005,1.1800011119641531,0.0042523018632469965
2020-05-04,0.037095069035520005,1.3100012344686784,0.00472077579733353
2020-05-05,0.033413878978560005,1.1800011119641531,0.0042523018632469965
2020-05-06,0.03313071051264,1.170001102540728,0.004216265406778801
2020-05-07,0.03228120511488,1.140001074270453,0.0041081560373742165
2020-05-08,0.03228120511488,1.140001074270453,0.0041081560373742165
2020-05-09,0.03171486818304001,1.120001055423603,0.0040360831244378274
2020-05-10,0.03171486818304001,1.120001055423603,0.0040360831244378274
2020-05-11,0.03284754204672,1.160001093117303,0.0041802289503106065
2020-05-12,0.033413878978560005,1.1800011119641531,0.0042523018632469965
2020-05-13,0.03143169971712001,1.1100010460001781,0.004000046667969633
2020-05-14,0.031998036648960004,1.130001064847028,0.004072119580906022
2020-05-15,0.031998036648960004,1.130001064847028,0.004072119580906022
2020-05-16,0.03284754204672,1.160001093117303,0.0041802289503106065
2020-05-17,0.030299025853440006,1.070001008306478,0.003855900842096853
2020-05-18,0.028033678126080003,0.9900009329190775,0.003567609190351294
2020-05-19,0.026901004262400004,0.9500008952253775,0.0034234633644785145
2020-05-20,0.025768330398720004,0.9100008575316774,0.003279317538605734
2020-05-21,0.026901004262400004,0.9500008952253775,0.0034234633644785145
2020-05-22,0.026617835796480003,0.9400008858019524,0.003387426908010319
2020-05-23,0.026051498864640005,0.9200008669551024,0.0033153539950739296
2020-05-24,0.026051498864640005,0.9200008669551024,0.0033153539950739296
2020-05-25,0.026334667330560006,0.9300008763785275,0.0033513904515421245
2020-05-26,0.026334667330560006,0.9300008763785275,0.0033513904515421245
2020-05-27,0.026334667330560006,0.9300008763785275,0.0033513904515421245
2020-05-28,0.025201993466880006,0.8900008386848274,0.003207244625669345
2020-05-29,0.02350298267136,0.8300007821442771,0.002991025886860175
2020-05-30,0.025201993466880006,0.8900008386848274,0.003207244625669345
2020-05-31,0.026334667330560006,0.9300008763785275,0.0033513904515421245
2020-06-01,0.024069319603200003,0.8500008009911272,0.003063098799796565
2020-06-02,0.021803971875840003,0.770000725603727,0.002774807148051006
2020-06-03,0.021803971875840003,0.770000725603727,0.002774807148051006
2020-06-04,0.021520803409920002,0.760000716180302,0.002738770691582811
2020-06-05,0.020954466478080004,0.740000697333452,0.0026666977786464216
2020-06-06,0.03143169971712001,1.1100010460001781,0.004000046667969633
2020-06-07,0.028316846592000004,1.0000009423425027,0.0036036456468194885
2020-06-08,0.026334667330560006,0.9300008763785275,0.0033513904515421245
2020-06-09,0.028316846592000004,1.0000009423425027,0.0036036456468194885
2020-06-10,0.026051498864640005,0.9200008669551024,0.0033153539950739296
2020-06-11,0.023219814205440004,0.8200007727208521,0.0029549894303919806
2020-06-12,0.021520803409920002,0.760000716180302,0.002738770691582811
2020-06-13,0.02010496108032,0.7100006690631768,0.0025585884092418367
2020-06-14,0.0198217926144,0.7000006596397518,0.0025225519527736417
2020-06-15,0.018972287216640005,0.6700006313694769,0.0024144425833690576
2020-06-16,0.01727327642112,0.6100005748289266,0.0021982238445598878
2020-06-17,0.017839613352960002,0.6300005936757767,0.0022702967574962777
2020-06-18,0.019255455682560003,0.6800006407929018,0.002450479039837252
2020-06-19,0.02010496108032,0.7100006690631768,0.0025585884092418367
2020-06-20,0.02010496108032,0.7100006690631768,0.0025585884092418367
2020-06-21,0.021237634944,0.7500007067568769,0.002702734235114616
2020-06-22,0.0198217926144,0.7000006596397518,0.0025225519527736417
2020-06-23,0.016990107955200003,0.6000005654055016,0.002162187388091693
2020-06-24,0.015291097159680004,0.5400005088649514,0.0019459686492825242
2020-06-25,0.014441591761920003,0.5100004805946764,0.0018378592798779392
2020-06-26,0.015007928693760003,0.5300004994415264,0.001909932192814329
2020-06-27,0.015291097159680004,0.5400005088649514,0.0019459686492825242
2020-06-28,0.015574265625600004,0.5500005182883765,0.001982005105750719
2020-06-29,0.015007928693760003,0.5300004994415264,0.001909932192814329
2020-06-30,0.018689118750720005,0.6600006219460518,0.0023784061269008627
2020-07-01,0.018122781818880003,0.6400006030992017,0.0023063332139644727
2020-07-02,0.015291097159680004,0.5400005088649514,0.0019459686492825242
2020-07-03,0.013592086364160002,0.48000045232440125,0.0017297499104733545
2020-07-04,0.014724760227840002,0.5200004900181013,0.001873895736346134
2020-07-05,0.014158423296000002,0.5000004711712513,0.0018018228234097443
2020-07-06,0.011893075568640001,0.42000039578385107,0.001513531171664185
2020-07-07,0.011043570170880002,0.39000036751357603,0.0014054218022596006
2020-07-08,0.009627727841280001,0.3400003203964509,0.001225239519918626
2020-07-09,0.010477233239040002,0.370000348666726,0.0013333488893232108
2020-07-10,0.010194064773120001,0.36000033924330094,0.0012973124328550158
2020-07-11,0.010194064773120001,0.36000033924330094,0.0012973124328550158
2020-07-12,0.011893075568640001,0.42000039578385107,0.001513531171664185
2020-07-13,0.012742580966400002,0.45000042405412616,0.0016216405410687698
2020-07-14,0.013308917898240001,0.4700004429009762,0.0016937134540051595
2020-07-15,0.011893075568640001,0.42000039578385107,0.001513531171664185
2020-07-16,0.011326738636800003,0.4000003769370011,0.0014414582587277955
2020-07-17,0.011609907102720002,0.4100003863604261,0.0014774947151959903
2020-07-18,0.011609907102720002,0.4100003863604261,0.0014774947151959903
2020-07-19,0.010194064773120001,0.36000033924330094,0.0012973124328550158
2020-07-20,0.009344559375360002,0.3300003109730259,0.0011892030634504313
2020-07-21,0.010194064773120001,0.36000033924330094,0.0012973124328550158
2020-07-22,0.010477233239040002,0.370000348666726,0.0013333488893232108
2020-07-23,0.012176244034560002,0.4300004052072761,0.00154956762813238
2020-07-24,0.013308917898240001,0.4700004429009762,0.0016937134540051595
2020-07-25,0.013308917898240001,0.4700004429009762,0.0016937134540051595
2020-07-26,0.013025749432320002,0.4600004334775512,0.0016576769975369648
2020-07-27,0.011609907102720002,0.4100003863604261,0.0014774947151959903
2020-07-28,0.011043570170880002,0.39000036751357603,0.0014054218022596006
2020-07-29,0.010194064773120001,0.36000033924330094,0.0012973124328550158
2020-07-30,0.009627727841280001,0.3400003203964509,0.001225239519918626
2020-07-31,0.009344559375360002,0.3300003109730259,0.0011892030634504313
2020-08-01,0.008495053977600002,0.3000002827027508,0.0010810936940458466
2020-08-02,0.00821188551168,0.29000027327932576,0.0010450572375776516
2020-08-03,0.007645548579840002,0.2700002544324757,0.0009729843246412621
2020-08-04,0.007645548579840002,0.2700002544324757,0.0009729843246412621
2020-08-05,0.008495053977600002,0.3000002827027508,0.0010810936940458466
2020-08-06,0.007928717045760002,0.28000026385590077,0.0010090207811094569
2020-08-07,0.007645548579840002,0.2700002544324757,0.0009729843246412621
2020-08-08,0.007079211648000001,0.2500002355856257,0.0009009114117048721
2020-08-09,0.007079211648000001,0.2500002355856257,0.0009009114117048721
2020-08-10,0.007079211648000001,0.2500002355856257,0.0009009114117048721
2020-08-11,0.006796043182080001,0.24000022616220062,0.0008648749552366773
2020-08-12,0.007079211648000001,0.2500002355856257,0.0009009114117048721
2020-08-13,0.006512874716160001,0.2300002167387756,0.0008288384987684824
2020-08-14,0.006796043182080001,0.24000022616220062,0.0008648749552366773
2020-08-15,0.007079211648000001,0.2500002355856257,0.0009009114117048721
2020-08-16,0.006796043182080001,0.24000022616220062,0.0008648749552366773
2020-08-17,0.006796043182080001,0.24000022616220062,0.0008648749552366773
2020-08-18,0.007079211648000001,0.2500002355856257,0.0009009114117048721
2020-08-19,0.006512874716160001,0.2300002167387756,0.0008288384987684824
2020-08-20,0.006796043182080001,0.24000022616220062,0.0008648749552366773
2020-08-21,0.006796043182080001,0.24000022616220062,0.0008648749552366773
2020-08-22,0.006512874716160001,0.2300002167387756,0.0008288384987684824
2020-08-23,0.006512874716160001,0.2300002167387756,0.0008288384987684824
2020-08-24,0.006796043182080001,0.24000022616220062,0.0008648749552366773
2020-08-25,0.006796043182080001,0.24000022616220062,0.0008648749552366773
2020-08-26,0.006512874716160001,0.2300002167387756,0.0008288384987684824
2020-08-27,0.006512874716160001,0.2300002167387756,0.0008288384987684824
2020-08-28,0.006229706250240001,0.22000020731535058,0.0007928020423002875
2020-08-29,0.006229706250240001,0.22000020731535058,0.0007928020423002875
2020-08-30,0.007928717045760002,0.28000026385590077,0.0010090207811094569
2020-08-31,0.007362380113920001,0.26000024500905067,0.000936947868173067
2020-09-01,0.009061390909440002,0.32000030154960085,0.0011531666069822363
2020-09-02,0.00877822244352,0.3100002921261758,0.0011171301505140414
2020-09-03,0.007645548579840002,0.2700002544324757,0.0009729843246412621
2020-09-04,0.007928717045760002,0.28000026385590077,0.0010090207811094569
2020-09-05,0.006796043182080001,0.24000022616220062,0.0008648749552366773
2020-09-06,0.006796043182080001,0.24000022616220062,0.0008648749552366773
2020-09-07,0.007079211648000001,0.2500002355856257,0.0009009114117048721
2020-09-08,0.012742580966400002,0.45000042405412616,0.0016216405410687698
2020-09-09,0.014724760227840002,0.5200004900181013,0.001873895736346134
2020-09-10,0.01642377102336,0.5800005465586515,0.0020901144751553032
2020-09-11,0.014724760227840002,0.5200004900181013,0.001873895736346134
2020-09-12,0.013025749432320002,0.4600004334775512,0.0016576769975369648
2020-09-13,0.011893075568640001,0.42000039578385107,0.001513531171664185
2020-09-14,0.010760401704960001,0.380000358090151,0.0013693853457914056
2020-09-15,0.010760401704960001,0.380000358090151,0.0013693853457914056
2020-09-16,0.010477233239040002,0.370000348666726,0.0013333488893232108
2020-09-17,0.011326738636800003,0.4000003769370011,0.0014414582587277955
2020-09-18,0.009627727841280001,0.3400003203964509,0.001225239519918626
2020-09-19,0.0099108963072,0.3500003298198759,0.0012612759763868209
2020-09-20,0.0099108963072,0.3500003298198759,0.0012612759763868209
2020-09-21,0.0099108963072,0.3500003298198759,0.0012612759763868209
2020-09-22,0.010194064773120001,0.36000033924330094,0.0012973124328550158
2020-09-23,0.0099108963072,0.3500003298198759,0.0012612759763868209
2020-09-24,0.009344559375360002,0.3300003109730259,0.0011892030634504313
2020-09-25,0.009344559375360002,0.3300003109730259,0.0011892030634504313
2020-09-26,0.00877822244352,0.3100002921261758,0.0011171301505140414
2020-09-27,0.00877822244352,0.3100002921261758,0.0011171301505140414
2020-09-28,0.009344559375360002,0.3300003109730259,0.0011892030634504313
2020-09-29,0.010477233239040002,0.370000348666726,0.0013333488893232108
2020-09-30,0.010760401704960001,0.380000358090151,0.0013693853457914056
2020-10-01,0.010760401704960001,0.380000358090151,0.0013693853457914056
2020-10-02,0.011609907102720002,0.4100003863604261,0.0014774947151959903
2020-10-03,0.012459412500480002,0.44000041463070116,0.001585604084600575
2020-10-04,0.011893075568640001,0.42000039578385107,0.001513531171664185
2020-10-05,0.011326738636800003,0.4000003769370011,0.0014414582587277955
2020-10-06,0.011326738636800003,0.4000003769370011,0.0014414582587277955
2020-10-07,0.011326738636800003,0.4000003769370011,0.0014414582587277955
2020-10-08,0.011893075568640001,0.42000039578385107,0.001513531171664185
2020-10-09,0.010760401704960001,0.380000358090151,0.0013693853457914056
2020-10-10,0.010477233239040002,0.370000348666726,0.0013333488893232108
2020-10-11,0.012459412500480002,0.44000041463070116,0.001585604084600575
2020-10-12,0.012742580966400002,0.45000042405412616,0.0016216405410687698
2020-10-13,0.011609907102720002,0.4100003863604261,0.0014774947151959903
2020-10-14,0.012459412500480002,0.44000041463070116,0.001585604084600575
2020-10-15,0.011893075568640001,0.42000039578385107,0.001513531171664185
2020-10-16,0.012742580966400002,0.45000042405412616,0.0016216405410687698
2020-10-17,0.013592086364160002,0.48000045232440125,0.0017297499104733545
2020-10-18,0.013025749432320002,0.4600004334775512,0.0016576769975369648
2020-10-19,0.012459412500480002,0.44000041463070116,0.001585604084600575
2020-10-20,0.012459412500480002,0.44000041463070116,0.001585604084600575
2020-10-21,0.012176244034560002,0.4300004052072761,0.00154956762813238
2020-10-22,0.013592086364160002,0.48000045232440125,0.0017297499104733545
2020-10-23,0.015574265625600004,0.5500005182883765,0.001982005105750719
2020-10-24,0.01727327642112,0.6100005748289266,0.0021982238445598878
2020-10-25,0.018972287216640005,0.6700006313694769,0.0024144425833690576
2020-10-26,0.014158423296000002,0.5000004711712513,0.0018018228234097443
2020-10-27,0.013875254830080001,0.49000046174782624,0.0017657863669415493
2020-10-28,0.016706939489280002,0.5900005559820766,0.0021261509316234982
2020-10-29,0.020954466478080004,0.740000697333452,0.0026666977786464216
2020-10-30,0.022936645739520006,0.8100007632974272,0.002918952973923786
2020-10-31,0.021803971875840003,0.770000725603727,0.002774807148051006
2020-11-01,0.02010496108032,0.7100006690631768,0.0025585884092418367
2020-11-02,0.018405950284800004,0.6500006125226268,0.0023423696704326677
2020-11-03,0.018405950284800004,0.6500006125226268,0.0023423696704326677
2020-11-04,0.018122781818880003,0.6400006030992017,0.0023063332139644727
2020-11-05,0.018405950284800004,0.6500006125226268,0.0023423696704326677
2020-11-06,0.018689118750720005,0.6600006219460518,0.0023784061269008627
2020-11-07,0.019255455682560003,0.6800006407929018,0.002450479039837252
2020-11-08,0.02350298267136,0.8300007821442771,0.002991025886860175
2020-11-09,0.02350298267136,0.8300007821442771,0.002991025886860175
2020-11-10,0.022653477273600005,0.8000007538740022,0.002882916517455591
2020-11-11,0.020954466478080004,0.740000697333452,0.0026666977786464216
2020-11-12,0.021237634944,0.7500007067568769,0.002702734235114616
2020-11-13,0.02010496108032,0.7100006690631768,0.0025585884092418367
2020-11-14,0.02350298267136,0.8300007821442771,0.002991025886860175
2020-11-15,0.0198217926144,0.7000006596397518,0.0025225519527736417
2020-11-16,0.0198217926144,0.7000006596397518,0.0025225519527736417
2020-11-17,0.020671298012160003,0.7300006879100269,0.0026306613221782267
2020-11-18,0.022087140341760004,0.7800007350271521,0.002810843604519201
2020-11-19,0.021803971875840003,0.770000725603727,0.002774807148051006
2020-11-20,0.021520803409920002,0.760000716180302,0.002738770691582811
2020-11-21,0.021237634944,0.7500007067568769,0.002702734235114616
2020-11-22,0.019255455682560003,0.6800006407929018,0.002450479039837252
2020-11-23,0.021520803409920002,0.760000716180302,0.002738770691582811
2020-11-24,0.024352488069120003,0.8600008104145522,0.00309913525626476
2020-11-25,0.020954466478080004,0.740000697333452,0.0026666977786464216
2020-11-26,0.020388129546240003,0.7200006784866019,0.0025946248657100317
2020-11-27,0.01953862414848,0.6900006502163267,0.0024865154963054467
2020-11-28,0.018689118750720005,0.6600006219460518,0.0023784061269008627
2020-11-29,0.01614060255744,0.5700005371352265,0.0020540780186871083
2020-11-30,0.012176244034560002,0.4300004052072761,0.00154956762813238
2020-12-01,0.012176244034560002,0.4300004052072761,0.00154956762813238
2020-12-02,0.01755644488704,0.6200005842523516,0.0022342603010280827
2020-12-03,0.014724760227840002,0.5200004900181013,0.001873895736346134
2020-12-04,0.014724760227840002,0.5200004900181013,0.001873895736346134
2020-12-05,0.013308917898240001,0.4700004429009762,0.0016937134540051595
2020-12-06,0.014158423296000002,0.5000004711712513,0.0018018228234097443
2020-12-07,0.012176244034560002,0.4300004052072761,0.00154956762813238
2020-12-08,0.0053802008524800006,0.1900001790450755,0.0006846926728957028
2020-12-09,0.007079211648000001,0.2500002355856257,0.0009009114117048721
2020-12-10,0.004813863920640001,0.17000016019822545,0.000612619759959313
2020-12-11,0.004813863920640001,0.17000016019822545,0.000612619759959313
2020-12-12,0.003964358522880001,0.14000013192795038,0.0005045103905547284
2020-12-13,0.0031148531251200006,0.11000010365767529,0.00039640102115014376
2020-12-14,0.0028316846592000007,0.10000009423425027,0.0003603645646819489
2020-12-15,0.0028316846592000007,0.10000009423425027,0.0003603645646819489
2020-12-16,0.0028316846592000007,0.10000009423425027,0.0003603645646819489
2020-12-17,0.0028316846592000007,0.10000009423425027,0.0003603645646819489
2020-12-18,0.0028316846592000007,0.10000009423425027,0.0003603645646819489
2020-12-19,0.0028316846592000007,0.10000009423425027,0.0003603645646819489
2020-12-20,0.0028316846592000007,0.10000009423425027,0.0003603645646819489
2020-12-21,0.0028316846592000007,0.10000009423425027,0.0003603645646819489
2020-12-22,0.0028316846592000007,0.10000009423425027,0.0003603645646819489
2020-12-23,0.0028316846592000007,0.10000009423425027,0.0003603645646819489
2020-12-24,0.0028316846592000007,0.10000009423425027,0.0003603645646819489
2020-12-25,0.0028316846592000007,0.10000009423425027,0.0003603645646819489
2020-12-26,0.0028316846592000007,0.10000009423425027,0.0003603645646819489
2020-12-27,0.0028316846592000007,0.10000009423425027,0.0003603645646819489
2020-12-28,0.0028316846592000007,0.10000009423425027,0.0003603645646819489
2020-12-29,0.0028316846592000007,0.10000009423425027,0.0003603645646819489
2020-12-30,0.0028316846592000007,0.10000009423425027,0.0003603645646819489
2020-12-31,0.0031148531251200006,0.11000010365767529,0.00039640102115014376
2021-01-01,0.0031148531251200006,0.11000010365767529,0.00039640102115014376
2021-01-02,0.0036811900569600005,0.13000012250452533,0.0004684739340865335
2021-01-03,0.0036811900569600005,0.13000012250452533,0.0004684739340865335
2021-01-04,0.0031148531251200006,0.11000010365767529,0.00039640102115014376
2021-01-05,0.0031148531251200006,0.11000010365767529,0.00039640102115014376
2021-01-06,0.0031148531251200006,0.11000010365767529,0.00039640102115014376
2021-01-07,0.0028316846592000007,0.10000009423425027,0.0003603645646819489
2021-01-08,0.0031148531251200006,0.11000010365767529,0.00039640102115014376
2021-01-09,0.0033980215910400006,0.12000011308110031,0.00043243747761833863
2021-01-10,0.0031148531251200006,0.11000010365767529,0.00039640102115014376
2021-01-11,0.004247526988800001,0.1500001413513754,0.0005405468470229233
2021-01-12,0.0031148531251200006,0.11000010365767529,0.00039640102115014376
2021-01-13,0.0028316846592000007,0.10000009423425027,0.0003603645646819489
2021-01-14,0.0036811900569600005,0.13000012250452533,0.0004684739340865335
2021-01-15,0.011609907102720002,0.4100003863604261,0.0014774947151959903
2021-01-16,0.01614060255744,0.5700005371352265,0.0020540780186871083
2021-01-17,0.018405950284800004,0.6500006125226268,0.0023423696704326677
2021-01-18,0.023219814205440004,0.8200007727208521,0.0029549894303919806
2021-01-19,0.024635656535040004,0.8700008198379773,0.0031351717127329547
2021-01-20,0.022936645739520006,0.8100007632974272,0.002918952973923786
2021-01-21,0.022370308807680005,0.7900007444505771,0.002846880060987396
2021-01-22,0.023219814205440004,0.8200007727208521,0.0029549894303919806
2021-01-23,0.024069319603200003,0.8500008009911272,0.003063098799796565
2021-01-24,0.024918825000960005,0.8800008292614023,0.00317120816920115
2021-01-25,0.025485161932800003,0.9000008481082523,0.0032432810821375396
2021-01-26,0.025201993466880006,0.8900008386848274,0.003207244625669345
2021-01-27,0.023786151137280002,0.8400007915677021,0.00302706234332837
2021-01-28,0.024635656535040004,0.8700008198379773,0.0031351717127329547
2021-01-29,0.024918825000960005,0.8800008292614023,0.00317120816920115
2021-01-30,0.024635656535040004,0.8700008198379773,0.0031351717127329547
2021-01-31,0.024918825000960005,0.8800008292614023,0.00317120816920115
2021-02-01,0.025768330398720004,0.9100008575316774,0.003279317538605734
2021-02-02,0.026617835796480003,0.9400008858019524,0.003387426908010319
2021-02-03,0.026901004262400004,0.9500008952253775,0.0034234633644785145
2021-02-04,0.026901004262400004,0.9500008952253775,0.0034234633644785145
2021-02-05,0.026334667330560006,0.9300008763785275,0.0033513904515421245
2021-02-06,0.025768330398720004,0.9100008575316774,0.003279317538605734
2021-02-07,0.025768330398720004,0.9100008575316774,0.003279317538605734
2021-02-08,0.026617835796480003,0.9400008858019524,0.003387426908010319
2021-02-09,0.027467341194240002,0.9700009140722274,0.003495536277414904
2021-02-10,0.028033678126080003,0.9900009329190775,0.003567609190351294
2021-02-11,0.027184172728320005,0.9600009046488025,0.003459499820946709
2021-02-12,0.029166351989760007,1.0300009706127777,0.0037117550162240735
2021-02-13,0.030865362785280008,1.090001027153328,0.003927973755033243
2021-02-14,0.020954466478080004,0.740000697333452,0.0026666977786464216
2021-02-15,0.025485161932800003,0.9000008481082523,0.0032432810821375396
2021-02-16,0.027467341194240002,0.9700009140722274,0.003495536277414904
2021-02-17,0.026901004262400004,0.9500008952253775,0.0034234633644785145
2021-02-18,0.024635656535040004,0.8700008198379773,0.0031351717127329547
2021-02-19,0.026617835796480003,0.9400008858019524,0.003387426908010319
2021-02-20,0.027750509660160003,0.9800009234956525,0.0035315727338830986
2021-02-21,0.025768330398720004,0.9100008575316774,0.003279317538605734
2021-02-22,0.026617835796480003,0.9400008858019524,0.003387426908010319
2021-02-23,0.027184172728320005,0.9600009046488025,0.003459499820946709
2021-02-24,0.026901004262400004,0.9500008952253775,0.0034234633644785145
2021-02-25,0.025485161932800003,0.9000008481082523,0.0032432810821375396
2021-02-26,0.024635656535040004,0.8700008198379773,0.0031351717127329547
2021-02-27,0.024069319603200003,0.8500008009911272,0.003063098799796565
2021-02-28,0.023219814205440004,0.8200007727208521,0.0029549894303919806
2021-03-01,0.022936645739520006,0.8100007632974272,0.002918952973923786
2021-03-02,0.023786151137280002,0.8400007915677021,0.00302706234332837
2021-03-03,0.025485161932800003,0.9000008481082523,0.0032432810821375396
2021-03-04,0.029449520455680004,1.0400009800362027,0.003747791472692268
2021-03-05,0.03284754204672,1.160001093117303,0.0041802289503106065
2021-03-06,0.03681190056960001,1.3000012250452535,0.004684739340865335
2021-03-07,0.03369704744448,1.190001121387578,0.004288338319715191
2021-03-08,0.03228120511488,1.140001074270453,0.0041081560373742165
2021-03-09,0.029449520455680004,1.0400009800362027,0.003747791472692268
2021-03-10,0.03313071051264,1.170001102540728,0.004216265406778801
2021-03-11,0.024918825000960005,0.8800008292614023,0.00317120816920115
2021-03-12,0.022653477273600005,0.8000007538740022,0.002882916517455591
2021-03-13,0.024918825000960005,0.8800008292614023,0.00317120816920115
2021-03-14,0.030582194319360007,1.0800010177299029,0.0038919372985650484
2021-03-15,0.025768330398720004,0.9100008575316774,0.003279317538605734
2021-03-16,0.026617835796480003,0.9400008858019524,0.003387426908010319
2021-03-17,0.022370308807680005,0.7900007444505771,0.002846880060987396
2021-03-18,0.020954466478080004,0.740000697333452,0.0026666977786464216
2021-03-19,0.01953862414848,0.6900006502163267,0.0024865154963054467
2021-03-20,0.0198217926144,0.7000006596397518,0.0025225519527736417
2021-03-21,0.022936645739520006,0.8100007632974272,0.002918952973923786
2021-03-22,0.019255455682560003,0.6800006407929018,0.002450479039837252
2021-03-23,0.018689118750720005,0.6600006219460518,0.0023784061269008627
2021-03-24,0.01755644488704,0.6200005842523516,0.0022342603010280827
2021-03-25,0.018122781818880003,0.6400006030992017,0.0023063332139644727
2021-03-26,0.020388129546240003,0.7200006784866019,0.0025946248657100317
2021-03-27,0.020388129546240003,0.7200006784866019,0.0025946248657100317
2021-03-28,0.017839613352960002,0.6300005936757767,0.0022702967574962777
2021-03-29,0.016706939489280002,0.5900005559820766,0.0021261509316234982
2021-03-30,0.01755644488704,0.6200005842523516,0.0022342603010280827
2021-03-31,0.01642377102336,0.5800005465586515,0.0020901144751553032
2021-04-01,0.017839613352960002,0.6300005936757767,0.0022702967574962777
2021-04-02,0.018972287216640005,0.6700006313694769,0.0024144425833690576
2021-04-03,0.01727327642112,0.6100005748289266,0.0021982238445598878
2021-04-04,0.017839613352960002,0.6300005936757767,0.0022702967574962777
2021-04-05,0.01642377102336,0.5800005465586515,0.0020901144751553032
2021-04-06,0.01755644488704,0.6200005842523516,0.0022342603010280827
2021-04-07,0.01727327642112,0.6100005748289266,0.0021982238445598878
2021-04-08,0.016990107955200003,0.6000005654055016,0.002162187388091693
2021-04-09,0.01727327642112,0.6100005748289266,0.0021982238445598878
2021-04-10,0.016990107955200003,0.6000005654055016,0.002162187388091693
2021-04-11,0.01755644488704,0.6200005842523516,0.0022342603010280827
2021-04-12,0.01755644488704,0.6200005842523516,0.0022342603010280827
2021-04-13,0.018122781818880003,0.6400006030992017,0.0023063332139644727
2021-04-14,0.019255455682560003,0.6800006407929018,0.002450479039837252
2021-04-15,0.02010496108032,0.7100006690631768,0.0025585884092418367
2021-04-16,0.020954466478080004,0.740000697333452,0.0026666977786464216
2021-04-17,0.020954466478080004,0.740000697333452,0.0026666977786464216
2021-04-18,0.01953862414848,0.6900006502163267,0.0024865154963054467
2021-04-19,0.0198217926144,0.7000006596397518,0.0025225519527736417
2021-04-20,0.0198217926144,0.7000006596397518,0.0025225519527736417
2021-04-21,0.021520803409920002,0.760000716180302,0.002738770691582811
2021-04-22,0.022087140341760004,0.7800007350271521,0.002810843604519201
2021-04-23,0.021803971875840003,0.770000725603727,0.002774807148051006
2021-04-24,0.020954466478080004,0.740000697333452,0.0026666977786464216
2021-04-25,0.02010496108032,0.7100006690631768,0.0025585884092418367
2021-04-26,0.0198217926144,0.7000006596397518,0.0025225519527736417
2021-04-27,0.025768330398720004,0.9100008575316774,0.003279317538605734
2021-04-28,0.024352488069120003,0.8600008104145522,0.00309913525626476
2021-04-29,0.021803971875840003,0.770000725603727,0.002774807148051006
2021-04-30,0.020388129546240003,0.7200006784866019,0.0025946248657100317
2021-05-01,0.0198217926144,0.7000006596397518,0.0025225519527736417
2021-05-02,0.022087140341760004,0.7800007350271521,0.002810843604519201
2021-05-03,0.027184172728320005,0.9600009046488025,0.003459499820946709
2021-05-04,0.024069319603200003,0.8500008009911272,0.003063098799796565
2021-05-05,0.023219814205440004,0.8200007727208521,0.0029549894303919806
2021-05-06,0.02350298267136,0.8300007821442771,0.002991025886860175
2021-05-07,0.01953862414848,0.6900006502163267,0.0024865154963054467
2021-05-08,0.020388129546240003,0.7200006784866019,0.0025946248657100317
2021-05-09,0.020388129546240003,0.7200006784866019,0.0025946248657100317
2021-05-10,0.021803971875840003,0.770000725603727,0.002774807148051006
2021-05-11,0.026334667330560006,0.9300008763785275,0.0033513904515421245
2021-05-12,0.023786151137280002,0.8400007915677021,0.00302706234332837
2021-05-13,0.021803971875840003,0.770000725603727,0.002774807148051006
2021-05-14,0.020671298012160003,0.7300006879100269,0.0026306613221782267
2021-05-15,0.02010496108032,0.7100006690631768,0.0025585884092418367
2021-05-16,0.020671298012160003,0.7300006879100269,0.0026306613221782267
2021-05-17,0.020388129546240003,0.7200006784866019,0.0025946248657100317
2021-05-18,0.020671298012160003,0.7300006879100269,0.0026306613221782267
2021-05-19,0.0198217926144,0.7000006596397518,0.0025225519527736417
2021-05-20,0.018122781818880003,0.6400006030992017,0.0023063332139644727
2021-05-21,0.01727327642112,0.6100005748289266,0.0021982238445598878
2021-05-22,0.018405950284800004,0.6500006125226268,0.0023423696704326677
2021-05-23,0.018405950284800004,0.6500006125226268,0.0023423696704326677
2021-05-24,0.018122781818880003,0.6400006030992017,0.0023063332139644727
2021-05-25,0.017839613352960002,0.6300005936757767,0.0022702967574962777
2021-05-26,0.01755644488704,0.6200005842523516,0.0022342603010280827
2021-05-27,0.017839613352960002,0.6300005936757767,0.0022702967574962777
2021-05-28,0.016706939489280002,0.5900005559820766,0.0021261509316234982
2021-05-29,0.01614060255744,0.5700005371352265,0.0020540780186871083
2021-05-30,0.016990107955200003,0.6000005654055016,0.002162187388091693
2021-05-31,0.016990107955200003,0.6000005654055016,0.002162187388091693
2021-06-01,0.015291097159680004,0.5400005088649514,0.0019459686492825242
2021-06-02,0.015007928693760003,0.5300004994415264,0.001909932192814329
2021-06-03,0.014158423296000002,0.5000004711712513,0.0018018228234097443
2021-06-04,0.013025749432320002,0.4600004334775512,0.0016576769975369648
2021-06-05,0.012176244034560002,0.4300004052072761,0.00154956762813238
2021-06-06,0.012742580966400002,0.45000042405412616,0.0016216405410687698
2021-06-07,0.011609907102720002,0.4100003863604261,0.0014774947151959903
2021-06-08,0.009344559375360002,0.3300003109730259,0.0011892030634504313
2021-06-09,0.00877822244352,0.3100002921261758,0.0011171301505140414
2021-06-10,0.00821188551168,0.29000027327932576,0.0010450572375776516
2021-06-11,0.00821188551168,0.29000027327932576,0.0010450572375776516
2021-06-12,0.00877822244352,0.3100002921261758,0.0011171301505140414
2021-06-13,0.00821188551168,0.29000027327932576,0.0010450572375776516
2021-06-14,0.007645548579840002,0.2700002544324757,0.0009729843246412621
2021-06-15,0.007079211648000001,0.2500002355856257,0.0009009114117048721
2021-06-16,0.006796043182080001,0.24000022616220062,0.0008648749552366773
2021-06-17,0.006796043182080001,0.24000022616220062,0.0008648749552366773
2021-06-18,0.006796043182080001,0.24000022616220062,0.0008648749552366773
2021-06-19,0.006229706250240001,0.22000020731535058,0.0007928020423002875
2021-06-20,0.0059465377843200004,0.21000019789192553,0.0007567655858320925
2021-06-21,0.006512874716160001,0.2300002167387756,0.0008288384987684824
2021-06-22,0.006229706250240001,0.22000020731535058,0.0007928020423002875
2021-06-23,0.005663369318400001,0.20000018846850054,0.0007207291293638978
2021-06-24,0.006229706250240001,0.22000020731535058,0.0007928020423002875
2021-06-25,0.01642377102336,0.5800005465586515,0.0020901144751553032
2021-06-26,0.015291097159680004,0.5400005088649514,0.0019459686492825242
2021-06-27,0.012176244034560002,0.4300004052072761,0.00154956762813238
2021-06-28,0.010194064773120001,0.36000033924330094,0.0012973124328550158
2021-06-29,0.00877822244352,0.3100002921261758,0.0011171301505140414
2021-06-30,0.009061390909440002,0.32000030154960085,0.0011531666069822363
2021-07-01,0.009344559375360002,0.3300003109730259,0.0011892030634504313
2021-07-02,0.009344559375360002,0.3300003109730259,0.0011892030634504313
2021-07-03,0.009344559375360002,0.3300003109730259,0.0011892030634504313
2021-07-04,0.00821188551168,0.29000027327932576,0.0010450572375776516
2021-07-05,0.007079211648000001,0.2500002355856257,0.0009009114117048721
2021-07-06,0.006229706250240001,0.22000020731535058,0.0007928020423002875
2021-07-07,0.0053802008524800006,0.1900001790450755,0.0006846926728957028
2021-07-08,0.005097032386560001,0.18000016962165047,0.0006486562164275079
2021-07-09,0.003964358522880001,0.14000013192795038,0.0005045103905547284
2021-07-10,0.0033980215910400006,0.12000011308110031,0.00043243747761833863
2021-07-11,0.0033980215910400006,0.12000011308110031,0.00043243747761833863
2021-07-12,0.0033980215910400006,0.12000011308110031,0.00043243747761833863
2021-07-13,0.003964358522880001,0.14000013192795038,0.0005045103905547284
2021-07-14,0.004530695454720001,0.16000015077480043,0.0005765833034911182
2021-07-15,0.005097032386560001,0.18000016962165047,0.0006486562164275079
2021-07-16,0.005663369318400001,0.20000018846850054,0.0007207291293638978
2021-07-17,0.0059465377843200004,0.21000019789192553,0.0007567655858320925
2021-07-18,0.0053802008524800006,0.1900001790450755,0.0006846926728957028
2021-07-19,0.004530695454720001,0.16000015077480043,0.0005765833034911182
2021-07-20,0.004530695454720001,0.16000015077480043,0.0005765833034911182
2021-07-21,0.003964358522880001,0.14000013192795038,0.0005045103905547284
2021-07-22,0.0033980215910400006,0.12000011308110031,0.00043243747761833863
2021-07-23,0.0036811900569600005,0.13000012250452533,0.0004684739340865335
2021-07-24,0.003964358522880001,0.14000013192795038,0.0005045103905547284
2021-07-25,0.004247526988800001,0.1500001413513754,0.0005405468470229233
2021-07-26,0.004247526988800001,0.1500001413513754,0.0005405468470229233
2021-07-27,0.004247526988800001,0.1500001413513754,0.0005405468470229233
2021-07-28,0.004247526988800001,0.1500001413513754,0.0005405468470229233
2021-07-29,0.004247526988800001,0.1500001413513754,0.0005405468470229233
2021-07-30,0.005663369318400001,0.20000018846850054,0.0007207291293638978
2021-07-31,0.007362380113920001,0.26000024500905067,0.000936947868173067
2021-08-01,0.007645548579840002,0.2700002544324757,0.0009729843246412621
2021-08-02,0.03511288977408,1.2400011685047032,0.0044685206020561655
2021-08-03,0.13875254830080003,4.900004617478263,0.017657863669415495
2021-08-04,0.03454655284224,1.2200011496578531,0.0043964476891197755
2021-08-05,0.016990107955200003,0.6000005654055016,0.002162187388091693
2021-08-06,0.012176244034560002,0.4300004052072761,0.00154956762813238
2021-08-07,0.012176244034560002,0.4300004052072761,0.00154956762813238
2021-08-08,0.011326738636800003,0.4000003769370011,0.0014414582587277955
2021-08-09,0.009627727841280001,0.3400003203964509,0.001225239519918626
2021-08-10,0.008495053977600002,0.3000002827027508,0.0010810936940458466
2021-08-11,0.007645548579840002,0.2700002544324757,0.0009729843246412621
2021-08-12,0.007645548579840002,0.2700002544324757,0.0009729843246412621
2021-08-13,0.007645548579840002,0.2700002544324757,0.0009729843246412621
2021-08-14,0.007362380113920001,0.26000024500905067,0.000936947868173067
2021-08-15,0.007362380113920001,0.26000024500905067,0.000936947868173067
2021-08-16,0.007362380113920001,0.26000024500905067,0.000936947868173067
2021-08-17,0.007079211648000001,0.2500002355856257,0.0009009114117048721
2021-08-18,0.006512874716160001,0.2300002167387756,0.0008288384987684824
2021-08-19,0.009061390909440002,0.32000030154960085,0.0011531666069822363
2021-08-20,0.010760401704960001,0.380000358090151,0.0013693853457914056
2021-08-21,0.010194064773120001,0.36000033924330094,0.0012973124328550158
2021-08-22,0.009061390909440002,0.32000030154960085,0.0011531666069822363
2021-08-23,0.007362380113920001,0.26000024500905067,0.000936947868173067
2021-08-24,0.006512874716160001,0.2300002167387756,0.0008288384987684824
2021-08-25,0.005663369318400001,0.20000018846850054,0.0007207291293638978
2021-08-26,0.006796043182080001,0.24000022616220062,0.0008648749552366773
2021-08-27,0.007645548579840002,0.2700002544324757,0.0009729843246412621
2021-08-28,0.006512874716160001,0.2300002167387756,0.0008288384987684824
2021-08-29,0.006229706250240001,0.22000020731535058,0.0007928020423002875
2021-08-30,0.005663369318400001,0.20000018846850054,0.0007207291293638978
2021-08-31,0.005663369318400001,0.20000018846850054,0.0007207291293638978
2021-09-01,0.007928717045760002,0.28000026385590077,0.0010090207811094569
2021-09-02,0.009061390909440002,0.32000030154960085,0.0011531666069822363
2021-09-03,0.00821188551168,0.29000027327932576,0.0010450572375776516
2021-09-04,0.007928717045760002,0.28000026385590077,0.0010090207811094569
2021-09-05,0.006796043182080001,0.24000022616220062,0.0008648749552366773
2021-09-06,0.006229706250240001,0.22000020731535058,0.0007928020423002875
2021-09-07,0.0059465377843200004,0.21000019789192553,0.0007567655858320925
2021-09-08,0.0053802008524800006,0.1900001790450755,0.0006846926728957028
2021-09-09,0.005097032386560001,0.18000016962165047,0.0006486562164275079
2021-09-10,0.004530695454720001,0.16000015077480043,0.0005765833034911182
2021-09-11,0.004813863920640001,0.17000016019822545,0.000612619759959313
2021-09-12,0.005663369318400001,0.20000018846850054,0.0007207291293638978
2021-09-13,0.0059465377843200004,0.21000019789192553,0.0007567655858320925
2021-09-14,0.005097032386560001,0.18000016962165047,0.0006486562164275079
2021-09-15,0.004530695454720001,0.16000015077480043,0.0005765833034911182
2021-09-16,0.004813863920640001,0.17000016019822545,0.000612619759959313
2021-09-17,0.004247526988800001,0.1500001413513754,0.0005405468470229233
2021-09-18,0.005097032386560001,0.18000016962165047,0.0006486562164275079
2021-09-19,0.006229706250240001,0.22000020731535058,0.0007928020423002875
2021-09-20,0.00821188551168,0.29000027327932576,0.0010450572375776516
2021-09-21,0.007928717045760002,0.28000026385590077,0.0010090207811094569
2021-09-22,0.007645548579840002,0.2700002544324757,0.0009729843246412621
2021-09-23,0.00821188551168,0.29000027327932576,0.0010450572375776516
2021-09-24,0.007645548579840002,0.2700002544324757,0.0009729843246412621
2021-09-25,0.007362380113920001,0.26000024500905067,0.000936947868173067
2021-09-26,0.007079211648000001,0.2500002355856257,0.0009009114117048721
2021-09-27,0.007645548579840002,0.2700002544324757,0.0009729843246412621
2021-09-28,0.006229706250240001,0.22000020731535058,0.0007928020423002875
2021-09-29,0.03454655284224,1.2200011496578531,0.0043964476891197755
2021-09-30,0.027467341194240002,0.9700009140722274,0.003495536277414904
2021-10-01,0.016706939489280002,0.5900005559820766,0.0021261509316234982
2021-10-02,0.013308917898240001,0.4700004429009762,0.0016937134540051595
2021-10-03,0.012176244034560002,0.4300004052072761,0.00154956762813238
2021-10-04,0.011326738636800003,0.4000003769370011,0.0014414582587277955
2021-10-05,0.010760401704960001,0.380000358090151,0.0013693853457914056
2021-10-06,0.010477233239040002,0.370000348666726,0.0013333488893232108
2021-10-07,0.010477233239040002,0.370000348666726,0.0013333488893232108
2021-10-08,0.011326738636800003,0.4000003769370011,0.0014414582587277955
2021-10-09,0.013308917898240001,0.4700004429009762,0.0016937134540051595
2021-10-10,0.013308917898240001,0.4700004429009762,0.0016937134540051595
2021-10-11,0.011609907102720002,0.4100003863604261,0.0014774947151959903
2021-10-12,0.01642377102336,0.5800005465586515,0.0020901144751553032
2021-10-13,0.015857434091520003,0.5600005277118015,0.0020180415622189137
2021-10-14,0.016990107955200003,0.6000005654055016,0.002162187388091693
2021-10-15,0.01614060255744,0.5700005371352265,0.0020540780186871083
2021-10-16,0.014158423296000002,0.5000004711712513,0.0018018228234097443
2021-10-17,0.013308917898240001,0.4700004429009762,0.0016937134540051595
2021-10-18,0.012459412500480002,0.44000041463070116,0.001585604084600575
2021-10-19,0.018689118750720005,0.6600006219460518,0.0023784061269008627
2021-10-20,0.014724760227840002,0.5200004900181013,0.001873895736346134
2021-10-21,0.013025749432320002,0.4600004334775512,0.0016576769975369648
2021-10-22,0.012459412500480002,0.44000041463070116,0.001585604084600575
2021-10-23,0.013592086364160002,0.48000045232440125,0.0017297499104733545
2021-10-24,0.015007928693760003,0.5300004994415264,0.001909932192814329
2021-10-25,0.012459412500480002,0.44000041463070116,0.001585604084600575
2021-10-26,0.024069319603200003,0.8500008009911272,0.003063098799796565
2021-10-27,0.01953862414848,0.6900006502163267,0.0024865154963054467
2021-10-28,0.014724760227840002,0.5200004900181013,0.001873895736346134
2021-10-29,0.012742580966400002,0.45000042405412616,0.0016216405410687698
2021-10-30,0.013308917898240001,0.4700004429009762,0.0016937134540051595
2021-10-31,0.013592086364160002,0.48000045232440125,0.0017297499104733545
2021-11-01,0.013592086364160002,0.48000045232440125,0.0017297499104733545
2021-11-02,0.021520803409920002,0.760000716180302,0.002738770691582811
2021-11-03,0.021237634944,0.7500007067568769,0.002702734235114616
2021-11-04,0.01755644488704,0.6200005842523516,0.0022342603010280827
2021-11-05,0.01614060255744,0.5700005371352265,0.0020540780186871083
2021-11-06,0.015291097159680004,0.5400005088649514,0.0019459686492825242
2021-11-07,0.015574265625600004,0.5500005182883765,0.001982005105750719
2021-11-08,0.015574265625600004,0.5500005182883765,0.001982005105750719
2021-11-09,0.015574265625600004,0.5500005182883765,0.001982005105750719
2021-11-10,0.01614060255744,0.5700005371352265,0.0020540780186871083
2021-11-11,0.015857434091520003,0.5600005277118015,0.0020180415622189137
2021-11-12,0.01614060255744,0.5700005371352265,0.0020540780186871083
2021-11-13,0.016706939489280002,0.5900005559820766,0.0021261509316234982
2021-11-14,0.016990107955200003,0.6000005654055016,0.002162187388091693
2021-11-15,0.016990107955200003,0.6000005654055016,0.002162187388091693
2021-11-16,0.01727327642112,0.6100005748289266,0.0021982238445598878
2021-11-17,0.01642377102336,0.5800005465586515,0.0020901144751553032
2021-11-18,0.015007928693760003,0.5300004994415264,0.001909932192814329
2021-11-19,0.01755644488704,0.6200005842523516,0.0022342603010280827
2021-11-20,0.019255455682560003,0.6800006407929018,0.002450479039837252
2021-11-21,0.017839613352960002,0.6300005936757767,0.0022702967574962777
2021-11-22,0.016990107955200003,0.6000005654055016,0.002162187388091693
2021-11-23,0.01642377102336,0.5800005465586515,0.0020901144751553032
2021-11-24,0.018972287216640005,0.6700006313694769,0.0024144425833690576
2021-11-25,0.018689118750720005,0.6600006219460518,0.0023784061269008627
2021-11-26,0.018972287216640005,0.6700006313694769,0.0024144425833690576
2021-11-27,0.018122781818880003,0.6400006030992017,0.0023063332139644727
2021-11-28,0.01953862414848,0.6900006502163267,0.0024865154963054467
2021-11-29,0.020671298012160003,0.7300006879100269,0.0026306613221782267
2021-11-30,0.020671298012160003,0.7300006879100269,0.0026306613221782267
2021-12-01,0.021237634944,0.7500007067568769,0.002702734235114616
2021-12-02,0.020388129546240003,0.7200006784866019,0.0025946248657100317
2021-12-03,0.020671298012160003,0.7300006879100269,0.0026306613221782267
2021-12-04,0.020388129546240003,0.7200006784866019,0.0025946248657100317
2021-12-05,0.020671298012160003,0.7300006879100269,0.0026306613221782267
2021-12-06,0.019255455682560003,0.6800006407929018,0.002450479039837252
2021-12-07,0.020671298012160003,0.7300006879100269,0.0026306613221782267
2021-12-08,0.0198217926144,0.7000006596397518,0.0025225519527736417
2021-12-09,0.019255455682560003,0.6800006407929018,0.002450479039837252
2021-12-10,0.017839613352960002,0.6300005936757767,0.0022702967574962777
2021-12-11,0.016706939489280002,0.5900005559820766,0.0021261509316234982
2021-12-12,0.015857434091520003,0.5600005277118015,0.0020180415622189137
2021-12-13,0.015857434091520003,0.5600005277118015,0.0020180415622189137
2021-12-14,0.01642377102336,0.5800005465586515,0.0020901144751553032
2021-12-15,0.01642377102336,0.5800005465586515,0.0020901144751553032
2021-12-16,0.01642377102336,0.5800005465586515,0.0020901144751553032
2021-12-17,0.01642377102336,0.5800005465586515,0.0020901144751553032
2021-12-18,0.01614060255744,0.5700005371352265,0.0020540780186871083
2021-12-19,0.015857434091520003,0.5600005277118015,0.0020180415622189137
2021-12-20,0.01642377102336,0.5800005465586515,0.0020901144751553032
2021-12-21,0.016706939489280002,0.5900005559820766,0.0021261509316234982
2021-12-22,0.016990107955200003,0.6000005654055016,0.002162187388091693
2021-12-23,0.01755644488704,0.6200005842523516,0.0022342603010280827
2021-12-24,0.018122781818880003,0.6400006030992017,0.0023063332139644727
2021-12-25,0.018405950284800004,0.6500006125226268,0.0023423696704326677
2021-12-26,0.018405950284800004,0.6500006125226268,0.0023423696704326677
2021-12-27,0.01755644488704,0.6200005842523516,0.0022342603010280827
2021-12-28,0.016706939489280002,0.5900005559820766,0.0021261509316234982
2021-12-29,0.016990107955200003,0.6000005654055016,0.002162187388091693
2021-12-30,0.01727327642112,0.6100005748289266,0.0021982238445598878
2021-12-31,0.018122781818880003,0.6400006030992017,0.0023063332139644727
2022-01-01,0.01755644488704,0.6200005842523516,0.0022342603010280827
2022-01-02,0.016990107955200003,0.6000005654055016,0.002162187388091693
2022-01-03,0.016990107955200003,0.6000005654055016,0.002162187388091693
2022-01-04,0.01755644488704,0.6200005842523516,0.0022342603010280827
2022-01-05,0.018405950284800004,0.6500006125226268,0.0023423696704326677
2022-01-06,0.018972287216640005,0.6700006313694769,0.0024144425833690576
2022-01-07,0.018689118750720005,0.6600006219460518,0.0023784061269008627
2022-01-08,0.01755644488704,0.6200005842523516,0.0022342603010280827
2022-01-09,0.016706939489280002,0.5900005559820766,0.0021261509316234982
2022-01-10,0.01614060255744,0.5700005371352265,0.0020540780186871083
2022-01-11,0.01642377102336,0.5800005465586515,0.0020901144751553032
2022-01-12,0.01755644488704,0.6200005842523516,0.0022342603010280827
2022-01-13,0.018122781818880003,0.6400006030992017,0.0023063332139644727
2022-01-14,0.018122781818880003,0.6400006030992017,0.0023063332139644727
2022-01-15,0.018122781818880003,0.6400006030992017,0.0023063332139644727
2022-01-16,0.018689118750720005,0.6600006219460518,0.0023784061269008627
2022-01-17,0.018972287216640005,0.6700006313694769,0.0024144425833690576
2022-01-18,0.018972287216640005,0.6700006313694769,0.0024144425833690576
2022-01-19,0.019255455682560003,0.6800006407929018,0.002450479039837252
2022-01-20,0.019255455682560003,0.6800006407929018,0.002450479039837252
2022-01-21,0.018972287216640005,0.6700006313694769,0.0024144425833690576
2022-01-22,0.018689118750720005,0.6600006219460518,0.0023784061269008627
2022-01-23,0.018689118750720005,0.6600006219460518,0.0023784061269008627
2022-01-24,0.018972287216640005,0.6700006313694769,0.0024144425833690576
2022-01-25,0.018689118750720005,0.6600006219460518,0.0023784061269008627
2022-01-26,0.018405950284800004,0.6500006125226268,0.0023423696704326677
2022-01-27,0.018405950284800004,0.6500006125226268,0.0023423696704326677
2022-01-28,0.018405950284800004,0.6500006125226268,0.0023423696704326677
2022-01-29,0.018405950284800004,0.6500006125226268,0.0023423696704326677
2022-01-30,0.018405950284800004,0.6500006125226268,0.0023423696704326677
2022-01-31,0.018122781818880003,0.6400006030992017,0.0023063332139644727
2022-02-01,0.01755644488704,0.6200005842523516,0.0022342603010280827
2022-02-02,0.016706939489280002,0.5900005559820766,0.0021261509316234982
2022-02-03,0.01614060255744,0.5700005371352265,0.0020540780186871083
2022-02-04,0.01642377102336,0.5800005465586515,0.0020901144751553032
2022-02-05,0.017839613352960002,0.6300005936757767,0.0022702967574962777
2022-02-06,0.02010496108032,0.7100006690631768,0.0025585884092418367
2022-02-07,0.020954466478080004,0.740000697333452,0.0026666977786464216
2022-02-08,0.021520803409920002,0.760000716180302,0.002738770691582811
2022-02-09,0.022653477273600005,0.8000007538740022,0.002882916517455591
2022-02-10,0.022370308807680005,0.7900007444505771,0.002846880060987396
2022-02-11,0.021237634944,0.7500007067568769,0.002702734235114616
2022-02-12,0.020954466478080004,0.740000697333452,0.0026666977786464216
2022-02-13,0.020671298012160003,0.7300006879100269,0.0026306613221782267
2022-02-14,0.022087140341760004,0.7800007350271521,0.002810843604519201
2022-02-15,0.025485161932800003,0.9000008481082523,0.0032432810821375396
2022-02-16,0.022370308807680005,0.7900007444505771,0.002846880060987396
2022-02-17,0.022370308807680005,0.7900007444505771,0.002846880060987396
2022-02-18,0.023786151137280002,0.8400007915677021,0.00302706234332837
2022-02-19,0.025768330398720004,0.9100008575316774,0.003279317538605734
2022-02-20,0.025768330398720004,0.9100008575316774,0.003279317538605734
2022-02-21,0.026051498864640005,0.9200008669551024,0.0033153539950739296
2022-02-22,0.024918825000960005,0.8800008292614023,0.00317120816920115
2022-02-23,0.024352488069120003,0.8600008104145522,0.00309913525626476
2022-02-24,0.024635656535040004,0.8700008198379773,0.0031351717127329547
2022-02-25,0.025485161932800003,0.9000008481082523,0.0032432810821375396
2022-02-26,0.024069319603200003,0.8500008009911272,0.003063098799796565
2022-02-27,0.024918825000960005,0.8800008292614023,0.00317120816920115
2022-02-28,0.025768330398720004,0.9100008575316774,0.003279317538605734
2022-03-01,0.025768330398720004,0.9100008575316774,0.003279317538605734
2022-03-02,0.030299025853440006,1.070001008306478,0.003855900842096853
2022-03-03,0.1444159176192,5.100004805946763,0.01837859279877939
2022-03-04,1.0448916392448002,36.900034772438346,0.13297452436763915
2022-03-05,0.679604318208,24.00002261622006,0.08648749552366772
2022-03-06,0.36528732103680006,12.900012156218283,0.046487028843971406
2022-03-07,0.07135845341184001,2.5200023747031066,0.00908118702998511
2022-03-08,0.06852676875264001,2.4200022804688563,0.008720822465303162
2022-03-09,0.05012081846784001,1.7700016679462296,0.006378452794870495
2022-03-10,0.04389111221760001,1.5500014606308792,0.005585650752570208
2022-03-11,0.035679226705920004,1.2600011873515533,0.004540593514992555
2022-03-12,0.04615645994496,1.6300015360182791,0.005873942404315766
2022-03-13,0.061730725570560016,2.180002054306656,0.007855947510066486
2022-03-14,0.08551687670784001,3.020002845874358,0.010883009853394856
2022-03-15,0.16225553097216003,5.73000539962254,0.02064888955627567
2022-03-16,0.27439024347648,9.690009131298849,0.03491932631768084
2022-03-17,0.08353469744640002,2.950002779910383,0.010630754658117492
2022-03-18,0.04615645994496,1.6300015360182791,0.005873942404315766
2022-03-19,0.0410594275584,1.4500013663966287,0.005225286187888258
2022-03-20,0.03794457443328001,1.3400012627389537,0.004828885166738115
2022-03-21,0.03228120511488,1.140001074270453,0.0041081560373742165
2022-03-22,0.028600015057920005,1.0100009517659276,0.0036396821032876835
2022-03-23,0.027467341194240002,0.9700009140722274,0.003495536277414904
2022-03-24,0.029732688921600005,1.0500009894596278,0.0037838279291604626
2022-03-25,0.029732688921600005,1.0500009894596278,0.0037838279291604626
2022-03-26,0.028883183523840006,1.0200009611893528,0.0036757185597558785
2022-03-27,0.028033678126080003,0.9900009329190775,0.003567609190351294
2022-03-28,0.026334667330560006,0.9300008763785275,0.0033513904515421245
2022-03-29,0.03879407983104001,1.3700012910092287,0.0049369945361427
2022-03-30,0.03737823750144001,1.3200012438921036,0.004756812253801725
2022-03-31,0.029732688921600005,1.0500009894596278,0.0037838279291604626
2022-04-01,0.031998036648960004,1.130001064847028,0.004072119580906022
2022-04-02,0.026334667330560006,0.9300008763785275,0.0033513904515421245
2022-04-03,0.024352488069120003,0.8600008104145522,0.00309913525626476
2022-04-04,0.024635656535040004,0.8700008198379773,0.0031351717127329547
2022-04-05,0.024635656535040004,0.8700008198379773,0.0031351717127329547
2022-04-06,0.023219814205440004,0.8200007727208521,0.0029549894303919806
2022-04-07,0.02350298267136,0.8300007821442771,0.002991025886860175
2022-04-08,0.024069319603200003,0.8500008009911272,0.003063098799796565
2022-04-09,0.023786151137280002,0.8400007915677021,0.00302706234332837
2022-04-10,0.023786151137280002,0.8400007915677021,0.00302706234332837
2022-04-11,0.022936645739520006,0.8100007632974272,0.002918952973923786
2022-04-12,0.030299025853440006,1.070001008306478,0.003855900842096853
2022-04-13,0.024352488069120003,0.8600008104145522,0.00309913525626476
2022-04-14,0.024352488069120003,0.8600008104145522,0.00309913525626476
2022-04-15,0.022936645739520006,0.8100007632974272,0.002918952973923786
2022-04-16,0.023786151137280002,0.8400007915677021,0.00302706234332837
2022-04-17,0.026051498864640005,0.9200008669551024,0.0033153539950739296
2022-04-18,0.023219814205440004,0.8200007727208521,0.0029549894303919806
2022-04-19,0.021237634944,0.7500007067568769,0.002702734235114616
2022-04-20,0.021803971875840003,0.770000725603727,0.002774807148051006
2022-04-21,0.020671298012160003,0.7300006879100269,0.0026306613221782267
2022-04-22,0.021803971875840003,0.770000725603727,0.002774807148051006
2022-04-23,0.030582194319360007,1.0800010177299029,0.0038919372985650484
2022-04-24,0.026901004262400004,0.9500008952253775,0.0034234633644785145
2022-04-25,0.024352488069120003,0.8600008104145522,0.00309913525626476
2022-04-26,0.023219814205440004,0.8200007727208521,0.0029549894303919806
2022-04-27,0.022936645739520006,0.8100007632974272,0.002918952973923786
2022-04-28,0.022370308807680005,0.7900007444505771,0.002846880060987396
2022-04-29,0.022370308807680005,0.7900007444505771,0.002846880060987396
2022-04-30,0.023219814205440004,0.8200007727208521,0.0029549894303919806
2022-05-01,0.022936645739520006,0.8100007632974272,0.002918952973923786
2022-05-02,0.026901004262400004,0.9500008952253775,0.0034234633644785145
2022-05-03,0.030582194319360007,1.0800010177299029,0.0038919372985650484
2022-05-04,0.0325643735808,1.1500010836938779,0.004144192493842411
2022-05-05,0.027184172728320005,0.9600009046488025,0.003459499820946709
2022-05-06,0.024069319603200003,0.8500008009911272,0.003063098799796565
2022-05-07,0.023219814205440004,0.8200007727208521,0.0029549894303919806
2022-05-08,0.023786151137280002,0.8400007915677021,0.00302706234332837
2022-05-09,0.023219814205440004,0.8200007727208521,0.0029549894303919806
2022-05-10,0.022653477273600005,0.8000007538740022,0.002882916517455591
2022-05-11,0.022653477273600005,0.8000007538740022,0.002882916517455591
2022-05-12,0.020671298012160003,0.7300006879100269,0.0026306613221782267
2022-05-13,0.021520803409920002,0.760000716180302,0.002738770691582811
2022-05-14,0.020954466478080004,0.740000697333452,0.0026666977786464216
2022-05-15,0.020954466478080004,0.740000697333452,0.0026666977786464216
2022-05-16,0.020388129546240003,0.7200006784866019,0.0025946248657100317
2022-05-17,0.020388129546240003,0.7200006784866019,0.0025946248657100317
2022-05-18,0.0198217926144,0.7000006596397518,0.0025225519527736417
2022-05-19,0.018405950284800004,0.6500006125226268,0.0023423696704326677
2022-05-20,0.022653477273600005,0.8000007538740022,0.002882916517455591
2022-05-21,0.022936645739520006,0.8100007632974272,0.002918952973923786
2022-05-22,0.021803971875840003,0.770000725603727,0.002774807148051006
2022-05-23,0.021803971875840003,0.770000725603727,0.002774807148051006
2022-05-24,0.020671298012160003,0.7300006879100269,0.0026306613221782267
2022-05-25,0.020671298012160003,0.7300006879100269,0.0026306613221782267
2022-05-26,0.018972287216640005,0.6700006313694769,0.0024144425833690576
2022-05-27,0.018122781818880003,0.6400006030992017,0.0023063332139644727
2022-05-28,0.016990107955200003,0.6000005654055016,0.002162187388091693
2022-05-29,0.024918825000960005,0.8800008292614023,0.00317120816920115
2022-05-30,0.030015857387520006,1.0600009988830528,0.003819864385628658
2022-05-31,0.024352488069120003,0.8600008104145522,0.00309913525626476
2022-06-01,0.020388129546240003,0.7200006784866019,0.0025946248657100317
2022-06-02,0.018689118750720005,0.6600006219460518,0.0023784061269008627
2022-06-03,0.016706939489280002,0.5900005559820766,0.0021261509316234982
2022-06-04,0.016706939489280002,0.5900005559820766,0.0021261509316234982
2022-06-05,0.016706939489280002,0.5900005559820766,0.0021261509316234982
2022-06-06,0.01642377102336,0.5800005465586515,0.0020901144751553032
2022-06-07,0.015574265625600004,0.5500005182883765,0.001982005105750719
2022-06-08,0.014158423296000002,0.5000004711712513,0.0018018228234097443
2022-06-09,0.013308917898240001,0.4700004429009762,0.0016937134540051595
2022-06-10,0.012176244034560002,0.4300004052072761,0.00154956762813238
2022-06-11,0.010760401704960001,0.380000358090151,0.0013693853457914056
2022-06-12,0.0099108963072,0.3500003298198759,0.0012612759763868209
2022-06-13,0.007928717045760002,0.28000026385590077,0.0010090207811094569
2022-06-14,0.009344559375360002,0.3300003109730259,0.0011892030634504313
2022-06-15,0.009344559375360002,0.3300003109730259,0.0011892030634504313
2022-06-16,0.009627727841280001,0.3400003203964509,0.001225239519918626
2022-06-17,0.008495053977600002,0.3000002827027508,0.0010810936940458466
2022-06-18,0.009627727841280001,0.3400003203964509,0.001225239519918626
2022-06-19,0.011609907102720002,0.4100003863604261,0.0014774947151959903
2022-06-20,0.011043570170880002,0.39000036751357603,0.0014054218022596006
2022-06-21,0.010194064773120001,0.36000033924330094,0.0012973124328550158
2022-06-22,0.009344559375360002,0.3300003109730259,0.0011892030634504313
2022-06-23,0.009627727841280001,0.3400003203964509,0.001225239519918626
2022-06-24,0.016706939489280002,0.5900005559820766,0.0021261509316234982
2022-06-25,0.013875254830080001,0.49000046174782624,0.0017657863669415493
2022-06-26,0.011043570170880002,0.39000036751357603,0.0014054218022596006
2022-06-27,0.009061390909440002,0.32000030154960085,0.0011531666069822363
2022-06-28,0.00821188551168,0.29000027327932576,0.0010450572375776516
2022-06-29,0.007362380113920001,0.26000024500905067,0.000936947868173067
2022-06-30,0.010477233239040002,0.370000348666726,0.0013333488893232108
2022-07-01,0.013592086364160002,0.48000045232440125,0.0017297499104733545
2022-07-02,0.24239220682752005,8.560008066451823,0.030847206736774824
2022-07-03,0.14271690682368002,5.040004749406213,0.01816237405997022
2022-07-04,0.01642377102336,0.5800005465586515,0.0020901144751553032
2022-07-05,0.030015857387520006,1.0600009988830528,0.003819864385628658
2022-07-06,0.1302574943232,4.6000043347755115,0.016576769975369644
2022-07-07,0.015857434091520003,0.5600005277118015,0.0020180415622189137
2022-07-08,0.011893075568640001,0.42000039578385107,0.001513531171664185
2022-07-09,0.009627727841280001,0.3400003203964509,0.001225239519918626
2022-07-10,0.009061390909440002,0.32000030154960085,0.0011531666069822363
2022-07-11,0.00877822244352,0.3100002921261758,0.0011171301505140414
2022-07-12,0.007645548579840002,0.2700002544324757,0.0009729843246412621
2022-07-13,0.006796043182080001,0.24000022616220062,0.0008648749552366773
2022-07-14,0.007645548579840002,0.2700002544324757,0.0009729843246412621
2022-07-15,0.008495053977600002,0.3000002827027508,0.0010810936940458466
2022-07-16,0.009061390909440002,0.32000030154960085,0.0011531666069822363
2022-07-17,0.007645548579840002,0.2700002544324757,0.0009729843246412621
2022-07-18,0.0059465377843200004,0.21000019789192553,0.0007567655858320925
2022-07-19,0.0059465377843200004,0.21000019789192553,0.0007567655858320925
2022-07-20,0.006796043182080001,0.24000022616220062,0.0008648749552366773
2022-07-21,0.006796043182080001,0.24000022616220062,0.0008648749552366773
2022-07-22,0.006229706250240001,0.22000020731535058,0.0007928020423002875
2022-07-23,0.0059465377843200004,0.21000019789192553,0.0007567655858320925
2022-07-24,0.007928717045760002,0.28000026385590077,0.0010090207811094569
2022-07-25,0.010194064773120001,0.36000033924330094,0.0012973124328550158
2022-07-26,0.008495053977600002,0.3000002827027508,0.0010810936940458466
2022-07-27,0.006796043182080001,0.24000022616220062,0.0008648749552366773
2022-07-28,0.006229706250240001,0.22000020731535058,0.0007928020423002875
2022-07-29,0.006512874716160001,0.2300002167387756,0.0008288384987684824
2022-07-30,0.006229706250240001,0.22000020731535058,0.0007928020423002875
2022-07-31,0.0059465377843200004,0.21000019789192553,0.0007567655858320925
2022-08-01,0.006512874716160001,0.2300002167387756,0.0008288384987684824
2022-08-02,0.008495053977600002,0.3000002827027508,0.0010810936940458466
2022-08-03,0.00821188551168,0.29000027327932576,0.0010450572375776516
2022-08-04,0.006796043182080001,0.24000022616220062,0.0008648749552366773
2022-08-05,0.006229706250240001,0.22000020731535058,0.0007928020423002875
2022-08-06,0.0059465377843200004,0.21000019789192553,0.0007567655858320925
2022-08-07,0.0053802008524800006,0.1900001790450755,0.0006846926728957028
2022-08-08,0.0053802008524800006,0.1900001790450755,0.0006846926728957028
2022-08-09,0.005097032386560001,0.18000016962165047,0.0006486562164275079
2022-08-10,0.004813863920640001,0.17000016019822545,0.000612619759959313
2022-08-11,0.0059465377843200004,0.21000019789192553,0.0007567655858320925
2022-08-12,0.004813863920640001,0.17000016019822545,0.000612619759959313
2022-08-13,0.004813863920640001,0.17000016019822545,0.000612619759959313
2022-08-14,0.007362380113920001,0.26000024500905067,0.000936947868173067
2022-08-15,0.009344559375360002,0.3300003109730259,0.0011892030634504313
2022-08-16,0.009344559375360002,0.3300003109730259,0.0011892030634504313
2022-08-17,0.007362380113920001,0.26000024500905067,0.000936947868173067
2022-08-18,0.006512874716160001,0.2300002167387756,0.0008288384987684824
2022-08-19,0.006512874716160001,0.2300002167387756,0.0008288384987684824
2022-08-20,0.21492486563328003,7.590007152379595,0.027351670459359916
2022-08-21,0.16027335171072002,5.660005333658565,0.020396634360998304
2022-08-22,0.01727327642112,0.6100005748289266,0.0021982238445598878
2022-08-23,0.011326738636800003,0.4000003769370011,0.0014414582587277955
2022-08-24,0.008495053977600002,0.3000002827027508,0.0010810936940458466
2022-08-25,0.007645548579840002,0.2700002544324757,0.0009729843246412621
2022-08-26,0.007362380113920001,0.26000024500905067,0.000936947868173067
2022-08-27,0.00821188551168,0.29000027327932576,0.0010450572375776516
2022-08-28,0.007079211648000001,0.2500002355856257,0.0009009114117048721
2022-08-29,0.0059465377843200004,0.21000019789192553,0.0007567655858320925
2022-08-30,0.005663369318400001,0.20000018846850054,0.0007207291293638978
2022-08-31,0.005663369318400001,0.20000018846850054,0.0007207291293638978
2022-09-01,0.005663369318400001,0.20000018846850054,0.0007207291293638978
2022-09-02,0.005663369318400001,0.20000018846850054,0.0007207291293638978
2022-09-03,0.0059465377843200004,0.21000019789192553,0.0007567655858320925
2022-09-04,0.0053802008524800006,0.1900001790450755,0.0006846926728957028
2022-09-05,0.004530695454720001,0.16000015077480043,0.0005765833034911182
2022-09-06,0.004813863920640001,0.17000016019822545,0.000612619759959313
2022-09-07,0.004813863920640001,0.17000016019822545,0.000612619759959313
2022-09-08,0.004247526988800001,0.1500001413513754,0.0005405468470229233
2022-09-09,0.004813863920640001,0.17000016019822545,0.000612619759959313
2022-09-10,0.004530695454720001,0.16000015077480043,0.0005765833034911182
2022-09-11,0.0053802008524800006,0.1900001790450755,0.0006846926728957028
2022-09-12,0.0059465377843200004,0.21000019789192553,0.0007567655858320925
2022-09-13,0.006229706250240001,0.22000020731535058,0.0007928020423002875
2022-09-14,0.009061390909440002,0.32000030154960085,0.0011531666069822363
2022-09-15,0.009344559375360002,0.3300003109730259,0.0011892030634504313
2022-09-16,0.012176244034560002,0.4300004052072761,0.00154956762813238
2022-09-17,0.013592086364160002,0.48000045232440125,0.0017297499104733545
2022-09-18,0.010760401704960001,0.380000358090151,0.0013693853457914056
2022-09-19,0.00877822244352,0.3100002921261758,0.0011171301505140414
2022-09-20,0.00821188551168,0.29000027327932576,0.0010450572375776516
2022-09-21,0.011043570170880002,0.39000036751357603,0.0014054218022596006
2022-09-22,0.014441591761920003,0.5100004805946764,0.0018378592798779392
2022-09-23,0.012742580966400002,0.45000042405412616,0.0016216405410687698
2022-09-24,0.010760401704960001,0.380000358090151,0.0013693853457914056
2022-09-25,0.011326738636800003,0.4000003769370011,0.0014414582587277955
2022-09-26,0.011043570170880002,0.39000036751357603,0.0014054218022596006
2022-09-27,0.011326738636800003,0.4000003769370011,0.0014414582587277955
2022-09-28,0.011326738636800003,0.4000003769370011,0.0014414582587277955
2022-09-29,0.012459412500480002,0.44000041463070116,0.001585604084600575
2022-09-30,0.01614060255744,0.5700005371352265,0.0020540780186871083
2022-10-01,0.022936645739520006,0.8100007632974272,0.002918952973923786
2022-10-02,0.01953862414848,0.6900006502163267,0.0024865154963054467
2022-10-03,0.01614060255744,0.5700005371352265,0.0020540780186871083
2022-10-04,0.01642377102336,0.5800005465586515,0.0020901144751553032
2022-10-05,0.016706939489280002,0.5900005559820766,0.0021261509316234982
2022-10-06,0.01642377102336,0.5800005465586515,0.0020901144751553032
2022-10-07,0.01642377102336,0.5800005465586515,0.0020901144751553032
2022-10-08,0.016990107955200003,0.6000005654055016,0.002162187388091693
2022-10-09,0.01614060255744,0.5700005371352265,0.0020540780186871083
2022-10-10,0.016706939489280002,0.5900005559820766,0.0021261509316234982
2022-10-11,0.01642377102336,0.5800005465586515,0.0020901144751553032
2022-10-12,0.016706939489280002,0.5900005559820766,0.0021261509316234982
2022-10-13,0.016990107955200003,0.6000005654055016,0.002162187388091693
2022-10-14,0.01727327642112,0.6100005748289266,0.0021982238445598878
2022-10-15,0.01727327642112,0.6100005748289266,0.0021982238445598878
2022-10-16,0.01727327642112,0.6100005748289266,0.0021982238445598878
2022-10-17,0.01727327642112,0.6100005748289266,0.0021982238445598878
2022-10-18,0.01755644488704,0.6200005842523516,0.0022342603010280827
2022-10-19,0.017839613352960002,0.6300005936757767,0.0022702967574962777
2022-10-20,0.017839613352960002,0.6300005936757767,0.0022702967574962777
2022-10-21,0.017839613352960002,0.6300005936757767,0.0022702967574962777
2022-10-22,0.01755644488704,0.6200005842523516,0.0022342603010280827
2022-10-23,0.042192101422080006,1.4900014040903289,0.005369432013761038
2022-10-24,0.027467341194240002,0.9700009140722274,0.003495536277414904
2022-10-25,0.023219814205440004,0.8200007727208521,0.0029549894303919806
2022-10-26,0.024069319603200003,0.8500008009911272,0.003063098799796565
2022-10-27,0.026617835796480003,0.9400008858019524,0.003387426908010319
2022-10-28,0.022370308807680005,0.7900007444505771,0.002846880060987396
2022-10-29,0.021520803409920002,0.760000716180302,0.002738770691582811
2022-10-30,0.021237634944,0.7500007067568769,0.002702734235114616
2022-10-31,0.021237634944,0.7500007067568769,0.002702734235114616
2022-11-01,0.021520803409920002,0.760000716180302,0.002738770691582811
2022-11-02,0.021237634944,0.7500007067568769,0.002702734235114616
2022-11-03,0.03228120511488,1.140001074270453,0.0041081560373742165
2022-11-04,0.026051498864640005,0.9200008669551024,0.0033153539950739296
2022-11-05,0.025768330398720004,0.9100008575316774,0.003279317538605734
2022-11-06,0.031998036648960004,1.130001064847028,0.004072119580906022
2022-11-07,0.026051498864640005,0.9200008669551024,0.0033153539950739296
2022-11-08,0.023786151137280002,0.8400007915677021,0.00302706234332837
2022-11-09,0.02350298267136,0.8300007821442771,0.002991025886860175
2022-11-10,0.02350298267136,0.8300007821442771,0.002991025886860175
2022-11-11,0.023219814205440004,0.8200007727208521,0.0029549894303919806
2022-11-12,0.02350298267136,0.8300007821442771,0.002991025886860175
2022-11-13,0.022370308807680005,0.7900007444505771,0.002846880060987396
2022-11-14,0.023786151137280002,0.8400007915677021,0.00302706234332837
2022-11-15,0.024352488069120003,0.8600008104145522,0.00309913525626476
2022-11-16,0.022653477273600005,0.8000007538740022,0.002882916517455591
2022-11-17,0.023786151137280002,0.8400007915677021,0.00302706234332837
2022-11-18,0.022653477273600005,0.8000007538740022,0.002882916517455591
2022-11-19,0.021520803409920002,0.760000716180302,0.002738770691582811
2022-11-20,0.020954466478080004,0.740000697333452,0.0026666977786464216
2022-11-21,0.02010496108032,0.7100006690631768,0.0025585884092418367
2022-11-22,0.018972287216640005,0.6700006313694769,0.0024144425833690576
2022-11-23,0.019255455682560003,0.6800006407929018,0.002450479039837252
2022-11-24,0.020671298012160003,0.7300006879100269,0.0026306613221782267
2022-11-25,0.021520803409920002,0.760000716180302,0.002738770691582811
2022-11-26,0.02010496108032,0.7100006690631768,0.0025585884092418367
2022-11-27,0.02010496108032,0.7100006690631768,0.0025585884092418367
2022-11-28,0.021803971875840003,0.770000725603727,0.002774807148051006
2022-11-29,0.021520803409920002,0.760000716180302,0.002738770691582811
2022-11-30,0.021237634944,0.7500007067568769,0.002702734235114616
2022-12-01,0.020388129546240003,0.7200006784866019,0.0025946248657100317
2022-12-02,0.020388129546240003,0.7200006784866019,0.0025946248657100317
2022-12-03,0.019255455682560003,0.6800006407929018,0.002450479039837252
2022-12-04,0.0198217926144,0.7000006596397518,0.0025225519527736417
2022-12-05,0.020671298012160003,0.7300006879100269,0.0026306613221782267
2022-12-06,0.020954466478080004,0.740000697333452,0.0026666977786464216
2022-12-07,0.0198217926144,0.7000006596397518,0.0025225519527736417
2022-12-08,0.019255455682560003,0.6800006407929018,0.002450479039837252
2022-12-09,0.018972287216640005,0.6700006313694769,0.0024144425833690576
2022-12-10,0.016706939489280002,0.5900005559820766,0.0021261509316234982
2022-12-11,0.01642377102336,0.5800005465586515,0.0020901144751553032
2022-12-12,0.01614060255744,0.5700005371352265,0.0020540780186871083
2022-12-13,0.00821188551168,0.29000027327932576,0.0010450572375776516
2022-12-14,0.003964358522880001,0.14000013192795038,0.0005045103905547284
2022-12-15,0.0036811900569600005,0.13000012250452533,0.0004684739340865335
2022-12-16,0.003964358522880001,0.14000013192795038,0.0005045103905547284
2022-12-17,0.004247526988800001,0.1500001413513754,0.0005405468470229233
2022-12-18,0.0031148531251200006,0.11000010365767529,0.00039640102115014376
2022-12-19,0.0028316846592000007,0.10000009423425027,0.0003603645646819489
2022-12-20,0.0028316846592000007,0.10000009423425027,0.0003603645646819489
2022-12-21,0.0028316846592000007,0.10000009423425027,0.0003603645646819489
2022-12-22,0.0028316846592000007,0.10000009423425027,0.0003603645646819489
2022-12-23,0.0028316846592000007,0.10000009423425027,0.0003603645646819489
2022-12-24,0.0028316846592000007,0.10000009423425027,0.0003603645646819489
2022-12-25,0.0028316846592000007,0.10000009423425027,0.0003603645646819489
2022-12-26,0.0025485161932800003,0.09000008481082523,0.00032432810821375396
2022-12-27,0.0028316846592000007,0.10000009423425027,0.0003603645646819489
2022-12-28,0.006796043182080001,0.24000022616220062,0.0008648749552366773
2022-12-29,0.011609907102720002,0.4100003863604261,0.0014774947151959903
2022-12-30,0.014158423296000002,0.5000004711712513,0.0018018228234097443
2022-12-31,0.01614060255744,0.5700005371352265,0.0020540780186871083
2023-01-01,0.01755644488704,0.6200005842523516,0.0022342603010280827
2023-01-02,0.018689118750720005,0.6600006219460518,0.0023784061269008627
2023-01-03,0.018972287216640005,0.6700006313694769,0.0024144425833690576
2023-01-04,0.018122781818880003,0.6400006030992017,0.0023063332139644727
2023-01-05,0.018122781818880003,0.6400006030992017,0.0023063332139644727
2023-01-06,0.02010496108032,0.7100006690631768,0.0025585884092418367
2023-01-07,0.0198217926144,0.7000006596397518,0.0025225519527736417
2023-01-08,0.017839613352960002,0.6300005936757767,0.0022702967574962777
2023-01-09,0.017839613352960002,0.6300005936757767,0.0022702967574962777
2023-01-10,0.018972287216640005,0.6700006313694769,0.0024144425833690576
2023-01-11,0.021237634944,0.7500007067568769,0.002702734235114616
2023-01-12,0.023786151137280002,0.8400007915677021,0.00302706234332837
2023-01-13,0.022936645739520006,0.8100007632974272,0.002918952973923786
2023-01-14,0.022936645739520006,0.8100007632974272,0.002918952973923786
2023-01-15,0.023219814205440004,0.8200007727208521,0.0029549894303919806
2023-01-16,0.022370308807680005,0.7900007444505771,0.002846880060987396
2023-01-17,0.022087140341760004,0.7800007350271521,0.002810843604519201
2023-01-18,0.022087140341760004,0.7800007350271521,0.002810843604519201
2023-01-19,0.02010496108032,0.7100006690631768,0.0025585884092418367
2023-01-20,0.021803971875840003,0.770000725603727,0.002774807148051006
2023-01-21,0.021520803409920002,0.760000716180302,0.002738770691582811
2023-01-22,0.020954466478080004,0.740000697333452,0.0026666977786464216
2023-01-23,0.021803971875840003,0.770000725603727,0.002774807148051006
2023-01-24,0.020671298012160003,0.7300006879100269,0.0026306613221782267
2023-01-25,0.021520803409920002,0.760000716180302,0.002738770691582811
2023-01-26,0.020388129546240003,0.7200006784866019,0.0025946248657100317
2023-01-27,0.021803971875840003,0.770000725603727,0.002774807148051006
2023-01-28,0.024069319603200003,0.8500008009911272,0.003063098799796565
2023-01-29,0.024069319603200003,0.8500008009911272,0.003063098799796565
2023-01-30,0.022087140341760004,0.7800007350271521,0.002810843604519201
2023-01-31,0.020671298012160003,0.7300006879100269,0.0026306613221782267
2023-02-01,0.02010496108032,0.7100006690631768,0.0025585884092418367
2023-02-02,0.021237634944,0.7500007067568769,0.002702734235114616
2023-02-03,0.020671298012160003,0.7300006879100269,0.0026306613221782267
2023-02-04,0.02010496108032,0.7100006690631768,0.0025585884092418367
2023-02-05,0.020954466478080004,0.740000697333452,0.0026666977786464216
2023-02-06,0.021803971875840003,0.770000725603727,0.002774807148051006
2023-02-07,0.021803971875840003,0.770000725603727,0.002774807148051006
2023-02-08,0.02010496108032,0.7100006690631768,0.0025585884092418367
2023-02-09,0.018972287216640005,0.6700006313694769,0.0024144425833690576
2023-02-10,0.017839613352960002,0.6300005936757767,0.0022702967574962777
2023-02-11,0.016990107955200003,0.6000005654055016,0.002162187388091693
2023-02-12,0.015007928693760003,0.5300004994415264,0.001909932192814329
2023-02-13,0.013025749432320002,0.4600004334775512,0.0016576769975369648
2023-02-14,0.012176244034560002,0.4300004052072761,0.00154956762813238
2023-02-15,0.011043570170880002,0.39000036751357603,0.0014054218022596006
2023-02-16,0.0053802008524800006,0.1900001790450755,0.0006846926728957028
2023-02-17,0.0025485161932800003,0.09000008481082523,0.00032432810821375396
2023-02-18,0.0025485161932800003,0.09000008481082523,0.00032432810821375396
2023-02-19,0.0022653477273600004,0.08000007538740021,0.0002882916517455591
2023-02-20,0.0022653477273600004,0.08000007538740021,0.0002882916517455591
2023-02-21,0.0025485161932800003,0.09000008481082523,0.00032432810821375396
2023-02-22,0.0022653477273600004,0.08000007538740021,0.0002882916517455591
2023-02-23,0.0022653477273600004,0.08000007538740021,0.0002882916517455591
2023-02-24,0.0022653477273600004,0.08000007538740021,0.0002882916517455591
2023-02-25,0.0022653477273600004,0.08000007538740021,0.0002882916517455591
2023-02-26,0.0022653477273600004,0.08000007538740021,0.0002882916517455591
2023-02-27,0.0022653477273600004,0.08000007538740021,0.0002882916517455591
2023-02-28,0.0022653477273600004,0.08000007538740021,0.0002882916517455591
2023-03-01,0.004247526988800001,0.1500001413513754,0.0005405468470229233
2023-03-02,0.006796043182080001,0.24000022616220062,0.0008648749552366773
2023-03-03,0.011326738636800003,0.4000003769370011,0.0014414582587277955
2023-03-04,0.018972287216640005,0.6700006313694769,0.0024144425833690576
2023-03-05,0.024069319603200003,0.8500008009911272,0.003063098799796565
2023-03-06,0.022370308807680005,0.7900007444505771,0.002846880060987396
2023-03-07,0.024352488069120003,0.8600008104145522,0.00309913525626476
2023-03-08,0.02350298267136,0.8300007821442771,0.002991025886860175
2023-03-09,0.023219814205440004,0.8200007727208521,0.0029549894303919806
2023-03-10,0.028883183523840006,1.0200009611893528,0.0036757185597558785
2023-03-11,0.040776259092480005,1.4400013569732037,0.005189249731420063
2023-03-12,0.05068715539968001,1.7900016867930797,0.0064505257078068855
2023-03-13,0.08778222443520002,3.1000029212617584,0.011171301505140415
2023-03-14,0.5606735625216,19.80001865838155,0.07135218380702588
2023-03-15,3.5112889774080007,124.00011685047033,0.44685206020561663
2023-03-16,2.2993279432704004,81.20007651821122,0.29261602652174246
2023-03-17,0.49837650001920014,17.600016585228047,0.06342416338402301
2023-03-18,0.15687533011968002,5.540005220577465,0.019964196883379966
2023-03-19,0.10420599545856002,3.6800034678204097,0.013261415980295718
2023-03-20,0.18122781818880004,6.400006030992017,0.02306333213964473
2023-03-21,0.22313675114496004,7.8800074256589205,0.02839672769693757
2023-03-22,0.29449520455680006,10.400009800362028,0.03747791472692268
2023-03-23,0.36811900569600003,13.000012250452533,0.04684739340865335
2023-03-24,0.16027335171072002,5.660005333658565,0.020396634360998304
2023-03-25,0.07617231733248,2.690002534901332,0.009693806789944423
2023-03-26,0.05946537784320001,2.1000019789192557,0.007567655858320925
2023-03-27,0.05380200852480001,1.900001790450755,0.006846926728957029
2023-03-28,0.062013894036480006,2.1900020637300806,0.00789198396653468
2023-03-29,0.2888318352384,10.200009611893526,0.03675718559755878
2023-03-30,0.27269123268096007,9.630009074758302,0.034703107578871684
2023-03-31,0.15800800398336,5.580005258271164,0.020108342709252745
2023-04-01,0.35679226705920003,12.600011873515532,0.04540593514992555
2023-04-02,0.41342596024320005,14.600013758200538,0.05261322644356453
2023-04-03,0.4813863920640001,17.000016019822546,0.06126197599593131
2023-04-04,0.20671298012160003,7.300006879100269,0.026306613221782266
2023-04-05,0.08580004517376001,3.030002855297783,0.01091904630986305
2023-04-06,0.08891489829888001,3.140002958955458,0.011315447331013194
2023-04-07,0.10448916392448002,3.6900034772438346,0.013297452436763915
2023-04-08,0.13677036903936002,4.830004551514287,0.01740560847413813
2023-04-09,0.11808125028864001,4.170003929568236,0.015027202347237268
2023-04-10,0.10448916392448002,3.6900034772438346,0.013297452436763915
2023-04-11,0.09174658295808003,3.240003053189709,0.011675811895695144
2023-04-12,0.08098618125312002,2.8600026950995576,0.010306426549903738
2023-04-13,0.07475647500288002,2.640002487784207,0.00951362450760345
2023-04-14,0.09712678381056002,3.430003232234784,0.012360504568590846
2023-04-15,0.08296836051456001,2.9300027610635326,0.010558681745181101
2023-04-16,0.07419013807104001,2.620002468937357,0.00944155159466706
2023-04-17,0.07107528494592001,2.5100023652796817,0.009045150573516916
2023-04-18,0.07022577954816,2.4800023370094064,0.008937041204112331
2023-04-19,0.07362380113920002,2.600002450090507,0.00936947868173067
2023-04-20,0.0722079588096,2.5500024029733814,0.009189296399389695
2023-04-21,0.07730499119616001,2.730002572595032,0.009837952615817203
2023-04-22,0.08551687670784001,3.020002845874358,0.010883009853394856
2023-04-23,0.07815449659392,2.760002600865307,0.009946061985221787
2023-04-24,0.08240202358272002,2.9100027422166828,0.010486608832244712
2023-04-25,0.08806539290112,3.110002930685183,0.011207337961608608
2023-04-26,0.07815449659392,2.760002600865307,0.009946061985221787
2023-04-27,0.07645548579840002,2.7000025443247573,0.00972984324641262
2023-04-28,0.07702182273024001,2.720002563171607,0.009801916159349009
2023-04-29,0.07617231733248,2.690002534901332,0.009693806789944423
2023-04-30,0.07588914886656002,2.6800025254779074,0.00965777033347623
2023-05-01,0.07673865426432001,2.710002553748182,0.009765879702880814
2023-05-02,0.07673865426432001,2.710002553748182,0.009765879702880814
2023-05-03,0.07673865426432001,2.710002553748182,0.009765879702880814
2023-05-04,0.07645548579840002,2.7000025443247573,0.00972984324641262
2023-05-05,0.07673865426432001,2.710002553748182,0.009765879702880814
2023-05-06,0.07617231733248,2.690002534901332,0.009693806789944423
2023-05-07,0.0792871704576,2.800002638559007,0.010090207811094567
2023-05-08,0.07900400199168,2.790002629135582,0.010054171354626372
2023-05-09,0.07617231733248,2.690002534901332,0.009693806789944423
2023-05-10,0.07617231733248,2.690002534901332,0.009693806789944423
2023-05-11,0.07758815966208002,2.7400025820184575,0.0098739890722854
2023-05-12,0.07787132812800002,2.7500025914418824,0.009910025528753594
2023-05-13,0.07843766505984001,2.7700026102887323,0.009982098441689983
2023-05-14,0.08013667585536001,2.8300026668292824,0.010198317180499152
2023-05-15,0.07815449659392,2.760002600865307,0.009946061985221787
2023-05-16,0.07645548579840002,2.7000025443247573,0.00972984324641262
2023-05-17,0.07588914886656002,2.6800025254779074,0.00965777033347623
2023-05-18,0.0750396434688,2.6500024972076317,0.009549660964071643
2023-05-19,0.07447330653696001,2.630002478360782,0.009477588051135254
2023-05-20,0.07390696960512001,2.610002459513932,0.009405515138198865
2023-05-21,0.07362380113920002,2.600002450090507,0.00936947868173067
2023-05-22,0.07362380113920002,2.600002450090507,0.00936947868173067
2023-05-23,0.07532281193472001,2.660002506631057,0.00958569742053984
2023-05-24,0.07843766505984001,2.7700026102887323,0.009982098441689983
2023-05-25,0.07532281193472001,2.660002506631057,0.00958569742053984
2023-05-26,0.07305746420736,2.5800024312436567,0.00929740576879428
2023-05-27,0.07107528494592001,2.5100023652796817,0.009045150573516916
2023-05-28,0.0722079588096,2.5500024029733814,0.009189296399389695
2023-05-29,0.07164162187776,2.5300023841265316,0.009117223486453305
2023-05-30,0.06880993721856002,2.4300022898922817,0.008756858921771358
2023-05-31,0.06965944261632001,2.4600023181625565,0.008864968291175942
2023-06-01,0.07079211648000001,2.5000023558562567,0.009009114117048722
2023-06-02,0.07702182273024001,2.720002563171607,0.009801916159349009
2023-06-03,0.08664955057152002,3.060002883568058,0.011027155679267635
2023-06-04,0.07419013807104001,2.620002468937357,0.00944155159466706
2023-06-05,0.06880993721856002,2.4300022898922817,0.008756858921771358
2023-06-06,0.06767726335488002,2.3900022521985815,0.008612713095898578
2023-06-07,0.06796043182080001,2.4000022616220065,0.008648749552366773
2023-06-08,0.06824360028672001,2.4100022710454314,0.008684786008834967
2023-06-09,0.06654458949120001,2.3500022145048813,0.008468567270025798
2023-06-10,0.06399607329792001,2.260002129694056,0.008144239161812044
2023-06-11,0.06427924176384,2.270002139117481,0.008180275618280239
2023-06-12,0.06484557869568001,2.2900021579643313,0.00825234853121663
2023-06-13,0.06399607329792001,2.260002129694056,0.008144239161812044
2023-06-14,0.06371290483200001,2.250002120270631,0.00810820270534385
2023-06-15,0.06994261108224002,2.470002327585982,0.008901004747644138
2023-06-16,0.07673865426432001,2.710002553748182,0.009765879702880814
2023-06-17,0.06965944261632001,2.4600023181625565,0.008864968291175942
2023-06-18,0.06286339943424002,2.2200020920003563,0.008000093335939266
2023-06-19,0.05776636704768001,2.0400019223787056,0.007351437119511757
2023-06-20,0.05606735625216001,1.980001865838155,0.007135218380702588
2023-06-21,0.05578418778624001,1.9700018564147301,0.0070991819242343926
2023-06-22,0.05663369318400001,2.0000018846850054,0.007207291293638977
2023-06-23,0.055501019320320005,1.960001846991305,0.007063145467766197
2023-06-24,0.05436834545664001,1.920001809297605,0.006918999641893418
2023-06-25,0.054085176990720005,1.9100017998741798,0.006882963185425223
2023-06-26,0.05266933466112001,1.860001752757055,0.006702780903084249
2023-06-27,0.05125349233152001,1.8100017056399298,0.006522598620743275
2023-06-28,0.05181982926336001,1.83000172448678,0.006594671533679665
2023-06-29,0.05266933466112001,1.860001752757055,0.006702780903084249
2023-06-30,0.055501019320320005,1.960001846991305,0.007063145467766197
2023-07-01,0.054651513922560006,1.93000181872103,0.006955036098361613
2023-07-02,0.05380200852480001,1.900001790450755,0.006846926728957029
2023-07-03,0.054085176990720005,1.9100017998741798,0.006882963185425223
2023-07-04,0.052386166195200014,1.85000174333363,0.0066667444466160545
2023-07-05,0.053235671592960006,1.8800017716039048,0.006774853816020638
2023-07-06,0.05351884005888,1.8900017810273297,0.006810890272488832
2023-07-07,0.054651513922560006,1.93000181872103,0.006955036098361613
2023-07-08,0.055501019320320005,1.960001846991305,0.007063145467766197
2023-07-09,0.061730725570560016,2.180002054306656,0.007855947510066486
2023-07-10,0.061164388638720014,2.1600020354598057,0.007783874597130097
2023-07-11,0.05040398693376001,1.7800016773696548,0.00641448925133869
2023-07-12,0.04785547074048001,1.6900015925588294,0.006090161143124936
2023-07-13,0.047289133808640006,1.6700015737119793,0.006018088230188546
2023-07-14,0.04643962841088001,1.6400015454417043,0.005909978860783961
2023-07-15,0.046722796876800005,1.6500015548651292,0.005946015317252156
2023-07-16,0.04700596534272,1.6600015642885542,0.00598205177372035
2023-07-17,0.046722796876800005,1.6500015548651292,0.005946015317252156
2023-07-18,0.047572302274560004,1.6800015831354043,0.00605412468665674
2023-07-19,0.04927131307008001,1.7400016396759546,0.006270343425465909
2023-07-20,0.05153666079744001,1.8200017150633547,0.006558635077211468
2023-07-21,0.05068715539968001,1.7900016867930797,0.0064505257078068855
2023-07-22,0.04870497613824001,1.7200016208291045,0.00619827051252952
2023-07-23,0.046722796876800005,1.6500015548651292,0.005946015317252156
2023-07-24,0.047289133808640006,1.6700015737119793,0.006018088230188546
2023-07-25,0.04700596534272,1.6600015642885542,0.00598205177372035
2023-07-26,0.047289133808640006,1.6700015737119793,0.006018088230188546
2023-07-27,0.05068715539968001,1.7900016867930797,0.0064505257078068855
2023-07-28,0.05012081846784001,1.7700016679462296,0.006378452794870495
2023-07-29,0.049554481536000006,1.7500016490993795,0.006306379881934105
2023-07-30,0.050970323865600006,1.8000016962165046,0.006486562164275079
2023-07-31,0.052386166195200014,1.85000174333363,0.0066667444466160545
2023-08-01,0.054085176990720005,1.9100017998741798,0.006882963185425223
2023-08-02,0.05380200852480001,1.900001790450755,0.006846926728957029
2023-08-03,0.056916861649920006,2.0100018941084303,0.007243327750107172
2023-08-04,0.061730725570560016,2.180002054306656,0.007855947510066486
2023-08-05,0.056916861649920006,2.0100018941084303,0.007243327750107172
2023-08-06,0.054651513922560006,1.93000181872103,0.006955036098361613
2023-08-07,0.053235671592960006,1.8800017716039048,0.006774853816020638
2023-08-08,0.05351884005888,1.8900017810273297,0.006810890272488832
2023-08-09,0.054934682388480004,1.9400018281444549,0.006991072554829808
2023-08-10,0.05181982926336001,1.83000172448678,0.006594671533679665
2023-08-11,0.05125349233152001,1.8100017056399298,0.006522598620743275
2023-08-12,0.05295250312704001,1.8700017621804799,0.0067388173595524445
2023-08-13,0.05040398693376001,1.7800016773696548,0.00641448925133869
2023-08-14,0.05040398693376001,1.7800016773696548,0.00641448925133869
2023-08-15,0.05040398693376001,1.7800016773696548,0.00641448925133869
2023-08-16,0.05068715539968001,1.7900016867930797,0.0064505257078068855
2023-08-17,0.04983765000192001,1.7600016585228047,0.0063424163384023
2023-08-18,0.04983765000192001,1.7600016585228047,0.0063424163384023
2023-08-19,0.05266933466112001,1.860001752757055,0.006702780903084249
2023-08-20,0.04927131307008001,1.7400016396759546,0.006270343425465909
2023-08-21,0.04785547074048001,1.6900015925588294,0.006090161143124936
2023-08-22,0.047572302274560004,1.6800015831354043,0.00605412468665674
2023-08-23,0.05012081846784001,1.7700016679462296,0.006378452794870495
2023-08-24,0.054651513922560006,1.93000181872103,0.006955036098361613
2023-08-25,0.0608812201728,2.1500020260363804,0.0077478381406619
2023-08-26,0.05635052471808001,1.9900018752615802,0.007171254837170783
2023-08-27,0.05181982926336001,1.83000172448678,0.006594671533679665
2023-08-28,0.05040398693376001,1.7800016773696548,0.00641448925133869
2023-08-29,0.05040398693376001,1.7800016773696548,0.00641448925133869
2023-08-30,0.048988144604160004,1.7300016302525294,0.006234306968997714
2023-08-31,0.048988144604160004,1.7300016302525294,0.006234306968997714
2023-09-01,0.049554481536000006,1.7500016490993795,0.006306379881934105
2023-09-02,0.05068715539968001,1.7900016867930797,0.0064505257078068855
2023-09-03,0.05380200852480001,1.900001790450755,0.006846926728957029
2023-09-04,0.05521785085440001,1.95000183756788,0.0070271090112980035
2023-09-05,0.05606735625216001,1.980001865838155,0.007135218380702588
2023-09-06,0.054085176990720005,1.9100017998741798,0.006882963185425223
2023-09-07,0.05295250312704001,1.8700017621804799,0.0067388173595524445
2023-09-08,0.05266933466112001,1.860001752757055,0.006702780903084249
2023-09-09,0.052386166195200014,1.85000174333363,0.0066667444466160545
2023-09-10,0.05266933466112001,1.860001752757055,0.006702780903084249
2023-09-11,0.054085176990720005,1.9100017998741798,0.006882963185425223
2023-09-12,0.054085176990720005,1.9100017998741798,0.006882963185425223
2023-09-13,0.056916861649920006,2.0100018941084303,0.007243327750107172
2023-09-14,0.06059805170688001,2.140002016612956,0.007711801684193706
2023-09-15,0.05889904091136001,2.0800019600724053,0.007495582945384536
2023-09-16,0.05833270397952001,2.0600019412255555,0.007423510032448147
2023-09-17,0.05720003011584001,2.0200019035318553,0.007279364206575367
2023-09-18,0.058615872445440004,2.0700019506489804,0.007459546488916341
2023-09-19,0.05833270397952001,2.0600019412255555,0.007423510032448147
2023-09-20,0.054934682388480004,1.9400018281444549,0.006991072554829808
2023-09-21,0.05380200852480001,1.900001790450755,0.006846926728957029
2023-09-22,0.052386166195200014,1.85000174333363,0.0066667444466160545
2023-09-23,0.05351884005888,1.8900017810273297,0.006810890272488832
2023-09-24,0.05380200852480001,1.900001790450755,0.006846926728957029
2023-09-25,0.054085176990720005,1.9100017998741798,0.006882963185425223
2023-09-26,0.053235671592960006,1.8800017716039048,0.006774853816020638
2023-09-27,0.05351884005888,1.8900017810273297,0.006810890272488832
2023-09-28,0.05181982926336001,1.83000172448678,0.006594671533679665
2023-09-29,0.05125349233152001,1.8100017056399298,0.006522598620743275
2023-09-30,0.05012081846784001,1.7700016679462296,0.006378452794870495
2023-10-01,0.05210299772928001,1.8400017339102048,0.006630707990147859
2023-10-02,0.052386166195200014,1.85000174333363,0.0066667444466160545
2023-10-03,0.05210299772928001,1.8400017339102048,0.006630707990147859
2023-10-04,0.05068715539968001,1.7900016867930797,0.0064505257078068855
2023-10-05,0.04927131307008001,1.7400016396759546,0.006270343425465909
2023-10-06,0.04870497613824001,1.7200016208291045,0.00619827051252952
2023-10-07,0.05068715539968001,1.7900016867930797,0.0064505257078068855
2023-10-08,0.05040398693376001,1.7800016773696548,0.00641448925133869
2023-10-09,0.050970323865600006,1.8000016962165046,0.006486562164275079
2023-10-10,0.050970323865600006,1.8000016962165046,0.006486562164275079
2023-10-11,0.053235671592960006,1.8800017716039048,0.006774853816020638
2023-10-12,0.062013894036480006,2.1900020637300806,0.00789198396653468
2023-10-13,0.056916861649920006,2.0100018941084303,0.007243327750107172
2023-10-14,0.05521785085440001,1.95000183756788,0.0070271090112980035
2023-10-15,0.054651513922560006,1.93000181872103,0.006955036098361613
2023-10-16,0.054651513922560006,1.93000181872103,0.006955036098361613
2023-10-17,0.054085176990720005,1.9100017998741798,0.006882963185425223
2023-10-18,0.053235671592960006,1.8800017716039048,0.006774853816020638
2023-10-19,0.05295250312704001,1.8700017621804799,0.0067388173595524445
2023-10-20,0.05351884005888,1.8900017810273297,0.006810890272488832
2023-10-21,0.05436834545664001,1.920001809297605,0.006918999641893418
2023-10-22,0.05351884005888,1.8900017810273297,0.006810890272488832
2023-10-23,0.05380200852480001,1.900001790450755,0.006846926728957029
2023-10-24,0.05436834545664001,1.920001809297605,0.006918999641893418
2023-10-25,0.054934682388480004,1.9400018281444549,0.006991072554829808
2023-10-26,0.05521785085440001,1.95000183756788,0.0070271090112980035
2023-10-27,0.054934682388480004,1.9400018281444549,0.006991072554829808
2023-10-28,0.05663369318400001,2.0000018846850054,0.007207291293638977
2023-10-29,0.05635052471808001,1.9900018752615802,0.007171254837170783
2023-10-30,0.054934682388480004,1.9400018281444549,0.006991072554829808
2023-10-31,0.054651513922560006,1.93000181872103,0.006955036098361613
2023-11-01,0.05578418778624001,1.9700018564147301,0.0070991819242343926
2023-11-02,0.05606735625216001,1.980001865838155,0.007135218380702588
2023-11-03,0.05833270397952001,2.0600019412255555,0.007423510032448147
2023-11-04,0.05578418778624001,1.9700018564147301,0.0070991819242343926
2023-11-05,0.05578418778624001,1.9700018564147301,0.0070991819242343926
2023-11-06,0.054085176990720005,1.9100017998741798,0.006882963185425223
2023-11-07,0.05351884005888,1.8900017810273297,0.006810890272488832
2023-11-08,0.05380200852480001,1.900001790450755,0.006846926728957029
2023-11-09,0.05295250312704001,1.8700017621804799,0.0067388173595524445
2023-11-10,0.05266933466112001,1.860001752757055,0.006702780903084249
2023-11-11,0.054085176990720005,1.9100017998741798,0.006882963185425223
2023-11-12,0.05125349233152001,1.8100017056399298,0.006522598620743275
2023-11-13,0.052386166195200014,1.85000174333363,0.0066667444466160545
2023-11-14,0.05351884005888,1.8900017810273297,0.006810890272488832
2023-11-15,0.054085176990720005,1.9100017998741798,0.006882963185425223
2023-11-16,0.05663369318400001,2.0000018846850054,0.007207291293638977
2023-11-17,0.054934682388480004,1.9400018281444549,0.006991072554829808
2023-11-18,0.055501019320320005,1.960001846991305,0.007063145467766197
2023-11-19,0.055501019320320005,1.960001846991305,0.007063145467766197
2023-11-20,0.054085176990720005,1.9100017998741798,0.006882963185425223
2023-11-21,0.053235671592960006,1.8800017716039048,0.006774853816020638
2023-11-22,0.054085176990720005,1.9100017998741798,0.006882963185425223
2023-11-23,0.054651513922560006,1.93000181872103,0.006955036098361613
2023-11-24,0.05380200852480001,1.900001790450755,0.006846926728957029
2023-11-25,0.046722796876800005,1.6500015548651292,0.005946015317252156
2023-11-26,0.047289133808640006,1.6700015737119793,0.006018088230188546
2023-11-27,0.052386166195200014,1.85000174333363,0.0066667444466160545
2023-11-28,0.053235671592960006,1.8800017716039048,0.006774853816020638
2023-11-29,0.05606735625216001,1.980001865838155,0.007135218380702588
2023-11-30,0.05974854630912001,2.1100019883426806,0.0076036923147891206
2023-12-01,0.0608812201728,2.1500020260363804,0.0077478381406619
2023-12-02,0.061447557104640005,2.1700020448832307,0.00781991105359829
2023-12-03,0.06286339943424002,2.2200020920003563,0.008000093335939266
2023-12-04,0.06342973636608001,2.240002110847206,0.008072166248875655
2023-12-05,0.05946537784320001,2.1000019789192557,0.007567655858320925
2023-12-06,0.05578418778624001,1.9700018564147301,0.0070991819242343926
2023-12-07,0.05606735625216001,1.980001865838155,0.007135218380702588
2023-12-08,0.05748319858176,2.03000191295528,0.007315400663043561
2023-12-09,0.05012081846784001,1.7700016679462296,0.006378452794870495
2023-12-10,0.04417428068352001,1.5600014700543041,0.005621687209038402
2023-12-11,0.053235671592960006,1.8800017716039048,0.006774853816020638
2023-12-12,0.052386166195200014,1.85000174333363,0.0066667444466160545
2023-12-13,0.05436834545664001,1.920001809297605,0.006918999641893418
2023-12-14,0.05380200852480001,1.900001790450755,0.006846926728957029
2023-12-15,0.054085176990720005,1.9100017998741798,0.006882963185425223
2023-12-16,0.054651513922560006,1.93000181872103,0.006955036098361613
2023-12-17,0.054085176990720005,1.9100017998741798,0.006882963185425223
2023-12-18,0.05266933466112001,1.860001752757055,0.006702780903084249
2023-12-19,0.05436834545664001,1.920001809297605,0.006918999641893418
2023-12-20,0.05635052471808001,1.9900018752615802,0.007171254837170783
2023-12-21,0.05833270397952001,2.0600019412255555,0.007423510032448147
2023-12-22,0.05720003011584001,2.0200019035318553,0.007279364206575367
2023-12-23,0.059182209377280005,2.0900019694958303,0.00753161940185273
2023-12-24,0.05720003011584001,2.0200019035318553,0.007279364206575367
2023-12-25,0.05606735625216001,1.980001865838155,0.007135218380702588
2023-12-26,0.054651513922560006,1.93000181872103,0.006955036098361613
2023-12-27,0.054651513922560006,1.93000181872103,0.006955036098361613
2023-12-28,0.05521785085440001,1.95000183756788,0.0070271090112980035
2023-12-29,0.055501019320320005,1.960001846991305,0.007063145467766197
2023-12-30,0.05606735625216001,1.980001865838155,0.007135218380702588
2023-12-31,0.05266933466112001,1.860001752757055,0.006702780903084249
2024-01-01,0.05068715539968001,1.7900016867930797,0.0064505257078068855
2024-01-02,0.04870497613824001,1.7200016208291045,0.00619827051252952
2024-01-03,0.028033678126080003,0.9900009329190775,0.003567609190351294
2024-01-04,0.025768330398720004,0.9100008575316774,0.003279317538605734
2024-01-05,0.025768330398720004,0.9100008575316774,0.003279317538605734
2024-01-06,0.026051498864640005,0.9200008669551024,0.0033153539950739296
2024-01-07,0.024918825000960005,0.8800008292614023,0.00317120816920115
2024-01-08,0.026617835796480003,0.9400008858019524,0.003387426908010319
2024-01-09,0.03114853125120001,1.100001036576753,0.003964010211501438
2024-01-10,0.03822774289920001,1.3500012721623786,0.00486492162320631
2024-01-11,0.05068715539968001,1.7900016867930797,0.0064505257078068855
2024-01-12,0.05181982926336001,1.83000172448678,0.006594671533679665
2024-01-13,0.052386166195200014,1.85000174333363,0.0066667444466160545
2024-01-14,0.054085176990720005,1.9100017998741798,0.006882963185425223
2024-01-15,0.05351884005888,1.8900017810273297,0.006810890272488832
2024-01-16,0.05380200852480001,1.900001790450755,0.006846926728957029
2024-01-17,0.050970323865600006,1.8000016962165046,0.006486562164275079
2024-01-18,0.05181982926336001,1.83000172448678,0.006594671533679665
2024-01-19,0.05380200852480001,1.900001790450755,0.006846926728957029
2024-01-20,0.05436834545664001,1.920001809297605,0.006918999641893418
2024-01-21,0.05776636704768001,2.0400019223787056,0.007351437119511757
2024-01-22,0.056916861649920006,2.0100018941084303,0.007243327750107172
2024-01-23,0.0580495355136,2.05000193180213,0.0073874735759799515
2024-01-24,0.06031488324096001,2.1300020071895305,0.0076757652277255105
2024-01-25,0.05635052471808001,1.9900018752615802,0.007171254837170783
2024-01-26,0.05748319858176,2.03000191295528,0.007315400663043561
2024-01-27,0.05720003011584001,2.0200019035318553,0.007279364206575367
2024-01-28,0.05521785085440001,1.95000183756788,0.0070271090112980035
2024-01-29,0.05635052471808001,1.9900018752615802,0.007171254837170783
2024-01-30,0.055501019320320005,1.960001846991305,0.007063145467766197
2024-01-31,0.05720003011584001,2.0200019035318553,0.007279364206575367
2024-02-01,0.05663369318400001,2.0000018846850054,0.007207291293638977
2024-02-02,0.06541191562752001,2.310002176811181,0.008324421444153018
2024-02-03,0.06796043182080001,2.4000022616220065,0.008648749552366773
2024-02-04,0.061730725570560016,2.180002054306656,0.007855947510066486
2024-02-05,0.05436834545664001,1.920001809297605,0.006918999641893418
2024-02-06,0.05776636704768001,2.0400019223787056,0.007351437119511757
2024-02-07,0.06003171477504001,2.1200019977661055,0.007639728771257316
2024-02-08,0.05720003011584001,2.0200019035318553,0.007279364206575367
2024-02-09,0.055501019320320005,1.960001846991305,0.007063145467766197
2024-02-10,0.050970323865600006,1.8000016962165046,0.006486562164275079
2024-02-11,0.04785547074048001,1.6900015925588294,0.006090161143124936
2024-02-12,0.05040398693376001,1.7800016773696548,0.00641448925133869
2024-02-13,0.05153666079744001,1.8200017150633547,0.006558635077211468
2024-02-14,0.05295250312704001,1.8700017621804799,0.0067388173595524445
2024-02-15,0.05380200852480001,1.900001790450755,0.006846926728957029
2024-02-16,0.05266933466112001,1.860001752757055,0.006702780903084249
2024-02-17,0.05040398693376001,1.7800016773696548,0.00641448925133869
2024-02-18,0.05012081846784001,1.7700016679462296,0.006378452794870495
2024-02-19,0.05153666079744001,1.8200017150633547,0.006558635077211468
2024-02-20,0.054934682388480004,1.9400018281444549,0.006991072554829808
2024-02-21,0.05635052471808001,1.9900018752615802,0.007171254837170783
2024-02-22,0.05606735625216001,1.980001865838155,0.007135218380702588
2024-02-23,0.05380200852480001,1.900001790450755,0.006846926728957029
2024-02-24,0.05266933466112001,1.860001752757055,0.006702780903084249
2024-02-25,0.052386166195200014,1.85000174333363,0.0066667444466160545
2024-02-26,0.05295250312704001,1.8700017621804799,0.0067388173595524445
2024-02-27,0.05635052471808001,1.9900018752615802,0.007171254837170783
2024-02-28,0.05068715539968001,1.7900016867930797,0.0064505257078068855
2024-02-29,0.052386166195200014,1.85000174333363,0.0066667444466160545
2024-03-01,0.054934682388480004,1.9400018281444549,0.006991072554829808
2024-03-02,0.054085176990720005,1.9100017998741798,0.006882963185425223
2024-03-03,0.05380200852480001,1.900001790450755,0.006846926728957029
2024-03-04,0.05748319858176,2.03000191295528,0.007315400663043561
2024-03-05,0.05380200852480001,1.900001790450755,0.006846926728957029
2024-03-06,0.05889904091136001,2.0800019600724053,0.007495582945384536
2024-03-07,0.0651287471616,2.3000021673877558,0.008288384987684822
2024-03-08,0.06059805170688001,2.140002016612956,0.007711801684193706
2024-03-09,0.053235671592960006,1.8800017716039048,0.006774853816020638
2024-03-10,0.05266933466112001,1.860001752757055,0.006702780903084249
2024-03-11,0.052386166195200014,1.85000174333363,0.0066667444466160545
2024-03-12,0.054085176990720005,1.9100017998741798,0.006882963185425223
2024-03-13,0.06399607329792001,2.260002129694056,0.008144239161812044
2024-03-14,0.06031488324096001,2.1300020071895305,0.0076757652277255105
2024-03-15,0.056916861649920006,2.0100018941084303,0.007243327750107172
2024-03-16,0.05436834545664001,1.920001809297605,0.006918999641893418
2024-03-17,0.05295250312704001,1.8700017621804799,0.0067388173595524445
2024-03-18,0.05295250312704001,1.8700017621804799,0.0067388173595524445
2024-03-19,0.05210299772928001,1.8400017339102048,0.006630707990147859
2024-03-20,0.05181982926336001,1.83000172448678,0.006594671533679665
2024-03-21,0.052386166195200014,1.85000174333363,0.0066667444466160545
2024-03-22,0.054085176990720005,1.9100017998741798,0.006882963185425223
2024-03-23,0.05295250312704001,1.8700017621804799,0.0067388173595524445
2024-03-24,0.0821188551168,2.9000027327932574,0.010450572375776516
2024-03-25,0.07277429574144001,2.5700024218202318,0.009261369312326085
2024-03-26,0.07050894801408002,2.490002346432832,0.008973077660580527
2024-03-27,0.06342973636608001,2.240002110847206,0.008072166248875655
2024-03-28,0.058615872445440004,2.0700019506489804,0.007459546488916341
2024-03-29,0.09259608835584002,3.2700030814599836,0.011783921265099728
2024-03-30,0.08268519204864001,2.9200027516401077,0.010522645288712907
2024-03-31,0.07475647500288002,2.640002487784207,0.00951362450760345
2024-04-01,0.06965944261632001,2.4600023181625565,0.008864968291175942
2024-04-02,0.06654458949120001,2.3500022145048813,0.008468567270025798
2024-04-03,0.06371290483200001,2.250002120270631,0.00810820270534385
2024-04-04,0.061730725570560016,2.180002054306656,0.007855947510066486
2024-04-05,0.05946537784320001,2.1000019789192557,0.007567655858320925
2024-04-06,0.05974854630912001,2.1100019883426806,0.0076036923147891206
2024-04-07,0.061447557104640005,2.1700020448832307,0.00781991105359829
2024-04-08,0.06003171477504001,2.1200019977661055,0.007639728771257316
2024-04-09,0.06003171477504001,2.1200019977661055,0.007639728771257316
2024-04-10,0.05974854630912001,2.1100019883426806,0.0076036923147891206
2024-04-11,0.058615872445440004,2.0700019506489804,0.007459546488916341
2024-04-12,0.05833270397952001,2.0600019412255555,0.007423510032448147
2024-04-13,0.05776636704768001,2.0400019223787056,0.007351437119511757
2024-04-14,0.056916861649920006,2.0100018941084303,0.007243327750107172
2024-04-15,0.0580495355136,2.05000193180213,0.0073874735759799515
2024-04-16,0.058615872445440004,2.0700019506489804,0.007459546488916341
2024-04-17,0.05720003011584001,2.0200019035318553,0.007279364206575367
2024-04-18,0.055501019320320005,1.960001846991305,0.007063145467766197
2024-04-19,0.05635052471808001,1.9900018752615802,0.007171254837170783
2024-04-20,0.055501019320320005,1.960001846991305,0.007063145467766197
2024-04-21,0.05521785085440001,1.95000183756788,0.0070271090112980035
2024-04-22,0.054934682388480004,1.9400018281444549,0.006991072554829808
2024-04-23,0.055501019320320005,1.960001846991305,0.007063145467766197
2024-04-24,0.05578418778624001,1.9700018564147301,0.0070991819242343926
2024-04-25,0.05578418778624001,1.9700018564147301,0.0070991819242343926
2024-04-26,0.05946537784320001,2.1000019789192557,0.007567655858320925
2024-04-27,0.06484557869568001,2.2900021579643313,0.00825234853121663
2024-04-28,0.061164388638720014,2.1600020354598057,0.007783874597130097
2024-04-29,0.058615872445440004,2.0700019506489804,0.007459546488916341
2024-04-30,0.05974854630912001,2.1100019883426806,0.0076036923147891206
2024-05-01,0.05776636704768001,2.0400019223787056,0.007351437119511757
2024-05-02,0.05663369318400001,2.0000018846850054,0.007207291293638977
2024-05-03,0.058615872445440004,2.0700019506489804,0.007459546488916341
2024-05-04,0.0580495355136,2.05000193180213,0.0073874735759799515
2024-05-05,0.05720003011584001,2.0200019035318553,0.007279364206575367
2024-05-06,0.06937627415040001,2.4500023087391316,0.008828931834707747
2024-05-07,0.06399607329792001,2.260002129694056,0.008144239161812044
2024-05-08,0.05889904091136001,2.0800019600724053,0.007495582945384536
2024-05-09,0.05946537784320001,2.1000019789192557,0.007567655858320925
2024-05-10,0.05833270397952001,2.0600019412255555,0.007423510032448147
2024-05-11,0.05748319858176,2.03000191295528,0.007315400663043561
2024-05-12,0.05606735625216001,1.980001865838155,0.007135218380702588
2024-05-13,0.05351884005888,1.8900017810273297,0.006810890272488832
2024-05-14,0.050970323865600006,1.8000016962165046,0.006486562164275079
2024-05-15,0.04927131307008001,1.7400016396759546,0.006270343425465909
2024-05-16,0.04785547074048001,1.6900015925588294,0.006090161143124936
2024-05-17,0.04615645994496,1.6300015360182791,0.005873942404315766
2024-05-18,0.04559012301312001,1.6100015171714293,0.005801869491379377
2024-05-19,0.04700596534272,1.6600015642885542,0.00598205177372035
2024-05-20,0.047572302274560004,1.6800015831354043,0.00605412468665674
2024-05-21,0.048138639206400005,1.7000016019822544,0.00612619759959313
2024-05-22,0.04474061761536001,1.5800014889011542,0.005693760121974792
2024-05-23,0.042192101422080006,1.4900014040903289,0.005369432013761038
2024-05-24,0.04275843835392001,1.510001422937179,0.005441504926697428
2024-05-25,0.04785547074048001,1.6900015925588294,0.006090161143124936
2024-05-26,0.047289133808640006,1.6700015737119793,0.006018088230188546
2024-05-27,0.041625764490240004,1.4700013852434788,0.005297359100824648
2024-05-28,0.039360416762880004,1.3900013098560786,0.005009067449079089
2024-05-29,0.03907724829696,1.3800013004326535,0.0049730309926108935
2024-05-30,0.03794457443328001,1.3400012627389537,0.004828885166738115
2024-05-31,0.036245563637760006,1.2800012061984034,0.004612666427928945
2024-06-01,0.03652873210368,1.2900012156218283,0.00464870288439714
2024-06-02,0.036245563637760006,1.2800012061984034,0.004612666427928945
2024-06-03,0.036245563637760006,1.2800012061984034,0.004612666427928945
2024-06-04,0.037095069035520005,1.3100012344686784,0.00472077579733353
2024-06-05,0.033980215910400006,1.2000011308110032,0.004324374776183386
2024-06-06,0.03228120511488,1.140001074270453,0.0041081560373742165
2024-06-07,0.03143169971712001,1.1100010460001781,0.004000046667969633
2024-06-08,0.03171486818304001,1.120001055423603,0.0040360831244378274
2024-06-09,0.030299025853440006,1.070001008306478,0.003855900842096853
2024-06-10,0.028883183523840006,1.0200009611893528,0.0036757185597558785
2024-06-11,0.028316846592000004,1.0000009423425027,0.0036036456468194885
2024-06-12,0.028033678126080003,0.9900009329190775,0.003567609190351294
2024-06-13,0.028033678126080003,0.9900009329190775,0.003567609190351294
2024-06-14,0.028883183523840006,1.0200009611893528,0.0036757185597558785
2024-06-15,0.033980215910400006,1.2000011308110032,0.004324374776183386
2024-06-16,0.031998036648960004,1.130001064847028,0.004072119580906022
2024-06-17,0.028600015057920005,1.0100009517659276,0.0036396821032876835
2024-06-18,0.027467341194240002,0.9700009140722274,0.003495536277414904
2024-06-19,0.029449520455680004,1.0400009800362027,0.003747791472692268
2024-06-20,0.030299025853440006,1.070001008306478,0.003855900842096853
2024-06-21,0.034263384376320004,1.2100011402344282,0.004360411232651581
2024-06-22,0.034263384376320004,1.2100011402344282,0.004360411232651581
2024-06-23,0.03143169971712001,1.1100010460001781,0.004000046667969633
2024-06-24,0.029166351989760007,1.0300009706127777,0.0037117550162240735
2024-06-25,0.030015857387520006,1.0600009988830528,0.003819864385628658
2024-06-26,0.03171486818304001,1.120001055423603,0.0040360831244378274
2024-06-27,0.03907724829696,1.3800013004326535,0.0049730309926108935
2024-06-28,0.0396435852288,1.4000013192795036,0.005045103905547283
2024-06-29,0.03766140596736001,1.3300012533155285,0.00479284871026992
2024-06-30,0.03766140596736001,1.3300012533155285,0.00479284871026992
2024-07-01,0.042475269888,1.5000014135137538,0.005405468470229232
2024-07-02,0.036245563637760006,1.2800012061984034,0.004612666427928945
2024-07-03,0.031998036648960004,1.130001064847028,0.004072119580906022
2024-07-04,0.031998036648960004,1.130001064847028,0.004072119580906022
2024-07-05,0.03171486818304001,1.120001055423603,0.0040360831244378274
2024-07-06,0.025768330398720004,0.9100008575316774,0.003279317538605734
2024-07-07,0.024069319603200003,0.8500008009911272,0.003063098799796565
2024-07-08,0.022653477273600005,0.8000007538740022,0.002882916517455591
2024-07-09,0.022087140341760004,0.7800007350271521,0.002810843604519201
2024-07-10,0.021237634944,0.7500007067568769,0.002702734235114616
2024-07-11,0.022936645739520006,0.8100007632974272,0.002918952973923786
2024-07-12,0.022936645739520006,0.8100007632974272,0.002918952973923786
2024-07-13,0.022370308807680005,0.7900007444505771,0.002846880060987396
2024-07-14,0.0198217926144,0.7000006596397518,0.0025225519527736417
2024-07-15,0.01953862414848,0.6900006502163267,0.0024865154963054467
2024-07-16,0.020671298012160003,0.7300006879100269,0.0026306613221782267
2024-07-17,0.019255455682560003,0.6800006407929018,0.002450479039837252
2024-07-18,0.019255455682560003,0.6800006407929018,0.002450479039837252
2024-07-19,0.0198217926144,0.7000006596397518,0.0025225519527736417
2024-07-20,0.024069319603200003,0.8500008009911272,0.003063098799796565
2024-07-21,0.018972287216640005,0.6700006313694769,0.0024144425833690576
2024-07-22,0.018405950284800004,0.6500006125226268,0.0023423696704326677
2024-07-23,0.018972287216640005,0.6700006313694769,0.0024144425833690576
2024-07-24,0.019255455682560003,0.6800006407929018,0.002450479039837252
2024-07-25,0.01727327642112,0.6100005748289266,0.0021982238445598878
2024-07-26,0.024918825000960005,0.8800008292614023,0.00317120816920115
2024-07-27,0.022087140341760004,0.7800007350271521,0.002810843604519201
2024-07-28,0.02010496108032,0.7100006690631768,0.0025585884092418367
2024-07-29,0.019255455682560003,0.6800006407929018,0.002450479039837252
2024-07-30,0.01755644488704,0.6200005842523516,0.0022342603010280827
2024-07-31,0.01727327642112,0.6100005748289266,0.0021982238445598878
2024-08-01,0.016706939489280002,0.5900005559820766,0.0021261509316234982
2024-08-02,0.01614060255744,0.5700005371352265,0.0020540780186871083
2024-08-03,0.015857434091520003,0.5600005277118015,0.0020180415622189137
2024-08-04,0.016706939489280002,0.5900005559820766,0.0021261509316234982
2024-08-05,0.018405950284800004,0.6500006125226268,0.0023423696704326677
2024-08-06,0.016706939489280002,0.5900005559820766,0.0021261509316234982
2024-08-07,0.01642377102336,0.5800005465586515,0.0020901144751553032
2024-08-08,0.018122781818880003,0.6400006030992017,0.0023063332139644727
2024-08-09,0.018122781818880003,0.6400006030992017,0.0023063332139644727
2024-08-10,0.018405950284800004,0.6500006125226268,0.0023423696704326677
2024-08-11,0.018405950284800004,0.6500006125226268,0.0023423696704326677
2024-08-12,0.018689118750720005,0.6600006219460518,0.0023784061269008627
2024-08-13,0.023786151137280002,0.8400007915677021,0.00302706234332837
2024-08-14,0.07447330653696001,2.630002478360782,0.009477588051135254
2024-08-15,0.026617835796480003,0.9400008858019524,0.003387426908010319
2024-08-16,0.023786151137280002,0.8400007915677021,0.00302706234332837
2024-08-17,0.021803971875840003,0.770000725603727,0.002774807148051006
2024-08-18,0.021520803409920002,0.760000716180302,0.002738770691582811
2024-08-19,0.023786151137280002,0.8400007915677021,0.00302706234332837
2024-08-20,0.022087140341760004,0.7800007350271521,0.002810843604519201
2024-08-21,0.020388129546240003,0.7200006784866019,0.0025946248657100317
2024-08-22,0.022936645739520006,0.8100007632974272,0.002918952973923786
2024-08-23,0.027750509660160003,0.9800009234956525,0.0035315727338830986
2024-08-24,0.025485161932800003,0.9000008481082523,0.0032432810821375396
2024-08-25,0.03143169971712001,1.1100010460001781,0.004000046667969633
2024-08-26,0.029166351989760007,1.0300009706127777,0.0037117550162240735
2024-08-27,0.029166351989760007,1.0300009706127777,0.0037117550162240735
2024-08-28,0.027750509660160003,0.9800009234956525,0.0035315727338830986
2024-08-29,0.023219814205440004,0.8200007727208521,0.0029549894303919806
2024-08-30,0.022087140341760004,0.7800007350271521,0.002810843604519201
2024-08-31,0.022370308807680005,0.7900007444505771,0.002846880060987396
2024-09-01,0.022370308807680005,0.7900007444505771,0.002846880060987396
2024-09-02,0.022653477273600005,0.8000007538740022,0.002882916517455591
2024-09-03,0.022653477273600005,0.8000007538740022,0.002882916517455591
2024-09-04,0.022936645739520006,0.8100007632974272,0.002918952973923786
2024-09-05,0.022370308807680005,0.7900007444505771,0.002846880060987396
2024-09-06,0.021803971875840003,0.770000725603727,0.002774807148051006
2024-09-07,0.021803971875840003,0.770000725603727,0.002774807148051006
2024-09-08,0.021520803409920002,0.760000716180302,0.002738770691582811
2024-09-09,0.022370308807680005,0.7900007444505771,0.002846880060987396
2024-09-10,0.022370308807680005,0.7900007444505771,0.002846880060987396
2024-09-11,0.022370308807680005,0.7900007444505771,0.002846880060987396
2024-09-12,0.022087140341760004,0.7800007350271521,0.002810843604519201
2024-09-13,0.020671298012160003,0.7300006879100269,0.0026306613221782267
2024-09-14,0.022087140341760004,0.7800007350271521,0.002810843604519201
2024-09-15,0.020954466478080004,0.740000697333452,0.0026666977786464216
2024-09-16,0.0198217926144,0.7000006596397518,0.0025225519527736417
2024-09-17,0.022370308807680005,0.7900007444505771,0.002846880060987396
2024-09-18,0.022087140341760004,0.7800007350271521,0.002810843604519201
2024-09-19,0.022653477273600005,0.8000007538740022,0.002882916517455591
2024-09-20,0.022370308807680005,0.7900007444505771,0.002846880060987396
2024-09-21,0.021803971875840003,0.770000725603727,0.002774807148051006
2024-09-22,0.022936645739520006,0.8100007632974272,0.002918952973923786
2024-09-23,0.022653477273600005,0.8000007538740022,0.002882916517455591
2024-09-24,0.022936645739520006,0.8100007632974272,0.002918952973923786
2024-09-25,0.021237634944,0.7500007067568769,0.002702734235114616
2024-09-26,0.021237634944,0.7500007067568769,0.002702734235114616
2024-09-27,0.022370308807680005,0.7900007444505771,0.002846880060987396
2024-09-28,0.022087140341760004,0.7800007350271521,0.002810843604519201
2024-09-29,0.022370308807680005,0.7900007444505771,0.002846880060987396
2024-09-30,0.022087140341760004,0.7800007350271521,0.002810843604519201
2024-10-01,0.022653477273600005,0.8000007538740022,0.002882916517455591
2024-10-02,0.022087140341760004,0.7800007350271521,0.002810843604519201
2024-10-03,0.024069319603200003,0.8500008009911272,0.003063098799796565
2024-10-04,0.024352488069120003,0.8600008104145522,0.00309913525626476
2024-10-05,0.022370308807680005,0.7900007444505771,0.002846880060987396
2024-10-06,0.024069319603200003,0.8500008009911272,0.003063098799796565
2024-10-07,0.026617835796480003,0.9400008858019524,0.003387426908010319
2024-10-08,0.030299025853440006,1.070001008306478,0.003855900842096853
2024-10-09,0.029732688921600005,1.0500009894596278,0.0037838279291604626
2024-10-10,0.027750509660160003,0.9800009234956525,0.0035315727338830986
2024-10-11,0.027467341194240002,0.9700009140722274,0.003495536277414904
2024-10-12,0.025768330398720004,0.9100008575316774,0.003279317538605734
2024-10-13,0.025768330398720004,0.9100008575316774,0.003279317538605734
2024-10-14,0.027184172728320005,0.9600009046488025,0.003459499820946709
2024-10-15,0.028316846592000004,1.0000009423425027,0.0036036456468194885
2024-10-16,0.027467341194240002,0.9700009140722274,0.003495536277414904
2024-10-17,0.03171486818304001,1.120001055423603,0.0040360831244378274
2024-10-18,0.04275843835392001,1.510001422937179,0.005441504926697428
2024-10-19,0.03171486818304001,1.120001055423603,0.0040360831244378274
2024-10-20,0.0325643735808,1.1500010836938779,0.004144192493842411
2024-10-21,0.03879407983104001,1.3700012910092287,0.0049369945361427
2024-10-22,0.033980215910400006,1.2000011308110032,0.004324374776183386
2024-10-23,0.0325643735808,1.1500010836938779,0.004144192493842411
2024-10-24,0.0325643735808,1.1500010836938779,0.004144192493842411
2024-10-25,0.033413878978560005,1.1800011119641531,0.0042523018632469965
2024-10-26,0.033980215910400006,1.2000011308110032,0.004324374776183386
2024-10-27,0.03369704744448,1.190001121387578,0.004288338319715191
2024-10-28,0.04020992216064,1.4200013381263537,0.005117176818483673
2024-10-29,0.034829721308160005,1.2300011590812783,0.004432484145587971
2024-10-30,0.035679226705920004,1.2600011873515533,0.004540593514992555
2024-10-31,0.033980215910400006,1.2000011308110032,0.004324374776183386
2024-11-01,0.034829721308160005,1.2300011590812783,0.004432484145587971
2024-11-02,0.03511288977408,1.2400011685047032,0.0044685206020561655
2024-11-03,0.03454655284224,1.2200011496578531,0.0043964476891197755
2024-11-04,0.03511288977408,1.2400011685047032,0.0044685206020561655
2024-11-05,0.04020992216064,1.4200013381263537,0.005117176818483673
2024-11-06,0.03879407983104001,1.3700012910092287,0.0049369945361427
2024-11-07,0.035679226705920004,1.2600011873515533,0.004540593514992555
2024-11-08,0.03681190056960001,1.3000012250452535,0.004684739340865335
2024-11-09,0.0410594275584,1.4500013663966287,0.005225286187888258
2024-11-10,0.039360416762880004,1.3900013098560786,0.005009067449079089
2024-11-11,0.03737823750144001,1.3200012438921036,0.004756812253801725
2024-11-12,0.03822774289920001,1.3500012721623786,0.00486492162320631
2024-11-13,0.03794457443328001,1.3400012627389537,0.004828885166738115
2024-11-14,0.035679226705920004,1.2600011873515533,0.004540593514992555
2024-11-15,0.03737823750144001,1.3200012438921036,0.004756812253801725
2024-11-16,0.03794457443328001,1.3400012627389537,0.004828885166738115
2024-11-17,0.036245563637760006,1.2800012061984034,0.004612666427928945
2024-11-18,0.03766140596736001,1.3300012533155285,0.00479284871026992
2024-11-19,0.03794457443328001,1.3400012627389537,0.004828885166738115
2024-11-20,0.033980215910400006,1.2000011308110032,0.004324374776183386
2024-11-21,0.03454655284224,1.2200011496578531,0.0043964476891197755
2024-11-22,0.03539605824000001,1.2500011779281284,0.004504557058524361
2024-11-23,0.03766140596736001,1.3300012533155285,0.00479284871026992
2024-11-24,0.04049309062656001,1.4300013475497788,0.005153213274951869
2024-11-25,0.039360416762880004,1.3900013098560786,0.005009067449079089
2024-11-26,0.039360416762880004,1.3900013098560786,0.005009067449079089
2024-11-27,0.038510911365120006,1.3600012815858036,0.004900958079674504
2024-11-28,0.03511288977408,1.2400011685047032,0.0044685206020561655
2024-11-29,0.03454655284224,1.2200011496578531,0.0043964476891197755
2024-11-30,0.03539605824000001,1.2500011779281284,0.004504557058524361
2024-12-01,0.036245563637760006,1.2800012061984034,0.004612666427928945
2024-12-02,0.036245563637760006,1.2800012061984034,0.004612666427928945
2024-12-03,0.037095069035520005,1.3100012344686784,0.00472077579733353
2024-12-04,0.03766140596736001,1.3300012533155285,0.00479284871026992
2024-12-05,0.03737823750144001,1.3200012438921036,0.004756812253801725
2024-12-06,0.03511288977408,1.2400011685047032,0.0044685206020561655
2024-12-07,0.035679226705920004,1.2600011873515533,0.004540593514992555
2024-12-08,0.037095069035520005,1.3100012344686784,0.00472077579733353
2024-12-09,0.03794457443328001,1.3400012627389537,0.004828885166738115
2024-12-10,0.03652873210368,1.2900012156218283,0.00464870288439714
2024-12-11,0.037095069035520005,1.3100012344686784,0.00472077579733353
2024-12-12,0.03681190056960001,1.3000012250452535,0.004684739340865335
2024-12-13,0.03596239517184001,1.2700011967749785,0.004576629971460751
2024-12-14,0.036245563637760006,1.2800012061984034,0.004612666427928945
2024-12-15,0.03652873210368,1.2900012156218283,0.00464870288439714
2024-12-16,0.037095069035520005,1.3100012344686784,0.00472077579733353
2024-12-17,0.03681190056960001,1.3000012250452535,0.004684739340865335
2024-12-18,0.03681190056960001,1.3000012250452535,0.004684739340865335
2024-12-19,0.03681190056960001,1.3000012250452535,0.004684739340865335
2024-12-20,0.037095069035520005,1.3100012344686784,0.00472077579733353
2024-12-21,0.03539605824000001,1.2500011779281284,0.004504557058524361
2024-12-22,0.036245563637760006,1.2800012061984034,0.004612666427928945
2024-12-23,0.03681190056960001,1.3000012250452535,0.004684739340865335
2024-12-24,0.03511288977408,1.2400011685047032,0.0044685206020561655
2024-12-25,0.03737823750144001,1.3200012438921036,0.004756812253801725
2024-12-26,0.03681190056960001,1.3000012250452535,0.004684739340865335
2024-12-27,0.03766140596736001,1.3300012533155285,0.00479284871026992
2024-12-28,0.036245563637760006,1.2800012061984034,0.004612666427928945
2024-12-29,0.03879407983104001,1.3700012910092287,0.0049369945361427
2024-12-30,0.037095069035520005,1.3100012344686784,0.00472077579733353
2024-12-31,0.03511288977408,1.2400011685047032,0.0044685206020561655
2025-01-01,0.03766140596736001,1.3300012533155285,0.00479284871026992
2025-01-02,0.03794457443328001,1.3400012627389537,0.004828885166738115
2025-01-03,0.0396435852288,1.4000013192795036,0.005045103905547283
2025-01-04,0.0396435852288,1.4000013192795036,0.005045103905547283
2025-01-05,0.03879407983104001,1.3700012910092287,0.0049369945361427
2025-01-06,0.03822774289920001,1.3500012721623786,0.00486492162320631
2025-01-07,0.03766140596736001,1.3300012533155285,0.00479284871026992
2025-01-08,0.0396435852288,1.4000013192795036,0.005045103905547283
2025-01-09,0.03822774289920001,1.3500012721623786,0.00486492162320631
2025-01-10,0.03879407983104001,1.3700012910092287,0.0049369945361427
2025-01-11,0.03737823750144001,1.3200012438921036,0.004756812253801725
2025-01-12,0.03369704744448,1.190001121387578,0.004288338319715191
2025-01-13,0.028600015057920005,1.0100009517659276,0.0036396821032876835
2025-01-14,0.03114853125120001,1.100001036576753,0.003964010211501438
2025-01-15,0.030865362785280008,1.090001027153328,0.003927973755033243
2025-01-16,0.034263384376320004,1.2100011402344282,0.004360411232651581
2025-01-17,0.03454655284224,1.2200011496578531,0.0043964476891197755
2025-01-18,0.03539605824000001,1.2500011779281284,0.004504557058524361
2025-01-19,0.03596239517184001,1.2700011967749785,0.004576629971460751
2025-01-20,0.03539605824000001,1.2500011779281284,0.004504557058524361
2025-01-21,0.033413878978560005,1.1800011119641531,0.0042523018632469965
2025-01-22,0.03369704744448,1.190001121387578,0.004288338319715191
2025-01-23,0.034263384376320004,1.2100011402344282,0.004360411232651581
2025-01-24,0.03454655284224,1.2200011496578531,0.0043964476891197755
2025-01-25,0.03454655284224,1.2200011496578531,0.0043964476891197755
2025-01-26,0.03511288977408,1.2400011685047032,0.0044685206020561655
2025-01-27,0.03539605824000001,1.2500011779281284,0.004504557058524361
2025-01-28,0.03511288977408,1.2400011685047032,0.0044685206020561655
2025-01-29,0.03511288977408,1.2400011685047032,0.0044685206020561655
2025-01-30,0.03511288977408,1.2400011685047032,0.0044685206020561655
2025-01-31,0.03596239517184001,1.2700011967749785,0.004576629971460751
2025-02-01,0.036245563637760006,1.2800012061984034,0.004612666427928945
2025-02-02,0.03794457443328001,1.3400012627389537,0.004828885166738115
2025-02-03,0.04049309062656001,1.4300013475497788,0.005153213274951869
2025-02-04,0.04332477528576001,1.530001441784029,0.005513577839633818
2025-02-05,0.04049309062656001,1.4300013475497788,0.005153213274951869
2025-02-06,0.03907724829696,1.3800013004326535,0.0049730309926108935
2025-02-07,0.039360416762880004,1.3900013098560786,0.005009067449079089
2025-02-08,0.03907724829696,1.3800013004326535,0.0049730309926108935
2025-02-09,0.03879407983104001,1.3700012910092287,0.0049369945361427
2025-02-10,0.03907724829696,1.3800013004326535,0.0049730309926108935
2025-02-11,0.03822774289920001,1.3500012721623786,0.00486492162320631
2025-02-12,0.03822774289920001,1.3500012721623786,0.00486492162320631
2025-02-13,0.039360416762880004,1.3900013098560786,0.005009067449079089
2025-02-14,0.038510911365120006,1.3600012815858036,0.004900958079674504
2025-02-15,0.038510911365120006,1.3600012815858036,0.004900958079674504
2025-02-16,0.037095069035520005,1.3100012344686784,0.00472077579733353
2025-02-17,0.03766140596736001,1.3300012533155285,0.00479284871026992
2025-02-18,0.03794457443328001,1.3400012627389537,0.004828885166738115
2025-02-19,0.03907724829696,1.3800013004326535,0.0049730309926108935
2025-02-20,0.04049309062656001,1.4300013475497788,0.005153213274951869
2025-02-21,0.04389111221760001,1.5500014606308792,0.005585650752570208
2025-02-22,0.043041606819840005,1.520001432360604,0.005477541383165622
2025-02-23,0.04587329147904001,1.6200015265948544,0.005837905947847572
2025-02-24,0.05351884005888,1.8900017810273297,0.006810890272488832
2025-02-25,0.050970323865600006,1.8000016962165046,0.006486562164275079
2025-02-26,0.04700596534272,1.6600015642885542,0.00598205177372035
2025-02-27,0.047572302274560004,1.6800015831354043,0.00605412468665674
2025-02-28,0.040776259092480005,1.4400013569732037,0.005189249731420063
2025-03-01,0.042475269888,1.5000014135137538,0.005405468470229232
2025-03-02,0.042475269888,1.5000014135137538,0.005405468470229232
2025-03-03,0.042192101422080006,1.4900014040903289,0.005369432013761038
2025-03-04,0.043041606819840005,1.520001432360604,0.005477541383165622
2025-03-05,0.04190893295616001,1.480001394666904,0.005333395557292843
2025-03-06,0.05068715539968001,1.7900016867930797,0.0064505257078068855
2025-03-07,0.04530695454720001,1.6000015077480043,0.005765833034911182
2025-03-08,0.04134259602432001,1.4600013758200538,0.005261322644356453
2025-03-09,0.04134259602432001,1.4600013758200538,0.005261322644356453
2025-03-10,0.04020992216064,1.4200013381263537,0.005117176818483673
2025-03-11,0.04049309062656001,1.4300013475497788,0.005153213274951869
2025-03-12,0.0396435852288,1.4000013192795036,0.005045103905547283
2025-03-13,0.0410594275584,1.4500013663966287,0.005225286187888258
2025-03-14,0.043607943751680006,1.540001451207454,0.005549614296102012
2025-03-15,0.04134259602432001,1.4600013758200538,0.005261322644356453
2025-03-16,0.03794457443328001,1.3400012627389537,0.004828885166738115
2025-03-17,0.0396435852288,1.4000013192795036,0.005045103905547283
2025-03-18,0.04700596534272,1.6600015642885542,0.00598205177372035
2025-03-19,0.044457449149440005,1.570001479477729,0.005657723665506597
2025-03-20,0.04417428068352001,1.5600014700543041,0.005621687209038402
2025-03-21,0.04587329147904001,1.6200015265948544,0.005837905947847572
2025-03-22,0.042192101422080006,1.4900014040903289,0.005369432013761038
2025-03-23,0.040776259092480005,1.4400013569732037,0.005189249731420063
2025-03-24,0.04020992216064,1.4200013381263537,0.005117176818483673
2025-03-25,0.04020992216064,1.4200013381263537,0.005117176818483673
2025-03-26,0.040776259092480005,1.4400013569732037,0.005189249731420063
2025-03-27,0.03907724829696,1.3800013004326535,0.0049730309926108935
2025-03-28,0.03794457443328001,1.3400012627389537,0.004828885166738115
2025-03-29,0.040776259092480005,1.4400013569732037,0.005189249731420063
2025-03-30,0.047572302274560004,1.6800015831354043,0.00605412468665674
2025-03-31,0.042475269888,1.5000014135137538,0.005405468470229232
2025-04-01,0.053235671592960006,1.8800017716039048,0.006774853816020638
2025-04-02,0.04983765000192001,1.7600016585228047,0.0063424163384023
2025-04-03,0.05012081846784001,1.7700016679462296,0.006378452794870495
2025-04-04,0.04700596534272,1.6600015642885542,0.00598205177372035
2025-04-05,0.04332477528576001,1.530001441784029,0.005513577839633818
2025-04-06,0.041625764490240004,1.4700013852434788,0.005297359100824648
2025-04-07,0.0410594275584,1.4500013663966287,0.005225286187888258
2025-04-08,0.04190893295616001,1.480001394666904,0.005333395557292843
2025-04-09,0.03879407983104001,1.3700012910092287,0.0049369945361427
2025-04-10,0.03737823750144001,1.3200012438921036,0.004756812253801725
2025-04-11,0.038510911365120006,1.3600012815858036,0.004900958079674504
2025-04-12,0.03822774289920001,1.3500012721623786,0.00486492162320631
2025-04-13,0.03652873210368,1.2900012156218283,0.00464870288439714
2025-04-14,0.03737823750144001,1.3200012438921036,0.004756812253801725
2025-04-15,0.03681190056960001,1.3000012250452535,0.004684739340865335
2025-04-16,0.039360416762880004,1.3900013098560786,0.005009067449079089
2025-04-17,0.042192101422080006,1.4900014040903289,0.005369432013761038
2025-04-18,0.04870497613824001,1.7200016208291045,0.00619827051252952
2025-04-19,0.04417428068352001,1.5600014700543041,0.005621687209038402
2025-04-20,0.042192101422080006,1.4900014040903289,0.005369432013761038
2025-04-21,0.04020992216064,1.4200013381263537,0.005117176818483673
2025-04-22,0.039926753694720006,1.4100013287029287,0.005081140362015479
2025-04-23,0.04134259602432001,1.4600013758200538,0.005261322644356453
2025-04-24,0.04474061761536001,1.5800014889011542,0.005693760121974792
2025-04-25,0.04474061761536001,1.5800014889011542,0.005693760121974792
2025-04-26,0.04559012301312001,1.6100015171714293,0.005801869491379377
2025-04-27,0.04587329147904001,1.6200015265948544,0.005837905947847572
2025-04-28,0.04615645994496,1.6300015360182791,0.005873942404315766
2025-04-29,0.04049309062656001,1.4300013475497788,0.005153213274951869
2025-04-30,0.03907724829696,1.3800013004326535,0.0049730309926108935
2025-05-01,0.03681190056960001,1.3000012250452535,0.004684739340865335
2025-05-02,0.033980215910400006,1.2000011308110032,0.004324374776183386
2025-05-03,0.033980215910400006,1.2000011308110032,0.004324374776183386
2025-05-04,0.034263384376320004,1.2100011402344282,0.004360411232651581
2025-05-05,0.03794457443328001,1.3400012627389537,0.004828885166738115
2025-05-06,0.04530695454720001,1.6000015077480043,0.005765833034911182
2025-05-07,0.043607943751680006,1.540001451207454,0.005549614296102012
2025-05-08,0.034829721308160005,1.2300011590812783,0.004432484145587971
2025-05-09,0.03284754204672,1.160001093117303,0.0041802289503106065
2025-05-10,0.03143169971712001,1.1100010460001781,0.004000046667969633
2025-05-11,0.031998036648960004,1.130001064847028,0.004072119580906022
2025-05-12,0.030582194319360007,1.0800010177299029,0.0038919372985650484
2025-05-13,0.029166351989760007,1.0300009706127777,0.0037117550162240735
2025-05-14,0.030299025853440006,1.070001008306478,0.003855900842096853
2025-05-15,0.033413878978560005,1.1800011119641531,0.0042523018632469965
2025-05-16,0.033980215910400006,1.2000011308110032,0.004324374776183386
2025-05-17,0.03313071051264,1.170001102540728,0.004216265406778801
2025-05-18,0.03879407983104001,1.3700012910092287,0.0049369945361427
2025-05-19,0.05153666079744001,1.8200017150633547,0.006558635077211468
2025-05-20,0.037095069035520005,1.3100012344686784,0.00472077579733353
2025-05-21,0.03313071051264,1.170001102540728,0.004216265406778801
2025-05-22,0.03171486818304001,1.120001055423603,0.0040360831244378274
2025-05-23,0.030865362785280008,1.090001027153328,0.003927973755033243
2025-05-24,0.030299025853440006,1.070001008306478,0.003855900842096853
2025-05-25,0.03171486818304001,1.120001055423603,0.0040360831244378274
2025-05-26,0.03228120511488,1.140001074270453,0.0041081560373742165
2025-05-27,0.030299025853440006,1.070001008306478,0.003855900842096853
2025-05-28,0.029732688921600005,1.0500009894596278,0.0037838279291604626
2025-05-29,0.030865362785280008,1.090001027153328,0.003927973755033243
2025-05-30,0.030299025853440006,1.070001008306478,0.003855900842096853
2025-05-31,0.028033678126080003,0.9900009329190775,0.003567609190351294
2025-06-01,0.026334667330560006,0.9300008763785275,0.0033513904515421245
2025-06-02,0.028316846592000004,1.0000009423425027,0.0036036456468194885
2025-06-03,0.028316846592000004,1.0000009423425027,0.0036036456468194885
2025-06-04,0.025485161932800003,0.9000008481082523,0.0032432810821375396
2025-06-05,0.025201993466880006,0.8900008386848274,0.003207244625669345
2025-06-06,0.026051498864640005,0.9200008669551024,0.0033153539950739296
2025-06-07,0.025201993466880006,0.8900008386848274,0.003207244625669345
2025-06-08,0.022653477273600005,0.8000007538740022,0.002882916517455591
2025-06-09,0.020671298012160003,0.7300006879100269,0.0026306613221782267
2025-06-10,0.019255455682560003,0.6800006407929018,0.002450479039837252
2025-06-11,0.018972287216640005,0.6700006313694769,0.0024144425833690576
2025-06-12,0.017839613352960002,0.6300005936757767,0.0022702967574962777
2025-06-13,0.016706939489280002,0.5900005559820766,0.0021261509316234982
2025-06-14,0.015291097159680004,0.5400005088649514,0.0019459686492825242
2025-06-15,0.013592086364160002,0.48000045232440125,0.0017297499104733545
2025-06-16,0.014724760227840002,0.5200004900181013,0.001873895736346134
2025-06-17,0.015007928693760003,0.5300004994415264,0.001909932192814329
2025-06-18,0.014441591761920003,0.5100004805946764,0.0018378592798779392
2025-06-19,0.013308917898240001,0.4700004429009762,0.0016937134540051595
2025-06-20,0.011893075568640001,0.42000039578385107,0.001513531171664185
2025-06-21,0.0099108963072,0.3500003298198759,0.0012612759763868209
2025-06-22,0.010194064773120001,0.36000033924330094,0.0012973124328550158
2025-06-23,0.011609907102720002,0.4100003863604261,0.0014774947151959903
2025-06-24,0.013025749432320002,0.4600004334775512,0.0016576769975369648
2025-06-25,0.013308917898240001,0.4700004429009762,0.0016937134540051595
2025-06-26,0.014724760227840002,0.5200004900181013,0.001873895736346134
2025-06-27,0.013875254830080001,0.49000046174782624,0.0017657863669415493
2025-06-28,0.013308917898240001,0.4700004429009762,0.0016937134540051595
2025-06-29,0.012459412500480002,0.44000041463070116,0.001585604084600575
2025-06-30,0.011326738636800003,0.4000003769370011,0.0014414582587277955
2025-07-01,0.010760401704960001,0.380000358090151,0.0013693853457914056
2025-07-02,0.010194064773120001,0.36000033924330094,0.0012973124328550158
2025-07-03,0.011043570170880002,0.39000036751357603,0.0014054218022596006
2025-07-04,0.012176244034560002,0.4300004052072761,0.00154956762813238
2025-07-05,0.011609907102720002,0.4100003863604261,0.0014774947151959903
2025-07-06,0.010477233239040002,0.370000348666726,0.0013333488893232108
2025-07-07,0.010477233239040002,0.370000348666726,0.0013333488893232108
2025-07-08,0.009061390909440002,0.32000030154960085,0.0011531666069822363
2025-07-09,0.00877822244352,0.3100002921261758,0.0011171301505140414
2025-07-10,0.008495053977600002,0.3000002827027508,0.0010810936940458466
2025-07-11,0.007645548579840002,0.2700002544324757,0.0009729843246412621
2025-07-12,0.007928717045760002,0.28000026385590077,0.0010090207811094569
2025-07-13,0.00821188551168,0.29000027327932576,0.0010450572375776516
2025-07-14,0.007362380113920001,0.26000024500905067,0.000936947868173067
2025-07-15,0.006796043182080001,0.24000022616220062,0.0008648749552366773
2025-07-16,0.007928717045760002,0.28000026385590077,0.0010090207811094569
2025-07-17,0.00877822244352,0.3100002921261758,0.0011171301505140414
2025-07-18,0.009061390909440002,0.32000030154960085,0.0011531666069822363
2025-07-19,0.0099108963072,0.3500003298198759,0.0012612759763868209
2025-07-20,0.007928717045760002,0.28000026385590077,0.0010090207811094569
2025-07-21,0.009061390909440002,0.32000030154960085,0.0011531666069822363
2025-07-22,0.00821188551168,0.29000027327932576,0.0010450572375776516
2025-07-23,0.00877822244352,0.3100002921261758,0.0011171301505140414
2025-07-24,0.00821188551168,0.29000027327932576,0.0010450572375776516
2025-07-25,0.006796043182080001,0.24000022616220062,0.0008648749552366773
2025-07-26,0.006512874716160001,0.2300002167387756,0.0008288384987684824
2025-07-27,0.006796043182080001,0.24000022616220062,0.0008648749552366773
2025-07-28,0.007079211648000001,0.2500002355856257,0.0009009114117048721
2025-07-29,0.006229706250240001,0.22000020731535058,0.0007928020423002875
2025-07-30,0.007645548579840002,0.2700002544324757,0.0009729843246412621
2025-07-31,0.00821188551168,0.29000027327932576,0.0010450572375776516
2025-08-01,0.006796043182080001,0.24000022616220062,0.0008648749552366773
2025-08-02,0.006796043182080001,0.24000022616220062,0.0008648749552366773
2025-08-03,0.00821188551168,0.29000027327932576,0.0010450572375776516
2025-08-04,0.007645548579840002,0.2700002544324757,0.0009729843246412621
2025-08-05,0.006796043182080001,0.24000022616220062,0.0008648749552366773
2025-08-06,0.006512874716160001,0.2300002167387756,0.0008288384987684824
2025-08-07,0.006512874716160001,0.2300002167387756,0.0008288384987684824
2025-08-08,0.006229706250240001,0.22000020731535058,0.0007928020423002875
2025-08-09,0.006512874716160001,0.2300002167387756,0.0008288384987684824
2025-08-10,0.007928717045760002,0.28000026385590077,0.0010090207811094569
2025-08-11,0.008495053977600002,0.3000002827027508,0.0010810936940458466
2025-08-12,0.007645548579840002,0.2700002544324757,0.0009729843246412621
2025-08-13,0.007645548579840002,0.2700002544324757,0.0009729843246412621
2025-08-14,0.007079211648000001,0.2500002355856257,0.0009009114117048721
2025-08-15,0.007362380113920001,0.26000024500905067,0.000936947868173067
2025-08-16,0.009061390909440002,0.32000030154960085,0.0011531666069822363
2025-08-17,0.00821188551168,0.29000027327932576,0.0010450572375776516
2025-08-18,0.00821188551168,0.29000027327932576,0.0010450572375776516
2025-08-19,0.008495053977600002,0.3000002827027508,0.0010810936940458466
2025-08-20,0.007079211648000001,0.2500002355856257,0.0009009114117048721
2025-08-21,0.006796043182080001,0.24000022616220062,0.0008648749552366773
2025-08-22,0.00877822244352,0.3100002921261758,0.0011171301505140414
2025-08-23,0.007362380113920001,0.26000024500905067,0.000936947868173067
2025-08-24,0.003964358522880001,0.14000013192795038,0.0005045103905547284
2025-08-25,0.007362380113920001,0.26000024500905067,0.000936947868173067
2025-08-26,0.007928717045760002,0.28000026385590077,0.0010090207811094569
2025-08-27,0.011609907102720002,0.4100003863604261,0.0014774947151959903
2025-08-28,0.013025749432320002,0.4600004334775512,0.0016576769975369648
2025-08-29,0.012742580966400002,0.45000042405412616,0.0016216405410687698
2025-08-30,0.012742580966400002,0.45000042405412616,0.0016216405410687698
2025-08-31,0.011326738636800003,0.4000003769370011,0.0014414582587277955
2025-09-01,0.010477233239040002,0.370000348666726,0.0013333488893232108
2025-09-02,0.011043570170880002,0.39000036751357603,0.0014054218022596006
2025-09-03,0.010194064773120001,0.36000033924330094,0.0012973124328550158
2025-09-04,0.009344559375360002,0.3300003109730259,0.0011892030634504313
2025-09-05,0.00877822244352,0.3100002921261758,0.0011171301505140414
2025-09-06,0.00877822244352,0.3100002921261758,0.0011171301505140414
2025-09-07,0.00877822244352,0.3100002921261758,0.0011171301505140414
2025-09-08,0.009627727841280001,0.3400003203964509,0.001225239519918626
2025-09-09,0.009344559375360002,0.3300003109730259,0.0011892030634504313
2025-09-10,0.011326738636800003,0.4000003769370011,0.0014414582587277955
2025-09-11,0.008495053977600002,0.3000002827027508,0.0010810936940458466
2025-09-12,0.013592086364160002,0.48000045232440125,0.0017297499104733545
2025-09-13,0.024352488069120003,0.8600008104145522,0.00309913525626476
2025-09-14,0.018972287216640005,0.6700006313694769,0.0024144425833690576
2025-09-15,0.01642377102336,0.5800005465586515,0.0020901144751553032
2025-09-16,0.013025749432320002,0.4600004334775512,0.0016576769975369648
2025-09-17,0.015574265625600004,0.5500005182883765,0.001982005105750719
2025-09-18,0.014724760227840002,0.5200004900181013,0.001873895736346134
2025-09-19,0.014158423296000002,0.5000004711712513,0.0018018228234097443
2025-09-20,0.013308917898240001,0.4700004429009762,0.0016937134540051595
2025-09-21,0.013308917898240001,0.4700004429009762,0.0016937134540051595
2025-09-22,0.015574265625600004,0.5500005182883765,0.001982005105750719
2025-09-23,0.015857434091520003,0.5600005277118015,0.0020180415622189137
2025-09-24,0.016990107955200003,0.6000005654055016,0.002162187388091693
2025-09-25,0.015007928693760003,0.5300004994415264,0.001909932192814329
2025-09-26,0.013875254830080001,0.49000046174782624,0.0017657863669415493
2025-09-27,0.013308917898240001,0.4700004429009762,0.0016937134540051595
2025-09-28,0.012176244034560002,0.4300004052072761,0.00154956762813238
2025-09-29,0.011893075568640001,0.42000039578385107,0.001513531171664185
2025-09-30,0.010760401704960001,0.380000358090151,0.0013693853457914056
