date,Q_cms,Q_cfs,Q_mmd
1979-10-01,0.622970625,22.000020730687503,0.12348136830054444
1979-10-02,0.622970625,22.000020730687503,0.12348136830054444
1979-10-03,0.622970625,22.000020730687503,0.12348136830054444
1979-10-04,0.622970625,22.000020730687503,0.12348136830054444
1979-10-05,0.594653778,21.0000197739366,0.11786857875125041
1979-10-06,0.594653778,21.0000197739366,0.11786857875125041
1979-10-07,0.594653778,21.0000197739366,0.11786857875125041
1979-10-08,0.566336932,20.0000188525004,0.11225578940017018
1979-10-09,0.566336932,20.0000188525004,0.11225578940017018
1979-10-10,0.566336932,20.0000188525004,0.11225578940017018
1979-10-11,0.566336932,20.0000188525004,0.11225578940017018
1979-10-12,0.566336932,20.0000188525004,0.11225578940017018
1979-10-13,0.566336932,20.0000188525004,0.11225578940017018
1979-10-14,0.566336932,20.0000188525004,0.11225578940017018
1979-10-15,0.566336932,20.0000188525004,0.11225578940017018
1979-10-16,0.566336932,20.0000188525004,0.11225578940017018
1979-10-17,0.566336932,20.0000188525004,0.11225578940017018
1979-10-18,0.566336932,20.0000188525004,0.11225578940017018
1979-10-19,0.566336932,20.0000188525004,0.11225578940017018
1979-10-20,0.594653778,21.0000197739366,0.11786857875125041
1979-10-21,0.764554858,27.0000254438126,0.151545315650587
1979-10-22,0.622970625,22.000020730687503,0.12348136830054444
1979-10-23,0.566336932,20.0000188525004,0.11225578940017018
1979-10-24,0.566336932,20.0000188525004,0.11225578940017018
1979-10-25,0.566336932,20.0000188525004,0.11225578940017018
1979-10-26,0.566336932,20.0000188525004,0.11225578940017018
1979-10-27,0.538020085,19.0000178957495,0.10664299985087615
1979-10-28,0.538020085,19.0000178957495,0.10664299985087615
1979-10-29,0.538020085,19.0000178957495,0.10664299985087615
1979-10-30,0.538020085,19.0000178957495,0.10664299985087615
1979-10-31,0.453069545,16.000015060811503,0.08980463140120788
1979-11-01,0.453069545,16.000015060811503,0.08980463140120788
1979-11-02,0.538020085,19.0000178957495,0.10664299985087615
1979-11-03,0.566336932,20.0000188525004,0.11225578940017018
1979-11-04,0.566336932,20.0000188525004,0.11225578940017018
1979-11-05,0.566336932,20.0000188525004,0.11225578940017018
1979-11-06,0.566336932,20.0000188525004,0.11225578940017018
1979-11-07,0.622970625,22.000020730687503,0.12348136830054444
1979-11-08,0.622970625,22.000020730687503,0.12348136830054444
1979-11-09,0.622970625,22.000020730687503,0.12348136830054444
1979-11-10,0.594653778,21.0000197739366,0.11786857875125041
1979-11-11,0.566336932,20.0000188525004,0.11225578940017018
1979-11-12,0.538020085,19.0000178957495,0.10664299985087615
1979-11-13,0.566336932,20.0000188525004,0.11225578940017018
1979-11-14,0.566336932,20.0000188525004,0.11225578940017018
1979-11-15,0.538020085,19.0000178957495,0.10664299985087615
1979-11-16,0.509703239,18.0000169743133,0.10103021049979594
1979-11-17,0.509703239,18.0000169743133,0.10103021049979594
1979-11-18,0.538020085,19.0000178957495,0.10664299985087615
1979-11-19,0.566336932,20.0000188525004,0.11225578940017018
1979-11-20,0.538020085,19.0000178957495,0.10664299985087615
1979-11-21,0.481386392,17.0000160175624,0.0954174209505019
1979-11-22,0.481386392,17.0000160175624,0.0954174209505019
1979-11-23,0.481386392,17.0000160175624,0.0954174209505019
1979-11-24,0.481386392,17.0000160175624,0.0954174209505019
1979-11-25,0.509703239,18.0000169743133,0.10103021049979594
1979-11-26,0.538020085,19.0000178957495,0.10664299985087615
1979-11-27,0.538020085,19.0000178957495,0.10664299985087615
1979-11-28,0.424752699,15.0000141393753,0.08419184205012764
1979-11-29,0.453069545,16.000015060811503,0.08980463140120788
1979-11-30,0.481386392,17.0000160175624,0.0954174209505019
1979-12-01,0.481386392,17.0000160175624,0.0954174209505019
1979-12-02,0.481386392,17.0000160175624,0.0954174209505019
1979-12-03,0.509703239,18.0000169743133,0.10103021049979594
1979-12-04,0.538020085,19.0000178957495,0.10664299985087615
1979-12-05,0.538020085,19.0000178957495,0.10664299985087615
1979-12-06,0.566336932,20.0000188525004,0.11225578940017018
1979-12-07,0.566336932,20.0000188525004,0.11225578940017018
1979-12-08,0.538020085,19.0000178957495,0.10664299985087615
1979-12-09,0.538020085,19.0000178957495,0.10664299985087615
1979-12-10,0.509703239,18.0000169743133,0.10103021049979594
1979-12-11,0.538020085,19.0000178957495,0.10664299985087615
1979-12-12,0.509703239,18.0000169743133,0.10103021049979594
1979-12-13,0.509703239,18.0000169743133,0.10103021049979594
1979-12-14,0.509703239,18.0000169743133,0.10103021049979594
1979-12-15,0.481386392,17.0000160175624,0.0954174209505019
1979-12-16,0.481386392,17.0000160175624,0.0954174209505019
1979-12-17,0.509703239,18.0000169743133,0.10103021049979594
1979-12-18,0.509703239,18.0000169743133,0.10103021049979594
1979-12-19,0.509703239,18.0000169743133,0.10103021049979594
1979-12-20,0.509703239,18.0000169743133,0.10103021049979594
1979-12-21,0.538020085,19.0000178957495,0.10664299985087615
1979-12-22,0.538020085,19.0000178957495,0.10664299985087615
1979-12-23,0.509703239,18.0000169743133,0.10103021049979594
1979-12-24,0.481386392,17.0000160175624,0.0954174209505019
1979-12-25,0.481386392,17.0000160175624,0.0954174209505019
1979-12-26,0.509703239,18.0000169743133,0.10103021049979594
1979-12-27,0.538020085,19.0000178957495,0.10664299985087615
1979-12-28,0.538020085,19.0000178957495,0.10664299985087615
1979-12-29,0.509703239,18.0000169743133,0.10103021049979594
1979-12-30,0.481386392,17.0000160175624,0.0954174209505019
1979-12-31,0.481386392,17.0000160175624,0.0954174209505019
1980-01-01,0.481386392,17.0000160175624,0.0954174209505019
1980-01-02,0.509703239,18.0000169743133,0.10103021049979594
1980-01-03,0.481386392,17.0000160175624,0.0954174209505019
1980-01-04,0.481386392,17.0000160175624,0.0954174209505019
1980-01-05,0.481386392,17.0000160175624,0.0954174209505019
1980-01-06,0.481386392,17.0000160175624,0.0954174209505019
1980-01-07,0.481386392,17.0000160175624,0.0954174209505019
1980-01-08,0.481386392,17.0000160175624,0.0954174209505019
1980-01-09,0.481386392,17.0000160175624,0.0954174209505019
1980-01-10,0.509703239,18.0000169743133,0.10103021049979594
1980-01-11,0.509703239,18.0000169743133,0.10103021049979594
1980-01-12,0.509703239,18.0000169743133,0.10103021049979594
1980-01-13,0.509703239,18.0000169743133,0.10103021049979594
1980-01-14,0.509703239,18.0000169743133,0.10103021049979594
1980-01-15,0.509703239,18.0000169743133,0.10103021049979594
1980-01-16,0.481386392,17.0000160175624,0.0954174209505019
1980-01-17,0.481386392,17.0000160175624,0.0954174209505019
1980-01-18,0.481386392,17.0000160175624,0.0954174209505019
1980-01-19,0.509703239,18.0000169743133,0.10103021049979594
1980-01-20,0.509703239,18.0000169743133,0.10103021049979594
1980-01-21,0.481386392,17.0000160175624,0.0954174209505019
1980-01-22,0.453069545,16.000015060811503,0.08980463140120788
1980-01-23,0.453069545,16.000015060811503,0.08980463140120788
1980-01-24,0.453069545,16.000015060811503,0.08980463140120788
1980-01-25,0.481386392,17.0000160175624,0.0954174209505019
1980-01-26,0.509703239,18.0000169743133,0.10103021049979594
1980-01-27,0.509703239,18.0000169743133,0.10103021049979594
1980-01-28,0.481386392,17.0000160175624,0.0954174209505019
1980-01-29,0.538020085,19.0000178957495,0.10664299985087615
1980-01-30,0.538020085,19.0000178957495,0.10664299985087615
1980-01-31,0.481386392,17.0000160175624,0.0954174209505019
1980-02-01,0.481386392,17.0000160175624,0.0954174209505019
1980-02-02,0.481386392,17.0000160175624,0.0954174209505019
1980-02-03,0.509703239,18.0000169743133,0.10103021049979594
1980-02-04,0.509703239,18.0000169743133,0.10103021049979594
1980-02-05,0.481386392,17.0000160175624,0.0954174209505019
1980-02-06,0.481386392,17.0000160175624,0.0954174209505019
1980-02-07,0.509703239,18.0000169743133,0.10103021049979594
1980-02-08,0.509703239,18.0000169743133,0.10103021049979594
1980-02-09,0.481386392,17.0000160175624,0.0954174209505019
1980-02-10,0.481386392,17.0000160175624,0.0954174209505019
1980-02-11,0.481386392,17.0000160175624,0.0954174209505019
1980-02-12,0.481386392,17.0000160175624,0.0954174209505019
1980-02-13,0.481386392,17.0000160175624,0.0954174209505019
1980-02-14,0.509703239,18.0000169743133,0.10103021049979594
1980-02-15,0.538020085,19.0000178957495,0.10664299985087615
1980-02-16,0.538020085,19.0000178957495,0.10664299985087615
1980-02-17,0.538020085,19.0000178957495,0.10664299985087615
1980-02-18,0.538020085,19.0000178957495,0.10664299985087615
1980-02-19,0.538020085,19.0000178957495,0.10664299985087615
1980-02-20,0.566336932,20.0000188525004,0.11225578940017018
1980-02-21,0.566336932,20.0000188525004,0.11225578940017018
1980-02-22,0.566336932,20.0000188525004,0.11225578940017018
1980-02-23,0.566336932,20.0000188525004,0.11225578940017018
1980-02-24,0.538020085,19.0000178957495,0.10664299985087615
1980-02-25,0.566336932,20.0000188525004,0.11225578940017018
1980-02-26,0.566336932,20.0000188525004,0.11225578940017018
1980-02-27,0.594653778,21.0000197739366,0.11786857875125041
1980-02-28,0.622970625,22.000020730687503,0.12348136830054444
1980-02-29,0.736238011,26.0000244870617,0.14593252610129295
1980-03-01,0.736238011,26.0000244870617,0.14593252610129295
1980-03-02,0.736238011,26.0000244870617,0.14593252610129295
1980-03-03,0.764554858,27.0000254438126,0.151545315650587
1980-03-04,0.736238011,26.0000244870617,0.14593252610129295
1980-03-05,0.651287472,23.0000216874384,0.1290941578498385
1980-03-06,0.651287472,23.0000216874384,0.1290941578498385
1980-03-07,0.651287472,23.0000216874384,0.1290941578498385
1980-03-08,0.622970625,22.000020730687503,0.12348136830054444
1980-03-09,0.622970625,22.000020730687503,0.12348136830054444
1980-03-10,0.622970625,22.000020730687503,0.12348136830054444
1980-03-11,0.651287472,23.0000216874384,0.1290941578498385
1980-03-12,0.679604318,24.000022608874602,0.1347069472009187
1980-03-13,0.651287472,23.0000216874384,0.1290941578498385
1980-03-14,0.651287472,23.0000216874384,0.1290941578498385
1980-03-15,0.707921165,25.0000235656255,0.14031973675021275
1980-03-16,0.764554858,27.0000254438126,0.151545315650587
1980-03-17,0.736238011,26.0000244870617,0.14593252610129295
1980-03-18,0.736238011,26.0000244870617,0.14593252610129295
1980-03-19,0.849505398,30.0000282787506,0.16838368410025528
1980-03-20,0.821188551,29.000027321999703,0.16277089455096125
1980-03-21,0.877822244,31.000029200186802,0.1739964734513355
1980-03-22,1.047723324,37.0000348700628,0.20767321035067204
1980-03-23,1.047723324,37.0000348700628,0.20767321035067204
1980-03-24,1.047723324,37.0000348700628,0.20767321035067204
1980-03-25,1.132673864,40.0000377050008,0.22451157880034037
1980-03-26,1.07604017,38.000035791499,0.2132859997017523
1980-03-27,0.991089631,35.000032991875706,0.19644763145029784
1980-03-28,0.962772784,34.0000320351248,0.1908348419010038
1980-03-29,0.877822244,31.000029200186802,0.1739964734513355
1980-03-30,0.849505398,30.0000282787506,0.16838368410025528
1980-03-31,0.877822244,31.000029200186802,0.1739964734513355
1980-04-01,0.906139091,32.000030156937704,0.17960926300062954
1980-04-02,0.906139091,32.000030156937704,0.17960926300062954
1980-04-03,0.849505398,30.0000282787506,0.16838368410025528
1980-04-04,0.821188551,29.000027321999703,0.16277089455096125
1980-04-05,0.934455938,33.00003111368861,0.18522205254992358
1980-04-06,1.132673864,40.0000377050008,0.22451157880034037
1980-04-07,1.359208636,48.000045217749204,0.2694138944018374
1980-04-08,1.41584233,50.000047131251,0.2806394735004255
1980-04-09,2.038812955,72.0000678619385,0.4041208418009699
1980-04-10,2.831684659,100.0000942271873,0.5612789468026371
1980-04-11,3.90772483,138.000130054001,0.7745649467026032
1980-04-12,3.143169972,111.0001046101884,0.6230196310520163
1980-04-13,2.690100426,95.0000895140622,0.5332149994525947
1980-04-14,3.313071051,117.0001102447497,0.656696367753139
1980-04-15,5.15366608,182.000171515376,1.0215276833036921
1980-04-16,6.909310568,244.00022991574963,1.3695206302063634
1980-04-17,8.636638211,305.0002874300017,1.7119007879561676
1980-04-18,11.04357017,390.00036748249903,2.1889878925104638
1980-04-19,13.59208636,480.00045217749204,2.694138944018374
1980-04-20,16.14060256,570.0005372256321,3.199289997508423
1980-04-21,17.55644489,620.0005843568831,3.479929471008848
1980-04-22,20.27486216,716.000674721752,4.018757259416096
1980-04-23,17.83961335,630.0005935712451,3.5360573645196505
1980-04-24,14.30000753,505.00047591969104,2.834458681759656
1980-04-25,11.41168918,403.000379884946,2.261954156453072
1980-04-26,12.28951142,434.00040894387405,2.4359506291115522
1980-04-27,14.01683906,495.00046635218206,2.778330786266716
1980-04-28,14.86634446,525.000494701562,2.9467144707633985
1980-04-29,17.13169219,605.000570182193,3.3957376287605063
1980-04-30,16.70693949,590.0005560075031,3.311545786512166
1980-05-01,14.86634446,525.000494701562,2.9467144707633985
1980-05-02,12.43109565,439.00041355105503,2.4640145758669534
1980-05-03,12.79921466,452.00042595350203,2.536980839809562
1980-05-04,15.57426563,550.000518443761,3.08703420850468
1980-05-05,18.80238614,664.0006258182581,3.726892207609937
1980-05-06,20.7845654,734.0006917313801,4.1197874701141055
1980-05-07,24.18258699,854.0008047757531,4.793322206118699
1980-05-08,26.44793472,934.000880256384,5.242345364115807
1980-05-09,24.35248807,860.000810445629,4.826998943018035
1980-05-10,20.10496108,710.000669051876,3.9850805225167583
1980-05-11,18.94397037,669.000630425439,3.7549561543653383
1980-05-12,17.41486065,615.000579396555,3.4518655222713095
1980-05-13,14.44159176,510.000480526872,2.8625226285150567
1980-05-14,13.45050213,475.00044757031105,2.666074997262973
1980-05-15,13.59208636,480.00045217749204,2.694138944018374
1980-05-16,13.87525483,490.000461745001,2.7502668395113146
1980-05-17,17.55644489,620.0005843568831,3.479929471008848
1980-05-18,20.44476324,722.0006803916281,4.0524339963154326
1980-05-19,22.31367511,788.000742407117,4.422878100225996
1980-05-20,28.88318352,1020.000961053744,5.725045257030113
1980-05-21,37.09506904,1310.001234626888,7.352754204521864
1980-05-22,44.17428068,1560.0014699299961,8.755951570041855
1980-05-23,44.17428068,1560.0014699299961,8.755951570041855
1980-05-24,39.64358523,1400.001319321881,7.857905256029775
1980-05-25,29.73268892,1050.000989403124,5.893428941526797
1980-05-26,26.05149886,920.0008667912421,5.163766310029263
1980-05-27,24.69229023,872.000821785381,4.894352416816709
1980-05-28,27.24080642,962.0009064803739,5.399503468324618
1980-05-29,31.14853125,1100.001036534375,6.1740684150272225
1980-05-30,32.28120511,1140.0010740981172,6.398579993034708
1980-05-31,32.84754205,1160.0010932331352,6.510835784020588
1980-06-01,32.28120511,1140.0010740981172,6.398579993034708
1980-06-02,30.29902585,1070.001008184995,6.00568473053054
1980-06-03,31.14853125,1100.001036534375,6.1740684150272225
1980-06-04,34.54655284,1220.001149578748,6.847603151031816
1980-06-05,37.66140597,1330.0012534087589,7.465009993525606
1980-06-06,38.79407983,1370.001290972501,7.689521571533093
1980-06-07,35.67922671,1260.0011874956372,7.072114731021439
1980-06-08,35.39605824,1250.001177928128,7.0159868355284996
1980-06-09,39.0772483,1380.00130054001,7.745649467026032
1980-06-10,40.77625909,1440.0013568856232,8.08241683403726
1980-06-11,39.64358523,1400.001319321881,7.857905256029775
1980-06-12,35.67922671,1260.0011874956372,7.072114731021439
1980-06-13,32.84754205,1160.0010932331352,6.510835784020588
1980-06-14,29.73268892,1050.000989403124,5.893428941526797
1980-06-15,25.88159779,914.000861474513,5.1300895751120645
1980-06-16,22.99327943,812.0007650866211,4.557585047823343
1980-06-17,22.31367511,788.000742407117,4.422878100225996
1980-06-18,23.67288375,836.0007877661251,4.692291995420689
1980-06-19,23.67288375,836.0007877661251,4.692291995420689
1980-06-20,21.29426864,752.000708741008,4.2208176808121145
1980-06-21,19.0855546,674.0006350326199,3.783020101120739
1980-06-22,18.32099975,647.000609871325,3.6314747870558626
1980-06-23,17.27327642,610.000574789374,3.423801575515908
1980-06-24,16.42377102,580.0005464399941,3.255417891019225
1980-06-25,15.14951293,535.000504269071,3.0028423662563384
1980-06-26,14.44159176,510.000480526872,2.8625226285150567
1980-06-27,13.45050213,475.00044757031105,2.666074997262973
1980-06-28,11.92139242,421.000396894574,2.362984367151082
1980-06-29,10.44891639,369.00034763793303,2.0711193133627854
1980-06-30,10.10911423,357.000336298181,2.0037658395641125
1980-07-01,9.995846847,353.0003326477509,1.981314682358005
1980-07-02,9.429509915,333.0003137952505,1.8690588929578351
1980-07-03,8.240202358,291.0002742120626,1.6333217352571203
1980-07-04,7.079211648,250.00023558562563,1.4031973671056996
1980-07-05,6.258023097,221.0002082636259,1.2404264725547383
1980-07-06,5.606735625,198.0001865761875,1.1113323147049001
1980-07-07,5.266933466,186.0001752717502,1.0439788411044406
1980-07-08,5.323567159,188.00017714993731,1.055204420004815
1980-07-09,4.757230227,168.0001582974369,0.9429486306046447
1980-07-10,4.360794375,154.0001451148125,0.8643695781038111
1980-07-11,4.020992216,142.0001338103752,0.7970161045033517
1980-07-12,3.851091137,136.0001281758139,0.763339367802229
1980-07-13,3.794457443,134.0001262623121,0.752113788703641
1980-07-14,3.681190057,130.0001225059379,0.7296626309028924
1980-07-15,3.256437358,115.0001083665626,0.6454707888527648
1980-07-16,2.916635199,103.0000970621253,0.5781173152523055
1980-07-17,2.718417273,96.0000904708131,0.5388277890018887
1980-07-18,2.520199347,89.0000838795009,0.4995382627514719
1980-07-19,2.350298267,83.0000782096249,0.4658615258521352
1980-07-20,2.237030881,79.0000744532507,0.4434103680513867
1980-07-21,2.152080341,76.0000716183127,0.42657199960171843
1980-07-22,2.067129801,73.0000687833747,0.40973363115205014
1980-07-23,2.123763494,75.0000706615618,0.42095921005242437
1980-07-24,2.038812955,72.0000678619385,0.4041208418009699
1980-07-25,2.152080341,76.0000716183127,0.42657199960171843
1980-07-26,2.237030881,79.0000744532507,0.4434103680513867
1980-07-27,2.237030881,79.0000744532507,0.4434103680513867
1980-07-28,1.670693949,59.0000556007503,0.33115457865121656
1980-07-29,1.614060256,57.0000537225632,0.31992899975084227
1980-07-30,1.812278182,64.00006031387541,0.3592185260012591
1980-07-31,1.557426563,55.0000518443761,0.308703420850468
1980-08-01,1.444159176,51.000048052687205,0.28625226285150573
1980-08-02,1.472476023,52.0000490094381,0.29186505240079974
1980-08-03,1.444159176,51.000048052687205,0.28625226285150573
1980-08-04,1.359208636,48.000045217749204,0.2694138944018374
1980-08-05,1.33089179,47.000044296313,0.26380110505075716
1980-08-06,1.302574943,46.000043339562104,0.25818831550146315
1980-08-07,1.24594125,44.000041461375005,0.2469627366010889
1980-08-08,1.24594125,44.000041461375005,0.2469627366010889
1980-08-09,1.274258097,45.0000424181259,0.2525755261503829
1980-08-10,1.217624403,43.0000405046241,0.24134994705179488
1980-08-11,1.16099071,41.000038626437004,0.23012436815142062
1980-08-12,1.132673864,40.0000377050008,0.22451157880034037
1980-08-13,1.387525483,49.0000461745001,0.27502668395113145
1980-08-14,1.274258097,45.0000424181259,0.2525755261503829
1980-08-15,1.359208636,48.000045217749204,0.2694138944018374
1980-08-16,1.217624403,43.0000405046241,0.24134994705179488
1980-08-17,1.132673864,40.0000377050008,0.22451157880034037
1980-08-18,1.07604017,38.000035791499,0.2132859997017523
1980-08-19,1.047723324,37.0000348700628,0.20767321035067204
1980-08-20,0.991089631,35.000032991875706,0.19644763145029784
1980-08-21,0.962772784,34.0000320351248,0.1908348419010038
1980-08-22,0.934455938,33.00003111368861,0.18522205254992358
1980-08-23,1.189307557,42.000039583187906,0.23573715770071466
1980-08-24,1.585743409,56.000052765812306,0.31431621020154826
1980-08-25,1.783961335,63.000059357124506,0.3536057364519651
1980-08-26,1.359208636,48.000045217749204,0.2694138944018374
1980-08-27,1.189307557,42.000039583187906,0.23573715770071466
1980-08-28,1.07604017,38.000035791499,0.2132859997017523
1980-08-29,1.019406477,36.0000339133119,0.20206042080137807
1980-08-30,0.991089631,35.000032991875706,0.19644763145029784
1980-08-31,0.991089631,35.000032991875706,0.19644763145029784
1980-09-01,0.934455938,33.00003111368861,0.18522205254992358
1980-09-02,0.906139091,32.000030156937704,0.17960926300062954
1980-09-03,0.877822244,31.000029200186802,0.1739964734513355
1980-09-04,0.849505398,30.0000282787506,0.16838368410025528
1980-09-05,0.849505398,30.0000282787506,0.16838368410025528
1980-09-06,0.906139091,32.000030156937704,0.17960926300062954
1980-09-07,1.019406477,36.0000339133119,0.20206042080137807
1980-09-08,0.991089631,35.000032991875706,0.19644763145029784
1980-09-09,1.670693949,59.0000556007503,0.33115457865121656
1980-09-10,3.90772483,138.000130054001,0.7745649467026032
1980-09-11,3.681190057,130.0001225059379,0.7296626309028924
1980-09-12,2.265347727,80.0000753746869,0.44902315740246695
1980-09-13,1.783961335,63.000059357124506,0.3536057364519651
1980-09-14,1.500792869,53.000049930874304,0.29747784175187997
1980-09-15,1.359208636,48.000045217749204,0.2694138944018374
1980-09-16,1.217624403,43.0000405046241,0.24134994705179488
1980-09-17,1.16099071,41.000038626437004,0.23012436815142062
1980-09-18,1.07604017,38.000035791499,0.2132859997017523
1980-09-19,1.019406477,36.0000339133119,0.20206042080137807
1980-09-20,0.991089631,35.000032991875706,0.19644763145029784
1980-09-21,0.962772784,34.0000320351248,0.1908348419010038
1980-09-22,0.934455938,33.00003111368861,0.18522205254992358
1980-09-23,0.906139091,32.000030156937704,0.17960926300062954
1980-09-24,0.906139091,32.000030156937704,0.17960926300062954
1980-09-25,0.877822244,31.000029200186802,0.1739964734513355
1980-09-26,0.849505398,30.0000282787506,0.16838368410025528
1980-09-27,0.849505398,30.0000282787506,0.16838368410025528
1980-09-28,0.849505398,30.0000282787506,0.16838368410025528
1980-09-29,0.849505398,30.0000282787506,0.16838368410025528
1980-09-30,0.792871705,28.000026400563502,0.15715810519988102
1980-10-01,,,
1980-10-02,,,
1980-10-03,,,
1980-10-04,,,
1980-10-05,,,
1980-10-06,,,
1980-10-07,,,
1980-10-08,,,
1980-10-09,,,
1980-10-10,,,
1980-10-11,,,
1980-10-12,,,
1980-10-13,,,
1980-10-14,,,
1980-10-15,,,
1980-10-16,,,
1980-10-17,,,
1980-10-18,,,
1980-10-19,,,
1980-10-20,,,
1980-10-21,,,
1980-10-22,,,
1980-10-23,,,
1980-10-24,,,
1980-10-25,,,
1980-10-26,,,
1980-10-27,,,
1980-10-28,,,
1980-10-29,,,
1980-10-30,,,
1980-10-31,,,
1980-11-01,,,
1980-11-02,,,
1980-11-03,,,
1980-11-04,,,
1980-11-05,,,
1980-11-06,,,
1980-11-07,,,
1980-11-08,,,
1980-11-09,,,
1980-11-10,,,
1980-11-11,,,
1980-11-12,,,
1980-11-13,,,
1980-11-14,,,
1980-11-15,,,
1980-11-16,,,
1980-11-17,,,
1980-11-18,,,
1980-11-19,,,
1980-11-20,,,
1980-11-21,,,
1980-11-22,,,
1980-11-23,,,
1980-11-24,,,
1980-11-25,,,
1980-11-26,,,
1980-11-27,,,
1980-11-28,,,
1980-11-29,,,
1980-11-30,,,
1980-12-01,,,
1980-12-02,,,
1980-12-03,,,
1980-12-04,,,
1980-12-05,,,
1980-12-06,,,
1980-12-07,,,
1980-12-08,,,
1980-12-09,,,
1980-12-10,,,
1980-12-11,,,
1980-12-12,,,
1980-12-13,,,
1980-12-14,,,
1980-12-15,,,
1980-12-16,,,
1980-12-17,,,
1980-12-18,,,
1980-12-19,,,
1980-12-20,,,
1980-12-21,,,
1980-12-22,,,
1980-12-23,,,
1980-12-24,,,
1980-12-25,,,
1980-12-26,,,
1980-12-27,,,
1980-12-28,,,
1980-12-29,,,
1980-12-30,,,
1980-12-31,,,
1981-01-01,,,
1981-01-02,,,
1981-01-03,,,
1981-01-04,,,
1981-01-05,,,
1981-01-06,,,
1981-01-07,,,
1981-01-08,,,
1981-01-09,,,
1981-01-10,,,
1981-01-11,,,
1981-01-12,,,
1981-01-13,,,
1981-01-14,,,
1981-01-15,,,
1981-01-16,,,
1981-01-17,,,
1981-01-18,,,
1981-01-19,,,
1981-01-20,,,
1981-01-21,,,
1981-01-22,,,
1981-01-23,,,
1981-01-24,,,
1981-01-25,,,
1981-01-26,,,
1981-01-27,,,
1981-01-28,,,
1981-01-29,,,
1981-01-30,,,
1981-01-31,,,
1981-02-01,,,
1981-02-02,,,
1981-02-03,,,
1981-02-04,,,
1981-02-05,,,
1981-02-06,,,
1981-02-07,,,
1981-02-08,,,
1981-02-09,,,
1981-02-10,,,
1981-02-11,,,
1981-02-12,,,
1981-02-13,,,
1981-02-14,,,
1981-02-15,,,
1981-02-16,,,
1981-02-17,,,
1981-02-18,,,
1981-02-19,,,
1981-02-20,,,
1981-02-21,,,
1981-02-22,,,
1981-02-23,,,
1981-02-24,,,
1981-02-25,,,
1981-02-26,,,
1981-02-27,,,
1981-02-28,,,
1981-03-01,,,
1981-03-02,,,
1981-03-03,,,
1981-03-04,,,
1981-03-05,,,
1981-03-06,,,
1981-03-07,,,
1981-03-08,,,
1981-03-09,,,
1981-03-10,,,
1981-03-11,,,
1981-03-12,,,
1981-03-13,,,
1981-03-14,,,
1981-03-15,,,
1981-03-16,,,
1981-03-17,,,
1981-03-18,,,
1981-03-19,,,
1981-03-20,,,
1981-03-21,,,
1981-03-22,,,
1981-03-23,,,
1981-03-24,,,
1981-03-25,,,
1981-03-26,,,
1981-03-27,,,
1981-03-28,,,
1981-03-29,,,
1981-03-30,,,
1981-03-31,,,
1981-04-01,,,
1981-04-02,,,
1981-04-03,,,
1981-04-04,,,
1981-04-05,,,
1981-04-06,,,
1981-04-07,,,
1981-04-08,,,
1981-04-09,,,
1981-04-10,,,
1981-04-11,,,
1981-04-12,,,
1981-04-13,,,
1981-04-14,,,
1981-04-15,,,
1981-04-16,,,
1981-04-17,,,
1981-04-18,,,
1981-04-19,,,
1981-04-20,,,
1981-04-21,,,
1981-04-22,,,
1981-04-23,,,
1981-04-24,,,
1981-04-25,,,
1981-04-26,,,
1981-04-27,,,
1981-04-28,,,
1981-04-29,,,
1981-04-30,,,
1981-05-01,,,
1981-05-02,,,
1981-05-03,,,
1981-05-04,,,
1981-05-05,,,
1981-05-06,,,
1981-05-07,,,
1981-05-08,,,
1981-05-09,,,
1981-05-10,,,
1981-05-11,,,
1981-05-12,,,
1981-05-13,,,
1981-05-14,,,
1981-05-15,,,
1981-05-16,,,
1981-05-17,,,
1981-05-18,,,
1981-05-19,,,
1981-05-20,,,
1981-05-21,,,
1981-05-22,,,
1981-05-23,,,
1981-05-24,,,
1981-05-25,,,
1981-05-26,,,
1981-05-27,,,
1981-05-28,,,
1981-05-29,,,
1981-05-30,,,
1981-05-31,,,
1981-06-01,,,
1981-06-02,,,
1981-06-03,,,
1981-06-04,,,
1981-06-05,,,
1981-06-06,,,
1981-06-07,,,
1981-06-08,,,
1981-06-09,,,
1981-06-10,,,
1981-06-11,,,
1981-06-12,,,
1981-06-13,,,
1981-06-14,,,
1981-06-15,,,
1981-06-16,,,
1981-06-17,,,
1981-06-18,,,
1981-06-19,,,
1981-06-20,,,
1981-06-21,,,
1981-06-22,,,
1981-06-23,,,
1981-06-24,,,
1981-06-25,,,
1981-06-26,,,
1981-06-27,,,
1981-06-28,,,
1981-06-29,,,
1981-06-30,,,
1981-07-01,,,
1981-07-02,,,
1981-07-03,,,
1981-07-04,,,
1981-07-05,,,
1981-07-06,,,
1981-07-07,,,
1981-07-08,,,
1981-07-09,,,
1981-07-10,,,
1981-07-11,,,
1981-07-12,,,
1981-07-13,,,
1981-07-14,,,
1981-07-15,,,
1981-07-16,,,
1981-07-17,,,
1981-07-18,,,
1981-07-19,,,
1981-07-20,,,
1981-07-21,,,
1981-07-22,,,
1981-07-23,,,
1981-07-24,,,
1981-07-25,,,
1981-07-26,,,
1981-07-27,,,
1981-07-28,,,
1981-07-29,,,
1981-07-30,,,
1981-07-31,,,
1981-08-01,,,
1981-08-02,,,
1981-08-03,,,
1981-08-04,,,
1981-08-05,,,
1981-08-06,,,
1981-08-07,,,
1981-08-08,,,
1981-08-09,,,
1981-08-10,,,
1981-08-11,,,
1981-08-12,,,
1981-08-13,,,
1981-08-14,,,
1981-08-15,,,
1981-08-16,,,
1981-08-17,,,
1981-08-18,,,
1981-08-19,,,
1981-08-20,,,
1981-08-21,,,
1981-08-22,,,
1981-08-23,,,
1981-08-24,,,
1981-08-25,,,
1981-08-26,,,
1981-08-27,,,
1981-08-28,,,
1981-08-29,,,
1981-08-30,,,
1981-08-31,,,
1981-09-01,,,
1981-09-02,,,
1981-09-03,,,
1981-09-04,,,
1981-09-05,,,
1981-09-06,,,
1981-09-07,,,
1981-09-08,,,
1981-09-09,,,
1981-09-10,,,
1981-09-11,,,
1981-09-12,,,
1981-09-13,,,
1981-09-14,,,
1981-09-15,,,
1981-09-16,,,
1981-09-17,,,
1981-09-18,,,
1981-09-19,,,
1981-09-20,,,
1981-09-21,,,
1981-09-22,,,
1981-09-23,,,
1981-09-24,,,
1981-09-25,,,
1981-09-26,,,
1981-09-27,,,
1981-09-28,,,
1981-09-29,,,
1981-09-30,,,
1981-10-01,,,
1981-10-02,,,
1981-10-03,,,
1981-10-04,,,
1981-10-05,,,
1981-10-06,,,
1981-10-07,,,
1981-10-08,,,
1981-10-09,,,
1981-10-10,,,
1981-10-11,,,
1981-10-12,,,
1981-10-13,,,
1981-10-14,,,
1981-10-15,,,
1981-10-16,,,
1981-10-17,,,
1981-10-18,,,
1981-10-19,,,
1981-10-20,,,
1981-10-21,,,
1981-10-22,,,
1981-10-23,,,
1981-10-24,,,
1981-10-25,,,
1981-10-26,,,
1981-10-27,,,
1981-10-28,,,
1981-10-29,,,
1981-10-30,,,
1981-10-31,,,
1981-11-01,,,
1981-11-02,,,
1981-11-03,,,
1981-11-04,,,
1981-11-05,,,
1981-11-06,,,
1981-11-07,,,
1981-11-08,,,
1981-11-09,,,
1981-11-10,,,
1981-11-11,,,
1981-11-12,,,
1981-11-13,,,
1981-11-14,,,
1981-11-15,,,
1981-11-16,,,
1981-11-17,,,
1981-11-18,,,
1981-11-19,,,
1981-11-20,,,
1981-11-21,,,
1981-11-22,,,
1981-11-23,,,
1981-11-24,,,
1981-11-25,,,
1981-11-26,,,
1981-11-27,,,
1981-11-28,,,
1981-11-29,,,
1981-11-30,,,
1981-12-01,,,
1981-12-02,,,
1981-12-03,,,
1981-12-04,,,
1981-12-05,,,
1981-12-06,,,
1981-12-07,,,
1981-12-08,,,
1981-12-09,,,
1981-12-10,,,
1981-12-11,,,
1981-12-12,,,
1981-12-13,,,
1981-12-14,,,
1981-12-15,,,
1981-12-16,,,
1981-12-17,,,
1981-12-18,,,
1981-12-19,,,
1981-12-20,,,
1981-12-21,,,
1981-12-22,,,
1981-12-23,,,
1981-12-24,,,
1981-12-25,,,
1981-12-26,,,
1981-12-27,,,
1981-12-28,,,
1981-12-29,,,
1981-12-30,,,
1981-12-31,,,
1982-01-01,,,
1982-01-02,,,
1982-01-03,,,
1982-01-04,,,
1982-01-05,,,
1982-01-06,,,
1982-01-07,,,
1982-01-08,,,
1982-01-09,,,
1982-01-10,,,
1982-01-11,,,
1982-01-12,,,
1982-01-13,,,
1982-01-14,,,
1982-01-15,,,
1982-01-16,,,
1982-01-17,,,
1982-01-18,,,
1982-01-19,,,
1982-01-20,,,
1982-01-21,,,
1982-01-22,,,
1982-01-23,,,
1982-01-24,,,
1982-01-25,,,
1982-01-26,,,
1982-01-27,,,
1982-01-28,,,
1982-01-29,,,
1982-01-30,,,
1982-01-31,,,
1982-02-01,,,
1982-02-02,,,
1982-02-03,,,
1982-02-04,,,
1982-02-05,,,
1982-02-06,,,
1982-02-07,,,
1982-02-08,,,
1982-02-09,,,
1982-02-10,,,
1982-02-11,,,
1982-02-12,,,
1982-02-13,,,
1982-02-14,,,
1982-02-15,,,
1982-02-16,,,
1982-02-17,,,
1982-02-18,,,
1982-02-19,,,
1982-02-20,,,
1982-02-21,,,
1982-02-22,,,
1982-02-23,,,
1982-02-24,,,
1982-02-25,,,
1982-02-26,,,
1982-02-27,,,
1982-02-28,,,
1982-03-01,,,
1982-03-02,,,
1982-03-03,,,
1982-03-04,,,
1982-03-05,,,
1982-03-06,,,
1982-03-07,,,
1982-03-08,,,
1982-03-09,,,
1982-03-10,,,
1982-03-11,,,
1982-03-12,,,
1982-03-13,,,
1982-03-14,,,
1982-03-15,,,
1982-03-16,,,
1982-03-17,,,
1982-03-18,,,
1982-03-19,,,
1982-03-20,,,
1982-03-21,,,
1982-03-22,,,
1982-03-23,,,
1982-03-24,,,
1982-03-25,,,
1982-03-26,,,
1982-03-27,,,
1982-03-28,,,
1982-03-29,,,
1982-03-30,,,
1982-03-31,,,
1982-04-01,,,
1982-04-02,,,
1982-04-03,,,
1982-04-04,,,
1982-04-05,,,
1982-04-06,,,
1982-04-07,,,
1982-04-08,,,
1982-04-09,,,
1982-04-10,,,
1982-04-11,,,
1982-04-12,,,
1982-04-13,,,
1982-04-14,,,
1982-04-15,,,
1982-04-16,,,
1982-04-17,,,
1982-04-18,,,
1982-04-19,,,
1982-04-20,,,
1982-04-21,,,
1982-04-22,,,
1982-04-23,,,
1982-04-24,,,
1982-04-25,,,
1982-04-26,,,
1982-04-27,,,
1982-04-28,,,
1982-04-29,,,
1982-04-30,,,
1982-05-01,,,
1982-05-02,,,
1982-05-03,,,
1982-05-04,,,
1982-05-05,,,
1982-05-06,,,
1982-05-07,,,
1982-05-08,,,
1982-05-09,,,
1982-05-10,,,
1982-05-11,,,
1982-05-12,,,
1982-05-13,,,
1982-05-14,,,
1982-05-15,,,
1982-05-16,,,
1982-05-17,,,
1982-05-18,,,
1982-05-19,,,
1982-05-20,,,
1982-05-21,,,
1982-05-22,,,
1982-05-23,,,
1982-05-24,,,
1982-05-25,,,
1982-05-26,,,
1982-05-27,,,
1982-05-28,,,
1982-05-29,,,
1982-05-30,,,
1982-05-31,,,
1982-06-01,,,
1982-06-02,,,
1982-06-03,,,
1982-06-04,,,
1982-06-05,,,
1982-06-06,,,
1982-06-07,,,
1982-06-08,,,
1982-06-09,,,
1982-06-10,,,
1982-06-11,,,
1982-06-12,,,
1982-06-13,,,
1982-06-14,,,
1982-06-15,,,
1982-06-16,,,
1982-06-17,,,
1982-06-18,,,
1982-06-19,,,
1982-06-20,,,
1982-06-21,,,
1982-06-22,,,
1982-06-23,,,
1982-06-24,,,
1982-06-25,,,
1982-06-26,,,
1982-06-27,,,
1982-06-28,,,
1982-06-29,,,
1982-06-30,,,
1982-07-01,,,
1982-07-02,,,
1982-07-03,,,
1982-07-04,,,
1982-07-05,,,
1982-07-06,,,
1982-07-07,,,
1982-07-08,,,
1982-07-09,,,
1982-07-10,,,
1982-07-11,,,
1982-07-12,,,
1982-07-13,,,
1982-07-14,,,
1982-07-15,,,
1982-07-16,,,
1982-07-17,,,
1982-07-18,,,
1982-07-19,,,
1982-07-20,,,
1982-07-21,,,
1982-07-22,,,
1982-07-23,,,
1982-07-24,,,
1982-07-25,,,
1982-07-26,,,
1982-07-27,,,
1982-07-28,,,
1982-07-29,,,
1982-07-30,,,
1982-07-31,,,
1982-08-01,,,
1982-08-02,,,
1982-08-03,,,
1982-08-04,,,
1982-08-05,,,
1982-08-06,,,
1982-08-07,,,
1982-08-08,,,
1982-08-09,,,
1982-08-10,,,
1982-08-11,,,
1982-08-12,,,
1982-08-13,,,
1982-08-14,,,
1982-08-15,,,
1982-08-16,,,
1982-08-17,,,
1982-08-18,,,
1982-08-19,,,
1982-08-20,,,
1982-08-21,,,
1982-08-22,,,
1982-08-23,,,
1982-08-24,,,
1982-08-25,,,
1982-08-26,,,
1982-08-27,,,
1982-08-28,,,
1982-08-29,,,
1982-08-30,,,
1982-08-31,,,
1982-09-01,,,
1982-09-02,,,
1982-09-03,,,
1982-09-04,,,
1982-09-05,,,
1982-09-06,,,
1982-09-07,,,
1982-09-08,,,
1982-09-09,,,
1982-09-10,,,
1982-09-11,,,
1982-09-12,,,
1982-09-13,,,
1982-09-14,,,
1982-09-15,,,
1982-09-16,,,
1982-09-17,,,
1982-09-18,,,
1982-09-19,,,
1982-09-20,,,
1982-09-21,,,
1982-09-22,,,
1982-09-23,,,
1982-09-24,,,
1982-09-25,,,
1982-09-26,,,
1982-09-27,,,
1982-09-28,,,
1982-09-29,,,
1982-09-30,,,
1982-10-01,,,
1982-10-02,,,
1982-10-03,,,
1982-10-04,,,
1982-10-05,,,
1982-10-06,,,
1982-10-07,,,
1982-10-08,,,
1982-10-09,,,
1982-10-10,,,
1982-10-11,,,
1982-10-12,,,
1982-10-13,,,
1982-10-14,,,
1982-10-15,,,
1982-10-16,,,
1982-10-17,,,
1982-10-18,,,
1982-10-19,,,
1982-10-20,,,
1982-10-21,,,
1982-10-22,,,
1982-10-23,,,
1982-10-24,,,
1982-10-25,,,
1982-10-26,,,
1982-10-27,,,
1982-10-28,,,
1982-10-29,,,
1982-10-30,,,
1982-10-31,,,
1982-11-01,,,
1982-11-02,,,
1982-11-03,,,
1982-11-04,,,
1982-11-05,,,
1982-11-06,,,
1982-11-07,,,
1982-11-08,,,
1982-11-09,,,
1982-11-10,,,
1982-11-11,,,
1982-11-12,,,
1982-11-13,,,
1982-11-14,,,
1982-11-15,,,
1982-11-16,,,
1982-11-17,,,
1982-11-18,,,
1982-11-19,,,
1982-11-20,,,
1982-11-21,,,
1982-11-22,,,
1982-11-23,,,
1982-11-24,,,
1982-11-25,,,
1982-11-26,,,
1982-11-27,,,
1982-11-28,,,
1982-11-29,,,
1982-11-30,,,
1982-12-01,,,
1982-12-02,,,
1982-12-03,,,
1982-12-04,,,
1982-12-05,,,
1982-12-06,,,
1982-12-07,,,
1982-12-08,,,
1982-12-09,,,
1982-12-10,,,
1982-12-11,,,
1982-12-12,,,
1982-12-13,,,
1982-12-14,,,
1982-12-15,,,
1982-12-16,,,
1982-12-17,,,
1982-12-18,,,
1982-12-19,,,
1982-12-20,,,
1982-12-21,,,
1982-12-22,,,
1982-12-23,,,
1982-12-24,,,
1982-12-25,,,
1982-12-26,,,
1982-12-27,,,
1982-12-28,,,
1982-12-29,,,
1982-12-30,,,
1982-12-31,,,
1983-01-01,,,
1983-01-02,,,
1983-01-03,,,
1983-01-04,,,
1983-01-05,,,
1983-01-06,,,
1983-01-07,,,
1983-01-08,,,
1983-01-09,,,
1983-01-10,,,
1983-01-11,,,
1983-01-12,,,
1983-01-13,,,
1983-01-14,,,
1983-01-15,,,
1983-01-16,,,
1983-01-17,,,
1983-01-18,,,
1983-01-19,,,
1983-01-20,,,
1983-01-21,,,
1983-01-22,,,
1983-01-23,,,
1983-01-24,,,
1983-01-25,,,
1983-01-26,,,
1983-01-27,,,
1983-01-28,,,
1983-01-29,,,
1983-01-30,,,
1983-01-31,,,
1983-02-01,,,
1983-02-02,,,
1983-02-03,,,
1983-02-04,,,
1983-02-05,,,
1983-02-06,,,
1983-02-07,,,
1983-02-08,,,
1983-02-09,,,
1983-02-10,,,
1983-02-11,,,
1983-02-12,,,
1983-02-13,,,
1983-02-14,,,
1983-02-15,,,
1983-02-16,,,
1983-02-17,,,
1983-02-18,,,
1983-02-19,,,
1983-02-20,,,
1983-02-21,,,
1983-02-22,,,
1983-02-23,,,
1983-02-24,,,
1983-02-25,,,
1983-02-26,,,
1983-02-27,,,
1983-02-28,,,
1983-03-01,,,
1983-03-02,,,
1983-03-03,,,
1983-03-04,,,
1983-03-05,,,
1983-03-06,,,
1983-03-07,,,
1983-03-08,,,
1983-03-09,,,
1983-03-10,,,
1983-03-11,,,
1983-03-12,,,
1983-03-13,,,
1983-03-14,,,
1983-03-15,,,
1983-03-16,,,
1983-03-17,,,
1983-03-18,,,
1983-03-19,,,
1983-03-20,,,
1983-03-21,,,
1983-03-22,,,
1983-03-23,,,
1983-03-24,,,
1983-03-25,,,
1983-03-26,,,
1983-03-27,,,
1983-03-28,,,
1983-03-29,,,
1983-03-30,,,
1983-03-31,,,
1983-04-01,,,
1983-04-02,,,
1983-04-03,,,
1983-04-04,,,
1983-04-05,,,
1983-04-06,,,
1983-04-07,,,
1983-04-08,,,
1983-04-09,,,
1983-04-10,,,
1983-04-11,,,
1983-04-12,,,
1983-04-13,,,
1983-04-14,,,
1983-04-15,,,
1983-04-16,,,
1983-04-17,,,
1983-04-18,,,
1983-04-19,,,
1983-04-20,,,
1983-04-21,,,
1983-04-22,,,
1983-04-23,,,
1983-04-24,,,
1983-04-25,,,
1983-04-26,,,
1983-04-27,,,
1983-04-28,,,
1983-04-29,,,
1983-04-30,,,
1983-05-01,,,
1983-05-02,,,
1983-05-03,,,
1983-05-04,,,
1983-05-05,,,
1983-05-06,,,
1983-05-07,,,
1983-05-08,,,
1983-05-09,,,
1983-05-10,,,
1983-05-11,,,
1983-05-12,,,
1983-05-13,,,
1983-05-14,,,
1983-05-15,,,
1983-05-16,,,
1983-05-17,,,
1983-05-18,,,
1983-05-19,,,
1983-05-20,,,
1983-05-21,,,
1983-05-22,,,
1983-05-23,,,
1983-05-24,,,
1983-05-25,,,
1983-05-26,,,
1983-05-27,,,
1983-05-28,,,
1983-05-29,,,
1983-05-30,,,
1983-05-31,,,
1983-06-01,,,
1983-06-02,,,
1983-06-03,,,
1983-06-04,,,
1983-06-05,,,
1983-06-06,,,
1983-06-07,,,
1983-06-08,,,
1983-06-09,,,
1983-06-10,,,
1983-06-11,,,
1983-06-12,,,
1983-06-13,,,
1983-06-14,,,
1983-06-15,,,
1983-06-16,,,
1983-06-17,,,
1983-06-18,,,
1983-06-19,,,
1983-06-20,,,
1983-06-21,,,
1983-06-22,,,
1983-06-23,,,
1983-06-24,,,
1983-06-25,,,
1983-06-26,,,
1983-06-27,,,
1983-06-28,,,
1983-06-29,,,
1983-06-30,,,
1983-07-01,,,
1983-07-02,,,
1983-07-03,,,
1983-07-04,,,
1983-07-05,,,
1983-07-06,,,
1983-07-07,,,
1983-07-08,,,
1983-07-09,,,
1983-07-10,,,
1983-07-11,,,
1983-07-12,,,
1983-07-13,,,
1983-07-14,,,
1983-07-15,,,
1983-07-16,,,
1983-07-17,,,
1983-07-18,,,
1983-07-19,,,
1983-07-20,,,
1983-07-21,,,
1983-07-22,,,
1983-07-23,,,
1983-07-24,,,
1983-07-25,,,
1983-07-26,,,
1983-07-27,,,
1983-07-28,,,
1983-07-29,,,
1983-07-30,,,
1983-07-31,,,
1983-08-01,,,
1983-08-02,,,
1983-08-03,,,
1983-08-04,,,
1983-08-05,,,
1983-08-06,,,
1983-08-07,,,
1983-08-08,,,
1983-08-09,,,
1983-08-10,,,
1983-08-11,,,
1983-08-12,,,
1983-08-13,,,
1983-08-14,,,
1983-08-15,,,
1983-08-16,,,
1983-08-17,,,
1983-08-18,,,
1983-08-19,,,
1983-08-20,,,
1983-08-21,,,
1983-08-22,,,
1983-08-23,,,
1983-08-24,,,
1983-08-25,,,
1983-08-26,,,
1983-08-27,,,
1983-08-28,,,
1983-08-29,,,
1983-08-30,,,
1983-08-31,,,
1983-09-01,,,
1983-09-02,,,
1983-09-03,,,
1983-09-04,,,
1983-09-05,,,
1983-09-06,,,
1983-09-07,,,
1983-09-08,,,
1983-09-09,,,
1983-09-10,,,
1983-09-11,,,
1983-09-12,,,
1983-09-13,,,
1983-09-14,,,
1983-09-15,,,
1983-09-16,,,
1983-09-17,,,
1983-09-18,,,
1983-09-19,,,
1983-09-20,,,
1983-09-21,,,
1983-09-22,,,
1983-09-23,,,
1983-09-24,,,
1983-09-25,,,
1983-09-26,,,
1983-09-27,,,
1983-09-28,,,
1983-09-29,,,
1983-09-30,,,
1983-10-01,,,
1983-10-02,,,
1983-10-03,,,
1983-10-04,,,
1983-10-05,,,
1983-10-06,,,
1983-10-07,,,
1983-10-08,,,
1983-10-09,,,
1983-10-10,,,
1983-10-11,,,
1983-10-12,,,
1983-10-13,,,
1983-10-14,,,
1983-10-15,,,
1983-10-16,,,
1983-10-17,,,
1983-10-18,,,
1983-10-19,,,
1983-10-20,,,
1983-10-21,,,
1983-10-22,,,
1983-10-23,,,
1983-10-24,,,
1983-10-25,,,
1983-10-26,,,
1983-10-27,,,
1983-10-28,,,
1983-10-29,,,
1983-10-30,,,
1983-10-31,,,
1983-11-01,,,
1983-11-02,,,
1983-11-03,,,
1983-11-04,,,
1983-11-05,,,
1983-11-06,,,
1983-11-07,,,
1983-11-08,,,
1983-11-09,,,
1983-11-10,,,
1983-11-11,,,
1983-11-12,,,
1983-11-13,,,
1983-11-14,,,
1983-11-15,,,
1983-11-16,,,
1983-11-17,,,
1983-11-18,,,
1983-11-19,,,
1983-11-20,,,
1983-11-21,,,
1983-11-22,,,
1983-11-23,,,
1983-11-24,,,
1983-11-25,,,
1983-11-26,,,
1983-11-27,,,
1983-11-28,,,
1983-11-29,,,
1983-11-30,,,
1983-12-01,,,
1983-12-02,,,
1983-12-03,,,
1983-12-04,,,
1983-12-05,,,
1983-12-06,,,
1983-12-07,,,
1983-12-08,,,
1983-12-09,,,
1983-12-10,,,
1983-12-11,,,
1983-12-12,,,
1983-12-13,,,
1983-12-14,,,
1983-12-15,,,
1983-12-16,,,
1983-12-17,,,
1983-12-18,,,
1983-12-19,,,
1983-12-20,,,
1983-12-21,,,
1983-12-22,,,
1983-12-23,,,
1983-12-24,,,
1983-12-25,,,
1983-12-26,,,
1983-12-27,,,
1983-12-28,,,
1983-12-29,,,
1983-12-30,,,
1983-12-31,,,
1984-01-01,,,
1984-01-02,,,
1984-01-03,,,
1984-01-04,,,
1984-01-05,,,
1984-01-06,,,
1984-01-07,,,
1984-01-08,,,
1984-01-09,,,
1984-01-10,,,
1984-01-11,,,
1984-01-12,,,
1984-01-13,,,
1984-01-14,,,
1984-01-15,,,
1984-01-16,,,
1984-01-17,,,
1984-01-18,,,
1984-01-19,,,
1984-01-20,,,
1984-01-21,,,
1984-01-22,,,
1984-01-23,,,
1984-01-24,,,
1984-01-25,,,
1984-01-26,,,
1984-01-27,,,
1984-01-28,,,
1984-01-29,,,
1984-01-30,,,
1984-01-31,,,
1984-02-01,,,
1984-02-02,,,
1984-02-03,,,
1984-02-04,,,
1984-02-05,,,
1984-02-06,,,
1984-02-07,,,
1984-02-08,,,
1984-02-09,,,
1984-02-10,,,
1984-02-11,,,
1984-02-12,,,
1984-02-13,,,
1984-02-14,,,
1984-02-15,,,
1984-02-16,,,
1984-02-17,,,
1984-02-18,,,
1984-02-19,,,
1984-02-20,,,
1984-02-21,,,
1984-02-22,,,
1984-02-23,,,
1984-02-24,,,
1984-02-25,,,
1984-02-26,,,
1984-02-27,,,
1984-02-28,,,
1984-02-29,,,
1984-03-01,,,
1984-03-02,,,
1984-03-03,,,
1984-03-04,,,
1984-03-05,,,
1984-03-06,,,
1984-03-07,,,
1984-03-08,,,
1984-03-09,,,
1984-03-10,,,
1984-03-11,,,
1984-03-12,,,
1984-03-13,,,
1984-03-14,,,
1984-03-15,,,
1984-03-16,,,
1984-03-17,,,
1984-03-18,,,
1984-03-19,,,
1984-03-20,,,
1984-03-21,,,
1984-03-22,,,
1984-03-23,,,
1984-03-24,,,
1984-03-25,,,
1984-03-26,,,
1984-03-27,,,
1984-03-28,,,
1984-03-29,,,
1984-03-30,,,
1984-03-31,,,
1984-04-01,,,
1984-04-02,,,
1984-04-03,,,
1984-04-04,,,
1984-04-05,,,
1984-04-06,,,
1984-04-07,,,
1984-04-08,,,
1984-04-09,,,
1984-04-10,,,
1984-04-11,,,
1984-04-12,,,
1984-04-13,,,
1984-04-14,,,
1984-04-15,,,
1984-04-16,,,
1984-04-17,,,
1984-04-18,,,
1984-04-19,,,
1984-04-20,,,
1984-04-21,,,
1984-04-22,,,
1984-04-23,,,
1984-04-24,,,
1984-04-25,,,
1984-04-26,,,
1984-04-27,,,
1984-04-28,,,
1984-04-29,,,
1984-04-30,,,
1984-05-01,,,
1984-05-02,,,
1984-05-03,,,
1984-05-04,,,
1984-05-05,,,
1984-05-06,,,
1984-05-07,,,
1984-05-08,,,
1984-05-09,,,
1984-05-10,,,
1984-05-11,,,
1984-05-12,,,
1984-05-13,,,
1984-05-14,,,
1984-05-15,,,
1984-05-16,,,
1984-05-17,,,
1984-05-18,,,
1984-05-19,,,
1984-05-20,,,
1984-05-21,,,
1984-05-22,,,
1984-05-23,,,
1984-05-24,,,
1984-05-25,,,
1984-05-26,,,
1984-05-27,,,
1984-05-28,,,
1984-05-29,,,
1984-05-30,,,
1984-05-31,,,
1984-06-01,,,
1984-06-02,,,
1984-06-03,,,
1984-06-04,,,
1984-06-05,,,
1984-06-06,,,
1984-06-07,,,
1984-06-08,,,
1984-06-09,,,
1984-06-10,,,
1984-06-11,,,
1984-06-12,,,
1984-06-13,,,
1984-06-14,,,
1984-06-15,,,
1984-06-16,,,
1984-06-17,,,
1984-06-18,,,
1984-06-19,,,
1984-06-20,,,
1984-06-21,,,
1984-06-22,,,
1984-06-23,,,
1984-06-24,,,
1984-06-25,,,
1984-06-26,,,
1984-06-27,,,
1984-06-28,,,
1984-06-29,,,
1984-06-30,,,
1984-07-01,,,
1984-07-02,,,
1984-07-03,,,
1984-07-04,,,
1984-07-05,,,
1984-07-06,,,
1984-07-07,,,
1984-07-08,,,
1984-07-09,,,
1984-07-10,,,
1984-07-11,,,
1984-07-12,,,
1984-07-13,,,
1984-07-14,,,
1984-07-15,,,
1984-07-16,,,
1984-07-17,,,
1984-07-18,,,
1984-07-19,,,
1984-07-20,,,
1984-07-21,,,
1984-07-22,,,
1984-07-23,,,
1984-07-24,,,
1984-07-25,,,
1984-07-26,,,
1984-07-27,,,
1984-07-28,,,
1984-07-29,,,
1984-07-30,,,
1984-07-31,,,
1984-08-01,,,
1984-08-02,,,
1984-08-03,,,
1984-08-04,,,
1984-08-05,,,
1984-08-06,,,
1984-08-07,,,
1984-08-08,,,
1984-08-09,,,
1984-08-10,,,
1984-08-11,,,
1984-08-12,,,
1984-08-13,,,
1984-08-14,,,
1984-08-15,,,
1984-08-16,,,
1984-08-17,,,
1984-08-18,,,
1984-08-19,,,
1984-08-20,,,
1984-08-21,,,
1984-08-22,,,
1984-08-23,,,
1984-08-24,,,
1984-08-25,,,
1984-08-26,,,
1984-08-27,,,
1984-08-28,,,
1984-08-29,,,
1984-08-30,,,
1984-08-31,,,
1984-09-01,,,
1984-09-02,,,
1984-09-03,,,
1984-09-04,,,
1984-09-05,,,
1984-09-06,,,
1984-09-07,,,
1984-09-08,,,
1984-09-09,,,
1984-09-10,,,
1984-09-11,,,
1984-09-12,,,
1984-09-13,,,
1984-09-14,,,
1984-09-15,,,
1984-09-16,,,
1984-09-17,,,
1984-09-18,,,
1984-09-19,,,
1984-09-20,,,
1984-09-21,,,
1984-09-22,,,
1984-09-23,,,
1984-09-24,,,
1984-09-25,,,
1984-09-26,,,
1984-09-27,,,
1984-09-28,,,
1984-09-29,,,
1984-09-30,,,
1984-10-01,,,
1984-10-02,,,
1984-10-03,,,
1984-10-04,,,
1984-10-05,,,
1984-10-06,,,
1984-10-07,,,
1984-10-08,,,
1984-10-09,,,
1984-10-10,,,
1984-10-11,,,
1984-10-12,,,
1984-10-13,,,
1984-10-14,,,
1984-10-15,,,
1984-10-16,,,
1984-10-17,,,
1984-10-18,,,
1984-10-19,,,
1984-10-20,,,
1984-10-21,,,
1984-10-22,,,
1984-10-23,,,
1984-10-24,,,
1984-10-25,,,
1984-10-26,,,
1984-10-27,,,
1984-10-28,,,
1984-10-29,,,
1984-10-30,,,
1984-10-31,,,
1984-11-01,,,
1984-11-02,,,
1984-11-03,,,
1984-11-04,,,
1984-11-05,,,
1984-11-06,,,
1984-11-07,,,
1984-11-08,,,
1984-11-09,,,
1984-11-10,,,
1984-11-11,,,
1984-11-12,,,
1984-11-13,,,
1984-11-14,,,
1984-11-15,,,
1984-11-16,,,
1984-11-17,,,
1984-11-18,,,
1984-11-19,,,
1984-11-20,,,
1984-11-21,,,
1984-11-22,,,
1984-11-23,,,
1984-11-24,,,
1984-11-25,,,
1984-11-26,,,
1984-11-27,,,
1984-11-28,,,
1984-11-29,,,
1984-11-30,,,
1984-12-01,,,
1984-12-02,,,
1984-12-03,,,
1984-12-04,,,
1984-12-05,,,
1984-12-06,,,
1984-12-07,,,
1984-12-08,,,
1984-12-09,,,
1984-12-10,,,
1984-12-11,,,
1984-12-12,,,
1984-12-13,,,
1984-12-14,,,
1984-12-15,,,
1984-12-16,,,
1984-12-17,,,
1984-12-18,,,
1984-12-19,,,
1984-12-20,,,
1984-12-21,,,
1984-12-22,,,
1984-12-23,,,
1984-12-24,,,
1984-12-25,,,
1984-12-26,,,
1984-12-27,,,
1984-12-28,,,
1984-12-29,,,
1984-12-30,,,
1984-12-31,,,
1985-01-01,,,
1985-01-02,,,
1985-01-03,,,
1985-01-04,,,
1985-01-05,,,
1985-01-06,,,
1985-01-07,,,
1985-01-08,,,
1985-01-09,,,
1985-01-10,,,
1985-01-11,,,
1985-01-12,,,
1985-01-13,,,
1985-01-14,,,
1985-01-15,,,
1985-01-16,,,
1985-01-17,,,
1985-01-18,,,
1985-01-19,,,
1985-01-20,,,
1985-01-21,,,
1985-01-22,,,
1985-01-23,,,
1985-01-24,,,
1985-01-25,,,
1985-01-26,,,
1985-01-27,,,
1985-01-28,,,
1985-01-29,,,
1985-01-30,,,
1985-01-31,,,
1985-02-01,,,
1985-02-02,,,
1985-02-03,,,
1985-02-04,,,
1985-02-05,,,
1985-02-06,,,
1985-02-07,,,
1985-02-08,,,
1985-02-09,,,
1985-02-10,,,
1985-02-11,,,
1985-02-12,,,
1985-02-13,,,
1985-02-14,,,
1985-02-15,,,
1985-02-16,,,
1985-02-17,,,
1985-02-18,,,
1985-02-19,,,
1985-02-20,,,
1985-02-21,,,
1985-02-22,,,
1985-02-23,,,
1985-02-24,,,
1985-02-25,,,
1985-02-26,,,
1985-02-27,,,
1985-02-28,,,
1985-03-01,,,
1985-03-02,,,
1985-03-03,,,
1985-03-04,,,
1985-03-05,,,
1985-03-06,,,
1985-03-07,,,
1985-03-08,,,
1985-03-09,,,
1985-03-10,,,
1985-03-11,,,
1985-03-12,,,
1985-03-13,,,
1985-03-14,,,
1985-03-15,,,
1985-03-16,,,
1985-03-17,,,
1985-03-18,,,
1985-03-19,,,
1985-03-20,,,
1985-03-21,,,
1985-03-22,,,
1985-03-23,,,
1985-03-24,,,
1985-03-25,,,
1985-03-26,,,
1985-03-27,,,
1985-03-28,,,
1985-03-29,,,
1985-03-30,,,
1985-03-31,,,
1985-04-01,,,
1985-04-02,,,
1985-04-03,,,
1985-04-04,,,
1985-04-05,,,
1985-04-06,,,
1985-04-07,,,
1985-04-08,,,
1985-04-09,,,
1985-04-10,,,
1985-04-11,,,
1985-04-12,,,
1985-04-13,,,
1985-04-14,,,
1985-04-15,,,
1985-04-16,,,
1985-04-17,,,
1985-04-18,,,
1985-04-19,,,
1985-04-20,,,
1985-04-21,,,
1985-04-22,,,
1985-04-23,,,
1985-04-24,,,
1985-04-25,,,
1985-04-26,,,
1985-04-27,,,
1985-04-28,,,
1985-04-29,,,
1985-04-30,,,
1985-05-01,,,
1985-05-02,,,
1985-05-03,,,
1985-05-04,,,
1985-05-05,,,
1985-05-06,,,
1985-05-07,,,
1985-05-08,,,
1985-05-09,,,
1985-05-10,,,
1985-05-11,,,
1985-05-12,,,
1985-05-13,,,
1985-05-14,,,
1985-05-15,,,
1985-05-16,,,
1985-05-17,,,
1985-05-18,,,
1985-05-19,,,
1985-05-20,,,
1985-05-21,,,
1985-05-22,,,
1985-05-23,,,
1985-05-24,,,
1985-05-25,,,
1985-05-26,,,
1985-05-27,,,
1985-05-28,,,
1985-05-29,,,
1985-05-30,,,
1985-05-31,,,
1985-06-01,,,
1985-06-02,,,
1985-06-03,,,
1985-06-04,,,
1985-06-05,,,
1985-06-06,,,
1985-06-07,,,
1985-06-08,,,
1985-06-09,,,
1985-06-10,,,
1985-06-11,,,
1985-06-12,,,
1985-06-13,,,
1985-06-14,,,
1985-06-15,,,
1985-06-16,,,
1985-06-17,,,
1985-06-18,,,
1985-06-19,,,
1985-06-20,,,
1985-06-21,,,
1985-06-22,,,
1985-06-23,,,
1985-06-24,,,
1985-06-25,,,
1985-06-26,,,
1985-06-27,,,
1985-06-28,,,
1985-06-29,,,
1985-06-30,,,
1985-07-01,,,
1985-07-02,,,
1985-07-03,,,
1985-07-04,,,
1985-07-05,,,
1985-07-06,,,
1985-07-07,,,
1985-07-08,,,
1985-07-09,,,
1985-07-10,,,
1985-07-11,,,
1985-07-12,,,
1985-07-13,,,
1985-07-14,,,
1985-07-15,,,
1985-07-16,,,
1985-07-17,,,
1985-07-18,,,
1985-07-19,,,
1985-07-20,,,
1985-07-21,,,
1985-07-22,,,
1985-07-23,,,
1985-07-24,,,
1985-07-25,,,
1985-07-26,,,
1985-07-27,,,
1985-07-28,,,
1985-07-29,,,
1985-07-30,,,
1985-07-31,,,
1985-08-01,,,
1985-08-02,,,
1985-08-03,,,
1985-08-04,,,
1985-08-05,,,
1985-08-06,,,
1985-08-07,,,
1985-08-08,,,
1985-08-09,,,
1985-08-10,,,
1985-08-11,,,
1985-08-12,,,
1985-08-13,,,
1985-08-14,,,
1985-08-15,,,
1985-08-16,,,
1985-08-17,,,
1985-08-18,,,
1985-08-19,,,
1985-08-20,,,
1985-08-21,,,
1985-08-22,,,
1985-08-23,,,
1985-08-24,,,
1985-08-25,,,
1985-08-26,,,
1985-08-27,,,
1985-08-28,,,
1985-08-29,,,
1985-08-30,,,
1985-08-31,,,
1985-09-01,,,
1985-09-02,,,
1985-09-03,,,
1985-09-04,,,
1985-09-05,,,
1985-09-06,,,
1985-09-07,,,
1985-09-08,,,
1985-09-09,,,
1985-09-10,,,
1985-09-11,,,
1985-09-12,,,
1985-09-13,,,
1985-09-14,,,
1985-09-15,,,
1985-09-16,,,
1985-09-17,,,
1985-09-18,,,
1985-09-19,,,
1985-09-20,,,
1985-09-21,,,
1985-09-22,,,
1985-09-23,,,
1985-09-24,,,
1985-09-25,,,
1985-09-26,,,
1985-09-27,,,
1985-09-28,,,
1985-09-29,,,
1985-09-30,,,
1985-10-01,,,
1985-10-02,,,
1985-10-03,,,
1985-10-04,,,
1985-10-05,,,
1985-10-06,,,
1985-10-07,,,
1985-10-08,,,
1985-10-09,,,
1985-10-10,,,
1985-10-11,,,
1985-10-12,,,
1985-10-13,,,
1985-10-14,,,
1985-10-15,,,
1985-10-16,,,
1985-10-17,,,
1985-10-18,,,
1985-10-19,,,
1985-10-20,,,
1985-10-21,,,
1985-10-22,,,
1985-10-23,,,
1985-10-24,,,
1985-10-25,,,
1985-10-26,,,
1985-10-27,,,
1985-10-28,,,
1985-10-29,,,
1985-10-30,,,
1985-10-31,,,
1985-11-01,,,
1985-11-02,,,
1985-11-03,,,
1985-11-04,,,
1985-11-05,,,
1985-11-06,,,
1985-11-07,,,
1985-11-08,,,
1985-11-09,,,
1985-11-10,,,
1985-11-11,,,
1985-11-12,,,
1985-11-13,,,
1985-11-14,,,
1985-11-15,,,
1985-11-16,,,
1985-11-17,,,
1985-11-18,,,
1985-11-19,,,
1985-11-20,,,
1985-11-21,,,
1985-11-22,,,
1985-11-23,,,
1985-11-24,,,
1985-11-25,,,
1985-11-26,,,
1985-11-27,,,
1985-11-28,,,
1985-11-29,,,
1985-11-30,,,
1985-12-01,,,
1985-12-02,,,
1985-12-03,,,
1985-12-04,,,
1985-12-05,,,
1985-12-06,,,
1985-12-07,,,
1985-12-08,,,
1985-12-09,,,
1985-12-10,,,
1985-12-11,,,
1985-12-12,,,
1985-12-13,,,
1985-12-14,,,
1985-12-15,,,
1985-12-16,,,
1985-12-17,,,
1985-12-18,,,
1985-12-19,,,
1985-12-20,,,
1985-12-21,,,
1985-12-22,,,
1985-12-23,,,
1985-12-24,,,
1985-12-25,,,
1985-12-26,,,
1985-12-27,,,
1985-12-28,,,
1985-12-29,,,
1985-12-30,,,
1985-12-31,,,
1986-01-01,,,
1986-01-02,,,
1986-01-03,,,
1986-01-04,,,
1986-01-05,,,
1986-01-06,,,
1986-01-07,,,
1986-01-08,,,
1986-01-09,,,
1986-01-10,,,
1986-01-11,,,
1986-01-12,,,
1986-01-13,,,
1986-01-14,,,
1986-01-15,,,
1986-01-16,,,
1986-01-17,,,
1986-01-18,,,
1986-01-19,,,
1986-01-20,,,
1986-01-21,,,
1986-01-22,,,
1986-01-23,,,
1986-01-24,,,
1986-01-25,,,
1986-01-26,,,
1986-01-27,,,
1986-01-28,,,
1986-01-29,,,
1986-01-30,,,
1986-01-31,,,
1986-02-01,,,
1986-02-02,,,
1986-02-03,,,
1986-02-04,,,
1986-02-05,,,
1986-02-06,,,
1986-02-07,,,
1986-02-08,,,
1986-02-09,,,
1986-02-10,,,
1986-02-11,,,
1986-02-12,,,
1986-02-13,,,
1986-02-14,,,
1986-02-15,,,
1986-02-16,,,
1986-02-17,,,
1986-02-18,,,
1986-02-19,,,
1986-02-20,,,
1986-02-21,,,
1986-02-22,,,
1986-02-23,,,
1986-02-24,,,
1986-02-25,,,
1986-02-26,,,
1986-02-27,,,
1986-02-28,,,
1986-03-01,,,
1986-03-02,,,
1986-03-03,,,
1986-03-04,,,
1986-03-05,,,
1986-03-06,,,
1986-03-07,,,
1986-03-08,,,
1986-03-09,,,
1986-03-10,,,
1986-03-11,,,
1986-03-12,,,
1986-03-13,,,
1986-03-14,,,
1986-03-15,,,
1986-03-16,,,
1986-03-17,,,
1986-03-18,,,
1986-03-19,,,
1986-03-20,,,
1986-03-21,,,
1986-03-22,,,
1986-03-23,,,
1986-03-24,,,
1986-03-25,,,
1986-03-26,,,
1986-03-27,,,
1986-03-28,,,
1986-03-29,,,
1986-03-30,,,
1986-03-31,,,
1986-04-01,,,
1986-04-02,,,
1986-04-03,,,
1986-04-04,,,
1986-04-05,,,
1986-04-06,,,
1986-04-07,,,
1986-04-08,,,
1986-04-09,,,
1986-04-10,,,
1986-04-11,,,
1986-04-12,,,
1986-04-13,,,
1986-04-14,,,
1986-04-15,,,
1986-04-16,,,
1986-04-17,,,
1986-04-18,,,
1986-04-19,,,
1986-04-20,,,
1986-04-21,,,
1986-04-22,,,
1986-04-23,,,
1986-04-24,,,
1986-04-25,,,
1986-04-26,,,
1986-04-27,,,
1986-04-28,,,
1986-04-29,,,
1986-04-30,,,
1986-05-01,,,
1986-05-02,,,
1986-05-03,,,
1986-05-04,,,
1986-05-05,,,
1986-05-06,,,
1986-05-07,,,
1986-05-08,,,
1986-05-09,,,
1986-05-10,,,
1986-05-11,,,
1986-05-12,,,
1986-05-13,,,
1986-05-14,,,
1986-05-15,,,
1986-05-16,,,
1986-05-17,,,
1986-05-18,,,
1986-05-19,,,
1986-05-20,,,
1986-05-21,,,
1986-05-22,,,
1986-05-23,,,
1986-05-24,,,
1986-05-25,,,
1986-05-26,,,
1986-05-27,,,
1986-05-28,,,
1986-05-29,,,
1986-05-30,,,
1986-05-31,,,
1986-06-01,,,
1986-06-02,,,
1986-06-03,,,
1986-06-04,,,
1986-06-05,,,
1986-06-06,,,
1986-06-07,,,
1986-06-08,,,
1986-06-09,,,
1986-06-10,,,
1986-06-11,,,
1986-06-12,,,
1986-06-13,,,
1986-06-14,,,
1986-06-15,,,
1986-06-16,,,
1986-06-17,,,
1986-06-18,,,
1986-06-19,,,
1986-06-20,,,
1986-06-21,,,
1986-06-22,,,
1986-06-23,,,
1986-06-24,,,
1986-06-25,,,
1986-06-26,,,
1986-06-27,,,
1986-06-28,,,
1986-06-29,,,
1986-06-30,,,
1986-07-01,,,
1986-07-02,,,
1986-07-03,,,
1986-07-04,,,
1986-07-05,,,
1986-07-06,,,
1986-07-07,,,
1986-07-08,,,
1986-07-09,,,
1986-07-10,,,
1986-07-11,,,
1986-07-12,,,
1986-07-13,,,
1986-07-14,,,
1986-07-15,,,
1986-07-16,,,
1986-07-17,,,
1986-07-18,,,
1986-07-19,,,
1986-07-20,,,
1986-07-21,,,
1986-07-22,,,
1986-07-23,,,
1986-07-24,,,
1986-07-25,,,
1986-07-26,,,
1986-07-27,,,
1986-07-28,,,
1986-07-29,,,
1986-07-30,,,
1986-07-31,,,
1986-08-01,,,
1986-08-02,,,
1986-08-03,,,
1986-08-04,,,
1986-08-05,,,
1986-08-06,,,
1986-08-07,,,
1986-08-08,,,
1986-08-09,,,
1986-08-10,,,
1986-08-11,,,
1986-08-12,,,
1986-08-13,,,
1986-08-14,,,
1986-08-15,,,
1986-08-16,,,
1986-08-17,,,
1986-08-18,,,
1986-08-19,,,
1986-08-20,,,
1986-08-21,,,
1986-08-22,,,
1986-08-23,,,
1986-08-24,,,
1986-08-25,,,
1986-08-26,,,
1986-08-27,,,
1986-08-28,,,
1986-08-29,,,
1986-08-30,,,
1986-08-31,,,
1986-09-01,,,
1986-09-02,,,
1986-09-03,,,
1986-09-04,,,
1986-09-05,,,
1986-09-06,,,
1986-09-07,,,
1986-09-08,,,
1986-09-09,,,
1986-09-10,,,
1986-09-11,,,
1986-09-12,,,
1986-09-13,,,
1986-09-14,,,
1986-09-15,,,
1986-09-16,,,
1986-09-17,,,
1986-09-18,,,
1986-09-19,,,
1986-09-20,,,
1986-09-21,,,
1986-09-22,,,
1986-09-23,,,
1986-09-24,,,
1986-09-25,,,
1986-09-26,,,
1986-09-27,,,
1986-09-28,,,
1986-09-29,,,
1986-09-30,,,
1986-10-01,,,
1986-10-02,,,
1986-10-03,,,
1986-10-04,,,
1986-10-05,,,
1986-10-06,,,
1986-10-07,,,
1986-10-08,,,
1986-10-09,,,
1986-10-10,,,
1986-10-11,,,
1986-10-12,,,
1986-10-13,,,
1986-10-14,,,
1986-10-15,,,
1986-10-16,,,
1986-10-17,,,
1986-10-18,,,
1986-10-19,,,
1986-10-20,,,
1986-10-21,,,
1986-10-22,,,
1986-10-23,,,
1986-10-24,,,
1986-10-25,,,
1986-10-26,,,
1986-10-27,,,
1986-10-28,,,
1986-10-29,,,
1986-10-30,,,
1986-10-31,,,
1986-11-01,,,
1986-11-02,,,
1986-11-03,,,
1986-11-04,,,
1986-11-05,,,
1986-11-06,,,
1986-11-07,,,
1986-11-08,,,
1986-11-09,,,
1986-11-10,,,
1986-11-11,,,
1986-11-12,,,
1986-11-13,,,
1986-11-14,,,
1986-11-15,,,
1986-11-16,,,
1986-11-17,,,
1986-11-18,,,
1986-11-19,,,
1986-11-20,,,
1986-11-21,,,
1986-11-22,,,
1986-11-23,,,
1986-11-24,,,
1986-11-25,,,
1986-11-26,,,
1986-11-27,,,
1986-11-28,,,
1986-11-29,,,
1986-11-30,,,
1986-12-01,,,
1986-12-02,,,
1986-12-03,,,
1986-12-04,,,
1986-12-05,,,
1986-12-06,,,
1986-12-07,,,
1986-12-08,,,
1986-12-09,,,
1986-12-10,,,
1986-12-11,,,
1986-12-12,,,
1986-12-13,,,
1986-12-14,,,
1986-12-15,,,
1986-12-16,,,
1986-12-17,,,
1986-12-18,,,
1986-12-19,,,
1986-12-20,,,
1986-12-21,,,
1986-12-22,,,
1986-12-23,,,
1986-12-24,,,
1986-12-25,,,
1986-12-26,,,
1986-12-27,,,
1986-12-28,,,
1986-12-29,,,
1986-12-30,,,
1986-12-31,,,
1987-01-01,,,
1987-01-02,,,
1987-01-03,,,
1987-01-04,,,
1987-01-05,,,
1987-01-06,,,
1987-01-07,,,
1987-01-08,,,
1987-01-09,,,
1987-01-10,,,
1987-01-11,,,
1987-01-12,,,
1987-01-13,,,
1987-01-14,,,
1987-01-15,,,
1987-01-16,,,
1987-01-17,,,
1987-01-18,,,
1987-01-19,,,
1987-01-20,,,
1987-01-21,,,
1987-01-22,,,
1987-01-23,,,
1987-01-24,,,
1987-01-25,,,
1987-01-26,,,
1987-01-27,,,
1987-01-28,,,
1987-01-29,,,
1987-01-30,,,
1987-01-31,,,
1987-02-01,,,
1987-02-02,,,
1987-02-03,,,
1987-02-04,,,
1987-02-05,,,
1987-02-06,,,
1987-02-07,,,
1987-02-08,,,
1987-02-09,,,
1987-02-10,,,
1987-02-11,,,
1987-02-12,,,
1987-02-13,,,
1987-02-14,,,
1987-02-15,,,
1987-02-16,,,
1987-02-17,,,
1987-02-18,,,
1987-02-19,,,
1987-02-20,,,
1987-02-21,,,
1987-02-22,,,
1987-02-23,,,
1987-02-24,,,
1987-02-25,,,
1987-02-26,,,
1987-02-27,,,
1987-02-28,,,
1987-03-01,,,
1987-03-02,,,
1987-03-03,,,
1987-03-04,,,
1987-03-05,,,
1987-03-06,,,
1987-03-07,,,
1987-03-08,,,
1987-03-09,,,
1987-03-10,,,
1987-03-11,,,
1987-03-12,,,
1987-03-13,,,
1987-03-14,,,
1987-03-15,,,
1987-03-16,,,
1987-03-17,,,
1987-03-18,,,
1987-03-19,,,
1987-03-20,,,
1987-03-21,,,
1987-03-22,,,
1987-03-23,,,
1987-03-24,,,
1987-03-25,,,
1987-03-26,,,
1987-03-27,,,
1987-03-28,,,
1987-03-29,,,
1987-03-30,,,
1987-03-31,,,
1987-04-01,,,
1987-04-02,,,
1987-04-03,,,
1987-04-04,,,
1987-04-05,,,
1987-04-06,,,
1987-04-07,,,
1987-04-08,,,
1987-04-09,,,
1987-04-10,,,
1987-04-11,,,
1987-04-12,,,
1987-04-13,,,
1987-04-14,,,
1987-04-15,,,
1987-04-16,,,
1987-04-17,,,
1987-04-18,,,
1987-04-19,,,
1987-04-20,,,
1987-04-21,,,
1987-04-22,,,
1987-04-23,,,
1987-04-24,,,
1987-04-25,,,
1987-04-26,,,
1987-04-27,,,
1987-04-28,,,
1987-04-29,,,
1987-04-30,,,
1987-05-01,,,
1987-05-02,,,
1987-05-03,,,
1987-05-04,,,
1987-05-05,,,
1987-05-06,,,
1987-05-07,,,
1987-05-08,,,
1987-05-09,,,
1987-05-10,,,
1987-05-11,,,
1987-05-12,,,
1987-05-13,,,
1987-05-14,,,
1987-05-15,,,
1987-05-16,,,
1987-05-17,,,
1987-05-18,,,
1987-05-19,,,
1987-05-20,,,
1987-05-21,,,
1987-05-22,,,
1987-05-23,,,
1987-05-24,,,
1987-05-25,,,
1987-05-26,,,
1987-05-27,,,
1987-05-28,,,
1987-05-29,,,
1987-05-30,,,
1987-05-31,,,
1987-06-01,,,
1987-06-02,,,
1987-06-03,,,
1987-06-04,,,
1987-06-05,,,
1987-06-06,,,
1987-06-07,,,
1987-06-08,,,
1987-06-09,,,
1987-06-10,,,
1987-06-11,,,
1987-06-12,,,
1987-06-13,,,
1987-06-14,,,
1987-06-15,,,
1987-06-16,,,
1987-06-17,,,
1987-06-18,,,
1987-06-19,,,
1987-06-20,,,
1987-06-21,,,
1987-06-22,,,
1987-06-23,,,
1987-06-24,,,
1987-06-25,,,
1987-06-26,,,
1987-06-27,,,
1987-06-28,,,
1987-06-29,,,
1987-06-30,,,
1987-07-01,,,
1987-07-02,,,
1987-07-03,,,
1987-07-04,,,
1987-07-05,,,
1987-07-06,,,
1987-07-07,,,
1987-07-08,,,
1987-07-09,,,
1987-07-10,,,
1987-07-11,,,
1987-07-12,,,
1987-07-13,,,
1987-07-14,,,
1987-07-15,,,
1987-07-16,,,
1987-07-17,,,
1987-07-18,,,
1987-07-19,,,
1987-07-20,,,
1987-07-21,,,
1987-07-22,,,
1987-07-23,,,
1987-07-24,,,
1987-07-25,,,
1987-07-26,,,
1987-07-27,,,
1987-07-28,,,
1987-07-29,,,
1987-07-30,,,
1987-07-31,,,
1987-08-01,,,
1987-08-02,,,
1987-08-03,,,
1987-08-04,,,
1987-08-05,,,
1987-08-06,,,
1987-08-07,,,
1987-08-08,,,
1987-08-09,,,
1987-08-10,,,
1987-08-11,,,
1987-08-12,,,
1987-08-13,,,
1987-08-14,,,
1987-08-15,,,
1987-08-16,,,
1987-08-17,,,
1987-08-18,,,
1987-08-19,,,
1987-08-20,,,
1987-08-21,,,
1987-08-22,,,
1987-08-23,,,
1987-08-24,,,
1987-08-25,,,
1987-08-26,,,
1987-08-27,,,
1987-08-28,,,
1987-08-29,,,
1987-08-30,,,
1987-08-31,,,
1987-09-01,,,
1987-09-02,,,
1987-09-03,,,
1987-09-04,,,
1987-09-05,,,
1987-09-06,,,
1987-09-07,,,
1987-09-08,,,
1987-09-09,,,
1987-09-10,,,
1987-09-11,,,
1987-09-12,,,
1987-09-13,,,
1987-09-14,,,
1987-09-15,,,
1987-09-16,,,
1987-09-17,,,
1987-09-18,,,
1987-09-19,,,
1987-09-20,,,
1987-09-21,,,
1987-09-22,,,
1987-09-23,,,
1987-09-24,,,
1987-09-25,,,
1987-09-26,,,
1987-09-27,,,
1987-09-28,,,
1987-09-29,,,
1987-09-30,,,
1987-10-01,,,
1987-10-02,,,
1987-10-03,,,
1987-10-04,,,
1987-10-05,,,
1987-10-06,,,
1987-10-07,,,
1987-10-08,,,
1987-10-09,,,
1987-10-10,,,
1987-10-11,,,
1987-10-12,,,
1987-10-13,,,
1987-10-14,,,
1987-10-15,,,
1987-10-16,,,
1987-10-17,,,
1987-10-18,,,
1987-10-19,,,
1987-10-20,,,
1987-10-21,,,
1987-10-22,,,
1987-10-23,,,
1987-10-24,,,
1987-10-25,,,
1987-10-26,,,
1987-10-27,,,
1987-10-28,,,
1987-10-29,,,
1987-10-30,,,
1987-10-31,,,
1987-11-01,,,
1987-11-02,,,
1987-11-03,,,
1987-11-04,,,
1987-11-05,,,
1987-11-06,,,
1987-11-07,,,
1987-11-08,,,
1987-11-09,,,
1987-11-10,,,
1987-11-11,,,
1987-11-12,,,
1987-11-13,,,
1987-11-14,,,
1987-11-15,,,
1987-11-16,,,
1987-11-17,,,
1987-11-18,,,
1987-11-19,,,
1987-11-20,,,
1987-11-21,,,
1987-11-22,,,
1987-11-23,,,
1987-11-24,,,
1987-11-25,,,
1987-11-26,,,
1987-11-27,,,
1987-11-28,,,
1987-11-29,,,
1987-11-30,,,
1987-12-01,,,
1987-12-02,,,
1987-12-03,,,
1987-12-04,,,
1987-12-05,,,
1987-12-06,,,
1987-12-07,,,
1987-12-08,,,
1987-12-09,,,
1987-12-10,,,
1987-12-11,,,
1987-12-12,,,
1987-12-13,,,
1987-12-14,,,
1987-12-15,,,
1987-12-16,,,
1987-12-17,,,
1987-12-18,,,
1987-12-19,,,
1987-12-20,,,
1987-12-21,,,
1987-12-22,,,
1987-12-23,,,
1987-12-24,,,
1987-12-25,,,
1987-12-26,,,
1987-12-27,,,
1987-12-28,,,
1987-12-29,,,
1987-12-30,,,
1987-12-31,,,
1988-01-01,,,
1988-01-02,,,
1988-01-03,,,
1988-01-04,,,
1988-01-05,,,
1988-01-06,,,
1988-01-07,,,
1988-01-08,,,
1988-01-09,,,
1988-01-10,,,
1988-01-11,,,
1988-01-12,,,
1988-01-13,,,
1988-01-14,,,
1988-01-15,,,
1988-01-16,,,
1988-01-17,,,
1988-01-18,,,
1988-01-19,,,
1988-01-20,,,
1988-01-21,,,
1988-01-22,,,
1988-01-23,,,
1988-01-24,,,
1988-01-25,,,
1988-01-26,,,
1988-01-27,,,
1988-01-28,,,
1988-01-29,,,
1988-01-30,,,
1988-01-31,,,
1988-02-01,,,
1988-02-02,,,
1988-02-03,,,
1988-02-04,,,
1988-02-05,,,
1988-02-06,,,
1988-02-07,,,
1988-02-08,,,
1988-02-09,,,
1988-02-10,,,
1988-02-11,,,
1988-02-12,,,
1988-02-13,,,
1988-02-14,,,
1988-02-15,,,
1988-02-16,,,
1988-02-17,,,
1988-02-18,,,
1988-02-19,,,
1988-02-20,,,
1988-02-21,,,
1988-02-22,,,
1988-02-23,,,
1988-02-24,,,
1988-02-25,,,
1988-02-26,,,
1988-02-27,,,
1988-02-28,,,
1988-02-29,,,
1988-03-01,,,
1988-03-02,,,
1988-03-03,,,
1988-03-04,,,
1988-03-05,,,
1988-03-06,,,
1988-03-07,,,
1988-03-08,,,
1988-03-09,,,
1988-03-10,,,
1988-03-11,,,
1988-03-12,,,
1988-03-13,,,
1988-03-14,,,
1988-03-15,,,
1988-03-16,,,
1988-03-17,,,
1988-03-18,,,
1988-03-19,,,
1988-03-20,,,
1988-03-21,,,
1988-03-22,,,
1988-03-23,,,
1988-03-24,,,
1988-03-25,,,
1988-03-26,,,
1988-03-27,,,
1988-03-28,,,
1988-03-29,,,
1988-03-30,,,
1988-03-31,,,
1988-04-01,,,
1988-04-02,,,
1988-04-03,,,
1988-04-04,,,
1988-04-05,,,
1988-04-06,,,
1988-04-07,,,
1988-04-08,,,
1988-04-09,,,
1988-04-10,,,
1988-04-11,,,
1988-04-12,,,
1988-04-13,,,
1988-04-14,,,
1988-04-15,,,
1988-04-16,,,
1988-04-17,,,
1988-04-18,,,
1988-04-19,,,
1988-04-20,,,
1988-04-21,,,
1988-04-22,,,
1988-04-23,,,
1988-04-24,,,
1988-04-25,,,
1988-04-26,,,
1988-04-27,,,
1988-04-28,,,
1988-04-29,,,
1988-04-30,,,
1988-05-01,,,
1988-05-02,,,
1988-05-03,,,
1988-05-04,,,
1988-05-05,,,
1988-05-06,,,
1988-05-07,,,
1988-05-08,,,
1988-05-09,,,
1988-05-10,,,
1988-05-11,,,
1988-05-12,,,
1988-05-13,,,
1988-05-14,,,
1988-05-15,,,
1988-05-16,,,
1988-05-17,,,
1988-05-18,,,
1988-05-19,,,
1988-05-20,,,
1988-05-21,,,
1988-05-22,,,
1988-05-23,,,
1988-05-24,,,
1988-05-25,,,
1988-05-26,,,
1988-05-27,,,
1988-05-28,,,
1988-05-29,,,
1988-05-30,,,
1988-05-31,,,
1988-06-01,,,
1988-06-02,,,
1988-06-03,,,
1988-06-04,,,
1988-06-05,,,
1988-06-06,,,
1988-06-07,,,
1988-06-08,,,
1988-06-09,,,
1988-06-10,,,
1988-06-11,,,
1988-06-12,,,
1988-06-13,,,
1988-06-14,,,
1988-06-15,,,
1988-06-16,,,
1988-06-17,,,
1988-06-18,,,
1988-06-19,,,
1988-06-20,,,
1988-06-21,,,
1988-06-22,,,
1988-06-23,,,
1988-06-24,,,
1988-06-25,,,
1988-06-26,,,
1988-06-27,,,
1988-06-28,,,
1988-06-29,,,
1988-06-30,,,
1988-07-01,,,
1988-07-02,,,
1988-07-03,,,
1988-07-04,,,
1988-07-05,,,
1988-07-06,,,
1988-07-07,,,
1988-07-08,,,
1988-07-09,,,
1988-07-10,,,
1988-07-11,,,
1988-07-12,,,
1988-07-13,,,
1988-07-14,,,
1988-07-15,,,
1988-07-16,,,
1988-07-17,,,
1988-07-18,,,
1988-07-19,,,
1988-07-20,,,
1988-07-21,,,
1988-07-22,,,
1988-07-23,,,
1988-07-24,,,
1988-07-25,,,
1988-07-26,,,
1988-07-27,,,
1988-07-28,,,
1988-07-29,,,
1988-07-30,,,
1988-07-31,,,
1988-08-01,,,
1988-08-02,,,
1988-08-03,,,
1988-08-04,,,
1988-08-05,,,
1988-08-06,,,
1988-08-07,,,
1988-08-08,,,
1988-08-09,,,
1988-08-10,,,
1988-08-11,,,
1988-08-12,,,
1988-08-13,,,
1988-08-14,,,
1988-08-15,,,
1988-08-16,,,
1988-08-17,,,
1988-08-18,,,
1988-08-19,,,
1988-08-20,,,
1988-08-21,,,
1988-08-22,,,
1988-08-23,,,
1988-08-24,,,
1988-08-25,,,
1988-08-26,,,
1988-08-27,,,
1988-08-28,,,
1988-08-29,,,
1988-08-30,,,
1988-08-31,,,
1988-09-01,,,
1988-09-02,,,
1988-09-03,,,
1988-09-04,,,
1988-09-05,,,
1988-09-06,,,
1988-09-07,,,
1988-09-08,,,
1988-09-09,,,
1988-09-10,,,
1988-09-11,,,
1988-09-12,,,
1988-09-13,,,
1988-09-14,,,
1988-09-15,,,
1988-09-16,,,
1988-09-17,,,
1988-09-18,,,
1988-09-19,,,
1988-09-20,,,
1988-09-21,,,
1988-09-22,,,
1988-09-23,,,
1988-09-24,,,
1988-09-25,,,
1988-09-26,,,
1988-09-27,,,
1988-09-28,,,
1988-09-29,,,
1988-09-30,,,
1988-10-01,,,
1988-10-02,,,
1988-10-03,,,
1988-10-04,,,
1988-10-05,,,
1988-10-06,,,
1988-10-07,,,
1988-10-08,,,
1988-10-09,,,
1988-10-10,,,
1988-10-11,,,
1988-10-12,,,
1988-10-13,,,
1988-10-14,,,
1988-10-15,,,
1988-10-16,,,
1988-10-17,,,
1988-10-18,,,
1988-10-19,,,
1988-10-20,,,
1988-10-21,,,
1988-10-22,,,
1988-10-23,,,
1988-10-24,,,
1988-10-25,,,
1988-10-26,,,
1988-10-27,,,
1988-10-28,,,
1988-10-29,,,
1988-10-30,,,
1988-10-31,,,
1988-11-01,,,
1988-11-02,,,
1988-11-03,,,
1988-11-04,,,
1988-11-05,,,
1988-11-06,,,
1988-11-07,,,
1988-11-08,,,
1988-11-09,,,
1988-11-10,,,
1988-11-11,,,
1988-11-12,,,
1988-11-13,,,
1988-11-14,,,
1988-11-15,,,
1988-11-16,,,
1988-11-17,,,
1988-11-18,,,
1988-11-19,,,
1988-11-20,,,
1988-11-21,,,
1988-11-22,,,
1988-11-23,,,
1988-11-24,,,
1988-11-25,,,
1988-11-26,,,
1988-11-27,,,
1988-11-28,,,
1988-11-29,,,
1988-11-30,,,
1988-12-01,,,
1988-12-02,,,
1988-12-03,,,
1988-12-04,,,
1988-12-05,,,
1988-12-06,,,
1988-12-07,,,
1988-12-08,,,
1988-12-09,,,
1988-12-10,,,
1988-12-11,,,
1988-12-12,,,
1988-12-13,,,
1988-12-14,,,
1988-12-15,,,
1988-12-16,,,
1988-12-17,,,
1988-12-18,,,
1988-12-19,,,
1988-12-20,,,
1988-12-21,,,
1988-12-22,,,
1988-12-23,,,
1988-12-24,,,
1988-12-25,,,
1988-12-26,,,
1988-12-27,,,
1988-12-28,,,
1988-12-29,,,
1988-12-30,,,
1988-12-31,,,
1989-01-01,,,
1989-01-02,,,
1989-01-03,,,
1989-01-04,,,
1989-01-05,,,
1989-01-06,,,
1989-01-07,,,
1989-01-08,,,
1989-01-09,,,
1989-01-10,,,
1989-01-11,,,
1989-01-12,,,
1989-01-13,,,
1989-01-14,,,
1989-01-15,,,
1989-01-16,,,
1989-01-17,,,
1989-01-18,,,
1989-01-19,,,
1989-01-20,,,
1989-01-21,,,
1989-01-22,,,
1989-01-23,,,
1989-01-24,,,
1989-01-25,,,
1989-01-26,,,
1989-01-27,,,
1989-01-28,,,
1989-01-29,,,
1989-01-30,,,
1989-01-31,,,
1989-02-01,,,
1989-02-02,,,
1989-02-03,,,
1989-02-04,,,
1989-02-05,,,
1989-02-06,,,
1989-02-07,,,
1989-02-08,,,
1989-02-09,,,
1989-02-10,,,
1989-02-11,,,
1989-02-12,,,
1989-02-13,,,
1989-02-14,,,
1989-02-15,,,
1989-02-16,,,
1989-02-17,,,
1989-02-18,,,
1989-02-19,,,
1989-02-20,,,
1989-02-21,,,
1989-02-22,,,
1989-02-23,,,
1989-02-24,,,
1989-02-25,,,
1989-02-26,,,
1989-02-27,,,
1989-02-28,,,
1989-03-01,,,
1989-03-02,,,
1989-03-03,,,
1989-03-04,,,
1989-03-05,,,
1989-03-06,,,
1989-03-07,,,
1989-03-08,,,
1989-03-09,,,
1989-03-10,,,
1989-03-11,,,
1989-03-12,,,
1989-03-13,,,
1989-03-14,,,
1989-03-15,,,
1989-03-16,,,
1989-03-17,,,
1989-03-18,,,
1989-03-19,,,
1989-03-20,,,
1989-03-21,,,
1989-03-22,,,
1989-03-23,,,
1989-03-24,,,
1989-03-25,,,
1989-03-26,,,
1989-03-27,,,
1989-03-28,,,
1989-03-29,,,
1989-03-30,,,
1989-03-31,,,
1989-04-01,,,
1989-04-02,,,
1989-04-03,,,
1989-04-04,,,
1989-04-05,,,
1989-04-06,,,
1989-04-07,,,
1989-04-08,,,
1989-04-09,,,
1989-04-10,,,
1989-04-11,,,
1989-04-12,,,
1989-04-13,,,
1989-04-14,,,
1989-04-15,,,
1989-04-16,,,
1989-04-17,,,
1989-04-18,,,
1989-04-19,,,
1989-04-20,,,
1989-04-21,,,
1989-04-22,,,
1989-04-23,,,
1989-04-24,,,
1989-04-25,,,
1989-04-26,,,
1989-04-27,,,
1989-04-28,,,
1989-04-29,,,
1989-04-30,,,
1989-05-01,,,
1989-05-02,,,
1989-05-03,,,
1989-05-04,,,
1989-05-05,,,
1989-05-06,,,
1989-05-07,,,
1989-05-08,,,
1989-05-09,,,
1989-05-10,,,
1989-05-11,,,
1989-05-12,,,
1989-05-13,,,
1989-05-14,,,
1989-05-15,,,
1989-05-16,,,
1989-05-17,,,
1989-05-18,,,
1989-05-19,,,
1989-05-20,,,
1989-05-21,,,
1989-05-22,,,
1989-05-23,,,
1989-05-24,,,
1989-05-25,,,
1989-05-26,,,
1989-05-27,,,
1989-05-28,,,
1989-05-29,,,
1989-05-30,,,
1989-05-31,,,
1989-06-01,,,
1989-06-02,,,
1989-06-03,,,
1989-06-04,,,
1989-06-05,,,
1989-06-06,,,
1989-06-07,,,
1989-06-08,,,
1989-06-09,,,
1989-06-10,,,
1989-06-11,,,
1989-06-12,,,
1989-06-13,,,
1989-06-14,,,
1989-06-15,,,
1989-06-16,,,
1989-06-17,,,
1989-06-18,,,
1989-06-19,,,
1989-06-20,,,
1989-06-21,,,
1989-06-22,,,
1989-06-23,,,
1989-06-24,,,
1989-06-25,,,
1989-06-26,,,
1989-06-27,,,
1989-06-28,,,
1989-06-29,,,
1989-06-30,,,
1989-07-01,,,
1989-07-02,,,
1989-07-03,,,
1989-07-04,,,
1989-07-05,,,
1989-07-06,,,
1989-07-07,,,
1989-07-08,,,
1989-07-09,,,
1989-07-10,,,
1989-07-11,,,
1989-07-12,,,
1989-07-13,,,
1989-07-14,,,
1989-07-15,,,
1989-07-16,,,
1989-07-17,,,
1989-07-18,,,
1989-07-19,,,
1989-07-20,,,
1989-07-21,,,
1989-07-22,,,
1989-07-23,,,
1989-07-24,,,
1989-07-25,,,
1989-07-26,,,
1989-07-27,,,
1989-07-28,,,
1989-07-29,,,
1989-07-30,,,
1989-07-31,,,
1989-08-01,,,
1989-08-02,,,
1989-08-03,,,
1989-08-04,,,
1989-08-05,,,
1989-08-06,,,
1989-08-07,,,
1989-08-08,,,
1989-08-09,,,
1989-08-10,,,
1989-08-11,,,
1989-08-12,,,
1989-08-13,,,
1989-08-14,,,
1989-08-15,,,
1989-08-16,,,
1989-08-17,,,
1989-08-18,,,
1989-08-19,,,
1989-08-20,,,
1989-08-21,,,
1989-08-22,,,
1989-08-23,,,
1989-08-24,,,
1989-08-25,,,
1989-08-26,,,
1989-08-27,,,
1989-08-28,,,
1989-08-29,,,
1989-08-30,,,
1989-08-31,,,
1989-09-01,,,
1989-09-02,,,
1989-09-03,,,
1989-09-04,,,
1989-09-05,,,
1989-09-06,,,
1989-09-07,,,
1989-09-08,,,
1989-09-09,,,
1989-09-10,,,
1989-09-11,,,
1989-09-12,,,
1989-09-13,,,
1989-09-14,,,
1989-09-15,,,
1989-09-16,,,
1989-09-17,,,
1989-09-18,,,
1989-09-19,,,
1989-09-20,,,
1989-09-21,,,
1989-09-22,,,
1989-09-23,,,
1989-09-24,,,
1989-09-25,,,
1989-09-26,,,
1989-09-27,,,
1989-09-28,,,
1989-09-29,,,
1989-09-30,,,
1989-10-01,,,
1989-10-02,,,
1989-10-03,,,
1989-10-04,,,
1989-10-05,,,
1989-10-06,,,
1989-10-07,,,
1989-10-08,,,
1989-10-09,,,
1989-10-10,,,
1989-10-11,,,
1989-10-12,,,
1989-10-13,,,
1989-10-14,,,
1989-10-15,,,
1989-10-16,,,
1989-10-17,,,
1989-10-18,,,
1989-10-19,,,
1989-10-20,,,
1989-10-21,,,
1989-10-22,,,
1989-10-23,,,
1989-10-24,,,
1989-10-25,,,
1989-10-26,,,
1989-10-27,,,
1989-10-28,,,
1989-10-29,,,
1989-10-30,,,
1989-10-31,,,
1989-11-01,,,
1989-11-02,,,
1989-11-03,,,
1989-11-04,,,
1989-11-05,,,
1989-11-06,,,
1989-11-07,,,
1989-11-08,,,
1989-11-09,,,
1989-11-10,,,
1989-11-11,,,
1989-11-12,,,
1989-11-13,,,
1989-11-14,,,
1989-11-15,,,
1989-11-16,,,
1989-11-17,,,
1989-11-18,,,
1989-11-19,,,
1989-11-20,,,
1989-11-21,,,
1989-11-22,,,
1989-11-23,,,
1989-11-24,,,
1989-11-25,,,
1989-11-26,,,
1989-11-27,,,
1989-11-28,,,
1989-11-29,,,
1989-11-30,,,
1989-12-01,,,
1989-12-02,,,
1989-12-03,,,
1989-12-04,,,
1989-12-05,,,
1989-12-06,,,
1989-12-07,,,
1989-12-08,,,
1989-12-09,,,
1989-12-10,,,
1989-12-11,,,
1989-12-12,,,
1989-12-13,,,
1989-12-14,,,
1989-12-15,,,
1989-12-16,,,
1989-12-17,,,
1989-12-18,,,
1989-12-19,,,
1989-12-20,,,
1989-12-21,,,
1989-12-22,,,
1989-12-23,,,
1989-12-24,,,
1989-12-25,,,
1989-12-26,,,
1989-12-27,,,
1989-12-28,,,
1989-12-29,,,
1989-12-30,,,
1989-12-31,,,
1990-01-01,,,
1990-01-02,,,
1990-01-03,,,
1990-01-04,,,
1990-01-05,,,
1990-01-06,,,
1990-01-07,,,
1990-01-08,,,
1990-01-09,,,
1990-01-10,,,
1990-01-11,,,
1990-01-12,,,
1990-01-13,,,
1990-01-14,,,
1990-01-15,,,
1990-01-16,,,
1990-01-17,,,
1990-01-18,,,
1990-01-19,,,
1990-01-20,,,
1990-01-21,,,
1990-01-22,,,
1990-01-23,,,
1990-01-24,,,
1990-01-25,,,
1990-01-26,,,
1990-01-27,,,
1990-01-28,,,
1990-01-29,,,
1990-01-30,,,
1990-01-31,,,
1990-02-01,,,
1990-02-02,,,
1990-02-03,,,
1990-02-04,,,
1990-02-05,,,
1990-02-06,,,
1990-02-07,,,
1990-02-08,,,
1990-02-09,,,
1990-02-10,,,
1990-02-11,,,
1990-02-12,,,
1990-02-13,,,
1990-02-14,,,
1990-02-15,,,
1990-02-16,,,
1990-02-17,,,
1990-02-18,,,
1990-02-19,,,
1990-02-20,,,
1990-02-21,,,
1990-02-22,,,
1990-02-23,,,
1990-02-24,,,
1990-02-25,,,
1990-02-26,,,
1990-02-27,,,
1990-02-28,,,
1990-03-01,,,
1990-03-02,,,
1990-03-03,,,
1990-03-04,,,
1990-03-05,,,
1990-03-06,,,
1990-03-07,,,
1990-03-08,,,
1990-03-09,,,
1990-03-10,,,
1990-03-11,,,
1990-03-12,,,
1990-03-13,,,
1990-03-14,,,
1990-03-15,,,
1990-03-16,,,
1990-03-17,,,
1990-03-18,,,
1990-03-19,,,
1990-03-20,,,
1990-03-21,,,
1990-03-22,,,
1990-03-23,,,
1990-03-24,,,
1990-03-25,,,
1990-03-26,,,
1990-03-27,,,
1990-03-28,,,
1990-03-29,,,
1990-03-30,,,
1990-03-31,,,
1990-04-01,,,
1990-04-02,,,
1990-04-03,,,
1990-04-04,,,
1990-04-05,,,
1990-04-06,,,
1990-04-07,,,
1990-04-08,,,
1990-04-09,,,
1990-04-10,,,
1990-04-11,,,
1990-04-12,,,
1990-04-13,,,
1990-04-14,,,
1990-04-15,,,
1990-04-16,,,
1990-04-17,,,
1990-04-18,,,
1990-04-19,,,
1990-04-20,,,
1990-04-21,,,
1990-04-22,,,
1990-04-23,,,
1990-04-24,,,
1990-04-25,,,
1990-04-26,,,
1990-04-27,,,
1990-04-28,,,
1990-04-29,,,
1990-04-30,,,
1990-05-01,,,
1990-05-02,,,
1990-05-03,,,
1990-05-04,,,
1990-05-05,,,
1990-05-06,,,
1990-05-07,,,
1990-05-08,,,
1990-05-09,,,
1990-05-10,,,
1990-05-11,,,
1990-05-12,,,
1990-05-13,,,
1990-05-14,,,
1990-05-15,,,
1990-05-16,,,
1990-05-17,,,
1990-05-18,,,
1990-05-19,,,
1990-05-20,,,
1990-05-21,,,
1990-05-22,,,
1990-05-23,,,
1990-05-24,,,
1990-05-25,,,
1990-05-26,,,
1990-05-27,,,
1990-05-28,,,
1990-05-29,,,
1990-05-30,,,
1990-05-31,,,
1990-06-01,,,
1990-06-02,,,
1990-06-03,,,
1990-06-04,,,
1990-06-05,,,
1990-06-06,,,
1990-06-07,,,
1990-06-08,,,
1990-06-09,,,
1990-06-10,,,
1990-06-11,,,
1990-06-12,,,
1990-06-13,,,
1990-06-14,,,
1990-06-15,,,
1990-06-16,,,
1990-06-17,,,
1990-06-18,,,
1990-06-19,,,
1990-06-20,,,
1990-06-21,,,
1990-06-22,,,
1990-06-23,,,
1990-06-24,,,
1990-06-25,,,
1990-06-26,,,
1990-06-27,,,
1990-06-28,,,
1990-06-29,,,
1990-06-30,,,
1990-07-01,,,
1990-07-02,,,
1990-07-03,,,
1990-07-04,,,
1990-07-05,,,
1990-07-06,,,
1990-07-07,,,
1990-07-08,,,
1990-07-09,,,
1990-07-10,,,
1990-07-11,,,
1990-07-12,,,
1990-07-13,,,
1990-07-14,,,
1990-07-15,,,
1990-07-16,,,
1990-07-17,,,
1990-07-18,,,
1990-07-19,,,
1990-07-20,,,
1990-07-21,,,
1990-07-22,,,
1990-07-23,,,
1990-07-24,,,
1990-07-25,,,
1990-07-26,,,
1990-07-27,,,
1990-07-28,,,
1990-07-29,,,
1990-07-30,,,
1990-07-31,,,
1990-08-01,,,
1990-08-02,,,
1990-08-03,,,
1990-08-04,,,
1990-08-05,,,
1990-08-06,,,
1990-08-07,,,
1990-08-08,,,
1990-08-09,,,
1990-08-10,,,
1990-08-11,,,
1990-08-12,,,
1990-08-13,,,
1990-08-14,,,
1990-08-15,,,
1990-08-16,,,
1990-08-17,,,
1990-08-18,,,
1990-08-19,,,
1990-08-20,,,
1990-08-21,,,
1990-08-22,,,
1990-08-23,,,
1990-08-24,,,
1990-08-25,,,
1990-08-26,,,
1990-08-27,,,
1990-08-28,,,
1990-08-29,,,
1990-08-30,,,
1990-08-31,,,
1990-09-01,,,
1990-09-02,,,
1990-09-03,,,
1990-09-04,,,
1990-09-05,,,
1990-09-06,,,
1990-09-07,,,
1990-09-08,,,
1990-09-09,,,
1990-09-10,,,
1990-09-11,,,
1990-09-12,,,
1990-09-13,,,
1990-09-14,,,
1990-09-15,,,
1990-09-16,,,
1990-09-17,,,
1990-09-18,,,
1990-09-19,,,
1990-09-20,,,
1990-09-21,,,
1990-09-22,,,
1990-09-23,,,
1990-09-24,,,
1990-09-25,,,
1990-09-26,,,
1990-09-27,,,
1990-09-28,,,
1990-09-29,,,
1990-09-30,,,
1990-10-01,,,
1990-10-02,,,
1990-10-03,,,
1990-10-04,,,
1990-10-05,,,
1990-10-06,,,
1990-10-07,,,
1990-10-08,,,
1990-10-09,,,
1990-10-10,,,
1990-10-11,,,
1990-10-12,,,
1990-10-13,,,
1990-10-14,,,
1990-10-15,,,
1990-10-16,,,
1990-10-17,,,
1990-10-18,,,
1990-10-19,,,
1990-10-20,,,
1990-10-21,,,
1990-10-22,,,
1990-10-23,,,
1990-10-24,,,
1990-10-25,,,
1990-10-26,,,
1990-10-27,,,
1990-10-28,,,
1990-10-29,,,
1990-10-30,,,
1990-10-31,,,
1990-11-01,,,
1990-11-02,,,
1990-11-03,,,
1990-11-04,,,
1990-11-05,,,
1990-11-06,,,
1990-11-07,,,
1990-11-08,,,
1990-11-09,,,
1990-11-10,,,
1990-11-11,,,
1990-11-12,,,
1990-11-13,,,
1990-11-14,,,
1990-11-15,,,
1990-11-16,,,
1990-11-17,,,
1990-11-18,,,
1990-11-19,,,
1990-11-20,,,
1990-11-21,,,
1990-11-22,,,
1990-11-23,,,
1990-11-24,,,
1990-11-25,,,
1990-11-26,,,
1990-11-27,,,
1990-11-28,,,
1990-11-29,,,
1990-11-30,,,
1990-12-01,,,
1990-12-02,,,
1990-12-03,,,
1990-12-04,,,
1990-12-05,,,
1990-12-06,,,
1990-12-07,,,
1990-12-08,,,
1990-12-09,,,
1990-12-10,,,
1990-12-11,,,
1990-12-12,,,
1990-12-13,,,
1990-12-14,,,
1990-12-15,,,
1990-12-16,,,
1990-12-17,,,
1990-12-18,,,
1990-12-19,,,
1990-12-20,,,
1990-12-21,,,
1990-12-22,,,
1990-12-23,,,
1990-12-24,,,
1990-12-25,,,
1990-12-26,,,
1990-12-27,,,
1990-12-28,,,
1990-12-29,,,
1990-12-30,,,
1990-12-31,,,
1991-01-01,,,
1991-01-02,,,
1991-01-03,,,
1991-01-04,,,
1991-01-05,,,
1991-01-06,,,
1991-01-07,,,
1991-01-08,,,
1991-01-09,,,
1991-01-10,,,
1991-01-11,,,
1991-01-12,,,
1991-01-13,,,
1991-01-14,,,
1991-01-15,,,
1991-01-16,,,
1991-01-17,,,
1991-01-18,,,
1991-01-19,,,
1991-01-20,,,
1991-01-21,,,
1991-01-22,,,
1991-01-23,,,
1991-01-24,,,
1991-01-25,,,
1991-01-26,,,
1991-01-27,,,
1991-01-28,,,
1991-01-29,,,
1991-01-30,,,
1991-01-31,,,
1991-02-01,,,
1991-02-02,,,
1991-02-03,,,
1991-02-04,,,
1991-02-05,,,
1991-02-06,,,
1991-02-07,,,
1991-02-08,,,
1991-02-09,,,
1991-02-10,,,
1991-02-11,,,
1991-02-12,,,
1991-02-13,,,
1991-02-14,,,
1991-02-15,,,
1991-02-16,,,
1991-02-17,,,
1991-02-18,,,
1991-02-19,,,
1991-02-20,,,
1991-02-21,,,
1991-02-22,,,
1991-02-23,,,
1991-02-24,,,
1991-02-25,,,
1991-02-26,,,
1991-02-27,,,
1991-02-28,,,
1991-03-01,,,
1991-03-02,,,
1991-03-03,,,
1991-03-04,,,
1991-03-05,,,
1991-03-06,,,
1991-03-07,,,
1991-03-08,,,
1991-03-09,,,
1991-03-10,,,
1991-03-11,,,
1991-03-12,,,
1991-03-13,,,
1991-03-14,,,
1991-03-15,,,
1991-03-16,,,
1991-03-17,,,
1991-03-18,,,
1991-03-19,,,
1991-03-20,,,
1991-03-21,,,
1991-03-22,,,
1991-03-23,,,
1991-03-24,,,
1991-03-25,,,
1991-03-26,,,
1991-03-27,,,
1991-03-28,,,
1991-03-29,,,
1991-03-30,,,
1991-03-31,,,
1991-04-01,,,
1991-04-02,,,
1991-04-03,,,
1991-04-04,,,
1991-04-05,,,
1991-04-06,,,
1991-04-07,,,
1991-04-08,,,
1991-04-09,,,
1991-04-10,,,
1991-04-11,,,
1991-04-12,,,
1991-04-13,,,
1991-04-14,,,
1991-04-15,,,
1991-04-16,,,
1991-04-17,,,
1991-04-18,,,
1991-04-19,,,
1991-04-20,,,
1991-04-21,,,
1991-04-22,,,
1991-04-23,,,
1991-04-24,,,
1991-04-25,,,
1991-04-26,,,
1991-04-27,,,
1991-04-28,,,
1991-04-29,,,
1991-04-30,,,
1991-05-01,,,
1991-05-02,,,
1991-05-03,,,
1991-05-04,,,
1991-05-05,,,
1991-05-06,,,
1991-05-07,,,
1991-05-08,,,
1991-05-09,,,
1991-05-10,,,
1991-05-11,,,
1991-05-12,,,
1991-05-13,,,
1991-05-14,,,
1991-05-15,,,
1991-05-16,,,
1991-05-17,,,
1991-05-18,,,
1991-05-19,,,
1991-05-20,,,
1991-05-21,,,
1991-05-22,,,
1991-05-23,,,
1991-05-24,,,
1991-05-25,,,
1991-05-26,,,
1991-05-27,,,
1991-05-28,,,
1991-05-29,,,
1991-05-30,,,
1991-05-31,,,
1991-06-01,,,
1991-06-02,,,
1991-06-03,,,
1991-06-04,,,
1991-06-05,,,
1991-06-06,,,
1991-06-07,,,
1991-06-08,,,
1991-06-09,,,
1991-06-10,,,
1991-06-11,,,
1991-06-12,,,
1991-06-13,,,
1991-06-14,,,
1991-06-15,,,
1991-06-16,,,
1991-06-17,,,
1991-06-18,,,
1991-06-19,,,
1991-06-20,,,
1991-06-21,,,
1991-06-22,,,
1991-06-23,,,
1991-06-24,,,
1991-06-25,,,
1991-06-26,,,
1991-06-27,,,
1991-06-28,,,
1991-06-29,,,
1991-06-30,,,
1991-07-01,,,
1991-07-02,,,
1991-07-03,,,
1991-07-04,,,
1991-07-05,,,
1991-07-06,,,
1991-07-07,,,
1991-07-08,,,
1991-07-09,,,
1991-07-10,,,
1991-07-11,,,
1991-07-12,,,
1991-07-13,,,
1991-07-14,,,
1991-07-15,,,
1991-07-16,,,
1991-07-17,,,
1991-07-18,,,
1991-07-19,,,
1991-07-20,,,
1991-07-21,,,
1991-07-22,,,
1991-07-23,,,
1991-07-24,,,
1991-07-25,,,
1991-07-26,,,
1991-07-27,,,
1991-07-28,,,
1991-07-29,,,
1991-07-30,,,
1991-07-31,,,
1991-08-01,,,
1991-08-02,,,
1991-08-03,,,
1991-08-04,,,
1991-08-05,,,
1991-08-06,,,
1991-08-07,,,
1991-08-08,,,
1991-08-09,,,
1991-08-10,,,
1991-08-11,,,
1991-08-12,,,
1991-08-13,,,
1991-08-14,,,
1991-08-15,,,
1991-08-16,,,
1991-08-17,,,
1991-08-18,,,
1991-08-19,,,
1991-08-20,,,
1991-08-21,,,
1991-08-22,,,
1991-08-23,,,
1991-08-24,,,
1991-08-25,,,
1991-08-26,,,
1991-08-27,,,
1991-08-28,,,
1991-08-29,,,
1991-08-30,,,
1991-08-31,,,
1991-09-01,,,
1991-09-02,,,
1991-09-03,,,
1991-09-04,,,
1991-09-05,,,
1991-09-06,,,
1991-09-07,,,
1991-09-08,,,
1991-09-09,,,
1991-09-10,,,
1991-09-11,,,
1991-09-12,,,
1991-09-13,,,
1991-09-14,,,
1991-09-15,,,
1991-09-16,,,
1991-09-17,,,
1991-09-18,,,
1991-09-19,,,
1991-09-20,,,
1991-09-21,,,
1991-09-22,,,
1991-09-23,,,
1991-09-24,,,
1991-09-25,,,
1991-09-26,,,
1991-09-27,,,
1991-09-28,,,
1991-09-29,,,
1991-09-30,,,
1991-10-01,,,
1991-10-02,,,
1991-10-03,,,
1991-10-04,,,
1991-10-05,,,
1991-10-06,,,
1991-10-07,,,
1991-10-08,,,
1991-10-09,,,
1991-10-10,,,
1991-10-11,,,
1991-10-12,,,
1991-10-13,,,
1991-10-14,,,
1991-10-15,,,
1991-10-16,,,
1991-10-17,,,
1991-10-18,,,
1991-10-19,,,
1991-10-20,,,
1991-10-21,,,
1991-10-22,,,
1991-10-23,,,
1991-10-24,,,
1991-10-25,,,
1991-10-26,,,
1991-10-27,,,
1991-10-28,,,
1991-10-29,,,
1991-10-30,,,
1991-10-31,,,
1991-11-01,,,
1991-11-02,,,
1991-11-03,,,
1991-11-04,,,
1991-11-05,,,
1991-11-06,,,
1991-11-07,,,
1991-11-08,,,
1991-11-09,,,
1991-11-10,,,
1991-11-11,,,
1991-11-12,,,
1991-11-13,,,
1991-11-14,,,
1991-11-15,,,
1991-11-16,,,
1991-11-17,,,
1991-11-18,,,
1991-11-19,,,
1991-11-20,,,
1991-11-21,,,
1991-11-22,,,
1991-11-23,,,
1991-11-24,,,
1991-11-25,,,
1991-11-26,,,
1991-11-27,,,
1991-11-28,,,
1991-11-29,,,
1991-11-30,,,
1991-12-01,,,
1991-12-02,,,
1991-12-03,,,
1991-12-04,,,
1991-12-05,,,
1991-12-06,,,
1991-12-07,,,
1991-12-08,,,
1991-12-09,,,
1991-12-10,,,
1991-12-11,,,
1991-12-12,,,
1991-12-13,,,
1991-12-14,,,
1991-12-15,,,
1991-12-16,,,
1991-12-17,,,
1991-12-18,,,
1991-12-19,,,
1991-12-20,,,
1991-12-21,,,
1991-12-22,,,
1991-12-23,,,
1991-12-24,,,
1991-12-25,,,
1991-12-26,,,
1991-12-27,,,
1991-12-28,,,
1991-12-29,,,
1991-12-30,,,
1991-12-31,,,
1992-01-01,,,
1992-01-02,,,
1992-01-03,,,
1992-01-04,,,
1992-01-05,,,
1992-01-06,,,
1992-01-07,,,
1992-01-08,,,
1992-01-09,,,
1992-01-10,,,
1992-01-11,,,
1992-01-12,,,
1992-01-13,,,
1992-01-14,,,
1992-01-15,,,
1992-01-16,,,
1992-01-17,,,
1992-01-18,,,
1992-01-19,,,
1992-01-20,,,
1992-01-21,,,
1992-01-22,,,
1992-01-23,,,
1992-01-24,,,
1992-01-25,,,
1992-01-26,,,
1992-01-27,,,
1992-01-28,,,
1992-01-29,,,
1992-01-30,,,
1992-01-31,,,
1992-02-01,,,
1992-02-02,,,
1992-02-03,,,
1992-02-04,,,
1992-02-05,,,
1992-02-06,,,
1992-02-07,,,
1992-02-08,,,
1992-02-09,,,
1992-02-10,,,
1992-02-11,,,
1992-02-12,,,
1992-02-13,,,
1992-02-14,,,
1992-02-15,,,
1992-02-16,,,
1992-02-17,,,
1992-02-18,,,
1992-02-19,,,
1992-02-20,,,
1992-02-21,,,
1992-02-22,,,
1992-02-23,,,
1992-02-24,,,
1992-02-25,,,
1992-02-26,,,
1992-02-27,,,
1992-02-28,,,
1992-02-29,,,
1992-03-01,,,
1992-03-02,,,
1992-03-03,,,
1992-03-04,,,
1992-03-05,,,
1992-03-06,,,
1992-03-07,,,
1992-03-08,,,
1992-03-09,,,
1992-03-10,,,
1992-03-11,,,
1992-03-12,,,
1992-03-13,,,
1992-03-14,,,
1992-03-15,,,
1992-03-16,,,
1992-03-17,,,
1992-03-18,,,
1992-03-19,,,
1992-03-20,,,
1992-03-21,,,
1992-03-22,,,
1992-03-23,,,
1992-03-24,,,
1992-03-25,,,
1992-03-26,,,
1992-03-27,,,
1992-03-28,,,
1992-03-29,,,
1992-03-30,,,
1992-03-31,,,
1992-04-01,,,
1992-04-02,,,
1992-04-03,,,
1992-04-04,,,
1992-04-05,,,
1992-04-06,,,
1992-04-07,,,
1992-04-08,,,
1992-04-09,,,
1992-04-10,,,
1992-04-11,,,
1992-04-12,,,
1992-04-13,,,
1992-04-14,,,
1992-04-15,,,
1992-04-16,,,
1992-04-17,,,
1992-04-18,,,
1992-04-19,,,
1992-04-20,,,
1992-04-21,,,
1992-04-22,,,
1992-04-23,,,
1992-04-24,,,
1992-04-25,,,
1992-04-26,,,
1992-04-27,,,
1992-04-28,,,
1992-04-29,,,
1992-04-30,,,
1992-05-01,,,
1992-05-02,,,
1992-05-03,,,
1992-05-04,,,
1992-05-05,,,
1992-05-06,,,
1992-05-07,,,
1992-05-08,,,
1992-05-09,,,
1992-05-10,,,
1992-05-11,,,
1992-05-12,,,
1992-05-13,,,
1992-05-14,,,
1992-05-15,,,
1992-05-16,,,
1992-05-17,,,
1992-05-18,,,
1992-05-19,,,
1992-05-20,,,
1992-05-21,,,
1992-05-22,,,
1992-05-23,,,
1992-05-24,,,
1992-05-25,,,
1992-05-26,,,
1992-05-27,,,
1992-05-28,,,
1992-05-29,,,
1992-05-30,,,
1992-05-31,,,
1992-06-01,,,
1992-06-02,,,
1992-06-03,,,
1992-06-04,,,
1992-06-05,,,
1992-06-06,,,
1992-06-07,,,
1992-06-08,,,
1992-06-09,,,
1992-06-10,,,
1992-06-11,,,
1992-06-12,,,
1992-06-13,,,
1992-06-14,,,
1992-06-15,,,
1992-06-16,,,
1992-06-17,,,
1992-06-18,,,
1992-06-19,,,
1992-06-20,,,
1992-06-21,,,
1992-06-22,,,
1992-06-23,,,
1992-06-24,,,
1992-06-25,,,
1992-06-26,,,
1992-06-27,,,
1992-06-28,,,
1992-06-29,,,
1992-06-30,,,
1992-07-01,,,
1992-07-02,,,
1992-07-03,,,
1992-07-04,,,
1992-07-05,,,
1992-07-06,,,
1992-07-07,,,
1992-07-08,,,
1992-07-09,,,
1992-07-10,,,
1992-07-11,,,
1992-07-12,,,
1992-07-13,,,
1992-07-14,,,
1992-07-15,,,
1992-07-16,,,
1992-07-17,,,
1992-07-18,,,
1992-07-19,,,
1992-07-20,,,
1992-07-21,,,
1992-07-22,,,
1992-07-23,,,
1992-07-24,,,
1992-07-25,,,
1992-07-26,,,
1992-07-27,,,
1992-07-28,,,
1992-07-29,,,
1992-07-30,,,
1992-07-31,,,
1992-08-01,,,
1992-08-02,,,
1992-08-03,,,
1992-08-04,,,
1992-08-05,,,
1992-08-06,,,
1992-08-07,,,
1992-08-08,,,
1992-08-09,,,
1992-08-10,,,
1992-08-11,,,
1992-08-12,,,
1992-08-13,,,
1992-08-14,,,
1992-08-15,,,
1992-08-16,,,
1992-08-17,,,
1992-08-18,,,
1992-08-19,,,
1992-08-20,,,
1992-08-21,,,
1992-08-22,,,
1992-08-23,,,
1992-08-24,,,
1992-08-25,,,
1992-08-26,,,
1992-08-27,,,
1992-08-28,,,
1992-08-29,,,
1992-08-30,,,
1992-08-31,,,
1992-09-01,,,
1992-09-02,,,
1992-09-03,,,
1992-09-04,,,
1992-09-05,,,
1992-09-06,,,
1992-09-07,,,
1992-09-08,,,
1992-09-09,,,
1992-09-10,,,
1992-09-11,,,
1992-09-12,,,
1992-09-13,,,
1992-09-14,,,
1992-09-15,,,
1992-09-16,,,
1992-09-17,,,
1992-09-18,,,
1992-09-19,,,
1992-09-20,,,
1992-09-21,,,
1992-09-22,,,
1992-09-23,,,
1992-09-24,,,
1992-09-25,,,
1992-09-26,,,
1992-09-27,,,
1992-09-28,,,
1992-09-29,,,
1992-09-30,,,
1992-10-01,,,
1992-10-02,,,
1992-10-03,,,
1992-10-04,,,
1992-10-05,,,
1992-10-06,,,
1992-10-07,,,
1992-10-08,,,
1992-10-09,,,
1992-10-10,,,
1992-10-11,,,
1992-10-12,,,
1992-10-13,,,
1992-10-14,,,
1992-10-15,,,
1992-10-16,,,
1992-10-17,,,
1992-10-18,,,
1992-10-19,,,
1992-10-20,,,
1992-10-21,,,
1992-10-22,,,
1992-10-23,,,
1992-10-24,,,
1992-10-25,,,
1992-10-26,,,
1992-10-27,,,
1992-10-28,,,
1992-10-29,,,
1992-10-30,,,
1992-10-31,,,
1992-11-01,,,
1992-11-02,,,
1992-11-03,,,
1992-11-04,,,
1992-11-05,,,
1992-11-06,,,
1992-11-07,,,
1992-11-08,,,
1992-11-09,,,
1992-11-10,,,
1992-11-11,,,
1992-11-12,,,
1992-11-13,,,
1992-11-14,,,
1992-11-15,,,
1992-11-16,,,
1992-11-17,,,
1992-11-18,,,
1992-11-19,,,
1992-11-20,,,
1992-11-21,,,
1992-11-22,,,
1992-11-23,,,
1992-11-24,,,
1992-11-25,,,
1992-11-26,,,
1992-11-27,,,
1992-11-28,,,
1992-11-29,,,
1992-11-30,,,
1992-12-01,,,
1992-12-02,,,
1992-12-03,,,
1992-12-04,,,
1992-12-05,,,
1992-12-06,,,
1992-12-07,,,
1992-12-08,,,
1992-12-09,,,
1992-12-10,,,
1992-12-11,,,
1992-12-12,,,
1992-12-13,,,
1992-12-14,,,
1992-12-15,,,
1992-12-16,,,
1992-12-17,,,
1992-12-18,,,
1992-12-19,,,
1992-12-20,,,
1992-12-21,,,
1992-12-22,,,
1992-12-23,,,
1992-12-24,,,
1992-12-25,,,
1992-12-26,,,
1992-12-27,,,
1992-12-28,,,
1992-12-29,,,
1992-12-30,,,
1992-12-31,,,
1993-01-01,,,
1993-01-02,,,
1993-01-03,,,
1993-01-04,,,
1993-01-05,,,
1993-01-06,,,
1993-01-07,,,
1993-01-08,,,
1993-01-09,,,
1993-01-10,,,
1993-01-11,,,
1993-01-12,,,
1993-01-13,,,
1993-01-14,,,
1993-01-15,,,
1993-01-16,,,
1993-01-17,,,
1993-01-18,,,
1993-01-19,,,
1993-01-20,,,
1993-01-21,,,
1993-01-22,,,
1993-01-23,,,
1993-01-24,,,
1993-01-25,,,
1993-01-26,,,
1993-01-27,,,
1993-01-28,,,
1993-01-29,,,
1993-01-30,,,
1993-01-31,,,
1993-02-01,,,
1993-02-02,,,
1993-02-03,,,
1993-02-04,,,
1993-02-05,,,
1993-02-06,,,
1993-02-07,,,
1993-02-08,,,
1993-02-09,,,
1993-02-10,,,
1993-02-11,,,
1993-02-12,,,
1993-02-13,,,
1993-02-14,,,
1993-02-15,,,
1993-02-16,,,
1993-02-17,,,
1993-02-18,,,
1993-02-19,,,
1993-02-20,,,
1993-02-21,,,
1993-02-22,,,
1993-02-23,,,
1993-02-24,,,
1993-02-25,,,
1993-02-26,,,
1993-02-27,,,
1993-02-28,,,
1993-03-01,,,
1993-03-02,,,
1993-03-03,,,
1993-03-04,,,
1993-03-05,,,
1993-03-06,,,
1993-03-07,,,
1993-03-08,,,
1993-03-09,,,
1993-03-10,,,
1993-03-11,,,
1993-03-12,,,
1993-03-13,,,
1993-03-14,,,
1993-03-15,,,
1993-03-16,,,
1993-03-17,,,
1993-03-18,,,
1993-03-19,,,
1993-03-20,,,
1993-03-21,,,
1993-03-22,,,
1993-03-23,,,
1993-03-24,,,
1993-03-25,,,
1993-03-26,,,
1993-03-27,,,
1993-03-28,,,
1993-03-29,,,
1993-03-30,,,
1993-03-31,,,
1993-04-01,,,
1993-04-02,,,
1993-04-03,,,
1993-04-04,,,
1993-04-05,,,
1993-04-06,,,
1993-04-07,,,
1993-04-08,,,
1993-04-09,,,
1993-04-10,,,
1993-04-11,,,
1993-04-12,,,
1993-04-13,,,
1993-04-14,,,
1993-04-15,,,
1993-04-16,,,
1993-04-17,,,
1993-04-18,,,
1993-04-19,,,
1993-04-20,,,
1993-04-21,,,
1993-04-22,,,
1993-04-23,,,
1993-04-24,,,
1993-04-25,,,
1993-04-26,,,
1993-04-27,,,
1993-04-28,,,
1993-04-29,,,
1993-04-30,,,
1993-05-01,,,
1993-05-02,,,
1993-05-03,,,
1993-05-04,,,
1993-05-05,,,
1993-05-06,,,
1993-05-07,,,
1993-05-08,,,
1993-05-09,,,
1993-05-10,,,
1993-05-11,,,
1993-05-12,,,
1993-05-13,,,
1993-05-14,,,
1993-05-15,,,
1993-05-16,,,
1993-05-17,,,
1993-05-18,,,
1993-05-19,,,
1993-05-20,,,
1993-05-21,,,
1993-05-22,,,
1993-05-23,,,
1993-05-24,,,
1993-05-25,,,
1993-05-26,,,
1993-05-27,,,
1993-05-28,,,
1993-05-29,,,
1993-05-30,,,
1993-05-31,,,
1993-06-01,,,
1993-06-02,,,
1993-06-03,,,
1993-06-04,,,
1993-06-05,,,
1993-06-06,,,
1993-06-07,,,
1993-06-08,,,
1993-06-09,,,
1993-06-10,,,
1993-06-11,,,
1993-06-12,,,
1993-06-13,,,
1993-06-14,,,
1993-06-15,,,
1993-06-16,,,
1993-06-17,,,
1993-06-18,,,
1993-06-19,,,
1993-06-20,,,
1993-06-21,,,
1993-06-22,,,
1993-06-23,,,
1993-06-24,,,
1993-06-25,,,
1993-06-26,,,
1993-06-27,,,
1993-06-28,,,
1993-06-29,,,
1993-06-30,,,
1993-07-01,,,
1993-07-02,,,
1993-07-03,,,
1993-07-04,,,
1993-07-05,,,
1993-07-06,,,
1993-07-07,,,
1993-07-08,,,
1993-07-09,,,
1993-07-10,,,
1993-07-11,,,
1993-07-12,,,
1993-07-13,,,
1993-07-14,,,
1993-07-15,,,
1993-07-16,,,
1993-07-17,,,
1993-07-18,,,
1993-07-19,,,
1993-07-20,,,
1993-07-21,,,
1993-07-22,,,
1993-07-23,,,
1993-07-24,,,
1993-07-25,,,
1993-07-26,,,
1993-07-27,,,
1993-07-28,,,
1993-07-29,,,
1993-07-30,,,
1993-07-31,,,
1993-08-01,,,
1993-08-02,,,
1993-08-03,,,
1993-08-04,,,
1993-08-05,,,
1993-08-06,,,
1993-08-07,,,
1993-08-08,,,
1993-08-09,,,
1993-08-10,,,
1993-08-11,,,
1993-08-12,,,
1993-08-13,,,
1993-08-14,,,
1993-08-15,,,
1993-08-16,,,
1993-08-17,,,
1993-08-18,,,
1993-08-19,,,
1993-08-20,,,
1993-08-21,,,
1993-08-22,,,
1993-08-23,,,
1993-08-24,,,
1993-08-25,,,
1993-08-26,,,
1993-08-27,,,
1993-08-28,,,
1993-08-29,,,
1993-08-30,,,
1993-08-31,,,
1993-09-01,,,
1993-09-02,,,
1993-09-03,,,
1993-09-04,,,
1993-09-05,,,
1993-09-06,,,
1993-09-07,,,
1993-09-08,,,
1993-09-09,,,
1993-09-10,,,
1993-09-11,,,
1993-09-12,,,
1993-09-13,,,
1993-09-14,,,
1993-09-15,,,
1993-09-16,,,
1993-09-17,,,
1993-09-18,,,
1993-09-19,,,
1993-09-20,,,
1993-09-21,,,
1993-09-22,,,
1993-09-23,,,
1993-09-24,,,
1993-09-25,,,
1993-09-26,,,
1993-09-27,,,
1993-09-28,,,
1993-09-29,,,
1993-09-30,,,
1993-10-01,,,
1993-10-02,,,
1993-10-03,,,
1993-10-04,,,
1993-10-05,,,
1993-10-06,,,
1993-10-07,,,
1993-10-08,,,
1993-10-09,,,
1993-10-10,,,
1993-10-11,,,
1993-10-12,,,
1993-10-13,,,
1993-10-14,,,
1993-10-15,,,
1993-10-16,,,
1993-10-17,,,
1993-10-18,,,
1993-10-19,,,
1993-10-20,,,
1993-10-21,,,
1993-10-22,,,
1993-10-23,,,
1993-10-24,,,
1993-10-25,,,
1993-10-26,,,
1993-10-27,,,
1993-10-28,,,
1993-10-29,,,
1993-10-30,,,
1993-10-31,,,
1993-11-01,,,
1993-11-02,,,
1993-11-03,,,
1993-11-04,,,
1993-11-05,,,
1993-11-06,,,
1993-11-07,,,
1993-11-08,,,
1993-11-09,,,
1993-11-10,,,
1993-11-11,,,
1993-11-12,,,
1993-11-13,,,
1993-11-14,,,
1993-11-15,,,
1993-11-16,,,
1993-11-17,,,
1993-11-18,,,
1993-11-19,,,
1993-11-20,,,
1993-11-21,,,
1993-11-22,,,
1993-11-23,,,
1993-11-24,,,
1993-11-25,,,
1993-11-26,,,
1993-11-27,,,
1993-11-28,,,
1993-11-29,,,
1993-11-30,,,
1993-12-01,,,
1993-12-02,,,
1993-12-03,,,
1993-12-04,,,
1993-12-05,,,
1993-12-06,,,
1993-12-07,,,
1993-12-08,,,
1993-12-09,,,
1993-12-10,,,
1993-12-11,,,
1993-12-12,,,
1993-12-13,,,
1993-12-14,,,
1993-12-15,,,
1993-12-16,,,
1993-12-17,,,
1993-12-18,,,
1993-12-19,,,
1993-12-20,,,
1993-12-21,,,
1993-12-22,,,
1993-12-23,,,
1993-12-24,,,
1993-12-25,,,
1993-12-26,,,
1993-12-27,,,
1993-12-28,,,
1993-12-29,,,
1993-12-30,,,
1993-12-31,,,
1994-01-01,,,
1994-01-02,,,
1994-01-03,,,
1994-01-04,,,
1994-01-05,,,
1994-01-06,,,
1994-01-07,,,
1994-01-08,,,
1994-01-09,,,
1994-01-10,,,
1994-01-11,,,
1994-01-12,,,
1994-01-13,,,
1994-01-14,,,
1994-01-15,,,
1994-01-16,,,
1994-01-17,,,
1994-01-18,,,
1994-01-19,,,
1994-01-20,,,
1994-01-21,,,
1994-01-22,,,
1994-01-23,,,
1994-01-24,,,
1994-01-25,,,
1994-01-26,,,
1994-01-27,,,
1994-01-28,,,
1994-01-29,,,
1994-01-30,,,
1994-01-31,,,
1994-02-01,,,
1994-02-02,,,
1994-02-03,,,
1994-02-04,,,
1994-02-05,,,
1994-02-06,,,
1994-02-07,,,
1994-02-08,,,
1994-02-09,,,
1994-02-10,,,
1994-02-11,,,
1994-02-12,,,
1994-02-13,,,
1994-02-14,,,
1994-02-15,,,
1994-02-16,,,
1994-02-17,,,
1994-02-18,,,
1994-02-19,,,
1994-02-20,,,
1994-02-21,,,
1994-02-22,,,
1994-02-23,,,
1994-02-24,,,
1994-02-25,,,
1994-02-26,,,
1994-02-27,,,
1994-02-28,,,
1994-03-01,,,
1994-03-02,,,
1994-03-03,,,
1994-03-04,,,
1994-03-05,,,
1994-03-06,,,
1994-03-07,,,
1994-03-08,,,
1994-03-09,,,
1994-03-10,,,
1994-03-11,,,
1994-03-12,,,
1994-03-13,,,
1994-03-14,,,
1994-03-15,,,
1994-03-16,,,
1994-03-17,,,
1994-03-18,,,
1994-03-19,,,
1994-03-20,,,
1994-03-21,,,
1994-03-22,,,
1994-03-23,,,
1994-03-24,,,
1994-03-25,,,
1994-03-26,,,
1994-03-27,,,
1994-03-28,,,
1994-03-29,,,
1994-03-30,,,
1994-03-31,,,
1994-04-01,,,
1994-04-02,,,
1994-04-03,,,
1994-04-04,,,
1994-04-05,,,
1994-04-06,,,
1994-04-07,,,
1994-04-08,,,
1994-04-09,,,
1994-04-10,,,
1994-04-11,,,
1994-04-12,,,
1994-04-13,,,
1994-04-14,,,
1994-04-15,,,
1994-04-16,,,
1994-04-17,,,
1994-04-18,,,
1994-04-19,,,
1994-04-20,,,
1994-04-21,,,
1994-04-22,,,
1994-04-23,,,
1994-04-24,,,
1994-04-25,,,
1994-04-26,,,
1994-04-27,,,
1994-04-28,,,
1994-04-29,,,
1994-04-30,,,
1994-05-01,,,
1994-05-02,,,
1994-05-03,,,
1994-05-04,,,
1994-05-05,,,
1994-05-06,,,
1994-05-07,,,
1994-05-08,,,
1994-05-09,,,
1994-05-10,,,
1994-05-11,,,
1994-05-12,,,
1994-05-13,,,
1994-05-14,,,
1994-05-15,,,
1994-05-16,,,
1994-05-17,,,
1994-05-18,,,
1994-05-19,,,
1994-05-20,,,
1994-05-21,,,
1994-05-22,,,
1994-05-23,,,
1994-05-24,,,
1994-05-25,,,
1994-05-26,,,
1994-05-27,,,
1994-05-28,,,
1994-05-29,,,
1994-05-30,,,
1994-05-31,,,
1994-06-01,,,
1994-06-02,,,
1994-06-03,,,
1994-06-04,,,
1994-06-05,,,
1994-06-06,,,
1994-06-07,,,
1994-06-08,,,
1994-06-09,,,
1994-06-10,,,
1994-06-11,,,
1994-06-12,,,
1994-06-13,,,
1994-06-14,,,
1994-06-15,,,
1994-06-16,,,
1994-06-17,,,
1994-06-18,,,
1994-06-19,,,
1994-06-20,,,
1994-06-21,,,
1994-06-22,,,
1994-06-23,,,
1994-06-24,,,
1994-06-25,,,
1994-06-26,,,
1994-06-27,,,
1994-06-28,,,
1994-06-29,,,
1994-06-30,,,
1994-07-01,,,
1994-07-02,,,
1994-07-03,,,
1994-07-04,,,
1994-07-05,,,
1994-07-06,,,
1994-07-07,,,
1994-07-08,,,
1994-07-09,,,
1994-07-10,,,
1994-07-11,,,
1994-07-12,,,
1994-07-13,,,
1994-07-14,,,
1994-07-15,,,
1994-07-16,,,
1994-07-17,,,
1994-07-18,,,
1994-07-19,,,
1994-07-20,,,
1994-07-21,,,
1994-07-22,,,
1994-07-23,,,
1994-07-24,,,
1994-07-25,,,
1994-07-26,,,
1994-07-27,,,
1994-07-28,,,
1994-07-29,,,
1994-07-30,,,
1994-07-31,,,
1994-08-01,,,
1994-08-02,,,
1994-08-03,,,
1994-08-04,,,
1994-08-05,,,
1994-08-06,,,
1994-08-07,,,
1994-08-08,,,
1994-08-09,,,
1994-08-10,,,
1994-08-11,,,
1994-08-12,,,
1994-08-13,,,
1994-08-14,,,
1994-08-15,,,
1994-08-16,,,
1994-08-17,,,
1994-08-18,,,
1994-08-19,,,
1994-08-20,,,
1994-08-21,,,
1994-08-22,,,
1994-08-23,,,
1994-08-24,,,
1994-08-25,,,
1994-08-26,,,
1994-08-27,,,
1994-08-28,,,
1994-08-29,,,
1994-08-30,,,
1994-08-31,,,
1994-09-01,,,
1994-09-02,,,
1994-09-03,,,
1994-09-04,,,
1994-09-05,,,
1994-09-06,,,
1994-09-07,,,
1994-09-08,,,
1994-09-09,,,
1994-09-10,,,
1994-09-11,,,
1994-09-12,,,
1994-09-13,,,
1994-09-14,,,
1994-09-15,,,
1994-09-16,,,
1994-09-17,,,
1994-09-18,,,
1994-09-19,,,
1994-09-20,,,
1994-09-21,,,
1994-09-22,,,
1994-09-23,,,
1994-09-24,,,
1994-09-25,,,
1994-09-26,,,
1994-09-27,,,
1994-09-28,,,
1994-09-29,,,
1994-09-30,,,
1994-10-01,,,
1994-10-02,,,
1994-10-03,,,
1994-10-04,,,
1994-10-05,,,
1994-10-06,,,
1994-10-07,,,
1994-10-08,,,
1994-10-09,,,
1994-10-10,,,
1994-10-11,,,
1994-10-12,,,
1994-10-13,,,
1994-10-14,,,
1994-10-15,,,
1994-10-16,,,
1994-10-17,,,
1994-10-18,,,
1994-10-19,,,
1994-10-20,,,
1994-10-21,,,
1994-10-22,,,
1994-10-23,,,
1994-10-24,,,
1994-10-25,,,
1994-10-26,,,
1994-10-27,,,
1994-10-28,,,
1994-10-29,,,
1994-10-30,,,
1994-10-31,,,
1994-11-01,,,
1994-11-02,,,
1994-11-03,,,
1994-11-04,,,
1994-11-05,,,
1994-11-06,,,
1994-11-07,,,
1994-11-08,,,
1994-11-09,,,
1994-11-10,,,
1994-11-11,,,
1994-11-12,,,
1994-11-13,,,
1994-11-14,,,
1994-11-15,,,
1994-11-16,,,
1994-11-17,,,
1994-11-18,,,
1994-11-19,,,
1994-11-20,,,
1994-11-21,,,
1994-11-22,,,
1994-11-23,,,
1994-11-24,,,
1994-11-25,,,
1994-11-26,,,
1994-11-27,,,
1994-11-28,,,
1994-11-29,,,
1994-11-30,,,
1994-12-01,,,
1994-12-02,,,
1994-12-03,,,
1994-12-04,,,
1994-12-05,,,
1994-12-06,,,
1994-12-07,,,
1994-12-08,,,
1994-12-09,,,
1994-12-10,,,
1994-12-11,,,
1994-12-12,,,
1994-12-13,,,
1994-12-14,,,
1994-12-15,,,
1994-12-16,,,
1994-12-17,,,
1994-12-18,,,
1994-12-19,,,
1994-12-20,,,
1994-12-21,,,
1994-12-22,,,
1994-12-23,,,
1994-12-24,,,
1994-12-25,,,
1994-12-26,,,
1994-12-27,,,
1994-12-28,,,
1994-12-29,,,
1994-12-30,,,
1994-12-31,,,
1995-01-01,,,
1995-01-02,,,
1995-01-03,,,
1995-01-04,,,
1995-01-05,,,
1995-01-06,,,
1995-01-07,,,
1995-01-08,,,
1995-01-09,,,
1995-01-10,,,
1995-01-11,,,
1995-01-12,,,
1995-01-13,,,
1995-01-14,,,
1995-01-15,,,
1995-01-16,,,
1995-01-17,,,
1995-01-18,,,
1995-01-19,,,
1995-01-20,,,
1995-01-21,,,
1995-01-22,,,
1995-01-23,,,
1995-01-24,,,
1995-01-25,,,
1995-01-26,,,
1995-01-27,,,
1995-01-28,,,
1995-01-29,,,
1995-01-30,,,
1995-01-31,,,
1995-02-01,,,
1995-02-02,,,
1995-02-03,,,
1995-02-04,,,
1995-02-05,,,
1995-02-06,,,
1995-02-07,,,
1995-02-08,,,
1995-02-09,,,
1995-02-10,,,
1995-02-11,,,
1995-02-12,,,
1995-02-13,,,
1995-02-14,,,
1995-02-15,,,
1995-02-16,,,
1995-02-17,,,
1995-02-18,,,
1995-02-19,,,
1995-02-20,,,
1995-02-21,,,
1995-02-22,,,
1995-02-23,,,
1995-02-24,,,
1995-02-25,,,
1995-02-26,,,
1995-02-27,,,
1995-02-28,,,
1995-03-01,,,
1995-03-02,,,
1995-03-03,,,
1995-03-04,,,
1995-03-05,,,
1995-03-06,,,
1995-03-07,,,
1995-03-08,,,
1995-03-09,,,
1995-03-10,,,
1995-03-11,,,
1995-03-12,,,
1995-03-13,,,
1995-03-14,,,
1995-03-15,,,
1995-03-16,,,
1995-03-17,,,
1995-03-18,,,
1995-03-19,,,
1995-03-20,,,
1995-03-21,,,
1995-03-22,,,
1995-03-23,,,
1995-03-24,,,
1995-03-25,,,
1995-03-26,,,
1995-03-27,,,
1995-03-28,,,
1995-03-29,,,
1995-03-30,,,
1995-03-31,,,
1995-04-01,,,
1995-04-02,,,
1995-04-03,,,
1995-04-04,,,
1995-04-05,,,
1995-04-06,,,
1995-04-07,,,
1995-04-08,,,
1995-04-09,,,
1995-04-10,,,
1995-04-11,,,
1995-04-12,,,
1995-04-13,,,
1995-04-14,,,
1995-04-15,,,
1995-04-16,,,
1995-04-17,,,
1995-04-18,,,
1995-04-19,,,
1995-04-20,,,
1995-04-21,,,
1995-04-22,,,
1995-04-23,,,
1995-04-24,,,
1995-04-25,,,
1995-04-26,,,
1995-04-27,,,
1995-04-28,,,
1995-04-29,,,
1995-04-30,,,
1995-05-01,,,
1995-05-02,,,
1995-05-03,,,
1995-05-04,,,
1995-05-05,,,
1995-05-06,,,
1995-05-07,,,
1995-05-08,,,
1995-05-09,,,
1995-05-10,,,
1995-05-11,,,
1995-05-12,,,
1995-05-13,,,
1995-05-14,,,
1995-05-15,,,
1995-05-16,,,
1995-05-17,,,
1995-05-18,,,
1995-05-19,,,
1995-05-20,,,
1995-05-21,,,
1995-05-22,,,
1995-05-23,,,
1995-05-24,,,
1995-05-25,,,
1995-05-26,,,
1995-05-27,,,
1995-05-28,,,
1995-05-29,,,
1995-05-30,,,
1995-05-31,,,
1995-06-01,,,
1995-06-02,,,
1995-06-03,,,
1995-06-04,,,
1995-06-05,,,
1995-06-06,,,
1995-06-07,,,
1995-06-08,,,
1995-06-09,,,
1995-06-10,,,
1995-06-11,,,
1995-06-12,,,
1995-06-13,,,
1995-06-14,,,
1995-06-15,,,
1995-06-16,,,
1995-06-17,,,
1995-06-18,,,
1995-06-19,,,
1995-06-20,,,
1995-06-21,,,
1995-06-22,,,
1995-06-23,,,
1995-06-24,,,
1995-06-25,,,
1995-06-26,,,
1995-06-27,,,
1995-06-28,,,
1995-06-29,,,
1995-06-30,,,
1995-07-01,,,
1995-07-02,,,
1995-07-03,,,
1995-07-04,,,
1995-07-05,,,
1995-07-06,,,
1995-07-07,,,
1995-07-08,,,
1995-07-09,,,
1995-07-10,,,
1995-07-11,,,
1995-07-12,,,
1995-07-13,,,
1995-07-14,,,
1995-07-15,,,
1995-07-16,,,
1995-07-17,,,
1995-07-18,,,
1995-07-19,,,
1995-07-20,,,
1995-07-21,,,
1995-07-22,,,
1995-07-23,,,
1995-07-24,,,
1995-07-25,,,
1995-07-26,,,
1995-07-27,,,
1995-07-28,,,
1995-07-29,,,
1995-07-30,,,
1995-07-31,,,
1995-08-01,,,
1995-08-02,,,
1995-08-03,,,
1995-08-04,,,
1995-08-05,,,
1995-08-06,,,
1995-08-07,,,
1995-08-08,,,
1995-08-09,,,
1995-08-10,,,
1995-08-11,,,
1995-08-12,,,
1995-08-13,,,
1995-08-14,,,
1995-08-15,,,
1995-08-16,,,
1995-08-17,,,
1995-08-18,,,
1995-08-19,,,
1995-08-20,,,
1995-08-21,,,
1995-08-22,,,
1995-08-23,,,
1995-08-24,,,
1995-08-25,,,
1995-08-26,,,
1995-08-27,,,
1995-08-28,,,
1995-08-29,,,
1995-08-30,,,
1995-08-31,,,
1995-09-01,,,
1995-09-02,,,
1995-09-03,,,
1995-09-04,,,
1995-09-05,,,
1995-09-06,,,
1995-09-07,,,
1995-09-08,,,
1995-09-09,,,
1995-09-10,,,
1995-09-11,,,
1995-09-12,,,
1995-09-13,,,
1995-09-14,,,
1995-09-15,,,
1995-09-16,,,
1995-09-17,,,
1995-09-18,,,
1995-09-19,,,
1995-09-20,,,
1995-09-21,,,
1995-09-22,,,
1995-09-23,,,
1995-09-24,,,
1995-09-25,,,
1995-09-26,,,
1995-09-27,,,
1995-09-28,,,
1995-09-29,,,
1995-09-30,,,
1995-10-01,,,
1995-10-02,,,
1995-10-03,,,
1995-10-04,,,
1995-10-05,,,
1995-10-06,,,
1995-10-07,,,
1995-10-08,,,
1995-10-09,,,
1995-10-10,,,
1995-10-11,,,
1995-10-12,,,
1995-10-13,,,
1995-10-14,,,
1995-10-15,,,
1995-10-16,,,
1995-10-17,,,
1995-10-18,,,
1995-10-19,,,
1995-10-20,,,
1995-10-21,,,
1995-10-22,,,
1995-10-23,,,
1995-10-24,,,
1995-10-25,,,
1995-10-26,,,
1995-10-27,,,
1995-10-28,,,
1995-10-29,,,
1995-10-30,,,
1995-10-31,,,
1995-11-01,,,
1995-11-02,,,
1995-11-03,,,
1995-11-04,,,
1995-11-05,,,
1995-11-06,,,
1995-11-07,,,
1995-11-08,,,
1995-11-09,,,
1995-11-10,,,
1995-11-11,,,
1995-11-12,,,
1995-11-13,,,
1995-11-14,,,
1995-11-15,,,
1995-11-16,,,
1995-11-17,,,
1995-11-18,,,
1995-11-19,,,
1995-11-20,,,
1995-11-21,,,
1995-11-22,,,
1995-11-23,,,
1995-11-24,,,
1995-11-25,,,
1995-11-26,,,
1995-11-27,,,
1995-11-28,,,
1995-11-29,,,
1995-11-30,,,
1995-12-01,,,
1995-12-02,,,
1995-12-03,,,
1995-12-04,,,
1995-12-05,,,
1995-12-06,,,
1995-12-07,,,
1995-12-08,,,
1995-12-09,,,
1995-12-10,,,
1995-12-11,,,
1995-12-12,,,
1995-12-13,,,
1995-12-14,,,
1995-12-15,,,
1995-12-16,,,
1995-12-17,,,
1995-12-18,,,
1995-12-19,,,
1995-12-20,,,
1995-12-21,,,
1995-12-22,,,
1995-12-23,,,
1995-12-24,,,
1995-12-25,,,
1995-12-26,,,
1995-12-27,,,
1995-12-28,,,
1995-12-29,,,
1995-12-30,,,
1995-12-31,,,
1996-01-01,,,
1996-01-02,,,
1996-01-03,,,
1996-01-04,,,
1996-01-05,,,
1996-01-06,,,
1996-01-07,,,
1996-01-08,,,
1996-01-09,,,
1996-01-10,,,
1996-01-11,,,
1996-01-12,,,
1996-01-13,,,
1996-01-14,,,
1996-01-15,,,
1996-01-16,,,
1996-01-17,,,
1996-01-18,,,
1996-01-19,,,
1996-01-20,,,
1996-01-21,,,
1996-01-22,,,
1996-01-23,,,
1996-01-24,,,
1996-01-25,,,
1996-01-26,,,
1996-01-27,,,
1996-01-28,,,
1996-01-29,,,
1996-01-30,,,
1996-01-31,,,
1996-02-01,,,
1996-02-02,,,
1996-02-03,,,
1996-02-04,,,
1996-02-05,,,
1996-02-06,,,
1996-02-07,,,
1996-02-08,,,
1996-02-09,,,
1996-02-10,,,
1996-02-11,,,
1996-02-12,,,
1996-02-13,,,
1996-02-14,,,
1996-02-15,,,
1996-02-16,,,
1996-02-17,,,
1996-02-18,,,
1996-02-19,,,
1996-02-20,,,
1996-02-21,,,
1996-02-22,,,
1996-02-23,,,
1996-02-24,,,
1996-02-25,,,
1996-02-26,,,
1996-02-27,,,
1996-02-28,,,
1996-02-29,,,
1996-03-01,,,
1996-03-02,,,
1996-03-03,,,
1996-03-04,,,
1996-03-05,,,
1996-03-06,,,
1996-03-07,,,
1996-03-08,,,
1996-03-09,,,
1996-03-10,,,
1996-03-11,,,
1996-03-12,,,
1996-03-13,,,
1996-03-14,,,
1996-03-15,,,
1996-03-16,,,
1996-03-17,,,
1996-03-18,,,
1996-03-19,,,
1996-03-20,,,
1996-03-21,,,
1996-03-22,,,
1996-03-23,,,
1996-03-24,,,
1996-03-25,,,
1996-03-26,,,
1996-03-27,,,
1996-03-28,,,
1996-03-29,,,
1996-03-30,,,
1996-03-31,,,
1996-04-01,,,
1996-04-02,,,
1996-04-03,,,
1996-04-04,,,
1996-04-05,,,
1996-04-06,,,
1996-04-07,,,
1996-04-08,,,
1996-04-09,,,
1996-04-10,,,
1996-04-11,,,
1996-04-12,,,
1996-04-13,,,
1996-04-14,,,
1996-04-15,,,
1996-04-16,,,
1996-04-17,,,
1996-04-18,,,
1996-04-19,,,
1996-04-20,,,
1996-04-21,,,
1996-04-22,,,
1996-04-23,,,
1996-04-24,,,
1996-04-25,,,
1996-04-26,,,
1996-04-27,,,
1996-04-28,,,
1996-04-29,,,
1996-04-30,,,
1996-05-01,,,
1996-05-02,,,
1996-05-03,,,
1996-05-04,,,
1996-05-05,,,
1996-05-06,,,
1996-05-07,,,
1996-05-08,,,
1996-05-09,,,
1996-05-10,,,
1996-05-11,,,
1996-05-12,,,
1996-05-13,,,
1996-05-14,,,
1996-05-15,,,
1996-05-16,,,
1996-05-17,,,
1996-05-18,,,
1996-05-19,,,
1996-05-20,,,
1996-05-21,,,
1996-05-22,,,
1996-05-23,,,
1996-05-24,,,
1996-05-25,,,
1996-05-26,,,
1996-05-27,,,
1996-05-28,,,
1996-05-29,,,
1996-05-30,,,
1996-05-31,,,
1996-06-01,,,
1996-06-02,,,
1996-06-03,,,
1996-06-04,,,
1996-06-05,,,
1996-06-06,,,
1996-06-07,,,
1996-06-08,,,
1996-06-09,,,
1996-06-10,,,
1996-06-11,,,
1996-06-12,,,
1996-06-13,,,
1996-06-14,,,
1996-06-15,,,
1996-06-16,,,
1996-06-17,,,
1996-06-18,,,
1996-06-19,,,
1996-06-20,,,
1996-06-21,,,
1996-06-22,,,
1996-06-23,,,
1996-06-24,,,
1996-06-25,,,
1996-06-26,,,
1996-06-27,,,
1996-06-28,,,
1996-06-29,,,
1996-06-30,,,
1996-07-01,,,
1996-07-02,,,
1996-07-03,,,
1996-07-04,,,
1996-07-05,,,
1996-07-06,,,
1996-07-07,,,
1996-07-08,,,
1996-07-09,,,
1996-07-10,,,
1996-07-11,,,
1996-07-12,,,
1996-07-13,,,
1996-07-14,,,
1996-07-15,,,
1996-07-16,,,
1996-07-17,,,
1996-07-18,,,
1996-07-19,,,
1996-07-20,,,
1996-07-21,,,
1996-07-22,,,
1996-07-23,,,
1996-07-24,,,
1996-07-25,,,
1996-07-26,,,
1996-07-27,,,
1996-07-28,,,
1996-07-29,,,
1996-07-30,,,
1996-07-31,,,
1996-08-01,,,
1996-08-02,,,
1996-08-03,,,
1996-08-04,,,
1996-08-05,,,
1996-08-06,,,
1996-08-07,,,
1996-08-08,,,
1996-08-09,,,
1996-08-10,,,
1996-08-11,,,
1996-08-12,,,
1996-08-13,,,
1996-08-14,,,
1996-08-15,,,
1996-08-16,,,
1996-08-17,,,
1996-08-18,,,
1996-08-19,,,
1996-08-20,,,
1996-08-21,,,
1996-08-22,,,
1996-08-23,,,
1996-08-24,,,
1996-08-25,,,
1996-08-26,,,
1996-08-27,,,
1996-08-28,,,
1996-08-29,,,
1996-08-30,,,
1996-08-31,,,
1996-09-01,,,
1996-09-02,,,
1996-09-03,,,
1996-09-04,,,
1996-09-05,,,
1996-09-06,,,
1996-09-07,,,
1996-09-08,,,
1996-09-09,,,
1996-09-10,,,
1996-09-11,,,
1996-09-12,,,
1996-09-13,,,
1996-09-14,,,
1996-09-15,,,
1996-09-16,,,
1996-09-17,,,
1996-09-18,,,
1996-09-19,,,
1996-09-20,,,
1996-09-21,,,
1996-09-22,,,
1996-09-23,,,
1996-09-24,,,
1996-09-25,,,
1996-09-26,,,
1996-09-27,,,
1996-09-28,,,
1996-09-29,,,
1996-09-30,,,
1996-10-01,,,
1996-10-02,,,
1996-10-03,,,
1996-10-04,,,
1996-10-05,,,
1996-10-06,,,
1996-10-07,,,
1996-10-08,,,
1996-10-09,,,
1996-10-10,,,
1996-10-11,,,
1996-10-12,,,
1996-10-13,,,
1996-10-14,,,
1996-10-15,,,
1996-10-16,,,
1996-10-17,,,
1996-10-18,,,
1996-10-19,,,
1996-10-20,,,
1996-10-21,,,
1996-10-22,,,
1996-10-23,,,
1996-10-24,,,
1996-10-25,,,
1996-10-26,,,
1996-10-27,,,
1996-10-28,,,
1996-10-29,,,
1996-10-30,,,
1996-10-31,,,
1996-11-01,,,
1996-11-02,,,
1996-11-03,,,
1996-11-04,,,
1996-11-05,,,
1996-11-06,,,
1996-11-07,,,
1996-11-08,,,
1996-11-09,,,
1996-11-10,,,
1996-11-11,,,
1996-11-12,,,
1996-11-13,,,
1996-11-14,,,
1996-11-15,,,
1996-11-16,,,
1996-11-17,,,
1996-11-18,,,
1996-11-19,,,
1996-11-20,,,
1996-11-21,,,
1996-11-22,,,
1996-11-23,,,
1996-11-24,,,
1996-11-25,,,
1996-11-26,,,
1996-11-27,,,
1996-11-28,,,
1996-11-29,,,
1996-11-30,,,
1996-12-01,,,
1996-12-02,,,
1996-12-03,,,
1996-12-04,,,
1996-12-05,,,
1996-12-06,,,
1996-12-07,,,
1996-12-08,,,
1996-12-09,,,
1996-12-10,,,
1996-12-11,,,
1996-12-12,,,
1996-12-13,,,
1996-12-14,,,
1996-12-15,,,
1996-12-16,,,
1996-12-17,,,
1996-12-18,,,
1996-12-19,,,
1996-12-20,,,
1996-12-21,,,
1996-12-22,,,
1996-12-23,,,
1996-12-24,,,
1996-12-25,,,
1996-12-26,,,
1996-12-27,,,
1996-12-28,,,
1996-12-29,,,
1996-12-30,,,
1996-12-31,,,
1997-01-01,,,
1997-01-02,,,
1997-01-03,,,
1997-01-04,,,
1997-01-05,,,
1997-01-06,,,
1997-01-07,,,
1997-01-08,,,
1997-01-09,,,
1997-01-10,,,
1997-01-11,,,
1997-01-12,,,
1997-01-13,,,
1997-01-14,,,
1997-01-15,,,
1997-01-16,,,
1997-01-17,,,
1997-01-18,,,
1997-01-19,,,
1997-01-20,,,
1997-01-21,,,
1997-01-22,,,
1997-01-23,,,
1997-01-24,,,
1997-01-25,,,
1997-01-26,,,
1997-01-27,,,
1997-01-28,,,
1997-01-29,,,
1997-01-30,,,
1997-01-31,,,
1997-02-01,,,
1997-02-02,,,
1997-02-03,,,
1997-02-04,,,
1997-02-05,,,
1997-02-06,,,
1997-02-07,,,
1997-02-08,,,
1997-02-09,,,
1997-02-10,,,
1997-02-11,,,
1997-02-12,,,
1997-02-13,,,
1997-02-14,,,
1997-02-15,,,
1997-02-16,,,
1997-02-17,,,
1997-02-18,,,
1997-02-19,,,
1997-02-20,,,
1997-02-21,,,
1997-02-22,,,
1997-02-23,,,
1997-02-24,,,
1997-02-25,,,
1997-02-26,,,
1997-02-27,,,
1997-02-28,,,
1997-03-01,,,
1997-03-02,,,
1997-03-03,,,
1997-03-04,,,
1997-03-05,,,
1997-03-06,,,
1997-03-07,,,
1997-03-08,,,
1997-03-09,,,
1997-03-10,,,
1997-03-11,,,
1997-03-12,,,
1997-03-13,,,
1997-03-14,,,
1997-03-15,,,
1997-03-16,,,
1997-03-17,,,
1997-03-18,,,
1997-03-19,,,
1997-03-20,,,
1997-03-21,,,
1997-03-22,,,
1997-03-23,,,
1997-03-24,,,
1997-03-25,,,
1997-03-26,,,
1997-03-27,,,
1997-03-28,,,
1997-03-29,,,
1997-03-30,,,
1997-03-31,,,
1997-04-01,,,
1997-04-02,,,
1997-04-03,,,
1997-04-04,,,
1997-04-05,,,
1997-04-06,,,
1997-04-07,,,
1997-04-08,,,
1997-04-09,,,
1997-04-10,,,
1997-04-11,,,
1997-04-12,,,
1997-04-13,,,
1997-04-14,,,
1997-04-15,,,
1997-04-16,,,
1997-04-17,,,
1997-04-18,,,
1997-04-19,,,
1997-04-20,,,
1997-04-21,,,
1997-04-22,,,
1997-04-23,,,
1997-04-24,,,
1997-04-25,,,
1997-04-26,,,
1997-04-27,,,
1997-04-28,,,
1997-04-29,,,
1997-04-30,,,
1997-05-01,,,
1997-05-02,,,
1997-05-03,,,
1997-05-04,,,
1997-05-05,,,
1997-05-06,,,
1997-05-07,,,
1997-05-08,,,
1997-05-09,,,
1997-05-10,,,
1997-05-11,,,
1997-05-12,,,
1997-05-13,,,
1997-05-14,,,
1997-05-15,,,
1997-05-16,,,
1997-05-17,,,
1997-05-18,,,
1997-05-19,,,
1997-05-20,,,
1997-05-21,,,
1997-05-22,,,
1997-05-23,,,
1997-05-24,,,
1997-05-25,,,
1997-05-26,,,
1997-05-27,,,
1997-05-28,,,
1997-05-29,,,
1997-05-30,,,
1997-05-31,,,
1997-06-01,,,
1997-06-02,,,
1997-06-03,,,
1997-06-04,,,
1997-06-05,,,
1997-06-06,,,
1997-06-07,,,
1997-06-08,,,
1997-06-09,,,
1997-06-10,,,
1997-06-11,,,
1997-06-12,,,
1997-06-13,,,
1997-06-14,,,
1997-06-15,,,
1997-06-16,,,
1997-06-17,,,
1997-06-18,,,
1997-06-19,,,
1997-06-20,,,
1997-06-21,,,
1997-06-22,,,
1997-06-23,,,
1997-06-24,,,
1997-06-25,,,
1997-06-26,,,
1997-06-27,,,
1997-06-28,,,
1997-06-29,,,
1997-06-30,,,
1997-07-01,,,
1997-07-02,,,
1997-07-03,,,
1997-07-04,,,
1997-07-05,,,
1997-07-06,,,
1997-07-07,,,
1997-07-08,,,
1997-07-09,,,
1997-07-10,,,
1997-07-11,,,
1997-07-12,,,
1997-07-13,,,
1997-07-14,,,
1997-07-15,,,
1997-07-16,,,
1997-07-17,,,
1997-07-18,,,
1997-07-19,,,
1997-07-20,,,
1997-07-21,,,
1997-07-22,,,
1997-07-23,,,
1997-07-24,,,
1997-07-25,,,
1997-07-26,,,
1997-07-27,,,
1997-07-28,,,
1997-07-29,,,
1997-07-30,,,
1997-07-31,,,
1997-08-01,,,
1997-08-02,,,
1997-08-03,,,
1997-08-04,,,
1997-08-05,,,
1997-08-06,,,
1997-08-07,,,
1997-08-08,,,
1997-08-09,,,
1997-08-10,,,
1997-08-11,,,
1997-08-12,,,
1997-08-13,,,
1997-08-14,,,
1997-08-15,,,
1997-08-16,,,
1997-08-17,,,
1997-08-18,,,
1997-08-19,,,
1997-08-20,,,
1997-08-21,,,
1997-08-22,,,
1997-08-23,,,
1997-08-24,,,
1997-08-25,,,
1997-08-26,,,
1997-08-27,,,
1997-08-28,,,
1997-08-29,,,
1997-08-30,,,
1997-08-31,,,
1997-09-01,,,
1997-09-02,,,
1997-09-03,,,
1997-09-04,,,
1997-09-05,,,
1997-09-06,,,
1997-09-07,,,
1997-09-08,,,
1997-09-09,,,
1997-09-10,,,
1997-09-11,,,
1997-09-12,,,
1997-09-13,,,
1997-09-14,,,
1997-09-15,,,
1997-09-16,,,
1997-09-17,,,
1997-09-18,,,
1997-09-19,,,
1997-09-20,,,
1997-09-21,,,
1997-09-22,,,
1997-09-23,,,
1997-09-24,,,
1997-09-25,,,
1997-09-26,,,
1997-09-27,,,
1997-09-28,,,
1997-09-29,,,
1997-09-30,,,
1997-10-01,,,
1997-10-02,,,
1997-10-03,,,
1997-10-04,,,
1997-10-05,,,
1997-10-06,,,
1997-10-07,,,
1997-10-08,,,
1997-10-09,,,
1997-10-10,,,
1997-10-11,,,
1997-10-12,,,
1997-10-13,,,
1997-10-14,,,
1997-10-15,,,
1997-10-16,,,
1997-10-17,,,
1997-10-18,,,
1997-10-19,,,
1997-10-20,,,
1997-10-21,,,
1997-10-22,,,
1997-10-23,,,
1997-10-24,,,
1997-10-25,,,
1997-10-26,,,
1997-10-27,,,
1997-10-28,,,
1997-10-29,,,
1997-10-30,,,
1997-10-31,,,
1997-11-01,,,
1997-11-02,,,
1997-11-03,,,
1997-11-04,,,
1997-11-05,,,
1997-11-06,,,
1997-11-07,,,
1997-11-08,,,
1997-11-09,,,
1997-11-10,,,
1997-11-11,,,
1997-11-12,,,
1997-11-13,,,
1997-11-14,,,
1997-11-15,,,
1997-11-16,,,
1997-11-17,,,
1997-11-18,,,
1997-11-19,,,
1997-11-20,,,
1997-11-21,,,
1997-11-22,,,
1997-11-23,,,
1997-11-24,,,
1997-11-25,,,
1997-11-26,,,
1997-11-27,,,
1997-11-28,,,
1997-11-29,,,
1997-11-30,,,
1997-12-01,,,
1997-12-02,,,
1997-12-03,,,
1997-12-04,,,
1997-12-05,,,
1997-12-06,,,
1997-12-07,,,
1997-12-08,,,
1997-12-09,,,
1997-12-10,,,
1997-12-11,,,
1997-12-12,,,
1997-12-13,,,
1997-12-14,,,
1997-12-15,,,
1997-12-16,,,
1997-12-17,,,
1997-12-18,,,
1997-12-19,,,
1997-12-20,,,
1997-12-21,,,
1997-12-22,,,
1997-12-23,,,
1997-12-24,,,
1997-12-25,,,
1997-12-26,,,
1997-12-27,,,
1997-12-28,,,
1997-12-29,,,
1997-12-30,,,
1997-12-31,,,
1998-01-01,,,
1998-01-02,,,
1998-01-03,,,
1998-01-04,,,
1998-01-05,,,
1998-01-06,,,
1998-01-07,,,
1998-01-08,,,
1998-01-09,,,
1998-01-10,,,
1998-01-11,,,
1998-01-12,,,
1998-01-13,,,
1998-01-14,,,
1998-01-15,,,
1998-01-16,,,
1998-01-17,,,
1998-01-18,,,
1998-01-19,,,
1998-01-20,,,
1998-01-21,,,
1998-01-22,,,
1998-01-23,,,
1998-01-24,,,
1998-01-25,,,
1998-01-26,,,
1998-01-27,,,
1998-01-28,,,
1998-01-29,,,
1998-01-30,,,
1998-01-31,,,
1998-02-01,,,
1998-02-02,,,
1998-02-03,,,
1998-02-04,,,
1998-02-05,,,
1998-02-06,,,
1998-02-07,,,
1998-02-08,,,
1998-02-09,,,
1998-02-10,,,
1998-02-11,,,
1998-02-12,,,
1998-02-13,,,
1998-02-14,,,
1998-02-15,,,
1998-02-16,,,
1998-02-17,,,
1998-02-18,,,
1998-02-19,,,
1998-02-20,,,
1998-02-21,,,
1998-02-22,,,
1998-02-23,,,
1998-02-24,,,
1998-02-25,,,
1998-02-26,,,
1998-02-27,,,
1998-02-28,,,
1998-03-01,,,
1998-03-02,,,
1998-03-03,,,
1998-03-04,,,
1998-03-05,,,
1998-03-06,,,
1998-03-07,,,
1998-03-08,,,
1998-03-09,,,
1998-03-10,,,
1998-03-11,,,
1998-03-12,,,
1998-03-13,,,
1998-03-14,,,
1998-03-15,,,
1998-03-16,,,
1998-03-17,,,
1998-03-18,,,
1998-03-19,,,
1998-03-20,,,
1998-03-21,,,
1998-03-22,,,
1998-03-23,,,
1998-03-24,,,
1998-03-25,,,
1998-03-26,,,
1998-03-27,,,
1998-03-28,,,
1998-03-29,,,
1998-03-30,,,
1998-03-31,,,
1998-04-01,,,
1998-04-02,,,
1998-04-03,,,
1998-04-04,,,
1998-04-05,,,
1998-04-06,,,
1998-04-07,,,
1998-04-08,,,
1998-04-09,,,
1998-04-10,,,
1998-04-11,,,
1998-04-12,,,
1998-04-13,,,
1998-04-14,,,
1998-04-15,,,
1998-04-16,,,
1998-04-17,,,
1998-04-18,,,
1998-04-19,,,
1998-04-20,,,
1998-04-21,,,
1998-04-22,,,
1998-04-23,,,
1998-04-24,,,
1998-04-25,,,
1998-04-26,,,
1998-04-27,,,
1998-04-28,,,
1998-04-29,,,
1998-04-30,,,
1998-05-01,,,
1998-05-02,,,
1998-05-03,,,
1998-05-04,,,
1998-05-05,,,
1998-05-06,,,
1998-05-07,,,
1998-05-08,,,
1998-05-09,,,
1998-05-10,,,
1998-05-11,,,
1998-05-12,,,
1998-05-13,,,
1998-05-14,,,
1998-05-15,,,
1998-05-16,,,
1998-05-17,,,
1998-05-18,,,
1998-05-19,,,
1998-05-20,,,
1998-05-21,,,
1998-05-22,,,
1998-05-23,,,
1998-05-24,,,
1998-05-25,,,
1998-05-26,,,
1998-05-27,,,
1998-05-28,,,
1998-05-29,,,
1998-05-30,,,
1998-05-31,,,
1998-06-01,,,
1998-06-02,,,
1998-06-03,,,
1998-06-04,,,
1998-06-05,,,
1998-06-06,,,
1998-06-07,,,
1998-06-08,,,
1998-06-09,,,
1998-06-10,,,
1998-06-11,,,
1998-06-12,,,
1998-06-13,,,
1998-06-14,,,
1998-06-15,,,
1998-06-16,,,
1998-06-17,,,
1998-06-18,,,
1998-06-19,,,
1998-06-20,,,
1998-06-21,,,
1998-06-22,,,
1998-06-23,,,
1998-06-24,,,
1998-06-25,,,
1998-06-26,,,
1998-06-27,,,
1998-06-28,,,
1998-06-29,,,
1998-06-30,,,
1998-07-01,,,
1998-07-02,,,
1998-07-03,,,
1998-07-04,,,
1998-07-05,,,
1998-07-06,,,
1998-07-07,,,
1998-07-08,,,
1998-07-09,,,
1998-07-10,,,
1998-07-11,,,
1998-07-12,,,
1998-07-13,,,
1998-07-14,,,
1998-07-15,,,
1998-07-16,,,
1998-07-17,,,
1998-07-18,,,
1998-07-19,,,
1998-07-20,,,
1998-07-21,,,
1998-07-22,,,
1998-07-23,,,
1998-07-24,,,
1998-07-25,,,
1998-07-26,,,
1998-07-27,,,
1998-07-28,,,
1998-07-29,,,
1998-07-30,,,
1998-07-31,,,
1998-08-01,,,
1998-08-02,,,
1998-08-03,,,
1998-08-04,,,
1998-08-05,,,
1998-08-06,,,
1998-08-07,,,
1998-08-08,,,
1998-08-09,,,
1998-08-10,,,
1998-08-11,,,
1998-08-12,,,
1998-08-13,,,
1998-08-14,,,
1998-08-15,,,
1998-08-16,,,
1998-08-17,,,
1998-08-18,,,
1998-08-19,,,
1998-08-20,,,
1998-08-21,,,
1998-08-22,,,
1998-08-23,,,
1998-08-24,,,
1998-08-25,,,
1998-08-26,,,
1998-08-27,,,
1998-08-28,,,
1998-08-29,,,
1998-08-30,,,
1998-08-31,,,
1998-09-01,,,
1998-09-02,,,
1998-09-03,,,
1998-09-04,,,
1998-09-05,,,
1998-09-06,,,
1998-09-07,,,
1998-09-08,,,
1998-09-09,,,
1998-09-10,,,
1998-09-11,,,
1998-09-12,,,
1998-09-13,,,
1998-09-14,,,
1998-09-15,,,
1998-09-16,,,
1998-09-17,,,
1998-09-18,,,
1998-09-19,,,
1998-09-20,,,
1998-09-21,,,
1998-09-22,,,
1998-09-23,,,
1998-09-24,,,
1998-09-25,,,
1998-09-26,,,
1998-09-27,,,
1998-09-28,,,
1998-09-29,,,
1998-09-30,,,
1998-10-01,,,
1998-10-02,,,
1998-10-03,,,
1998-10-04,,,
1998-10-05,,,
1998-10-06,,,
1998-10-07,,,
1998-10-08,,,
1998-10-09,,,
1998-10-10,,,
1998-10-11,,,
1998-10-12,,,
1998-10-13,,,
1998-10-14,,,
1998-10-15,,,
1998-10-16,,,
1998-10-17,,,
1998-10-18,,,
1998-10-19,,,
1998-10-20,,,
1998-10-21,,,
1998-10-22,,,
1998-10-23,,,
1998-10-24,,,
1998-10-25,,,
1998-10-26,,,
1998-10-27,,,
1998-10-28,,,
1998-10-29,,,
1998-10-30,,,
1998-10-31,,,
1998-11-01,,,
1998-11-02,,,
1998-11-03,,,
1998-11-04,,,
1998-11-05,,,
1998-11-06,,,
1998-11-07,,,
1998-11-08,,,
1998-11-09,,,
1998-11-10,,,
1998-11-11,,,
1998-11-12,,,
1998-11-13,,,
1998-11-14,,,
1998-11-15,,,
1998-11-16,,,
1998-11-17,,,
1998-11-18,,,
1998-11-19,,,
1998-11-20,,,
1998-11-21,,,
1998-11-22,,,
1998-11-23,,,
1998-11-24,,,
1998-11-25,,,
1998-11-26,,,
1998-11-27,,,
1998-11-28,,,
1998-11-29,,,
1998-11-30,,,
1998-12-01,,,
1998-12-02,,,
1998-12-03,,,
1998-12-04,,,
1998-12-05,,,
1998-12-06,,,
1998-12-07,,,
1998-12-08,,,
1998-12-09,,,
1998-12-10,,,
1998-12-11,,,
1998-12-12,,,
1998-12-13,,,
1998-12-14,,,
1998-12-15,,,
1998-12-16,,,
1998-12-17,,,
1998-12-18,,,
1998-12-19,,,
1998-12-20,,,
1998-12-21,,,
1998-12-22,,,
1998-12-23,,,
1998-12-24,,,
1998-12-25,,,
1998-12-26,,,
1998-12-27,,,
1998-12-28,,,
1998-12-29,,,
1998-12-30,,,
1998-12-31,,,
1999-01-01,,,
1999-01-02,,,
1999-01-03,,,
1999-01-04,,,
1999-01-05,,,
1999-01-06,,,
1999-01-07,,,
1999-01-08,,,
1999-01-09,,,
1999-01-10,,,
1999-01-11,,,
1999-01-12,,,
1999-01-13,,,
1999-01-14,,,
1999-01-15,,,
1999-01-16,,,
1999-01-17,,,
1999-01-18,,,
1999-01-19,,,
1999-01-20,,,
1999-01-21,,,
1999-01-22,,,
1999-01-23,,,
1999-01-24,,,
1999-01-25,,,
1999-01-26,,,
1999-01-27,,,
1999-01-28,,,
1999-01-29,,,
1999-01-30,,,
1999-01-31,,,
1999-02-01,,,
1999-02-02,,,
1999-02-03,,,
1999-02-04,,,
1999-02-05,,,
1999-02-06,,,
1999-02-07,,,
1999-02-08,,,
1999-02-09,,,
1999-02-10,,,
1999-02-11,,,
1999-02-12,,,
1999-02-13,,,
1999-02-14,,,
1999-02-15,,,
1999-02-16,,,
1999-02-17,,,
1999-02-18,,,
1999-02-19,,,
1999-02-20,,,
1999-02-21,,,
1999-02-22,,,
1999-02-23,,,
1999-02-24,,,
1999-02-25,,,
1999-02-26,,,
1999-02-27,,,
1999-02-28,,,
1999-03-01,,,
1999-03-02,,,
1999-03-03,,,
1999-03-04,,,
1999-03-05,,,
1999-03-06,,,
1999-03-07,,,
1999-03-08,,,
1999-03-09,,,
1999-03-10,,,
1999-03-11,,,
1999-03-12,,,
1999-03-13,,,
1999-03-14,,,
1999-03-15,,,
1999-03-16,,,
1999-03-17,,,
1999-03-18,,,
1999-03-19,,,
1999-03-20,,,
1999-03-21,,,
1999-03-22,,,
1999-03-23,,,
1999-03-24,,,
1999-03-25,,,
1999-03-26,,,
1999-03-27,,,
1999-03-28,,,
1999-03-29,,,
1999-03-30,,,
1999-03-31,,,
1999-04-01,,,
1999-04-02,,,
1999-04-03,,,
1999-04-04,,,
1999-04-05,,,
1999-04-06,,,
1999-04-07,,,
1999-04-08,,,
1999-04-09,,,
1999-04-10,,,
1999-04-11,,,
1999-04-12,,,
1999-04-13,,,
1999-04-14,,,
1999-04-15,,,
1999-04-16,,,
1999-04-17,,,
1999-04-18,,,
1999-04-19,,,
1999-04-20,,,
1999-04-21,,,
1999-04-22,,,
1999-04-23,,,
1999-04-24,,,
1999-04-25,,,
1999-04-26,,,
1999-04-27,,,
1999-04-28,,,
1999-04-29,,,
1999-04-30,,,
1999-05-01,,,
1999-05-02,,,
1999-05-03,,,
1999-05-04,,,
1999-05-05,,,
1999-05-06,,,
1999-05-07,,,
1999-05-08,,,
1999-05-09,,,
1999-05-10,,,
1999-05-11,,,
1999-05-12,,,
1999-05-13,,,
1999-05-14,,,
1999-05-15,,,
1999-05-16,,,
1999-05-17,,,
1999-05-18,,,
1999-05-19,,,
1999-05-20,,,
1999-05-21,,,
1999-05-22,,,
1999-05-23,,,
1999-05-24,,,
1999-05-25,,,
1999-05-26,,,
1999-05-27,,,
1999-05-28,,,
1999-05-29,,,
1999-05-30,,,
1999-05-31,,,
1999-06-01,,,
1999-06-02,,,
1999-06-03,,,
1999-06-04,,,
1999-06-05,,,
1999-06-06,,,
1999-06-07,,,
1999-06-08,,,
1999-06-09,,,
1999-06-10,,,
1999-06-11,,,
1999-06-12,,,
1999-06-13,,,
1999-06-14,,,
1999-06-15,,,
1999-06-16,,,
1999-06-17,,,
1999-06-18,,,
1999-06-19,,,
1999-06-20,,,
1999-06-21,,,
1999-06-22,,,
1999-06-23,,,
1999-06-24,,,
1999-06-25,,,
1999-06-26,,,
1999-06-27,,,
1999-06-28,,,
1999-06-29,,,
1999-06-30,,,
1999-07-01,,,
1999-07-02,,,
1999-07-03,,,
1999-07-04,,,
1999-07-05,,,
1999-07-06,,,
1999-07-07,,,
1999-07-08,,,
1999-07-09,,,
1999-07-10,,,
1999-07-11,,,
1999-07-12,,,
1999-07-13,,,
1999-07-14,,,
1999-07-15,,,
1999-07-16,,,
1999-07-17,,,
1999-07-18,,,
1999-07-19,,,
1999-07-20,,,
1999-07-21,,,
1999-07-22,,,
1999-07-23,,,
1999-07-24,,,
1999-07-25,,,
1999-07-26,,,
1999-07-27,,,
1999-07-28,,,
1999-07-29,,,
1999-07-30,,,
1999-07-31,,,
1999-08-01,,,
1999-08-02,,,
1999-08-03,,,
1999-08-04,,,
1999-08-05,,,
1999-08-06,,,
1999-08-07,,,
1999-08-08,,,
1999-08-09,,,
1999-08-10,,,
1999-08-11,,,
1999-08-12,,,
1999-08-13,,,
1999-08-14,,,
1999-08-15,,,
1999-08-16,,,
1999-08-17,,,
1999-08-18,,,
1999-08-19,,,
1999-08-20,,,
1999-08-21,,,
1999-08-22,,,
1999-08-23,,,
1999-08-24,,,
1999-08-25,,,
1999-08-26,,,
1999-08-27,,,
1999-08-28,,,
1999-08-29,,,
1999-08-30,,,
1999-08-31,,,
1999-09-01,,,
1999-09-02,,,
1999-09-03,,,
1999-09-04,,,
1999-09-05,,,
1999-09-06,,,
1999-09-07,,,
1999-09-08,,,
1999-09-09,,,
1999-09-10,,,
1999-09-11,,,
1999-09-12,,,
1999-09-13,,,
1999-09-14,,,
1999-09-15,,,
1999-09-16,,,
1999-09-17,,,
1999-09-18,,,
1999-09-19,,,
1999-09-20,,,
1999-09-21,,,
1999-09-22,,,
1999-09-23,,,
1999-09-24,,,
1999-09-25,,,
1999-09-26,,,
1999-09-27,,,
1999-09-28,,,
1999-09-29,,,
1999-09-30,,,
1999-10-01,,,
1999-10-02,,,
1999-10-03,,,
1999-10-04,,,
1999-10-05,,,
1999-10-06,,,
1999-10-07,,,
1999-10-08,,,
1999-10-09,,,
1999-10-10,,,
1999-10-11,,,
1999-10-12,,,
1999-10-13,,,
1999-10-14,,,
1999-10-15,,,
1999-10-16,,,
1999-10-17,,,
1999-10-18,,,
1999-10-19,,,
1999-10-20,,,
1999-10-21,,,
1999-10-22,,,
1999-10-23,,,
1999-10-24,,,
1999-10-25,,,
1999-10-26,,,
1999-10-27,,,
1999-10-28,,,
1999-10-29,,,
1999-10-30,,,
1999-10-31,,,
1999-11-01,,,
1999-11-02,,,
1999-11-03,,,
1999-11-04,,,
1999-11-05,,,
1999-11-06,,,
1999-11-07,,,
1999-11-08,,,
1999-11-09,,,
1999-11-10,,,
1999-11-11,,,
1999-11-12,,,
1999-11-13,,,
1999-11-14,,,
1999-11-15,,,
1999-11-16,,,
1999-11-17,,,
1999-11-18,,,
1999-11-19,,,
1999-11-20,,,
1999-11-21,,,
1999-11-22,,,
1999-11-23,,,
1999-11-24,,,
1999-11-25,,,
1999-11-26,,,
1999-11-27,,,
1999-11-28,,,
1999-11-29,,,
1999-11-30,,,
1999-12-01,,,
1999-12-02,,,
1999-12-03,,,
1999-12-04,,,
1999-12-05,,,
1999-12-06,,,
1999-12-07,,,
1999-12-08,,,
1999-12-09,,,
1999-12-10,,,
1999-12-11,,,
1999-12-12,,,
1999-12-13,,,
1999-12-14,,,
1999-12-15,,,
1999-12-16,,,
1999-12-17,,,
1999-12-18,,,
1999-12-19,,,
1999-12-20,,,
1999-12-21,,,
1999-12-22,,,
1999-12-23,,,
1999-12-24,,,
1999-12-25,,,
1999-12-26,,,
1999-12-27,,,
1999-12-28,,,
1999-12-29,,,
1999-12-30,,,
1999-12-31,,,
2000-01-01,,,
2000-01-02,,,
2000-01-03,,,
2000-01-04,,,
2000-01-05,,,
2000-01-06,,,
2000-01-07,,,
2000-01-08,,,
2000-01-09,,,
2000-01-10,,,
2000-01-11,,,
2000-01-12,,,
2000-01-13,,,
2000-01-14,,,
2000-01-15,,,
2000-01-16,,,
2000-01-17,,,
2000-01-18,,,
2000-01-19,,,
2000-01-20,,,
2000-01-21,,,
2000-01-22,,,
2000-01-23,,,
2000-01-24,,,
2000-01-25,,,
2000-01-26,,,
2000-01-27,,,
2000-01-28,,,
2000-01-29,,,
2000-01-30,,,
2000-01-31,,,
2000-02-01,,,
2000-02-02,,,
2000-02-03,,,
2000-02-04,,,
2000-02-05,,,
2000-02-06,,,
2000-02-07,,,
2000-02-08,,,
2000-02-09,,,
2000-02-10,,,
2000-02-11,,,
2000-02-12,,,
2000-02-13,,,
2000-02-14,,,
2000-02-15,,,
2000-02-16,,,
2000-02-17,,,
2000-02-18,,,
2000-02-19,,,
2000-02-20,,,
2000-02-21,,,
2000-02-22,,,
2000-02-23,,,
2000-02-24,,,
2000-02-25,,,
2000-02-26,,,
2000-02-27,,,
2000-02-28,,,
2000-02-29,,,
2000-03-01,,,
2000-03-02,,,
2000-03-03,,,
2000-03-04,,,
2000-03-05,,,
2000-03-06,,,
2000-03-07,,,
2000-03-08,,,
2000-03-09,,,
2000-03-10,,,
2000-03-11,,,
2000-03-12,,,
2000-03-13,,,
2000-03-14,,,
2000-03-15,,,
2000-03-16,,,
2000-03-17,,,
2000-03-18,,,
2000-03-19,,,
2000-03-20,,,
2000-03-21,,,
2000-03-22,,,
2000-03-23,,,
2000-03-24,,,
2000-03-25,,,
2000-03-26,,,
2000-03-27,,,
2000-03-28,,,
2000-03-29,,,
2000-03-30,,,
2000-03-31,,,
2000-04-01,,,
2000-04-02,,,
2000-04-03,,,
2000-04-04,,,
2000-04-05,,,
2000-04-06,,,
2000-04-07,,,
2000-04-08,,,
2000-04-09,,,
2000-04-10,,,
2000-04-11,,,
2000-04-12,,,
2000-04-13,,,
2000-04-14,,,
2000-04-15,,,
2000-04-16,,,
2000-04-17,,,
2000-04-18,,,
2000-04-19,,,
2000-04-20,,,
2000-04-21,,,
2000-04-22,,,
2000-04-23,,,
2000-04-24,,,
2000-04-25,,,
2000-04-26,,,
2000-04-27,,,
2000-04-28,,,
2000-04-29,,,
2000-04-30,,,
2000-05-01,,,
2000-05-02,,,
2000-05-03,,,
2000-05-04,,,
2000-05-05,,,
2000-05-06,,,
2000-05-07,,,
2000-05-08,,,
2000-05-09,,,
2000-05-10,,,
2000-05-11,,,
2000-05-12,,,
2000-05-13,,,
2000-05-14,,,
2000-05-15,,,
2000-05-16,,,
2000-05-17,,,
2000-05-18,,,
2000-05-19,,,
2000-05-20,,,
2000-05-21,,,
2000-05-22,,,
2000-05-23,,,
2000-05-24,,,
2000-05-25,,,
2000-05-26,,,
2000-05-27,,,
2000-05-28,,,
2000-05-29,,,
2000-05-30,,,
2000-05-31,,,
2000-06-01,,,
2000-06-02,,,
2000-06-03,,,
2000-06-04,,,
2000-06-05,,,
2000-06-06,,,
2000-06-07,,,
2000-06-08,,,
2000-06-09,,,
2000-06-10,,,
2000-06-11,,,
2000-06-12,,,
2000-06-13,,,
2000-06-14,,,
2000-06-15,,,
2000-06-16,,,
2000-06-17,,,
2000-06-18,,,
2000-06-19,,,
2000-06-20,,,
2000-06-21,,,
2000-06-22,,,
2000-06-23,,,
2000-06-24,,,
2000-06-25,,,
2000-06-26,,,
2000-06-27,,,
2000-06-28,,,
2000-06-29,,,
2000-06-30,,,
2000-07-01,,,
2000-07-02,,,
2000-07-03,,,
2000-07-04,,,
2000-07-05,,,
2000-07-06,,,
2000-07-07,,,
2000-07-08,,,
2000-07-09,,,
2000-07-10,,,
2000-07-11,,,
2000-07-12,,,
2000-07-13,,,
2000-07-14,,,
2000-07-15,,,
2000-07-16,,,
2000-07-17,,,
2000-07-18,,,
2000-07-19,,,
2000-07-20,,,
2000-07-21,,,
2000-07-22,,,
2000-07-23,,,
2000-07-24,,,
2000-07-25,,,
2000-07-26,,,
2000-07-27,,,
2000-07-28,,,
2000-07-29,,,
2000-07-30,,,
2000-07-31,,,
2000-08-01,,,
2000-08-02,,,
2000-08-03,,,
2000-08-04,,,
2000-08-05,,,
2000-08-06,,,
2000-08-07,,,
2000-08-08,,,
2000-08-09,,,
2000-08-10,,,
2000-08-11,,,
2000-08-12,,,
2000-08-13,,,
2000-08-14,,,
2000-08-15,,,
2000-08-16,,,
2000-08-17,,,
2000-08-18,,,
2000-08-19,,,
2000-08-20,,,
2000-08-21,,,
2000-08-22,,,
2000-08-23,,,
2000-08-24,,,
2000-08-25,,,
2000-08-26,,,
2000-08-27,,,
2000-08-28,,,
2000-08-29,,,
2000-08-30,,,
2000-08-31,,,
2000-09-01,,,
2000-09-02,,,
2000-09-03,,,
2000-09-04,,,
2000-09-05,,,
2000-09-06,,,
2000-09-07,,,
2000-09-08,,,
2000-09-09,,,
2000-09-10,,,
2000-09-11,,,
2000-09-12,,,
2000-09-13,,,
2000-09-14,,,
2000-09-15,,,
2000-09-16,,,
2000-09-17,,,
2000-09-18,,,
2000-09-19,,,
2000-09-20,,,
2000-09-21,,,
2000-09-22,,,
2000-09-23,,,
2000-09-24,,,
2000-09-25,,,
2000-09-26,,,
2000-09-27,,,
2000-09-28,,,
2000-09-29,,,
2000-09-30,,,
2000-10-01,,,
2000-10-02,,,
2000-10-03,,,
2000-10-04,,,
2000-10-05,,,
2000-10-06,,,
2000-10-07,,,
2000-10-08,,,
2000-10-09,,,
2000-10-10,,,
2000-10-11,,,
2000-10-12,,,
2000-10-13,,,
2000-10-14,,,
2000-10-15,,,
2000-10-16,,,
2000-10-17,,,
2000-10-18,,,
2000-10-19,,,
2000-10-20,,,
2000-10-21,,,
2000-10-22,,,
2000-10-23,,,
2000-10-24,,,
2000-10-25,,,
2000-10-26,,,
2000-10-27,,,
2000-10-28,,,
2000-10-29,,,
2000-10-30,,,
2000-10-31,,,
2000-11-01,,,
2000-11-02,,,
2000-11-03,,,
2000-11-04,,,
2000-11-05,,,
2000-11-06,,,
2000-11-07,,,
2000-11-08,,,
2000-11-09,,,
2000-11-10,,,
2000-11-11,,,
2000-11-12,,,
2000-11-13,,,
2000-11-14,,,
2000-11-15,,,
2000-11-16,,,
2000-11-17,,,
2000-11-18,,,
2000-11-19,,,
2000-11-20,,,
2000-11-21,,,
2000-11-22,,,
2000-11-23,,,
2000-11-24,,,
2000-11-25,,,
2000-11-26,,,
2000-11-27,,,
2000-11-28,,,
2000-11-29,,,
2000-11-30,,,
2000-12-01,,,
2000-12-02,,,
2000-12-03,,,
2000-12-04,,,
2000-12-05,,,
2000-12-06,,,
2000-12-07,,,
2000-12-08,,,
2000-12-09,,,
2000-12-10,,,
2000-12-11,,,
2000-12-12,,,
2000-12-13,,,
2000-12-14,,,
2000-12-15,,,
2000-12-16,,,
2000-12-17,,,
2000-12-18,,,
2000-12-19,,,
2000-12-20,,,
2000-12-21,,,
2000-12-22,,,
2000-12-23,,,
2000-12-24,,,
2000-12-25,,,
2000-12-26,,,
2000-12-27,,,
2000-12-28,,,
2000-12-29,,,
2000-12-30,,,
2000-12-31,,,
2001-01-01,,,
2001-01-02,,,
2001-01-03,,,
2001-01-04,,,
2001-01-05,,,
2001-01-06,,,
2001-01-07,,,
2001-01-08,,,
2001-01-09,,,
2001-01-10,,,
2001-01-11,,,
2001-01-12,,,
2001-01-13,,,
2001-01-14,,,
2001-01-15,,,
2001-01-16,,,
2001-01-17,,,
2001-01-18,,,
2001-01-19,,,
2001-01-20,,,
2001-01-21,,,
2001-01-22,,,
2001-01-23,,,
2001-01-24,,,
2001-01-25,,,
2001-01-26,,,
2001-01-27,,,
2001-01-28,,,
2001-01-29,,,
2001-01-30,,,
2001-01-31,,,
2001-02-01,,,
2001-02-02,,,
2001-02-03,,,
2001-02-04,,,
2001-02-05,,,
2001-02-06,,,
2001-02-07,,,
2001-02-08,,,
2001-02-09,,,
2001-02-10,,,
2001-02-11,,,
2001-02-12,,,
2001-02-13,,,
2001-02-14,,,
2001-02-15,,,
2001-02-16,,,
2001-02-17,,,
2001-02-18,,,
2001-02-19,,,
2001-02-20,,,
2001-02-21,,,
2001-02-22,,,
2001-02-23,,,
2001-02-24,,,
2001-02-25,,,
2001-02-26,,,
2001-02-27,,,
2001-02-28,,,
2001-03-01,,,
2001-03-02,,,
2001-03-03,,,
2001-03-04,,,
2001-03-05,,,
2001-03-06,,,
2001-03-07,,,
2001-03-08,,,
2001-03-09,,,
2001-03-10,,,
2001-03-11,,,
2001-03-12,,,
2001-03-13,,,
2001-03-14,,,
2001-03-15,,,
2001-03-16,,,
2001-03-17,,,
2001-03-18,,,
2001-03-19,,,
2001-03-20,,,
2001-03-21,,,
2001-03-22,,,
2001-03-23,,,
2001-03-24,,,
2001-03-25,,,
2001-03-26,,,
2001-03-27,,,
2001-03-28,,,
2001-03-29,,,
2001-03-30,,,
2001-03-31,,,
2001-04-01,,,
2001-04-02,,,
2001-04-03,,,
2001-04-04,,,
2001-04-05,,,
2001-04-06,,,
2001-04-07,,,
2001-04-08,,,
2001-04-09,,,
2001-04-10,,,
2001-04-11,,,
2001-04-12,,,
2001-04-13,,,
2001-04-14,,,
2001-04-15,,,
2001-04-16,,,
2001-04-17,,,
2001-04-18,,,
2001-04-19,,,
2001-04-20,,,
2001-04-21,,,
2001-04-22,,,
2001-04-23,,,
2001-04-24,,,
2001-04-25,,,
2001-04-26,,,
2001-04-27,,,
2001-04-28,,,
2001-04-29,,,
2001-04-30,,,
2001-05-01,,,
2001-05-02,,,
2001-05-03,,,
2001-05-04,,,
2001-05-05,,,
2001-05-06,,,
2001-05-07,,,
2001-05-08,,,
2001-05-09,,,
2001-05-10,,,
2001-05-11,,,
2001-05-12,,,
2001-05-13,,,
2001-05-14,,,
2001-05-15,,,
2001-05-16,,,
2001-05-17,,,
2001-05-18,,,
2001-05-19,,,
2001-05-20,,,
2001-05-21,,,
2001-05-22,,,
2001-05-23,,,
2001-05-24,,,
2001-05-25,,,
2001-05-26,,,
2001-05-27,,,
2001-05-28,,,
2001-05-29,,,
2001-05-30,,,
2001-05-31,,,
2001-06-01,,,
2001-06-02,,,
2001-06-03,,,
2001-06-04,,,
2001-06-05,,,
2001-06-06,,,
2001-06-07,,,
2001-06-08,,,
2001-06-09,,,
2001-06-10,,,
2001-06-11,,,
2001-06-12,,,
2001-06-13,,,
2001-06-14,,,
2001-06-15,,,
2001-06-16,,,
2001-06-17,,,
2001-06-18,,,
2001-06-19,,,
2001-06-20,,,
2001-06-21,,,
2001-06-22,,,
2001-06-23,,,
2001-06-24,,,
2001-06-25,,,
2001-06-26,,,
2001-06-27,,,
2001-06-28,,,
2001-06-29,,,
2001-06-30,,,
2001-07-01,,,
2001-07-02,,,
2001-07-03,,,
2001-07-04,,,
2001-07-05,,,
2001-07-06,,,
2001-07-07,,,
2001-07-08,,,
2001-07-09,,,
2001-07-10,,,
2001-07-11,,,
2001-07-12,,,
2001-07-13,,,
2001-07-14,,,
2001-07-15,,,
2001-07-16,,,
2001-07-17,,,
2001-07-18,,,
2001-07-19,,,
2001-07-20,,,
2001-07-21,,,
2001-07-22,,,
2001-07-23,,,
2001-07-24,,,
2001-07-25,,,
2001-07-26,,,
2001-07-27,,,
2001-07-28,,,
2001-07-29,,,
2001-07-30,,,
2001-07-31,,,
2001-08-01,,,
2001-08-02,,,
2001-08-03,,,
2001-08-04,,,
2001-08-05,,,
2001-08-06,,,
2001-08-07,,,
2001-08-08,,,
2001-08-09,,,
2001-08-10,,,
2001-08-11,,,
2001-08-12,,,
2001-08-13,,,
2001-08-14,,,
2001-08-15,,,
2001-08-16,,,
2001-08-17,,,
2001-08-18,,,
2001-08-19,,,
2001-08-20,,,
2001-08-21,,,
2001-08-22,,,
2001-08-23,,,
2001-08-24,,,
2001-08-25,,,
2001-08-26,,,
2001-08-27,,,
2001-08-28,,,
2001-08-29,,,
2001-08-30,,,
2001-08-31,,,
2001-09-01,,,
2001-09-02,,,
2001-09-03,,,
2001-09-04,,,
2001-09-05,,,
2001-09-06,,,
2001-09-07,,,
2001-09-08,,,
2001-09-09,,,
2001-09-10,,,
2001-09-11,,,
2001-09-12,,,
2001-09-13,,,
2001-09-14,,,
2001-09-15,,,
2001-09-16,,,
2001-09-17,,,
2001-09-18,,,
2001-09-19,,,
2001-09-20,,,
2001-09-21,,,
2001-09-22,,,
2001-09-23,,,
2001-09-24,,,
2001-09-25,,,
2001-09-26,,,
2001-09-27,,,
2001-09-28,,,
2001-09-29,,,
2001-09-30,,,
2001-10-01,,,
2001-10-02,,,
2001-10-03,,,
2001-10-04,,,
2001-10-05,,,
2001-10-06,,,
2001-10-07,,,
2001-10-08,,,
2001-10-09,,,
2001-10-10,,,
2001-10-11,,,
2001-10-12,,,
2001-10-13,,,
2001-10-14,,,
2001-10-15,,,
2001-10-16,,,
2001-10-17,,,
2001-10-18,,,
2001-10-19,,,
2001-10-20,,,
2001-10-21,,,
2001-10-22,,,
2001-10-23,,,
2001-10-24,,,
2001-10-25,,,
2001-10-26,,,
2001-10-27,,,
2001-10-28,,,
2001-10-29,,,
2001-10-30,,,
2001-10-31,,,
2001-11-01,,,
2001-11-02,,,
2001-11-03,,,
2001-11-04,,,
2001-11-05,,,
2001-11-06,,,
2001-11-07,,,
2001-11-08,,,
2001-11-09,,,
2001-11-10,,,
2001-11-11,,,
2001-11-12,,,
2001-11-13,,,
2001-11-14,,,
2001-11-15,,,
2001-11-16,,,
2001-11-17,,,
2001-11-18,,,
2001-11-19,,,
2001-11-20,,,
2001-11-21,,,
2001-11-22,,,
2001-11-23,,,
2001-11-24,,,
2001-11-25,,,
2001-11-26,,,
2001-11-27,,,
2001-11-28,,,
2001-11-29,,,
2001-11-30,,,
2001-12-01,,,
2001-12-02,,,
2001-12-03,,,
2001-12-04,,,
2001-12-05,,,
2001-12-06,,,
2001-12-07,,,
2001-12-08,,,
2001-12-09,,,
2001-12-10,,,
2001-12-11,,,
2001-12-12,,,
2001-12-13,,,
2001-12-14,,,
2001-12-15,,,
2001-12-16,,,
2001-12-17,,,
2001-12-18,,,
2001-12-19,,,
2001-12-20,,,
2001-12-21,,,
2001-12-22,,,
2001-12-23,,,
2001-12-24,,,
2001-12-25,,,
2001-12-26,,,
2001-12-27,,,
2001-12-28,,,
2001-12-29,,,
2001-12-30,,,
2001-12-31,,,
2002-01-01,,,
2002-01-02,,,
2002-01-03,,,
2002-01-04,,,
2002-01-05,,,
2002-01-06,,,
2002-01-07,,,
2002-01-08,,,
2002-01-09,,,
2002-01-10,,,
2002-01-11,,,
2002-01-12,,,
2002-01-13,,,
2002-01-14,,,
2002-01-15,,,
2002-01-16,,,
2002-01-17,,,
2002-01-18,,,
2002-01-19,,,
2002-01-20,,,
2002-01-21,,,
2002-01-22,,,
2002-01-23,,,
2002-01-24,,,
2002-01-25,,,
2002-01-26,,,
2002-01-27,,,
2002-01-28,,,
2002-01-29,,,
2002-01-30,,,
2002-01-31,,,
2002-02-01,,,
2002-02-02,,,
2002-02-03,,,
2002-02-04,,,
2002-02-05,,,
2002-02-06,,,
2002-02-07,,,
2002-02-08,,,
2002-02-09,,,
2002-02-10,,,
2002-02-11,,,
2002-02-12,,,
2002-02-13,,,
2002-02-14,,,
2002-02-15,,,
2002-02-16,,,
2002-02-17,,,
2002-02-18,,,
2002-02-19,,,
2002-02-20,,,
2002-02-21,,,
2002-02-22,,,
2002-02-23,,,
2002-02-24,,,
2002-02-25,,,
2002-02-26,,,
2002-02-27,,,
2002-02-28,,,
2002-03-01,,,
2002-03-02,,,
2002-03-03,,,
2002-03-04,,,
2002-03-05,,,
2002-03-06,,,
2002-03-07,,,
2002-03-08,,,
2002-03-09,,,
2002-03-10,,,
2002-03-11,,,
2002-03-12,,,
2002-03-13,,,
2002-03-14,,,
2002-03-15,,,
2002-03-16,,,
2002-03-17,,,
2002-03-18,,,
2002-03-19,,,
2002-03-20,,,
2002-03-21,,,
2002-03-22,,,
2002-03-23,,,
2002-03-24,,,
2002-03-25,,,
2002-03-26,,,
2002-03-27,,,
2002-03-28,,,
2002-03-29,,,
2002-03-30,,,
2002-03-31,,,
2002-04-01,,,
2002-04-02,,,
2002-04-03,,,
2002-04-04,,,
2002-04-05,,,
2002-04-06,,,
2002-04-07,,,
2002-04-08,,,
2002-04-09,,,
2002-04-10,,,
2002-04-11,,,
2002-04-12,,,
2002-04-13,,,
2002-04-14,,,
2002-04-15,,,
2002-04-16,,,
2002-04-17,,,
2002-04-18,,,
2002-04-19,,,
2002-04-20,,,
2002-04-21,,,
2002-04-22,,,
2002-04-23,,,
2002-04-24,,,
2002-04-25,,,
2002-04-26,,,
2002-04-27,,,
2002-04-28,,,
2002-04-29,,,
2002-04-30,,,
2002-05-01,,,
2002-05-02,,,
2002-05-03,,,
2002-05-04,,,
2002-05-05,,,
2002-05-06,,,
2002-05-07,,,
2002-05-08,,,
2002-05-09,,,
2002-05-10,,,
2002-05-11,,,
2002-05-12,,,
2002-05-13,,,
2002-05-14,,,
2002-05-15,,,
2002-05-16,,,
2002-05-17,,,
2002-05-18,,,
2002-05-19,,,
2002-05-20,,,
2002-05-21,,,
2002-05-22,,,
2002-05-23,,,
2002-05-24,,,
2002-05-25,,,
2002-05-26,,,
2002-05-27,,,
2002-05-28,,,
2002-05-29,,,
2002-05-30,,,
2002-05-31,,,
2002-06-01,,,
2002-06-02,,,
2002-06-03,,,
2002-06-04,,,
2002-06-05,,,
2002-06-06,,,
2002-06-07,,,
2002-06-08,,,
2002-06-09,,,
2002-06-10,,,
2002-06-11,,,
2002-06-12,,,
2002-06-13,,,
2002-06-14,,,
2002-06-15,,,
2002-06-16,,,
2002-06-17,,,
2002-06-18,,,
2002-06-19,,,
2002-06-20,,,
2002-06-21,,,
2002-06-22,,,
2002-06-23,,,
2002-06-24,,,
2002-06-25,,,
2002-06-26,,,
2002-06-27,,,
2002-06-28,,,
2002-06-29,,,
2002-06-30,,,
2002-07-01,,,
2002-07-02,,,
2002-07-03,,,
2002-07-04,,,
2002-07-05,,,
2002-07-06,,,
2002-07-07,,,
2002-07-08,,,
2002-07-09,,,
2002-07-10,,,
2002-07-11,,,
2002-07-12,,,
2002-07-13,,,
2002-07-14,,,
2002-07-15,,,
2002-07-16,,,
2002-07-17,,,
2002-07-18,,,
2002-07-19,,,
2002-07-20,,,
2002-07-21,,,
2002-07-22,,,
2002-07-23,,,
2002-07-24,,,
2002-07-25,,,
2002-07-26,,,
2002-07-27,,,
2002-07-28,,,
2002-07-29,,,
2002-07-30,,,
2002-07-31,,,
2002-08-01,,,
2002-08-02,,,
2002-08-03,,,
2002-08-04,,,
2002-08-05,,,
2002-08-06,,,
2002-08-07,,,
2002-08-08,,,
2002-08-09,,,
2002-08-10,,,
2002-08-11,,,
2002-08-12,,,
2002-08-13,,,
2002-08-14,,,
2002-08-15,,,
2002-08-16,,,
2002-08-17,,,
2002-08-18,,,
2002-08-19,,,
2002-08-20,,,
2002-08-21,,,
2002-08-22,,,
2002-08-23,,,
2002-08-24,,,
2002-08-25,,,
2002-08-26,,,
2002-08-27,,,
2002-08-28,,,
2002-08-29,,,
2002-08-30,,,
2002-08-31,,,
2002-09-01,,,
2002-09-02,,,
2002-09-03,,,
2002-09-04,,,
2002-09-05,,,
2002-09-06,,,
2002-09-07,,,
2002-09-08,,,
2002-09-09,,,
2002-09-10,,,
2002-09-11,,,
2002-09-12,,,
2002-09-13,,,
2002-09-14,,,
2002-09-15,,,
2002-09-16,,,
2002-09-17,,,
2002-09-18,,,
2002-09-19,,,
2002-09-20,,,
2002-09-21,,,
2002-09-22,,,
2002-09-23,,,
2002-09-24,,,
2002-09-25,,,
2002-09-26,,,
2002-09-27,,,
2002-09-28,,,
2002-09-29,,,
2002-09-30,,,
2002-10-01,,,
2002-10-02,,,
2002-10-03,,,
2002-10-04,,,
2002-10-05,,,
2002-10-06,,,
2002-10-07,,,
2002-10-08,,,
2002-10-09,,,
2002-10-10,,,
2002-10-11,,,
2002-10-12,,,
2002-10-13,,,
2002-10-14,,,
2002-10-15,,,
2002-10-16,,,
2002-10-17,,,
2002-10-18,,,
2002-10-19,,,
2002-10-20,,,
2002-10-21,,,
2002-10-22,,,
2002-10-23,,,
2002-10-24,,,
2002-10-25,,,
2002-10-26,,,
2002-10-27,,,
2002-10-28,,,
2002-10-29,,,
2002-10-30,,,
2002-10-31,,,
2002-11-01,,,
2002-11-02,,,
2002-11-03,,,
2002-11-04,,,
2002-11-05,,,
2002-11-06,,,
2002-11-07,,,
2002-11-08,,,
2002-11-09,,,
2002-11-10,,,
2002-11-11,,,
2002-11-12,,,
2002-11-13,,,
2002-11-14,,,
2002-11-15,,,
2002-11-16,,,
2002-11-17,,,
2002-11-18,,,
2002-11-19,,,
2002-11-20,,,
2002-11-21,,,
2002-11-22,,,
2002-11-23,,,
2002-11-24,,,
2002-11-25,,,
2002-11-26,,,
2002-11-27,,,
2002-11-28,,,
2002-11-29,,,
2002-11-30,,,
2002-12-01,,,
2002-12-02,,,
2002-12-03,,,
2002-12-04,,,
2002-12-05,,,
2002-12-06,,,
2002-12-07,,,
2002-12-08,,,
2002-12-09,,,
2002-12-10,,,
2002-12-11,,,
2002-12-12,,,
2002-12-13,,,
2002-12-14,,,
2002-12-15,,,
2002-12-16,,,
2002-12-17,,,
2002-12-18,,,
2002-12-19,,,
2002-12-20,,,
2002-12-21,,,
2002-12-22,,,
2002-12-23,,,
2002-12-24,,,
2002-12-25,,,
2002-12-26,,,
2002-12-27,,,
2002-12-28,,,
2002-12-29,,,
2002-12-30,,,
2002-12-31,,,
2003-01-01,,,
2003-01-02,,,
2003-01-03,,,
2003-01-04,,,
2003-01-05,,,
2003-01-06,,,
2003-01-07,,,
2003-01-08,,,
2003-01-09,,,
2003-01-10,,,
2003-01-11,,,
2003-01-12,,,
2003-01-13,,,
2003-01-14,,,
2003-01-15,,,
2003-01-16,,,
2003-01-17,,,
2003-01-18,,,
2003-01-19,,,
2003-01-20,,,
2003-01-21,,,
2003-01-22,,,
2003-01-23,,,
2003-01-24,,,
2003-01-25,,,
2003-01-26,,,
2003-01-27,,,
2003-01-28,,,
2003-01-29,,,
2003-01-30,,,
2003-01-31,,,
2003-02-01,,,
2003-02-02,,,
2003-02-03,,,
2003-02-04,,,
2003-02-05,,,
2003-02-06,,,
2003-02-07,,,
2003-02-08,,,
2003-02-09,,,
2003-02-10,,,
2003-02-11,,,
2003-02-12,,,
2003-02-13,,,
2003-02-14,,,
2003-02-15,,,
2003-02-16,,,
2003-02-17,,,
2003-02-18,,,
2003-02-19,,,
2003-02-20,,,
2003-02-21,,,
2003-02-22,,,
2003-02-23,,,
2003-02-24,,,
2003-02-25,,,
2003-02-26,,,
2003-02-27,,,
2003-02-28,,,
2003-03-01,,,
2003-03-02,,,
2003-03-03,,,
2003-03-04,,,
2003-03-05,,,
2003-03-06,,,
2003-03-07,,,
2003-03-08,,,
2003-03-09,,,
2003-03-10,,,
2003-03-11,,,
2003-03-12,,,
2003-03-13,,,
2003-03-14,,,
2003-03-15,,,
2003-03-16,,,
2003-03-17,,,
2003-03-18,,,
2003-03-19,,,
2003-03-20,,,
2003-03-21,,,
2003-03-22,,,
2003-03-23,,,
2003-03-24,,,
2003-03-25,,,
2003-03-26,,,
2003-03-27,,,
2003-03-28,,,
2003-03-29,,,
2003-03-30,,,
2003-03-31,,,
2003-04-01,,,
2003-04-02,,,
2003-04-03,,,
2003-04-04,,,
2003-04-05,,,
2003-04-06,,,
2003-04-07,,,
2003-04-08,,,
2003-04-09,,,
2003-04-10,,,
2003-04-11,,,
2003-04-12,,,
2003-04-13,,,
2003-04-14,,,
2003-04-15,,,
2003-04-16,,,
2003-04-17,,,
2003-04-18,,,
2003-04-19,,,
2003-04-20,,,
2003-04-21,,,
2003-04-22,,,
2003-04-23,,,
2003-04-24,,,
2003-04-25,,,
2003-04-26,,,
2003-04-27,,,
2003-04-28,,,
2003-04-29,,,
2003-04-30,,,
2003-05-01,,,
2003-05-02,,,
2003-05-03,,,
2003-05-04,,,
2003-05-05,,,
2003-05-06,,,
2003-05-07,,,
2003-05-08,,,
2003-05-09,,,
2003-05-10,,,
2003-05-11,,,
2003-05-12,,,
2003-05-13,,,
2003-05-14,,,
2003-05-15,,,
2003-05-16,,,
2003-05-17,,,
2003-05-18,,,
2003-05-19,,,
2003-05-20,,,
2003-05-21,,,
2003-05-22,,,
2003-05-23,,,
2003-05-24,,,
2003-05-25,,,
2003-05-26,,,
2003-05-27,,,
2003-05-28,,,
2003-05-29,,,
2003-05-30,,,
2003-05-31,,,
2003-06-01,,,
2003-06-02,,,
2003-06-03,,,
2003-06-04,,,
2003-06-05,,,
2003-06-06,,,
2003-06-07,,,
2003-06-08,,,
2003-06-09,,,
2003-06-10,,,
2003-06-11,,,
2003-06-12,,,
2003-06-13,,,
2003-06-14,,,
2003-06-15,,,
2003-06-16,,,
2003-06-17,,,
2003-06-18,,,
2003-06-19,,,
2003-06-20,,,
2003-06-21,,,
2003-06-22,,,
2003-06-23,,,
2003-06-24,,,
2003-06-25,,,
2003-06-26,,,
2003-06-27,,,
2003-06-28,,,
2003-06-29,,,
2003-06-30,,,
2003-07-01,,,
2003-07-02,,,
2003-07-03,,,
2003-07-04,,,
2003-07-05,,,
2003-07-06,,,
2003-07-07,,,
2003-07-08,,,
2003-07-09,,,
2003-07-10,,,
2003-07-11,,,
2003-07-12,,,
2003-07-13,,,
2003-07-14,,,
2003-07-15,,,
2003-07-16,,,
2003-07-17,,,
2003-07-18,,,
2003-07-19,,,
2003-07-20,,,
2003-07-21,,,
2003-07-22,,,
2003-07-23,,,
2003-07-24,,,
2003-07-25,,,
2003-07-26,,,
2003-07-27,,,
2003-07-28,,,
2003-07-29,,,
2003-07-30,,,
2003-07-31,,,
2003-08-01,,,
2003-08-02,,,
2003-08-03,,,
2003-08-04,,,
2003-08-05,,,
2003-08-06,,,
2003-08-07,,,
2003-08-08,,,
2003-08-09,,,
2003-08-10,,,
2003-08-11,,,
2003-08-12,,,
2003-08-13,,,
2003-08-14,,,
2003-08-15,,,
2003-08-16,,,
2003-08-17,,,
2003-08-18,,,
2003-08-19,,,
2003-08-20,,,
2003-08-21,,,
2003-08-22,,,
2003-08-23,,,
2003-08-24,,,
2003-08-25,,,
2003-08-26,,,
2003-08-27,,,
2003-08-28,,,
2003-08-29,,,
2003-08-30,,,
2003-08-31,,,
2003-09-01,,,
2003-09-02,,,
2003-09-03,,,
2003-09-04,,,
2003-09-05,,,
2003-09-06,,,
2003-09-07,,,
2003-09-08,,,
2003-09-09,,,
2003-09-10,,,
2003-09-11,,,
2003-09-12,,,
2003-09-13,,,
2003-09-14,,,
2003-09-15,,,
2003-09-16,,,
2003-09-17,,,
2003-09-18,,,
2003-09-19,,,
2003-09-20,,,
2003-09-21,,,
2003-09-22,,,
2003-09-23,,,
2003-09-24,,,
2003-09-25,,,
2003-09-26,,,
2003-09-27,,,
2003-09-28,,,
2003-09-29,,,
2003-09-30,,,
2003-10-01,,,
2003-10-02,,,
2003-10-03,,,
2003-10-04,,,
2003-10-05,,,
2003-10-06,,,
2003-10-07,,,
2003-10-08,,,
2003-10-09,,,
2003-10-10,,,
2003-10-11,,,
2003-10-12,,,
2003-10-13,,,
2003-10-14,,,
2003-10-15,,,
2003-10-16,,,
2003-10-17,,,
2003-10-18,,,
2003-10-19,,,
2003-10-20,,,
2003-10-21,,,
2003-10-22,,,
2003-10-23,,,
2003-10-24,,,
2003-10-25,,,
2003-10-26,,,
2003-10-27,,,
2003-10-28,,,
2003-10-29,,,
2003-10-30,,,
2003-10-31,,,
2003-11-01,,,
2003-11-02,,,
2003-11-03,,,
2003-11-04,,,
2003-11-05,,,
2003-11-06,,,
2003-11-07,,,
2003-11-08,,,
2003-11-09,,,
2003-11-10,,,
2003-11-11,,,
2003-11-12,,,
2003-11-13,,,
2003-11-14,,,
2003-11-15,,,
2003-11-16,,,
2003-11-17,,,
2003-11-18,,,
2003-11-19,,,
2003-11-20,,,
2003-11-21,,,
2003-11-22,,,
2003-11-23,,,
2003-11-24,,,
2003-11-25,,,
2003-11-26,,,
2003-11-27,,,
2003-11-28,,,
2003-11-29,,,
2003-11-30,,,
2003-12-01,,,
2003-12-02,,,
2003-12-03,,,
2003-12-04,,,
2003-12-05,,,
2003-12-06,,,
2003-12-07,,,
2003-12-08,,,
2003-12-09,,,
2003-12-10,,,
2003-12-11,,,
2003-12-12,,,
2003-12-13,,,
2003-12-14,,,
2003-12-15,,,
2003-12-16,,,
2003-12-17,,,
2003-12-18,,,
2003-12-19,,,
2003-12-20,,,
2003-12-21,,,
2003-12-22,,,
2003-12-23,,,
2003-12-24,,,
2003-12-25,,,
2003-12-26,,,
2003-12-27,,,
2003-12-28,,,
2003-12-29,,,
2003-12-30,,,
2003-12-31,,,
2004-01-01,,,
2004-01-02,,,
2004-01-03,,,
2004-01-04,,,
2004-01-05,,,
2004-01-06,,,
2004-01-07,,,
2004-01-08,,,
2004-01-09,,,
2004-01-10,,,
2004-01-11,,,
2004-01-12,,,
2004-01-13,,,
2004-01-14,,,
2004-01-15,,,
2004-01-16,,,
2004-01-17,,,
2004-01-18,,,
2004-01-19,,,
2004-01-20,,,
2004-01-21,,,
2004-01-22,,,
2004-01-23,,,
2004-01-24,,,
2004-01-25,,,
2004-01-26,,,
2004-01-27,,,
2004-01-28,,,
2004-01-29,,,
2004-01-30,,,
2004-01-31,,,
2004-02-01,,,
2004-02-02,,,
2004-02-03,,,
2004-02-04,,,
2004-02-05,,,
2004-02-06,,,
2004-02-07,,,
2004-02-08,,,
2004-02-09,,,
2004-02-10,,,
2004-02-11,,,
2004-02-12,,,
2004-02-13,,,
2004-02-14,,,
2004-02-15,,,
2004-02-16,,,
2004-02-17,,,
2004-02-18,,,
2004-02-19,,,
2004-02-20,,,
2004-02-21,,,
2004-02-22,,,
2004-02-23,,,
2004-02-24,,,
2004-02-25,,,
2004-02-26,,,
2004-02-27,,,
2004-02-28,,,
2004-02-29,,,
2004-03-01,,,
2004-03-02,,,
2004-03-03,,,
2004-03-04,,,
2004-03-05,,,
2004-03-06,,,
2004-03-07,,,
2004-03-08,,,
2004-03-09,,,
2004-03-10,,,
2004-03-11,,,
2004-03-12,,,
2004-03-13,,,
2004-03-14,,,
2004-03-15,,,
2004-03-16,,,
2004-03-17,,,
2004-03-18,,,
2004-03-19,,,
2004-03-20,,,
2004-03-21,,,
2004-03-22,,,
2004-03-23,,,
2004-03-24,,,
2004-03-25,,,
2004-03-26,,,
2004-03-27,,,
2004-03-28,,,
2004-03-29,,,
2004-03-30,,,
2004-03-31,,,
2004-04-01,,,
2004-04-02,,,
2004-04-03,,,
2004-04-04,,,
2004-04-05,,,
2004-04-06,,,
2004-04-07,,,
2004-04-08,,,
2004-04-09,,,
2004-04-10,,,
2004-04-11,,,
2004-04-12,,,
2004-04-13,,,
2004-04-14,,,
2004-04-15,,,
2004-04-16,,,
2004-04-17,,,
2004-04-18,,,
2004-04-19,,,
2004-04-20,,,
2004-04-21,,,
2004-04-22,,,
2004-04-23,,,
2004-04-24,,,
2004-04-25,,,
2004-04-26,,,
2004-04-27,,,
2004-04-28,,,
2004-04-29,,,
2004-04-30,,,
2004-05-01,,,
2004-05-02,,,
2004-05-03,,,
2004-05-04,,,
2004-05-05,,,
2004-05-06,,,
2004-05-07,,,
2004-05-08,,,
2004-05-09,,,
2004-05-10,,,
2004-05-11,,,
2004-05-12,,,
2004-05-13,,,
2004-05-14,,,
2004-05-15,,,
2004-05-16,,,
2004-05-17,,,
2004-05-18,,,
2004-05-19,,,
2004-05-20,,,
2004-05-21,,,
2004-05-22,,,
2004-05-23,,,
2004-05-24,,,
2004-05-25,,,
2004-05-26,,,
2004-05-27,,,
2004-05-28,,,
2004-05-29,,,
2004-05-30,,,
2004-05-31,,,
2004-06-01,,,
2004-06-02,,,
2004-06-03,,,
2004-06-04,,,
2004-06-05,,,
2004-06-06,,,
2004-06-07,,,
2004-06-08,,,
2004-06-09,,,
2004-06-10,,,
2004-06-11,,,
2004-06-12,,,
2004-06-13,,,
2004-06-14,,,
2004-06-15,,,
2004-06-16,,,
2004-06-17,,,
2004-06-18,,,
2004-06-19,,,
2004-06-20,,,
2004-06-21,,,
2004-06-22,,,
2004-06-23,,,
2004-06-24,,,
2004-06-25,,,
2004-06-26,,,
2004-06-27,,,
2004-06-28,,,
2004-06-29,,,
2004-06-30,,,
2004-07-01,,,
2004-07-02,,,
2004-07-03,,,
2004-07-04,,,
2004-07-05,,,
2004-07-06,,,
2004-07-07,,,
2004-07-08,,,
2004-07-09,,,
2004-07-10,,,
2004-07-11,,,
2004-07-12,,,
2004-07-13,,,
2004-07-14,,,
2004-07-15,,,
2004-07-16,,,
2004-07-17,,,
2004-07-18,,,
2004-07-19,,,
2004-07-20,,,
2004-07-21,,,
2004-07-22,,,
2004-07-23,,,
2004-07-24,,,
2004-07-25,,,
2004-07-26,,,
2004-07-27,,,
2004-07-28,,,
2004-07-29,,,
2004-07-30,,,
2004-07-31,,,
2004-08-01,,,
2004-08-02,,,
2004-08-03,,,
2004-08-04,,,
2004-08-05,,,
2004-08-06,,,
2004-08-07,,,
2004-08-08,,,
2004-08-09,,,
2004-08-10,,,
2004-08-11,,,
2004-08-12,,,
2004-08-13,,,
2004-08-14,,,
2004-08-15,,,
2004-08-16,,,
2004-08-17,,,
2004-08-18,,,
2004-08-19,,,
2004-08-20,,,
2004-08-21,,,
2004-08-22,,,
2004-08-23,,,
2004-08-24,,,
2004-08-25,,,
2004-08-26,,,
2004-08-27,,,
2004-08-28,,,
2004-08-29,,,
2004-08-30,,,
2004-08-31,,,
2004-09-01,,,
2004-09-02,,,
2004-09-03,,,
2004-09-04,,,
2004-09-05,,,
2004-09-06,,,
2004-09-07,,,
2004-09-08,,,
2004-09-09,,,
2004-09-10,,,
2004-09-11,,,
2004-09-12,,,
2004-09-13,,,
2004-09-14,,,
2004-09-15,,,
2004-09-16,,,
2004-09-17,,,
2004-09-18,,,
2004-09-19,,,
2004-09-20,,,
2004-09-21,,,
2004-09-22,,,
2004-09-23,,,
2004-09-24,,,
2004-09-25,,,
2004-09-26,,,
2004-09-27,,,
2004-09-28,,,
2004-09-29,,,
2004-09-30,,,
2004-10-01,,,
2004-10-02,,,
2004-10-03,,,
2004-10-04,,,
2004-10-05,,,
2004-10-06,,,
2004-10-07,,,
2004-10-08,,,
2004-10-09,,,
2004-10-10,,,
2004-10-11,,,
2004-10-12,,,
2004-10-13,,,
2004-10-14,,,
2004-10-15,,,
2004-10-16,,,
2004-10-17,,,
2004-10-18,,,
2004-10-19,,,
2004-10-20,,,
2004-10-21,,,
2004-10-22,,,
2004-10-23,,,
2004-10-24,,,
2004-10-25,,,
2004-10-26,,,
2004-10-27,,,
2004-10-28,,,
2004-10-29,,,
2004-10-30,,,
2004-10-31,,,
2004-11-01,,,
2004-11-02,,,
2004-11-03,,,
2004-11-04,,,
2004-11-05,,,
2004-11-06,,,
2004-11-07,,,
2004-11-08,,,
2004-11-09,,,
2004-11-10,,,
2004-11-11,,,
2004-11-12,,,
2004-11-13,,,
2004-11-14,,,
2004-11-15,,,
2004-11-16,,,
2004-11-17,,,
2004-11-18,,,
2004-11-19,,,
2004-11-20,,,
2004-11-21,,,
2004-11-22,,,
2004-11-23,,,
2004-11-24,,,
2004-11-25,,,
2004-11-26,,,
2004-11-27,,,
2004-11-28,,,
2004-11-29,,,
2004-11-30,,,
2004-12-01,,,
2004-12-02,,,
2004-12-03,,,
2004-12-04,,,
2004-12-05,,,
2004-12-06,,,
2004-12-07,,,
2004-12-08,,,
2004-12-09,,,
2004-12-10,,,
2004-12-11,,,
2004-12-12,,,
2004-12-13,,,
2004-12-14,,,
2004-12-15,,,
2004-12-16,,,
2004-12-17,,,
2004-12-18,,,
2004-12-19,,,
2004-12-20,,,
2004-12-21,,,
2004-12-22,,,
2004-12-23,,,
2004-12-24,,,
2004-12-25,,,
2004-12-26,,,
2004-12-27,,,
2004-12-28,,,
2004-12-29,,,
2004-12-30,,,
2004-12-31,,,
2005-01-01,,,
2005-01-02,,,
2005-01-03,,,
2005-01-04,,,
2005-01-05,,,
2005-01-06,,,
2005-01-07,,,
2005-01-08,,,
2005-01-09,,,
2005-01-10,,,
2005-01-11,,,
2005-01-12,,,
2005-01-13,,,
2005-01-14,,,
2005-01-15,,,
2005-01-16,,,
2005-01-17,,,
2005-01-18,,,
2005-01-19,,,
2005-01-20,,,
2005-01-21,,,
2005-01-22,,,
2005-01-23,,,
2005-01-24,,,
2005-01-25,,,
2005-01-26,,,
2005-01-27,,,
2005-01-28,,,
2005-01-29,,,
2005-01-30,,,
2005-01-31,,,
2005-02-01,,,
2005-02-02,,,
2005-02-03,,,
2005-02-04,,,
2005-02-05,,,
2005-02-06,,,
2005-02-07,,,
2005-02-08,,,
2005-02-09,,,
2005-02-10,,,
2005-02-11,,,
2005-02-12,,,
2005-02-13,,,
2005-02-14,,,
2005-02-15,,,
2005-02-16,,,
2005-02-17,,,
2005-02-18,,,
2005-02-19,,,
2005-02-20,,,
2005-02-21,,,
2005-02-22,,,
2005-02-23,,,
2005-02-24,,,
2005-02-25,,,
2005-02-26,,,
2005-02-27,,,
2005-02-28,,,
2005-03-01,,,
2005-03-02,,,
2005-03-03,,,
2005-03-04,,,
2005-03-05,,,
2005-03-06,,,
2005-03-07,,,
2005-03-08,,,
2005-03-09,,,
2005-03-10,,,
2005-03-11,,,
2005-03-12,,,
2005-03-13,,,
2005-03-14,,,
2005-03-15,,,
2005-03-16,,,
2005-03-17,,,
2005-03-18,,,
2005-03-19,,,
2005-03-20,,,
2005-03-21,,,
2005-03-22,,,
2005-03-23,,,
2005-03-24,,,
2005-03-25,,,
2005-03-26,,,
2005-03-27,,,
2005-03-28,,,
2005-03-29,,,
2005-03-30,,,
2005-03-31,,,
2005-04-01,,,
2005-04-02,,,
2005-04-03,,,
2005-04-04,,,
2005-04-05,,,
2005-04-06,,,
2005-04-07,,,
2005-04-08,,,
2005-04-09,,,
2005-04-10,,,
2005-04-11,,,
2005-04-12,,,
2005-04-13,,,
2005-04-14,,,
2005-04-15,,,
2005-04-16,,,
2005-04-17,,,
2005-04-18,,,
2005-04-19,,,
2005-04-20,,,
2005-04-21,,,
2005-04-22,,,
2005-04-23,,,
2005-04-24,,,
2005-04-25,,,
2005-04-26,,,
2005-04-27,,,
2005-04-28,,,
2005-04-29,,,
2005-04-30,,,
2005-05-01,,,
2005-05-02,,,
2005-05-03,,,
2005-05-04,,,
2005-05-05,,,
2005-05-06,,,
2005-05-07,,,
2005-05-08,,,
2005-05-09,,,
2005-05-10,,,
2005-05-11,,,
2005-05-12,,,
2005-05-13,,,
2005-05-14,,,
2005-05-15,,,
2005-05-16,,,
2005-05-17,,,
2005-05-18,,,
2005-05-19,,,
2005-05-20,,,
2005-05-21,,,
2005-05-22,,,
2005-05-23,,,
2005-05-24,,,
2005-05-25,,,
2005-05-26,,,
2005-05-27,,,
2005-05-28,,,
2005-05-29,,,
2005-05-30,,,
2005-05-31,,,
2005-06-01,,,
2005-06-02,,,
2005-06-03,,,
2005-06-04,,,
2005-06-05,,,
2005-06-06,,,
2005-06-07,,,
2005-06-08,,,
2005-06-09,,,
2005-06-10,,,
2005-06-11,,,
2005-06-12,,,
2005-06-13,,,
2005-06-14,,,
2005-06-15,,,
2005-06-16,,,
2005-06-17,,,
2005-06-18,,,
2005-06-19,,,
2005-06-20,,,
2005-06-21,,,
2005-06-22,,,
2005-06-23,,,
2005-06-24,,,
2005-06-25,,,
2005-06-26,,,
2005-06-27,,,
2005-06-28,,,
2005-06-29,,,
2005-06-30,,,
2005-07-01,,,
2005-07-02,,,
2005-07-03,,,
2005-07-04,,,
2005-07-05,,,
2005-07-06,,,
2005-07-07,,,
2005-07-08,,,
2005-07-09,,,
2005-07-10,,,
2005-07-11,,,
2005-07-12,,,
2005-07-13,,,
2005-07-14,,,
2005-07-15,,,
2005-07-16,,,
2005-07-17,,,
2005-07-18,,,
2005-07-19,,,
2005-07-20,,,
2005-07-21,,,
2005-07-22,,,
2005-07-23,,,
2005-07-24,,,
2005-07-25,,,
2005-07-26,,,
2005-07-27,,,
2005-07-28,,,
2005-07-29,,,
2005-07-30,,,
2005-07-31,,,
2005-08-01,,,
2005-08-02,,,
2005-08-03,,,
2005-08-04,,,
2005-08-05,,,
2005-08-06,,,
2005-08-07,,,
2005-08-08,,,
2005-08-09,,,
2005-08-10,,,
2005-08-11,,,
2005-08-12,,,
2005-08-13,,,
2005-08-14,,,
2005-08-15,,,
2005-08-16,,,
2005-08-17,,,
2005-08-18,,,
2005-08-19,,,
2005-08-20,,,
2005-08-21,,,
2005-08-22,,,
2005-08-23,,,
2005-08-24,,,
2005-08-25,,,
2005-08-26,,,
2005-08-27,,,
2005-08-28,,,
2005-08-29,,,
2005-08-30,,,
2005-08-31,,,
2005-09-01,,,
2005-09-02,,,
2005-09-03,,,
2005-09-04,,,
2005-09-05,,,
2005-09-06,,,
2005-09-07,,,
2005-09-08,,,
2005-09-09,,,
2005-09-10,,,
2005-09-11,,,
2005-09-12,,,
2005-09-13,,,
2005-09-14,,,
2005-09-15,,,
2005-09-16,,,
2005-09-17,,,
2005-09-18,,,
2005-09-19,,,
2005-09-20,,,
2005-09-21,,,
2005-09-22,,,
2005-09-23,,,
2005-09-24,,,
2005-09-25,,,
2005-09-26,,,
2005-09-27,,,
2005-09-28,,,
2005-09-29,,,
2005-09-30,,,
2005-10-01,,,
2005-10-02,,,
2005-10-03,,,
2005-10-04,,,
2005-10-05,,,
2005-10-06,,,
2005-10-07,,,
2005-10-08,,,
2005-10-09,,,
2005-10-10,,,
2005-10-11,,,
2005-10-12,,,
2005-10-13,,,
2005-10-14,,,
2005-10-15,,,
2005-10-16,,,
2005-10-17,,,
2005-10-18,,,
2005-10-19,,,
2005-10-20,,,
2005-10-21,,,
2005-10-22,,,
2005-10-23,,,
2005-10-24,,,
2005-10-25,,,
2005-10-26,,,
2005-10-27,,,
2005-10-28,,,
2005-10-29,,,
2005-10-30,,,
2005-10-31,,,
2005-11-01,,,
2005-11-02,,,
2005-11-03,,,
2005-11-04,,,
2005-11-05,,,
2005-11-06,,,
2005-11-07,,,
2005-11-08,,,
2005-11-09,,,
2005-11-10,,,
2005-11-11,,,
2005-11-12,,,
2005-11-13,,,
2005-11-14,,,
2005-11-15,,,
2005-11-16,,,
2005-11-17,,,
2005-11-18,,,
2005-11-19,,,
2005-11-20,,,
2005-11-21,,,
2005-11-22,,,
2005-11-23,,,
2005-11-24,,,
2005-11-25,,,
2005-11-26,,,
2005-11-27,,,
2005-11-28,,,
2005-11-29,,,
2005-11-30,,,
2005-12-01,,,
2005-12-02,,,
2005-12-03,,,
2005-12-04,,,
2005-12-05,,,
2005-12-06,,,
2005-12-07,,,
2005-12-08,,,
2005-12-09,,,
2005-12-10,,,
2005-12-11,,,
2005-12-12,,,
2005-12-13,,,
2005-12-14,,,
2005-12-15,,,
2005-12-16,,,
2005-12-17,,,
2005-12-18,,,
2005-12-19,,,
2005-12-20,,,
2005-12-21,,,
2005-12-22,,,
2005-12-23,,,
2005-12-24,,,
2005-12-25,,,
2005-12-26,,,
2005-12-27,,,
2005-12-28,,,
2005-12-29,,,
2005-12-30,,,
2005-12-31,,,
2006-01-01,,,
2006-01-02,,,
2006-01-03,,,
2006-01-04,,,
2006-01-05,,,
2006-01-06,,,
2006-01-07,,,
2006-01-08,,,
2006-01-09,,,
2006-01-10,,,
2006-01-11,,,
2006-01-12,,,
2006-01-13,,,
2006-01-14,,,
2006-01-15,,,
2006-01-16,,,
2006-01-17,,,
2006-01-18,,,
2006-01-19,,,
2006-01-20,,,
2006-01-21,,,
2006-01-22,,,
2006-01-23,,,
2006-01-24,,,
2006-01-25,,,
2006-01-26,,,
2006-01-27,,,
2006-01-28,,,
2006-01-29,,,
2006-01-30,,,
2006-01-31,,,
2006-02-01,,,
2006-02-02,,,
2006-02-03,,,
2006-02-04,,,
2006-02-05,,,
2006-02-06,,,
2006-02-07,,,
2006-02-08,,,
2006-02-09,,,
2006-02-10,,,
2006-02-11,,,
2006-02-12,,,
2006-02-13,,,
2006-02-14,,,
2006-02-15,,,
2006-02-16,,,
2006-02-17,,,
2006-02-18,,,
2006-02-19,,,
2006-02-20,,,
2006-02-21,,,
2006-02-22,,,
2006-02-23,,,
2006-02-24,,,
2006-02-25,,,
2006-02-26,,,
2006-02-27,,,
2006-02-28,,,
2006-03-01,,,
2006-03-02,,,
2006-03-03,,,
2006-03-04,,,
2006-03-05,,,
2006-03-06,,,
2006-03-07,,,
2006-03-08,,,
2006-03-09,,,
2006-03-10,,,
2006-03-11,,,
2006-03-12,,,
2006-03-13,,,
2006-03-14,,,
2006-03-15,,,
2006-03-16,,,
2006-03-17,,,
2006-03-18,,,
2006-03-19,,,
2006-03-20,,,
2006-03-21,,,
2006-03-22,,,
2006-03-23,,,
2006-03-24,,,
2006-03-25,,,
2006-03-26,,,
2006-03-27,,,
2006-03-28,,,
2006-03-29,,,
2006-03-30,,,
2006-03-31,,,
2006-04-01,,,
2006-04-02,,,
2006-04-03,,,
2006-04-04,,,
2006-04-05,,,
2006-04-06,,,
2006-04-07,,,
2006-04-08,,,
2006-04-09,,,
2006-04-10,,,
2006-04-11,,,
2006-04-12,,,
2006-04-13,,,
2006-04-14,,,
2006-04-15,,,
2006-04-16,,,
2006-04-17,,,
2006-04-18,,,
2006-04-19,,,
2006-04-20,,,
2006-04-21,,,
2006-04-22,,,
2006-04-23,,,
2006-04-24,,,
2006-04-25,,,
2006-04-26,,,
2006-04-27,,,
2006-04-28,,,
2006-04-29,,,
2006-04-30,,,
2006-05-01,,,
2006-05-02,,,
2006-05-03,,,
2006-05-04,,,
2006-05-05,,,
2006-05-06,,,
2006-05-07,,,
2006-05-08,,,
2006-05-09,,,
2006-05-10,,,
2006-05-11,,,
2006-05-12,,,
2006-05-13,,,
2006-05-14,,,
2006-05-15,,,
2006-05-16,,,
2006-05-17,,,
2006-05-18,,,
2006-05-19,,,
2006-05-20,,,
2006-05-21,,,
2006-05-22,,,
2006-05-23,,,
2006-05-24,,,
2006-05-25,,,
2006-05-26,,,
2006-05-27,,,
2006-05-28,,,
2006-05-29,,,
2006-05-30,,,
2006-05-31,,,
2006-06-01,,,
2006-06-02,,,
2006-06-03,,,
2006-06-04,,,
2006-06-05,,,
2006-06-06,,,
2006-06-07,,,
2006-06-08,,,
2006-06-09,,,
2006-06-10,,,
2006-06-11,,,
2006-06-12,,,
2006-06-13,,,
2006-06-14,,,
2006-06-15,,,
2006-06-16,,,
2006-06-17,,,
2006-06-18,,,
2006-06-19,,,
2006-06-20,,,
2006-06-21,,,
2006-06-22,,,
2006-06-23,,,
2006-06-24,,,
2006-06-25,,,
2006-06-26,,,
2006-06-27,,,
2006-06-28,,,
2006-06-29,,,
2006-06-30,,,
2006-07-01,,,
2006-07-02,,,
2006-07-03,,,
2006-07-04,,,
2006-07-05,,,
2006-07-06,,,
2006-07-07,,,
2006-07-08,,,
2006-07-09,,,
2006-07-10,,,
2006-07-11,,,
2006-07-12,,,
2006-07-13,,,
2006-07-14,,,
2006-07-15,,,
2006-07-16,,,
2006-07-17,,,
2006-07-18,,,
2006-07-19,,,
2006-07-20,,,
2006-07-21,,,
2006-07-22,,,
2006-07-23,,,
2006-07-24,,,
2006-07-25,,,
2006-07-26,,,
2006-07-27,,,
2006-07-28,,,
2006-07-29,,,
2006-07-30,,,
2006-07-31,,,
2006-08-01,,,
2006-08-02,,,
2006-08-03,,,
2006-08-04,,,
2006-08-05,,,
2006-08-06,,,
2006-08-07,,,
2006-08-08,,,
2006-08-09,,,
2006-08-10,,,
2006-08-11,,,
2006-08-12,,,
2006-08-13,,,
2006-08-14,,,
2006-08-15,,,
2006-08-16,,,
2006-08-17,,,
2006-08-18,,,
2006-08-19,,,
2006-08-20,,,
2006-08-21,,,
2006-08-22,,,
2006-08-23,,,
2006-08-24,,,
2006-08-25,,,
2006-08-26,,,
2006-08-27,,,
2006-08-28,,,
2006-08-29,,,
2006-08-30,,,
2006-08-31,,,
2006-09-01,,,
2006-09-02,,,
2006-09-03,,,
2006-09-04,,,
2006-09-05,,,
2006-09-06,,,
2006-09-07,,,
2006-09-08,,,
2006-09-09,,,
2006-09-10,,,
2006-09-11,,,
2006-09-12,,,
2006-09-13,,,
2006-09-14,,,
2006-09-15,,,
2006-09-16,,,
2006-09-17,,,
2006-09-18,,,
2006-09-19,,,
2006-09-20,,,
2006-09-21,,,
2006-09-22,,,
2006-09-23,,,
2006-09-24,,,
2006-09-25,,,
2006-09-26,,,
2006-09-27,,,
2006-09-28,,,
2006-09-29,,,
2006-09-30,,,
2006-10-01,,,
2006-10-02,,,
2006-10-03,,,
2006-10-04,,,
2006-10-05,,,
2006-10-06,,,
2006-10-07,,,
2006-10-08,,,
2006-10-09,,,
2006-10-10,,,
2006-10-11,,,
2006-10-12,,,
2006-10-13,,,
2006-10-14,,,
2006-10-15,,,
2006-10-16,,,
2006-10-17,,,
2006-10-18,,,
2006-10-19,,,
2006-10-20,,,
2006-10-21,,,
2006-10-22,,,
2006-10-23,,,
2006-10-24,,,
2006-10-25,,,
2006-10-26,,,
2006-10-27,,,
2006-10-28,,,
2006-10-29,,,
2006-10-30,,,
2006-10-31,,,
2006-11-01,,,
2006-11-02,,,
2006-11-03,,,
2006-11-04,,,
2006-11-05,,,
2006-11-06,,,
2006-11-07,,,
2006-11-08,,,
2006-11-09,,,
2006-11-10,,,
2006-11-11,,,
2006-11-12,,,
2006-11-13,,,
2006-11-14,,,
2006-11-15,,,
2006-11-16,,,
2006-11-17,,,
2006-11-18,,,
2006-11-19,,,
2006-11-20,,,
2006-11-21,,,
2006-11-22,,,
2006-11-23,,,
2006-11-24,,,
2006-11-25,,,
2006-11-26,,,
2006-11-27,,,
2006-11-28,,,
2006-11-29,,,
2006-11-30,,,
2006-12-01,,,
2006-12-02,,,
2006-12-03,,,
2006-12-04,,,
2006-12-05,,,
2006-12-06,,,
2006-12-07,,,
2006-12-08,,,
2006-12-09,,,
2006-12-10,,,
2006-12-11,,,
2006-12-12,,,
2006-12-13,,,
2006-12-14,,,
2006-12-15,,,
2006-12-16,,,
2006-12-17,,,
2006-12-18,,,
2006-12-19,,,
2006-12-20,,,
2006-12-21,,,
2006-12-22,,,
2006-12-23,,,
2006-12-24,,,
2006-12-25,,,
2006-12-26,,,
2006-12-27,,,
2006-12-28,,,
2006-12-29,,,
2006-12-30,,,
2006-12-31,,,
2007-01-01,,,
2007-01-02,,,
2007-01-03,,,
2007-01-04,,,
2007-01-05,,,
2007-01-06,,,
2007-01-07,,,
2007-01-08,,,
2007-01-09,,,
2007-01-10,,,
2007-01-11,,,
2007-01-12,,,
2007-01-13,,,
2007-01-14,,,
2007-01-15,,,
2007-01-16,,,
2007-01-17,,,
2007-01-18,,,
2007-01-19,,,
2007-01-20,,,
2007-01-21,,,
2007-01-22,,,
2007-01-23,,,
2007-01-24,,,
2007-01-25,,,
2007-01-26,,,
2007-01-27,,,
2007-01-28,,,
2007-01-29,,,
2007-01-30,,,
2007-01-31,,,
2007-02-01,,,
2007-02-02,,,
2007-02-03,,,
2007-02-04,,,
2007-02-05,,,
2007-02-06,,,
2007-02-07,,,
2007-02-08,,,
2007-02-09,,,
2007-02-10,,,
2007-02-11,,,
2007-02-12,,,
2007-02-13,,,
2007-02-14,,,
2007-02-15,,,
2007-02-16,,,
2007-02-17,,,
2007-02-18,,,
2007-02-19,,,
2007-02-20,,,
2007-02-21,,,
2007-02-22,,,
2007-02-23,,,
2007-02-24,,,
2007-02-25,,,
2007-02-26,,,
2007-02-27,,,
2007-02-28,,,
2007-03-01,,,
2007-03-02,,,
2007-03-03,,,
2007-03-04,,,
2007-03-05,,,
2007-03-06,,,
2007-03-07,,,
2007-03-08,,,
2007-03-09,,,
2007-03-10,,,
2007-03-11,,,
2007-03-12,,,
2007-03-13,,,
2007-03-14,,,
2007-03-15,,,
2007-03-16,,,
2007-03-17,,,
2007-03-18,,,
2007-03-19,,,
2007-03-20,,,
2007-03-21,,,
2007-03-22,,,
2007-03-23,,,
2007-03-24,,,
2007-03-25,,,
2007-03-26,,,
2007-03-27,,,
2007-03-28,,,
2007-03-29,,,
2007-03-30,,,
2007-03-31,,,
2007-04-01,,,
2007-04-02,,,
2007-04-03,,,
2007-04-04,,,
2007-04-05,,,
2007-04-06,,,
2007-04-07,,,
2007-04-08,,,
2007-04-09,,,
2007-04-10,,,
2007-04-11,,,
2007-04-12,,,
2007-04-13,,,
2007-04-14,,,
2007-04-15,,,
2007-04-16,,,
2007-04-17,,,
2007-04-18,,,
2007-04-19,,,
2007-04-20,,,
2007-04-21,,,
2007-04-22,,,
2007-04-23,,,
2007-04-24,,,
2007-04-25,,,
2007-04-26,,,
2007-04-27,,,
2007-04-28,,,
2007-04-29,,,
2007-04-30,,,
2007-05-01,,,
2007-05-02,,,
2007-05-03,,,
2007-05-04,,,
2007-05-05,,,
2007-05-06,,,
2007-05-07,,,
2007-05-08,,,
2007-05-09,,,
2007-05-10,,,
2007-05-11,,,
2007-05-12,,,
2007-05-13,,,
2007-05-14,,,
2007-05-15,,,
2007-05-16,,,
2007-05-17,,,
2007-05-18,,,
2007-05-19,,,
2007-05-20,,,
2007-05-21,,,
2007-05-22,,,
2007-05-23,,,
2007-05-24,,,
2007-05-25,,,
2007-05-26,,,
2007-05-27,,,
2007-05-28,,,
2007-05-29,,,
2007-05-30,,,
2007-05-31,,,
2007-06-01,,,
2007-06-02,,,
2007-06-03,,,
2007-06-04,,,
2007-06-05,,,
2007-06-06,,,
2007-06-07,,,
2007-06-08,,,
2007-06-09,,,
2007-06-10,,,
2007-06-11,,,
2007-06-12,,,
2007-06-13,,,
2007-06-14,,,
2007-06-15,,,
2007-06-16,,,
2007-06-17,,,
2007-06-18,,,
2007-06-19,,,
2007-06-20,,,
2007-06-21,,,
2007-06-22,,,
2007-06-23,,,
2007-06-24,,,
2007-06-25,,,
2007-06-26,,,
2007-06-27,,,
2007-06-28,,,
2007-06-29,,,
2007-06-30,,,
2007-07-01,,,
2007-07-02,,,
2007-07-03,,,
2007-07-04,,,
2007-07-05,,,
2007-07-06,,,
2007-07-07,,,
2007-07-08,,,
2007-07-09,,,
2007-07-10,,,
2007-07-11,,,
2007-07-12,,,
2007-07-13,,,
2007-07-14,,,
2007-07-15,,,
2007-07-16,,,
2007-07-17,,,
2007-07-18,,,
2007-07-19,,,
2007-07-20,,,
2007-07-21,,,
2007-07-22,,,
2007-07-23,,,
2007-07-24,,,
2007-07-25,,,
2007-07-26,,,
2007-07-27,,,
2007-07-28,,,
2007-07-29,,,
2007-07-30,,,
2007-07-31,,,
2007-08-01,,,
2007-08-02,,,
2007-08-03,,,
2007-08-04,,,
2007-08-05,,,
2007-08-06,,,
2007-08-07,,,
2007-08-08,,,
2007-08-09,,,
2007-08-10,,,
2007-08-11,,,
2007-08-12,,,
2007-08-13,,,
2007-08-14,,,
2007-08-15,,,
2007-08-16,,,
2007-08-17,,,
2007-08-18,,,
2007-08-19,,,
2007-08-20,,,
2007-08-21,,,
2007-08-22,,,
2007-08-23,,,
2007-08-24,,,
2007-08-25,,,
2007-08-26,,,
2007-08-27,,,
2007-08-28,,,
2007-08-29,,,
2007-08-30,,,
2007-08-31,,,
2007-09-01,,,
2007-09-02,,,
2007-09-03,,,
2007-09-04,,,
2007-09-05,,,
2007-09-06,,,
2007-09-07,,,
2007-09-08,,,
2007-09-09,,,
2007-09-10,,,
2007-09-11,,,
2007-09-12,,,
2007-09-13,,,
2007-09-14,,,
2007-09-15,,,
2007-09-16,,,
2007-09-17,,,
2007-09-18,,,
2007-09-19,,,
2007-09-20,,,
2007-09-21,,,
2007-09-22,,,
2007-09-23,,,
2007-09-24,,,
2007-09-25,,,
2007-09-26,,,
2007-09-27,,,
2007-09-28,,,
2007-09-29,,,
2007-09-30,,,
2007-10-01,,,
2007-10-02,,,
2007-10-03,,,
2007-10-04,,,
2007-10-05,,,
2007-10-06,,,
2007-10-07,,,
2007-10-08,,,
2007-10-09,,,
2007-10-10,,,
2007-10-11,,,
2007-10-12,,,
2007-10-13,,,
2007-10-14,,,
2007-10-15,,,
2007-10-16,,,
2007-10-17,,,
2007-10-18,,,
2007-10-19,,,
2007-10-20,,,
2007-10-21,,,
2007-10-22,,,
2007-10-23,,,
2007-10-24,,,
2007-10-25,,,
2007-10-26,,,
2007-10-27,,,
2007-10-28,,,
2007-10-29,,,
2007-10-30,,,
2007-10-31,,,
2007-11-01,,,
2007-11-02,,,
2007-11-03,,,
2007-11-04,,,
2007-11-05,,,
2007-11-06,,,
2007-11-07,,,
2007-11-08,,,
2007-11-09,,,
2007-11-10,,,
2007-11-11,,,
2007-11-12,,,
2007-11-13,,,
2007-11-14,,,
2007-11-15,,,
2007-11-16,,,
2007-11-17,,,
2007-11-18,,,
2007-11-19,,,
2007-11-20,,,
2007-11-21,,,
2007-11-22,,,
2007-11-23,,,
2007-11-24,,,
2007-11-25,,,
2007-11-26,,,
2007-11-27,,,
2007-11-28,,,
2007-11-29,,,
2007-11-30,,,
2007-12-01,,,
2007-12-02,,,
2007-12-03,,,
2007-12-04,,,
2007-12-05,,,
2007-12-06,,,
2007-12-07,,,
2007-12-08,,,
2007-12-09,,,
2007-12-10,,,
2007-12-11,,,
2007-12-12,,,
2007-12-13,,,
2007-12-14,,,
2007-12-15,,,
2007-12-16,,,
2007-12-17,,,
2007-12-18,,,
2007-12-19,,,
2007-12-20,,,
2007-12-21,,,
2007-12-22,,,
2007-12-23,,,
2007-12-24,,,
2007-12-25,,,
2007-12-26,,,
2007-12-27,,,
2007-12-28,,,
2007-12-29,,,
2007-12-30,,,
2007-12-31,,,
2008-01-01,,,
2008-01-02,,,
2008-01-03,,,
2008-01-04,,,
2008-01-05,,,
2008-01-06,,,
2008-01-07,,,
2008-01-08,,,
2008-01-09,,,
2008-01-10,,,
2008-01-11,,,
2008-01-12,,,
2008-01-13,,,
2008-01-14,,,
2008-01-15,,,
2008-01-16,,,
2008-01-17,,,
2008-01-18,,,
2008-01-19,,,
2008-01-20,,,
2008-01-21,,,
2008-01-22,,,
2008-01-23,,,
2008-01-24,,,
2008-01-25,,,
2008-01-26,,,
2008-01-27,,,
2008-01-28,,,
2008-01-29,,,
2008-01-30,,,
2008-01-31,,,
2008-02-01,,,
2008-02-02,,,
2008-02-03,,,
2008-02-04,,,
2008-02-05,,,
2008-02-06,,,
2008-02-07,,,
2008-02-08,,,
2008-02-09,,,
2008-02-10,,,
2008-02-11,,,
2008-02-12,,,
2008-02-13,,,
2008-02-14,,,
2008-02-15,,,
2008-02-16,,,
2008-02-17,,,
2008-02-18,,,
2008-02-19,,,
2008-02-20,,,
2008-02-21,,,
2008-02-22,,,
2008-02-23,,,
2008-02-24,,,
2008-02-25,,,
2008-02-26,,,
2008-02-27,,,
2008-02-28,,,
2008-02-29,,,
2008-03-01,,,
2008-03-02,,,
2008-03-03,,,
2008-03-04,,,
2008-03-05,,,
2008-03-06,,,
2008-03-07,,,
2008-03-08,,,
2008-03-09,,,
2008-03-10,,,
2008-03-11,,,
2008-03-12,,,
2008-03-13,,,
2008-03-14,,,
2008-03-15,,,
2008-03-16,,,
2008-03-17,,,
2008-03-18,,,
2008-03-19,,,
2008-03-20,,,
2008-03-21,,,
2008-03-22,,,
2008-03-23,,,
2008-03-24,,,
2008-03-25,,,
2008-03-26,,,
2008-03-27,,,
2008-03-28,,,
2008-03-29,,,
2008-03-30,,,
2008-03-31,,,
2008-04-01,,,
2008-04-02,,,
2008-04-03,,,
2008-04-04,,,
2008-04-05,,,
2008-04-06,,,
2008-04-07,,,
2008-04-08,,,
2008-04-09,,,
2008-04-10,,,
2008-04-11,,,
2008-04-12,,,
2008-04-13,,,
2008-04-14,,,
2008-04-15,,,
2008-04-16,,,
2008-04-17,,,
2008-04-18,,,
2008-04-19,,,
2008-04-20,,,
2008-04-21,,,
2008-04-22,,,
2008-04-23,,,
2008-04-24,,,
2008-04-25,,,
2008-04-26,,,
2008-04-27,,,
2008-04-28,,,
2008-04-29,,,
2008-04-30,,,
2008-05-01,,,
2008-05-02,,,
2008-05-03,,,
2008-05-04,,,
2008-05-05,,,
2008-05-06,,,
2008-05-07,,,
2008-05-08,,,
2008-05-09,,,
2008-05-10,,,
2008-05-11,,,
2008-05-12,,,
2008-05-13,,,
2008-05-14,,,
2008-05-15,,,
2008-05-16,,,
2008-05-17,,,
2008-05-18,,,
2008-05-19,,,
2008-05-20,,,
2008-05-21,,,
2008-05-22,,,
2008-05-23,,,
2008-05-24,,,
2008-05-25,,,
2008-05-26,,,
2008-05-27,,,
2008-05-28,,,
2008-05-29,,,
2008-05-30,,,
2008-05-31,,,
2008-06-01,,,
2008-06-02,,,
2008-06-03,,,
2008-06-04,,,
2008-06-05,,,
2008-06-06,,,
2008-06-07,,,
2008-06-08,,,
2008-06-09,,,
2008-06-10,,,
2008-06-11,,,
2008-06-12,,,
2008-06-13,,,
2008-06-14,,,
2008-06-15,,,
2008-06-16,,,
2008-06-17,,,
2008-06-18,,,
2008-06-19,,,
2008-06-20,,,
2008-06-21,,,
2008-06-22,,,
2008-06-23,,,
2008-06-24,,,
2008-06-25,,,
2008-06-26,,,
2008-06-27,,,
2008-06-28,,,
2008-06-29,,,
2008-06-30,,,
2008-07-01,,,
2008-07-02,,,
2008-07-03,,,
2008-07-04,,,
2008-07-05,,,
2008-07-06,,,
2008-07-07,,,
2008-07-08,,,
2008-07-09,,,
2008-07-10,,,
2008-07-11,,,
2008-07-12,,,
2008-07-13,,,
2008-07-14,,,
2008-07-15,,,
2008-07-16,,,
2008-07-17,,,
2008-07-18,,,
2008-07-19,,,
2008-07-20,,,
2008-07-21,,,
2008-07-22,,,
2008-07-23,,,
2008-07-24,,,
2008-07-25,,,
2008-07-26,,,
2008-07-27,,,
2008-07-28,,,
2008-07-29,,,
2008-07-30,,,
2008-07-31,,,
2008-08-01,,,
2008-08-02,,,
2008-08-03,,,
2008-08-04,,,
2008-08-05,,,
2008-08-06,,,
2008-08-07,,,
2008-08-08,,,
2008-08-09,,,
2008-08-10,,,
2008-08-11,,,
2008-08-12,,,
2008-08-13,,,
2008-08-14,,,
2008-08-15,,,
2008-08-16,,,
2008-08-17,,,
2008-08-18,,,
2008-08-19,,,
2008-08-20,,,
2008-08-21,,,
2008-08-22,,,
2008-08-23,,,
2008-08-24,,,
2008-08-25,,,
2008-08-26,,,
2008-08-27,,,
2008-08-28,,,
2008-08-29,,,
2008-08-30,,,
2008-08-31,,,
2008-09-01,,,
2008-09-02,,,
2008-09-03,,,
2008-09-04,,,
2008-09-05,,,
2008-09-06,,,
2008-09-07,,,
2008-09-08,,,
2008-09-09,,,
2008-09-10,,,
2008-09-11,,,
2008-09-12,,,
2008-09-13,,,
2008-09-14,,,
2008-09-15,,,
2008-09-16,,,
2008-09-17,,,
2008-09-18,,,
2008-09-19,,,
2008-09-20,,,
2008-09-21,,,
2008-09-22,,,
2008-09-23,,,
2008-09-24,,,
2008-09-25,,,
2008-09-26,,,
2008-09-27,,,
2008-09-28,,,
2008-09-29,,,
2008-09-30,,,
2008-10-01,,,
2008-10-02,,,
2008-10-03,,,
2008-10-04,,,
2008-10-05,,,
2008-10-06,,,
2008-10-07,,,
2008-10-08,,,
2008-10-09,,,
2008-10-10,,,
2008-10-11,,,
2008-10-12,,,
2008-10-13,,,
2008-10-14,,,
2008-10-15,,,
2008-10-16,,,
2008-10-17,,,
2008-10-18,,,
2008-10-19,,,
2008-10-20,,,
2008-10-21,,,
2008-10-22,,,
2008-10-23,,,
2008-10-24,,,
2008-10-25,,,
2008-10-26,,,
2008-10-27,,,
2008-10-28,,,
2008-10-29,,,
2008-10-30,,,
2008-10-31,,,
2008-11-01,,,
2008-11-02,,,
2008-11-03,,,
2008-11-04,,,
2008-11-05,,,
2008-11-06,,,
2008-11-07,,,
2008-11-08,,,
2008-11-09,,,
2008-11-10,,,
2008-11-11,,,
2008-11-12,,,
2008-11-13,,,
2008-11-14,,,
2008-11-15,,,
2008-11-16,,,
2008-11-17,,,
2008-11-18,,,
2008-11-19,,,
2008-11-20,,,
2008-11-21,,,
2008-11-22,,,
2008-11-23,,,
2008-11-24,,,
2008-11-25,,,
2008-11-26,,,
2008-11-27,,,
2008-11-28,,,
2008-11-29,,,
2008-11-30,,,
2008-12-01,,,
2008-12-02,,,
2008-12-03,,,
2008-12-04,,,
2008-12-05,,,
2008-12-06,,,
2008-12-07,,,
2008-12-08,,,
2008-12-09,,,
2008-12-10,,,
2008-12-11,,,
2008-12-12,,,
2008-12-13,,,
2008-12-14,,,
2008-12-15,,,
2008-12-16,,,
2008-12-17,,,
2008-12-18,,,
2008-12-19,,,
2008-12-20,,,
2008-12-21,,,
2008-12-22,,,
2008-12-23,,,
2008-12-24,,,
2008-12-25,,,
2008-12-26,,,
2008-12-27,,,
2008-12-28,,,
2008-12-29,,,
2008-12-30,,,
2008-12-31,,,
2009-01-01,,,
2009-01-02,,,
2009-01-03,,,
2009-01-04,,,
2009-01-05,,,
2009-01-06,,,
2009-01-07,,,
2009-01-08,,,
2009-01-09,,,
2009-01-10,,,
2009-01-11,,,
2009-01-12,,,
2009-01-13,,,
2009-01-14,,,
2009-01-15,,,
2009-01-16,,,
2009-01-17,,,
2009-01-18,,,
2009-01-19,,,
2009-01-20,,,
2009-01-21,,,
2009-01-22,,,
2009-01-23,,,
2009-01-24,,,
2009-01-25,,,
2009-01-26,,,
2009-01-27,,,
2009-01-28,,,
2009-01-29,,,
2009-01-30,,,
2009-01-31,,,
2009-02-01,,,
2009-02-02,,,
2009-02-03,,,
2009-02-04,,,
2009-02-05,,,
2009-02-06,,,
2009-02-07,,,
2009-02-08,,,
2009-02-09,,,
2009-02-10,,,
2009-02-11,,,
2009-02-12,,,
2009-02-13,,,
2009-02-14,,,
2009-02-15,,,
2009-02-16,,,
2009-02-17,,,
2009-02-18,,,
2009-02-19,,,
2009-02-20,,,
2009-02-21,,,
2009-02-22,,,
2009-02-23,,,
2009-02-24,,,
2009-02-25,,,
2009-02-26,,,
2009-02-27,,,
2009-02-28,,,
2009-03-01,,,
2009-03-02,,,
2009-03-03,,,
2009-03-04,,,
2009-03-05,,,
2009-03-06,,,
2009-03-07,,,
2009-03-08,,,
2009-03-09,,,
2009-03-10,,,
2009-03-11,,,
2009-03-12,,,
2009-03-13,,,
2009-03-14,,,
2009-03-15,,,
2009-03-16,,,
2009-03-17,,,
2009-03-18,,,
2009-03-19,,,
2009-03-20,,,
2009-03-21,,,
2009-03-22,,,
2009-03-23,,,
2009-03-24,,,
2009-03-25,,,
2009-03-26,,,
2009-03-27,,,
2009-03-28,,,
2009-03-29,,,
2009-03-30,,,
2009-03-31,,,
2009-04-01,,,
2009-04-02,,,
2009-04-03,,,
2009-04-04,,,
2009-04-05,,,
2009-04-06,,,
2009-04-07,,,
2009-04-08,,,
2009-04-09,,,
2009-04-10,,,
2009-04-11,,,
2009-04-12,,,
2009-04-13,,,
2009-04-14,,,
2009-04-15,,,
2009-04-16,,,
2009-04-17,,,
2009-04-18,,,
2009-04-19,,,
2009-04-20,,,
2009-04-21,,,
2009-04-22,,,
2009-04-23,,,
2009-04-24,,,
2009-04-25,,,
2009-04-26,,,
2009-04-27,,,
2009-04-28,,,
2009-04-29,,,
2009-04-30,,,
2009-05-01,,,
2009-05-02,,,
2009-05-03,,,
2009-05-04,,,
2009-05-05,,,
2009-05-06,,,
2009-05-07,,,
2009-05-08,,,
2009-05-09,,,
2009-05-10,,,
2009-05-11,,,
2009-05-12,,,
2009-05-13,,,
2009-05-14,,,
2009-05-15,,,
2009-05-16,,,
2009-05-17,,,
2009-05-18,,,
2009-05-19,,,
2009-05-20,,,
2009-05-21,,,
2009-05-22,,,
2009-05-23,,,
2009-05-24,,,
2009-05-25,,,
2009-05-26,,,
2009-05-27,,,
2009-05-28,,,
2009-05-29,,,
2009-05-30,,,
2009-05-31,,,
2009-06-01,,,
2009-06-02,,,
2009-06-03,,,
2009-06-04,,,
2009-06-05,,,
2009-06-06,,,
2009-06-07,,,
2009-06-08,,,
2009-06-09,,,
2009-06-10,,,
2009-06-11,,,
2009-06-12,,,
2009-06-13,,,
2009-06-14,,,
2009-06-15,,,
2009-06-16,,,
2009-06-17,,,
2009-06-18,,,
2009-06-19,,,
2009-06-20,,,
2009-06-21,,,
2009-06-22,,,
2009-06-23,,,
2009-06-24,,,
2009-06-25,,,
2009-06-26,,,
2009-06-27,,,
2009-06-28,,,
2009-06-29,,,
2009-06-30,,,
2009-07-01,,,
2009-07-02,,,
2009-07-03,,,
2009-07-04,,,
2009-07-05,,,
2009-07-06,,,
2009-07-07,,,
2009-07-08,,,
2009-07-09,,,
2009-07-10,,,
2009-07-11,,,
2009-07-12,,,
2009-07-13,,,
2009-07-14,,,
2009-07-15,,,
2009-07-16,,,
2009-07-17,,,
2009-07-18,,,
2009-07-19,,,
2009-07-20,,,
2009-07-21,,,
2009-07-22,,,
2009-07-23,,,
2009-07-24,,,
2009-07-25,,,
2009-07-26,,,
2009-07-27,,,
2009-07-28,,,
2009-07-29,,,
2009-07-30,,,
2009-07-31,,,
2009-08-01,,,
2009-08-02,,,
2009-08-03,,,
2009-08-04,,,
2009-08-05,,,
2009-08-06,,,
2009-08-07,,,
2009-08-08,,,
2009-08-09,,,
2009-08-10,,,
2009-08-11,,,
2009-08-12,,,
2009-08-13,,,
2009-08-14,,,
2009-08-15,,,
2009-08-16,,,
2009-08-17,,,
2009-08-18,,,
2009-08-19,,,
2009-08-20,,,
2009-08-21,,,
2009-08-22,,,
2009-08-23,,,
2009-08-24,,,
2009-08-25,,,
2009-08-26,,,
2009-08-27,,,
2009-08-28,,,
2009-08-29,,,
2009-08-30,,,
2009-08-31,,,
2009-09-01,,,
2009-09-02,,,
2009-09-03,,,
2009-09-04,,,
2009-09-05,,,
2009-09-06,,,
2009-09-07,,,
2009-09-08,,,
2009-09-09,,,
2009-09-10,,,
2009-09-11,,,
2009-09-12,,,
2009-09-13,,,
2009-09-14,,,
2009-09-15,,,
2009-09-16,,,
2009-09-17,,,
2009-09-18,,,
2009-09-19,,,
2009-09-20,,,
2009-09-21,,,
2009-09-22,,,
2009-09-23,,,
2009-09-24,,,
2009-09-25,,,
2009-09-26,,,
2009-09-27,,,
2009-09-28,,,
2009-09-29,,,
2009-09-30,,,
2009-10-01,,,
2009-10-02,,,
2009-10-03,,,
2009-10-04,,,
2009-10-05,,,
2009-10-06,,,
2009-10-07,,,
2009-10-08,,,
2009-10-09,,,
2009-10-10,,,
2009-10-11,,,
2009-10-12,,,
2009-10-13,,,
2009-10-14,,,
2009-10-15,,,
2009-10-16,,,
2009-10-17,,,
2009-10-18,,,
2009-10-19,,,
2009-10-20,,,
2009-10-21,,,
2009-10-22,,,
2009-10-23,,,
2009-10-24,,,
2009-10-25,,,
2009-10-26,,,
2009-10-27,,,
2009-10-28,,,
2009-10-29,,,
2009-10-30,,,
2009-10-31,,,
2009-11-01,,,
2009-11-02,,,
2009-11-03,,,
2009-11-04,,,
2009-11-05,,,
2009-11-06,,,
2009-11-07,,,
2009-11-08,,,
2009-11-09,,,
2009-11-10,,,
2009-11-11,,,
2009-11-12,,,
2009-11-13,,,
2009-11-14,,,
2009-11-15,,,
2009-11-16,,,
2009-11-17,,,
2009-11-18,,,
2009-11-19,,,
2009-11-20,,,
2009-11-21,,,
2009-11-22,,,
2009-11-23,,,
2009-11-24,,,
2009-11-25,,,
2009-11-26,,,
2009-11-27,,,
2009-11-28,,,
2009-11-29,,,
2009-11-30,,,
2009-12-01,,,
2009-12-02,,,
2009-12-03,,,
2009-12-04,,,
2009-12-05,,,
2009-12-06,,,
2009-12-07,,,
2009-12-08,,,
2009-12-09,,,
2009-12-10,,,
2009-12-11,,,
2009-12-12,,,
2009-12-13,,,
2009-12-14,,,
2009-12-15,,,
2009-12-16,,,
2009-12-17,,,
2009-12-18,,,
2009-12-19,,,
2009-12-20,,,
2009-12-21,,,
2009-12-22,,,
2009-12-23,,,
2009-12-24,,,
2009-12-25,,,
2009-12-26,,,
2009-12-27,,,
2009-12-28,,,
2009-12-29,,,
2009-12-30,,,
2009-12-31,,,
2010-01-01,,,
2010-01-02,,,
2010-01-03,,,
2010-01-04,,,
2010-01-05,,,
2010-01-06,,,
2010-01-07,,,
2010-01-08,,,
2010-01-09,,,
2010-01-10,,,
2010-01-11,,,
2010-01-12,,,
2010-01-13,,,
2010-01-14,,,
2010-01-15,,,
2010-01-16,,,
2010-01-17,,,
2010-01-18,,,
2010-01-19,,,
2010-01-20,,,
2010-01-21,,,
2010-01-22,,,
2010-01-23,,,
2010-01-24,,,
2010-01-25,,,
2010-01-26,,,
2010-01-27,,,
2010-01-28,,,
2010-01-29,,,
2010-01-30,,,
2010-01-31,,,
2010-02-01,,,
2010-02-02,,,
2010-02-03,,,
2010-02-04,,,
2010-02-05,,,
2010-02-06,,,
2010-02-07,,,
2010-02-08,,,
2010-02-09,,,
2010-02-10,,,
2010-02-11,,,
2010-02-12,,,
2010-02-13,,,
2010-02-14,,,
2010-02-15,,,
2010-02-16,,,
2010-02-17,,,
2010-02-18,,,
2010-02-19,,,
2010-02-20,,,
2010-02-21,,,
2010-02-22,,,
2010-02-23,,,
2010-02-24,,,
2010-02-25,,,
2010-02-26,,,
2010-02-27,,,
2010-02-28,,,
2010-03-01,,,
2010-03-02,,,
2010-03-03,,,
2010-03-04,,,
2010-03-05,,,
2010-03-06,,,
2010-03-07,,,
2010-03-08,,,
2010-03-09,,,
2010-03-10,,,
2010-03-11,,,
2010-03-12,,,
2010-03-13,,,
2010-03-14,,,
2010-03-15,,,
2010-03-16,,,
2010-03-17,,,
2010-03-18,,,
2010-03-19,,,
2010-03-20,,,
2010-03-21,,,
2010-03-22,,,
2010-03-23,,,
2010-03-24,,,
2010-03-25,,,
2010-03-26,,,
2010-03-27,,,
2010-03-28,,,
2010-03-29,,,
2010-03-30,,,
2010-03-31,,,
2010-04-01,,,
2010-04-02,,,
2010-04-03,,,
2010-04-04,,,
2010-04-05,,,
2010-04-06,,,
2010-04-07,,,
2010-04-08,,,
2010-04-09,,,
2010-04-10,,,
2010-04-11,,,
2010-04-12,,,
2010-04-13,,,
2010-04-14,,,
2010-04-15,,,
2010-04-16,,,
2010-04-17,,,
2010-04-18,,,
2010-04-19,,,
2010-04-20,,,
2010-04-21,,,
2010-04-22,,,
2010-04-23,,,
2010-04-24,,,
2010-04-25,,,
2010-04-26,,,
2010-04-27,,,
2010-04-28,,,
2010-04-29,,,
2010-04-30,,,
2010-05-01,,,
2010-05-02,,,
2010-05-03,,,
2010-05-04,,,
2010-05-05,,,
2010-05-06,,,
2010-05-07,,,
2010-05-08,,,
2010-05-09,,,
2010-05-10,,,
2010-05-11,,,
2010-05-12,,,
2010-05-13,,,
2010-05-14,,,
2010-05-15,,,
2010-05-16,,,
2010-05-17,,,
2010-05-18,,,
2010-05-19,,,
2010-05-20,,,
2010-05-21,,,
2010-05-22,,,
2010-05-23,,,
2010-05-24,,,
2010-05-25,,,
2010-05-26,,,
2010-05-27,,,
2010-05-28,,,
2010-05-29,,,
2010-05-30,,,
2010-05-31,,,
2010-06-01,,,
2010-06-02,,,
2010-06-03,,,
2010-06-04,,,
2010-06-05,,,
2010-06-06,,,
2010-06-07,,,
2010-06-08,,,
2010-06-09,,,
2010-06-10,,,
2010-06-11,,,
2010-06-12,,,
2010-06-13,,,
2010-06-14,,,
2010-06-15,,,
2010-06-16,,,
2010-06-17,,,
2010-06-18,,,
2010-06-19,,,
2010-06-20,,,
2010-06-21,,,
2010-06-22,,,
2010-06-23,,,
2010-06-24,,,
2010-06-25,,,
2010-06-26,,,
2010-06-27,,,
2010-06-28,,,
2010-06-29,,,
2010-06-30,,,
2010-07-01,,,
2010-07-02,,,
2010-07-03,,,
2010-07-04,,,
2010-07-05,,,
2010-07-06,,,
2010-07-07,,,
2010-07-08,,,
2010-07-09,,,
2010-07-10,,,
2010-07-11,,,
2010-07-12,,,
2010-07-13,,,
2010-07-14,,,
2010-07-15,,,
2010-07-16,,,
2010-07-17,,,
2010-07-18,,,
2010-07-19,,,
2010-07-20,,,
2010-07-21,,,
2010-07-22,,,
2010-07-23,,,
2010-07-24,,,
2010-07-25,,,
2010-07-26,,,
2010-07-27,,,
2010-07-28,,,
2010-07-29,,,
2010-07-30,,,
2010-07-31,,,
2010-08-01,,,
2010-08-02,,,
2010-08-03,,,
2010-08-04,,,
2010-08-05,,,
2010-08-06,,,
2010-08-07,,,
2010-08-08,,,
2010-08-09,,,
2010-08-10,,,
2010-08-11,,,
2010-08-12,,,
2010-08-13,,,
2010-08-14,,,
2010-08-15,,,
2010-08-16,,,
2010-08-17,,,
2010-08-18,,,
2010-08-19,,,
2010-08-20,,,
2010-08-21,,,
2010-08-22,,,
2010-08-23,,,
2010-08-24,,,
2010-08-25,,,
2010-08-26,,,
2010-08-27,,,
2010-08-28,,,
2010-08-29,,,
2010-08-30,,,
2010-08-31,,,
2010-09-01,,,
2010-09-02,,,
2010-09-03,,,
2010-09-04,,,
2010-09-05,,,
2010-09-06,,,
2010-09-07,,,
2010-09-08,,,
2010-09-09,,,
2010-09-10,,,
2010-09-11,,,
2010-09-12,,,
2010-09-13,,,
2010-09-14,,,
2010-09-15,,,
2010-09-16,,,
2010-09-17,,,
2010-09-18,,,
2010-09-19,,,
2010-09-20,,,
2010-09-21,,,
2010-09-22,,,
2010-09-23,,,
2010-09-24,,,
2010-09-25,,,
2010-09-26,,,
2010-09-27,,,
2010-09-28,,,
2010-09-29,,,
2010-09-30,,,
2010-10-01,,,
2010-10-02,,,
2010-10-03,,,
2010-10-04,,,
2010-10-05,,,
2010-10-06,,,
2010-10-07,,,
2010-10-08,,,
2010-10-09,,,
2010-10-10,,,
2010-10-11,,,
2010-10-12,,,
2010-10-13,,,
2010-10-14,,,
2010-10-15,,,
2010-10-16,,,
2010-10-17,,,
2010-10-18,,,
2010-10-19,,,
2010-10-20,,,
2010-10-21,,,
2010-10-22,,,
2010-10-23,,,
2010-10-24,,,
2010-10-25,,,
2010-10-26,,,
2010-10-27,,,
2010-10-28,,,
2010-10-29,,,
2010-10-30,,,
2010-10-31,,,
2010-11-01,,,
2010-11-02,,,
2010-11-03,,,
2010-11-04,,,
2010-11-05,,,
2010-11-06,,,
2010-11-07,,,
2010-11-08,,,
2010-11-09,,,
2010-11-10,,,
2010-11-11,,,
2010-11-12,,,
2010-11-13,,,
2010-11-14,,,
2010-11-15,,,
2010-11-16,,,
2010-11-17,,,
2010-11-18,,,
2010-11-19,,,
2010-11-20,,,
2010-11-21,,,
2010-11-22,,,
2010-11-23,,,
2010-11-24,,,
2010-11-25,,,
2010-11-26,,,
2010-11-27,,,
2010-11-28,,,
2010-11-29,,,
2010-11-30,,,
2010-12-01,,,
2010-12-02,,,
2010-12-03,,,
2010-12-04,,,
2010-12-05,,,
2010-12-06,,,
2010-12-07,,,
2010-12-08,,,
2010-12-09,,,
2010-12-10,,,
2010-12-11,,,
2010-12-12,,,
2010-12-13,,,
2010-12-14,,,
2010-12-15,,,
2010-12-16,,,
2010-12-17,,,
2010-12-18,,,
2010-12-19,,,
2010-12-20,,,
2010-12-21,,,
2010-12-22,,,
2010-12-23,,,
2010-12-24,,,
2010-12-25,,,
2010-12-26,,,
2010-12-27,,,
2010-12-28,,,
2010-12-29,,,
2010-12-30,,,
2010-12-31,,,
2011-01-01,,,
2011-01-02,,,
2011-01-03,,,
2011-01-04,,,
2011-01-05,,,
2011-01-06,,,
2011-01-07,,,
2011-01-08,,,
2011-01-09,,,
2011-01-10,,,
2011-01-11,,,
2011-01-12,,,
2011-01-13,,,
2011-01-14,,,
2011-01-15,,,
2011-01-16,,,
2011-01-17,,,
2011-01-18,,,
2011-01-19,,,
2011-01-20,,,
2011-01-21,,,
2011-01-22,,,
2011-01-23,,,
2011-01-24,,,
2011-01-25,,,
2011-01-26,,,
2011-01-27,,,
2011-01-28,,,
2011-01-29,,,
2011-01-30,,,
2011-01-31,,,
2011-02-01,,,
2011-02-02,,,
2011-02-03,,,
2011-02-04,,,
2011-02-05,,,
2011-02-06,,,
2011-02-07,,,
2011-02-08,,,
2011-02-09,,,
2011-02-10,,,
2011-02-11,,,
2011-02-12,,,
2011-02-13,,,
2011-02-14,,,
2011-02-15,,,
2011-02-16,,,
2011-02-17,,,
2011-02-18,,,
2011-02-19,,,
2011-02-20,,,
2011-02-21,,,
2011-02-22,,,
2011-02-23,,,
2011-02-24,,,
2011-02-25,,,
2011-02-26,,,
2011-02-27,,,
2011-02-28,,,
2011-03-01,,,
2011-03-02,,,
2011-03-03,,,
2011-03-04,,,
2011-03-05,,,
2011-03-06,,,
2011-03-07,,,
2011-03-08,,,
2011-03-09,,,
2011-03-10,,,
2011-03-11,,,
2011-03-12,,,
2011-03-13,,,
2011-03-14,,,
2011-03-15,,,
2011-03-16,,,
2011-03-17,,,
2011-03-18,,,
2011-03-19,,,
2011-03-20,,,
2011-03-21,,,
2011-03-22,,,
2011-03-23,,,
2011-03-24,,,
2011-03-25,,,
2011-03-26,,,
2011-03-27,,,
2011-03-28,,,
2011-03-29,,,
2011-03-30,,,
2011-03-31,,,
2011-04-01,,,
2011-04-02,,,
2011-04-03,,,
2011-04-04,,,
2011-04-05,,,
2011-04-06,,,
2011-04-07,,,
2011-04-08,,,
2011-04-09,,,
2011-04-10,,,
2011-04-11,,,
2011-04-12,,,
2011-04-13,,,
2011-04-14,,,
2011-04-15,,,
2011-04-16,,,
2011-04-17,,,
2011-04-18,,,
2011-04-19,,,
2011-04-20,,,
2011-04-21,,,
2011-04-22,,,
2011-04-23,,,
2011-04-24,,,
2011-04-25,,,
2011-04-26,,,
2011-04-27,,,
2011-04-28,,,
2011-04-29,,,
2011-04-30,,,
2011-05-01,,,
2011-05-02,,,
2011-05-03,,,
2011-05-04,,,
2011-05-05,,,
2011-05-06,,,
2011-05-07,,,
2011-05-08,,,
2011-05-09,,,
2011-05-10,,,
2011-05-11,,,
2011-05-12,,,
2011-05-13,,,
2011-05-14,,,
2011-05-15,,,
2011-05-16,,,
2011-05-17,,,
2011-05-18,,,
2011-05-19,,,
2011-05-20,,,
2011-05-21,,,
2011-05-22,,,
2011-05-23,,,
2011-05-24,,,
2011-05-25,,,
2011-05-26,,,
2011-05-27,,,
2011-05-28,,,
2011-05-29,,,
2011-05-30,,,
2011-05-31,,,
2011-06-01,,,
2011-06-02,,,
2011-06-03,,,
2011-06-04,,,
2011-06-05,,,
2011-06-06,,,
2011-06-07,,,
2011-06-08,,,
2011-06-09,,,
2011-06-10,,,
2011-06-11,,,
2011-06-12,,,
2011-06-13,,,
2011-06-14,,,
2011-06-15,,,
2011-06-16,,,
2011-06-17,,,
2011-06-18,,,
2011-06-19,,,
2011-06-20,,,
2011-06-21,,,
2011-06-22,,,
2011-06-23,,,
2011-06-24,,,
2011-06-25,,,
2011-06-26,,,
2011-06-27,,,
2011-06-28,,,
2011-06-29,,,
2011-06-30,,,
2011-07-01,,,
2011-07-02,,,
2011-07-03,,,
2011-07-04,,,
2011-07-05,,,
2011-07-06,,,
2011-07-07,,,
2011-07-08,,,
2011-07-09,,,
2011-07-10,,,
2011-07-11,,,
2011-07-12,,,
2011-07-13,,,
2011-07-14,,,
2011-07-15,,,
2011-07-16,,,
2011-07-17,,,
2011-07-18,,,
2011-07-19,,,
2011-07-20,,,
2011-07-21,,,
2011-07-22,,,
2011-07-23,,,
2011-07-24,,,
2011-07-25,,,
2011-07-26,,,
2011-07-27,,,
2011-07-28,,,
2011-07-29,,,
2011-07-30,,,
2011-07-31,,,
2011-08-01,,,
2011-08-02,,,
2011-08-03,,,
2011-08-04,,,
2011-08-05,,,
2011-08-06,,,
2011-08-07,,,
2011-08-08,,,
2011-08-09,,,
2011-08-10,,,
2011-08-11,,,
2011-08-12,,,
2011-08-13,,,
2011-08-14,,,
2011-08-15,,,
2011-08-16,,,
2011-08-17,,,
2011-08-18,,,
2011-08-19,,,
2011-08-20,,,
2011-08-21,,,
2011-08-22,,,
2011-08-23,,,
2011-08-24,,,
2011-08-25,,,
2011-08-26,,,
2011-08-27,,,
2011-08-28,,,
2011-08-29,,,
2011-08-30,,,
2011-08-31,,,
2011-09-01,,,
2011-09-02,,,
2011-09-03,,,
2011-09-04,,,
2011-09-05,,,
2011-09-06,,,
2011-09-07,,,
2011-09-08,,,
2011-09-09,,,
2011-09-10,,,
2011-09-11,,,
2011-09-12,,,
2011-09-13,,,
2011-09-14,,,
2011-09-15,,,
2011-09-16,,,
2011-09-17,,,
2011-09-18,,,
2011-09-19,,,
2011-09-20,,,
2011-09-21,,,
2011-09-22,,,
2011-09-23,,,
2011-09-24,,,
2011-09-25,,,
2011-09-26,,,
2011-09-27,,,
2011-09-28,,,
2011-09-29,,,
2011-09-30,,,
2011-10-01,,,
2011-10-02,,,
2011-10-03,,,
2011-10-04,,,
2011-10-05,,,
2011-10-06,,,
2011-10-07,,,
2011-10-08,,,
2011-10-09,,,
2011-10-10,,,
2011-10-11,,,
2011-10-12,,,
2011-10-13,,,
2011-10-14,,,
2011-10-15,,,
2011-10-16,,,
2011-10-17,,,
2011-10-18,,,
2011-10-19,,,
2011-10-20,,,
2011-10-21,,,
2011-10-22,,,
2011-10-23,,,
2011-10-24,,,
2011-10-25,,,
2011-10-26,,,
2011-10-27,,,
2011-10-28,,,
2011-10-29,,,
2011-10-30,,,
2011-10-31,,,
2011-11-01,,,
2011-11-02,,,
2011-11-03,,,
2011-11-04,,,
2011-11-05,,,
2011-11-06,,,
2011-11-07,,,
2011-11-08,,,
2011-11-09,,,
2011-11-10,,,
2011-11-11,,,
2011-11-12,,,
2011-11-13,,,
2011-11-14,,,
2011-11-15,,,
2011-11-16,,,
2011-11-17,,,
2011-11-18,,,
2011-11-19,,,
2011-11-20,,,
2011-11-21,,,
2011-11-22,,,
2011-11-23,,,
2011-11-24,,,
2011-11-25,,,
2011-11-26,,,
2011-11-27,,,
2011-11-28,,,
2011-11-29,,,
2011-11-30,,,
2011-12-01,,,
2011-12-02,,,
2011-12-03,,,
2011-12-04,,,
2011-12-05,,,
2011-12-06,,,
2011-12-07,,,
2011-12-08,,,
2011-12-09,,,
2011-12-10,,,
2011-12-11,,,
2011-12-12,,,
2011-12-13,,,
2011-12-14,,,
2011-12-15,,,
2011-12-16,,,
2011-12-17,,,
2011-12-18,,,
2011-12-19,,,
2011-12-20,,,
2011-12-21,,,
2011-12-22,,,
2011-12-23,,,
2011-12-24,,,
2011-12-25,,,
2011-12-26,,,
2011-12-27,,,
2011-12-28,,,
2011-12-29,,,
2011-12-30,,,
2011-12-31,,,
2012-01-01,,,
2012-01-02,,,
2012-01-03,,,
2012-01-04,,,
2012-01-05,,,
2012-01-06,,,
2012-01-07,,,
2012-01-08,,,
2012-01-09,,,
2012-01-10,,,
2012-01-11,,,
2012-01-12,,,
2012-01-13,,,
2012-01-14,,,
2012-01-15,,,
2012-01-16,,,
2012-01-17,,,
2012-01-18,,,
2012-01-19,,,
2012-01-20,,,
2012-01-21,,,
2012-01-22,,,
2012-01-23,,,
2012-01-24,,,
2012-01-25,,,
2012-01-26,,,
2012-01-27,,,
2012-01-28,,,
2012-01-29,,,
2012-01-30,,,
2012-01-31,,,
2012-02-01,,,
2012-02-02,,,
2012-02-03,,,
2012-02-04,,,
2012-02-05,,,
2012-02-06,,,
2012-02-07,,,
2012-02-08,,,
2012-02-09,,,
2012-02-10,,,
2012-02-11,,,
2012-02-12,,,
2012-02-13,,,
2012-02-14,,,
2012-02-15,,,
2012-02-16,,,
2012-02-17,,,
2012-02-18,,,
2012-02-19,,,
2012-02-20,,,
2012-02-21,,,
2012-02-22,,,
2012-02-23,,,
2012-02-24,,,
2012-02-25,,,
2012-02-26,,,
2012-02-27,,,
2012-02-28,,,
2012-02-29,,,
2012-03-01,,,
2012-03-02,,,
2012-03-03,,,
2012-03-04,,,
2012-03-05,,,
2012-03-06,,,
2012-03-07,,,
2012-03-08,,,
2012-03-09,,,
2012-03-10,,,
2012-03-11,,,
2012-03-12,,,
2012-03-13,,,
2012-03-14,,,
2012-03-15,,,
2012-03-16,,,
2012-03-17,,,
2012-03-18,,,
2012-03-19,,,
2012-03-20,,,
2012-03-21,,,
2012-03-22,,,
2012-03-23,,,
2012-03-24,,,
2012-03-25,,,
2012-03-26,,,
2012-03-27,,,
2012-03-28,,,
2012-03-29,,,
2012-03-30,,,
2012-03-31,,,
2012-04-01,,,
2012-04-02,,,
2012-04-03,,,
2012-04-04,,,
2012-04-05,,,
2012-04-06,,,
2012-04-07,,,
2012-04-08,,,
2012-04-09,,,
2012-04-10,,,
2012-04-11,,,
2012-04-12,,,
2012-04-13,,,
2012-04-14,,,
2012-04-15,,,
2012-04-16,,,
2012-04-17,,,
2012-04-18,,,
2012-04-19,,,
2012-04-20,,,
2012-04-21,,,
2012-04-22,,,
2012-04-23,,,
2012-04-24,,,
2012-04-25,,,
2012-04-26,,,
2012-04-27,,,
2012-04-28,,,
2012-04-29,,,
2012-04-30,,,
2012-05-01,,,
2012-05-02,,,
2012-05-03,,,
2012-05-04,,,
2012-05-05,,,
2012-05-06,,,
2012-05-07,,,
2012-05-08,,,
2012-05-09,,,
2012-05-10,,,
2012-05-11,,,
2012-05-12,,,
2012-05-13,,,
2012-05-14,,,
2012-05-15,,,
2012-05-16,,,
2012-05-17,,,
2012-05-18,,,
2012-05-19,,,
2012-05-20,,,
2012-05-21,,,
2012-05-22,,,
2012-05-23,,,
2012-05-24,,,
2012-05-25,,,
2012-05-26,,,
2012-05-27,,,
2012-05-28,,,
2012-05-29,,,
2012-05-30,,,
2012-05-31,,,
2012-06-01,,,
2012-06-02,,,
2012-06-03,,,
2012-06-04,,,
2012-06-05,,,
2012-06-06,,,
2012-06-07,,,
2012-06-08,,,
2012-06-09,,,
2012-06-10,,,
2012-06-11,,,
2012-06-12,,,
2012-06-13,,,
2012-06-14,,,
2012-06-15,,,
2012-06-16,,,
2012-06-17,,,
2012-06-18,,,
2012-06-19,,,
2012-06-20,,,
2012-06-21,,,
2012-06-22,,,
2012-06-23,,,
2012-06-24,,,
2012-06-25,,,
2012-06-26,,,
2012-06-27,,,
2012-06-28,,,
2012-06-29,,,
2012-06-30,,,
2012-07-01,,,
2012-07-02,,,
2012-07-03,,,
2012-07-04,,,
2012-07-05,,,
2012-07-06,,,
2012-07-07,,,
2012-07-08,,,
2012-07-09,,,
2012-07-10,,,
2012-07-11,,,
2012-07-12,,,
2012-07-13,,,
2012-07-14,,,
2012-07-15,,,
2012-07-16,,,
2012-07-17,,,
2012-07-18,,,
2012-07-19,,,
2012-07-20,,,
2012-07-21,,,
2012-07-22,,,
2012-07-23,,,
2012-07-24,,,
2012-07-25,,,
2012-07-26,,,
2012-07-27,,,
2012-07-28,,,
2012-07-29,,,
2012-07-30,,,
2012-07-31,,,
2012-08-01,,,
2012-08-02,,,
2012-08-03,,,
2012-08-04,,,
2012-08-05,,,
2012-08-06,,,
2012-08-07,,,
2012-08-08,,,
2012-08-09,,,
2012-08-10,,,
2012-08-11,,,
2012-08-12,,,
2012-08-13,,,
2012-08-14,,,
2012-08-15,,,
2012-08-16,,,
2012-08-17,,,
2012-08-18,,,
2012-08-19,,,
2012-08-20,,,
2012-08-21,,,
2012-08-22,,,
2012-08-23,,,
2012-08-24,,,
2012-08-25,,,
2012-08-26,,,
2012-08-27,,,
2012-08-28,,,
2012-08-29,,,
2012-08-30,,,
2012-08-31,,,
2012-09-01,,,
2012-09-02,,,
2012-09-03,,,
2012-09-04,,,
2012-09-05,,,
2012-09-06,,,
2012-09-07,,,
2012-09-08,,,
2012-09-09,,,
2012-09-10,,,
2012-09-11,,,
2012-09-12,,,
2012-09-13,,,
2012-09-14,,,
2012-09-15,,,
2012-09-16,,,
2012-09-17,,,
2012-09-18,,,
2012-09-19,,,
2012-09-20,,,
2012-09-21,,,
2012-09-22,,,
2012-09-23,,,
2012-09-24,,,
2012-09-25,,,
2012-09-26,,,
2012-09-27,,,
2012-09-28,,,
2012-09-29,,,
2012-09-30,,,
2012-10-01,,,
2012-10-02,,,
2012-10-03,,,
2012-10-04,,,
2012-10-05,,,
2012-10-06,,,
2012-10-07,,,
2012-10-08,,,
2012-10-09,,,
2012-10-10,,,
2012-10-11,,,
2012-10-12,,,
2012-10-13,,,
2012-10-14,,,
2012-10-15,,,
2012-10-16,,,
2012-10-17,,,
2012-10-18,,,
2012-10-19,,,
2012-10-20,,,
2012-10-21,,,
2012-10-22,,,
2012-10-23,,,
2012-10-24,,,
2012-10-25,,,
2012-10-26,,,
2012-10-27,,,
2012-10-28,,,
2012-10-29,,,
2012-10-30,,,
2012-10-31,,,
2012-11-01,,,
2012-11-02,,,
2012-11-03,,,
2012-11-04,,,
2012-11-05,,,
2012-11-06,,,
2012-11-07,,,
2012-11-08,,,
2012-11-09,,,
2012-11-10,,,
2012-11-11,,,
2012-11-12,,,
2012-11-13,,,
2012-11-14,,,
2012-11-15,,,
2012-11-16,,,
2012-11-17,,,
2012-11-18,,,
2012-11-19,,,
2012-11-20,,,
2012-11-21,,,
2012-11-22,,,
2012-11-23,,,
2012-11-24,,,
2012-11-25,,,
2012-11-26,,,
2012-11-27,,,
2012-11-28,,,
2012-11-29,,,
2012-11-30,,,
2012-12-01,,,
2012-12-02,,,
2012-12-03,,,
2012-12-04,,,
2012-12-05,,,
2012-12-06,,,
2012-12-07,,,
2012-12-08,,,
2012-12-09,,,
2012-12-10,,,
2012-12-11,,,
2012-12-12,,,
2012-12-13,,,
2012-12-14,,,
2012-12-15,,,
2012-12-16,,,
2012-12-17,,,
2012-12-18,,,
2012-12-19,,,
2012-12-20,,,
2012-12-21,,,
2012-12-22,,,
2012-12-23,,,
2012-12-24,,,
2012-12-25,,,
2012-12-26,,,
2012-12-27,,,
2012-12-28,,,
2012-12-29,,,
2012-12-30,,,
2012-12-31,,,
2013-01-01,,,
2013-01-02,,,
2013-01-03,,,
2013-01-04,,,
2013-01-05,,,
2013-01-06,,,
2013-01-07,,,
2013-01-08,,,
2013-01-09,,,
2013-01-10,,,
2013-01-11,,,
2013-01-12,,,
2013-01-13,,,
2013-01-14,,,
2013-01-15,,,
2013-01-16,,,
2013-01-17,,,
2013-01-18,,,
2013-01-19,,,
2013-01-20,,,
2013-01-21,,,
2013-01-22,,,
2013-01-23,,,
2013-01-24,,,
2013-01-25,,,
2013-01-26,,,
2013-01-27,,,
2013-01-28,,,
2013-01-29,,,
2013-01-30,,,
2013-01-31,,,
2013-02-01,,,
2013-02-02,,,
2013-02-03,,,
2013-02-04,,,
2013-02-05,,,
2013-02-06,,,
2013-02-07,,,
2013-02-08,,,
2013-02-09,,,
2013-02-10,,,
2013-02-11,,,
2013-02-12,,,
2013-02-13,,,
2013-02-14,,,
2013-02-15,,,
2013-02-16,,,
2013-02-17,,,
2013-02-18,,,
2013-02-19,,,
2013-02-20,,,
2013-02-21,,,
2013-02-22,,,
2013-02-23,,,
2013-02-24,,,
2013-02-25,,,
2013-02-26,,,
2013-02-27,,,
2013-02-28,,,
2013-03-01,,,
2013-03-02,,,
2013-03-03,,,
2013-03-04,,,
2013-03-05,,,
2013-03-06,,,
2013-03-07,,,
2013-03-08,,,
2013-03-09,,,
2013-03-10,,,
2013-03-11,,,
2013-03-12,,,
2013-03-13,,,
2013-03-14,,,
2013-03-15,,,
2013-03-16,,,
2013-03-17,,,
2013-03-18,,,
2013-03-19,,,
2013-03-20,,,
2013-03-21,,,
2013-03-22,,,
2013-03-23,,,
2013-03-24,,,
2013-03-25,,,
2013-03-26,,,
2013-03-27,,,
2013-03-28,,,
2013-03-29,,,
2013-03-30,,,
2013-03-31,,,
2013-04-01,,,
2013-04-02,,,
2013-04-03,,,
2013-04-04,,,
2013-04-05,,,
2013-04-06,,,
2013-04-07,,,
2013-04-08,,,
2013-04-09,,,
2013-04-10,,,
2013-04-11,,,
2013-04-12,,,
2013-04-13,,,
2013-04-14,,,
2013-04-15,,,
2013-04-16,,,
2013-04-17,,,
2013-04-18,,,
2013-04-19,,,
2013-04-20,,,
2013-04-21,,,
2013-04-22,,,
2013-04-23,,,
2013-04-24,,,
2013-04-25,,,
2013-04-26,,,
2013-04-27,,,
2013-04-28,,,
2013-04-29,,,
2013-04-30,,,
2013-05-01,,,
2013-05-02,,,
2013-05-03,,,
2013-05-04,,,
2013-05-05,,,
2013-05-06,,,
2013-05-07,,,
2013-05-08,,,
2013-05-09,,,
2013-05-10,,,
2013-05-11,,,
2013-05-12,,,
2013-05-13,,,
2013-05-14,,,
2013-05-15,,,
2013-05-16,,,
2013-05-17,,,
2013-05-18,,,
2013-05-19,,,
2013-05-20,,,
2013-05-21,,,
2013-05-22,,,
2013-05-23,,,
2013-05-24,,,
2013-05-25,,,
2013-05-26,,,
2013-05-27,,,
2013-05-28,,,
2013-05-29,,,
2013-05-30,,,
2013-05-31,,,
2013-06-01,,,
2013-06-02,,,
2013-06-03,,,
2013-06-04,,,
2013-06-05,,,
2013-06-06,,,
2013-06-07,,,
2013-06-08,,,
2013-06-09,,,
2013-06-10,,,
2013-06-11,,,
2013-06-12,,,
2013-06-13,,,
2013-06-14,,,
2013-06-15,,,
2013-06-16,,,
2013-06-17,,,
2013-06-18,,,
2013-06-19,,,
2013-06-20,,,
2013-06-21,,,
2013-06-22,,,
2013-06-23,,,
2013-06-24,,,
2013-06-25,,,
2013-06-26,,,
2013-06-27,,,
2013-06-28,,,
2013-06-29,,,
2013-06-30,,,
2013-07-01,,,
2013-07-02,,,
2013-07-03,,,
2013-07-04,,,
2013-07-05,,,
2013-07-06,,,
2013-07-07,,,
2013-07-08,,,
2013-07-09,,,
2013-07-10,,,
2013-07-11,,,
2013-07-12,,,
2013-07-13,,,
2013-07-14,,,
2013-07-15,,,
2013-07-16,,,
2013-07-17,,,
2013-07-18,,,
2013-07-19,,,
2013-07-20,,,
2013-07-21,,,
2013-07-22,,,
2013-07-23,,,
2013-07-24,,,
2013-07-25,,,
2013-07-26,,,
2013-07-27,,,
2013-07-28,,,
2013-07-29,,,
2013-07-30,,,
2013-07-31,,,
2013-08-01,,,
2013-08-02,,,
2013-08-03,,,
2013-08-04,,,
2013-08-05,,,
2013-08-06,,,
2013-08-07,,,
2013-08-08,,,
2013-08-09,,,
2013-08-10,,,
2013-08-11,,,
2013-08-12,,,
2013-08-13,,,
2013-08-14,,,
2013-08-15,,,
2013-08-16,,,
2013-08-17,,,
2013-08-18,,,
2013-08-19,,,
2013-08-20,,,
2013-08-21,,,
2013-08-22,,,
2013-08-23,,,
2013-08-24,,,
2013-08-25,,,
2013-08-26,,,
2013-08-27,,,
2013-08-28,,,
2013-08-29,,,
2013-08-30,,,
2013-08-31,,,
2013-09-01,,,
2013-09-02,,,
2013-09-03,,,
2013-09-04,,,
2013-09-05,,,
2013-09-06,,,
2013-09-07,,,
2013-09-08,,,
2013-09-09,,,
2013-09-10,,,
2013-09-11,,,
2013-09-12,,,
2013-09-13,,,
2013-09-14,,,
2013-09-15,,,
2013-09-16,,,
2013-09-17,,,
2013-09-18,,,
2013-09-19,,,
2013-09-20,,,
2013-09-21,,,
2013-09-22,,,
2013-09-23,,,
2013-09-24,,,
2013-09-25,,,
2013-09-26,,,
2013-09-27,,,
2013-09-28,,,
2013-09-29,,,
2013-09-30,,,
2013-10-01,,,
2013-10-02,,,
2013-10-03,,,
2013-10-04,,,
2013-10-05,,,
2013-10-06,,,
2013-10-07,,,
2013-10-08,,,
2013-10-09,,,
2013-10-10,,,
2013-10-11,,,
2013-10-12,,,
2013-10-13,,,
2013-10-14,,,
2013-10-15,,,
2013-10-16,,,
2013-10-17,,,
2013-10-18,,,
2013-10-19,,,
2013-10-20,,,
2013-10-21,,,
2013-10-22,,,
2013-10-23,,,
2013-10-24,,,
2013-10-25,,,
2013-10-26,,,
2013-10-27,,,
2013-10-28,,,
2013-10-29,,,
2013-10-30,,,
2013-10-31,,,
2013-11-01,,,
2013-11-02,,,
2013-11-03,,,
2013-11-04,,,
2013-11-05,,,
2013-11-06,,,
2013-11-07,,,
2013-11-08,,,
2013-11-09,,,
2013-11-10,,,
2013-11-11,,,
2013-11-12,,,
2013-11-13,,,
2013-11-14,,,
2013-11-15,,,
2013-11-16,,,
2013-11-17,,,
2013-11-18,,,
2013-11-19,,,
2013-11-20,,,
2013-11-21,,,
2013-11-22,,,
2013-11-23,,,
2013-11-24,,,
2013-11-25,,,
2013-11-26,,,
2013-11-27,,,
2013-11-28,,,
2013-11-29,,,
2013-11-30,,,
2013-12-01,,,
2013-12-02,,,
2013-12-03,,,
2013-12-04,,,
2013-12-05,,,
2013-12-06,,,
2013-12-07,,,
2013-12-08,,,
2013-12-09,,,
2013-12-10,,,
2013-12-11,,,
2013-12-12,,,
2013-12-13,,,
2013-12-14,,,
2013-12-15,,,
2013-12-16,,,
2013-12-17,,,
2013-12-18,,,
2013-12-19,,,
2013-12-20,,,
2013-12-21,,,
2013-12-22,,,
2013-12-23,,,
2013-12-24,,,
2013-12-25,,,
2013-12-26,,,
2013-12-27,,,
2013-12-28,,,
2013-12-29,,,
2013-12-30,,,
2013-12-31,,,
2014-01-01,,,
2014-01-02,,,
2014-01-03,,,
2014-01-04,,,
2014-01-05,,,
2014-01-06,,,
2014-01-07,,,
2014-01-08,,,
2014-01-09,,,
2014-01-10,,,
2014-01-11,,,
2014-01-12,,,
2014-01-13,,,
2014-01-14,,,
2014-01-15,,,
2014-01-16,,,
2014-01-17,,,
2014-01-18,,,
2014-01-19,,,
2014-01-20,,,
2014-01-21,,,
2014-01-22,,,
2014-01-23,,,
2014-01-24,,,
2014-01-25,,,
2014-01-26,,,
2014-01-27,,,
2014-01-28,,,
2014-01-29,,,
2014-01-30,,,
2014-01-31,,,
2014-02-01,,,
2014-02-02,,,
2014-02-03,,,
2014-02-04,,,
2014-02-05,,,
2014-02-06,,,
2014-02-07,,,
2014-02-08,,,
2014-02-09,,,
2014-02-10,,,
2014-02-11,,,
2014-02-12,,,
2014-02-13,,,
2014-02-14,,,
2014-02-15,,,
2014-02-16,,,
2014-02-17,,,
2014-02-18,,,
2014-02-19,,,
2014-02-20,,,
2014-02-21,,,
2014-02-22,,,
2014-02-23,,,
2014-02-24,,,
2014-02-25,,,
2014-02-26,,,
2014-02-27,,,
2014-02-28,,,
2014-03-01,,,
2014-03-02,,,
2014-03-03,,,
2014-03-04,,,
2014-03-05,,,
2014-03-06,,,
2014-03-07,,,
2014-03-08,,,
2014-03-09,,,
2014-03-10,,,
2014-03-11,,,
2014-03-12,,,
2014-03-13,,,
2014-03-14,,,
2014-03-15,,,
2014-03-16,,,
2014-03-17,,,
2014-03-18,,,
2014-03-19,,,
2014-03-20,,,
2014-03-21,,,
2014-03-22,,,
2014-03-23,,,
2014-03-24,,,
2014-03-25,,,
2014-03-26,,,
2014-03-27,,,
2014-03-28,,,
2014-03-29,,,
2014-03-30,,,
2014-03-31,,,
2014-04-01,,,
2014-04-02,,,
2014-04-03,,,
2014-04-04,,,
2014-04-05,,,
2014-04-06,,,
2014-04-07,,,
2014-04-08,,,
2014-04-09,,,
2014-04-10,,,
2014-04-11,,,
2014-04-12,,,
2014-04-13,,,
2014-04-14,,,
2014-04-15,,,
2014-04-16,,,
2014-04-17,,,
2014-04-18,,,
2014-04-19,,,
2014-04-20,,,
2014-04-21,,,
2014-04-22,,,
2014-04-23,,,
2014-04-24,,,
2014-04-25,,,
2014-04-26,,,
2014-04-27,,,
2014-04-28,,,
2014-04-29,,,
2014-04-30,,,
2014-05-01,,,
2014-05-02,,,
2014-05-03,,,
2014-05-04,,,
2014-05-05,,,
2014-05-06,,,
2014-05-07,,,
2014-05-08,,,
2014-05-09,,,
2014-05-10,,,
2014-05-11,,,
2014-05-12,,,
2014-05-13,,,
2014-05-14,,,
2014-05-15,,,
2014-05-16,,,
2014-05-17,,,
2014-05-18,,,
2014-05-19,,,
2014-05-20,,,
2014-05-21,,,
2014-05-22,,,
2014-05-23,,,
2014-05-24,,,
2014-05-25,,,
2014-05-26,,,
2014-05-27,,,
2014-05-28,,,
2014-05-29,,,
2014-05-30,,,
2014-05-31,,,
2014-06-01,,,
2014-06-02,,,
2014-06-03,,,
2014-06-04,,,
2014-06-05,,,
2014-06-06,,,
2014-06-07,,,
2014-06-08,,,
2014-06-09,,,
2014-06-10,,,
2014-06-11,,,
2014-06-12,,,
2014-06-13,,,
2014-06-14,,,
2014-06-15,,,
2014-06-16,,,
2014-06-17,,,
2014-06-18,,,
2014-06-19,,,
2014-06-20,,,
2014-06-21,,,
2014-06-22,,,
2014-06-23,,,
2014-06-24,,,
2014-06-25,,,
2014-06-26,,,
2014-06-27,,,
2014-06-28,,,
2014-06-29,,,
2014-06-30,,,
2014-07-01,,,
2014-07-02,,,
2014-07-03,,,
2014-07-04,,,
2014-07-05,,,
2014-07-06,,,
2014-07-07,,,
2014-07-08,,,
2014-07-09,,,
2014-07-10,,,
2014-07-11,,,
2014-07-12,,,
2014-07-13,,,
2014-07-14,,,
2014-07-15,,,
2014-07-16,,,
2014-07-17,,,
2014-07-18,,,
2014-07-19,,,
2014-07-20,,,
2014-07-21,,,
2014-07-22,,,
2014-07-23,,,
2014-07-24,,,
2014-07-25,,,
2014-07-26,,,
2014-07-27,,,
2014-07-28,,,
2014-07-29,,,
2014-07-30,,,
2014-07-31,,,
2014-08-01,,,
2014-08-02,,,
2014-08-03,,,
2014-08-04,,,
2014-08-05,,,
2014-08-06,,,
2014-08-07,,,
2014-08-08,,,
2014-08-09,,,
2014-08-10,,,
2014-08-11,,,
2014-08-12,,,
2014-08-13,,,
2014-08-14,,,
2014-08-15,,,
2014-08-16,,,
2014-08-17,,,
2014-08-18,,,
2014-08-19,,,
2014-08-20,,,
2014-08-21,,,
2014-08-22,,,
2014-08-23,,,
2014-08-24,,,
2014-08-25,,,
2014-08-26,,,
2014-08-27,,,
2014-08-28,,,
2014-08-29,,,
2014-08-30,,,
2014-08-31,,,
2014-09-01,,,
2014-09-02,,,
2014-09-03,,,
2014-09-04,,,
2014-09-05,,,
2014-09-06,,,
2014-09-07,,,
2014-09-08,,,
2014-09-09,,,
2014-09-10,,,
2014-09-11,,,
2014-09-12,,,
2014-09-13,,,
2014-09-14,,,
2014-09-15,,,
2014-09-16,,,
2014-09-17,,,
2014-09-18,,,
2014-09-19,,,
2014-09-20,,,
2014-09-21,,,
2014-09-22,,,
2014-09-23,,,
2014-09-24,,,
2014-09-25,,,
2014-09-26,,,
2014-09-27,,,
2014-09-28,,,
2014-09-29,,,
2014-09-30,,,
2014-10-01,,,
2014-10-02,,,
2014-10-03,,,
2014-10-04,,,
2014-10-05,,,
2014-10-06,,,
2014-10-07,,,
2014-10-08,,,
2014-10-09,,,
2014-10-10,,,
2014-10-11,,,
2014-10-12,,,
2014-10-13,,,
2014-10-14,,,
2014-10-15,,,
2014-10-16,,,
2014-10-17,,,
2014-10-18,,,
2014-10-19,,,
2014-10-20,,,
2014-10-21,,,
2014-10-22,,,
2014-10-23,,,
2014-10-24,,,
2014-10-25,,,
2014-10-26,,,
2014-10-27,,,
2014-10-28,,,
2014-10-29,,,
2014-10-30,,,
2014-10-31,,,
2014-11-01,,,
2014-11-02,,,
2014-11-03,,,
2014-11-04,,,
2014-11-05,,,
2014-11-06,,,
2014-11-07,,,
2014-11-08,,,
2014-11-09,,,
2014-11-10,,,
2014-11-11,,,
2014-11-12,,,
2014-11-13,,,
2014-11-14,,,
2014-11-15,,,
2014-11-16,,,
2014-11-17,,,
2014-11-18,,,
2014-11-19,,,
2014-11-20,,,
2014-11-21,,,
2014-11-22,,,
2014-11-23,,,
2014-11-24,,,
2014-11-25,,,
2014-11-26,,,
2014-11-27,,,
2014-11-28,,,
2014-11-29,,,
2014-11-30,,,
2014-12-01,,,
2014-12-02,,,
2014-12-03,,,
2014-12-04,,,
2014-12-05,,,
2014-12-06,,,
2014-12-07,,,
2014-12-08,,,
2014-12-09,,,
2014-12-10,,,
2014-12-11,,,
2014-12-12,,,
2014-12-13,,,
2014-12-14,,,
2014-12-15,,,
2014-12-16,,,
2014-12-17,,,
2014-12-18,,,
2014-12-19,,,
2014-12-20,,,
2014-12-21,,,
2014-12-22,,,
2014-12-23,,,
2014-12-24,,,
2014-12-25,,,
2014-12-26,,,
2014-12-27,,,
2014-12-28,,,
2014-12-29,,,
2014-12-30,,,
2014-12-31,,,
2015-01-01,,,
2015-01-02,,,
2015-01-03,,,
2015-01-04,,,
2015-01-05,,,
2015-01-06,,,
2015-01-07,,,
2015-01-08,,,
2015-01-09,,,
2015-01-10,,,
2015-01-11,,,
2015-01-12,,,
2015-01-13,,,
2015-01-14,,,
2015-01-15,,,
2015-01-16,,,
2015-01-17,,,
2015-01-18,,,
2015-01-19,,,
2015-01-20,,,
2015-01-21,,,
2015-01-22,,,
2015-01-23,,,
2015-01-24,,,
2015-01-25,,,
2015-01-26,,,
2015-01-27,,,
2015-01-28,,,
2015-01-29,,,
2015-01-30,,,
2015-01-31,,,
2015-02-01,,,
2015-02-02,,,
2015-02-03,,,
2015-02-04,,,
2015-02-05,,,
2015-02-06,,,
2015-02-07,,,
2015-02-08,,,
2015-02-09,,,
2015-02-10,,,
2015-02-11,,,
2015-02-12,,,
2015-02-13,,,
2015-02-14,,,
2015-02-15,,,
2015-02-16,,,
2015-02-17,,,
2015-02-18,,,
2015-02-19,,,
2015-02-20,,,
2015-02-21,,,
2015-02-22,,,
2015-02-23,,,
2015-02-24,,,
2015-02-25,,,
2015-02-26,,,
2015-02-27,,,
2015-02-28,,,
2015-03-01,,,
2015-03-02,,,
2015-03-03,,,
2015-03-04,,,
2015-03-05,,,
2015-03-06,,,
2015-03-07,,,
2015-03-08,,,
2015-03-09,,,
2015-03-10,,,
2015-03-11,,,
2015-03-12,,,
2015-03-13,,,
2015-03-14,,,
2015-03-15,,,
2015-03-16,,,
2015-03-17,,,
2015-03-18,,,
2015-03-19,,,
2015-03-20,,,
2015-03-21,,,
2015-03-22,,,
2015-03-23,,,
2015-03-24,,,
2015-03-25,,,
2015-03-26,,,
2015-03-27,,,
2015-03-28,,,
2015-03-29,,,
2015-03-30,,,
2015-03-31,,,
2015-04-01,,,
2015-04-02,,,
2015-04-03,,,
2015-04-04,,,
2015-04-05,,,
2015-04-06,,,
2015-04-07,,,
2015-04-08,,,
2015-04-09,,,
2015-04-10,,,
2015-04-11,,,
2015-04-12,,,
2015-04-13,,,
2015-04-14,,,
2015-04-15,,,
2015-04-16,,,
2015-04-17,,,
2015-04-18,,,
2015-04-19,,,
2015-04-20,,,
2015-04-21,,,
2015-04-22,,,
2015-04-23,,,
2015-04-24,,,
2015-04-25,,,
2015-04-26,,,
2015-04-27,,,
2015-04-28,,,
2015-04-29,,,
2015-04-30,,,
2015-05-01,,,
2015-05-02,,,
2015-05-03,,,
2015-05-04,,,
2015-05-05,,,
2015-05-06,,,
2015-05-07,,,
2015-05-08,,,
2015-05-09,,,
2015-05-10,,,
2015-05-11,,,
2015-05-12,,,
2015-05-13,,,
2015-05-14,,,
2015-05-15,,,
2015-05-16,,,
2015-05-17,,,
2015-05-18,,,
2015-05-19,,,
2015-05-20,,,
2015-05-21,,,
2015-05-22,,,
2015-05-23,,,
2015-05-24,,,
2015-05-25,,,
2015-05-26,,,
2015-05-27,,,
2015-05-28,,,
2015-05-29,,,
2015-05-30,,,
2015-05-31,,,
2015-06-01,,,
2015-06-02,,,
2015-06-03,,,
2015-06-04,,,
2015-06-05,,,
2015-06-06,,,
2015-06-07,,,
2015-06-08,,,
2015-06-09,,,
2015-06-10,,,
2015-06-11,,,
2015-06-12,,,
2015-06-13,,,
2015-06-14,,,
2015-06-15,,,
2015-06-16,,,
2015-06-17,,,
2015-06-18,,,
2015-06-19,,,
2015-06-20,,,
2015-06-21,,,
2015-06-22,,,
2015-06-23,,,
2015-06-24,,,
2015-06-25,,,
2015-06-26,,,
2015-06-27,,,
2015-06-28,,,
2015-06-29,,,
2015-06-30,,,
2015-07-01,,,
2015-07-02,,,
2015-07-03,,,
2015-07-04,,,
2015-07-05,,,
2015-07-06,,,
2015-07-07,,,
2015-07-08,,,
2015-07-09,,,
2015-07-10,,,
2015-07-11,,,
2015-07-12,,,
2015-07-13,,,
2015-07-14,,,
2015-07-15,,,
2015-07-16,,,
2015-07-17,,,
2015-07-18,,,
2015-07-19,,,
2015-07-20,,,
2015-07-21,,,
2015-07-22,,,
2015-07-23,,,
2015-07-24,,,
2015-07-25,,,
2015-07-26,,,
2015-07-27,,,
2015-07-28,,,
2015-07-29,,,
2015-07-30,,,
2015-07-31,,,
2015-08-01,,,
2015-08-02,,,
2015-08-03,,,
2015-08-04,,,
2015-08-05,,,
2015-08-06,,,
2015-08-07,,,
2015-08-08,,,
2015-08-09,,,
2015-08-10,,,
2015-08-11,,,
2015-08-12,,,
2015-08-13,,,
2015-08-14,,,
2015-08-15,,,
2015-08-16,,,
2015-08-17,,,
2015-08-18,,,
2015-08-19,,,
2015-08-20,,,
2015-08-21,,,
2015-08-22,,,
2015-08-23,,,
2015-08-24,,,
2015-08-25,,,
2015-08-26,,,
2015-08-27,,,
2015-08-28,,,
2015-08-29,,,
2015-08-30,,,
2015-08-31,,,
2015-09-01,,,
2015-09-02,,,
2015-09-03,,,
2015-09-04,,,
2015-09-05,,,
2015-09-06,,,
2015-09-07,,,
2015-09-08,,,
2015-09-09,,,
2015-09-10,,,
2015-09-11,,,
2015-09-12,,,
2015-09-13,,,
2015-09-14,,,
2015-09-15,,,
2015-09-16,,,
2015-09-17,,,
2015-09-18,,,
2015-09-19,,,
2015-09-20,,,
2015-09-21,,,
2015-09-22,,,
2015-09-23,,,
2015-09-24,,,
2015-09-25,,,
2015-09-26,,,
2015-09-27,,,
2015-09-28,,,
2015-09-29,,,
2015-09-30,,,
2015-10-01,,,
2015-10-02,,,
2015-10-03,,,
2015-10-04,,,
2015-10-05,,,
2015-10-06,,,
2015-10-07,,,
2015-10-08,,,
2015-10-09,,,
2015-10-10,,,
2015-10-11,,,
2015-10-12,,,
2015-10-13,,,
2015-10-14,,,
2015-10-15,,,
2015-10-16,,,
2015-10-17,,,
2015-10-18,,,
2015-10-19,,,
2015-10-20,,,
2015-10-21,,,
2015-10-22,,,
2015-10-23,,,
2015-10-24,,,
2015-10-25,,,
2015-10-26,,,
2015-10-27,,,
2015-10-28,,,
2015-10-29,,,
2015-10-30,,,
2015-10-31,,,
2015-11-01,,,
2015-11-02,,,
2015-11-03,,,
2015-11-04,,,
2015-11-05,,,
2015-11-06,,,
2015-11-07,,,
2015-11-08,,,
2015-11-09,,,
2015-11-10,,,
2015-11-11,,,
2015-11-12,,,
2015-11-13,,,
2015-11-14,,,
2015-11-15,,,
2015-11-16,,,
2015-11-17,,,
2015-11-18,,,
2015-11-19,,,
2015-11-20,,,
2015-11-21,,,
2015-11-22,,,
2015-11-23,,,
2015-11-24,,,
2015-11-25,,,
2015-11-26,,,
2015-11-27,,,
2015-11-28,,,
2015-11-29,,,
2015-11-30,,,
2015-12-01,,,
2015-12-02,,,
2015-12-03,,,
2015-12-04,,,
2015-12-05,,,
2015-12-06,,,
2015-12-07,,,
2015-12-08,,,
2015-12-09,,,
2015-12-10,,,
2015-12-11,,,
2015-12-12,,,
2015-12-13,,,
2015-12-14,,,
2015-12-15,,,
2015-12-16,,,
2015-12-17,,,
2015-12-18,,,
2015-12-19,,,
2015-12-20,,,
2015-12-21,,,
2015-12-22,,,
2015-12-23,,,
2015-12-24,,,
2015-12-25,,,
2015-12-26,,,
2015-12-27,,,
2015-12-28,,,
2015-12-29,,,
2015-12-30,,,
2015-12-31,,,
2016-01-01,,,
2016-01-02,,,
2016-01-03,,,
2016-01-04,,,
2016-01-05,,,
2016-01-06,,,
2016-01-07,,,
2016-01-08,,,
2016-01-09,,,
2016-01-10,,,
2016-01-11,,,
2016-01-12,,,
2016-01-13,,,
2016-01-14,,,
2016-01-15,,,
2016-01-16,,,
2016-01-17,,,
2016-01-18,,,
2016-01-19,,,
2016-01-20,,,
2016-01-21,,,
2016-01-22,,,
2016-01-23,,,
2016-01-24,,,
2016-01-25,,,
2016-01-26,,,
2016-01-27,,,
2016-01-28,,,
2016-01-29,,,
2016-01-30,,,
2016-01-31,,,
2016-02-01,,,
2016-02-02,,,
2016-02-03,,,
2016-02-04,,,
2016-02-05,,,
2016-02-06,,,
2016-02-07,,,
2016-02-08,,,
2016-02-09,,,
2016-02-10,,,
2016-02-11,,,
2016-02-12,,,
2016-02-13,,,
2016-02-14,,,
2016-02-15,,,
2016-02-16,,,
2016-02-17,,,
2016-02-18,,,
2016-02-19,,,
2016-02-20,,,
2016-02-21,,,
2016-02-22,,,
2016-02-23,,,
2016-02-24,,,
2016-02-25,,,
2016-02-26,,,
2016-02-27,,,
2016-02-28,,,
2016-02-29,,,
2016-03-01,,,
2016-03-02,,,
2016-03-03,,,
2016-03-04,,,
2016-03-05,,,
2016-03-06,,,
2016-03-07,,,
2016-03-08,,,
2016-03-09,,,
2016-03-10,,,
2016-03-11,,,
2016-03-12,,,
2016-03-13,,,
2016-03-14,,,
2016-03-15,,,
2016-03-16,,,
2016-03-17,,,
2016-03-18,,,
2016-03-19,,,
2016-03-20,,,
2016-03-21,,,
2016-03-22,,,
2016-03-23,,,
2016-03-24,,,
2016-03-25,,,
2016-03-26,,,
2016-03-27,,,
2016-03-28,,,
2016-03-29,,,
2016-03-30,,,
2016-03-31,,,
2016-04-01,,,
2016-04-02,,,
2016-04-03,,,
2016-04-04,,,
2016-04-05,,,
2016-04-06,,,
2016-04-07,,,
2016-04-08,,,
2016-04-09,,,
2016-04-10,,,
2016-04-11,,,
2016-04-12,,,
2016-04-13,,,
2016-04-14,,,
2016-04-15,,,
2016-04-16,,,
2016-04-17,,,
2016-04-18,,,
2016-04-19,,,
2016-04-20,,,
2016-04-21,,,
2016-04-22,,,
2016-04-23,,,
2016-04-24,,,
2016-04-25,,,
2016-04-26,,,
2016-04-27,,,
2016-04-28,,,
2016-04-29,,,
2016-04-30,,,
2016-05-01,,,
2016-05-02,,,
2016-05-03,,,
2016-05-04,,,
2016-05-05,,,
2016-05-06,,,
2016-05-07,,,
2016-05-08,,,
2016-05-09,,,
2016-05-10,,,
2016-05-11,,,
2016-05-12,,,
2016-05-13,,,
2016-05-14,,,
2016-05-15,,,
2016-05-16,,,
2016-05-17,,,
2016-05-18,,,
2016-05-19,,,
2016-05-20,,,
2016-05-21,,,
2016-05-22,,,
2016-05-23,,,
2016-05-24,,,
2016-05-25,,,
2016-05-26,,,
2016-05-27,,,
2016-05-28,,,
2016-05-29,,,
2016-05-30,,,
2016-05-31,,,
2016-06-01,,,
2016-06-02,,,
2016-06-03,,,
2016-06-04,,,
2016-06-05,,,
2016-06-06,,,
2016-06-07,,,
2016-06-08,,,
2016-06-09,,,
2016-06-10,,,
2016-06-11,,,
2016-06-12,,,
2016-06-13,,,
2016-06-14,,,
2016-06-15,,,
2016-06-16,,,
2016-06-17,,,
2016-06-18,,,
2016-06-19,,,
2016-06-20,,,
2016-06-21,,,
2016-06-22,,,
2016-06-23,,,
2016-06-24,,,
2016-06-25,,,
2016-06-26,,,
2016-06-27,,,
2016-06-28,,,
2016-06-29,,,
2016-06-30,,,
2016-07-01,,,
2016-07-02,,,
2016-07-03,,,
2016-07-04,,,
2016-07-05,,,
2016-07-06,,,
2016-07-07,,,
2016-07-08,,,
2016-07-09,,,
2016-07-10,,,
2016-07-11,,,
2016-07-12,,,
2016-07-13,,,
2016-07-14,,,
2016-07-15,,,
2016-07-16,,,
2016-07-17,,,
2016-07-18,,,
2016-07-19,,,
2016-07-20,,,
2016-07-21,,,
2016-07-22,,,
2016-07-23,,,
2016-07-24,,,
2016-07-25,,,
2016-07-26,,,
2016-07-27,,,
2016-07-28,,,
2016-07-29,,,
2016-07-30,,,
2016-07-31,,,
2016-08-01,,,
2016-08-02,,,
2016-08-03,,,
2016-08-04,,,
2016-08-05,,,
2016-08-06,,,
2016-08-07,,,
2016-08-08,,,
2016-08-09,,,
2016-08-10,,,
2016-08-11,,,
2016-08-12,,,
2016-08-13,,,
2016-08-14,,,
2016-08-15,,,
2016-08-16,,,
2016-08-17,,,
2016-08-18,,,
2016-08-19,,,
2016-08-20,,,
2016-08-21,,,
2016-08-22,,,
2016-08-23,,,
2016-08-24,,,
2016-08-25,,,
2016-08-26,,,
2016-08-27,,,
2016-08-28,,,
2016-08-29,,,
2016-08-30,,,
2016-08-31,,,
2016-09-01,,,
2016-09-02,,,
2016-09-03,,,
2016-09-04,,,
2016-09-05,,,
2016-09-06,,,
2016-09-07,,,
2016-09-08,,,
2016-09-09,,,
2016-09-10,,,
2016-09-11,,,
2016-09-12,,,
2016-09-13,,,
2016-09-14,,,
2016-09-15,,,
2016-09-16,,,
2016-09-17,,,
2016-09-18,,,
2016-09-19,,,
2016-09-20,,,
2016-09-21,,,
2016-09-22,,,
2016-09-23,,,
2016-09-24,,,
2016-09-25,,,
2016-09-26,,,
2016-09-27,,,
2016-09-28,,,
2016-09-29,,,
2016-09-30,,,
2016-10-01,,,
2016-10-02,,,
2016-10-03,,,
2016-10-04,,,
2016-10-05,,,
2016-10-06,,,
2016-10-07,,,
2016-10-08,,,
2016-10-09,,,
2016-10-10,,,
2016-10-11,,,
2016-10-12,,,
2016-10-13,,,
2016-10-14,,,
2016-10-15,,,
2016-10-16,,,
2016-10-17,,,
2016-10-18,,,
2016-10-19,,,
2016-10-20,,,
2016-10-21,,,
2016-10-22,,,
2016-10-23,,,
2016-10-24,,,
2016-10-25,,,
2016-10-26,,,
2016-10-27,,,
2016-10-28,,,
2016-10-29,,,
2016-10-30,,,
2016-10-31,,,
2016-11-01,,,
2016-11-02,,,
2016-11-03,,,
2016-11-04,,,
2016-11-05,,,
2016-11-06,,,
2016-11-07,,,
2016-11-08,,,
2016-11-09,,,
2016-11-10,,,
2016-11-11,,,
2016-11-12,,,
2016-11-13,,,
2016-11-14,,,
2016-11-15,,,
2016-11-16,,,
2016-11-17,,,
2016-11-18,,,
2016-11-19,,,
2016-11-20,,,
2016-11-21,,,
2016-11-22,,,
2016-11-23,,,
2016-11-24,,,
2016-11-25,,,
2016-11-26,,,
2016-11-27,,,
2016-11-28,,,
2016-11-29,,,
2016-11-30,,,
2016-12-01,,,
2016-12-02,,,
2016-12-03,,,
2016-12-04,,,
2016-12-05,,,
2016-12-06,,,
2016-12-07,,,
2016-12-08,,,
2016-12-09,,,
2016-12-10,,,
2016-12-11,,,
2016-12-12,,,
2016-12-13,,,
2016-12-14,,,
2016-12-15,,,
2016-12-16,,,
2016-12-17,,,
2016-12-18,,,
2016-12-19,,,
2016-12-20,,,
2016-12-21,,,
2016-12-22,,,
2016-12-23,,,
2016-12-24,,,
2016-12-25,,,
2016-12-26,,,
2016-12-27,,,
2016-12-28,,,
2016-12-29,,,
2016-12-30,,,
2016-12-31,,,
2017-01-01,,,
2017-01-02,,,
2017-01-03,,,
2017-01-04,,,
2017-01-05,,,
2017-01-06,,,
2017-01-07,,,
2017-01-08,,,
2017-01-09,,,
2017-01-10,,,
2017-01-11,,,
2017-01-12,,,
2017-01-13,,,
2017-01-14,,,
2017-01-15,,,
2017-01-16,,,
2017-01-17,,,
2017-01-18,,,
2017-01-19,,,
2017-01-20,,,
2017-01-21,,,
2017-01-22,,,
2017-01-23,,,
2017-01-24,,,
2017-01-25,,,
2017-01-26,,,
2017-01-27,,,
2017-01-28,,,
2017-01-29,,,
2017-01-30,,,
2017-01-31,,,
2017-02-01,,,
2017-02-02,,,
2017-02-03,,,
2017-02-04,,,
2017-02-05,,,
2017-02-06,,,
2017-02-07,,,
2017-02-08,,,
2017-02-09,,,
2017-02-10,,,
2017-02-11,,,
2017-02-12,,,
2017-02-13,,,
2017-02-14,,,
2017-02-15,,,
2017-02-16,,,
2017-02-17,,,
2017-02-18,,,
2017-02-19,,,
2017-02-20,,,
2017-02-21,,,
2017-02-22,,,
2017-02-23,,,
2017-02-24,,,
2017-02-25,,,
2017-02-26,,,
2017-02-27,,,
2017-02-28,,,
2017-03-01,,,
2017-03-02,,,
2017-03-03,,,
2017-03-04,,,
2017-03-05,,,
2017-03-06,,,
2017-03-07,,,
2017-03-08,,,
2017-03-09,,,
2017-03-10,,,
2017-03-11,,,
2017-03-12,,,
2017-03-13,,,
2017-03-14,,,
2017-03-15,,,
2017-03-16,,,
2017-03-17,,,
2017-03-18,,,
2017-03-19,,,
2017-03-20,,,
2017-03-21,,,
2017-03-22,,,
2017-03-23,,,
2017-03-24,,,
2017-03-25,,,
2017-03-26,,,
2017-03-27,,,
2017-03-28,,,
2017-03-29,,,
2017-03-30,,,
2017-03-31,,,
2017-04-01,,,
2017-04-02,,,
2017-04-03,,,
2017-04-04,,,
2017-04-05,,,
2017-04-06,,,
2017-04-07,,,
2017-04-08,,,
2017-04-09,,,
2017-04-10,,,
2017-04-11,,,
2017-04-12,,,
2017-04-13,,,
2017-04-14,,,
2017-04-15,,,
2017-04-16,,,
2017-04-17,,,
2017-04-18,,,
2017-04-19,,,
2017-04-20,,,
2017-04-21,,,
2017-04-22,,,
2017-04-23,,,
2017-04-24,,,
2017-04-25,,,
2017-04-26,,,
2017-04-27,,,
2017-04-28,,,
2017-04-29,,,
2017-04-30,,,
2017-05-01,,,
2017-05-02,,,
2017-05-03,,,
2017-05-04,,,
2017-05-05,,,
2017-05-06,,,
2017-05-07,,,
2017-05-08,,,
2017-05-09,,,
2017-05-10,,,
2017-05-11,,,
2017-05-12,,,
2017-05-13,,,
2017-05-14,,,
2017-05-15,,,
2017-05-16,,,
2017-05-17,,,
2017-05-18,,,
2017-05-19,,,
2017-05-20,,,
2017-05-21,,,
2017-05-22,,,
2017-05-23,,,
2017-05-24,,,
2017-05-25,,,
2017-05-26,,,
2017-05-27,,,
2017-05-28,,,
2017-05-29,,,
2017-05-30,,,
2017-05-31,,,
2017-06-01,,,
2017-06-02,,,
2017-06-03,,,
2017-06-04,,,
2017-06-05,,,
2017-06-06,,,
2017-06-07,,,
2017-06-08,,,
2017-06-09,,,
2017-06-10,,,
2017-06-11,,,
2017-06-12,,,
2017-06-13,,,
2017-06-14,,,
2017-06-15,,,
2017-06-16,,,
2017-06-17,,,
2017-06-18,,,
2017-06-19,,,
2017-06-20,,,
2017-06-21,,,
2017-06-22,,,
2017-06-23,,,
2017-06-24,,,
2017-06-25,,,
2017-06-26,,,
2017-06-27,,,
2017-06-28,,,
2017-06-29,,,
2017-06-30,,,
2017-07-01,,,
2017-07-02,,,
2017-07-03,,,
2017-07-04,,,
2017-07-05,,,
2017-07-06,,,
2017-07-07,,,
2017-07-08,,,
2017-07-09,,,
2017-07-10,,,
2017-07-11,,,
2017-07-12,,,
2017-07-13,,,
2017-07-14,,,
2017-07-15,,,
2017-07-16,,,
2017-07-17,,,
2017-07-18,,,
2017-07-19,,,
2017-07-20,,,
2017-07-21,,,
2017-07-22,,,
2017-07-23,,,
2017-07-24,,,
2017-07-25,,,
2017-07-26,,,
2017-07-27,,,
2017-07-28,,,
2017-07-29,,,
2017-07-30,,,
2017-07-31,,,
2017-08-01,,,
2017-08-02,,,
2017-08-03,,,
2017-08-04,,,
2017-08-05,,,
2017-08-06,,,
2017-08-07,,,
2017-08-08,,,
2017-08-09,,,
2017-08-10,,,
2017-08-11,,,
2017-08-12,,,
2017-08-13,,,
2017-08-14,,,
2017-08-15,,,
2017-08-16,,,
2017-08-17,,,
2017-08-18,,,
2017-08-19,,,
2017-08-20,,,
2017-08-21,,,
2017-08-22,,,
2017-08-23,,,
2017-08-24,,,
2017-08-25,,,
2017-08-26,,,
2017-08-27,,,
2017-08-28,,,
2017-08-29,,,
2017-08-30,,,
2017-08-31,,,
2017-09-01,,,
2017-09-02,,,
2017-09-03,,,
2017-09-04,,,
2017-09-05,,,
2017-09-06,,,
2017-09-07,,,
2017-09-08,,,
2017-09-09,,,
2017-09-10,,,
2017-09-11,,,
2017-09-12,,,
2017-09-13,,,
2017-09-14,,,
2017-09-15,,,
2017-09-16,,,
2017-09-17,,,
2017-09-18,,,
2017-09-19,,,
2017-09-20,,,
2017-09-21,,,
2017-09-22,,,
2017-09-23,,,
2017-09-24,,,
2017-09-25,,,
2017-09-26,,,
2017-09-27,,,
2017-09-28,,,
2017-09-29,,,
2017-09-30,,,
2017-10-01,,,
2017-10-02,,,
2017-10-03,,,
2017-10-04,,,
2017-10-05,,,
2017-10-06,,,
2017-10-07,,,
2017-10-08,,,
2017-10-09,,,
2017-10-10,,,
2017-10-11,,,
2017-10-12,,,
2017-10-13,,,
2017-10-14,,,
2017-10-15,,,
2017-10-16,,,
2017-10-17,,,
2017-10-18,,,
2017-10-19,,,
2017-10-20,,,
2017-10-21,,,
2017-10-22,,,
2017-10-23,,,
2017-10-24,,,
2017-10-25,,,
2017-10-26,,,
2017-10-27,,,
2017-10-28,,,
2017-10-29,,,
2017-10-30,,,
2017-10-31,,,
2017-11-01,,,
2017-11-02,,,
2017-11-03,,,
2017-11-04,,,
2017-11-05,,,
2017-11-06,,,
2017-11-07,,,
2017-11-08,,,
2017-11-09,,,
2017-11-10,,,
2017-11-11,,,
2017-11-12,,,
2017-11-13,,,
2017-11-14,,,
2017-11-15,,,
2017-11-16,,,
2017-11-17,,,
2017-11-18,,,
2017-11-19,,,
2017-11-20,,,
2017-11-21,,,
2017-11-22,,,
2017-11-23,,,
2017-11-24,,,
2017-11-25,,,
2017-11-26,,,
2017-11-27,,,
2017-11-28,,,
2017-11-29,,,
2017-11-30,,,
2017-12-01,,,
2017-12-02,,,
2017-12-03,,,
2017-12-04,,,
2017-12-05,,,
2017-12-06,,,
2017-12-07,,,
2017-12-08,,,
2017-12-09,,,
2017-12-10,,,
2017-12-11,,,
2017-12-12,,,
2017-12-13,,,
2017-12-14,,,
2017-12-15,,,
2017-12-16,,,
2017-12-17,,,
2017-12-18,,,
2017-12-19,,,
2017-12-20,,,
2017-12-21,,,
2017-12-22,,,
2017-12-23,,,
2017-12-24,,,
2017-12-25,,,
2017-12-26,,,
2017-12-27,,,
2017-12-28,,,
2017-12-29,,,
2017-12-30,,,
2017-12-31,,,
2018-01-01,,,
2018-01-02,,,
2018-01-03,,,
2018-01-04,,,
2018-01-05,,,
2018-01-06,,,
2018-01-07,,,
2018-01-08,,,
2018-01-09,,,
2018-01-10,,,
2018-01-11,,,
2018-01-12,,,
2018-01-13,,,
2018-01-14,,,
2018-01-15,,,
2018-01-16,,,
2018-01-17,,,
2018-01-18,,,
2018-01-19,,,
2018-01-20,,,
2018-01-21,,,
2018-01-22,,,
2018-01-23,,,
2018-01-24,,,
2018-01-25,,,
2018-01-26,,,
2018-01-27,,,
2018-01-28,,,
2018-01-29,,,
2018-01-30,,,
2018-01-31,,,
2018-02-01,,,
2018-02-02,,,
2018-02-03,,,
2018-02-04,,,
2018-02-05,,,
2018-02-06,,,
2018-02-07,,,
2018-02-08,,,
2018-02-09,,,
2018-02-10,,,
2018-02-11,,,
2018-02-12,,,
2018-02-13,,,
2018-02-14,,,
2018-02-15,,,
2018-02-16,,,
2018-02-17,,,
2018-02-18,,,
2018-02-19,,,
2018-02-20,,,
2018-02-21,,,
2018-02-22,,,
2018-02-23,,,
2018-02-24,,,
2018-02-25,,,
2018-02-26,,,
2018-02-27,,,
2018-02-28,,,
2018-03-01,,,
2018-03-02,,,
2018-03-03,,,
2018-03-04,,,
2018-03-05,,,
2018-03-06,,,
2018-03-07,,,
2018-03-08,,,
2018-03-09,,,
2018-03-10,,,
2018-03-11,,,
2018-03-12,,,
2018-03-13,,,
2018-03-14,,,
2018-03-15,,,
2018-03-16,,,
2018-03-17,,,
2018-03-18,,,
2018-03-19,,,
2018-03-20,,,
2018-03-21,,,
2018-03-22,,,
2018-03-23,,,
2018-03-24,,,
2018-03-25,,,
2018-03-26,,,
2018-03-27,,,
2018-03-28,,,
2018-03-29,,,
2018-03-30,,,
2018-03-31,,,
2018-04-01,,,
2018-04-02,,,
2018-04-03,,,
2018-04-04,,,
2018-04-05,,,
2018-04-06,,,
2018-04-07,,,
2018-04-08,,,
2018-04-09,,,
2018-04-10,,,
2018-04-11,,,
2018-04-12,,,
2018-04-13,,,
2018-04-14,,,
2018-04-15,,,
2018-04-16,,,
2018-04-17,,,
2018-04-18,,,
2018-04-19,,,
2018-04-20,,,
2018-04-21,,,
2018-04-22,,,
2018-04-23,,,
2018-04-24,,,
2018-04-25,,,
2018-04-26,,,
2018-04-27,,,
2018-04-28,,,
2018-04-29,,,
2018-04-30,,,
2018-05-01,,,
2018-05-02,,,
2018-05-03,,,
2018-05-04,,,
2018-05-05,,,
2018-05-06,,,
2018-05-07,,,
2018-05-08,,,
2018-05-09,,,
2018-05-10,,,
2018-05-11,,,
2018-05-12,,,
2018-05-13,,,
2018-05-14,,,
2018-05-15,,,
2018-05-16,,,
2018-05-17,,,
2018-05-18,,,
2018-05-19,,,
2018-05-20,,,
2018-05-21,,,
2018-05-22,,,
2018-05-23,,,
2018-05-24,,,
2018-05-25,,,
2018-05-26,,,
2018-05-27,,,
2018-05-28,,,
2018-05-29,,,
2018-05-30,,,
2018-05-31,,,
2018-06-01,,,
2018-06-02,,,
2018-06-03,,,
2018-06-04,,,
2018-06-05,,,
2018-06-06,,,
2018-06-07,,,
2018-06-08,,,
2018-06-09,,,
2018-06-10,,,
2018-06-11,,,
2018-06-12,,,
2018-06-13,,,
2018-06-14,,,
2018-06-15,,,
2018-06-16,,,
2018-06-17,,,
2018-06-18,,,
2018-06-19,,,
2018-06-20,,,
2018-06-21,,,
2018-06-22,,,
2018-06-23,,,
2018-06-24,,,
2018-06-25,,,
2018-06-26,,,
2018-06-27,,,
2018-06-28,,,
2018-06-29,,,
2018-06-30,,,
2018-07-01,,,
2018-07-02,,,
2018-07-03,,,
2018-07-04,,,
2018-07-05,,,
2018-07-06,,,
2018-07-07,,,
2018-07-08,,,
2018-07-09,,,
2018-07-10,,,
2018-07-11,,,
2018-07-12,,,
2018-07-13,,,
2018-07-14,,,
2018-07-15,,,
2018-07-16,,,
2018-07-17,,,
2018-07-18,,,
2018-07-19,,,
2018-07-20,,,
2018-07-21,,,
2018-07-22,,,
2018-07-23,,,
2018-07-24,,,
2018-07-25,,,
2018-07-26,,,
2018-07-27,,,
2018-07-28,,,
2018-07-29,,,
2018-07-30,,,
2018-07-31,,,
2018-08-01,,,
2018-08-02,,,
2018-08-03,,,
2018-08-04,,,
2018-08-05,,,
2018-08-06,,,
2018-08-07,,,
2018-08-08,,,
2018-08-09,,,
2018-08-10,,,
2018-08-11,,,
2018-08-12,,,
2018-08-13,,,
2018-08-14,,,
2018-08-15,,,
2018-08-16,,,
2018-08-17,,,
2018-08-18,,,
2018-08-19,,,
2018-08-20,,,
2018-08-21,,,
2018-08-22,,,
2018-08-23,,,
2018-08-24,,,
2018-08-25,,,
2018-08-26,,,
2018-08-27,,,
2018-08-28,,,
2018-08-29,,,
2018-08-30,,,
2018-08-31,,,
2018-09-01,,,
2018-09-02,,,
2018-09-03,,,
2018-09-04,,,
2018-09-05,,,
2018-09-06,,,
2018-09-07,,,
2018-09-08,,,
2018-09-09,,,
2018-09-10,,,
2018-09-11,,,
2018-09-12,,,
2018-09-13,,,
2018-09-14,,,
2018-09-15,,,
2018-09-16,,,
2018-09-17,,,
2018-09-18,,,
2018-09-19,,,
2018-09-20,,,
2018-09-21,,,
2018-09-22,,,
2018-09-23,,,
2018-09-24,,,
2018-09-25,,,
2018-09-26,,,
2018-09-27,,,
2018-09-28,,,
2018-09-29,,,
2018-09-30,,,
2018-10-01,,,
2018-10-02,,,
2018-10-03,,,
2018-10-04,,,
2018-10-05,,,
2018-10-06,,,
2018-10-07,,,
2018-10-08,,,
2018-10-09,,,
2018-10-10,,,
2018-10-11,,,
2018-10-12,,,
2018-10-13,,,
2018-10-14,,,
2018-10-15,,,
2018-10-16,,,
2018-10-17,,,
2018-10-18,,,
2018-10-19,,,
2018-10-20,,,
2018-10-21,,,
2018-10-22,,,
2018-10-23,,,
2018-10-24,,,
2018-10-25,,,
2018-10-26,,,
2018-10-27,,,
2018-10-28,,,
2018-10-29,,,
2018-10-30,,,
2018-10-31,,,
2018-11-01,,,
2018-11-02,,,
2018-11-03,,,
2018-11-04,,,
2018-11-05,,,
2018-11-06,,,
2018-11-07,,,
2018-11-08,,,
2018-11-09,,,
2018-11-10,,,
2018-11-11,,,
2018-11-12,,,
2018-11-13,,,
2018-11-14,,,
2018-11-15,,,
2018-11-16,,,
2018-11-17,,,
2018-11-18,,,
2018-11-19,,,
2018-11-20,,,
2018-11-21,,,
2018-11-22,,,
2018-11-23,,,
2018-11-24,,,
2018-11-25,,,
2018-11-26,,,
2018-11-27,,,
2018-11-28,,,
2018-11-29,,,
2018-11-30,,,
2018-12-01,,,
2018-12-02,,,
2018-12-03,,,
2018-12-04,,,
2018-12-05,,,
2018-12-06,,,
2018-12-07,,,
2018-12-08,,,
2018-12-09,,,
2018-12-10,,,
2018-12-11,,,
2018-12-12,,,
2018-12-13,,,
2018-12-14,,,
2018-12-15,,,
2018-12-16,,,
2018-12-17,,,
2018-12-18,,,
2018-12-19,,,
2018-12-20,,,
2018-12-21,,,
2018-12-22,,,
2018-12-23,,,
2018-12-24,,,
2018-12-25,,,
2018-12-26,,,
2018-12-27,,,
2018-12-28,,,
2018-12-29,,,
2018-12-30,,,
2018-12-31,,,
2019-01-01,,,
2019-01-02,,,
2019-01-03,,,
2019-01-04,,,
2019-01-05,,,
2019-01-06,,,
2019-01-07,,,
2019-01-08,,,
2019-01-09,,,
2019-01-10,,,
2019-01-11,,,
2019-01-12,,,
2019-01-13,,,
2019-01-14,,,
2019-01-15,,,
2019-01-16,,,
2019-01-17,,,
2019-01-18,,,
2019-01-19,,,
2019-01-20,,,
2019-01-21,,,
2019-01-22,,,
2019-01-23,,,
2019-01-24,,,
2019-01-25,,,
2019-01-26,,,
2019-01-27,,,
2019-01-28,,,
2019-01-29,,,
2019-01-30,,,
2019-01-31,,,
2019-02-01,,,
2019-02-02,,,
2019-02-03,,,
2019-02-04,,,
2019-02-05,,,
2019-02-06,,,
2019-02-07,,,
2019-02-08,,,
2019-02-09,,,
2019-02-10,,,
2019-02-11,,,
2019-02-12,,,
2019-02-13,,,
2019-02-14,,,
2019-02-15,,,
2019-02-16,,,
2019-02-17,,,
2019-02-18,,,
2019-02-19,,,
2019-02-20,,,
2019-02-21,,,
2019-02-22,,,
2019-02-23,,,
2019-02-24,,,
2019-02-25,,,
2019-02-26,,,
2019-02-27,,,
2019-02-28,,,
2019-03-01,,,
2019-03-02,,,
2019-03-03,,,
2019-03-04,,,
2019-03-05,,,
2019-03-06,,,
2019-03-07,,,
2019-03-08,,,
2019-03-09,,,
2019-03-10,,,
2019-03-11,,,
2019-03-12,,,
2019-03-13,,,
2019-03-14,,,
2019-03-15,,,
2019-03-16,,,
2019-03-17,,,
2019-03-18,,,
2019-03-19,,,
2019-03-20,,,
2019-03-21,,,
2019-03-22,,,
2019-03-23,,,
2019-03-24,,,
2019-03-25,,,
2019-03-26,,,
2019-03-27,,,
2019-03-28,,,
2019-03-29,,,
2019-03-30,,,
2019-03-31,,,
2019-04-01,,,
2019-04-02,,,
2019-04-03,,,
2019-04-04,,,
2019-04-05,,,
2019-04-06,,,
2019-04-07,,,
2019-04-08,,,
2019-04-09,,,
2019-04-10,,,
2019-04-11,,,
2019-04-12,,,
2019-04-13,,,
2019-04-14,,,
2019-04-15,,,
2019-04-16,,,
2019-04-17,,,
2019-04-18,,,
2019-04-19,,,
2019-04-20,,,
2019-04-21,,,
2019-04-22,,,
2019-04-23,,,
2019-04-24,,,
2019-04-25,,,
2019-04-26,,,
2019-04-27,,,
2019-04-28,,,
2019-04-29,,,
2019-04-30,,,
2019-05-01,,,
2019-05-02,,,
2019-05-03,,,
2019-05-04,,,
2019-05-05,,,
2019-05-06,,,
2019-05-07,,,
2019-05-08,,,
2019-05-09,,,
2019-05-10,,,
2019-05-11,,,
2019-05-12,,,
2019-05-13,,,
2019-05-14,,,
2019-05-15,,,
2019-05-16,,,
2019-05-17,,,
2019-05-18,,,
2019-05-19,,,
2019-05-20,,,
2019-05-21,,,
2019-05-22,,,
2019-05-23,,,
2019-05-24,,,
2019-05-25,,,
2019-05-26,,,
2019-05-27,,,
2019-05-28,,,
2019-05-29,,,
2019-05-30,,,
2019-05-31,,,
2019-06-01,,,
2019-06-02,,,
2019-06-03,,,
2019-06-04,,,
2019-06-05,,,
2019-06-06,,,
2019-06-07,,,
2019-06-08,,,
2019-06-09,,,
2019-06-10,,,
2019-06-11,,,
2019-06-12,,,
2019-06-13,,,
2019-06-14,,,
2019-06-15,,,
2019-06-16,,,
2019-06-17,,,
2019-06-18,,,
2019-06-19,,,
2019-06-20,,,
2019-06-21,,,
2019-06-22,,,
2019-06-23,,,
2019-06-24,,,
2019-06-25,,,
2019-06-26,,,
2019-06-27,,,
2019-06-28,,,
2019-06-29,,,
2019-06-30,,,
2019-07-01,,,
2019-07-02,,,
2019-07-03,,,
2019-07-04,,,
2019-07-05,,,
2019-07-06,,,
2019-07-07,,,
2019-07-08,,,
2019-07-09,,,
2019-07-10,,,
2019-07-11,,,
2019-07-12,,,
2019-07-13,,,
2019-07-14,,,
2019-07-15,,,
2019-07-16,,,
2019-07-17,,,
2019-07-18,,,
2019-07-19,,,
2019-07-20,,,
2019-07-21,,,
2019-07-22,,,
2019-07-23,,,
2019-07-24,,,
2019-07-25,,,
2019-07-26,,,
2019-07-27,,,
2019-07-28,,,
2019-07-29,,,
2019-07-30,,,
2019-07-31,,,
2019-08-01,,,
2019-08-02,,,
2019-08-03,,,
2019-08-04,,,
2019-08-05,,,
2019-08-06,,,
2019-08-07,,,
2019-08-08,,,
2019-08-09,,,
2019-08-10,,,
2019-08-11,,,
2019-08-12,,,
2019-08-13,,,
2019-08-14,,,
2019-08-15,,,
2019-08-16,,,
2019-08-17,,,
2019-08-18,,,
2019-08-19,,,
2019-08-20,,,
2019-08-21,,,
2019-08-22,,,
2019-08-23,,,
2019-08-24,,,
2019-08-25,,,
2019-08-26,,,
2019-08-27,,,
2019-08-28,,,
2019-08-29,,,
2019-08-30,,,
2019-08-31,,,
2019-09-01,,,
2019-09-02,,,
2019-09-03,,,
2019-09-04,,,
2019-09-05,,,
2019-09-06,,,
2019-09-07,,,
2019-09-08,,,
2019-09-09,,,
2019-09-10,,,
2019-09-11,,,
2019-09-12,,,
2019-09-13,,,
2019-09-14,,,
2019-09-15,,,
2019-09-16,,,
2019-09-17,,,
2019-09-18,,,
2019-09-19,,,
2019-09-20,,,
2019-09-21,,,
2019-09-22,,,
2019-09-23,,,
2019-09-24,,,
2019-09-25,,,
2019-09-26,,,
2019-09-27,,,
2019-09-28,,,
2019-09-29,,,
2019-09-30,,,
2019-10-01,,,
2019-10-02,,,
2019-10-03,,,
2019-10-04,,,
2019-10-05,,,
2019-10-06,,,
2019-10-07,,,
2019-10-08,,,
2019-10-09,,,
2019-10-10,,,
2019-10-11,,,
2019-10-12,,,
2019-10-13,,,
2019-10-14,,,
2019-10-15,,,
2019-10-16,,,
2019-10-17,,,
2019-10-18,,,
2019-10-19,,,
2019-10-20,,,
2019-10-21,,,
2019-10-22,,,
2019-10-23,,,
2019-10-24,,,
2019-10-25,,,
2019-10-26,,,
2019-10-27,,,
2019-10-28,,,
2019-10-29,,,
2019-10-30,,,
2019-10-31,,,
2019-11-01,,,
2019-11-02,,,
2019-11-03,,,
2019-11-04,,,
2019-11-05,,,
2019-11-06,,,
2019-11-07,,,
2019-11-08,,,
2019-11-09,,,
2019-11-10,,,
2019-11-11,,,
2019-11-12,,,
2019-11-13,,,
2019-11-14,,,
2019-11-15,,,
2019-11-16,,,
2019-11-17,,,
2019-11-18,,,
2019-11-19,,,
2019-11-20,,,
2019-11-21,,,
2019-11-22,,,
2019-11-23,,,
2019-11-24,,,
2019-11-25,,,
2019-11-26,,,
2019-11-27,,,
2019-11-28,,,
2019-11-29,,,
2019-11-30,,,
2019-12-01,,,
2019-12-02,,,
2019-12-03,,,
2019-12-04,,,
2019-12-05,,,
2019-12-06,,,
2019-12-07,,,
2019-12-08,,,
2019-12-09,,,
2019-12-10,,,
2019-12-11,,,
2019-12-12,,,
2019-12-13,,,
2019-12-14,,,
2019-12-15,,,
2019-12-16,,,
2019-12-17,,,
2019-12-18,,,
2019-12-19,,,
2019-12-20,,,
2019-12-21,,,
2019-12-22,,,
2019-12-23,,,
2019-12-24,,,
2019-12-25,,,
2019-12-26,,,
2019-12-27,,,
2019-12-28,,,
2019-12-29,,,
2019-12-30,,,
2019-12-31,,,
2020-01-01,,,
2020-01-02,,,
2020-01-03,,,
2020-01-04,,,
2020-01-05,,,
2020-01-06,,,
2020-01-07,,,
2020-01-08,,,
2020-01-09,,,
2020-01-10,,,
2020-01-11,,,
2020-01-12,,,
2020-01-13,,,
2020-01-14,,,
2020-01-15,,,
2020-01-16,,,
2020-01-17,,,
2020-01-18,,,
2020-01-19,,,
2020-01-20,,,
2020-01-21,,,
2020-01-22,,,
2020-01-23,,,
2020-01-24,,,
2020-01-25,,,
2020-01-26,,,
2020-01-27,,,
2020-01-28,,,
2020-01-29,,,
2020-01-30,,,
2020-01-31,,,
2020-02-01,,,
2020-02-02,,,
2020-02-03,,,
2020-02-04,,,
2020-02-05,,,
2020-02-06,,,
2020-02-07,,,
2020-02-08,,,
2020-02-09,,,
2020-02-10,,,
2020-02-11,,,
2020-02-12,,,
2020-02-13,,,
2020-02-14,,,
2020-02-15,,,
2020-02-16,,,
2020-02-17,,,
2020-02-18,,,
2020-02-19,,,
2020-02-20,,,
2020-02-21,,,
2020-02-22,,,
2020-02-23,,,
2020-02-24,,,
2020-02-25,,,
2020-02-26,,,
2020-02-27,,,
2020-02-28,,,
2020-02-29,,,
2020-03-01,0.586158724,20.700019490442802,0.1161847419062836
2020-03-02,0.57766367,20.400019206949,0.11450090506131676
2020-03-03,0.552178509,19.5000183917823,0.10944939472463006
2020-03-04,0.608812202,21.5000202699694,0.12067497362500432
2020-03-05,0.679604318,24.000022608874602,0.1347069472009187
2020-03-06,0.775881597,27.400025833575903,0.15379043150994737
2020-03-07,0.846673713,29.900028172481104,0.16782240508586174
2020-03-08,0.962772784,34.0000320351248,0.1908348419010038
2020-03-09,0.940119307,33.200031290912904,0.18634461038049685
2020-03-10,0.903307406,31.900030050668203,0.179047983986236
2020-03-11,0.903307406,31.900030050668203,0.179047983986236
2020-03-12,0.91746583,32.400030546701004,0.1818543788599899
2020-03-13,1.177980818,41.6000391934246,0.23349204184135428
2020-03-14,1.101525332,38.9000366419804,0.2183375102366528
2020-03-15,1.005248054,35.5000334525938,0.19925402612583792
2020-03-16,1.010911423,35.7000336298181,0.20037658395641122
2020-03-17,1.152495656,40.7000383429432,0.22844053130645378
2020-03-18,1.149663972,40.6000382719884,0.22787925249027402
2020-03-19,1.200634296,42.400039972951205,0.237982273560075
2020-03-20,1.127010494,39.800037492461804,0.22338902077155331
2020-03-21,1.059050063,37.4000352598261,0.20991832621003242
2020-03-22,1.016574793,35.900033842357104,0.2014991419851983
2020-03-23,1.073208486,37.9000357205442,0.21272472088557254
2020-03-24,1.180812503,41.700039299694104,0.23405332085574782
2020-03-25,1.74431775,61.600058045925,0.3457478312415244
2020-03-26,1.826436605,64.5000607745935,0.3620249206767992
2020-03-27,1.973684207,69.70006566494291,0.3912114258574151
2020-03-28,1.755644489,62.0000584356883,0.34799294710088485
2020-03-29,1.599901832,56.500053226530405,0.3171226048770884
2020-03-30,1.546099824,54.6000514546128,0.30645830499110766
2020-03-31,1.489466131,52.6000495764257,0.29523272609073337
2020-04-01,1.798119759,63.5000598531573,0.356412131325719
2020-04-02,2.072793171,73.2000689959137,0.4108561891808372
2020-04-03,2.084119909,73.6000693503623,0.4131013048419838
2020-04-04,2.276674466,80.4000757644502,0.45126827326182734
2020-04-05,2.415427014,85.30008037130581,0.47877094159747635
2020-04-06,2.809031182,99.2000934829754,0.5567887152821301
2020-04-07,3.426338438,121.00011403643862,0.6791475257521014
2020-04-08,4.049309063,143.0001347671261,0.8026288940526458
2020-04-09,4.842180767,171.00016113237493,0.9597869990543131
2020-04-10,5.946537784,210.00019788062482,1.1786857883053594
2020-04-11,5.776636705,204.0001922460635,1.1450090516042366
2020-04-12,5.720003012,202.00019036787643,1.1337834727038623
2020-04-13,4.360794375,154.0001451148125,0.8643695781038111
2020-04-14,3.624556364,128.00012062775082,0.7184370520025182
2020-04-15,3.256437358,115.0001083665626,0.6454707888527648
2020-04-16,3.256437358,115.0001083665626,0.6454707888527648
2020-04-17,3.284754205,116.00010932331351,0.6510835784020588
2020-04-18,3.82277429,135.00012721906302,0.757726578252935
2020-04-19,3.681190057,130.0001225059379,0.7296626309028924
2020-04-20,3.766140597,133.0001253408759,0.7465009993525606
2020-04-21,4.077625909,144.0001356885623,0.808241683403726
2020-04-22,3.964358523,140.0001319321881,0.7857905256029775
2020-04-23,4.389111222,155.00014607156342,0.8699823676531053
2020-04-24,5.23861662,185.000174350314,1.0383660517533604
2020-04-25,6.088122017,215.00020259374992,1.2067497356554018
2020-04-26,7.362380114,260.0002450118758,1.4593252618057848
2020-04-27,8.693271904,307.0002893081888,1.723126366856542
2020-04-28,10.13743108,358.000337360876,2.009378629708048
2020-04-29,11.07188702,391.000368545194,2.1946006826543987
2020-04-30,12.17624403,430.000405046241,2.4134994705179484
2020-05-01,12.62931358,446.000420283626,2.5033041029102256
2020-05-02,13.6770369,483.00045501243,2.7109773124680423
2020-05-03,12.91248205,456.000429851135,2.5594319984031655
2020-05-04,12.79921466,452.00042595350203,2.536980839809562
2020-05-05,11.97802611,423.00039866681703,2.3742099454568146
2020-05-06,11.1851544,395.00037208968,2.2170518392658645
2020-05-07,11.12852071,393.00037031743705,2.205826260960132
2020-05-08,10.7604017,380.00035791499,2.132859997017523
2020-05-09,10.05248054,355.000334525938,1.9925402612583791
2020-05-10,9.854262614,348.00032793462583,1.9532507350079624
2020-05-11,10.27901531,363.000341968057,2.037442576463449
2020-05-12,10.67545117,377.00035543319905,2.116021630549993
2020-05-13,10.25069847,362.000341258509,2.031829788301651
2020-05-14,9.599410995,339.0003194651265,1.9027356298571714
2020-05-15,9.231291989,326.00030720393835,1.8297693667074184
2020-05-16,8.919806676,315.00029682093725,1.7680286824580391
2020-05-17,9.118024603,322.00030344756414,1.8073182089066697
2020-05-18,9.995846847,353.0003326477509,1.981314682358005
2020-05-19,9.96753,352.00033169100004,1.9757018928087111
2020-05-20,9.231291989,326.00030720393835,1.8297693667074184
2020-05-21,7.843766506,277.0002610294382,1.5547426827562867
2020-05-22,6.909310568,244.00022991574963,1.3695206302063634
2020-05-23,6.456241023,228.0002148549381,1.2797159988051554
2020-05-24,5.946537784,210.00019788062482,1.1786857883053594
2020-05-25,5.436834546,192.0001809416262,1.0776555780037773
2020-05-26,5.06871554,179.000168680438,1.004689314854024
2020-05-27,5.23861662,185.000174350314,1.0383660517533604
2020-05-28,5.776636705,204.0001922460635,1.1450090516042366
2020-05-29,6.258023097,221.0002082636259,1.2404264725547383
2020-05-30,6.569508409,232.0002186113123,1.3021671566059039
2020-05-31,7.503964347,265.0002497250009,1.4873892091558276
2020-06-01,6.711092642,237.0002233244374,1.3302311039559465
2020-06-02,5.493468239,194.00018281981332,1.0888811569041514
2020-06-03,4.955448154,175.0001649240638,0.9822381570532753
2020-06-04,4.389111222,155.00014607156342,0.8699823676531053
2020-06-05,4.105942756,145.0001366453132,0.8138544729530202
2020-06-06,6.31465679,223.000210141813,1.2516520514551128
2020-06-07,5.380200852,190.0001790281244,1.0664299989051893
2020-06-08,4.020992216,142.0001338103752,0.7970161045033517
2020-06-09,3.482972131,123.00011591462571,0.6903731046524756
2020-06-10,3.029902585,107.0001008184995,0.6005684730530539
2020-06-11,2.678773688,94.60008915961362,0.530969883791448
2020-06-12,2.44940723,86.500081505281,0.4855062889773436
2020-06-13,2.69859548,95.300089797556,0.5348988362975614
2020-06-14,2.690100426,95.0000895140622,0.5332149994525947
2020-06-15,2.248357619,79.40007480769931,0.4456554837125333
2020-06-16,2.055803063,72.60006842892611,0.40748851549090354
2020-06-17,1.891565352,66.8000629362744,0.37493433642214025
2020-06-18,1.766971227,62.4000587901369,0.3502380627620314
2020-06-19,1.662198895,58.7000553172565,0.3294707418062497
2020-06-20,1.557426563,55.0000518443761,0.308703420850468
2020-06-21,1.461149284,51.6000486196748,0.28961993654143936
2020-06-22,1.396020537,49.30004645799391,0.2767105207960983
2020-06-23,1.33089179,47.000044296313,0.26380110505075716
2020-06-24,1.268594727,44.800042205586905,0.25145296812159584
2020-06-25,1.223287773,43.200040717163105,0.24247250508058196
2020-06-26,1.211961034,42.8000403273998,0.24022738922122155
2020-06-27,1.158159026,40.900038555482205,0.2295630893352409
2020-06-28,1.146832287,40.500038165718905,0.22731797347588048
2020-06-29,1.08170354,38.200036004038,0.21440855773053938
2020-06-30,1.042059955,36.8000346928385,0.2065506525200988
2020-07-01,1.010911423,35.7000336298181,0.20037658395641122
2020-07-02,0.985426261,34.8000327793367,0.19532507342151073
2020-07-03,0.985426261,34.8000327793367,0.19532507342151073
2020-07-04,1.194970926,42.2000397604122,0.23685971553128793
2020-07-05,1.189307557,42.000039583187906,0.23573715770071466
2020-07-06,1.053386693,37.2000350472871,0.20879576818124537
2020-07-07,0.974099523,34.4000324248881,0.19307995776036418
2020-07-08,0.91180246,32.200030334162,0.18073182083120282
2020-07-09,0.866495506,30.6000288457382,0.17175135779018894
2020-07-10,0.83251529,29.400027711763002,0.1650160104103216
2020-07-11,0.801366759,28.3000266840573,0.15884194204484783
2020-07-12,0.781544966,27.600026010800203,0.15491298934052064
2020-07-13,0.781544966,27.600026010800203,0.15491298934052064
2020-07-14,0.781544966,27.600026010800203,0.15491298934052064
2020-07-15,0.787208335,27.8000261880245,0.1560355471710939
2020-07-16,0.761723173,26.900025337543102,0.15098403663619347
2020-07-17,0.843842028,29.8000280662116,0.1672611260714682
2020-07-18,0.906139091,32.000030156937704,0.17960926300062954
2020-07-19,0.843842028,29.8000280662116,0.1672611260714682
2020-07-20,0.784376651,27.7000261170697,0.1554742683549142
2020-07-21,0.750396435,26.5000249830945,0.14873892097504687
2020-07-22,0.753228119,26.6000250540493,0.14930019979122663
2020-07-23,0.750396435,26.5000249830945,0.14873892097504687
2020-07-24,0.991089631,35.000032991875706,0.19644763145029784
2020-07-25,2.973268892,105.00009894031241,0.5893428941526797
2020-07-26,2.15774371,76.20007179553701,0.42769455743229173
2020-07-27,1.942535676,68.60006463723721,0.38503735749194123
2020-07-28,2.65612021,93.800088380087,0.5264796520727273
2020-07-29,1.730159327,61.100057585206905,0.34294143656598436
2020-07-30,1.345050213,47.5000447570311,0.2666074997262973
2020-07-31,1.149663972,40.6000382719884,0.22787925249027402
2020-08-01,1.056218378,37.30003515355661,0.2093570471956389
2020-08-02,1.067545117,37.700035543319906,0.2116021630549993
2020-08-03,0.988257946,34.9000328856062,0.1958863524359043
2020-08-04,0.897644037,31.7000298734439,0.17792542615566273
2020-08-05,0.858000452,30.3000285622444,0.1700675209452221
2020-08-06,0.838178659,29.600027888987302,0.16613856824089493
2020-08-07,0.787208335,27.8000261880245,0.1560355471710939
2020-08-08,0.756059804,26.7000251603188,0.14986147880562015
2020-08-09,0.741901381,26.200024699600704,0.14705508413008006
2020-08-10,0.733406327,25.900024416106902,0.1453712472851132
2020-08-11,0.702257795,24.8000233530865,0.13919717872142565
2020-08-12,0.682436003,24.1000227151441,0.13526822621531223
2020-08-13,0.665445895,23.5000221481565,0.13190055252537858
2020-08-14,0.654119156,23.100021758393204,0.12965543666601823
2020-08-15,0.637129048,22.5000211914056,0.12628776297608457
2020-08-16,0.614475571,21.700020447193705,0.12179753145557763
2020-08-17,0.639960733,22.600021297675102,0.1268490419904781
2020-08-18,0.659782526,23.3000219709322,0.1307779946948053
2020-08-19,0.62580231,22.100020836957,0.12404264731493798
2020-08-20,0.611643886,21.6000203409242,0.12123625244118408
2020-08-21,0.591822094,20.9000197029818,0.11730729993507066
2020-08-22,0.572000301,20.2000190297247,0.11337834723074347
2020-08-23,0.58332704,20.600019419488003,0.11562346309010385
2020-08-24,0.588990409,20.8000195967123,0.11674602092067714
2020-08-25,0.588990409,20.8000195967123,0.11674602092067714
2020-08-26,0.617307256,21.800020553463202,0.12235881046997117
2020-08-27,0.724911273,25.600024132613104,0.14368741044014638
2020-08-28,0.688099372,24.300022892368403,0.13639078404588553
2020-08-29,0.654119156,23.100021758393204,0.12965543666601823
2020-08-30,0.611643886,21.6000203409242,0.12123625244118408
2020-08-31,0.586158724,20.700019490442802,0.1161847419062836
2020-09-01,0.563505247,19.900018746230902,0.11169451038577666
2020-09-02,0.555010193,19.6000184627371,0.11001067354080982
2020-09-03,0.526693347,18.600017541300904,0.10439788418972959
2020-09-04,0.509703239,18.0000169743133,0.10103021049979594
2020-09-05,0.495544815,17.500016478280504,0.09822381562604203
2020-09-06,0.487049761,17.200016194786702,0.09653997878107519
2020-09-07,0.478554707,16.9000159112929,0.09485614193610836
2020-09-08,0.504039869,17.8000167617743,0.09990765247100884
2020-09-09,0.671109264,23.700022325380804,0.13302311035595188
2020-09-10,0.897644037,31.7000298734439,0.17792542615566273
2020-09-11,0.818356867,28.9000272510449,0.1622096157347815
2020-09-12,0.852337082,30.100028349705404,0.16894496291643504
2020-09-13,0.804198443,28.4000267550121,0.1594032208610276
2020-09-14,0.767386543,27.1000255500821,0.15210659466498053
2020-09-15,0.707921165,25.0000235656255,0.14031973675021275
2020-09-16,0.651287472,23.0000216874384,0.1290941578498385
2020-09-17,0.608812202,21.5000202699694,0.12067497362500432
2020-09-18,0.58332704,20.600019419488003,0.11562346309010385
2020-09-19,0.566336932,20.0000188525004,0.11225578940017018
2020-09-20,0.555010193,19.6000184627371,0.11001067354080982
2020-09-21,0.54085177,19.100018002019,0.10720427886526969
2020-09-22,0.538020085,19.0000178957495,0.10664299985087615
2020-09-23,0.529525031,18.700017612255703,0.10495916300590934
2020-09-24,0.512534923,18.100017045268103,0.10159148931597568
2020-09-25,0.501208185,17.7000166908195,0.0993463736548291
2020-09-26,0.492713131,17.4000164073257,0.09766253680986228
2020-09-27,0.487049761,17.200016194786702,0.09653997878107519
2020-09-28,0.475723023,16.8000158403381,0.09429486311992862
2020-09-29,0.475723023,16.8000158403381,0.09429486311992862
2020-09-30,0.470059653,16.600015627799102,0.09317230509114155
2020-10-01,0.461564599,16.3000153443053,0.09148846824617471
2020-10-02,0.45590123,16.100015167081,0.09036591041560141
2020-10-03,0.447406176,15.8000148835872,0.08868207357063458
2020-10-04,0.438911122,15.500014600093401,0.08699823672566775
2020-10-05,0.433247753,15.3000144228691,0.08587567889509447
2020-10-06,0.421921014,14.9000140331058,0.0836305630357341
2020-10-07,0.416257645,14.700013855881501,0.0825080052051608
2020-10-08,0.407762591,14.400013572387701,0.08082416836019399
2020-10-09,0.402099222,14.2000133951634,0.07970161052962069
2020-10-10,0.393604168,13.9000131116696,0.07801777368465386
2020-10-11,0.387940798,13.7000128991306,0.07689521565586678
2020-10-12,0.385109114,13.6000128281758,0.07633393683968703
2020-10-13,0.382277429,13.5000127219063,0.0757726578252935
2020-10-14,0.37661406,13.300012544682,0.0746500999947202
2020-10-15,0.365287321,12.9000121549187,0.07240498413535984
2020-10-16,0.359623952,12.700011977694402,0.07128242630478655
2020-10-17,0.362455636,12.8000120486492,0.0718437051209663
2020-10-18,0.359623952,12.700011977694402,0.07128242630478655
2020-10-19,0.356792267,12.6000118714249,0.07072114729039301
2020-10-20,0.353960582,12.500011765155401,0.07015986827599947
2020-10-21,0.353960582,12.500011765155401,0.07015986827599947
2020-10-22,0.351128898,12.400011694200602,0.06959858945981973
2020-10-23,0.351128898,12.400011694200602,0.06959858945981973
2020-10-24,0.351128898,12.400011694200602,0.06959858945981973
2020-10-25,0.356792267,12.6000118714249,0.07072114729039301
2020-10-26,0.37661406,13.300012544682,0.0746500999947202
2020-10-27,0.348297213,12.3000115879311,0.06903731044542619
2020-10-28,0.325643736,11.5000108437192,0.06454707892491925
2020-10-29,0.353960582,12.500011765155401,0.07015986827599947
2020-10-30,0.351128898,12.400011694200602,0.06959858945981973
2020-10-31,0.348297213,12.3000115879311,0.06903731044542619
2020-11-01,0.351128898,12.400011694200602,0.06959858945981973
2020-11-02,0.368119006,13.000012261188202,0.0729662631497534
2020-11-03,0.37095069,13.100012332143002,0.07352754196593314
2020-11-04,0.37095069,13.100012332143002,0.07352754196593314
2020-11-05,0.37095069,13.100012332143002,0.07352754196593314
2020-11-06,0.368119006,13.000012261188202,0.0729662631497534
2020-11-07,0.478554707,16.9000159112929,0.09485614193610836
2020-11-08,0.761723173,26.900025337543102,0.15098403663619347
2020-11-09,0.538020085,19.0000178957495,0.10664299985087615
2020-11-10,0.436079438,15.4000145291386,0.08643695790948801
2020-11-11,0.410594276,14.5000136786572,0.08138544737458753
2020-11-12,0.424752699,15.0000141393753,0.08419184205012764
2020-11-13,0.410594276,14.5000136786572,0.08138544737458753
2020-11-14,0.385109114,13.6000128281758,0.07633393683968703
2020-11-15,0.37095069,13.100012332143002,0.07352754196593314
2020-11-16,0.368119006,13.000012261188202,0.0729662631497534
2020-11-17,0.399267537,14.100013288893901,0.07914033151522716
2020-11-18,0.41342596,14.600013749612,0.08194672619076727
2020-11-19,0.416257645,14.700013855881501,0.0825080052051608
2020-11-20,0.402099222,14.2000133951634,0.07970161052962069
2020-11-21,0.41908933,14.800013962151,0.08306928421955434
2020-11-22,0.396435852,14.0000131826244,0.07857905250083361
2020-11-23,0.416257645,14.700013855881501,0.0825080052051608
2020-11-24,0.41908933,14.800013962151,0.08306928421955434
2020-11-25,0.359623952,12.700011977694402,0.07128242630478655
2020-11-26,0.319980366,11.300010631180202,0.06342452089613215
2020-11-27,0.336970474,11.900011198167801,0.06679219458606582
2020-11-28,0.353960582,12.500011765155401,0.07015986827599947
2020-11-29,0.37661406,13.300012544682,0.0746500999947202
2020-11-30,0.399267537,14.100013288893901,0.07914033151522716
2020-12-01,,,
2020-12-02,,,
2020-12-03,,,
2020-12-04,,,
2020-12-05,,,
2020-12-06,,,
2020-12-07,,,
2020-12-08,,,
2020-12-09,,,
2020-12-10,,,
2020-12-11,,,
2020-12-12,,,
2020-12-13,,,
2020-12-14,,,
2020-12-15,,,
2020-12-16,,,
2020-12-17,,,
2020-12-18,,,
2020-12-19,,,
2020-12-20,,,
2020-12-21,,,
2020-12-22,,,
2020-12-23,,,
2020-12-24,,,
2020-12-25,,,
2020-12-26,,,
2020-12-27,,,
2020-12-28,,,
2020-12-29,,,
2020-12-30,,,
2020-12-31,,,
2021-01-01,,,
2021-01-02,,,
2021-01-03,,,
2021-01-04,,,
2021-01-05,,,
2021-01-06,,,
2021-01-07,,,
2021-01-08,,,
2021-01-09,,,
2021-01-10,,,
2021-01-11,,,
2021-01-12,,,
2021-01-13,,,
2021-01-14,,,
2021-01-15,,,
2021-01-16,,,
2021-01-17,,,
2021-01-18,,,
2021-01-19,,,
2021-01-20,,,
2021-01-21,,,
2021-01-22,,,
2021-01-23,,,
2021-01-24,,,
2021-01-25,,,
2021-01-26,,,
2021-01-27,,,
2021-01-28,,,
2021-01-29,,,
2021-01-30,,,
2021-01-31,,,
2021-02-01,,,
2021-02-02,,,
2021-02-03,,,
2021-02-04,,,
2021-02-05,,,
2021-02-06,,,
2021-02-07,,,
2021-02-08,,,
2021-02-09,,,
2021-02-10,,,
2021-02-11,,,
2021-02-12,,,
2021-02-13,,,
2021-02-14,,,
2021-02-15,,,
2021-02-16,,,
2021-02-17,,,
2021-02-18,,,
2021-02-19,,,
2021-02-20,,,
2021-02-21,,,
2021-02-22,,,
2021-02-23,,,
2021-02-24,,,
2021-02-25,,,
2021-02-26,,,
2021-02-27,,,
2021-02-28,,,
2021-03-01,0.302990259,10.7000100995073,0.060056847404412285
2021-03-02,0.322812051,11.4000107374497,0.06398579991052569
2021-03-03,0.32847542,11.600010914674002,0.065108357741099
2021-03-04,0.359623952,12.700011977694402,0.07128242630478655
2021-03-05,0.353960582,12.500011765155401,0.07015986827599947
2021-03-06,0.362455636,12.8000120486492,0.0718437051209663
2021-03-07,0.373782375,13.2000124384125,0.07408882098032667
2021-03-08,0.404930906,14.3000134661182,0.08026288934580043
2021-03-09,0.41342596,14.600013749612,0.08194672619076727
2021-03-10,0.410594276,14.5000136786572,0.08138544737458753
2021-03-11,0.385109114,13.6000128281758,0.07633393683968703
2021-03-12,0.382277429,13.5000127219063,0.0757726578252935
2021-03-13,0.37661406,13.300012544682,0.0746500999947202
2021-03-14,0.382277429,13.5000127219063,0.0757726578252935
2021-03-15,0.37661406,13.300012544682,0.0746500999947202
2021-03-16,0.385109114,13.6000128281758,0.07633393683968703
2021-03-17,0.365287321,12.9000121549187,0.07240498413535984
2021-03-18,0.37661406,13.300012544682,0.0746500999947202
2021-03-19,0.427584384,15.1000142456448,0.08475312106452118
2021-03-20,0.512534923,18.100017045268103,0.10159148931597568
2021-03-21,0.622970625,22.000020730687503,0.12348136830054444
2021-03-22,0.57766367,20.400019206949,0.11450090506131676
2021-03-23,0.523861662,18.5000174350314,0.10383660517533602
2021-03-24,0.529525031,18.700017612255703,0.10495916300590934
2021-03-25,0.481386392,17.0000160175624,0.0954174209505019
2021-03-26,0.489881446,17.3000163010562,0.09710125779546873
2021-03-27,0.441742807,15.600014706362902,0.08755951574006131
2021-03-28,0.484218077,17.100016123831903,0.09597869996489546
2021-03-29,0.654119156,23.100021758393204,0.12965543666601823
2021-03-30,0.807030128,28.5000268612816,0.15996449987542113
2021-03-31,0.739069696,26.100024593331202,0.14649380511568652
2021-04-01,0.804198443,28.4000267550121,0.1594032208610276
2021-04-02,1.016574793,35.900033842357104,0.2014991419851983
2021-04-03,1.262931358,44.6000420283626,0.25033041029102254
2021-04-04,1.707505849,60.3000568056803,0.3384512048472636
2021-04-05,2.055803063,72.60006842892611,0.40748851549090354
2021-04-06,2.050139693,72.40006821638711,0.40636595746211657
2021-04-07,1.877406929,66.3000624755563,0.3721279417466002
2021-04-08,2.018991162,71.3000671886814,0.40019188909664266
2021-04-09,2.11526844,74.700070378068,0.41927537320745756
2021-04-10,2.16340708,76.400072008076,0.42881711546107876
2021-04-11,2.355961636,83.2000783868492,0.46698408368270855
2021-04-12,2.66178358,94.000088592626,0.5276022101015143
2021-04-13,2.692932111,95.10008962033172,0.5337762784669882
2021-04-14,2.355961636,83.2000783868492,0.46698408368270855
2021-04-15,2.579664725,91.10008586395752,0.5113251206662396
2021-04-16,2.237030881,79.0000744532507,0.4434103680513867
2021-04-17,1.945367361,68.7000647435067,0.38559863650633475
2021-04-18,1.648040472,58.2000548565384,0.3266643471307096
2021-04-19,1.548931509,54.7000515608823,0.30701958400550117
2021-04-20,1.682020688,59.4000559905136,0.3333996945105769
2021-04-21,1.86608019,65.900062085793,0.36988282588723975
2021-04-22,1.888733668,66.70006286531961,0.3743730576059605
2021-04-23,1.902892091,67.20006332603771,0.3771794522815007
2021-04-24,1.778297966,62.8000591799002,0.3524831786213918
2021-04-25,2.123763494,75.0000706615618,0.42095921005242437
2021-04-26,2.729744011,96.40009082526171,0.5410729046630353
2021-04-27,2.602318202,91.90008660816942,0.5158153521867466
2021-04-28,2.245525935,79.3000747367445,0.4450942048963535
2021-04-29,2.222872457,78.5000739572179,0.4406039731776328
2021-04-30,3.058219432,108.0001017752504,0.606181262602348
2021-05-01,4.672279688,165.0001554978136,0.9261102623531902
2021-05-02,5.974854631,211.00019883737573,1.1842985778546535
2021-05-03,5.635052472,199.0001875329384,1.116945104254194
2021-05-04,4.247526989,150.0001413584383,0.8419184203030625
2021-05-05,4.162576449,147.0001385235003,0.8250800518533945
2021-05-06,4.955448154,175.0001649240638,0.9822381570532753
2021-05-07,5.889904091,208.00019600243772,1.167460209404985
2021-05-08,6.201389404,219.00020638543882,1.2292008936543644
2021-05-09,5.06871554,179.000168680438,1.004689314854024
2021-05-10,4.332477529,153.00014419337631,0.858756788752731
2021-05-11,3.851091137,136.0001281758139,0.763339367802229
2021-05-12,3.766140597,133.0001253408759,0.7465009993525606
2021-05-13,3.964358523,140.0001319321881,0.7857905256029775
2021-05-14,4.445744915,157.0001479497505,0.8812079465534793
2021-05-15,5.012081847,177.0001668022509,0.9934637359536496
2021-05-16,5.210299773,184.0001733935631,1.0327532622040665
2021-05-17,5.663369318,200.0001884543746,1.1225578936052742
2021-05-18,4.615645994,163.00015358431182,0.9148846832546023
2021-05-19,4.134259602,146.0001375667494,0.8194672623041003
2021-05-20,4.417428068,156.00014699299962,0.8755951570041854
2021-05-21,7.447330654,263.0002478468138,1.476163630255453
2021-05-22,8.834856137,312.0002940213139,1.7511903142065846
2021-05-23,8.325152898,294.0002770470006,1.650160103706789
2021-05-24,7.419013807,262.0002468900629,1.4705508407061592
2021-05-25,6.739409489,238.0002242811883,1.3358438935052404
2021-05-26,6.39960733,226.00021297675102,1.268490419904781
2021-05-27,5.663369318,200.0001884543746,1.1225578936052742
2021-05-28,5.380200852,190.0001790281244,1.0664299989051893
2021-05-29,5.295250313,187.00017622850112,1.0495916306537347
2021-05-30,5.295250313,187.00017622850112,1.0495916306537347
2021-05-31,5.436834546,192.0001809416262,1.0776555780037773
2021-06-01,4.615645994,163.00015358431182,0.9148846832546023
2021-06-02,4.304160682,152.0001432366254,0.8531439992034369
2021-06-03,4.275843835,151.0001422798745,0.8475312096541427
2021-06-04,4.559012301,161.0001517061247,0.9036591043542279
2021-06-05,4.757230227,168.0001582974369,0.9429486306046447
2021-06-06,4.332477529,153.00014419337631,0.858756788752731
2021-06-07,3.90772483,138.000130054001,0.7745649467026032
2021-06-08,3.482972131,123.00011591462571,0.6903731046524756
2021-06-09,3.086536279,109.00010273200131,0.6117940521516421
2021-06-10,2.752397489,97.2000916047883,0.5455631363817559
2021-06-11,2.480555761,87.60008253298672,0.49168035734281745
2021-06-12,2.256852673,79.7000750911931,0.44733932055750014
2021-06-13,2.050139693,72.40006821638711,0.40636595746211657
2021-06-14,1.868911875,66.0000621920625,0.3704441049016333
2021-06-15,1.721664273,60.8000573017131,0.34125759972101755
2021-06-16,1.599901832,56.500053226530405,0.3171226048770884
2021-06-17,1.517782977,53.6000504978619,0.3008455154418136
2021-06-18,1.486634446,52.500049470156206,0.29467144707633985
2021-06-19,1.421505699,50.2000473084753,0.28176203133099875
2021-06-20,1.279921466,45.200042595350205,0.2536980839809562
2021-06-21,1.158159026,40.900038555482205,0.2295630893352409
2021-06-22,1.061881747,37.5000353307809,0.21047960502621219
2021-06-23,1.016574793,35.900033842357104,0.2014991419851983
2021-06-24,1.013743108,35.8000337360876,0.20093786297080476
2021-06-25,1.030733216,36.4000343030752,0.20430553666073842
2021-06-26,1.027901531,36.3000341968057,0.20374425764634488
2021-06-27,1.013743108,35.8000337360876,0.20093786297080476
2021-06-28,0.920297514,32.5000306176558,0.18241565767616966
2021-06-29,1.302574943,46.000043339562104,0.25818831550146315
2021-06-30,1.455485915,51.4000484424505,0.28849737871086606
2021-07-01,1.110020386,39.2000369254742,0.22002134708161963
2021-07-02,0.962772784,34.0000320351248,0.1908348419010038
2021-07-03,0.928792568,32.800030901149604,0.1840994945211365
2021-07-04,0.858000452,30.3000285622444,0.1700675209452221
2021-07-05,0.863663821,30.500028739468704,0.17119007877579542
2021-07-06,1.047723324,37.0000348700628,0.20767321035067204
2021-07-07,0.838178659,29.600027888987302,0.16613856824089493
2021-07-08,0.778713281,27.500025904530702,0.15435171032612713
2021-07-09,0.756059804,26.7000251603188,0.14986147880562015
2021-07-10,0.736238011,26.0000244870617,0.14593252610129295
2021-07-11,0.676772634,23.9000225379198,0.13414566838473896
2021-07-12,0.656950841,23.200021864662702,0.13021671568041177
2021-07-13,0.849505398,30.0000282787506,0.16838368410025528
2021-07-14,0.991089631,35.000032991875706,0.19644763145029784
2021-07-15,0.824020236,29.1000274282692,0.1633321735653548
2021-07-16,0.739069696,26.100024593331202,0.14649380511568652
2021-07-17,0.758891489,26.800025266588303,0.1504227578200137
2021-07-18,0.761723173,26.900025337543102,0.15098403663619347
2021-07-19,0.894812352,31.6000297671744,0.17736414714126916
2021-07-20,0.87499056,30.900029129232,0.17343519463515578
2021-07-21,0.91180246,32.200030334162,0.18073182083120282
2021-07-22,0.852337082,30.100028349705404,0.16894496291643504
2021-07-23,0.758891489,26.800025266588303,0.1504227578200137
2021-07-24,0.951446045,33.6000316453615,0.18858972604164345
2021-07-25,1.543268139,54.500051348343305,0.3058970259767141
2021-07-26,1.557426563,55.0000518443761,0.308703420850468
2021-07-27,1.311069997,46.3000436230559,0.25987215234642996
2021-07-28,1.393188852,49.2000463517244,0.27614924178170475
2021-07-29,1.325228421,46.8000441190887,0.2626785472201839
2021-07-30,1.693347426,59.80005634496221,0.3356448101717235
2021-07-31,1.506456239,53.20005014341331,0.29860039978066705
2021-08-01,1.543268139,54.500051348343305,0.3058970259767141
2021-08-02,1.568753301,55.40005219882471,0.3109485365116146
2021-08-03,1.299743259,45.900043268607305,0.2576270366852834
2021-08-04,1.144000602,40.4000380594494,0.22675669446148694
2021-08-05,1.010911423,35.7000336298181,0.20037658395641122
2021-08-06,1.200634296,42.400039972951205,0.237982273560075
2021-08-07,0.985426261,34.8000327793367,0.19532507342151073
2021-08-08,0.883485614,31.200029412725804,0.17511903148012262
2021-08-09,0.809861813,28.600026967551102,0.1605257788898147
2021-08-10,0.761723173,26.900025337543102,0.15098403663619347
2021-08-11,0.733406327,25.900024416106902,0.1453712472851132
2021-08-12,0.744733065,26.300024770555503,0.1476163629462598
2021-08-13,0.741901381,26.200024699600704,0.14705508413008006
2021-08-14,0.716416219,25.3000238491193,0.14200357359517957
2021-08-15,0.736238011,26.0000244870617,0.14593252610129295
2021-08-16,0.727742957,25.700024203567903,0.14424868925632614
2021-08-17,0.756059804,26.7000251603188,0.14986147880562015
2021-08-18,0.679604318,24.000022608874602,0.1347069472009187
2021-08-19,1.112852071,39.300037031743706,0.2205826260960132
2021-08-20,1.175149134,41.5000391224698,0.23293076302517451
2021-08-21,0.889148983,31.4000295899501,0.1762415893106959
2021-08-22,0.761723173,26.900025337543102,0.15098403663619347
2021-08-23,0.696594426,24.6000231758622,0.13807462089085237
2021-08-24,0.656950841,23.200021864662702,0.13021671568041177
2021-08-25,0.617307256,21.800020553463202,0.12235881046997117
2021-08-26,0.597485463,21.1000198802061,0.11842985776564396
2021-08-27,0.608812202,21.5000202699694,0.12067497362500432
2021-08-28,0.57766367,20.400019206949,0.11450090506131676
2021-08-29,0.557841878,19.7000185690066,0.11057195255520336
2021-08-30,0.535188401,18.900017824794702,0.10608172103469642
2021-08-31,0.526693347,18.600017541300904,0.10439788418972959
2021-09-01,0.611643886,21.6000203409242,0.12123625244118408
2021-09-02,0.79004002,27.900026294294,0.15659682618548748
2021-09-03,0.651287472,23.0000216874384,0.1290941578498385
2021-09-04,0.600317148,21.200019986475603,0.1189911367800375
2021-09-05,0.552178509,19.5000183917823,0.10944939472463006
2021-09-06,0.521029977,18.4000173287619,0.10327532616094251
2021-09-07,0.501208185,17.7000166908195,0.0993463736548291
2021-09-08,0.484218077,17.100016123831903,0.09597869996489546
2021-09-09,0.472891338,16.7000157340686,0.09373358410553506
2021-09-10,0.458732915,16.200015273350502,0.09092718942999495
2021-09-11,0.453069545,16.000015060811503,0.08980463140120788
2021-09-12,0.444574491,15.700014777317701,0.08812079455624104
2021-09-13,0.438911122,15.500014600093401,0.08699823672566775
2021-09-14,0.433247753,15.3000144228691,0.08587567889509447
2021-09-15,0.421921014,14.9000140331058,0.0836305630357341
2021-09-16,0.416257645,14.700013855881501,0.0825080052051608
2021-09-17,0.410594276,14.5000136786572,0.08138544737458753
2021-09-18,0.407762591,14.400013572387701,0.08082416836019399
2021-09-19,0.478554707,16.9000159112929,0.09485614193610836
2021-09-20,0.45590123,16.100015167081,0.09036591041560141
2021-09-21,0.424752699,15.0000141393753,0.08419184205012764
2021-09-22,0.41342596,14.600013749612,0.08194672619076727
2021-09-23,0.407762591,14.400013572387701,0.08082416836019399
2021-09-24,0.402099222,14.2000133951634,0.07970161052962069
2021-09-25,0.390772483,13.800013005400102,0.07745649467026032
2021-09-26,0.390772483,13.800013005400102,0.07745649467026032
2021-09-27,0.410594276,14.5000136786572,0.08138544737458753
2021-09-28,0.407762591,14.400013572387701,0.08082416836019399
2021-09-29,0.495544815,17.500016478280504,0.09822381562604203
2021-09-30,0.566336932,20.0000188525004,0.11225578940017018
2021-10-01,0.645624102,22.8000214748994,0.12797159982105138
2021-10-02,0.600317148,21.200019986475603,0.1189911367800375
2021-10-03,0.549346824,19.4000182855128,0.10888811571023653
2021-10-04,0.509703239,18.0000169743133,0.10103021049979594
2021-10-05,0.475723023,16.8000158403381,0.09429486311992862
2021-10-06,0.501208185,17.7000166908195,0.0993463736548291
2021-10-07,0.509703239,18.0000169743133,0.10103021049979594
2021-10-08,0.472891338,16.7000157340686,0.09373358410553506
2021-10-09,0.574831986,20.3000191359942,0.11393962624513701
2021-10-10,0.591822094,20.9000197029818,0.11730729993507066
2021-10-11,0.515366608,18.2000171515376,0.10215276833036921
2021-10-12,0.54085177,19.100018002019,0.10720427886526969
2021-10-13,0.538020085,19.0000178957495,0.10664299985087615
2021-10-14,0.518198293,18.3000172578071,0.10271404734476275
2021-10-15,0.487049761,17.200016194786702,0.09653997878107519
2021-10-16,0.504039869,17.8000167617743,0.09990765247100884
2021-10-17,0.538020085,19.0000178957495,0.10664299985087615
2021-10-18,0.535188401,18.900017824794702,0.10608172103469642
2021-10-19,0.54085177,19.100018002019,0.10720427886526969
2021-10-20,0.515366608,18.2000171515376,0.10215276833036921
2021-10-21,0.4983765,17.60001658455,0.09878509464043556
2021-10-22,0.487049761,17.200016194786702,0.09653997878107519
2021-10-23,0.481386392,17.0000160175624,0.0954174209505019
2021-10-24,0.484218077,17.100016123831903,0.09597869996489546
2021-10-25,0.478554707,16.9000159112929,0.09485614193610836
2021-10-26,0.526693347,18.600017541300904,0.10439788418972959
2021-10-27,0.535188401,18.900017824794702,0.10608172103469642
2021-10-28,0.515366608,18.2000171515376,0.10215276833036921
2021-10-29,0.538020085,19.0000178957495,0.10664299985087615
2021-10-30,0.526693347,18.600017541300904,0.10439788418972959
2021-10-31,0.518198293,18.3000172578071,0.10271404734476275
2021-11-01,0.506871554,17.9000168680438,0.10046893148540238
2021-11-02,0.4983765,17.60001658455,0.09878509464043556
2021-11-03,0.492713131,17.4000164073257,0.09766253680986228
2021-11-04,0.472891338,16.7000157340686,0.09373358410553506
2021-11-05,0.470059653,16.600015627799102,0.09317230509114155
2021-11-06,0.45590123,16.100015167081,0.09036591041560141
2021-11-07,0.467227969,16.500015556844303,0.09261102627496179
2021-11-08,0.481386392,17.0000160175624,0.0954174209505019
2021-11-09,0.461564599,16.3000153443053,0.09148846824617471
2021-11-10,0.472891338,16.7000157340686,0.09373358410553506
2021-11-11,0.438911122,15.500014600093401,0.08699823672566775
2021-11-12,0.438911122,15.500014600093401,0.08699823672566775
2021-11-13,0.447406176,15.8000148835872,0.08868207357063458
2021-11-14,0.430416068,15.200014316599601,0.08531439988070093
2021-11-15,0.438911122,15.500014600093401,0.08699823672566775
2021-11-16,0.447406176,15.8000148835872,0.08868207357063458
2021-11-17,0.410594276,14.5000136786572,0.08138544737458753
2021-11-18,0.348297213,12.3000115879311,0.06903731044542619
2021-11-19,0.356792267,12.6000118714249,0.07072114729039301
2021-11-20,0.399267537,14.100013288893901,0.07914033151522716
2021-11-21,0.368119006,13.000012261188202,0.0729662631497534
2021-11-22,0.339802159,12.000011304437301,0.06735347360045935
2021-11-23,0.385109114,13.6000128281758,0.07633393683968703
2021-11-24,0.387940798,13.7000128991306,0.07689521565586678
2021-11-25,0.362455636,12.8000120486492,0.0718437051209663
2021-11-26,0.37661406,13.300012544682,0.0746500999947202
2021-11-27,0.407762591,14.400013572387701,0.08082416836019399
2021-11-28,0.362455636,12.8000120486492,0.0718437051209663
2021-11-29,0.362455636,12.8000120486492,0.0718437051209663
2021-11-30,0.368119006,13.000012261188202,0.0729662631497534
2021-12-01,,,
2021-12-02,,,
2021-12-03,,,
2021-12-04,,,
2021-12-05,,,
2021-12-06,,,
2021-12-07,,,
2021-12-08,,,
2021-12-09,,,
2021-12-10,,,
2021-12-11,,,
2021-12-12,,,
2021-12-13,,,
2021-12-14,,,
2021-12-15,,,
2021-12-16,,,
2021-12-17,,,
2021-12-18,,,
2021-12-19,,,
2021-12-20,,,
2021-12-21,,,
2021-12-22,,,
2021-12-23,,,
2021-12-24,,,
2021-12-25,,,
2021-12-26,,,
2021-12-27,,,
2021-12-28,,,
2021-12-29,,,
2021-12-30,,,
2021-12-31,,,
2022-01-01,,,
2022-01-02,,,
2022-01-03,,,
2022-01-04,,,
2022-01-05,,,
2022-01-06,,,
2022-01-07,,,
2022-01-08,,,
2022-01-09,,,
2022-01-10,,,
2022-01-11,,,
2022-01-12,,,
2022-01-13,,,
2022-01-14,,,
2022-01-15,,,
2022-01-16,,,
2022-01-17,,,
2022-01-18,,,
2022-01-19,,,
2022-01-20,,,
2022-01-21,,,
2022-01-22,,,
2022-01-23,,,
2022-01-24,,,
2022-01-25,,,
2022-01-26,,,
2022-01-27,,,
2022-01-28,,,
2022-01-29,,,
2022-01-30,,,
2022-01-31,,,
2022-02-01,,,
2022-02-02,,,
2022-02-03,,,
2022-02-04,,,
2022-02-05,,,
2022-02-06,,,
2022-02-07,,,
2022-02-08,,,
2022-02-09,,,
2022-02-10,,,
2022-02-11,,,
2022-02-12,,,
2022-02-13,,,
2022-02-14,,,
2022-02-15,,,
2022-02-16,,,
2022-02-17,,,
2022-02-18,,,
2022-02-19,,,
2022-02-20,,,
2022-02-21,,,
2022-02-22,,,
2022-02-23,,,
2022-02-24,,,
2022-02-25,,,
2022-02-26,,,
2022-02-27,,,
2022-02-28,,,
2022-03-01,0.472891338,16.7000157340686,0.09373358410553506
2022-03-02,0.54085177,19.100018002019,0.10720427886526969
2022-03-03,0.656950841,23.200021864662702,0.13021671568041177
2022-03-04,0.741901381,26.200024699600704,0.14705508413008006
2022-03-05,0.736238011,26.0000244870617,0.14593252610129295
2022-03-06,0.671109264,23.700022325380804,0.13302311035595188
2022-03-07,0.560673563,19.800018675276103,0.11113323156959691
2022-03-08,0.501208185,17.7000166908195,0.0993463736548291
2022-03-09,0.538020085,19.0000178957495,0.10664299985087615
2022-03-10,0.538020085,19.0000178957495,0.10664299985087615
2022-03-11,0.393604168,13.9000131116696,0.07801777368465386
2022-03-12,0.45590123,16.100015167081,0.09036591041560141
2022-03-13,0.546515139,19.300018179243303,0.108326836695843
2022-03-14,0.631465679,22.3000210141813,0.12516520514551127
2022-03-15,0.682436003,24.1000227151441,0.13526822621531223
2022-03-16,0.841010344,29.7000279952568,0.16669984725528844
2022-03-17,0.866495506,30.6000288457382,0.17175135779018894
2022-03-18,0.835346974,29.5000277827178,0.16557728922650136
2022-03-19,0.866495506,30.6000288457382,0.17175135779018894
2022-03-20,0.940119307,33.200031290912904,0.18634461038049685
2022-03-21,0.863663821,30.500028739468704,0.17119007877579542
2022-03-22,0.843842028,29.8000280662116,0.1672611260714682
2022-03-23,0.891980668,31.500029696219602,0.1768028683250894
2022-03-24,0.991089631,35.000032991875706,0.19644763145029784
2022-03-25,1.28841652,45.500042878844,0.25538192082592304
2022-03-26,1.766971227,62.4000587901369,0.3502380627620314
2022-03-27,2.404100276,84.9000800168572,0.47652582593632975
2022-03-28,2.860001506,101.00009518393821,0.5668917363519311
2022-03-29,2.888318352,102.00009610537441,0.5725045257030115
2022-03-30,2.24269425,79.200074630475,0.44453292588196
2022-03-31,1.902892091,67.20006332603771,0.3771794522815007
2022-04-01,1.806614813,63.8000601366511,0.3580959681706858
2022-04-02,1.883070298,66.5000626527806,0.3732504995771735
2022-04-03,2.254020989,79.6000750202383,0.44677804174132035
2022-04-04,2.480555761,87.60008253298672,0.49168035734281745
2022-04-05,3.001585739,106.0000998970633,0.5949556837019737
2022-04-06,3.341387898,118.0001112015006,0.6623091573024331
2022-04-07,2.973268892,105.00009894031241,0.5893428941526797
2022-04-08,3.058219432,108.0001017752504,0.606181262602348
2022-04-09,3.681190057,130.0001225059379,0.7296626309028924
2022-04-10,4.020992216,142.0001338103752,0.7970161045033517
2022-04-11,3.681190057,130.0001225059379,0.7296626309028924
2022-04-12,3.766140597,133.0001253408759,0.7465009993525606
2022-04-13,2.916635199,103.0000970621253,0.5781173152523055
2022-04-14,2.483387446,87.70008263925621,0.49224163635721097
2022-04-15,2.372951744,83.8000789538368,0.4703517573726421
2022-04-16,2.489050815,87.9000828164805,0.49336419418778427
2022-04-17,3.086536279,109.00010273200131,0.6117940521516421
2022-04-18,4.190893296,148.0001394802512,0.8306928414026882
2022-04-19,5.833270398,206.0001941242506,1.156234630504611
2022-04-20,7.079211648,250.00023558562563,1.4031973671056996
2022-04-21,7.985350739,282.00026574256333,1.5828066301063295
2022-04-22,8.693271904,307.0002893081888,1.723126366856542
2022-04-23,6.597825256,233.00021956806322,1.3077799461551978
2022-04-24,4.983765,176.00016584550002,0.9878509464043556
2022-04-25,4.134259602,146.0001375667494,0.8194672623041003
2022-04-26,3.879407983,137.00012909725012,0.7689521571533093
2022-04-27,4.219210142,149.0001404016874,0.8363056307537685
2022-04-28,5.23861662,185.000174350314,1.0383660517533604
2022-04-29,6.342973637,224.0002110985639,1.2572648410044067
2022-04-30,6.739409489,238.0002242811883,1.3358438935052404
2022-05-01,7.617231733,269.0002534813751,1.5098403669565759
2022-05-02,8.268519205,292.0002751688135,1.6389345248064144
2022-05-03,8.778222444,310.00029214312684,1.7399647353062107
2022-05-04,7.843766506,277.0002610294382,1.5547426827562867
2022-05-05,6.626142103,234.00022052481413,1.3133927357044919
2022-05-06,7.617231733,269.0002534813751,1.5098403669565759
2022-05-07,10.19406477,360.00033913311904,2.0206042080137805
2022-05-08,12.4594125,440.00041461374997,2.4696273660108887
2022-05-09,12.09129349,427.000402211303,2.3966611020682804
2022-05-10,10.64713432,376.000354370504,2.1104088404060573
2022-05-11,10.22238162,361.00034019581403,2.0262169981577163
2022-05-12,9.146341449,323.0003043690003,1.8129309982577497
2022-05-13,8.410103438,297.00027988193864,1.666998472156457
2022-05-14,8.240202358,291.0002742120626,1.6333217352571203
2022-05-15,8.834856137,312.0002940213139,1.7511903142065846
2022-05-16,9.004757216,318.0002996558752,1.7848670509077074
2022-05-17,8.636638211,305.0002874300017,1.7119007879561676
2022-05-18,8.296836051,293.0002760902497,1.6445473141574944
2022-05-19,7.843766506,277.0002610294382,1.5547426827562867
2022-05-20,7.334063267,259.00024405512494,1.453712472256491
2022-05-21,6.31465679,223.000210141813,1.2516520514551128
2022-05-22,5.181982926,183.0001724368122,1.0271404726547724
2022-05-23,4.615645994,163.00015358431182,0.9148846832546023
2022-05-24,3.992675369,141.0001328536243,0.7914033149540578
2022-05-25,3.596239517,127.00011967099991,0.7128242624532241
2022-05-26,3.426338438,121.00011403643862,0.6791475257521014
2022-05-27,3.454655284,122.00011495787481,0.6847603151031817
2022-05-28,3.454655284,122.00011495787481,0.6847603151031817
2022-05-29,3.313071051,117.0001102447497,0.656696367753139
2022-05-30,3.029902585,107.0001008184995,0.6005684730530539
2022-05-31,2.664615264,94.1000886635808,0.528163488917694
2022-06-01,2.415427014,85.30008037130581,0.47877094159747635
2022-06-02,2.265347727,80.0000753746869,0.44902315740246695
2022-06-03,2.16340708,76.400072008076,0.42881711546107876
2022-06-04,2.086951594,73.7000694566318,0.41366258385637733
2022-06-05,1.987842631,70.2000661609757,0.3940178207311689
2022-06-06,1.911387145,67.50006360953151,0.3788632891264675
2022-06-07,1.823604921,64.4000607036387,0.36146364186061947
2022-06-08,1.724495957,60.9000573726679,0.3418188785371973
2022-06-09,1.61689194,57.100053793518,0.320490278567022
2022-06-10,1.517782977,53.6000504978619,0.3008455154418136
2022-06-11,1.427169068,50.4000474856996,0.28288458916157205
2022-06-12,1.342218528,47.40004465076161,0.26604622071190376
2022-06-13,1.257267989,44.400041851138305,0.24920785246044927
2022-06-14,1.175149134,41.5000391224698,0.23293076302517451
2022-06-15,1.107188702,39.1000368545194,0.21946006826543987
2022-06-16,1.03922827,36.700034586569004,0.20598937350570526
2022-06-17,0.993921315,35.100033062830505,0.19700891026647757
2022-06-18,1.087366909,38.4000361812623,0.2155311155611127
2022-06-19,2.067129801,73.0000687833747,0.40973363115205014
2022-06-20,1.679189003,59.3000558842441,0.33283841549618337
2022-06-21,1.243109565,43.9000413551055,0.24640145758669535
2022-06-22,1.146832287,40.500038165718905,0.22731797347588048
2022-06-23,1.175149134,41.5000391224698,0.23293076302517451
2022-06-24,1.090198594,38.500036287531806,0.21609239457550625
2022-06-25,0.996753,35.2000331691,0.1975701892808711
2022-06-26,1.141168918,40.3000379884946,0.2261954156453072
2022-06-27,1.953862415,69.0000650270005,0.3872824733513016
2022-06-28,1.469644338,51.9000489031686,0.2913037733864062
2022-06-29,1.684852372,59.5000560614684,0.3339609733267566
2022-06-30,1.339386844,47.30004457980681,0.265484941895724
2022-07-01,1.333723474,47.1000443672678,0.2643623838669369
2022-07-02,1.441327492,50.900047981732406,0.285690984035326
2022-07-03,1.379030429,48.7000458910063,0.2733428471061646
2022-07-04,1.458317599,51.5000485134053,0.2890586575270458
2022-07-05,1.336555159,47.200044473537304,0.26492366288133046
2022-07-06,1.424337384,50.3000474147448,0.28232331034539226
2022-07-07,1.274258097,45.0000424181259,0.2525755261503829
2022-07-08,1.107188702,39.1000368545194,0.21946006826543987
2022-07-09,1.013743108,35.8000337360876,0.20093786297080476
2022-07-10,0.971267838,34.300032318618605,0.19251867874597062
2022-07-11,1.013743108,35.8000337360876,0.20093786297080476
2022-07-12,0.988257946,34.9000328856062,0.1958863524359043
2022-07-13,0.979762892,34.6000326021124,0.19420251559093746
2022-07-14,0.906139091,32.000030156937704,0.17960926300062954
2022-07-15,0.886317298,31.300029483680603,0.17568031029630238
2022-07-16,0.889148983,31.4000295899501,0.1762415893106959
2022-07-17,0.815525182,28.800027144775402,0.16164833672038798
2022-07-18,0.940119307,33.200031290912904,0.18634461038049685
2022-07-19,0.824020236,29.1000274282692,0.1633321735653548
2022-07-20,0.744733065,26.300024770555503,0.1476163629462598
2022-07-21,0.713584534,25.2000237428498,0.14144229458078603
2022-07-22,0.70508948,24.900023459356003,0.1397584577358192
2022-07-23,0.778713281,27.500025904530702,0.15435171032612713
2022-07-24,0.937287622,33.100031184643406,0.18578333136610334
2022-07-25,0.849505398,30.0000282787506,0.16838368410025528
2022-07-26,0.991089631,35.000032991875706,0.19644763145029784
2022-07-27,0.959941099,33.900031928855306,0.19027356288661026
2022-07-28,1.302574943,46.000043339562104,0.25818831550146315
2022-07-29,1.716000903,60.60005708917411,0.3401350416922304
2022-07-30,1.9566941,69.10006513327001,0.3878437523656952
2022-07-31,1.900060406,67.1000632197682,0.37661817326710706
2022-08-01,2.203050665,77.80007331927551,0.4366750206715194
2022-08-02,1.945367361,68.7000647435067,0.38559863650633475
2022-08-03,1.560258247,55.1000519153309,0.30926469966664777
2022-08-04,1.430000753,50.50004759196911,0.28344586817596557
2022-08-05,1.673525634,59.100055707019806,0.33171585766561007
2022-08-06,1.353545267,47.80004504052491,0.26829133657126414
2022-08-07,1.240277881,43.8000412841507,0.2458401787705156
2022-08-08,1.243109565,43.9000413551055,0.24640145758669535
2022-08-09,1.144000602,40.4000380594494,0.22675669446148694
2022-08-10,1.16099071,41.000038626437004,0.23012436815142062
2022-08-11,1.050555009,37.1000349763323,0.20823448936506564
2022-08-12,1.070376801,37.800035614274705,0.21216344187117905
2022-08-13,1.050555009,37.1000349763323,0.20823448936506564
2022-08-14,0.951446045,33.6000316453615,0.18858972604164345
2022-08-15,0.91746583,32.400030546701004,0.1818543788599899
2022-08-16,1.044891639,36.9000347637933,0.20711193133627856
2022-08-17,1.022238162,36.10003401958141,0.20262169981577163
2022-08-18,1.042059955,36.8000346928385,0.2065506525200988
2022-08-19,0.931624253,32.9000310074191,0.18466077353553
2022-08-20,0.91746583,32.400030546701004,0.1818543788599899
2022-08-21,0.925960884,32.7000308301948,0.18353821570495674
2022-08-22,0.903307406,31.900030050668203,0.179047983986236
2022-08-23,0.931624253,32.9000310074191,0.18466077353553
2022-08-24,0.858000452,30.3000285622444,0.1700675209452221
2022-08-25,0.835346974,29.5000277827178,0.16557728922650136
2022-08-26,1.183644188,41.8000394059636,0.23461459987014133
2022-08-27,1.206297665,42.6000401501755,0.23910483139064828
2022-08-28,0.988257946,34.9000328856062,0.1958863524359043
2022-08-29,0.91180246,32.200030334162,0.18073182083120282
2022-08-30,0.843842028,29.8000280662116,0.1672611260714682
2022-08-31,0.804198443,28.4000267550121,0.1594032208610276
2022-09-01,0.781544966,27.600026010800203,0.15491298934052064
2022-09-02,0.753228119,26.6000250540493,0.14930019979122663
2022-09-03,0.756059804,26.7000251603188,0.14986147880562015
2022-09-04,0.798535074,28.200026577787803,0.15828066303045432
2022-09-05,0.727742957,25.700024203567903,0.14424868925632614
2022-09-06,0.702257795,24.8000233530865,0.13919717872142565
2022-09-07,0.70508948,24.900023459356003,0.1397584577358192
2022-09-08,0.716416219,25.3000238491193,0.14200357359517957
2022-09-09,0.685267688,24.200022821413604,0.1358295052297058
2022-09-10,0.665445895,23.5000221481565,0.13190055252537858
2022-09-11,0.637129048,22.5000211914056,0.12628776297608457
2022-09-12,0.62580231,22.100020836957,0.12404264731493798
2022-09-13,0.622970625,22.000020730687503,0.12348136830054444
2022-09-14,0.792871705,28.000026400563502,0.15715810519988102
2022-09-15,0.91180246,32.200030334162,0.18073182083120282
2022-09-16,0.727742957,25.700024203567903,0.14424868925632614
2022-09-17,0.665445895,23.5000221481565,0.13190055252537858
2022-09-18,0.634297364,22.400021120450802,0.1257264841599048
2022-09-19,0.617307256,21.800020553463202,0.12235881046997117
2022-09-20,0.614475571,21.700020447193705,0.12179753145557763
2022-09-21,0.676772634,23.9000225379198,0.13414566838473896
2022-09-22,1.455485915,51.4000484424505,0.28849737871086606
2022-09-23,1.336555159,47.200044473537304,0.26492366288133046
2022-09-24,0.942950992,33.3000313971824,0.1869058893948904
2022-09-25,0.82685192,29.200027499224,0.16389345238153455
2022-09-26,0.79004002,27.900026294294,0.15659682618548748
2022-09-27,0.775881597,27.400025833575903,0.15379043150994737
2022-09-28,0.750396435,26.5000249830945,0.14873892097504687
2022-09-29,0.730574642,25.8000243098374,0.14480996827071968
2022-09-30,0.719247903,25.4000239200741,0.1425648524113593
2022-10-01,0.727742957,25.700024203567903,0.14424868925632614
2022-10-02,1.127010494,39.800037492461804,0.22338902077155331
2022-10-03,1.364872006,48.2000454302882,0.27053645243062446
2022-10-04,1.194970926,42.2000397604122,0.23685971553128793
2022-10-05,1.027901531,36.3000341968057,0.20374425764634488
2022-10-06,1.067545117,37.700035543319906,0.2116021630549993
2022-10-07,1.030733216,36.4000343030752,0.20430553666073842
2022-10-08,0.991089631,35.000032991875706,0.19644763145029784
2022-10-09,0.937287622,33.100031184643406,0.18578333136610334
2022-10-10,0.900475722,31.800029979713404,0.17848670517005627
2022-10-11,0.852337082,30.100028349705404,0.16894496291643504
2022-10-12,0.809861813,28.600026967551102,0.1605257788898147
2022-10-13,0.770218227,27.2000256210369,0.1526678734811603
2022-10-14,0.744733065,26.300024770555503,0.1476163629462598
2022-10-15,0.727742957,25.700024203567903,0.14424868925632614
2022-10-16,0.730574642,25.8000243098374,0.14480996827071968
2022-10-17,0.784376651,27.7000261170697,0.1554742683549142
2022-10-18,0.764554858,27.0000254438126,0.151545315650587
2022-10-19,0.719247903,25.4000239200741,0.1425648524113593
2022-10-20,0.696594426,24.6000231758622,0.13807462089085237
2022-10-21,0.679604318,24.000022608874602,0.1347069472009187
2022-10-22,0.66827758,23.600022254426,0.13246183153977212
2022-10-23,0.770218227,27.2000256210369,0.1526678734811603
2022-10-24,0.710752849,25.100023636580303,0.1408810155663925
2022-10-25,0.637129048,22.5000211914056,0.12628776297608457
2022-10-26,0.727742957,25.700024203567903,0.14424868925632614
2022-10-27,0.685267688,24.200022821413604,0.1358295052297058
2022-10-28,0.603148832,21.3000200574304,0.11955241559621727
2022-10-29,0.654119156,23.100021758393204,0.12965543666601823
2022-10-30,0.665445895,23.5000221481565,0.13190055252537858
2022-10-31,0.639960733,22.600021297675102,0.1268490419904781
2022-11-01,0.62580231,22.100020836957,0.12404264731493798
2022-11-02,0.634297364,22.400021120450802,0.1257264841599048
2022-11-03,0.70508948,24.900023459356003,0.1397584577358192
2022-11-04,0.569168616,20.100018923455202,0.11281706821634993
2022-11-05,0.574831986,20.3000191359942,0.11393962624513701
2022-11-06,0.66261421,23.400022041887002,0.13133927351098504
2022-11-07,0.66827758,23.600022254426,0.13246183153977212
2022-11-08,0.671109264,23.700022325380804,0.13302311035595188
2022-11-09,0.66261421,23.400022041887002,0.13133927351098504
2022-11-10,0.586158724,20.700019490442802,0.1161847419062836
2022-11-11,0.436079438,15.4000145291386,0.08643695790948801
2022-11-12,0.430416068,15.200014316599601,0.08531439988070093
2022-11-13,0.447406176,15.8000148835872,0.08868207357063458
2022-11-14,0.45590123,16.100015167081,0.09036591041560141
2022-11-15,0.438911122,15.500014600093401,0.08699823672566775
2022-11-16,0.41342596,14.600013749612,0.08194672619076727
2022-11-17,0.393604168,13.9000131116696,0.07801777368465386
2022-11-18,0.396435852,14.0000131826244,0.07857905250083361
2022-11-19,0.41342596,14.600013749612,0.08194672619076727
2022-11-20,0.41342596,14.600013749612,0.08194672619076727
2022-11-21,0.404930906,14.3000134661182,0.08026288934580043
2022-11-22,0.396435852,14.0000131826244,0.07857905250083361
2022-11-23,0.393604168,13.9000131116696,0.07801777368465386
2022-11-24,0.387940798,13.7000128991306,0.07689521565586678
2022-11-25,0.382277429,13.5000127219063,0.0757726578252935
2022-11-26,0.382277429,13.5000127219063,0.0757726578252935
2022-11-27,0.390772483,13.800013005400102,0.07745649467026032
2022-11-28,0.396435852,14.0000131826244,0.07857905250083361
2022-11-29,0.402099222,14.2000133951634,0.07970161052962069
2022-11-30,0.41908933,14.800013962151,0.08306928421955434
2022-12-01,,,
2022-12-02,,,
2022-12-03,,,
2022-12-04,,,
2022-12-05,,,
2022-12-06,,,
2022-12-07,,,
2022-12-08,,,
2022-12-09,,,
2022-12-10,,,
2022-12-11,,,
2022-12-12,,,
2022-12-13,,,
2022-12-14,,,
2022-12-15,,,
2022-12-16,,,
2022-12-17,,,
2022-12-18,,,
2022-12-19,,,
2022-12-20,,,
2022-12-21,,,
2022-12-22,,,
2022-12-23,,,
2022-12-24,,,
2022-12-25,,,
2022-12-26,,,
2022-12-27,,,
2022-12-28,,,
2022-12-29,,,
2022-12-30,,,
2022-12-31,,,
2023-01-01,,,
2023-01-02,,,
2023-01-03,,,
2023-01-04,,,
2023-01-05,,,
2023-01-06,,,
2023-01-07,,,
2023-01-08,,,
2023-01-09,,,
2023-01-10,,,
2023-01-11,,,
2023-01-12,,,
2023-01-13,,,
2023-01-14,,,
2023-01-15,,,
2023-01-16,,,
2023-01-17,,,
2023-01-18,,,
2023-01-19,,,
2023-01-20,,,
2023-01-21,,,
2023-01-22,,,
2023-01-23,,,
2023-01-24,,,
2023-01-25,,,
2023-01-26,,,
2023-01-27,,,
2023-01-28,,,
2023-01-29,,,
2023-01-30,,,
2023-01-31,,,
2023-02-01,,,
2023-02-02,,,
2023-02-03,,,
2023-02-04,,,
2023-02-05,,,
2023-02-06,,,
2023-02-07,,,
2023-02-08,,,
2023-02-09,,,
2023-02-10,,,
2023-02-11,,,
2023-02-12,,,
2023-02-13,,,
2023-02-14,,,
2023-02-15,,,
2023-02-16,,,
2023-02-17,,,
2023-02-18,,,
2023-02-19,,,
2023-02-20,,,
2023-02-21,,,
2023-02-22,,,
2023-02-23,,,
2023-02-24,,,
2023-02-25,,,
2023-02-26,,,
2023-02-27,,,
2023-02-28,,,
2023-03-01,0.487049761,17.200016194786702,0.09653997878107519
2023-03-02,0.458732915,16.200015273350502,0.09092718942999495
2023-03-03,0.430416068,15.200014316599601,0.08531439988070093
2023-03-04,0.45590123,16.100015167081,0.09036591041560141
2023-03-05,0.489881446,17.3000163010562,0.09710125779546873
2023-03-06,0.518198293,18.3000172578071,0.10271404734476275
2023-03-07,0.555010193,19.6000184627371,0.11001067354080982
2023-03-08,0.572000301,20.2000190297247,0.11337834723074347
2023-03-09,0.603148832,21.3000200574304,0.11955241559621727
2023-03-10,0.659782526,23.3000219709322,0.1307779946948053
2023-03-11,0.707921165,25.0000235656255,0.14031973675021275
2023-03-12,0.690931057,24.4000229986379,0.13695206306027907
2023-03-13,0.659782526,23.3000219709322,0.1307779946948053
2023-03-14,0.682436003,24.1000227151441,0.13526822621531223
2023-03-15,0.883485614,31.200029412725804,0.17511903148012262
2023-03-16,0.95427773,33.700031751631,0.189151005056037
2023-03-17,0.920297514,32.5000306176558,0.18241565767616966
2023-03-18,0.877822244,31.000029200186802,0.1739964734513355
2023-03-19,0.891980668,31.500029696219602,0.1768028683250894
2023-03-20,0.91180246,32.200030334162,0.18073182083120282
2023-03-21,0.877822244,31.000029200186802,0.1739964734513355
2023-03-22,0.945782676,33.4000314681372,0.18746716821107012
2023-03-23,0.83251529,29.400027711763002,0.1650160104103216
2023-03-24,0.79004002,27.900026294294,0.15659682618548748
2023-03-25,0.744733065,26.300024770555503,0.1476163629462598
2023-03-26,0.648455787,22.9000215811689,0.12853287883544492
2023-03-27,0.679604318,24.000022608874602,0.1347069472009187
2023-03-28,0.648455787,22.9000215811689,0.12853287883544492
2023-03-29,0.648455787,22.9000215811689,0.12853287883544492
2023-03-30,0.821188551,29.000027321999703,0.16277089455096125
2023-03-31,0.829683605,29.300027605493504,0.1644547313959281
2023-04-01,0.838178659,29.600027888987302,0.16613856824089493
2023-04-02,1.146832287,40.500038165718905,0.22731797347588048
2023-04-03,1.834931659,64.80006105808731,0.363708757521766
2023-04-04,1.911387145,67.50006360953151,0.3788632891264675
2023-04-05,1.551763193,54.8000516318371,0.30758086282168096
2023-04-06,1.370535375,48.4000456075125,0.2716590102611978
2023-04-07,1.543268139,54.500051348343305,0.3058970259767141
2023-04-08,2.520199347,89.0000838795009,0.4995382627514719
2023-04-09,3.709506904,131.0001234626888,0.7352754204521864
2023-04-10,7.985350739,282.00026574256333,1.5828066301063295
2023-04-11,12.99743259,459.00043268607305,2.576270366852834
2023-04-12,17.21664273,608.000573017131,3.412575997210175
2023-04-13,17.8679302,631.0005946339401,3.541670154663586
2023-04-14,15.3760477,543.00051171119,3.047744681461408
2023-04-15,10.78871855,381.00035897768504,2.138472787161459
2023-04-16,11.29842179,399.0003759873131,2.2395029978594683
2023-04-17,16.02733517,566.000533327999,3.176838838914819
2023-04-18,19.93506,704.0006633820001,3.9514037856174222
2023-04-19,17.07505849,603.000568056803,3.384512048472636
2023-04-20,12.85584835,454.00042772574506,2.5482064181152952
2023-04-21,11.55327341,408.000384492127,2.290018103208473
2023-04-22,12.00634296,424.000399729512,2.37982273560075
2023-04-23,13.79030429,487.000458910063,2.733428471061646
2023-04-24,16.33882048,577.000543605056,3.2385795225695566
2023-04-25,15.06456239,532.0005014341331,2.9860039978066704
2023-04-26,14.30000753,505.00047591969104,2.834458681759656
2023-04-27,17.0184248,601.00056628456,3.3732864701669025
2023-04-28,19.22713884,679.000639992948,3.811084049858278
2023-04-29,23.75783429,839.0007906010632,4.709130363870358
2023-04-30,32.28120511,1140.0010740981172,6.398579993034708
2023-05-01,38.51091137,1360.0012817581392,7.63339367802229
2023-05-02,39.92675369,1410.001328536243,7.914033149540577
2023-05-03,38.51091137,1360.0012817581392,7.63339367802229
2023-05-04,41.05942756,1450.0013664531323,8.138544729530201
2023-05-05,37.3782375,1320.00124384125,7.408882098032667
2023-05-06,29.16635199,1030.000970621253,5.781173152523054
2023-05-07,28.31684659,1000.0009422718731,5.612789468026372
2023-05-08,28.14694551,994.000936601997,5.579112731127034
2023-05-09,32.56437358,1150.001083665626,6.454707888527649
2023-05-10,35.11288977,1240.0011683606192,6.959858940035559
2023-05-11,29.73268892,1050.000989403124,5.893428941526797
2023-05-12,27.0425885,955.00090010095,5.360213943263485
2023-05-13,25.96654832,917.0008639563041,5.1469279415795945
2023-05-14,30.01585739,1060.0009989706332,5.949556837019737
2023-05-15,33.13071051,1170.001102447497,6.56696367753139
2023-05-16,37.94457443,1340.0012626231212,7.52113788703641
2023-05-17,40.77625909,1440.0013568856232,8.08241683403726
2023-05-18,37.09506904,1310.001234626888,7.352754204521864
2023-05-19,35.96239517,1270.001196709999,7.128242624532242
2023-05-20,30.58219432,1080.0010177525041,6.06181262602348
2023-05-21,30.58219432,1080.0010177525041,6.06181262602348
2023-05-22,27.29744011,964.000908252617,5.410729046630353
2023-05-23,26.10813256,922.000868916632,5.174991890317134
2023-05-24,28.31684659,1000.0009422718731,5.612789468026372
2023-05-25,30.58219432,1080.0010177525041,6.06181262602348
2023-05-26,31.71486818,1120.001055316246,6.286324204030965
2023-05-27,30.01585739,1060.0009989706332,5.949556837019737
2023-05-28,27.12753904,958.000902935888,5.377052311713153
2023-05-29,25.40021139,897.000845174433,5.034672152575852
2023-05-30,25.51347878,901.000849072066,5.057123311169456
2023-05-31,24.32417122,859.0008093829341,4.8213861528740996
2023-06-01,22.62516043,799.000753037321,4.484618785862873
2023-06-02,18.97228722,670.000631488134,3.760568944509273
2023-06-03,16.82020688,594.000559905136,3.3339969451057696
2023-06-04,16.82020688,594.000559905136,3.3339969451057696
2023-06-05,16.31050364,576.000542895508,3.2329667344077593
2023-06-06,16.93347426,598.0005634496221,3.356448101717235
2023-06-07,19.62357469,693.0006531049431,3.8896631019626846
2023-06-08,17.35822696,613.000577624312,3.440639943965576
2023-06-09,16.48040472,582.000548565384,3.2666434713070953
2023-06-10,15.46099824,546.000514546128,3.064583049911077
2023-06-11,14.44159176,510.000480526872,2.8625226285150567
2023-06-12,13.84693798,489.000460682306,2.744654049367379
2023-06-13,12.77089781,451.000424890807,2.5313680496656263
2023-06-14,10.87366909,384.000361812623,2.155311155611127
2023-06-15,10.67545117,377.00035543319905,2.116021630549993
2023-06-16,10.30733216,364.000343030752,2.0430553666073843
2023-06-17,10.30733216,364.000343030752,2.0430553666073843
2023-06-18,9.656044688,341.0003213433136,1.913961208757546
2023-06-19,10.30733216,364.000343030752,2.0430553666073843
2023-06-20,10.33564901,365.000344093447,2.048668156751319
2023-06-21,10.05248054,355.000334525938,1.9925402612583791
2023-06-22,9.712678381,343.0003232215007,1.92518678765792
2023-06-23,9.146341449,323.0003043690003,1.8129309982577497
2023-06-24,8.325152898,294.0002770470006,1.650160103706789
2023-06-25,7.4756475,264.00024876825,1.4817764196065333
2023-06-26,7.050894801,249.00023462887472,1.397584577556406
2023-06-27,7.079211648,250.00023558562563,1.4031973671056996
2023-06-28,6.937627415,245.0002308725005,1.3751334197556573
2023-06-29,6.088122017,215.00020259374992,1.2067497356554018
2023-06-30,5.578418779,197.0001856547513,1.1057195253538197
2023-07-01,5.097032387,180.0001696371889,1.0103021044033178
2023-07-02,4.813863921,170.00016021093873,0.9541742097032327
2023-07-03,4.615645994,163.00015358431182,0.9148846832546023
2023-07-04,4.332477529,153.00014419337631,0.858756788752731
2023-07-05,3.992675369,141.0001328536243,0.7914033149540578
2023-07-06,3.65287321,129.000121549187,0.7240498413535984
2023-07-07,3.398021591,120.00011307968771,0.6735347362028073
2023-07-08,3.228120511,114.00010740981172,0.6398579993034709
2023-07-09,3.001585739,106.0000998970633,0.5949556837019737
2023-07-10,2.792041074,98.60009291598782,0.5534210415921966
2023-07-11,2.636298418,93.10008774214461,0.5225506995666139
2023-07-12,2.520199347,89.0000838795009,0.4995382627514719
2023-07-13,2.40693196,85.00008008781201,0.47708710475250954
2023-07-14,2.271011097,80.20007558722591,0.4501457154312541
2023-07-15,2.146416972,75.8000714410884,0.4254494417711451
2023-07-16,2.018991162,71.3000671886814,0.40019188909664266
2023-07-17,1.934040622,68.3000643537434,0.3833535206469744
2023-07-18,1.86608019,65.900062085793,0.36988282588723975
2023-07-19,1.798119759,63.5000598531573,0.356412131325719
2023-07-20,1.724495957,60.9000573726679,0.3418188785371973
2023-07-21,1.656535526,58.50005514003221,0.32834818397567644
2023-07-22,1.594238463,56.3000530493061,0.316000047046515
2023-07-23,1.577248355,55.700052482318505,0.31263237335658145
2023-07-24,1.653703841,58.400055033762705,0.3277869049612829
2023-07-25,1.520614662,53.700050604131405,0.30140679445620716
2023-07-26,1.432832438,50.6000476982386,0.28400714719035913
2023-07-27,1.390357168,49.100046280769604,0.27558796296552496
2023-07-28,1.347881898,47.6000448633006,0.26716877874069084
2023-07-29,1.342218528,47.40004465076161,0.26604622071190376
2023-07-30,1.458317599,51.5000485134053,0.2890586575270458
2023-07-31,1.834931659,64.80006105808731,0.363708757521766
2023-08-01,1.523446347,53.8000507104009,0.3019680734706007
2023-08-02,1.588575094,56.100052872081804,0.3148774892159418
2023-08-03,1.449822546,51.20004826522621,0.28737482088029276
2023-08-04,1.322396736,46.7000440128192,0.26211726820579034
2023-08-05,1.248772935,44.1000415676445,0.24752401561548246
2023-08-06,1.194970926,42.2000397604122,0.23685971553128793
2023-08-07,1.101525332,38.9000366419804,0.2183375102366528
2023-08-08,1.005248054,35.5000334525938,0.19925402612583792
2023-08-09,0.988257946,34.9000328856062,0.1958863524359043
2023-08-10,0.968436153,34.2000322123491,0.19195739973157708
2023-08-11,0.959941099,33.900031928855306,0.19027356288661026
2023-08-12,0.962772784,34.0000320351248,0.1908348419010038
2023-08-13,1.036396585,36.600034480299506,0.20542809449131172
2023-08-14,1.093030278,38.600036358486605,0.216653673391686
2023-08-15,1.112852071,39.300037031743706,0.2205826260960132
2023-08-16,1.144000602,40.4000380594494,0.22675669446148694
2023-08-17,1.189307557,42.000039583187906,0.23573715770071466
2023-08-18,1.07604017,38.000035791499,0.2132859997017523
2023-08-19,1.013743108,35.8000337360876,0.20093786297080476
2023-08-20,0.931624253,32.9000310074191,0.18466077353553
2023-08-21,0.891980668,31.500029696219602,0.1768028683250894
2023-08-22,0.925960884,32.7000308301948,0.18353821570495674
2023-08-23,0.982594577,34.7000327083819,0.19476379460533097
2023-08-24,1.104357017,39.000036748249904,0.21889878925104636
2023-08-25,1.364872006,48.2000454302882,0.27053645243062446
2023-08-26,1.194970926,42.2000397604122,0.23685971553128793
2023-08-27,1.144000602,40.4000380594494,0.22675669446148694
2023-08-28,0.999584685,35.3000332753695,0.19813146829526465
2023-08-29,0.925960884,32.7000308301948,0.18353821570495674
2023-08-30,0.891980668,31.500029696219602,0.1768028683250894
2023-08-31,0.863663821,30.500028739468704,0.17119007877579542
2023-09-01,0.841010344,29.7000279952568,0.16669984725528844
2023-09-02,0.824020236,29.1000274282692,0.1633321735653548
2023-09-03,0.829683605,29.300027605493504,0.1644547313959281
2023-09-04,0.809861813,28.600026967551102,0.1605257788898147
2023-09-05,0.801366759,28.3000266840573,0.15884194204484783
2023-09-06,0.775881597,27.400025833575903,0.15379043150994737
2023-09-07,0.753228119,26.6000250540493,0.14930019979122663
2023-09-08,0.739069696,26.100024593331202,0.14649380511568652
2023-09-09,0.724911273,25.600024132613104,0.14368741044014638
2023-09-10,0.736238011,26.0000244870617,0.14593252610129295
2023-09-11,0.83251529,29.400027711763002,0.1650160104103216
2023-09-12,0.900475722,31.800029979713404,0.17848670517005627
2023-09-13,1.087366909,38.4000361812623,0.2155311155611127
2023-09-14,1.019406477,36.0000339133119,0.20206042080137807
2023-09-15,1.347881898,47.6000448633006,0.26716877874069084
2023-09-16,1.158159026,40.900038555482205,0.2295630893352409
2023-09-17,0.925960884,32.7000308301948,0.18353821570495674
2023-09-18,0.860832136,30.400028633199202,0.17062879976140186
2023-09-19,0.877822244,31.000029200186802,0.1739964734513355
2023-09-20,0.82685192,29.200027499224,0.16389345238153455
2023-09-21,0.801366759,28.3000266840573,0.15884194204484783
2023-09-22,0.761723173,26.900025337543102,0.15098403663619347
2023-09-23,0.733406327,25.900024416106902,0.1453712472851132
2023-09-24,0.727742957,25.700024203567903,0.14424868925632614
2023-09-25,0.713584534,25.2000237428498,0.14144229458078603
2023-09-26,0.699426111,24.7000232821317,0.13863589990524589
2023-09-27,0.688099372,24.300022892368403,0.13639078404588553
2023-09-28,0.676772634,23.9000225379198,0.13414566838473896
2023-09-29,0.665445895,23.5000221481565,0.13190055252537858
2023-09-30,0.659782526,23.3000219709322,0.1307779946948053
2023-10-01,0.651287472,23.0000216874384,0.1290941578498385
2023-10-02,0.676772634,23.9000225379198,0.13414566838473896
2023-10-03,0.744733065,26.300024770555503,0.1476163629462598
2023-10-04,0.690931057,24.4000229986379,0.13695206306027907
2023-10-05,0.66827758,23.600022254426,0.13246183153977212
2023-10-06,0.651287472,23.0000216874384,0.1290941578498385
2023-10-07,0.639960733,22.600021297675102,0.1268490419904781
2023-10-08,0.631465679,22.3000210141813,0.12516520514551127
2023-10-09,0.631465679,22.3000210141813,0.12516520514551127
2023-10-10,0.628633994,22.2000209079118,0.12460392613111773
2023-10-11,0.631465679,22.3000210141813,0.12516520514551127
2023-10-12,0.628633994,22.2000209079118,0.12460392613111773
2023-10-13,0.628633994,22.2000209079118,0.12460392613111773
2023-10-14,0.622970625,22.000020730687503,0.12348136830054444
2023-10-15,0.617307256,21.800020553463202,0.12235881046997117
2023-10-16,0.605980517,21.4000201636999,0.12011369461061078
2023-10-17,0.600317148,21.200019986475603,0.1189911367800375
2023-10-18,0.591822094,20.9000197029818,0.11730729993507066
2023-10-19,0.586158724,20.700019490442802,0.1161847419062836
2023-10-20,0.580495355,20.500019313218502,0.11506218407571031
2023-10-21,0.57766367,20.400019206949,0.11450090506131676
2023-10-22,0.57766367,20.400019206949,0.11450090506131676
2023-10-23,0.574831986,20.3000191359942,0.11393962624513701
2023-10-24,0.57766367,20.400019206949,0.11450090506131676
2023-10-25,0.591822094,20.9000197029818,0.11730729993507066
2023-10-26,0.586158724,20.700019490442802,0.1161847419062836
2023-10-27,0.574831986,20.3000191359942,0.11393962624513701
2023-10-28,0.591822094,20.9000197029818,0.11730729993507066
2023-10-29,0.617307256,21.800020553463202,0.12235881046997117
2023-10-30,0.572000301,20.2000190297247,0.11337834723074347
2023-10-31,0.523861662,18.5000174350314,0.10383660517533602
2023-11-01,0.54085177,19.100018002019,0.10720427886526969
2023-11-02,0.563505247,19.900018746230902,0.11169451038577666
2023-11-03,0.566336932,20.0000188525004,0.11225578940017018
2023-11-04,0.560673563,19.800018675276103,0.11113323156959691
2023-11-05,0.557841878,19.7000185690066,0.11057195255520336
2023-11-06,0.555010193,19.6000184627371,0.11001067354080982
2023-11-07,0.552178509,19.5000183917823,0.10944939472463006
2023-11-08,0.552178509,19.5000183917823,0.10944939472463006
2023-11-09,0.523861662,18.5000174350314,0.10383660517533602
2023-11-10,0.512534923,18.100017045268103,0.10159148931597568
2023-11-11,0.509703239,18.0000169743133,0.10103021049979594
2023-11-12,0.492713131,17.4000164073257,0.09766253680986228
2023-11-13,0.501208185,17.7000166908195,0.0993463736548291
2023-11-14,0.504039869,17.8000167617743,0.09990765247100884
2023-11-15,0.509703239,18.0000169743133,0.10103021049979594
2023-11-16,0.543683455,19.200018108288504,0.10776555787966324
2023-11-17,0.529525031,18.700017612255703,0.10495916300590934
2023-11-18,0.509703239,18.0000169743133,0.10103021049979594
2023-11-19,0.546515139,19.300018179243303,0.108326836695843
2023-11-20,0.515366608,18.2000171515376,0.10215276833036921
2023-11-21,0.492713131,17.4000164073257,0.09766253680986228
2023-11-22,0.495544815,17.500016478280504,0.09822381562604203
2023-11-23,0.515366608,18.2000171515376,0.10215276833036921
2023-11-24,0.557841878,19.7000185690066,0.11057195255520336
2023-11-25,0.4983765,17.60001658455,0.09878509464043556
2023-11-26,0.504039869,17.8000167617743,0.09990765247100884
2023-11-27,0.495544815,17.500016478280504,0.09822381562604203
2023-11-28,0.521029977,18.4000173287619,0.10327532616094251
2023-11-29,0.518198293,18.3000172578071,0.10271404734476275
2023-11-30,0.515366608,18.2000171515376,0.10215276833036921
2023-12-01,,,
2023-12-02,,,
2023-12-03,,,
2023-12-04,,,
2023-12-05,,,
2023-12-06,,,
2023-12-07,,,
2023-12-08,,,
2023-12-09,,,
2023-12-10,,,
2023-12-11,,,
2023-12-12,,,
2023-12-13,,,
2023-12-14,,,
2023-12-15,,,
2023-12-16,,,
2023-12-17,,,
2023-12-18,,,
2023-12-19,,,
2023-12-20,,,
2023-12-21,,,
2023-12-22,,,
2023-12-23,,,
2023-12-24,,,
2023-12-25,,,
2023-12-26,,,
2023-12-27,,,
2023-12-28,,,
2023-12-29,,,
2023-12-30,,,
2023-12-31,,,
2024-01-01,,,
2024-01-02,,,
2024-01-03,,,
2024-01-04,,,
2024-01-05,,,
2024-01-06,,,
2024-01-07,,,
2024-01-08,,,
2024-01-09,,,
2024-01-10,,,
2024-01-11,,,
2024-01-12,,,
2024-01-13,,,
2024-01-14,,,
2024-01-15,,,
2024-01-16,,,
2024-01-17,,,
2024-01-18,,,
2024-01-19,,,
2024-01-20,,,
2024-01-21,,,
2024-01-22,,,
2024-01-23,,,
2024-01-24,,,
2024-01-25,,,
2024-01-26,,,
2024-01-27,,,
2024-01-28,,,
2024-01-29,,,
2024-01-30,,,
2024-01-31,,,
2024-02-01,,,
2024-02-02,,,
2024-02-03,,,
2024-02-04,,,
2024-02-05,,,
2024-02-06,,,
2024-02-07,,,
2024-02-08,,,
2024-02-09,,,
2024-02-10,,,
2024-02-11,,,
2024-02-12,,,
2024-02-13,,,
2024-02-14,,,
2024-02-15,,,
2024-02-16,,,
2024-02-17,,,
2024-02-18,,,
2024-02-19,,,
2024-02-20,,,
2024-02-21,,,
2024-02-22,,,
2024-02-23,,,
2024-02-24,,,
2024-02-25,,,
2024-02-26,,,
2024-02-27,,,
2024-02-28,,,
2024-02-29,,,
2024-03-01,0.470059653,16.600015627799102,0.09317230509114155
2024-03-02,0.492713131,17.4000164073257,0.09766253680986228
2024-03-03,0.538020085,19.0000178957495,0.10664299985087615
2024-03-04,0.504039869,17.8000167617743,0.09990765247100884
2024-03-05,0.489881446,17.3000163010562,0.09710125779546873
2024-03-06,0.509703239,18.0000169743133,0.10103021049979594
2024-03-07,0.515366608,18.2000171515376,0.10215276833036921
2024-03-08,0.492713131,17.4000164073257,0.09766253680986228
2024-03-09,0.481386392,17.0000160175624,0.0954174209505019
2024-03-10,0.489881446,17.3000163010562,0.09710125779546873
2024-03-11,0.515366608,18.2000171515376,0.10215276833036921
2024-03-12,0.566336932,20.0000188525004,0.11225578940017018
2024-03-13,0.591822094,20.9000197029818,0.11730729993507066
2024-03-14,0.557841878,19.7000185690066,0.11057195255520336
2024-03-15,0.572000301,20.2000190297247,0.11337834723074347
2024-03-16,0.549346824,19.4000182855128,0.10888811571023653
2024-03-17,0.566336932,20.0000188525004,0.11225578940017018
2024-03-18,0.532356716,18.8000177185252,0.10552044202030288
2024-03-19,0.631465679,22.3000210141813,0.12516520514551127
2024-03-20,0.795703389,28.1000264715183,0.15771938401606078
2024-03-21,0.988257946,34.9000328856062,0.1958863524359043
2024-03-22,1.192139242,42.100039689457404,0.2362984367151082
2024-03-23,1.376198744,48.60004578473681,0.27278156809177107
2024-03-24,1.265763043,44.7000421346321,0.25089168930541605
2024-03-25,1.044891639,36.9000347637933,0.20711193133627856
2024-03-26,0.914634145,32.3000304404315,0.18129309984559636
2024-03-27,0.860832136,30.400028633199202,0.17062879976140186
2024-03-28,0.835346974,29.5000277827178,0.16557728922650136
2024-03-29,0.883485614,31.200029412725804,0.17511903148012262
2024-03-30,0.880653929,31.1000293064563,0.17455775246572905
2024-03-31,1.010911423,35.7000336298181,0.20037658395641122
2024-04-01,0.937287622,33.100031184643406,0.18578333136610334
2024-04-02,0.866495506,30.6000288457382,0.17175135779018894
2024-04-03,0.999584685,35.3000332753695,0.19813146829526465
2024-04-04,1.458317599,51.5000485134053,0.2890586575270458
2024-04-05,2.007664423,70.9000667989181,0.39794677323728234
2024-04-06,1.766971227,62.4000587901369,0.3502380627620314
2024-04-07,1.401683906,49.5000466352182,0.27783307862667156
2024-04-08,1.342218528,47.40004465076161,0.26604622071190376
2024-04-09,1.226119457,43.300040788117904,0.2430337838967617
2024-04-10,1.393188852,49.2000463517244,0.27614924178170475
2024-04-11,1.965189153,69.40006538144911,0.3895275890124482
2024-04-12,2.811862867,99.3000935892449,0.5573499942965237
2024-04-13,4.049309063,143.0001347671261,0.8026288940526458
2024-04-14,5.181982926,183.0001724368122,1.0271404726547724
2024-04-15,5.323567159,188.00017714993731,1.055204420004815
2024-04-16,3.879407983,137.00012909725012,0.7689521571533093
2024-04-17,4.700596534,166.0001564192498,0.9317230517042704
2024-04-18,6.371290483,225.0002120200001,1.262877630355487
2024-04-19,7.362380114,260.0002450118758,1.4593252618057848
2024-04-20,7.220795881,255.00024029875073,1.4312613144557422
2024-04-21,7.277429574,257.00024217693783,1.4424868933561168
2024-04-22,8.438420284,298.0002808033748,1.672611261507537
2024-04-23,9.231291989,326.00030720393835,1.8297693667074184
2024-04-24,10.53386693,372.00035047287105,2.087957681812454
2024-04-25,10.44891639,369.00034763793303,2.0711193133627854
2024-04-26,7.957033892,281.0002647858124,1.5771938405570354
2024-04-27,6.456241023,228.0002148549381,1.2797159988051554
2024-04-28,5.323567159,188.00017714993731,1.055204420004815
2024-04-29,4.870497614,172.0001620891258,0.965399788603607
2024-04-30,5.06871554,179.000168680438,1.004689314854024
2024-05-01,6.286339943,222.0002091850621,1.2460392619058187
2024-05-02,6.965944262,246.00023182925142,1.3807462093049512
2024-05-03,7.305746421,258.00024313368874,1.4480996829054105
2024-05-04,7.900400199,279.0002629076253,1.5659682616566608
2024-05-05,7.73049912,273.000257273064,1.5322915249555384
2024-05-06,6.824360029,241.00022711612633,1.3526822619549086
2024-05-07,5.804953551,205.0001931674997,1.1506218409553166
2024-05-08,5.550101932,196.0001846980004,1.1001067358045258
2024-05-09,5.436834546,192.0001809416262,1.0776555780037773
2024-05-10,5.040398693,178.00016772368713,0.9990765253047299
2024-05-11,4.955448154,175.0001649240638,0.9822381570532753
2024-05-12,5.012081847,177.0001668022509,0.9934637359536496
2024-05-13,6.031488324,213.0002007155628,1.1955241567550277
2024-05-14,7.079211648,250.00023558562563,1.4031973671056996
2024-05-15,7.56059804,267.000251603188,1.4986147880562017
2024-05-16,8.495053978,300.0002827168766,1.683836840606125
2024-05-17,9.118024603,322.00030344756414,1.8073182089066697
2024-05-18,10.53386693,372.00035047287105,2.087957681812454
2024-05-19,10.98693648,388.00036571025606,2.1777623142047307
2024-05-20,11.46832287,405.000381657189,2.2731797347588047
2024-05-21,9.910896307,350.00032981281294,1.964476313908337
2024-05-22,8.240202358,291.0002742120626,1.6333217352571203
2024-05-23,7.957033892,281.0002647858124,1.5771938405570354
2024-05-24,8.126934972,287.00027045568845,1.610870577456372
2024-05-25,7.872083353,278.0002619861891,1.5603554723055808
2024-05-26,7.022577955,248.00023370743853,1.3919717882053255
2024-05-27,7.277429574,257.00024217693783,1.4424868933561168
2024-05-28,7.277429574,257.00024217693783,1.4424868933561168
2024-05-29,8.013667586,283.00026669931424,1.5884194196556234
2024-05-30,8.155251818,288.0002713771246,1.616483366807452
2024-05-31,7.843766506,277.0002610294382,1.5547426827562867
2024-06-01,7.617231733,269.0002534813751,1.5098403669565759
2024-06-02,7.73049912,273.000257273064,1.5322915249555384
2024-06-03,7.334063267,259.00024405512494,1.453712472256491
2024-06-04,7.4756475,264.00024876825,1.4817764196065333
2024-06-05,7.588914887,268.00025255993893,1.5042275776054956
2024-06-06,7.050894801,249.00023462887472,1.397584577556406
2024-06-07,6.541191563,231.0002176898761,1.2965543672548236
2024-06-08,5.946537784,210.00019788062482,1.1786857883053594
2024-06-09,5.323567159,188.00017714993731,1.055204420004815
2024-06-10,4.587329148,162.00015266287562,0.9092718939035219
2024-06-11,4.275843835,151.0001422798745,0.8475312096541427
2024-06-12,3.766140597,133.0001253408759,0.7465009993525606
2024-06-13,3.341387898,118.0001112015006,0.6623091573024331
2024-06-14,3.171486818,112.00010553162461,0.6286324204030965
2024-06-15,3.199803665,113.00010648837551,0.6342452099523905
2024-06-16,2.65612021,93.800088380087,0.5264796520727273
2024-06-17,2.37012006,83.70007888288201,0.4697904785564625
2024-06-18,2.154912026,76.1000717245822,0.42713327861611194
2024-06-19,1.953862415,69.0000650270005,0.3872824733513016
2024-06-20,2.15774371,76.20007179553701,0.42769455743229173
2024-06-21,5.408517699,191.0001799848753,1.0720427884544832
2024-06-22,3.766140597,133.0001253408759,0.7465009993525606
2024-06-23,3.029902585,107.0001008184995,0.6005684730530539
2024-06-24,2.78354602,98.30009263249401,0.5517372047472298
2024-06-25,2.336139844,82.5000777489068,0.4630551311765951
2024-06-26,2.101110017,74.20006991734991,0.4164689785319174
2024-06-27,2.095446648,74.0000697401256,0.4153464207013441
2024-06-28,3.143169972,111.0001046101884,0.6230196310520163
2024-06-29,2.307822997,81.50007679215591,0.45744234162730113
2024-06-30,3.086536279,109.00010273200131,0.6117940521516421
2024-07-01,3.369704744,119.0001121229368,0.6679219466535132
2024-07-02,3.398021591,120.00011307968771,0.6735347362028073
2024-07-03,2.709922219,95.7000901873193,0.5371439521569218
2024-07-04,2.304991313,81.4000767212011,0.45688106281112134
2024-07-05,2.044476324,72.20006803916282,0.40524339963154327
2024-07-06,1.857585136,65.60006180229921,0.368198989042273
2024-07-07,1.713169219,60.50005701821931,0.3395737628760507
2024-07-08,1.594238463,56.3000530493061,0.316000047046515
2024-07-09,1.492297815,52.7000496473805,0.2957940049069131
2024-07-10,1.413010645,49.900047024981504,0.28007819448603194
2024-07-11,1.345050213,47.5000447570311,0.2666074997262973
2024-07-12,1.302574943,46.000043339562104,0.25818831550146315
2024-07-13,1.277089781,45.1000424890807,0.25313680496656266
2024-07-14,1.192139242,42.100039689457404,0.2362984367151082
2024-07-15,1.16099071,41.000038626437004,0.23012436815142062
2024-07-16,1.067545117,37.700035543319906,0.2116021630549993
2024-07-17,1.042059955,36.8000346928385,0.2065506525200988
2024-07-18,1.146832287,40.500038165718905,0.22731797347588048
2024-07-19,1.200634296,42.400039972951205,0.237982273560075
2024-07-20,1.07604017,38.000035791499,0.2132859997017523
2024-07-21,1.144000602,40.4000380594494,0.22675669446148694
2024-07-22,1.177980818,41.6000391934246,0.23349204184135428
2024-07-23,0.991089631,35.000032991875706,0.19644763145029784
2024-07-24,0.920297514,32.5000306176558,0.18241565767616966
2024-07-25,0.914634145,32.3000304404315,0.18129309984559636
2024-07-26,0.889148983,31.4000295899501,0.1762415893106959
2024-07-27,0.843842028,29.8000280662116,0.1672611260714682
2024-07-28,0.807030128,28.5000268612816,0.15996449987542113
2024-07-29,0.778713281,27.500025904530702,0.15435171032612713
2024-07-30,0.770218227,27.2000256210369,0.1526678734811603
2024-07-31,0.741901381,26.200024699600704,0.14705508413008006
2024-08-01,0.724911273,25.600024132613104,0.14368741044014638
2024-08-02,0.730574642,25.8000243098374,0.14480996827071968
2024-08-03,0.773049912,27.3000257273064,0.15322915249555383
2024-08-04,0.773049912,27.3000257273064,0.15322915249555383
2024-08-05,0.750396435,26.5000249830945,0.14873892097504687
2024-08-06,0.877822244,31.000029200186802,0.1739964734513355
2024-08-07,0.897644037,31.7000298734439,0.17792542615566273
2024-08-08,0.809861813,28.600026967551102,0.1605257788898147
2024-08-09,0.906139091,32.000030156937704,0.17960926300062954
2024-08-10,1.211961034,42.8000403273998,0.24022738922122155
2024-08-11,1.211961034,42.8000403273998,0.24022738922122155
2024-08-12,1.056218378,37.30003515355661,0.2093570471956389
2024-08-13,1.019406477,36.0000339133119,0.20206042080137807
2024-08-14,1.152495656,40.7000383429432,0.22844053130645378
2024-08-15,0.95427773,33.700031751631,0.189151005056037
2024-08-16,0.852337082,30.100028349705404,0.16894496291643504
2024-08-17,0.787208335,27.8000261880245,0.1560355471710939
2024-08-18,0.758891489,26.800025266588303,0.1504227578200137
2024-08-19,0.750396435,26.5000249830945,0.14873892097504687
2024-08-20,0.739069696,26.100024593331202,0.14649380511568652
2024-08-21,0.724911273,25.600024132613104,0.14368741044014638
2024-08-22,0.770218227,27.2000256210369,0.1526678734811603
2024-08-23,0.891980668,31.500029696219602,0.1768028683250894
2024-08-24,1.328060105,46.9000441900435,0.26323982603636364
2024-08-25,1.305406628,46.1000434458316,0.2587495945158567
2024-08-26,2.690100426,95.0000895140622,0.5332149994525947
2024-08-27,1.531941401,54.100050993894705,0.30365191031556754
2024-08-28,1.217624403,43.0000405046241,0.24134994705179488
2024-08-29,1.061881747,37.5000353307809,0.21047960502621219
2024-08-30,0.957109415,33.8000318579005,0.1897122840704305
2024-08-31,0.894812352,31.6000297671744,0.17736414714126916
2024-09-01,0.852337082,30.100028349705404,0.16894496291643504
2024-09-02,0.863663821,30.500028739468704,0.17119007877579542
2024-09-03,0.872158875,30.8000290229625,0.1728739156207622
2024-09-04,0.801366759,28.3000266840573,0.15884194204484783
2024-09-05,0.758891489,26.800025266588303,0.1504227578200137
2024-09-06,0.733406327,25.900024416106902,0.1453712472851132
2024-09-07,0.713584534,25.2000237428498,0.14144229458078603
2024-09-08,0.713584534,25.2000237428498,0.14144229458078603
2024-09-09,0.724911273,25.600024132613104,0.14368741044014638
2024-09-10,0.710752849,25.100023636580303,0.1408810155663925
2024-09-11,0.70508948,24.900023459356003,0.1397584577358192
2024-09-12,0.690931057,24.4000229986379,0.13695206306027907
2024-09-13,0.651287472,23.0000216874384,0.1290941578498385
2024-09-14,0.628633994,22.2000209079118,0.12460392613111773
2024-09-15,0.617307256,21.800020553463202,0.12235881046997117
2024-09-16,0.730574642,25.8000243098374,0.14480996827071968
2024-09-17,1.064713432,37.6000354370504,0.21104088404060575
2024-09-18,1.056218378,37.30003515355661,0.2093570471956389
2024-09-19,0.798535074,28.200026577787803,0.15828066303045432
2024-09-20,0.724911273,25.600024132613104,0.14368741044014638
2024-09-21,0.702257795,24.8000233530865,0.13919717872142565
2024-09-22,0.722079588,25.500024026343603,0.14312613142575287
2024-09-23,0.707921165,25.0000235656255,0.14031973675021275
2024-09-24,0.673940949,23.8000224316503,0.13358438937034542
2024-09-25,0.639960733,22.600021297675102,0.1268490419904781
2024-09-26,0.617307256,21.800020553463202,0.12235881046997117
2024-09-27,0.605980517,21.4000201636999,0.12011369461061078
2024-09-28,0.591822094,20.9000197029818,0.11730729993507066
2024-09-29,0.580495355,20.500019313218502,0.11506218407571031
2024-09-30,0.58332704,20.600019419488003,0.11562346309010385
2024-10-01,0.560673563,19.800018675276103,0.11113323156959691
2024-10-02,0.546515139,19.300018179243303,0.108326836695843
2024-10-03,0.538020085,19.0000178957495,0.10664299985087615
2024-10-04,0.526693347,18.600017541300904,0.10439788418972959
2024-10-05,0.518198293,18.3000172578071,0.10271404734476275
2024-10-06,0.509703239,18.0000169743133,0.10103021049979594
2024-10-07,0.504039869,17.8000167617743,0.09990765247100884
2024-10-08,0.4983765,17.60001658455,0.09878509464043556
2024-10-09,0.495544815,17.500016478280504,0.09822381562604203
2024-10-10,0.487049761,17.200016194786702,0.09653997878107519
2024-10-11,0.481386392,17.0000160175624,0.0954174209505019
2024-10-12,0.472891338,16.7000157340686,0.09373358410553506
2024-10-13,0.464396284,16.400015450574802,0.09204974726056825
2024-10-14,0.461564599,16.3000153443053,0.09148846824617471
2024-10-15,0.458732915,16.200015273350502,0.09092718942999495
2024-10-16,0.464396284,16.400015450574802,0.09204974726056825
2024-10-17,0.515366608,18.2000171515376,0.10215276833036921
2024-10-18,0.594653778,21.0000197739366,0.11786857875125041
2024-10-19,0.849505398,30.0000282787506,0.16838368410025528
2024-10-20,1.234614511,43.6000410716117,0.2447176207417285
2024-10-21,1.20346598,42.500040043906004,0.23854355237625477
2024-10-22,0.91180246,32.200030334162,0.18073182083120282
2024-10-23,0.807030128,28.5000268612816,0.15996449987542113
2024-10-24,0.750396435,26.5000249830945,0.14873892097504687
2024-10-25,0.713584534,25.2000237428498,0.14144229458078603
2024-10-26,0.682436003,24.1000227151441,0.13526822621531223
2024-10-27,0.665445895,23.5000221481565,0.13190055252537858
2024-10-28,0.66261421,23.400022041887002,0.13133927351098504
2024-10-29,1.806614813,63.8000601366511,0.3580959681706858
2024-10-30,1.883070298,66.5000626527806,0.3732504995771735
2024-10-31,1.209129349,42.7000402211303,0.23966611020682801
2024-11-01,1.07604017,38.000035791499,0.2132859997017523
2024-11-02,1.002416369,35.40003334632431,0.19869274711144444
2024-11-03,0.957109415,33.8000318579005,0.1897122840704305
2024-11-04,0.863663821,30.500028739468704,0.17119007877579542
2024-11-05,0.807030128,28.5000268612816,0.15996449987542113
2024-11-06,0.852337082,30.100028349705404,0.16894496291643504
2024-11-07,0.733406327,25.900024416106902,0.1453712472851132
2024-11-08,0.792871705,28.000026400563502,0.15715810519988102
2024-11-09,0.750396435,26.5000249830945,0.14873892097504687
2024-11-10,0.722079588,25.500024026343603,0.14312613142575287
2024-11-11,0.744733065,26.300024770555503,0.1476163629462598
2024-11-12,0.753228119,26.6000250540493,0.14930019979122663
2024-11-13,0.70508948,24.900023459356003,0.1397584577358192
2024-11-14,0.679604318,24.000022608874602,0.1347069472009187
2024-11-15,0.707921165,25.0000235656255,0.14031973675021275
2024-11-16,0.710752849,25.100023636580303,0.1408810155663925
2024-11-17,0.566336932,20.0000188525004,0.11225578940017018
2024-11-18,0.546515139,19.300018179243303,0.108326836695843
2024-11-19,0.62013894,21.900020624418,0.1229200892861509
2024-11-20,0.57766367,20.400019206949,0.11450090506131676
2024-11-21,0.535188401,18.900017824794702,0.10608172103469642
2024-11-22,0.608812202,21.5000202699694,0.12067497362500432
2024-11-23,0.642792418,22.7000214039446,0.12741032100487162
2024-11-24,0.588990409,20.8000195967123,0.11674602092067714
2024-11-25,0.57766367,20.400019206949,0.11450090506131676
2024-11-26,0.605980517,21.4000201636999,0.12011369461061078
2024-11-27,0.651287472,23.0000216874384,0.1290941578498385
2024-11-28,0.560673563,19.800018675276103,0.11113323156959691
2024-11-29,0.572000301,20.2000190297247,0.11337834723074347
2024-11-30,0.608812202,21.5000202699694,0.12067497362500432
2024-12-01,,,
2024-12-02,,,
2024-12-03,,,
2024-12-04,,,
2024-12-05,,,
2024-12-06,,,
2024-12-07,,,
2024-12-08,,,
2024-12-09,,,
2024-12-10,,,
2024-12-11,,,
2024-12-12,,,
2024-12-13,,,
2024-12-14,,,
2024-12-15,,,
2024-12-16,,,
2024-12-17,,,
2024-12-18,,,
2024-12-19,,,
2024-12-20,,,
2024-12-21,,,
2024-12-22,,,
2024-12-23,,,
2024-12-24,,,
2024-12-25,,,
2024-12-26,,,
2024-12-27,,,
2024-12-28,,,
2024-12-29,,,
2024-12-30,,,
2024-12-31,,,
2025-01-01,,,
2025-01-02,,,
2025-01-03,,,
2025-01-04,,,
2025-01-05,,,
2025-01-06,,,
2025-01-07,,,
2025-01-08,,,
2025-01-09,,,
2025-01-10,,,
2025-01-11,,,
2025-01-12,,,
2025-01-13,,,
2025-01-14,,,
2025-01-15,,,
2025-01-16,,,
2025-01-17,,,
2025-01-18,,,
2025-01-19,,,
2025-01-20,,,
2025-01-21,,,
2025-01-22,,,
2025-01-23,,,
2025-01-24,,,
2025-01-25,,,
2025-01-26,,,
2025-01-27,,,
2025-01-28,,,
2025-01-29,,,
2025-01-30,,,
2025-01-31,,,
2025-02-01,,,
2025-02-02,,,
2025-02-03,,,
2025-02-04,,,
2025-02-05,,,
2025-02-06,,,
2025-02-07,,,
2025-02-08,,,
2025-02-09,,,
2025-02-10,,,
2025-02-11,,,
2025-02-12,,,
2025-02-13,,,
2025-02-14,,,
2025-02-15,,,
2025-02-16,,,
2025-02-17,,,
2025-02-18,,,
2025-02-19,,,
2025-02-20,,,
2025-02-21,,,
2025-02-22,,,
2025-02-23,,,
2025-02-24,,,
2025-02-25,,,
2025-02-26,,,
2025-02-27,,,
2025-02-28,,,
2025-03-01,,,
2025-03-02,,,
2025-03-03,,,
2025-03-04,,,
2025-03-05,,,
2025-03-06,,,
2025-03-07,,,
2025-03-08,,,
2025-03-09,,,
2025-03-10,,,
2025-03-11,,,
2025-03-12,,,
2025-03-13,,,
2025-03-14,,,
2025-03-15,,,
2025-03-16,,,
2025-03-17,,,
2025-03-18,,,
2025-03-19,,,
2025-03-20,,,
2025-03-21,,,
2025-03-22,,,
2025-03-23,,,
2025-03-24,,,
2025-03-25,,,
2025-03-26,,,
2025-03-27,,,
2025-03-28,,,
2025-03-29,,,
2025-03-30,,,
2025-03-31,,,
2025-04-01,,,
2025-04-02,,,
2025-04-03,,,
2025-04-04,,,
2025-04-05,,,
2025-04-06,,,
2025-04-07,,,
2025-04-08,,,
2025-04-09,,,
2025-04-10,,,
2025-04-11,,,
2025-04-12,,,
2025-04-13,,,
2025-04-14,,,
2025-04-15,,,
2025-04-16,,,
2025-04-17,,,
2025-04-18,,,
2025-04-19,,,
2025-04-20,,,
2025-04-21,,,
2025-04-22,,,
2025-04-23,,,
2025-04-24,,,
2025-04-25,,,
2025-04-26,,,
2025-04-27,,,
2025-04-28,,,
2025-04-29,,,
2025-04-30,,,
2025-05-01,,,
2025-05-02,,,
2025-05-03,,,
2025-05-04,,,
2025-05-05,,,
2025-05-06,,,
2025-05-07,,,
2025-05-08,,,
2025-05-09,,,
2025-05-10,,,
2025-05-11,,,
2025-05-12,,,
2025-05-13,,,
2025-05-14,,,
2025-05-15,,,
2025-05-16,,,
2025-05-17,,,
2025-05-18,,,
2025-05-19,,,
2025-05-20,,,
2025-05-21,,,
2025-05-22,,,
2025-05-23,,,
2025-05-24,,,
2025-05-25,,,
2025-05-26,,,
2025-05-27,,,
2025-05-28,,,
2025-05-29,,,
2025-05-30,,,
2025-05-31,,,
2025-06-01,4.983765,176.00016584550002,0.9878509464043556
2025-06-02,5.210299773,184.0001733935631,1.0327532622040665
2025-06-03,6.14475571,217.00020447193702,1.2179753145557761
2025-06-04,5.436834546,192.0001809416262,1.0776555780037773
2025-06-05,6.739409489,238.0002242811883,1.3358438935052404
2025-06-06,5.861587245,207.00019508100152,1.1618474200539048
2025-06-07,5.040398693,178.00016772368713,0.9990765253047299
2025-06-08,4.502378608,159.0001498279376,0.8924335254538537
2025-06-09,4.105942756,145.0001366453132,0.8138544729530202
2025-06-10,3.65287321,129.000121549187,0.7240498413535984
2025-06-11,3.341387898,118.0001112015006,0.6623091573024331
2025-06-12,3.171486818,112.00010553162461,0.6286324204030965
2025-06-13,2.831684659,100.0000942271873,0.5612789468026371
2025-06-14,2.599486517,91.8000865018999,0.515254073172353
2025-06-15,2.37012006,83.70007888288201,0.4697904785564625
2025-06-16,2.174733818,76.8000723625246,0.4310622311222254
2025-06-17,2.002001054,70.70006662169381,0.3968242154067091
2025-06-18,1.857585136,65.60006180229921,0.368198989042273
2025-06-19,1.727327642,61.00005747893741,0.34238015755159085
2025-06-20,1.636713733,57.8000544667751,0.3244192312713492
2025-06-21,1.531941401,54.100050993894705,0.30365191031556754
2025-06-22,1.438495807,50.8000478754629,0.28512970502093243
2025-06-23,1.359208636,48.000045217749204,0.2694138944018374
2025-06-24,1.296911574,45.8000431623378,0.25706575767088985
2025-06-25,1.254436304,44.3000417448688,0.24864657344605573
2025-06-26,1.180812503,41.700039299694104,0.23405332085574782
2025-06-27,1.115683756,39.4000371380132,0.2211439051104067
2025-06-28,1.053386693,37.2000350472871,0.20879576818124537
2025-06-29,0.991089631,35.000032991875706,0.19644763145029784
2025-06-30,0.959941099,33.900031928855306,0.19027356288661026
2025-07-01,0.951446045,33.6000316453615,0.18858972604164345
2025-07-02,1.036396585,36.600034480299506,0.20542809449131172
2025-07-03,0.951446045,33.6000316453615,0.18858972604164345
2025-07-04,1.013743108,35.8000337360876,0.20093786297080476
2025-07-05,0.872158875,30.8000290229625,0.1728739156207622
2025-07-06,0.815525182,28.800027144775402,0.16164833672038798
2025-07-07,0.79004002,27.900026294294,0.15659682618548748
2025-07-08,0.773049912,27.3000257273064,0.15322915249555383
2025-07-09,0.733406327,25.900024416106902,0.1453712472851132
2025-07-10,0.702257795,24.8000233530865,0.13919717872142565
2025-07-11,0.671109264,23.700022325380804,0.13302311035595188
2025-07-12,0.651287472,23.0000216874384,0.1290941578498385
2025-07-13,0.639960733,22.600021297675102,0.1268490419904781
2025-07-14,0.671109264,23.700022325380804,0.13302311035595188
2025-07-15,0.70508948,24.900023459356003,0.1397584577358192
2025-07-16,0.656950841,23.200021864662702,0.13021671568041177
2025-07-17,0.642792418,22.7000214039446,0.12741032100487162
2025-07-18,0.66827758,23.600022254426,0.13246183153977212
2025-07-19,0.673940949,23.8000224316503,0.13358438937034542
2025-07-20,0.642792418,22.7000214039446,0.12741032100487162
2025-07-21,0.605980517,21.4000201636999,0.12011369461061078
2025-07-22,0.693762742,24.500023104907402,0.1375133420746726
2025-07-23,0.699426111,24.7000232821317,0.13863589990524589
2025-07-24,0.637129048,22.5000211914056,0.12628776297608457
2025-07-25,0.628633994,22.2000209079118,0.12460392613111773
2025-07-26,0.588990409,20.8000195967123,0.11674602092067714
2025-07-27,0.555010193,19.6000184627371,0.11001067354080982
2025-07-28,0.535188401,18.900017824794702,0.10608172103469642
2025-07-29,0.529525031,18.700017612255703,0.10495916300590934
2025-07-30,0.552178509,19.5000183917823,0.10944939472463006
2025-07-31,0.566336932,20.0000188525004,0.11225578940017018
2025-08-01,0.526693347,18.600017541300904,0.10439788418972959
2025-08-02,0.4983765,17.60001658455,0.09878509464043556
2025-08-03,0.478554707,16.9000159112929,0.09485614193610836
2025-08-04,0.461564599,16.3000153443053,0.09148846824617471
2025-08-05,0.450237861,15.900014989856702,0.08924335258502814
2025-08-06,0.447406176,15.8000148835872,0.08868207357063458
2025-08-07,0.438911122,15.500014600093401,0.08699823672566775
2025-08-08,0.427584384,15.1000142456448,0.08475312106452118
2025-08-09,0.41908933,14.800013962151,0.08306928421955434
2025-08-10,0.410594276,14.5000136786572,0.08138544737458753
2025-08-11,0.404930906,14.3000134661182,0.08026288934580043
2025-08-12,0.399267537,14.100013288893901,0.07914033151522716
2025-08-13,0.396435852,14.0000131826244,0.07857905250083361
2025-08-14,0.396435852,14.0000131826244,0.07857905250083361
2025-08-15,0.404930906,14.3000134661182,0.08026288934580043
2025-08-16,0.41908933,14.800013962151,0.08306928421955434
2025-08-17,0.402099222,14.2000133951634,0.07970161052962069
2025-08-18,0.387940798,13.7000128991306,0.07689521565586678
2025-08-19,0.379445744,13.4000126156368,0.07521137881089995
2025-08-20,0.37661406,13.300012544682,0.0746500999947202
2025-08-21,0.379445744,13.4000126156368,0.07521137881089995
2025-08-22,0.387940798,13.7000128991306,0.07689521565586678
2025-08-23,0.424752699,15.0000141393753,0.08419184205012764
2025-08-24,0.470059653,16.600015627799102,0.09317230509114155
2025-08-25,0.532356716,18.8000177185252,0.10552044202030288
2025-08-26,0.572000301,20.2000190297247,0.11337834723074347
2025-08-27,0.82685192,29.200027499224,0.16389345238153455
2025-08-28,0.572000301,20.2000190297247,0.11337834723074347
2025-08-29,0.4983765,17.60001658455,0.09878509464043556
2025-08-30,0.492713131,17.4000164073257,0.09766253680986228
2025-08-31,0.467227969,16.500015556844303,0.09261102627496179
2025-09-01,0.447406176,15.8000148835872,0.08868207357063458
2025-09-02,0.441742807,15.600014706362902,0.08755951574006131
2025-09-03,0.436079438,15.4000145291386,0.08643695790948801
2025-09-04,0.433247753,15.3000144228691,0.08587567889509447
2025-09-05,0.484218077,17.100016123831903,0.09597869996489546
2025-09-06,0.492713131,17.4000164073257,0.09766253680986228
2025-09-07,0.535188401,18.900017824794702,0.10608172103469642
2025-09-08,0.472891338,16.7000157340686,0.09373358410553506
2025-09-09,0.438911122,15.500014600093401,0.08699823672566775
2025-09-10,0.441742807,15.600014706362902,0.08755951574006131
2025-09-11,0.470059653,16.600015627799102,0.09317230509114155
2025-09-12,0.804198443,28.4000267550121,0.1594032208610276
2025-09-13,1.121347125,39.6000373152375,0.22226646294098
2025-09-14,0.787208335,27.8000261880245,0.1560355471710939
2025-09-15,0.611643886,21.6000203409242,0.12123625244118408
2025-09-16,0.526693347,18.600017541300904,0.10439788418972959
2025-09-17,0.472891338,16.7000157340686,0.09373358410553506
2025-09-18,0.450237861,15.900014989856702,0.08924335258502814
2025-09-19,0.438911122,15.500014600093401,0.08699823672566775
2025-09-20,0.441742807,15.600014706362902,0.08755951574006131
2025-09-21,0.447406176,15.8000148835872,0.08868207357063458
2025-09-22,0.433247753,15.3000144228691,0.08587567889509447
2025-09-23,0.523861662,18.5000174350314,0.10383660517533602
2025-09-24,0.481386392,17.0000160175624,0.0954174209505019
2025-09-25,0.441742807,15.600014706362902,0.08755951574006131
2025-09-26,0.427584384,15.1000142456448,0.08475312106452118
2025-09-27,0.438911122,15.500014600093401,0.08699823672566775
2025-09-28,0.489881446,17.3000163010562,0.09710125779546873
2025-09-29,0.529525031,18.700017612255703,0.10495916300590934
2025-09-30,0.484218077,17.100016123831903,0.09597869996489546
