date,Q_cms,Q_cfs,Q_mmd
1979-10-01,,,
1979-10-02,,,
1979-10-03,,,
1979-10-04,,,
1979-10-05,,,
1979-10-06,,,
1979-10-07,,,
1979-10-08,,,
1979-10-09,,,
1979-10-10,,,
1979-10-11,,,
1979-10-12,,,
1979-10-13,,,
1979-10-14,,,
1979-10-15,,,
1979-10-16,,,
1979-10-17,,,
1979-10-18,,,
1979-10-19,,,
1979-10-20,,,
1979-10-21,3.539605824,125.00011779281282,0.03267085732980053
1979-10-22,2.265347727,80.0000753746869,0.02090934868774951
1979-10-23,1.274258097,45.0000424181259,0.011761508642051022
1979-10-24,0.679604318,24.000022608874602,0.006272804605401845
1979-10-25,0.283168466,10.0000094262502,0.002613668587122449
1979-10-26,0.16990108,6.000005669876001,0.001568201155965503
1979-10-27,0.141584233,5.0000047131251,0.0013068342935612246
1979-10-28,0.113267386,4.0000037563742,0.0010454674311569463
1979-10-29,0.113267386,4.0000037563742,0.0010454674311569463
1979-10-30,0.113267386,4.0000037563742,0.0010454674311569463
1979-10-31,0.113267386,4.0000037563742,0.0010454674311569463
1979-11-01,0.08495054,3.0000028349380004,0.0007841005779827515
1979-11-02,0.08495054,3.0000028349380004,0.0007841005779827515
1979-11-03,0.08495054,3.0000028349380004,0.0007841005779827515
1979-11-04,0.08495054,3.0000028349380004,0.0007841005779827515
1979-11-05,0.08495054,3.0000028349380004,0.0007841005779827515
1979-11-06,0.08495054,3.0000028349380004,0.0007841005779827515
1979-11-07,0.08495054,3.0000028349380004,0.0007841005779827515
1979-11-08,2.831684659,100.0000942271873,0.02613668586199441
1979-11-09,1.982179261,70.0000659484367,0.01829568010062706
1979-11-10,0.991089631,35.000032991875706,0.009147840054928573
1979-11-11,0.651287472,23.0000216874384,0.0060114377522276505
1979-11-12,0.509703239,18.0000169743133,0.004704603458666426
1979-11-13,0.339802159,12.000011304437301,0.0031364023027009224
1979-11-14,0.283168466,10.0000094262502,0.002613668587122449
1979-11-15,0.254851619,9.0000084694993,0.0023523017247181707
1979-11-16,0.198217926,7.0000065913122,0.0018295680091396974
1979-11-17,0.198217926,7.0000065913122,0.0018295680091396974
1979-11-18,0.16990108,6.000005669876001,0.001568201155965503
1979-11-19,0.141584233,5.0000047131251,0.0013068342935612246
1979-11-20,0.141584233,5.0000047131251,0.0013068342935612246
1979-11-21,0.113267386,4.0000037563742,0.0010454674311569463
1979-11-22,0.113267386,4.0000037563742,0.0010454674311569463
1979-11-23,0.113267386,4.0000037563742,0.0010454674311569463
1979-11-24,0.113267386,4.0000037563742,0.0010454674311569463
1979-11-25,0.113267386,4.0000037563742,0.0010454674311569463
1979-11-26,0.113267386,4.0000037563742,0.0010454674311569463
1979-11-27,0.113267386,4.0000037563742,0.0010454674311569463
1979-11-28,0.113267386,4.0000037563742,0.0010454674311569463
1979-11-29,0.113267386,4.0000037563742,0.0010454674311569463
1979-11-30,0.113267386,4.0000037563742,0.0010454674311569463
1979-12-01,0.08495054,3.0000028349380004,0.0007841005779827515
1979-12-02,0.08495054,3.0000028349380004,0.0007841005779827515
1979-12-03,0.08495054,3.0000028349380004,0.0007841005779827515
1979-12-04,0.08495054,3.0000028349380004,0.0007841005779827515
1979-12-05,0.08495054,3.0000028349380004,0.0007841005779827515
1979-12-06,0.113267386,4.0000037563742,0.0010454674311569463
1979-12-07,0.141584233,5.0000047131251,0.0013068342935612246
1979-12-08,0.16990108,6.000005669876001,0.001568201155965503
1979-12-09,0.198217926,7.0000065913122,0.0018295680091396974
1979-12-10,0.226534773,8.0000075480631,0.002090934871543976
1979-12-11,0.283168466,10.0000094262502,0.002613668587122449
1979-12-12,0.283168466,10.0000094262502,0.002613668587122449
1979-12-13,0.283168466,10.0000094262502,0.002613668587122449
1979-12-14,0.283168466,10.0000094262502,0.002613668587122449
1979-12-15,0.283168466,10.0000094262502,0.002613668587122449
1979-12-16,0.283168466,10.0000094262502,0.002613668587122449
1979-12-17,0.283168466,10.0000094262502,0.002613668587122449
1979-12-18,0.283168466,10.0000094262502,0.002613668587122449
1979-12-19,0.283168466,10.0000094262502,0.002613668587122449
1979-12-20,0.283168466,10.0000094262502,0.002613668587122449
1979-12-21,0.283168466,10.0000094262502,0.002613668587122449
1979-12-22,0.283168466,10.0000094262502,0.002613668587122449
1979-12-23,0.283168466,10.0000094262502,0.002613668587122449
1979-12-24,0.283168466,10.0000094262502,0.002613668587122449
1979-12-25,0.283168466,10.0000094262502,0.002613668587122449
1979-12-26,0.283168466,10.0000094262502,0.002613668587122449
1979-12-27,0.198217926,7.0000065913122,0.0018295680091396974
1979-12-28,0.113267386,4.0000037563742,0.0010454674311569463
1979-12-29,0.056633693,2.0000018781871,0.0005227337155784732
1979-12-30,0.056633693,2.0000018781871,0.0005227337155784732
1979-12-31,0.056633693,2.0000018781871,0.0005227337155784732
1980-01-01,0.056633693,2.0000018781871,0.0005227337155784732
1980-01-02,0.056633693,2.0000018781871,0.0005227337155784732
1980-01-03,0.056633693,2.0000018781871,0.0005227337155784732
1980-01-04,0.056633693,2.0000018781871,0.0005227337155784732
1980-01-05,0.056633693,2.0000018781871,0.0005227337155784732
1980-01-06,0.056633693,2.0000018781871,0.0005227337155784732
1980-01-07,0.08495054,3.0000028349380004,0.0007841005779827515
1980-01-08,0.113267386,4.0000037563742,0.0010454674311569463
1980-01-09,0.113267386,4.0000037563742,0.0010454674311569463
1980-01-10,0.141584233,5.0000047131251,0.0013068342935612246
1980-01-11,5.663369318,200.0001884543746,0.05227337172398882
1980-01-12,5.097032387,180.0001696371889,0.047046034558974
1980-01-13,4.530695455,160.00015078468851,0.041818697384729105
1980-01-14,4.105942756,145.0001366453132,0.037898194504045433
1980-01-15,3.681190057,130.0001225059379,0.033977691623361755
1980-01-16,3.341387898,118.0001112015006,0.030841289320660836
1980-01-17,2.973268892,105.00009894031241,0.027443520155555637
1980-01-18,2.718417273,96.0000904708131,0.02509121843083746
1980-01-19,2.435248807,86.0000810445629,0.02247754984371501
1980-01-20,2.265347727,80.0000753746869,0.02090934868774951
1980-01-21,2.265347727,80.0000753746869,0.02090934868774951
1980-01-22,1.019406477,36.0000339133119,0.009409206908102768
1980-01-23,0.594653778,21.0000197739366,0.005488704027419093
1980-01-24,0.424752699,15.0000141393753,0.003920502880683674
1980-01-25,0.339802159,12.000011304437301,0.0031364023027009224
1980-01-26,0.311485313,11.0000103830011,0.0028750354495267272
1980-01-27,0.254851619,9.0000084694993,0.0023523017247181707
1980-01-28,0.226534773,8.0000075480631,0.002090934871543976
1980-01-29,0.226534773,8.0000075480631,0.002090934871543976
1980-01-30,0.226534773,8.0000075480631,0.002090934871543976
1980-01-31,1.41584233,50.000047131251,0.013068342935612248
1980-02-01,0.849505398,30.0000282787506,0.007841005761367347
1980-02-02,0.594653778,21.0000197739366,0.005488704027419093
1980-02-03,0.481386392,17.0000160175624,0.004443236596262147
1980-02-04,0.396435852,14.0000131826244,0.003659136018279395
1980-02-05,0.339802159,12.000011304437301,0.0031364023027009224
1980-02-06,0.283168466,10.0000094262502,0.002613668587122449
1980-02-07,0.283168466,10.0000094262502,0.002613668587122449
1980-02-08,0.254851619,9.0000084694993,0.0023523017247181707
1980-02-09,0.226534773,8.0000075480631,0.002090934871543976
1980-02-10,0.226534773,8.0000075480631,0.002090934871543976
1980-02-11,0.198217926,7.0000065913122,0.0018295680091396974
1980-02-12,0.198217926,7.0000065913122,0.0018295680091396974
1980-02-13,1.982179261,70.0000659484367,0.01829568010062706
1980-02-14,1.925545568,68.0000640702496,0.017772946385048588
1980-02-15,1.868911875,66.0000621920625,0.017250212669470116
1980-02-16,1.812278182,64.00006031387541,0.016727478953891643
1980-02-17,1.755644489,62.0000584356883,0.01620474523831317
1980-02-18,1.699010796,60.0000565575012,0.015682011522734695
1980-02-19,1.699010796,60.0000565575012,0.015682011522734695
1980-02-20,28.31684659,1000.0009422718731,0.2613668586199441
1980-02-21,23.33308159,824.000776426373,0.2153662915013571
1980-02-22,16.82020688,594.000559905136,0.15525191407138147
1980-02-23,11.04357017,390.00036748249903,0.10193307486085519
1980-02-24,8.013667586,283.00026669931424,0.07396682099895116
1980-02-25,6.569508409,232.0002186113123,0.060637111200934644
1980-02-26,5.266933466,186.0001752717502,0.04861423570570943
1980-02-27,4.474061762,158.0001489065014,0.041295963669150636
1980-02-28,3.90772483,138.000130054001,0.03606862649490573
1980-02-29,2.944952046,104.0000980188762,0.02718215330238144
1980-03-01,2.152080341,76.0000716183127,0.019863881256592563
1980-03-02,1.812278182,64.00006031387541,0.016727478953891643
1980-03-03,1.529109716,54.0000508876252,0.014113810366769192
1980-03-04,1.33089179,47.000044296313,0.012284242357629493
1980-03-05,1.189307557,42.000039583187906,0.01097740806406827
1980-03-06,1.047723324,37.0000348700628,0.009670573770507044
1980-03-07,0.962772784,34.0000320351248,0.008886473192524294
1980-03-08,0.877822244,31.000029200186802,0.008102372614541541
1980-03-09,0.792871705,28.000026400563502,0.007318272045788875
1980-03-10,0.707921165,25.0000235656255,0.006534171467806124
1980-03-11,0.651287472,23.0000216874384,0.0060114377522276505
1980-03-12,0.594653778,21.0000197739366,0.005488704027419093
1980-03-13,0.566336932,20.0000188525004,0.005227337174244898
1980-03-14,0.538020085,19.0000178957495,0.004965970311840619
1980-03-15,0.509703239,18.0000169743133,0.004704603458666426
1980-03-16,0.481386392,17.0000160175624,0.004443236596262147
1980-03-17,0.453069545,16.000015060811503,0.004181869733857869
1980-03-18,0.424752699,15.0000141393753,0.003920502880683674
1980-03-19,0.396435852,14.0000131826244,0.003659136018279395
1980-03-20,0.16990108,6.000005669876001,0.001568201155965503
1980-03-21,0.056633693,2.0000018781871,0.0005227337155784732
1980-03-22,0.056633693,2.0000018781871,0.0005227337155784732
1980-03-23,0.08495054,3.0000028349380004,0.0007841005779827515
1980-03-24,0.056633693,2.0000018781871,0.0005227337155784732
1980-03-25,0.113267386,4.0000037563742,0.0010454674311569463
1980-03-26,0.113267386,4.0000037563742,0.0010454674311569463
1980-03-27,0.08495054,3.0000028349380004,0.0007841005779827515
1980-03-28,0.113267386,4.0000037563742,0.0010454674311569463
1980-03-29,0.113267386,4.0000037563742,0.0010454674311569463
1980-03-30,0.08495054,3.0000028349380004,0.0007841005779827515
1980-03-31,0.226534773,8.0000075480631,0.002090934871543976
1980-04-01,0.368119006,13.000012261188202,0.003397769165105201
1980-04-02,0.509703239,18.0000169743133,0.004704603458666426
1980-04-03,0.538020085,19.0000178957495,0.004965970311840619
1980-04-04,0.481386392,17.0000160175624,0.004443236596262147
1980-04-05,0.594653778,21.0000197739366,0.005488704027419093
1980-04-06,2.067129801,73.0000687833747,0.019079780678609812
1980-04-07,2.888318352,102.00009610537441,0.026659419577572886
1980-04-08,3.964358523,140.0001319321881,0.0365913602104842
1980-04-09,3.90772483,138.000130054001,0.03606862649490573
1980-04-10,4.474061762,158.0001489065014,0.041295963669150636
1980-04-11,4.530695455,160.00015078468851,0.041818697384729105
1980-04-12,5.210299773,184.0001733935631,0.04809150199013095
1980-04-13,3.794457443,134.0001262623121,0.03502315905451871
1980-04-14,3.313071051,117.0001102447497,0.030579922458256557
1980-04-15,3.086536279,109.00010273200131,0.028488987595942664
1980-04-16,3.228120511,114.00010740981172,0.02979582188027381
1980-04-17,3.794457443,134.0001262623121,0.03502315905451871
1980-04-18,4.870497614,172.0001620891258,0.04495509968743002
1980-04-19,5.550101932,196.0001846980004,0.05122790429283187
1980-04-20,6.909310568,244.00022991574963,0.06377351350363557
1980-04-21,8.693271904,307.0002893081888,0.08023962560435301
1980-04-22,13.87525483,490.000461745001,0.12806976073207968
1980-04-23,14.72476023,520.000490094381,0.1359107665119072
1980-04-24,15.46099824,546.000514546128,0.14270630482365743
1980-04-25,15.29109716,540.0005088762521,0.14113810366769194
1980-04-26,11.46832287,405.000381657189,0.10585357775076894
1980-04-27,9.344559375,330.0003109603125,0.08625106334735057
1980-04-28,10.8170354,382.00036004038003,0.09984214001700145
1980-04-29,13.59208636,480.00045217749204,0.1254560921080369
1980-04-30,17.83961335,630.0005935712451,0.16466112091487364
1980-05-01,16.99010796,600.000565575012,0.15682011522734696
1980-05-02,14.1584233,500.00047131251006,0.13068342935612248
1980-05-03,14.1584233,500.00047131251006,0.13068342935612248
1980-05-04,11.32673864,400.000377050008,0.10454674348489798
1980-05-05,11.32673864,400.000377050008,0.10454674348489798
1980-05-06,11.32673864,400.000377050008,0.10454674348489798
1980-05-07,14.1584233,500.00047131251006,0.13068342935612248
1980-05-08,21.06773386,744.0007009457421,0.19445694278591735
1980-05-09,17.66971227,624.000587901369,0.16309291975890813
1980-05-10,15.8008004,558.00052588588,0.14584270713558842
1980-05-11,12.60099673,445.000419220931,0.11630825206233841
1980-05-12,12.4594125,440.00041461374997,0.11500141779646743
1980-05-13,11.32673864,400.000377050008,0.10454674348489798
1980-05-14,9.118024603,322.00030344756414,0.08416012848503669
1980-05-15,8.523370824,301.00028363831285,0.07867142444838751
1980-05-16,7.334063267,259.00024405512494,0.06769401638431924
1980-05-17,6.824360029,241.00022711612633,0.06298941293488289
1980-05-18,5.776636705,204.0001922460635,0.053318839164375846
1980-05-19,5.493468239,194.00018281981332,0.0507051705772534
1980-05-20,5.210299773,184.0001733935631,0.04809150199013095
1980-05-21,4.813863921,170.00016021093873,0.04443236597185155
1980-05-22,3.964358523,140.0001319321881,0.0365913602104842
1980-05-23,3.398021591,120.00011307968771,0.03136402303623931
1980-05-24,2.831684659,100.0000942271873,0.02613668586199441
1980-05-25,2.265347727,80.0000753746869,0.02090934868774951
1980-05-26,1.699010796,60.0000565575012,0.015682011522734695
1980-05-27,1.783961335,63.000059357124506,0.016466112091487364
1980-05-28,1.444159176,51.000048052687205,0.013329709788786443
1980-05-29,1.189307557,42.000039583187906,0.01097740806406827
1980-05-30,0.849505398,30.0000282787506,0.007841005761367347
1980-05-31,0.792871705,28.000026400563502,0.007318272045788875
1980-06-01,0.622970625,22.000020730687503,0.005750070889823372
1980-06-02,0.509703239,18.0000169743133,0.004704603458666426
1980-06-03,0.311485313,11.0000103830011,0.0028750354495267272
1980-06-04,0.226534773,8.0000075480631,0.002090934871543976
1980-06-05,0.237861511,8.4000079025117,0.0021954816091216208
1980-06-06,0.12176244,4.300004039868,0.0011238774889552215
1980-06-07,0.031148531,1.1000010277057,0.0002875035421836477
1980-06-08,0.033980216,1.2000011339752001,0.0003136402311931006
1980-06-09,0.011326739,0.40000038976330005,0.00010454674680772804
1980-06-10,0.002831685,0.10000010626950001,2.6136689009452884e-05
1980-06-11,,,
1980-06-12,,,
1980-06-13,,,
1980-06-14,,,
1980-06-15,,,
1980-06-16,,,
1980-06-17,,,
1980-06-18,,,
1980-06-19,,,
1980-06-20,,,
1980-06-21,,,
1980-06-22,,,
1980-06-23,,,
1980-06-24,,,
1980-06-25,,,
1980-06-26,,,
1980-06-27,,,
1980-06-28,,,
1980-06-29,,,
1980-06-30,,,
1980-07-01,,,
1980-07-02,,,
1980-07-03,,,
1980-07-04,,,
1980-07-05,,,
1980-07-06,,,
1980-07-07,,,
1980-07-08,,,
1980-07-09,,,
1980-07-10,,,
1980-07-11,,,
1980-07-12,,,
1980-07-13,0.025485162,0.9000008504814,0.00023523017339482542
1980-07-14,0.260514989,9.2000086820383,0.0024045751027370766
1980-07-15,0.070792116,2.5000023389052,0.0006534171421655705
1980-07-16,,,
1980-07-17,,,
1980-07-18,,,
1980-07-19,,,
1980-07-20,,,
1980-07-21,,,
1980-07-22,,,
1980-07-23,,,
1980-07-24,,,
1980-07-25,,,
1980-07-26,,,
1980-07-27,,,
1980-07-28,,,
1980-07-29,,,
1980-07-30,,,
1980-07-31,,,
1980-08-01,,,
1980-08-02,,,
1980-08-03,,,
1980-08-04,0.002831685,0.10000010626950001,2.6136689009452884e-05
1980-08-05,,,
1980-08-06,,,
1980-08-07,,,
1980-08-08,,,
1980-08-09,,,
1980-08-10,,,
1980-08-11,,,
1980-08-12,,,
1980-08-13,,,
1980-08-14,0.368119006,13.000012261188202,0.003397769165105201
1980-08-15,0.339802159,12.000011304437301,0.0031364023027009224
1980-08-16,0.707921165,25.0000235656255,0.006534171467806124
1980-08-17,0.218039719,7.7000072645693,0.002012524813745701
1980-08-18,0.036811901,1.3000012402447,0.0003397769202025535
1980-08-19,0.002831685,0.10000010626950001,2.6136689009452884e-05
1980-08-20,,,
1980-08-21,,,
1980-08-22,,,
1980-08-23,,,
1980-08-24,,,
1980-08-25,1.359208636,48.000045217749204,0.01254560921080369
1980-08-26,1.41584233,50.000047131251,0.013068342935612248
1980-08-27,0.622970625,22.000020730687503,0.005750070889823372
1980-08-28,0.167069395,5.9000055636065,0.00154206446695605
1980-08-29,0.031148531,1.1000010277057,0.0002875035421836477
1980-08-30,0.011326739,0.40000038976330005,0.00010454674680772804
1980-08-31,,,
1980-09-01,,,
1980-09-02,,,
1980-09-03,,,
1980-09-04,,,
1980-09-05,0.011326739,0.40000038976330005,0.00010454674680772804
1980-09-06,0.028316847,1.0000009567509,0.0002613668624042783
1980-09-07,0.16423771,5.800005457337001,0.0015159277779465974
1980-09-08,0.368119006,13.000012261188202,0.003397769165105201
1980-09-09,0.538020085,19.0000178957495,0.004965970311840619
1980-09-10,9.146341449,323.0003043690003,0.08442149533821088
1980-09-11,7.503964347,265.0002497250009,0.06926221754028475
1980-09-12,2.265347727,80.0000753746869,0.02090934868774951
1980-09-13,0.906139091,32.000030156937704,0.008363739476945822
1980-09-14,0.481386392,17.0000160175624,0.004443236596262147
1980-09-15,0.311485313,11.0000103830011,0.0028750354495267272
1980-09-16,0.198217926,7.0000065913122,0.0018295680091396974
1980-09-17,0.12742581,4.500004252407,0.0011761508669741272
1980-09-18,0.12176244,4.300004039868,0.0011238774889552215
1980-09-19,0.113267386,4.0000037563742,0.0010454674311569463
1980-09-20,0.093445594,3.3000031184318006,0.0008625106357810267
1980-09-21,0.08495054,3.0000028349380004,0.0007841005779827515
1980-09-22,0.076455486,2.7000025514442,0.0007056905201844764
1980-09-23,0.067960432,2.4000022679504003,0.0006272804623862012
1980-09-24,0.059465378,2.1000019844566,0.000548870404587926
1980-09-25,0.053802009,1.9000018072323,0.0004965970357991037
1980-09-26,0.048138639,1.7000015946933,0.000444323657780198
1980-09-27,0.04247527,1.5000014174690002,0.00039205028899137577
1980-09-28,0.036811901,1.3000012402447,0.0003397769202025535
1980-09-29,0.031148531,1.1000010277057,0.0002875035421836477
1980-09-30,0.028316847,1.0000009567509,0.0002613668624042783
1980-10-01,0.04247527,1.5000014174690002,0.00039205028899137577
1980-10-02,0.039643585,1.4000013111995002,0.00036591359998192286
1980-10-03,0.033980216,1.2000011339752001,0.0003136402311931006
1980-10-04,0.059465378,2.1000019844566,0.000548870404587926
1980-10-05,0.059465378,2.1000019844566,0.000548870404587926
1980-10-06,0.073623801,2.6000024451747,0.0006795538311750235
1980-10-07,0.062297063,2.2000020907261,0.000575007093597379
1980-10-08,0.050970324,1.8000017009628,0.00047046034678965083
1980-10-09,0.067960432,2.4000022679504003,0.0006272804623862012
1980-10-10,0.059465378,2.1000019844566,0.000548870404587926
1980-10-11,0.062297063,2.2000020907261,0.000575007093597379
1980-10-12,0.062297063,2.2000020907261,0.000575007093597379
1980-10-13,0.067960432,2.4000022679504003,0.0006272804623862012
1980-10-14,0.12176244,4.300004039868,0.0011238774889552215
1980-10-15,0.283168466,10.0000094262502,0.002613668587122449
1980-10-16,0.622970625,22.000020730687503,0.005750070889823372
1980-10-17,0.339802159,12.000011304437301,0.0031364023027009224
1980-10-18,0.237861511,8.4000079025117,0.0021954816091216208
1980-10-19,0.175564449,6.200005847100301,0.0016204745247543253
1980-10-20,0.113267386,4.0000037563742,0.0010454674311569463
1980-10-21,0.147247602,5.2000048903494,0.001359107662350047
1980-10-22,0.12176244,4.300004039868,0.0011238774889552215
1980-10-23,0.12742581,4.500004252407,0.0011761508669741272
1980-10-24,0.12176244,4.300004039868,0.0011238774889552215
1980-10-25,0.113267386,4.0000037563742,0.0010454674311569463
1980-10-26,0.12742581,4.500004252407,0.0011761508669741272
1980-10-27,0.147247602,5.2000048903494,0.001359107662350047
1980-10-28,0.12742581,4.500004252407,0.0011761508669741272
1980-10-29,0.135920864,4.800004535900801,0.0012545609247724024
1980-10-30,0.12742581,4.500004252407,0.0011761508669741272
1980-10-31,0.12742581,4.500004252407,0.0011761508669741272
1980-11-01,0.12742581,4.500004252407,0.0011761508669741272
1980-11-02,0.12742581,4.500004252407,0.0011761508669741272
1980-11-03,0.12742581,4.500004252407,0.0011761508669741272
1980-11-04,0.135920864,4.800004535900801,0.0012545609247724024
1980-11-05,0.12742581,4.500004252407,0.0011761508669741272
1980-11-06,0.135920864,4.800004535900801,0.0012545609247724024
1980-11-07,0.12742581,4.500004252407,0.0011761508669741272
1980-11-08,0.12742581,4.500004252407,0.0011761508669741272
1980-11-09,0.12742581,4.500004252407,0.0011761508669741272
1980-11-10,0.12742581,4.500004252407,0.0011761508669741272
1980-11-11,0.133089179,4.7000044296313,0.0012284242357629494
1980-11-12,0.12742581,4.500004252407,0.0011761508669741272
1980-11-13,0.147247602,5.2000048903494,0.001359107662350047
1980-11-14,0.155742656,5.500005173843201,0.0014375177201483222
1980-11-15,0.147247602,5.2000048903494,0.001359107662350047
1980-11-16,0.135920864,4.800004535900801,0.0012545609247724024
1980-11-17,0.099108963,3.5000032956561,0.0009147840045698487
1980-11-18,0.059465378,2.1000019844566,0.000548870404587926
1980-11-19,0.050970324,1.8000017009628,0.00047046034678965083
1980-11-20,0.050970324,1.8000017009628,0.00047046034678965083
1980-11-21,0.050970324,1.8000017009628,0.00047046034678965083
1980-11-22,0.045306955,1.6000015237385001,0.0004181869780008287
1980-11-23,0.067960432,2.4000022679504003,0.0006272804623862012
1980-11-24,0.12742581,4.500004252407,0.0011761508669741272
1980-11-25,0.186891188,6.600006236863601,0.0017250212715620534
1980-11-26,0.198217926,7.0000065913122,0.0018295680091396974
1980-11-27,0.135920864,4.800004535900801,0.0012545609247724024
1980-11-28,0.099108963,3.5000032956561,0.0009147840045698487
1980-11-29,0.12176244,4.300004039868,0.0011238774889552215
1980-11-30,0.167069395,5.9000055636065,0.00154206446695605
1980-12-01,0.24918825,8.800008292275,0.002300028355929349
1980-12-02,0.20671298,7.300006874806,0.0019079780669379728
1980-12-03,0.198217926,7.0000065913122,0.0018295680091396974
1980-12-04,0.198217926,7.0000065913122,0.0018295680091396974
1980-12-05,0.198217926,7.0000065913122,0.0018295680091396974
1980-12-06,0.186891188,6.600006236863601,0.0017250212715620534
1980-12-07,0.271841727,9.6000090364869,0.002509121840314721
1980-12-08,0.283168466,10.0000094262502,0.002613668587122449
1980-12-09,0.167069395,5.9000055636065,0.00154206446695605
1980-12-10,0.147247602,5.2000048903494,0.001359107662350047
1980-12-11,0.141584233,5.0000047131251,0.0013068342935612246
1980-12-12,0.141584233,5.0000047131251,0.0013068342935612246
1980-12-13,0.141584233,5.0000047131251,0.0013068342935612246
1980-12-14,0.141584233,5.0000047131251,0.0013068342935612246
1980-12-15,0.141584233,5.0000047131251,0.0013068342935612246
1980-12-16,0.141584233,5.0000047131251,0.0013068342935612246
1980-12-17,0.141584233,5.0000047131251,0.0013068342935612246
1980-12-18,0.141584233,5.0000047131251,0.0013068342935612246
1980-12-19,0.141584233,5.0000047131251,0.0013068342935612246
1980-12-20,0.141584233,5.0000047131251,0.0013068342935612246
1980-12-21,0.141584233,5.0000047131251,0.0013068342935612246
1980-12-22,0.141584233,5.0000047131251,0.0013068342935612246
1980-12-23,0.141584233,5.0000047131251,0.0013068342935612246
1980-12-24,0.141584233,5.0000047131251,0.0013068342935612246
1980-12-25,0.141584233,5.0000047131251,0.0013068342935612246
1980-12-26,0.141584233,5.0000047131251,0.0013068342935612246
1980-12-27,0.141584233,5.0000047131251,0.0013068342935612246
1980-12-28,0.141584233,5.0000047131251,0.0013068342935612246
1980-12-29,0.141584233,5.0000047131251,0.0013068342935612246
1980-12-30,0.226534773,8.0000075480631,0.002090934871543976
1980-12-31,0.141584233,5.0000047131251,0.0013068342935612246
1981-01-01,0.141584233,5.0000047131251,0.0013068342935612246
1981-01-02,0.141584233,5.0000047131251,0.0013068342935612246
1981-01-03,0.141584233,5.0000047131251,0.0013068342935612246
1981-01-04,0.113267386,4.0000037563742,0.0010454674311569463
1981-01-05,0.113267386,4.0000037563742,0.0010454674311569463
1981-01-06,0.08495054,3.0000028349380004,0.0007841005779827515
1981-01-07,0.08495054,3.0000028349380004,0.0007841005779827515
1981-01-08,0.08495054,3.0000028349380004,0.0007841005779827515
1981-01-09,0.08495054,3.0000028349380004,0.0007841005779827515
1981-01-10,0.08495054,3.0000028349380004,0.0007841005779827515
1981-01-11,0.08495054,3.0000028349380004,0.0007841005779827515
1981-01-12,0.08495054,3.0000028349380004,0.0007841005779827515
1981-01-13,0.08495054,3.0000028349380004,0.0007841005779827515
1981-01-14,0.08495054,3.0000028349380004,0.0007841005779827515
1981-01-15,0.08495054,3.0000028349380004,0.0007841005779827515
1981-01-16,0.08495054,3.0000028349380004,0.0007841005779827515
1981-01-17,0.08495054,3.0000028349380004,0.0007841005779827515
1981-01-18,0.08495054,3.0000028349380004,0.0007841005779827515
1981-01-19,0.08495054,3.0000028349380004,0.0007841005779827515
1981-01-20,0.08495054,3.0000028349380004,0.0007841005779827515
1981-01-21,0.08495054,3.0000028349380004,0.0007841005779827515
1981-01-22,0.08495054,3.0000028349380004,0.0007841005779827515
1981-01-23,0.08495054,3.0000028349380004,0.0007841005779827515
1981-01-24,0.08495054,3.0000028349380004,0.0007841005779827515
1981-01-25,0.08495054,3.0000028349380004,0.0007841005779827515
1981-01-26,0.08495054,3.0000028349380004,0.0007841005779827515
1981-01-27,0.08495054,3.0000028349380004,0.0007841005779827515
1981-01-28,0.08495054,3.0000028349380004,0.0007841005779827515
1981-01-29,0.08495054,3.0000028349380004,0.0007841005779827515
1981-01-30,0.08495054,3.0000028349380004,0.0007841005779827515
1981-01-31,0.08495054,3.0000028349380004,0.0007841005779827515
1981-02-01,0.08495054,3.0000028349380004,0.0007841005779827515
1981-02-02,0.08495054,3.0000028349380004,0.0007841005779827515
1981-02-03,0.08495054,3.0000028349380004,0.0007841005779827515
1981-02-04,0.08495054,3.0000028349380004,0.0007841005779827515
1981-02-05,0.08495054,3.0000028349380004,0.0007841005779827515
1981-02-06,0.08495054,3.0000028349380004,0.0007841005779827515
1981-02-07,0.08495054,3.0000028349380004,0.0007841005779827515
1981-02-08,0.08495054,3.0000028349380004,0.0007841005779827515
1981-02-09,0.198217926,7.0000065913122,0.0018295680091396974
1981-02-10,0.141584233,5.0000047131251,0.0013068342935612246
1981-02-11,0.141584233,5.0000047131251,0.0013068342935612246
1981-02-12,0.141584233,5.0000047131251,0.0013068342935612246
1981-02-13,0.113267386,4.0000037563742,0.0010454674311569463
1981-02-14,0.113267386,4.0000037563742,0.0010454674311569463
1981-02-15,0.08495054,3.0000028349380004,0.0007841005779827515
1981-02-16,0.08495054,3.0000028349380004,0.0007841005779827515
1981-02-17,0.08495054,3.0000028349380004,0.0007841005779827515
1981-02-18,0.076455486,2.7000025514442,0.0007056905201844764
1981-02-19,0.033980216,1.2000011339752001,0.0003136402311931006
1981-02-20,0.033980216,1.2000011339752001,0.0003136402311931006
1981-02-21,0.031148531,1.1000010277057,0.0002875035421836477
1981-02-22,0.04247527,1.5000014174690002,0.00039205028899137577
1981-02-23,0.062297063,2.2000020907261,0.000575007093597379
1981-02-24,0.067960432,2.4000022679504003,0.0006272804623862012
1981-02-25,0.039643585,1.4000013111995002,0.00036591359998192286
1981-02-26,0.099108963,3.5000032956561,0.0009147840045698487
1981-02-27,0.08495054,3.0000028349380004,0.0007841005779827515
1981-02-28,0.076455486,2.7000025514442,0.0007056905201844764
1981-03-01,0.050970324,1.8000017009628,0.00047046034678965083
1981-03-02,0.045306955,1.6000015237385001,0.0004181869780008287
1981-03-03,0.050970324,1.8000017009628,0.00047046034678965083
1981-03-04,0.147247602,5.2000048903494,0.001359107662350047
1981-03-05,0.237861511,8.4000079025117,0.0021954816091216208
1981-03-06,0.186891188,6.600006236863601,0.0017250212715620534
1981-03-07,0.260514989,9.2000086820383,0.0024045751027370766
1981-03-08,0.186891188,6.600006236863601,0.0017250212715620534
1981-03-09,0.215208034,7.600007158299801,0.001986388124736248
1981-03-10,0.147247602,5.2000048903494,0.001359107662350047
1981-03-11,0.135920864,4.800004535900801,0.0012545609247724024
1981-03-12,0.12176244,4.300004039868,0.0011238774889552215
1981-03-13,0.175564449,6.200005847100301,0.0016204745247543253
1981-03-14,0.226534773,8.0000075480631,0.002090934871543976
1981-03-15,0.175564449,6.200005847100301,0.0016204745247543253
1981-03-16,0.198217926,7.0000065913122,0.0018295680091396974
1981-03-17,0.20671298,7.300006874806,0.0019079780669379728
1981-03-18,0.12742581,4.500004252407,0.0011761508669741272
1981-03-19,0.113267386,4.0000037563742,0.0010454674311569463
1981-03-20,0.062297063,2.2000020907261,0.000575007093597379
1981-03-21,0.053802009,1.9000018072323,0.0004965970357991037
1981-03-22,0.050970324,1.8000017009628,0.00047046034678965083
1981-03-23,0.053802009,1.9000018072323,0.0004965970357991037
1981-03-24,0.053802009,1.9000018072323,0.0004965970357991037
1981-03-25,0.050970324,1.8000017009628,0.00047046034678965083
1981-03-26,0.050970324,1.8000017009628,0.00047046034678965083
1981-03-27,0.08495054,3.0000028349380004,0.0007841005779827515
1981-03-28,0.12176244,4.300004039868,0.0011238774889552215
1981-03-29,0.113267386,4.0000037563742,0.0010454674311569463
1981-03-30,0.20671298,7.300006874806,0.0019079780669379728
1981-03-31,0.218039719,7.7000072645693,0.002012524813745701
1981-04-01,0.147247602,5.2000048903494,0.001359107662350047
1981-04-02,0.099108963,3.5000032956561,0.0009147840045698487
1981-04-03,0.104772332,3.7000034728804,0.0009670573733586711
1981-04-04,0.104772332,3.7000034728804,0.0009670573733586711
1981-04-05,0.104772332,3.7000034728804,0.0009670573733586711
1981-04-06,0.113267386,4.0000037563742,0.0010454674311569463
1981-04-07,0.08495054,3.0000028349380004,0.0007841005779827515
1981-04-08,0.076455486,2.7000025514442,0.0007056905201844764
1981-04-09,0.08495054,3.0000028349380004,0.0007841005779827515
1981-04-10,0.059465378,2.1000019844566,0.000548870404587926
1981-04-11,0.04247527,1.5000014174690002,0.00039205028899137577
1981-04-12,0.022653477,0.8000007442119001,0.00020909348438537256
1981-04-13,0.014158423,0.5000004607181,0.00013068342658709742
1981-04-14,0.025485162,0.9000008504814,0.00023523017339482542
1981-04-15,0.622970625,22.000020730687503,0.005750070889823372
1981-04-16,0.736238011,26.0000244870617,0.006795538320980318
1981-04-17,0.311485313,11.0000103830011,0.0028750354495267272
1981-04-18,0.12176244,4.300004039868,0.0011238774889552215
1981-04-19,0.08495054,3.0000028349380004,0.0007841005779827515
1981-04-20,0.045306955,1.6000015237385001,0.0004181869780008287
1981-04-21,0.059465378,2.1000019844566,0.000548870404587926
1981-04-22,0.08495054,3.0000028349380004,0.0007841005779827515
1981-04-23,0.076455486,2.7000025514442,0.0007056905201844764
1981-04-24,0.073623801,2.6000024451747,0.0006795538311750235
1981-04-25,0.073623801,2.6000024451747,0.0006795538311750235
1981-04-26,0.062297063,2.2000020907261,0.000575007093597379
1981-04-27,0.045306955,1.6000015237385001,0.0004181869780008287
1981-04-28,0.033980216,1.2000011339752001,0.0003136402311931006
1981-04-29,0.028316847,1.0000009567509,0.0002613668624042783
1981-04-30,0.019821793,0.7000006732571,0.0001829568046060032
1981-05-01,0.019821793,0.7000006732571,0.0001829568046060032
1981-05-02,0.028316847,1.0000009567509,0.0002613668624042783
1981-05-03,0.028316847,1.0000009567509,0.0002613668624042783
1981-05-04,0.016990108,0.6000005669876001,0.0001568201155965503
1981-05-05,0.016990108,0.6000005669876001,0.0001568201155965503
1981-05-06,0.014158423,0.5000004607181,0.00013068342658709742
1981-05-07,0.014158423,0.5000004607181,0.00013068342658709742
1981-05-08,0.011326739,0.40000038976330005,0.00010454674680772804
1981-05-09,0.014158423,0.5000004607181,0.00013068342658709742
1981-05-10,0.011326739,0.40000038976330005,0.00010454674680772804
1981-05-11,0.014158423,0.5000004607181,0.00013068342658709742
1981-05-12,0.011326739,0.40000038976330005,0.00010454674680772804
1981-05-13,0.011326739,0.40000038976330005,0.00010454674680772804
1981-05-14,0.011326739,0.40000038976330005,0.00010454674680772804
1981-05-15,0.011326739,0.40000038976330005,0.00010454674680772804
1981-05-16,0.155742656,5.500005173843201,0.0014375177201483222
1981-05-17,1.359208636,48.000045217749204,0.01254560921080369
1981-05-18,0.679604318,24.000022608874602,0.006272804605401845
1981-05-19,0.311485313,11.0000103830011,0.0028750354495267272
1981-05-20,0.155742656,5.500005173843201,0.0014375177201483222
1981-05-21,0.076455486,2.7000025514442,0.0007056905201844764
1981-05-22,0.053802009,1.9000018072323,0.0004965970357991037
1981-05-23,0.033980216,1.2000011339752001,0.0003136402311931006
1981-05-24,0.033980216,1.2000011339752001,0.0003136402311931006
1981-05-25,0.033980216,1.2000011339752001,0.0003136402311931006
1981-05-26,0.028316847,1.0000009567509,0.0002613668624042783
1981-05-27,0.028316847,1.0000009567509,0.0002613668624042783
1981-05-28,0.050970324,1.8000017009628,0.00047046034678965083
1981-05-29,0.226534773,8.0000075480631,0.002090934871543976
1981-05-30,0.167069395,5.9000055636065,0.00154206446695605
1981-05-31,0.252019935,8.9000083985445,0.002326165044938801
1981-06-01,1.670693949,59.0000556007503,0.015420644660330418
1981-06-02,0.566336932,20.0000188525004,0.005227337174244898
1981-06-03,0.283168466,10.0000094262502,0.002613668587122449
1981-06-04,0.849505398,30.0000282787506,0.007841005761367347
1981-06-05,0.622970625,22.000020730687503,0.005750070889823372
1981-06-06,0.24918825,8.800008292275,0.002300028355929349
1981-06-07,0.099108963,3.5000032956561,0.0009147840045698487
1981-06-08,0.053802009,1.9000018072323,0.0004965970357991037
1981-06-09,0.016990108,0.6000005669876001,0.0001568201155965503
1981-06-10,0.005663369,0.2000001772243,5.227336878882226e-05
1981-06-11,0.002831685,0.10000010626950001,2.6136689009452884e-05
1981-06-12,,,
1981-06-13,,,
1981-06-14,,,
1981-06-15,,,
1981-06-16,,,
1981-06-17,,,
1981-06-18,,,
1981-06-19,,,
1981-06-20,,,
1981-06-21,,,
1981-06-22,,,
1981-06-23,,,
1981-06-24,,,
1981-06-25,,,
1981-06-26,,,
1981-06-27,,,
1981-06-28,,,
1981-06-29,,,
1981-06-30,,,
1981-07-01,0.011326739,0.40000038976330005,0.00010454674680772804
1981-07-02,0.538020085,19.0000178957495,0.004965970311840619
1981-07-03,0.226534773,8.0000075480631,0.002090934871543976
1981-07-04,0.031148531,1.1000010277057,0.0002875035421836477
1981-07-05,,,
1981-07-06,,,
1981-07-07,,,
1981-07-08,,,
1981-07-09,,,
1981-07-10,0.04247527,1.5000014174690002,0.00039205028899137577
1981-07-11,0.016990108,0.6000005669876001,0.0001568201155965503
1981-07-12,2.180397188,77.00007257506361,0.020125248118996845
1981-07-13,7.64554858,270.00025443812603,0.07056905183384597
1981-07-14,19.82179261,700.000659484367,0.1829568010062706
1981-07-15,1.812278182,64.00006031387541,0.016727478953891643
1981-07-16,,,
1981-07-17,3.511288977,124.0001168360619,0.03240949046739625
1981-07-18,0.764554858,27.0000254438126,0.007056905183384596
1981-07-19,1.16099071,41.000038626437004,0.010716041201663994
1981-07-20,0.20671298,7.300006874806,0.0019079780669379728
1981-07-21,0.073623801,2.6000024451747,0.0006795538311750235
1981-07-22,0.033980216,1.2000011339752001,0.0003136402311931006
1981-07-23,0.019821793,0.7000006732571,0.0001829568046060032
1981-07-24,0.175564449,6.200005847100301,0.0016204745247543253
1981-07-25,0.736238011,26.0000244870617,0.006795538320980318
1981-07-26,0.849505398,30.0000282787506,0.007841005761367347
1981-07-27,0.067960432,2.4000022679504003,0.0006272804623862012
1981-07-28,0.04247527,1.5000014174690002,0.00039205028899137577
1981-07-29,0.014158423,0.5000004607181,0.00013068342658709742
1981-07-30,0.011326739,0.40000038976330005,0.00010454674680772804
1981-07-31,0.141584233,5.0000047131251,0.0013068342935612246
1981-08-01,0.311485313,11.0000103830011,0.0028750354495267272
1981-08-02,0.08495054,3.0000028349380004,0.0007841005779827515
1981-08-03,0.019821793,0.7000006732571,0.0001829568046060032
1981-08-04,0.014158423,0.5000004607181,0.00013068342658709742
1981-08-05,0.005663369,0.2000001772243,5.227336878882226e-05
1981-08-06,,,
1981-08-07,,,
1981-08-08,,,
1981-08-09,,,
1981-08-10,0.011326739,0.40000038976330005,0.00010454674680772804
1981-08-11,0.008495054,0.30000028349380004,7.841005779827515e-05
1981-08-12,0.008495054,0.30000028349380004,7.841005779827515e-05
1981-08-13,0.008495054,0.30000028349380004,7.841005779827515e-05
1981-08-14,0.014158423,0.5000004607181,0.00013068342658709742
1981-08-15,0.093445594,3.3000031184318006,0.0008625106357810267
1981-08-16,0.099108963,3.5000032956561,0.0009147840045698487
1981-08-17,0.014158423,0.5000004607181,0.00013068342658709742
1981-08-18,,,
1981-08-19,,,
1981-08-20,,,
1981-08-21,,,
1981-08-22,0.283168466,10.0000094262502,0.002613668587122449
1981-08-23,0.141584233,5.0000047131251,0.0013068342935612246
1981-08-24,0.08495054,3.0000028349380004,0.0007841005779827515
1981-08-25,0.028316847,1.0000009567509,0.0002613668624042783
1981-08-26,,,
1981-08-27,,,
1981-08-28,,,
1981-08-29,,,
1981-08-30,,,
1981-08-31,0.283168466,10.0000094262502,0.002613668587122449
1981-09-01,0.141584233,5.0000047131251,0.0013068342935612246
1981-09-02,0.08495054,3.0000028349380004,0.0007841005779827515
1981-09-03,0.028316847,1.0000009567509,0.0002613668624042783
1981-09-04,0.028316847,1.0000009567509,0.0002613668624042783
1981-09-05,0.141584233,5.0000047131251,0.0013068342935612246
1981-09-06,0.141584233,5.0000047131251,0.0013068342935612246
1981-09-07,0.08495054,3.0000028349380004,0.0007841005779827515
1981-09-08,0.028316847,1.0000009567509,0.0002613668624042783
1981-09-09,0.283168466,10.0000094262502,0.002613668587122449
1981-09-10,0.141584233,5.0000047131251,0.0013068342935612246
1981-09-11,0.141584233,5.0000047131251,0.0013068342935612246
1981-09-12,0.08495054,3.0000028349380004,0.0007841005779827515
1981-09-13,0.08495054,3.0000028349380004,0.0007841005779827515
1981-09-14,0.08495054,3.0000028349380004,0.0007841005779827515
1981-09-15,0.099108963,3.5000032956561,0.0009147840045698487
1981-09-16,0.311485313,11.0000103830011,0.0028750354495267272
1981-09-17,0.099108963,3.5000032956561,0.0009147840045698487
1981-09-18,0.062297063,2.2000020907261,0.000575007093597379
1981-09-19,0.062297063,2.2000020907261,0.000575007093597379
1981-09-20,0.053802009,1.9000018072323,0.0004965970357991037
1981-09-21,0.050970324,1.8000017009628,0.00047046034678965083
1981-09-22,0.04247527,1.5000014174690002,0.00039205028899137577
1981-09-23,0.045306955,1.6000015237385001,0.0004181869780008287
1981-09-24,0.24918825,8.800008292275,0.002300028355929349
1981-09-25,0.339802159,12.000011304437301,0.0031364023027009224
1981-09-26,0.20671298,7.300006874806,0.0019079780669379728
1981-09-27,0.104772332,3.7000034728804,0.0009670573733586711
1981-09-28,0.062297063,2.2000020907261,0.000575007093597379
1981-09-29,0.067960432,2.4000022679504003,0.0006272804623862012
1981-09-30,0.050970324,1.8000017009628,0.00047046034678965083
1981-10-01,0.283168466,10.0000094262502,0.002613668587122449
1981-10-02,3.398021591,120.00011307968771,0.03136402303623931
1981-10-03,11.46832287,405.000381657189,0.10585357775076894
1981-10-04,12.37446196,437.000411778812,0.11421731721848467
1981-10-05,2.237030881,79.0000744532507,0.020647981834575318
1981-10-06,0.764554858,27.0000254438126,0.007056905183384596
1981-10-07,0.594653778,21.0000197739366,0.005488704027419093
1981-10-08,0.218039719,7.7000072645693,0.002012524813745701
1981-10-09,0.167069395,5.9000055636065,0.00154206446695605
1981-10-10,0.099108963,3.5000032956561,0.0009147840045698487
1981-10-11,0.059465378,2.1000019844566,0.000548870404587926
1981-10-12,0.045306955,1.6000015237385001,0.0004181869780008287
1981-10-13,0.028316847,1.0000009567509,0.0002613668624042783
1981-10-14,0.019821793,0.7000006732571,0.0001829568046060032
1981-10-15,0.08495054,3.0000028349380004,0.0007841005779827515
1981-10-16,0.099108963,3.5000032956561,0.0009147840045698487
1981-10-17,0.167069395,5.9000055636065,0.00154206446695605
1981-10-18,0.093445594,3.3000031184318006,0.0008625106357810267
1981-10-19,0.099108963,3.5000032956561,0.0009147840045698487
1981-10-20,0.08495054,3.0000028349380004,0.0007841005779827515
1981-10-21,0.076455486,2.7000025514442,0.0007056905201844764
1981-10-22,0.08495054,3.0000028349380004,0.0007841005779827515
1981-10-23,0.093445594,3.3000031184318006,0.0008625106357810267
1981-10-24,0.093445594,3.3000031184318006,0.0008625106357810267
1981-10-25,0.08495054,3.0000028349380004,0.0007841005779827515
1981-10-26,0.08495054,3.0000028349380004,0.0007841005779827515
1981-10-27,0.08495054,3.0000028349380004,0.0007841005779827515
1981-10-28,0.08495054,3.0000028349380004,0.0007841005779827515
1981-10-29,0.08495054,3.0000028349380004,0.0007841005779827515
1981-10-30,0.08495054,3.0000028349380004,0.0007841005779827515
1981-10-31,0.093445594,3.3000031184318006,0.0008625106357810267
1981-11-01,0.08495054,3.0000028349380004,0.0007841005779827515
1981-11-02,0.08495054,3.0000028349380004,0.0007841005779827515
1981-11-03,0.08495054,3.0000028349380004,0.0007841005779827515
1981-11-04,0.08495054,3.0000028349380004,0.0007841005779827515
1981-11-05,0.099108963,3.5000032956561,0.0009147840045698487
1981-11-06,0.113267386,4.0000037563742,0.0010454674311569463
1981-11-07,0.12176244,4.300004039868,0.0011238774889552215
1981-11-08,0.113267386,4.0000037563742,0.0010454674311569463
1981-11-09,0.113267386,4.0000037563742,0.0010454674311569463
1981-11-10,0.12742581,4.500004252407,0.0011761508669741272
1981-11-11,0.12176244,4.300004039868,0.0011238774889552215
1981-11-12,0.12176244,4.300004039868,0.0011238774889552215
1981-11-13,0.113267386,4.0000037563742,0.0010454674311569463
1981-11-14,0.12176244,4.300004039868,0.0011238774889552215
1981-11-15,0.113267386,4.0000037563742,0.0010454674311569463
1981-11-16,0.104772332,3.7000034728804,0.0009670573733586711
1981-11-17,0.104772332,3.7000034728804,0.0009670573733586711
1981-11-18,0.104772332,3.7000034728804,0.0009670573733586711
1981-11-19,0.104772332,3.7000034728804,0.0009670573733586711
1981-11-20,0.093445594,3.3000031184318006,0.0008625106357810267
1981-11-21,0.093445594,3.3000031184318006,0.0008625106357810267
1981-11-22,0.093445594,3.3000031184318006,0.0008625106357810267
1981-11-23,0.093445594,3.3000031184318006,0.0008625106357810267
1981-11-24,0.12176244,4.300004039868,0.0011238774889552215
1981-11-25,0.147247602,5.2000048903494,0.001359107662350047
1981-11-26,0.113267386,4.0000037563742,0.0010454674311569463
1981-11-27,0.104772332,3.7000034728804,0.0009670573733586711
1981-11-28,0.099108963,3.5000032956561,0.0009147840045698487
1981-11-29,0.175564449,6.200005847100301,0.0016204745247543253
1981-11-30,0.764554858,27.0000254438126,0.007056905183384596
1981-12-01,0.849505398,30.0000282787506,0.007841005761367347
1981-12-02,0.481386392,17.0000160175624,0.004443236596262147
1981-12-03,0.198217926,7.0000065913122,0.0018295680091396974
1981-12-04,0.141584233,5.0000047131251,0.0013068342935612246
1981-12-05,0.113267386,4.0000037563742,0.0010454674311569463
1981-12-06,0.113267386,4.0000037563742,0.0010454674311569463
1981-12-07,0.113267386,4.0000037563742,0.0010454674311569463
1981-12-08,0.113267386,4.0000037563742,0.0010454674311569463
1981-12-09,0.113267386,4.0000037563742,0.0010454674311569463
1981-12-10,0.113267386,4.0000037563742,0.0010454674311569463
1981-12-11,0.113267386,4.0000037563742,0.0010454674311569463
1981-12-12,0.113267386,4.0000037563742,0.0010454674311569463
1981-12-13,0.113267386,4.0000037563742,0.0010454674311569463
1981-12-14,0.113267386,4.0000037563742,0.0010454674311569463
1981-12-15,0.113267386,4.0000037563742,0.0010454674311569463
1981-12-16,0.113267386,4.0000037563742,0.0010454674311569463
1981-12-17,0.155742656,5.500005173843201,0.0014375177201483222
1981-12-18,0.076455486,2.7000025514442,0.0007056905201844764
1981-12-19,0.093445594,3.3000031184318006,0.0008625106357810267
1981-12-20,0.12176244,4.300004039868,0.0011238774889552215
1981-12-21,0.113267386,4.0000037563742,0.0010454674311569463
1981-12-22,0.260514989,9.2000086820383,0.0024045751027370766
1981-12-23,0.20671298,7.300006874806,0.0019079780669379728
1981-12-24,0.093445594,3.3000031184318006,0.0008625106357810267
1981-12-25,0.12176244,4.300004039868,0.0011238774889552215
1981-12-26,0.093445594,3.3000031184318006,0.0008625106357810267
1981-12-27,0.093445594,3.3000031184318006,0.0008625106357810267
1981-12-28,0.093445594,3.3000031184318006,0.0008625106357810267
1981-12-29,0.08495054,3.0000028349380004,0.0007841005779827515
1981-12-30,0.08495054,3.0000028349380004,0.0007841005779827515
1981-12-31,0.08495054,3.0000028349380004,0.0007841005779827515
1982-01-01,0.08495054,3.0000028349380004,0.0007841005779827515
1982-01-02,0.08495054,3.0000028349380004,0.0007841005779827515
1982-01-03,0.056633693,2.0000018781871,0.0005227337155784732
1982-01-04,0.08495054,3.0000028349380004,0.0007841005779827515
1982-01-05,0.113267386,4.0000037563742,0.0010454674311569463
1982-01-06,0.141584233,5.0000047131251,0.0013068342935612246
1982-01-07,0.056633693,2.0000018781871,0.0005227337155784732
1982-01-08,0.028316847,1.0000009567509,0.0002613668624042783
1982-01-09,0.056633693,2.0000018781871,0.0005227337155784732
1982-01-10,0.08495054,3.0000028349380004,0.0007841005779827515
1982-01-11,0.08495054,3.0000028349380004,0.0007841005779827515
1982-01-12,0.113267386,4.0000037563742,0.0010454674311569463
1982-01-13,0.141584233,5.0000047131251,0.0013068342935612246
1982-01-14,0.141584233,5.0000047131251,0.0013068342935612246
1982-01-15,0.141584233,5.0000047131251,0.0013068342935612246
1982-01-16,0.16990108,6.000005669876001,0.001568201155965503
1982-01-17,0.198217926,7.0000065913122,0.0018295680091396974
1982-01-18,0.226534773,8.0000075480631,0.002090934871543976
1982-01-19,0.254851619,9.0000084694993,0.0023523017247181707
1982-01-20,0.566336932,20.0000188525004,0.005227337174244898
1982-01-21,0.226534773,8.0000075480631,0.002090934871543976
1982-01-22,0.198217926,7.0000065913122,0.0018295680091396974
1982-01-23,0.198217926,7.0000065913122,0.0018295680091396974
1982-01-24,0.226534773,8.0000075480631,0.002090934871543976
1982-01-25,0.283168466,10.0000094262502,0.002613668587122449
1982-01-26,0.311485313,11.0000103830011,0.0028750354495267272
1982-01-27,0.339802159,12.000011304437301,0.0031364023027009224
1982-01-28,0.424752699,15.0000141393753,0.003920502880683674
1982-01-29,0.396435852,14.0000131826244,0.003659136018279395
1982-01-30,0.509703239,18.0000169743133,0.004704603458666426
1982-01-31,0.283168466,10.0000094262502,0.002613668587122449
1982-02-01,0.113267386,4.0000037563742,0.0010454674311569463
1982-02-02,0.113267386,4.0000037563742,0.0010454674311569463
1982-02-03,0.113267386,4.0000037563742,0.0010454674311569463
1982-02-04,0.113267386,4.0000037563742,0.0010454674311569463
1982-02-05,0.08495054,3.0000028349380004,0.0007841005779827515
1982-02-06,0.056633693,2.0000018781871,0.0005227337155784732
1982-02-07,0.056633693,2.0000018781871,0.0005227337155784732
1982-02-08,0.08495054,3.0000028349380004,0.0007841005779827515
1982-02-09,0.113267386,4.0000037563742,0.0010454674311569463
1982-02-10,0.141584233,5.0000047131251,0.0013068342935612246
1982-02-11,4.813863921,170.00016021093873,0.04443236597185155
1982-02-12,2.265347727,80.0000753746869,0.02090934868774951
1982-02-13,1.132673864,40.0000377050008,0.010454674348489797
1982-02-14,0.849505398,30.0000282787506,0.007841005761367347
1982-02-15,0.566336932,20.0000188525004,0.005227337174244898
1982-02-16,0.707921165,25.0000235656255,0.006534171467806124
1982-02-17,0.566336932,20.0000188525004,0.005227337174244898
1982-02-18,0.538020085,19.0000178957495,0.004965970311840619
1982-02-19,0.509703239,18.0000169743133,0.004704603458666426
1982-02-20,0.481386392,17.0000160175624,0.004443236596262147
1982-02-21,0.481386392,17.0000160175624,0.004443236596262147
1982-02-22,0.481386392,17.0000160175624,0.004443236596262147
1982-02-23,0.481386392,17.0000160175624,0.004443236596262147
1982-02-24,0.509703239,18.0000169743133,0.004704603458666426
1982-02-25,0.651287472,23.0000216874384,0.0060114377522276505
1982-02-26,3.624556364,128.00012062775082,0.033454957907783286
1982-02-27,1.925545568,68.0000640702496,0.017772946385048588
1982-02-28,1.047723324,37.0000348700628,0.009670573770507044
1982-03-01,0.538020085,19.0000178957495,0.004965970311840619
1982-03-02,0.339802159,12.000011304437301,0.0031364023027009224
1982-03-03,0.260514989,9.2000086820383,0.0024045751027370766
1982-03-04,0.271841727,9.6000090364869,0.002509121840314721
1982-03-05,0.283168466,10.0000094262502,0.002613668587122449
1982-03-06,0.24918825,8.800008292275,0.002300028355929349
1982-03-07,0.218039719,7.7000072645693,0.002012524813745701
1982-03-08,0.20671298,7.300006874806,0.0019079780669379728
1982-03-09,0.368119006,13.000012261188202,0.003397769165105201
1982-03-10,0.424752699,15.0000141393753,0.003920502880683674
1982-03-11,0.24918825,8.800008292275,0.002300028355929349
1982-03-12,0.20671298,7.300006874806,0.0019079780669379728
1982-03-13,4.332477529,153.00014419337631,0.03998912937558941
1982-03-14,5.720003012,202.00019036787643,0.05279610544879738
1982-03-15,5.15366608,182.000171515376,0.047568768274552475
1982-03-16,4.643962841,164.0001545410627,0.04286416481588605
1982-03-17,2.916635199,103.0000970621253,0.02692078643997716
1982-03-18,2.152080341,76.0000716183127,0.019863881256592563
1982-03-19,1.755644489,62.0000584356883,0.01620474523831317
1982-03-20,1.614060256,57.0000537225632,0.014897910944751945
1982-03-21,0.651287472,23.0000216874384,0.0060114377522276505
1982-03-22,0.396435852,14.0000131826244,0.003659136018279395
1982-03-23,0.271841727,9.6000090364869,0.002509121840314721
1982-03-24,0.186891188,6.600006236863601,0.0017250212715620534
1982-03-25,0.12742581,4.500004252407,0.0011761508669741272
1982-03-26,0.093445594,3.3000031184318006,0.0008625106357810267
1982-03-27,0.651287472,23.0000216874384,0.0060114377522276505
1982-03-28,2.010496108,71.0000669051876,0.018557046963031336
1982-03-29,1.783961335,63.000059357124506,0.016466112091487364
1982-03-30,1.585743409,56.000052765812306,0.014636544082347666
1982-03-31,1.07604017,38.000035791499,0.009931940623681239
1982-04-01,0.368119006,13.000012261188202,0.003397769165105201
1982-04-02,0.218039719,7.7000072645693,0.002012524813745701
1982-04-03,0.113267386,4.0000037563742,0.0010454674311569463
1982-04-04,0.073623801,2.6000024451747,0.0006795538311750235
1982-04-05,0.093445594,3.3000031184318006,0.0008625106357810267
1982-04-06,0.135920864,4.800004535900801,0.0012545609247724024
1982-04-07,0.059465378,2.1000019844566,0.000548870404587926
1982-04-08,0.04247527,1.5000014174690002,0.00039205028899137577
1982-04-09,0.04247527,1.5000014174690002,0.00039205028899137577
1982-04-10,0.04247527,1.5000014174690002,0.00039205028899137577
1982-04-11,0.050970324,1.8000017009628,0.00047046034678965083
1982-04-12,0.093445594,3.3000031184318006,0.0008625106357810267
1982-04-13,0.062297063,2.2000020907261,0.000575007093597379
1982-04-14,0.04247527,1.5000014174690002,0.00039205028899137577
1982-04-15,0.039643585,1.4000013111995002,0.00036591359998192286
1982-04-16,0.04247527,1.5000014174690002,0.00039205028899137577
1982-04-17,0.039643585,1.4000013111995002,0.00036591359998192286
1982-04-18,0.792871705,28.000026400563502,0.007318272045788875
1982-04-19,0.707921165,25.0000235656255,0.006534171467806124
1982-04-20,1.925545568,68.0000640702496,0.017772946385048588
1982-04-21,1.755644489,62.0000584356883,0.01620474523831317
1982-04-22,1.41584233,50.000047131251,0.013068342935612248
1982-04-23,0.538020085,19.0000178957495,0.004965970311840619
1982-04-24,1.585743409,56.000052765812306,0.014636544082347666
1982-04-25,1.132673864,40.0000377050008,0.010454674348489797
1982-04-26,0.991089631,35.000032991875706,0.009147840054928573
1982-04-27,2.208714034,78.00007349649981,0.02038661497217104
1982-04-28,2.548516193,90.00008480093712,0.023523017274871962
1982-04-29,3.567922671,126.0001187495637,0.03293222419220481
1982-04-30,3.794457443,134.0001262623121,0.03502315905451871
1982-05-01,3.964358523,140.0001319321881,0.0365913602104842
1982-05-02,4.275843835,151.0001422798745,0.03946639565078085
1982-05-03,4.247526989,150.0001413584383,0.03920502879760665
1982-05-04,4.700596534,166.0001564192498,0.04338689853146452
1982-05-05,23.55961636,832.000783868492,0.21745722634521084
1982-05-06,24.0693196,850.00080087812,0.22216182981310736
1982-05-07,7.362380114,260.0002450118758,0.06795538324672351
1982-05-08,4.530695455,160.00015078468851,0.041818697384729105
1982-05-09,2.831684659,100.0000942271873,0.02613668586199441
1982-05-10,2.265347727,80.0000753746869,0.02090934868774951
1982-05-11,1.982179261,70.0000659484367,0.01829568010062706
1982-05-12,2.265347727,80.0000753746869,0.02090934868774951
1982-05-13,1.982179261,70.0000659484367,0.01829568010062706
1982-05-14,1.699010796,60.0000565575012,0.015682011522734695
1982-05-15,1.41584233,50.000047131251,0.013068342935612248
1982-05-16,1.132673864,40.0000377050008,0.010454674348489797
1982-05-17,1.132673864,40.0000377050008,0.010454674348489797
1982-05-18,1.132673864,40.0000377050008,0.010454674348489797
1982-05-19,0.849505398,30.0000282787506,0.007841005761367347
1982-05-20,0.849505398,30.0000282787506,0.007841005761367347
1982-05-21,0.849505398,30.0000282787506,0.007841005761367347
1982-05-22,0.849505398,30.0000282787506,0.007841005761367347
1982-05-23,0.566336932,20.0000188525004,0.005227337174244898
1982-05-24,0.566336932,20.0000188525004,0.005227337174244898
1982-05-25,0.424752699,15.0000141393753,0.003920502880683674
1982-05-26,0.283168466,10.0000094262502,0.002613668587122449
1982-05-27,0.141584233,5.0000047131251,0.0013068342935612246
1982-05-28,0.056633693,2.0000018781871,0.0005227337155784732
1982-05-29,0.028316847,1.0000009567509,0.0002613668624042783
1982-05-30,,,
1982-05-31,,,
1982-06-01,,,
1982-06-02,,,
1982-06-03,,,
1982-06-04,,,
1982-06-05,,,
1982-06-06,,,
1982-06-07,,,
1982-06-08,,,
1982-06-09,,,
1982-06-10,,,
1982-06-11,,,
1982-06-12,,,
1982-06-13,,,
1982-06-14,,,
1982-06-15,,,
1982-06-16,,,
1982-06-17,,,
1982-06-18,,,
1982-06-19,,,
1982-06-20,,,
1982-06-21,,,
1982-06-22,,,
1982-06-23,,,
1982-06-24,,,
1982-06-25,,,
1982-06-26,,,
1982-06-27,,,
1982-06-28,,,
1982-06-29,,,
1982-06-30,,,
1982-07-01,,,
1982-07-02,,,
1982-07-03,,,
1982-07-04,,,
1982-07-05,,,
1982-07-06,,,
1982-07-07,,,
1982-07-08,,,
1982-07-09,,,
1982-07-10,,,
1982-07-11,,,
1982-07-12,,,
1982-07-13,,,
1982-07-14,,,
1982-07-15,,,
1982-07-16,,,
1982-07-17,0.005663369,0.2000001772243,5.227336878882226e-05
1982-07-18,0.002831685,0.10000010626950001,2.6136689009452884e-05
1982-07-19,,,
1982-07-20,,,
1982-07-21,,,
1982-07-22,,,
1982-07-23,,,
1982-07-24,,,
1982-07-25,,,
1982-07-26,,,
1982-07-27,,,
1982-07-28,0.368119006,13.000012261188202,0.003397769165105201
1982-07-29,2.40693196,85.00008008781201,0.022216182981310735
1982-07-30,2.350298267,83.0000782096249,0.02169344926573226
1982-07-31,1.642377102,58.000054643999405,0.015159277797926139
1982-08-01,0.622970625,22.000020730687503,0.005750070889823372
1982-08-02,4.162576449,147.0001385235003,0.03842092821962391
1982-08-03,11.38337233,402.00037882225104,0.1050694771727862
1982-08-04,7.872083353,278.0002619861891,0.07265998670538994
1982-08-05,2.038812955,72.0000678619385,0.01881841382543562
1982-08-06,0.792871705,28.000026400563502,0.007318272045788875
1982-08-07,0.368119006,13.000012261188202,0.003397769165105201
1982-08-08,0.906139091,32.000030156937704,0.008363739476945822
1982-08-09,1.868911875,66.0000621920625,0.017250212669470116
1982-08-10,1.472476023,52.0000490094381,0.01359107665119072
1982-08-11,1.302574943,46.000043339562104,0.012022875495225216
1982-08-12,0.962772784,34.0000320351248,0.008886473192524294
1982-08-13,0.764554858,27.0000254438126,0.007056905183384596
1982-08-14,0.651287472,23.0000216874384,0.0060114377522276505
1982-08-15,0.566336932,20.0000188525004,0.005227337174244898
1982-08-16,0.481386392,17.0000160175624,0.004443236596262147
1982-08-17,4.049309063,143.0001347671261,0.03737546078846696
1982-08-18,5.493468239,194.00018281981332,0.0507051705772534
1982-08-19,1.07604017,38.000035791499,0.009931940623681239
1982-08-20,0.962772784,34.0000320351248,0.008886473192524294
1982-08-21,2.321981421,82.00007728818869,0.021432082412558066
1982-08-22,14.1584233,500.00047131251006,0.13068342935612248
1982-08-23,56.63369318,2000.0018845437462,0.5227337172398882
1982-08-24,84.95053978,3000.002827168766,0.7841005759521331
1982-08-25,169.9010796,6000.00565575012,1.5682011522734696
1982-08-26,28.31684659,1000.0009422718731,0.2613668586199441
1982-08-27,21.23763494,750.000706615618,0.19602514394188286
1982-08-28,5.663369318,200.0001884543746,0.05227337172398882
1982-08-29,3.964358523,140.0001319321881,0.0365913602104842
1982-08-30,2.831684659,100.0000942271873,0.02613668586199441
1982-08-31,2.265347727,80.0000753746869,0.02090934868774951
1982-09-01,1.41584233,50.000047131251,0.013068342935612248
1982-09-02,1.132673864,40.0000377050008,0.010454674348489797
1982-09-03,0.849505398,30.0000282787506,0.007841005761367347
1982-09-04,5.663369318,200.0001884543746,0.05227337172398882
1982-09-05,22.65347727,800.000753746869,0.2090934868774951
1982-09-06,11.32673864,400.000377050008,0.10454674348489798
1982-09-07,5.663369318,200.0001884543746,0.05227337172398882
1982-09-08,2.831684659,100.0000942271873,0.02613668586199441
1982-09-09,7.079211648,250.00023558562563,0.06534171465960106
1982-09-10,5.663369318,200.0001884543746,0.05227337172398882
1982-09-11,14.1584233,500.00047131251006,0.13068342935612248
1982-09-12,56.63369318,2000.0018845437462,0.5227337172398882
1982-09-13,22.65347727,800.000753746869,0.2090934868774951
1982-09-14,31.14853125,1100.001036534375,0.2875035444911686
1982-09-15,14.1584233,500.00047131251006,0.13068342935612248
1982-09-16,7.079211648,250.00023558562563,0.06534171465960106
1982-09-17,3.398021591,120.00011307968771,0.03136402303623931
1982-09-18,2.548516193,90.00008480093712,0.023523017274871962
1982-09-19,2.265347727,80.0000753746869,0.02090934868774951
1982-09-20,1.982179261,70.0000659484367,0.01829568010062706
1982-09-21,1.699010796,60.0000565575012,0.015682011522734695
1982-09-22,1.41584233,50.000047131251,0.013068342935612248
1982-09-23,1.274258097,45.0000424181259,0.011761508642051022
1982-09-24,1.132673864,40.0000377050008,0.010454674348489797
1982-09-25,0.991089631,35.000032991875706,0.009147840054928573
1982-09-26,0.849505398,30.0000282787506,0.007841005761367347
1982-09-27,0.707921165,25.0000235656255,0.006534171467806124
1982-09-28,36.81190057,1300.001225059379,0.33977691623361755
1982-09-29,16.99010796,600.000565575012,0.15682011522734696
1982-09-30,8.495053978,300.0002827168766,0.0784100575952133
1982-10-01,2.831684659,100.0000942271873,0.02613668586199441
1982-10-02,2.265347727,80.0000753746869,0.02090934868774951
1982-10-03,1.132673864,40.0000377050008,0.010454674348489797
1982-10-04,0.566336932,20.0000188525004,0.005227337174244898
1982-10-05,0.283168466,10.0000094262502,0.002613668587122449
1982-10-06,0.226534773,8.0000075480631,0.002090934871543976
1982-10-07,0.226534773,8.0000075480631,0.002090934871543976
1982-10-08,0.226534773,8.0000075480631,0.002090934871543976
1982-10-09,0.226534773,8.0000075480631,0.002090934871543976
1982-10-10,0.16990108,6.000005669876001,0.001568201155965503
1982-10-11,0.16990108,6.000005669876001,0.001568201155965503
1982-10-12,0.16990108,6.000005669876001,0.001568201155965503
1982-10-13,0.16990108,6.000005669876001,0.001568201155965503
1982-10-14,0.16990108,6.000005669876001,0.001568201155965503
1982-10-15,0.16990108,6.000005669876001,0.001568201155965503
1982-10-16,0.16990108,6.000005669876001,0.001568201155965503
1982-10-17,0.16990108,6.000005669876001,0.001568201155965503
1982-10-18,0.16990108,6.000005669876001,0.001568201155965503
1982-10-19,0.16990108,6.000005669876001,0.001568201155965503
1982-10-20,0.16990108,6.000005669876001,0.001568201155965503
1982-10-21,0.16990108,6.000005669876001,0.001568201155965503
1982-10-22,0.141584233,5.0000047131251,0.0013068342935612246
1982-10-23,0.113267386,4.0000037563742,0.0010454674311569463
1982-10-24,0.113267386,4.0000037563742,0.0010454674311569463
1982-10-25,0.113267386,4.0000037563742,0.0010454674311569463
1982-10-26,0.08495054,3.0000028349380004,0.0007841005779827515
1982-10-27,0.08495054,3.0000028349380004,0.0007841005779827515
1982-10-28,0.08495054,3.0000028349380004,0.0007841005779827515
1982-10-29,0.08495054,3.0000028349380004,0.0007841005779827515
1982-10-30,0.08495054,3.0000028349380004,0.0007841005779827515
1982-10-31,0.08495054,3.0000028349380004,0.0007841005779827515
1982-11-01,0.08495054,3.0000028349380004,0.0007841005779827515
1982-11-02,0.08495054,3.0000028349380004,0.0007841005779827515
1982-11-03,0.08495054,3.0000028349380004,0.0007841005779827515
1982-11-04,0.08495054,3.0000028349380004,0.0007841005779827515
1982-11-05,0.08495054,3.0000028349380004,0.0007841005779827515
1982-11-06,0.08495054,3.0000028349380004,0.0007841005779827515
1982-11-07,0.113267386,4.0000037563742,0.0010454674311569463
1982-11-08,0.113267386,4.0000037563742,0.0010454674311569463
1982-11-09,0.113267386,4.0000037563742,0.0010454674311569463
1982-11-10,0.16990108,6.000005669876001,0.001568201155965503
1982-11-11,0.113267386,4.0000037563742,0.0010454674311569463
1982-11-12,0.113267386,4.0000037563742,0.0010454674311569463
1982-11-13,0.113267386,4.0000037563742,0.0010454674311569463
1982-11-14,0.113267386,4.0000037563742,0.0010454674311569463
1982-11-15,0.113267386,4.0000037563742,0.0010454674311569463
1982-11-16,0.113267386,4.0000037563742,0.0010454674311569463
1982-11-17,0.113267386,4.0000037563742,0.0010454674311569463
1982-11-18,0.113267386,4.0000037563742,0.0010454674311569463
1982-11-19,0.226534773,8.0000075480631,0.002090934871543976
1982-11-20,0.453069545,16.000015060811503,0.004181869733857869
1982-11-21,0.339802159,12.000011304437301,0.0031364023027009224
1982-11-22,0.283168466,10.0000094262502,0.002613668587122449
1982-11-23,0.509703239,18.0000169743133,0.004704603458666426
1982-11-24,0.736238011,26.0000244870617,0.006795538320980318
1982-11-25,0.566336932,20.0000188525004,0.005227337174244898
1982-11-26,0.339802159,12.000011304437301,0.0031364023027009224
1982-11-27,0.226534773,8.0000075480631,0.002090934871543976
1982-11-28,0.16990108,6.000005669876001,0.001568201155965503
1982-11-29,0.113267386,4.0000037563742,0.0010454674311569463
1982-11-30,0.113267386,4.0000037563742,0.0010454674311569463
1982-12-01,0.226534773,8.0000075480631,0.002090934871543976
1982-12-02,0.849505398,30.0000282787506,0.007841005761367347
1982-12-03,0.339802159,12.000011304437301,0.0031364023027009224
1982-12-04,0.226534773,8.0000075480631,0.002090934871543976
1982-12-05,0.113267386,4.0000037563742,0.0010454674311569463
1982-12-06,0.113267386,4.0000037563742,0.0010454674311569463
1982-12-07,0.113267386,4.0000037563742,0.0010454674311569463
1982-12-08,0.113267386,4.0000037563742,0.0010454674311569463
1982-12-09,0.16990108,6.000005669876001,0.001568201155965503
1982-12-10,0.339802159,12.000011304437301,0.0031364023027009224
1982-12-11,0.849505398,30.0000282787506,0.007841005761367347
1982-12-12,0.707921165,25.0000235656255,0.006534171467806124
1982-12-13,0.566336932,20.0000188525004,0.005227337174244898
1982-12-14,0.509703239,18.0000169743133,0.004704603458666426
1982-12-15,0.453069545,16.000015060811503,0.004181869733857869
1982-12-16,0.396435852,14.0000131826244,0.003659136018279395
1982-12-17,0.396435852,14.0000131826244,0.003659136018279395
1982-12-18,0.339802159,12.000011304437301,0.0031364023027009224
1982-12-19,0.339802159,12.000011304437301,0.0031364023027009224
1982-12-20,0.283168466,10.0000094262502,0.002613668587122449
1982-12-21,0.283168466,10.0000094262502,0.002613668587122449
1982-12-22,0.311485313,11.0000103830011,0.0028750354495267272
1982-12-23,0.736238011,26.0000244870617,0.006795538320980318
1982-12-24,4.700596534,166.0001564192498,0.04338689853146452
1982-12-25,2.690100426,95.0000895140622,0.024829851568433186
1982-12-26,0.707921165,25.0000235656255,0.006534171467806124
1982-12-27,0.226534773,8.0000075480631,0.002090934871543976
1982-12-28,0.161406026,5.700005386382201,0.001489791098167228
1982-12-29,0.24918825,8.800008292275,0.002300028355929349
1982-12-30,0.339802159,12.000011304437301,0.0031364023027009224
1982-12-31,0.226534773,8.0000075480631,0.002090934871543976
1983-01-01,0.226534773,8.0000075480631,0.002090934871543976
1983-01-02,0.135920864,4.800004535900801,0.0012545609247724024
1983-01-03,0.150079287,5.300004996618901,0.0013852443513594998
1983-01-04,0.161406026,5.700005386382201,0.001489791098167228
1983-01-05,0.161406026,5.700005386382201,0.001489791098167228
1983-01-06,0.124594125,4.4000041461375,0.0011500141779646744
1983-01-07,0.124594125,4.4000041461375,0.0011500141779646744
1983-01-08,0.150079287,5.300004996618901,0.0013852443513594998
1983-01-09,0.070792116,2.5000023389052,0.0006534171421655705
1983-01-10,0.116099071,4.1000038626437005,0.0010716041201663993
1983-01-11,0.175564449,6.200005847100301,0.0016204745247543253
1983-01-12,0.226534773,8.0000075480631,0.002090934871543976
1983-01-13,0.566336932,20.0000188525004,0.005227337174244898
1983-01-14,0.481386392,17.0000160175624,0.004443236596262147
1983-01-15,0.481386392,17.0000160175624,0.004443236596262147
1983-01-16,0.509703239,18.0000169743133,0.004704603458666426
1983-01-17,0.113267386,4.0000037563742,0.0010454674311569463
1983-01-18,1.217624403,43.0000405046241,0.011238774917242466
1983-01-19,4.530695455,160.00015078468851,0.041818697384729105
1983-01-20,4.530695455,160.00015078468851,0.041818697384729105
1983-01-21,3.964358523,140.0001319321881,0.0365913602104842
1983-01-22,3.964358523,140.0001319321881,0.0365913602104842
1983-01-23,3.398021591,120.00011307968771,0.03136402303623931
1983-01-24,3.398021591,120.00011307968771,0.03136402303623931
1983-01-25,4.247526989,150.0001413584383,0.03920502879760665
1983-01-26,4.247526989,150.0001413584383,0.03920502879760665
1983-01-27,3.511288977,124.0001168360619,0.03240949046739625
1983-01-28,4.700596534,166.0001564192498,0.04338689853146452
1983-01-29,8.155251818,288.0002713771246,0.0752736552832823
1983-01-30,4.842180767,171.00016113237493,0.04469373282502575
1983-01-31,3.539605824,125.00011779281282,0.03267085732980053
1983-02-01,2.152080341,76.0000716183127,0.019863881256592563
1983-02-02,1.585743409,56.000052765812306,0.014636544082347666
1983-02-03,0.906139091,32.000030156937704,0.008363739476945822
1983-02-04,0.792871705,28.000026400563502,0.007318272045788875
1983-02-05,1.302574943,46.000043339562104,0.012022875495225216
1983-02-06,3.596239517,127.00011967099991,0.033193591045379
1983-02-07,5.380200852,190.0001790281244,0.04965970313686637
1983-02-08,5.606735625,198.0001865761875,0.05175063800841034
1983-02-09,5.465151392,193.0001818630624,0.05044380371484912
1983-02-10,4.190893296,148.0001394802512,0.038682295082028174
1983-02-11,2.180397188,77.00007257506361,0.020125248118996845
1983-02-12,1.472476023,52.0000490094381,0.01359107665119072
1983-02-13,1.16099071,41.000038626437004,0.010716041201663994
1983-02-14,1.16099071,41.000038626437004,0.010716041201663994
1983-02-15,1.557426563,55.0000518443761,0.01437517722917347
1983-02-16,1.755644489,62.0000584356883,0.01620474523831317
1983-02-17,2.010496108,71.0000669051876,0.018557046963031336
1983-02-18,2.095446648,74.0000697401256,0.019341147541014087
1983-02-19,1.953862415,69.0000650270005,0.018034313247452863
1983-02-20,1.699010796,60.0000565575012,0.015682011522734695
1983-02-21,1.840595028,65.0000612353116,0.016988845807065837
1983-02-22,1.953862415,69.0000650270005,0.018034313247452863
1983-02-23,1.953862415,69.0000650270005,0.018034313247452863
1983-02-24,2.038812955,72.0000678619385,0.01881841382543562
1983-02-25,3.90772483,138.000130054001,0.03606862649490573
1983-02-26,5.465151392,193.0001818630624,0.05044380371484912
1983-02-27,5.974854631,211.00019883737573,0.05514840717351555
1983-02-28,5.097032387,180.0001696371889,0.047046034558974
1983-03-01,6.14475571,217.00020447193702,0.056716608320250966
1983-03-02,6.682775796,236.0002224030012,0.06168257864132167
1983-03-03,5.974854631,211.00019883737573,0.05514840717351555
1983-03-04,5.606735625,198.0001865761875,0.05175063800841034
1983-03-05,8.041984432,284.0002676207504,0.07422818785212534
1983-03-06,7.192479034,254.00023934199982,0.066387182090758
1983-03-07,5.323567159,188.00017714993731,0.0491369694212879
1983-03-08,4.757230227,168.0001582974369,0.043909632247042994
1983-03-09,5.380200852,190.0001790281244,0.04965970313686637
1983-03-10,7.192479034,254.00023934199982,0.066387182090758
1983-03-11,8.155251818,288.0002713771246,0.0752736552832823
1983-03-12,8.410103438,297.00027988193864,0.07762595701723056
1983-03-13,8.97644037,317.000298734439,0.08285329419147547
1983-03-14,8.693271904,307.0002893081888,0.08023962560435301
1983-03-15,8.89148983,314.000295899501,0.0820691936134927
1983-03-16,9.174658296,324.00030532575124,0.08468286220061516
1983-03-17,6.937627415,245.0002308725005,0.06403488036603984
1983-03-18,4.89881446,173.000163010562,0.04521646654060422
1983-03-19,4.502378608,159.0001498279376,0.041557330522324826
1983-03-20,4.700596534,166.0001564192498,0.04338689853146452
1983-03-21,4.445744915,157.0001479497505,0.04103459680674635
1983-03-22,4.89881446,173.000163010562,0.04521646654060422
1983-03-23,4.89881446,173.000163010562,0.04521646654060422
1983-03-24,4.445744915,157.0001479497505,0.04103459680674635
1983-03-25,4.502378608,159.0001498279376,0.041557330522324826
1983-03-26,4.445744915,157.0001479497505,0.04103459680674635
1983-03-27,4.389111222,155.00014607156342,0.04051186309116789
1983-03-28,3.936041676,139.0001309754372,0.03632999334807993
1983-03-29,4.020992216,142.0001338103752,0.03711409392606267
1983-03-30,4.700596534,166.0001564192498,0.04338689853146452
1983-03-31,8.240202358,291.0002742120626,0.07605775586126505
1983-04-01,10.3922827,367.00034586569006,0.09592163712708772
1983-04-02,10.08079739,356.00033558863305,0.09304660170525123
1983-04-03,7.277429574,257.00024217693783,0.06717128266874077
1983-04-04,7.192479034,254.00023934199982,0.066387182090758
1983-04-05,5.23861662,185.000174350314,0.04835286885253523
1983-04-06,3.766140597,133.0001253408759,0.03476179220134451
1983-04-07,3.426338438,121.00011403643862,0.03162538989864359
1983-04-08,2.718417273,96.0000904708131,0.02509121843083746
1983-04-09,2.321981421,82.00007728818869,0.021432082412558066
1983-04-10,2.152080341,76.0000716183127,0.019863881256592563
1983-04-11,2.633466733,93.0000876358751,0.024307117852854714
1983-04-12,3.879407983,137.00012909725012,0.03580725963250146
1983-04-13,3.879407983,137.00012909725012,0.03580725963250146
1983-04-14,3.879407983,137.00012909725012,0.03580725963250146
1983-04-15,3.766140597,133.0001253408759,0.03476179220134451
1983-04-16,3.369704744,119.0001121229368,0.031102656173835026
1983-04-17,3.596239517,127.00011967099991,0.033193591045379
1983-04-18,5.606735625,198.0001865761875,0.05175063800841034
1983-04-19,6.003171478,212.0001997941266,0.05540977403591982
1983-04-20,6.371290483,225.0002120200001,0.05880754319179494
1983-04-21,6.059805171,214.0002016723137,0.055932507751498294
1983-04-22,5.748319858,203.00019128931262,0.053057472301971574
1983-04-23,6.852676875,242.00022803756252,0.06325077978805708
1983-04-24,5.521785085,195.00018374124951,0.050966537430427596
1983-04-25,4.643962841,164.0001545410627,0.04286416481588605
1983-04-26,6.456241023,228.0002148549381,0.05959164376977769
1983-04-27,8.608321364,304.0002864732508,0.07945552502637025
1983-04-28,8.608321364,304.0002864732508,0.07945552502637025
1983-04-29,9.96753,352.00033169100004,0.09200113423717395
1983-04-30,9.96753,352.00033169100004,0.09200113423717395
1983-05-01,10.19406477,360.00033913311904,0.09409206908102767
1983-05-02,8.693271904,307.0002893081888,0.08023962560435301
1983-05-03,7.447330654,263.0002478468138,0.06873948382470627
1983-05-04,7.107528495,251.00023654237654,0.06560308152200535
1983-05-05,9.571094148,338.00031850837564,0.08834199821889455
1983-05-06,11.69485764,413.00038909930805,0.10794451259462268
1983-05-07,12.82753151,453.000427016197,0.11839918699849297
1983-05-08,11.2417881,397.00037421507005,0.10376264290691523
1983-05-09,11.69485764,413.00038909930805,0.10794451259462268
1983-05-10,14.04515591,496.00046741487705,0.1296379618880452
1983-05-11,13.93188852,492.000463517244,0.1285924944199679
1983-05-12,13.08238313,462.000435521011,0.12075148873244121
1983-05-13,9.372876222,331.0003119170634,0.08651243020975485
1983-05-14,7.022577955,248.00023370743853,0.0648189809440226
1983-05-15,6.541191563,231.0002176898761,0.06037574434776045
1983-05-16,5.691686165,201.00018941112552,0.0525347385863931
1983-05-17,6.286339943,222.0002091850621,0.05802344261381218
1983-05-18,6.796043182,240.00022615937542,0.06272804607247862
1983-05-19,5.663369318,200.0001884543746,0.05227337172398882
1983-05-20,6.22970625,220.00020730687498,0.057500708898233714
1983-05-21,7.928717046,280.0002638643762,0.0731827204209684
1983-05-22,6.796043182,240.00022615937542,0.06272804607247862
1983-05-23,5.663369318,200.0001884543746,0.05227337172398882
1983-05-24,5.097032387,180.0001696371889,0.047046034558974
1983-05-25,5.097032387,180.0001696371889,0.047046034558974
1983-05-26,4.842180767,171.00016113237493,0.04469373282502575
1983-05-27,4.842180767,171.00016113237493,0.04469373282502575
1983-05-28,4.89881446,173.000163010562,0.04521646654060422
1983-05-29,4.643962841,164.0001545410627,0.04286416481588605
1983-05-30,4.700596534,166.0001564192498,0.04338689853146452
1983-05-31,4.190893296,148.0001394802512,0.038682295082028174
1983-06-01,3.171486818,112.00010553162461,0.029273088164695333
1983-06-02,1.302574943,46.000043339562104,0.012022875495225216
1983-06-03,0.934455938,33.00003111368861,0.008625106339350099
1983-06-04,0.736238011,26.0000244870617,0.006795538320980318
1983-06-05,0.651287472,23.0000216874384,0.0060114377522276505
1983-06-06,0.594653778,21.0000197739366,0.005488704027419093
1983-06-07,0.509703239,18.0000169743133,0.004704603458666426
1983-06-08,0.509703239,18.0000169743133,0.004704603458666426
1983-06-09,0.424752699,15.0000141393753,0.003920502880683674
1983-06-10,0.339802159,12.000011304437301,0.0031364023027009224
1983-06-11,0.237861511,8.4000079025117,0.0021954816091216208
1983-06-12,0.175564449,6.200005847100301,0.0016204745247543253
1983-06-13,0.124594125,4.4000041461375,0.0011500141779646744
1983-06-14,0.039643585,1.4000013111995002,0.00036591359998192286
1983-06-15,0.039643585,1.4000013111995002,0.00036591359998192286
1983-06-16,0.028316847,1.0000009567509,0.0002613668624042783
1983-06-17,0.010194065,0.3600003472555,9.409207120394688e-05
1983-06-18,0.005663369,0.2000001772243,5.227336878882226e-05
1983-06-19,0.002831685,0.10000010626950001,2.6136689009452884e-05
1983-06-20,0.002831685,0.10000010626950001,2.6136689009452884e-05
1983-06-21,,,
1983-06-22,,,
1983-06-23,,,
1983-06-24,0.010760402,0.38000036850940005,9.931940900583746e-05
1983-06-25,0.033980216,1.2000011339752001,0.0003136402311931006
1983-06-26,0.016990108,0.6000005669876001,0.0001568201155965503
1983-06-27,0.008495054,0.30000028349380004,7.841005779827515e-05
1983-06-28,0.008495054,0.30000028349380004,7.841005779827515e-05
1983-06-29,0.028316847,1.0000009567509,0.0002613668624042783
1983-06-30,0.04247527,1.5000014174690002,0.00039205028899137577
1983-07-01,0.009910896,0.35000031897120004,9.147839768795984e-05
1983-07-02,0.008495054,0.30000028349380004,7.841005779827515e-05
1983-07-03,0.005663369,0.2000001772243,5.227336878882226e-05
1983-07-04,0.002831685,0.10000010626950001,2.6136689009452884e-05
1983-07-05,0.002831685,0.10000010626950001,2.6136689009452884e-05
1983-07-06,0.002831685,0.10000010626950001,2.6136689009452884e-05
1983-07-07,0.010760402,0.38000036850940005,9.931940900583746e-05
1983-07-08,0.020104961,0.7100006662267001,0.00018557046889190672
1983-07-09,2.463565654,87.0000820013138,0.022738916706119293
1983-07-10,4.247526989,150.0001413584383,0.03920502879760665
1983-07-11,5.663369318,200.0001884543746,0.05227337172398882
1983-07-12,5.097032387,180.0001696371889,0.047046034558974
1983-07-13,2.265347727,80.0000753746869,0.02090934868774951
1983-07-14,1.132673864,40.0000377050008,0.010454674348489797
1983-07-15,0.849505398,30.0000282787506,0.007841005761367347
1983-07-16,0.566336932,20.0000188525004,0.005227337174244898
1983-07-17,0.283168466,10.0000094262502,0.002613668587122449
1983-07-18,0.254851619,9.0000084694993,0.0023523017247181707
1983-07-19,0.254851619,9.0000084694993,0.0023523017247181707
1983-07-20,0.113267386,4.0000037563742,0.0010454674311569463
1983-07-21,0.056633693,2.0000018781871,0.0005227337155784732
1983-07-22,0.028316847,1.0000009567509,0.0002613668624042783
1983-07-23,1.699010796,60.0000565575012,0.015682011522734695
1983-07-24,0.283168466,10.0000094262502,0.002613668587122449
1983-07-25,0.08495054,3.0000028349380004,0.0007841005779827515
1983-07-26,0.028316847,1.0000009567509,0.0002613668624042783
1983-07-27,1.41584233,50.000047131251,0.013068342935612248
1983-07-28,42.47526989,1500.001413584383,0.39205028797606656
1983-07-29,5.663369318,200.0001884543746,0.05227337172398882
1983-07-30,1.699010796,60.0000565575012,0.015682011522734695
1983-07-31,0.849505398,30.0000282787506,0.007841005761367347
1983-08-01,0.566336932,20.0000188525004,0.005227337174244898
1983-08-02,0.226534773,8.0000075480631,0.002090934871543976
1983-08-03,0.113267386,4.0000037563742,0.0010454674311569463
1983-08-04,0.056633693,2.0000018781871,0.0005227337155784732
1983-08-05,0.028316847,1.0000009567509,0.0002613668624042783
1983-08-06,0.011326739,0.40000038976330005,0.00010454674680772804
1983-08-07,0.005663369,0.2000001772243,5.227336878882226e-05
1983-08-08,0.002831685,0.10000010626950001,2.6136689009452884e-05
1983-08-09,,,
1983-08-10,,,
1983-08-11,,,
1983-08-12,,,
1983-08-13,,,
1983-08-14,,,
1983-08-15,,,
1983-08-16,,,
1983-08-17,,,
1983-08-18,,,
1983-08-19,,,
1983-08-20,,,
1983-08-21,,,
1983-08-22,,,
1983-08-23,,,
1983-08-24,,,
1983-08-25,,,
1983-08-26,,,
1983-08-27,,,
1983-08-28,,,
1983-08-29,,,
1983-08-30,,,
1983-08-31,,,
1983-09-01,,,
1983-09-02,,,
1983-09-03,,,
1983-09-04,,,
1983-09-05,,,
1983-09-06,,,
1983-09-07,,,
1983-09-08,,,
1983-09-09,,,
1983-09-10,,,
1983-09-11,,,
1983-09-12,,,
1983-09-13,,,
1983-09-14,,,
1983-09-15,,,
1983-09-16,,,
1983-09-17,,,
1983-09-18,,,
1983-09-19,,,
1983-09-20,,,
1983-09-21,0.028316847,1.0000009567509,0.0002613668624042783
1983-09-22,0.011326739,0.40000038976330005,0.00010454674680772804
1983-09-23,0.005663369,0.2000001772243,5.227336878882226e-05
1983-09-24,0.002831685,0.10000010626950001,2.6136689009452884e-05
1983-09-25,,,
1983-09-26,,,
1983-09-27,,,
1983-09-28,,,
1983-09-29,,,
1983-09-30,1.982179261,70.0000659484367,0.01829568010062706
1983-10-01,1.132673864,40.0000377050008,0.010454674348489797
1983-10-02,0.566336932,20.0000188525004,0.005227337174244898
1983-10-03,0.283168466,10.0000094262502,0.002613668587122449
1983-10-04,0.226534773,8.0000075480631,0.002090934871543976
1983-10-05,0.226534773,8.0000075480631,0.002090934871543976
1983-10-06,0.226534773,8.0000075480631,0.002090934871543976
1983-10-07,0.226534773,8.0000075480631,0.002090934871543976
1983-10-08,0.226534773,8.0000075480631,0.002090934871543976
1983-10-09,0.16990108,6.000005669876001,0.001568201155965503
1983-10-10,0.16990108,6.000005669876001,0.001568201155965503
1983-10-11,0.16990108,6.000005669876001,0.001568201155965503
1983-10-12,0.16990108,6.000005669876001,0.001568201155965503
1983-10-13,0.141584233,5.0000047131251,0.0013068342935612246
1983-10-14,0.141584233,5.0000047131251,0.0013068342935612246
1983-10-15,0.141584233,5.0000047131251,0.0013068342935612246
1983-10-16,0.113267386,4.0000037563742,0.0010454674311569463
1983-10-17,0.113267386,4.0000037563742,0.0010454674311569463
1983-10-18,0.113267386,4.0000037563742,0.0010454674311569463
1983-10-19,0.113267386,4.0000037563742,0.0010454674311569463
1983-10-20,0.113267386,4.0000037563742,0.0010454674311569463
1983-10-21,0.104772332,3.7000034728804,0.0009670573733586711
1983-10-22,0.104772332,3.7000034728804,0.0009670573733586711
1983-10-23,0.096277278,3.4000031893866,0.000888647315560396
1983-10-24,0.096277278,3.4000031893866,0.000888647315560396
1983-10-25,0.096277278,3.4000031893866,0.000888647315560396
1983-10-26,0.087782224,3.1000029058928003,0.0008102372577621209
1983-10-27,0.087782224,3.1000029058928003,0.0008102372577621209
1983-10-28,0.050970324,1.8000017009628,0.00047046034678965083
1983-10-29,0.07928717,2.8000026223990004,0.0007318271999638457
1983-10-30,0.096277278,3.4000031893866,0.000888647315560396
1983-10-31,0.161406026,5.700005386382201,0.001489791098167228
1983-11-01,0.135920864,4.800004535900801,0.0012545609247724024
1983-11-02,0.135920864,4.800004535900801,0.0012545609247724024
1983-11-03,0.135920864,4.800004535900801,0.0012545609247724024
1983-11-04,0.135920864,4.800004535900801,0.0012545609247724024
1983-11-05,0.150079287,5.300004996618901,0.0013852443513594998
1983-11-06,0.150079287,5.300004996618901,0.0013852443513594998
1983-11-07,0.283168466,10.0000094262502,0.002613668587122449
1983-11-08,1.982179261,70.0000659484367,0.01829568010062706
1983-11-09,1.132673864,40.0000377050008,0.010454674348489797
1983-11-10,0.566336932,20.0000188525004,0.005227337174244898
1983-11-11,0.283168466,10.0000094262502,0.002613668587122449
1983-11-12,0.226534773,8.0000075480631,0.002090934871543976
1983-11-13,0.226534773,8.0000075480631,0.002090934871543976
1983-11-14,0.16990108,6.000005669876001,0.001568201155965503
1983-11-15,0.16990108,6.000005669876001,0.001568201155965503
1983-11-16,0.16990108,6.000005669876001,0.001568201155965503
1983-11-17,0.141584233,5.0000047131251,0.0013068342935612246
1983-11-18,4.247526989,150.0001413584383,0.03920502879760665
1983-11-19,2.265347727,80.0000753746869,0.02090934868774951
1983-11-20,0.566336932,20.0000188525004,0.005227337174244898
1983-11-21,0.424752699,15.0000141393753,0.003920502880683674
1983-11-22,0.538020085,19.0000178957495,0.004965970311840619
1983-11-23,0.934455938,33.00003111368861,0.008625106339350099
1983-11-24,0.821188551,29.000027321999703,0.0075796388989630694
1983-11-25,0.509703239,18.0000169743133,0.004704603458666426
1983-11-26,0.424752699,15.0000141393753,0.003920502880683674
1983-11-27,0.339802159,12.000011304437301,0.0031364023027009224
1983-11-28,0.271841727,9.6000090364869,0.002509121840314721
1983-11-29,0.260514989,9.2000086820383,0.0024045751027370766
1983-11-30,0.175564449,6.200005847100301,0.0016204745247543253
1983-12-01,0.237861511,8.4000079025117,0.0021954816091216208
1983-12-02,0.424752699,15.0000141393753,0.003920502880683674
1983-12-03,1.670693949,59.0000556007503,0.015420644660330418
1983-12-04,2.633466733,93.0000876358751,0.024307117852854714
1983-12-05,1.925545568,68.0000640702496,0.017772946385048588
1983-12-06,1.189307557,42.000039583187906,0.01097740806406827
1983-12-07,0.311485313,11.0000103830011,0.0028750354495267272
1983-12-08,0.260514989,9.2000086820383,0.0024045751027370766
1983-12-09,0.24918825,8.800008292275,0.002300028355929349
1983-12-10,0.311485313,11.0000103830011,0.0028750354495267272
1983-12-11,0.707921165,25.0000235656255,0.006534171467806124
1983-12-12,0.736238011,26.0000244870617,0.006795538320980318
1983-12-13,0.424752699,15.0000141393753,0.003920502880683674
1983-12-14,0.311485313,11.0000103830011,0.0028750354495267272
1983-12-15,0.283168466,10.0000094262502,0.002613668587122449
1983-12-16,0.195386241,6.9000064850427,0.0018034313201302447
1983-12-17,0.283168466,10.0000094262502,0.002613668587122449
1983-12-18,0.339802159,12.000011304437301,0.0031364023027009224
1983-12-19,0.368119006,13.000012261188202,0.003397769165105201
1983-12-20,0.453069545,16.000015060811503,0.004181869733857869
1983-12-21,0.481386392,17.0000160175624,0.004443236596262147
1983-12-22,0.339802159,12.000011304437301,0.0031364023027009224
1983-12-23,0.226534773,8.0000075480631,0.002090934871543976
1983-12-24,0.396435852,14.0000131826244,0.003659136018279395
1983-12-25,1.07604017,38.000035791499,0.009931940623681239
1983-12-26,1.07604017,38.000035791499,0.009931940623681239
1983-12-27,1.132673864,40.0000377050008,0.010454674348489797
1983-12-28,1.132673864,40.0000377050008,0.010454674348489797
1983-12-29,0.849505398,30.0000282787506,0.007841005761367347
1983-12-30,0.566336932,20.0000188525004,0.005227337174244898
1983-12-31,0.566336932,20.0000188525004,0.005227337174244898
1984-01-01,0.424752699,15.0000141393753,0.003920502880683674
1984-01-02,0.424752699,15.0000141393753,0.003920502880683674
1984-01-03,0.424752699,15.0000141393753,0.003920502880683674
1984-01-04,0.424752699,15.0000141393753,0.003920502880683674
1984-01-05,0.283168466,10.0000094262502,0.002613668587122449
1984-01-06,0.283168466,10.0000094262502,0.002613668587122449
1984-01-07,0.283168466,10.0000094262502,0.002613668587122449
1984-01-08,0.283168466,10.0000094262502,0.002613668587122449
1984-01-09,0.226534773,8.0000075480631,0.002090934871543976
1984-01-10,0.226534773,8.0000075480631,0.002090934871543976
1984-01-11,0.226534773,8.0000075480631,0.002090934871543976
1984-01-12,0.226534773,8.0000075480631,0.002090934871543976
1984-01-13,0.339802159,12.000011304437301,0.0031364023027009224
1984-01-14,0.24918825,8.800008292275,0.002300028355929349
1984-01-15,0.283168466,10.0000094262502,0.002613668587122449
1984-01-16,0.453069545,16.000015060811503,0.004181869733857869
1984-01-17,0.424752699,15.0000141393753,0.003920502880683674
1984-01-18,0.396435852,14.0000131826244,0.003659136018279395
1984-01-19,0.396435852,14.0000131826244,0.003659136018279395
1984-01-20,0.24918825,8.800008292275,0.002300028355929349
1984-01-21,0.175564449,6.200005847100301,0.0016204745247543253
1984-01-22,0.087782224,3.1000029058928003,0.0008102372577621209
1984-01-23,0.087782224,3.1000029058928003,0.0008102372577621209
1984-01-24,0.116099071,4.1000038626437005,0.0010716041201663993
1984-01-25,0.339802159,12.000011304437301,0.0031364023027009224
1984-01-26,0.339802159,12.000011304437301,0.0031364023027009224
1984-01-27,0.594653778,21.0000197739366,0.005488704027419093
1984-01-28,0.453069545,16.000015060811503,0.004181869733857869
1984-01-29,0.736238011,26.0000244870617,0.006795538320980318
1984-01-30,0.566336932,20.0000188525004,0.005227337174244898
1984-01-31,0.566336932,20.0000188525004,0.005227337174244898
1984-02-01,0.566336932,20.0000188525004,0.005227337174244898
1984-02-02,0.424752699,15.0000141393753,0.003920502880683674
1984-02-03,0.424752699,15.0000141393753,0.003920502880683674
1984-02-04,0.424752699,15.0000141393753,0.003920502880683674
1984-02-05,0.424752699,15.0000141393753,0.003920502880683674
1984-02-06,0.424752699,15.0000141393753,0.003920502880683674
1984-02-07,0.424752699,15.0000141393753,0.003920502880683674
1984-02-08,0.283168466,10.0000094262502,0.002613668587122449
1984-02-09,0.283168466,10.0000094262502,0.002613668587122449
1984-02-10,0.283168466,10.0000094262502,0.002613668587122449
1984-02-11,0.283168466,10.0000094262502,0.002613668587122449
1984-02-12,0.283168466,10.0000094262502,0.002613668587122449
1984-02-13,0.283168466,10.0000094262502,0.002613668587122449
1984-02-14,0.424752699,15.0000141393753,0.003920502880683674
1984-02-15,0.424752699,15.0000141393753,0.003920502880683674
1984-02-16,0.424752699,15.0000141393753,0.003920502880683674
1984-02-17,0.424752699,15.0000141393753,0.003920502880683674
1984-02-18,0.424752699,15.0000141393753,0.003920502880683674
1984-02-19,0.424752699,15.0000141393753,0.003920502880683674
1984-02-20,0.424752699,15.0000141393753,0.003920502880683674
1984-02-21,0.424752699,15.0000141393753,0.003920502880683674
1984-02-22,0.424752699,15.0000141393753,0.003920502880683674
1984-02-23,0.339802159,12.000011304437301,0.0031364023027009224
1984-02-24,0.184059503,6.500006130594101,0.0016988845825526005
1984-02-25,0.124594125,4.4000041461375,0.0011500141779646744
1984-02-26,0.16423771,5.800005457337001,0.0015159277779465974
1984-02-27,0.175564449,6.200005847100301,0.0016204745247543253
1984-02-28,0.116099071,4.1000038626437005,0.0010716041201663993
1984-02-29,0.116099071,4.1000038626437005,0.0010716041201663993
1984-03-01,0.096277278,3.4000031893866,0.000888647315560396
1984-03-02,0.226534773,8.0000075480631,0.002090934871543976
1984-03-03,0.538020085,19.0000178957495,0.004965970311840619
1984-03-04,1.24594125,44.000041461375005,0.011500141779646743
1984-03-05,1.047723324,37.0000348700628,0.009670573770507044
1984-03-06,0.453069545,16.000015060811503,0.004181869733857869
1984-03-07,0.368119006,13.000012261188202,0.003397769165105201
1984-03-08,0.594653778,21.0000197739366,0.005488704027419093
1984-03-09,0.679604318,24.000022608874602,0.006272804605401845
1984-03-10,0.707921165,25.0000235656255,0.006534171467806124
1984-03-11,1.359208636,48.000045217749204,0.01254560921080369
1984-03-12,1.897228722,67.0000631488134,0.017511579531874395
1984-03-13,2.038812955,72.0000678619385,0.01881841382543562
1984-03-14,1.24594125,44.000041461375005,0.011500141779646743
1984-03-15,1.07604017,38.000035791499,0.009931940623681239
1984-03-16,0.962772784,34.0000320351248,0.008886473192524294
1984-03-17,0.934455938,33.00003111368861,0.008625106339350099
1984-03-18,0.594653778,21.0000197739366,0.005488704027419093
1984-03-19,0.651287472,23.0000216874384,0.0060114377522276505
1984-03-20,0.707921165,25.0000235656255,0.006534171467806124
1984-03-21,4.275843835,151.0001422798745,0.03946639565078085
1984-03-22,0.679604318,24.000022608874602,0.006272804605401845
1984-03-23,0.679604318,24.000022608874602,0.006272804605401845
1984-03-24,2.095446648,74.0000697401256,0.019341147541014087
1984-03-25,1.444159176,51.000048052687205,0.013329709788786443
1984-03-26,1.019406477,36.0000339133119,0.009409206908102768
1984-03-27,2.435248807,86.0000810445629,0.02247754984371501
1984-03-28,5.040398693,178.00016772368713,0.04652330083416545
1984-03-29,2.378615114,84.00007916637581,0.02195481612813654
1984-03-30,1.41584233,50.000047131251,0.013068342935612248
1984-03-31,1.699010796,60.0000565575012,0.015682011522734695
1984-04-01,2.180397188,77.00007257506361,0.020125248118996845
1984-04-02,2.321981421,82.00007728818869,0.021432082412558066
1984-04-03,2.690100426,95.0000895140622,0.024829851568433186
1984-04-04,2.435248807,86.0000810445629,0.02247754984371501
1984-04-05,2.605149886,92.00008667912421,0.02404575099045043
1984-04-06,3.058219432,108.0001017752504,0.028227620733538385
1984-04-07,7.249112728,256.00024125550163,0.06690991581556657
1984-04-08,8.240202358,291.0002742120626,0.07605775586126505
1984-04-09,8.155251818,288.0002713771246,0.0752736552832823
1984-04-10,5.040398693,178.00016772368713,0.04652330083416545
1984-04-11,4.559012301,161.0001517061247,0.0420800642379033
1984-04-12,3.001585739,106.0000998970633,0.02770488701795991
1984-04-13,3.426338438,121.00011403643862,0.03162538989864359
1984-04-14,2.888318352,102.00009610537441,0.026659419577572886
1984-04-15,3.936041676,139.0001309754372,0.03632999334807993
1984-04-16,5.380200852,190.0001790281244,0.04965970313686637
1984-04-17,8.693271904,307.0002893081888,0.08023962560435301
1984-04-18,10.50555009,371.000349763323,0.09696710459516499
1984-04-19,13.19565051,466.000439065497,0.12179695610821765
1984-04-20,12.96911574,458.000431623378,0.11970602126436393
1984-04-21,9.287925682,328.0003090821254,0.0857283296317721
1984-04-22,5.606735625,198.0001865761875,0.05175063800841034
1984-04-23,4.89881446,173.000163010562,0.04521646654060422
1984-04-24,4.842180767,171.00016113237493,0.04469373282502575
1984-04-25,5.833270398,206.0001941242506,0.05384157287995432
1984-04-26,8.240202358,291.0002742120626,0.07605775586126505
1984-04-27,5.691686165,201.00018941112552,0.0525347385863931
1984-04-28,4.304160682,152.0001432366254,0.039727762513185126
1984-04-29,4.757230227,168.0001582974369,0.043909632247042994
1984-04-30,3.709506904,131.0001234626888,0.034239058485766034
1984-05-01,3.482972131,123.00011591462571,0.032148123614222056
1984-05-02,3.482972131,123.00011591462571,0.032148123614222056
1984-05-03,4.559012301,161.0001517061247,0.0420800642379033
1984-05-04,6.286339943,222.0002091850621,0.05802344261381218
1984-05-05,10.19406477,360.00033913311904,0.09409206908102767
1984-05-06,12.26119457,433.00040788117906,0.11317184975040741
1984-05-07,10.3922827,367.00034586569006,0.09592163712708772
1984-05-08,7.787132813,275.0002591512511,0.0718758861274072
1984-05-09,6.456241023,228.0002148549381,0.05959164376977769
1984-05-10,5.691686165,201.00018941112552,0.0525347385863931
1984-05-11,5.691686165,201.00018941112552,0.0525347385863931
1984-05-12,5.521785085,195.00018374124951,0.050966537430427596
1984-05-13,5.181982926,183.0001724368122,0.04783013512772667
1984-05-14,4.502378608,159.0001498279376,0.041557330522324826
1984-05-15,3.879407983,137.00012909725012,0.03580725963250146
1984-05-16,3.936041676,139.0001309754372,0.03632999334807993
1984-05-17,3.992675369,141.0001328536243,0.0368527270636584
1984-05-18,3.539605824,125.00011779281282,0.03267085732980053
1984-05-19,2.321981421,82.00007728818869,0.021432082412558066
1984-05-20,2.095446648,74.0000697401256,0.019341147541014087
1984-05-21,2.010496108,71.0000669051876,0.018557046963031336
1984-05-22,1.189307557,42.000039583187906,0.01097740806406827
1984-05-23,0.877822244,31.000029200186802,0.008102372614541541
1984-05-24,0.594653778,21.0000197739366,0.005488704027419093
1984-05-25,0.453069545,16.000015060811503,0.004181869733857869
1984-05-26,0.175564449,6.200005847100301,0.0016204745247543253
1984-05-27,0.039643585,1.4000013111995002,0.00036591359998192286
1984-05-28,,,
1984-05-29,,,
1984-05-30,,,
1984-05-31,,,
1984-06-01,,,
1984-06-02,,,
1984-06-03,,,
1984-06-04,,,
1984-06-05,,,
1984-06-06,,,
1984-06-07,,,
1984-06-08,,,
1984-06-09,,,
1984-06-10,,,
1984-06-11,,,
1984-06-12,,,
1984-06-13,,,
1984-06-14,,,
1984-06-15,,,
1984-06-16,,,
1984-06-17,,,
1984-06-18,,,
1984-06-19,,,
1984-06-20,,,
1984-06-21,,,
1984-06-22,,,
1984-06-23,,,
1984-06-24,,,
1984-06-25,,,
1984-06-26,,,
1984-06-27,,,
1984-06-28,,,
1984-06-29,,,
1984-06-30,,,
1984-07-01,,,
1984-07-02,,,
1984-07-03,,,
1984-07-04,,,
1984-07-05,,,
1984-07-06,,,
1984-07-07,,,
1984-07-08,,,
1984-07-09,,,
1984-07-10,,,
1984-07-11,,,
1984-07-12,,,
1984-07-13,,,
1984-07-14,0.099108963,3.5000032956561,0.0009147840045698487
1984-07-15,0.566336932,20.0000188525004,0.005227337174244898
1984-07-16,0.906139091,32.000030156937704,0.008363739476945822
1984-07-17,0.453069545,16.000015060811503,0.004181869733857869
1984-07-18,0.283168466,10.0000094262502,0.002613668587122449
1984-07-19,0.203881295,7.2000067685365,0.00188184137792852
1984-07-20,0.022653477,0.8000007442119001,0.00020909348438537256
1984-07-21,0.011326739,0.40000038976330005,0.00010454674680772804
1984-07-22,0.005663369,0.2000001772243,5.227336878882226e-05
1984-07-23,0.481386392,17.0000160175624,0.004443236596262147
1984-07-24,30.58219432,1080.0010177525041,0.2822762073353839
1984-07-25,1.132673864,40.0000377050008,0.010454674348489797
1984-07-26,0.707921165,25.0000235656255,0.006534171467806124
1984-07-27,0.566336932,20.0000188525004,0.005227337174244898
1984-07-28,0.283168466,10.0000094262502,0.002613668587122449
1984-07-29,0.141584233,5.0000047131251,0.0013068342935612246
1984-07-30,25.90991463,915.000862184061,0.23915067563863335
1984-07-31,21.60575395,763.0007190180651,0.1994229131439084
1984-08-01,1.670693949,59.0000556007503,0.015420644660330418
1984-08-02,0.679604318,24.000022608874602,0.006272804605401845
1984-08-03,0.396435852,14.0000131826244,0.003659136018279395
1984-08-04,0.175564449,6.200005847100301,0.0016204745247543253
1984-08-05,0.050970324,1.8000017009628,0.00047046034678965083
1984-08-06,0.622970625,22.000020730687503,0.005750070889823372
1984-08-07,0.481386392,17.0000160175624,0.004443236596262147
1984-08-08,0.24918825,8.800008292275,0.002300028355929349
1984-08-09,0.339802159,12.000011304437301,0.0031364023027009224
1984-08-10,0.175564449,6.200005847100301,0.0016204745247543253
1984-08-11,0.12742581,4.500004252407,0.0011761508669741272
1984-08-12,0.481386392,17.0000160175624,0.004443236596262147
1984-08-13,0.050970324,1.8000017009628,0.00047046034678965083
1984-08-14,0.070792116,2.5000023389052,0.0006534171421655705
1984-08-15,0.175564449,6.200005847100301,0.0016204745247543253
1984-08-16,1.670693949,59.0000556007503,0.015420644660330418
1984-08-17,1.670693949,59.0000556007503,0.015420644660330418
1984-08-18,2.463565654,87.0000820013138,0.022738916706119293
1984-08-19,24.4940723,865.00081505281,0.2260823327030211
1984-08-20,12.74258097,450.00042418125906,0.11761508642051023
1984-08-21,5.663369318,200.0001884543746,0.05227337172398882
1984-08-22,2.123763494,75.0000706615618,0.019602514394188284
1984-08-23,1.41584233,50.000047131251,0.013068342935612248
1984-08-24,0.566336932,20.0000188525004,0.005227337174244898
1984-08-25,0.283168466,10.0000094262502,0.002613668587122449
1984-08-26,0.141584233,5.0000047131251,0.0013068342935612246
1984-08-27,,,
1984-08-28,,,
1984-08-29,,,
1984-08-30,,,
1984-08-31,,,
1984-09-01,,,
1984-09-02,28.31684659,1000.0009422718731,0.2613668586199441
1984-09-03,46.43962841,1640.001545410627,0.42864164815886047
1984-09-04,2.831684659,100.0000942271873,0.02613668586199441
1984-09-05,0.566336932,20.0000188525004,0.005227337174244898
1984-09-06,0.141584233,5.0000047131251,0.0013068342935612246
1984-09-07,0.08495054,3.0000028349380004,0.0007841005779827515
1984-09-08,0.056633693,2.0000018781871,0.0005227337155784732
1984-09-09,0.056633693,2.0000018781871,0.0005227337155784732
1984-09-10,0.056633693,2.0000018781871,0.0005227337155784732
1984-09-11,0.16990108,6.000005669876001,0.001568201155965503
1984-09-12,0.141584233,5.0000047131251,0.0013068342935612246
1984-09-13,0.08495054,3.0000028349380004,0.0007841005779827515
1984-09-14,0.056633693,2.0000018781871,0.0005227337155784732
1984-09-15,0.056633693,2.0000018781871,0.0005227337155784732
1984-09-16,0.141584233,5.0000047131251,0.0013068342935612246
1984-09-17,3.65287321,129.000121549187,0.033716324760957476
1984-09-18,0.283168466,10.0000094262502,0.002613668587122449
1984-09-19,0.226534773,8.0000075480631,0.002090934871543976
1984-09-20,0.226534773,8.0000075480631,0.002090934871543976
1984-09-21,0.226534773,8.0000075480631,0.002090934871543976
1984-09-22,0.16990108,6.000005669876001,0.001568201155965503
1984-09-23,0.16990108,6.000005669876001,0.001568201155965503
1984-09-24,0.141584233,5.0000047131251,0.0013068342935612246
1984-09-25,0.141584233,5.0000047131251,0.0013068342935612246
1984-09-26,0.141584233,5.0000047131251,0.0013068342935612246
1984-09-27,0.141584233,5.0000047131251,0.0013068342935612246
1984-09-28,0.141584233,5.0000047131251,0.0013068342935612246
1984-09-29,0.141584233,5.0000047131251,0.0013068342935612246
1984-09-30,0.141584233,5.0000047131251,0.0013068342935612246
1984-10-01,0.141584233,5.0000047131251,0.0013068342935612246
1984-10-02,0.141584233,5.0000047131251,0.0013068342935612246
1984-10-03,0.283168466,10.0000094262502,0.002613668587122449
1984-10-04,1.41584233,50.000047131251,0.013068342935612248
1984-10-05,25.48516193,900.0008480093711,0.23523017274871957
1984-10-06,11.32673864,400.000377050008,0.10454674348489798
1984-10-07,4.813863921,170.00016021093873,0.04443236597185155
1984-10-08,1.41584233,50.000047131251,0.013068342935612248
1984-10-09,0.566336932,20.0000188525004,0.005227337174244898
1984-10-10,0.283168466,10.0000094262502,0.002613668587122449
1984-10-11,0.141584233,5.0000047131251,0.0013068342935612246
1984-10-12,0.141584233,5.0000047131251,0.0013068342935612246
1984-10-13,7.079211648,250.00023558562563,0.06534171465960106
1984-10-14,2.831684659,100.0000942271873,0.02613668586199441
1984-10-15,1.41584233,50.000047131251,0.013068342935612248
1984-10-16,1.132673864,40.0000377050008,0.010454674348489797
1984-10-17,0.849505398,30.0000282787506,0.007841005761367347
1984-10-18,0.566336932,20.0000188525004,0.005227337174244898
1984-10-19,0.566336932,20.0000188525004,0.005227337174244898
1984-10-20,1.699010796,60.0000565575012,0.015682011522734695
1984-10-21,2.831684659,100.0000942271873,0.02613668586199441
1984-10-22,3.681190057,130.0001225059379,0.033977691623361755
1984-10-23,3.256437358,115.0001083665626,0.03005718874267808
1984-10-24,2.690100426,95.0000895140622,0.024829851568433186
1984-10-25,1.699010796,60.0000565575012,0.015682011522734695
1984-10-26,1.41584233,50.000047131251,0.013068342935612248
1984-10-27,0.849505398,30.0000282787506,0.007841005761367347
1984-10-28,0.707921165,25.0000235656255,0.006534171467806124
1984-10-29,0.566336932,20.0000188525004,0.005227337174244898
1984-10-30,0.396435852,14.0000131826244,0.003659136018279395
1984-10-31,0.481386392,17.0000160175624,0.004443236596262147
1984-11-01,0.481386392,17.0000160175624,0.004443236596262147
1984-11-02,0.424752699,15.0000141393753,0.003920502880683674
1984-11-03,0.396435852,14.0000131826244,0.003659136018279395
1984-11-04,0.396435852,14.0000131826244,0.003659136018279395
1984-11-05,0.396435852,14.0000131826244,0.003659136018279395
1984-11-06,0.368119006,13.000012261188202,0.003397769165105201
1984-11-07,0.368119006,13.000012261188202,0.003397769165105201
1984-11-08,0.368119006,13.000012261188202,0.003397769165105201
1984-11-09,0.339802159,12.000011304437301,0.0031364023027009224
1984-11-10,0.339802159,12.000011304437301,0.0031364023027009224
1984-11-11,0.396435852,14.0000131826244,0.003659136018279395
1984-11-12,0.424752699,15.0000141393753,0.003920502880683674
1984-11-13,0.453069545,16.000015060811503,0.004181869733857869
1984-11-14,0.622970625,22.000020730687503,0.005750070889823372
1984-11-15,1.104357017,39.000036748249904,0.01019330748608552
1984-11-16,0.934455938,33.00003111368861,0.008625106339350099
1984-11-17,0.934455938,33.00003111368861,0.008625106339350099
1984-11-18,0.707921165,25.0000235656255,0.006534171467806124
1984-11-19,0.792871705,28.000026400563502,0.007318272045788875
1984-11-20,0.707921165,25.0000235656255,0.006534171467806124
1984-11-21,0.707921165,25.0000235656255,0.006534171467806124
1984-11-22,0.566336932,20.0000188525004,0.005227337174244898
1984-11-23,0.566336932,20.0000188525004,0.005227337174244898
1984-11-24,0.566336932,20.0000188525004,0.005227337174244898
1984-11-25,0.424752699,15.0000141393753,0.003920502880683674
1984-11-26,0.424752699,15.0000141393753,0.003920502880683674
1984-11-27,0.424752699,15.0000141393753,0.003920502880683674
1984-11-28,0.424752699,15.0000141393753,0.003920502880683674
1984-11-29,0.283168466,10.0000094262502,0.002613668587122449
1984-11-30,0.283168466,10.0000094262502,0.002613668587122449
1984-12-01,0.283168466,10.0000094262502,0.002613668587122449
1984-12-02,0.283168466,10.0000094262502,0.002613668587122449
1984-12-03,0.283168466,10.0000094262502,0.002613668587122449
1984-12-04,0.283168466,10.0000094262502,0.002613668587122449
1984-12-05,0.283168466,10.0000094262502,0.002613668587122449
1984-12-06,0.254851619,9.0000084694993,0.0023523017247181707
1984-12-07,0.269010043,9.5000089655321,0.002482985160535352
1984-12-08,0.087782224,3.1000029058928003,0.0008102372577621209
1984-12-09,0.087782224,3.1000029058928003,0.0008102372577621209
1984-12-10,0.339802159,12.000011304437301,0.0031364023027009224
1984-12-11,0.622970625,22.000020730687503,0.005750070889823372
1984-12-12,0.195386241,6.9000064850427,0.0018034313201302447
1984-12-13,0.203881295,7.2000067685365,0.00188184137792852
1984-12-14,0.396435852,14.0000131826244,0.003659136018279395
1984-12-15,0.424752699,15.0000141393753,0.003920502880683674
1984-12-16,0.424752699,15.0000141393753,0.003920502880683674
1984-12-17,0.424752699,15.0000141393753,0.003920502880683674
1984-12-18,0.339802159,12.000011304437301,0.0031364023027009224
1984-12-19,0.339802159,12.000011304437301,0.0031364023027009224
1984-12-20,0.566336932,20.0000188525004,0.005227337174244898
1984-12-21,0.566336932,20.0000188525004,0.005227337174244898
1984-12-22,0.424752699,15.0000141393753,0.003920502880683674
1984-12-23,0.283168466,10.0000094262502,0.002613668587122449
1984-12-24,0.283168466,10.0000094262502,0.002613668587122449
1984-12-25,0.283168466,10.0000094262502,0.002613668587122449
1984-12-26,0.283168466,10.0000094262502,0.002613668587122449
1984-12-27,0.849505398,30.0000282787506,0.007841005761367347
1984-12-28,2.831684659,100.0000942271873,0.02613668586199441
1984-12-29,4.247526989,150.0001413584383,0.03920502879760665
1984-12-30,2.265347727,80.0000753746869,0.02090934868774951
1984-12-31,0.849505398,30.0000282787506,0.007841005761367347
1985-01-01,0.424752699,15.0000141393753,0.003920502880683674
1985-01-02,0.283168466,10.0000094262502,0.002613668587122449
1985-01-03,0.198217926,7.0000065913122,0.0018295680091396974
1985-01-04,0.141584233,5.0000047131251,0.0013068342935612246
1985-01-05,0.141584233,5.0000047131251,0.0013068342935612246
1985-01-06,0.141584233,5.0000047131251,0.0013068342935612246
1985-01-07,0.141584233,5.0000047131251,0.0013068342935612246
1985-01-08,0.283168466,10.0000094262502,0.002613668587122449
1985-01-09,0.424752699,15.0000141393753,0.003920502880683674
1985-01-10,0.424752699,15.0000141393753,0.003920502880683674
1985-01-11,0.283168466,10.0000094262502,0.002613668587122449
1985-01-12,0.283168466,10.0000094262502,0.002613668587122449
1985-01-13,0.283168466,10.0000094262502,0.002613668587122449
1985-01-14,0.198217926,7.0000065913122,0.0018295680091396974
1985-01-15,0.198217926,7.0000065913122,0.0018295680091396974
1985-01-16,0.141584233,5.0000047131251,0.0013068342935612246
1985-01-17,0.141584233,5.0000047131251,0.0013068342935612246
1985-01-18,0.141584233,5.0000047131251,0.0013068342935612246
1985-01-19,0.141584233,5.0000047131251,0.0013068342935612246
1985-01-20,0.141584233,5.0000047131251,0.0013068342935612246
1985-01-21,0.141584233,5.0000047131251,0.0013068342935612246
1985-01-22,0.141584233,5.0000047131251,0.0013068342935612246
1985-01-23,0.566336932,20.0000188525004,0.005227337174244898
1985-01-24,4.247526989,150.0001413584383,0.03920502879760665
1985-01-25,1.699010796,60.0000565575012,0.015682011522734695
1985-01-26,2.265347727,80.0000753746869,0.02090934868774951
1985-01-27,2.831684659,100.0000942271873,0.02613668586199441
1985-01-28,1.41584233,50.000047131251,0.013068342935612248
1985-01-29,0.566336932,20.0000188525004,0.005227337174244898
1985-01-30,0.283168466,10.0000094262502,0.002613668587122449
1985-01-31,0.141584233,5.0000047131251,0.0013068342935612246
1985-02-01,0.08495054,3.0000028349380004,0.0007841005779827515
1985-02-02,0.056633693,2.0000018781871,0.0005227337155784732
1985-02-03,0.056633693,2.0000018781871,0.0005227337155784732
1985-02-04,0.028316847,1.0000009567509,0.0002613668624042783
1985-02-05,0.056633693,2.0000018781871,0.0005227337155784732
1985-02-06,0.08495054,3.0000028349380004,0.0007841005779827515
1985-02-07,0.08495054,3.0000028349380004,0.0007841005779827515
1985-02-08,0.08495054,3.0000028349380004,0.0007841005779827515
1985-02-09,0.08495054,3.0000028349380004,0.0007841005779827515
1985-02-10,0.283168466,10.0000094262502,0.002613668587122449
1985-02-11,2.831684659,100.0000942271873,0.02613668586199441
1985-02-12,2.40693196,85.00008008781201,0.022216182981310735
1985-02-13,1.444159176,51.000048052687205,0.013329709788786443
1985-02-14,1.840595028,65.0000612353116,0.016988845807065837
1985-02-15,1.642377102,58.000054643999405,0.015159277797926139
1985-02-16,1.699010796,60.0000565575012,0.015682011522734695
1985-02-17,1.699010796,60.0000565575012,0.015682011522734695
1985-02-18,1.472476023,52.0000490094381,0.01359107665119072
1985-02-19,2.265347727,80.0000753746869,0.02090934868774951
1985-02-20,5.833270398,206.0001941242506,0.05384157287995432
1985-02-21,6.767726335,239.0002252026245,0.06246667921007434
1985-02-22,6.14475571,217.00020447193702,0.056716608320250966
1985-02-23,4.134259602,146.0001375667494,0.038159561357219624
1985-02-24,2.690100426,95.0000895140622,0.024829851568433186
1985-02-25,2.095446648,74.0000697401256,0.019341147541014087
1985-02-26,1.444159176,51.000048052687205,0.013329709788786443
1985-02-27,1.557426563,55.0000518443761,0.01437517722917347
1985-02-28,2.520199347,89.0000838795009,0.02326165042169777
1985-03-01,3.681190057,130.0001225059379,0.033977691623361755
1985-03-02,4.530695455,160.00015078468851,0.041818697384729105
1985-03-03,3.82277429,135.00012721906302,0.035284525916922986
1985-03-04,2.831684659,100.0000942271873,0.02613668586199441
1985-03-05,1.925545568,68.0000640702496,0.017772946385048588
1985-03-06,1.104357017,39.000036748249904,0.01019330748608552
1985-03-07,0.736238011,26.0000244870617,0.006795538320980318
1985-03-08,0.736238011,26.0000244870617,0.006795538320980318
1985-03-09,0.962772784,34.0000320351248,0.008886473192524294
1985-03-10,0.849505398,30.0000282787506,0.007841005761367347
1985-03-11,1.41584233,50.000047131251,0.013068342935612248
1985-03-12,18.34931659,648.0006105808731,0.16936572438277017
1985-03-13,27.01427165,954.000899038255,0.2493439831524091
1985-03-14,31.14853125,1100.001036534375,0.2875035444911686
1985-03-15,14.1584233,500.00047131251006,0.13068342935612248
1985-03-16,4.247526989,150.0001413584383,0.03920502879760665
1985-03-17,1.982179261,70.0000659484367,0.01829568010062706
1985-03-18,0.849505398,30.0000282787506,0.007841005761367347
1985-03-19,0.283168466,10.0000094262502,0.002613668587122449
1985-03-20,0.283168466,10.0000094262502,0.002613668587122449
1985-03-21,0.283168466,10.0000094262502,0.002613668587122449
1985-03-22,0.198217926,7.0000065913122,0.0018295680091396974
1985-03-23,0.198217926,7.0000065913122,0.0018295680091396974
1985-03-24,0.198217926,7.0000065913122,0.0018295680091396974
1985-03-25,0.141584233,5.0000047131251,0.0013068342935612246
1985-03-26,0.113267386,4.0000037563742,0.0010454674311569463
1985-03-27,0.062297063,2.2000020907261,0.000575007093597379
1985-03-28,0.062297063,2.2000020907261,0.000575007093597379
1985-03-29,0.150079287,5.300004996618901,0.0013852443513594998
1985-03-30,0.175564449,6.200005847100301,0.0016204745247543253
1985-03-31,2.152080341,76.0000716183127,0.019863881256592563
1985-04-01,1.019406477,36.0000339133119,0.009409206908102768
1985-04-02,0.906139091,32.000030156937704,0.008363739476945822
1985-04-03,1.07604017,38.000035791499,0.009931940623681239
1985-04-04,4.162576449,147.0001385235003,0.03842092821962391
1985-04-05,4.389111222,155.00014607156342,0.04051186309116789
1985-04-06,5.465151392,193.0001818630624,0.05044380371484912
1985-04-07,6.201389404,219.00020638543882,0.057239342045059524
1985-04-08,9.174658296,324.00030532575124,0.08468286220061516
1985-04-09,11.80812503,417.000392996941,0.10898998006269994
1985-04-10,12.37446196,437.000411778812,0.11421731721848467
1985-04-11,15.46099824,546.000514546128,0.14270630482365743
1985-04-12,15.06456239,532.0005014341331,0.13904716882383822
1985-04-13,15.46099824,546.000514546128,0.14270630482365743
1985-04-14,13.3089179,470.00044296313007,0.12284242357629496
1985-04-15,11.92139242,421.000396894574,0.11003544753077724
1985-04-16,10.27901531,363.000341968057,0.09487616965901043
1985-04-17,8.608321364,304.0002864732508,0.07945552502637025
1985-04-18,8.325152898,294.0002770470006,0.07684185643924782
1985-04-19,9.486143608,335.0003156734376,0.0875578976409118
1985-04-20,7.787132813,275.0002591512511,0.0718758861274072
1985-04-21,6.14475571,217.00020447193702,0.056716608320250966
1985-04-22,7.815449659,276.00026007268735,0.07213725298058139
1985-04-23,14.21505699,502.0004730847531,0.1312061630440107
1985-04-24,8.97644037,317.000298734439,0.08285329419147547
1985-04-25,8.749905597,309.00029118637593,0.08076235931993148
1985-04-26,10.8170354,382.00036004038003,0.09984214001700145
1985-04-27,11.04357017,390.00036748249903,0.10193307486085519
1985-04-28,7.872083353,278.0002619861891,0.07265998670538994
1985-04-29,29.16635199,1030.000970621253,0.26920786439977157
1985-04-30,64.56241023,2280.002148549381,0.5959164376977769
1985-05-01,15.17782977,536.000504978619,0.14009263619961465
1985-05-02,9.769312074,345.0003250996878,0.09017156622803425
1985-05-03,9.882579461,349.00032889137674,0.09121703366842128
1985-05-04,7.362380114,260.0002450118758,0.06795538324672351
1985-05-05,6.286339943,222.0002091850621,0.05802344261381218
1985-05-06,5.323567159,188.00017714993731,0.0491369694212879
1985-05-07,4.643962841,164.0001545410627,0.04286416481588605
1985-05-08,3.596239517,127.00011967099991,0.033193591045379
1985-05-09,3.001585739,106.0000998970633,0.02770488701795991
1985-05-10,2.944952046,104.0000980188762,0.02718215330238144
1985-05-11,3.001585739,106.0000998970633,0.02770488701795991
1985-05-12,2.463565654,87.0000820013138,0.022738916706119293
1985-05-13,2.57683304,91.000085757688,0.023784384137276238
1985-05-14,2.520199347,89.0000838795009,0.02326165042169777
1985-05-15,2.095446648,74.0000697401256,0.019341147541014087
1985-05-16,1.585743409,56.000052765812306,0.014636544082347666
1985-05-17,0.792871705,28.000026400563502,0.007318272045788875
1985-05-18,0.849505398,30.0000282787506,0.007841005761367347
1985-05-19,0.792871705,28.000026400563502,0.007318272045788875
1985-05-20,0.906139091,32.000030156937704,0.008363739476945822
1985-05-21,1.16099071,41.000038626437004,0.010716041201663994
1985-05-22,1.274258097,45.0000424181259,0.011761508642051022
1985-05-23,0.736238011,26.0000244870617,0.006795538320980318
1985-05-24,0.566336932,20.0000188525004,0.005227337174244898
1985-05-25,0.424752699,15.0000141393753,0.003920502880683674
1985-05-26,1.16099071,41.000038626437004,0.010716041201663994
1985-05-27,0.991089631,35.000032991875706,0.009147840054928573
1985-05-28,0.566336932,20.0000188525004,0.005227337174244898
1985-05-29,0.424752699,15.0000141393753,0.003920502880683674
1985-05-30,0.339802159,12.000011304437301,0.0031364023027009224
1985-05-31,0.283168466,10.0000094262502,0.002613668587122449
1985-06-01,0.226534773,8.0000075480631,0.002090934871543976
1985-06-02,0.16990108,6.000005669876001,0.001568201155965503
1985-06-03,0.141584233,5.0000047131251,0.0013068342935612246
1985-06-04,0.113267386,4.0000037563742,0.0010454674311569463
1985-06-05,0.08495054,3.0000028349380004,0.0007841005779827515
1985-06-06,0.056633693,2.0000018781871,0.0005227337155784732
1985-06-07,0.028316847,1.0000009567509,0.0002613668624042783
1985-06-08,0.011326739,0.40000038976330005,0.00010454674680772804
1985-06-09,0.002831685,0.10000010626950001,2.6136689009452884e-05
1985-06-10,,,
1985-06-11,,,
1985-06-12,,,
1985-06-13,,,
1985-06-14,,,
1985-06-15,,,
1985-06-16,,,
1985-06-17,,,
1985-06-18,,,
1985-06-19,,,
1985-06-20,,,
1985-06-21,,,
1985-06-22,,,
1985-06-23,,,
1985-06-24,,,
1985-06-25,,,
1985-06-26,,,
1985-06-27,,,
1985-06-28,,,
1985-06-29,,,
1985-06-30,,,
1985-07-01,,,
1985-07-02,,,
1985-07-03,,,
1985-07-04,,,
1985-07-05,,,
1985-07-06,,,
1985-07-07,,,
1985-07-08,,,
1985-07-09,,,
1985-07-10,,,
1985-07-11,,,
1985-07-12,,,
1985-07-13,,,
1985-07-14,,,
1985-07-15,,,
1985-07-16,,,
1985-07-17,,,
1985-07-18,,,
1985-07-19,,,
1985-07-20,,,
1985-07-21,1.444159176,51.000048052687205,0.013329709788786443
1985-07-22,4.502378608,159.0001498279376,0.041557330522324826
1985-07-23,1.104357017,39.000036748249904,0.01019330748608552
1985-07-24,0.566336932,20.0000188525004,0.005227337174244898
1985-07-25,0.311485313,11.0000103830011,0.0028750354495267272
1985-07-26,0.254851619,9.0000084694993,0.0023523017247181707
1985-07-27,0.141584233,5.0000047131251,0.0013068342935612246
1985-07-28,0.031148531,1.1000010277057,0.0002875035421836477
1985-07-29,0.028316847,1.0000009567509,0.0002613668624042783
1985-07-30,0.594653778,21.0000197739366,0.005488704027419093
1985-07-31,0.538020085,19.0000178957495,0.004965970311840619
1985-08-01,0.396435852,14.0000131826244,0.003659136018279395
1985-08-02,0.135920864,4.800004535900801,0.0012545609247724024
1985-08-03,1.217624403,43.0000405046241,0.011238774917242466
1985-08-04,6.597825256,233.00021956806322,0.060898478063338916
1985-08-05,1.019406477,36.0000339133119,0.009409206908102768
1985-08-06,0.339802159,12.000011304437301,0.0031364023027009224
1985-08-07,0.175564449,6.200005847100301,0.0016204745247543253
1985-08-08,0.070792116,2.5000023389052,0.0006534171421655705
1985-08-09,0.906139091,32.000030156937704,0.008363739476945822
1985-08-10,1.529109716,54.0000508876252,0.014113810366769192
1985-08-11,0.453069545,16.000015060811503,0.004181869733857869
1985-08-12,0.220871403,7.8000073355241,0.0020386614935250704
1985-08-13,0.096277278,3.4000031893866,0.000888647315560396
1985-08-14,0.024635657,0.8700008362579,0.00022738917130703132
1985-08-15,0.013025749,0.4600004182103,0.00012022875098331625
1985-08-16,0.010760402,0.38000036850940005,9.931940900583746e-05
1985-08-17,0.008495054,0.30000028349380004,7.841005779827515e-05
1985-08-18,0.002831685,0.10000010626950001,2.6136689009452884e-05
1985-08-19,,,
1985-08-20,,,
1985-08-21,,,
1985-08-22,,,
1985-08-23,,,
1985-08-24,0.008495054,0.30000028349380004,7.841005779827515e-05
1985-08-25,0.011326739,0.40000038976330005,0.00010454674680772804
1985-08-26,0.002831685,0.10000010626950001,2.6136689009452884e-05
1985-08-27,,,
1985-08-28,,,
1985-08-29,,,
1985-08-30,,,
1985-08-31,,,
1985-09-01,,,
1985-09-02,,,
1985-09-03,,,
1985-09-04,,,
1985-09-05,,,
1985-09-06,,,
1985-09-07,,,
1985-09-08,,,
1985-09-09,,,
1985-09-10,,,
1985-09-11,0.141584233,5.0000047131251,0.0013068342935612246
1985-09-12,4.247526989,150.0001413584383,0.03920502879760665
1985-09-13,1.982179261,70.0000659484367,0.01829568010062706
1985-09-14,0.707921165,25.0000235656255,0.006534171467806124
1985-09-15,0.283168466,10.0000094262502,0.002613668587122449
1985-09-16,0.056633693,2.0000018781871,0.0005227337155784732
1985-09-17,0.028316847,1.0000009567509,0.0002613668624042783
1985-09-18,0.141584233,5.0000047131251,0.0013068342935612246
1985-09-19,2.40693196,85.00008008781201,0.022216182981310735
1985-09-20,1.699010796,60.0000565575012,0.015682011522734695
1985-09-21,0.566336932,20.0000188525004,0.005227337174244898
1985-09-22,0.226534773,8.0000075480631,0.002090934871543976
1985-09-23,0.113267386,4.0000037563742,0.0010454674311569463
1985-09-24,0.08495054,3.0000028349380004,0.0007841005779827515
1985-09-25,0.062297063,2.2000020907261,0.000575007093597379
1985-09-26,0.062297063,2.2000020907261,0.000575007093597379
1985-09-27,0.04247527,1.5000014174690002,0.00039205028899137577
1985-09-28,0.031148531,1.1000010277057,0.0002875035421836477
1985-09-29,0.031148531,1.1000010277057,0.0002875035421836477
1985-09-30,0.025485162,0.9000008504814,0.00023523017339482542
1985-10-01,0.014158423,0.5000004607181,0.00013068342658709742
1985-10-02,0.014158423,0.5000004607181,0.00013068342658709742
1985-10-03,0.011326739,0.40000038976330005,0.00010454674680772804
1985-10-04,0.011326739,0.40000038976330005,0.00010454674680772804
1985-10-05,0.011326739,0.40000038976330005,0.00010454674680772804
1985-10-06,0.008495054,0.30000028349380004,7.841005779827515e-05
1985-10-07,0.002831685,0.10000010626950001,2.6136689009452884e-05
1985-10-08,0.141584233,5.0000047131251,0.0013068342935612246
1985-10-09,0.141584233,5.0000047131251,0.0013068342935612246
1985-10-10,0.566336932,20.0000188525004,0.005227337174244898
1985-10-11,16.99010796,600.000565575012,0.15682011522734696
1985-10-12,5.663369318,200.0001884543746,0.05227337172398882
1985-10-13,2.831684659,100.0000942271873,0.02613668586199441
1985-10-14,1.699010796,60.0000565575012,0.015682011522734695
1985-10-15,0.566336932,20.0000188525004,0.005227337174244898
1985-10-16,0.283168466,10.0000094262502,0.002613668587122449
1985-10-17,0.141584233,5.0000047131251,0.0013068342935612246
1985-10-18,0.113267386,4.0000037563742,0.0010454674311569463
1985-10-19,0.113267386,4.0000037563742,0.0010454674311569463
1985-10-20,0.113267386,4.0000037563742,0.0010454674311569463
1985-10-21,0.113267386,4.0000037563742,0.0010454674311569463
1985-10-22,0.113267386,4.0000037563742,0.0010454674311569463
1985-10-23,0.113267386,4.0000037563742,0.0010454674311569463
1985-10-24,0.113267386,4.0000037563742,0.0010454674311569463
1985-10-25,0.104772332,3.7000034728804,0.0009670573733586711
1985-10-26,0.104772332,3.7000034728804,0.0009670573733586711
1985-10-27,0.104772332,3.7000034728804,0.0009670573733586711
1985-10-28,0.104772332,3.7000034728804,0.0009670573733586711
1985-10-29,0.116099071,4.1000038626437005,0.0010716041201663993
1985-10-30,0.116099071,4.1000038626437005,0.0010716041201663993
1985-10-31,0.135920864,4.800004535900801,0.0012545609247724024
1985-11-01,0.161406026,5.700005386382201,0.001489791098167228
1985-11-02,0.161406026,5.700005386382201,0.001489791098167228
1985-11-03,0.175564449,6.200005847100301,0.0016204745247543253
1985-11-04,0.175564449,6.200005847100301,0.0016204745247543253
1985-11-05,0.150079287,5.300004996618901,0.0013852443513594998
1985-11-06,0.161406026,5.700005386382201,0.001489791098167228
1985-11-07,0.175564449,6.200005847100301,0.0016204745247543253
1985-11-08,0.175564449,6.200005847100301,0.0016204745247543253
1985-11-09,0.161406026,5.700005386382201,0.001489791098167228
1985-11-10,0.161406026,5.700005386382201,0.001489791098167228
1985-11-11,0.135920864,4.800004535900801,0.0012545609247724024
1985-11-12,0.184059503,6.500006130594101,0.0016988845825526005
1985-11-13,0.175564449,6.200005847100301,0.0016204745247543253
1985-11-14,0.311485313,11.0000103830011,0.0028750354495267272
1985-11-15,0.481386392,17.0000160175624,0.004443236596262147
1985-11-16,0.184059503,6.500006130594101,0.0016988845825526005
1985-11-17,0.215208034,7.600007158299801,0.001986388124736248
1985-11-18,0.260514989,9.2000086820383,0.0024045751027370766
1985-11-19,0.339802159,12.000011304437301,0.0031364023027009224
1985-11-20,0.195386241,6.9000064850427,0.0018034313201302447
1985-11-21,0.124594125,4.4000041461375,0.0011500141779646744
1985-11-22,0.104772332,3.7000034728804,0.0009670573733586711
1985-11-23,0.135920864,4.800004535900801,0.0012545609247724024
1985-11-24,0.311485313,11.0000103830011,0.0028750354495267272
1985-11-25,0.424752699,15.0000141393753,0.003920502880683674
1985-11-26,0.396435852,14.0000131826244,0.003659136018279395
1985-11-27,2.095446648,74.0000697401256,0.019341147541014087
1985-11-28,1.472476023,52.0000490094381,0.01359107665119072
1985-11-29,1.07604017,38.000035791499,0.009931940623681239
1985-11-30,3.596239517,127.00011967099991,0.033193591045379
1985-12-01,4.842180767,171.00016113237493,0.04469373282502575
1985-12-02,3.114853125,110.00010365343749,0.028750354449116857
1985-12-03,1.472476023,52.0000490094381,0.01359107665119072
1985-12-04,1.019406477,36.0000339133119,0.009409206908102768
1985-12-05,0.679604318,24.000022608874602,0.006272804605401845
1985-12-06,0.594653778,21.0000197739366,0.005488704027419093
1985-12-07,0.538020085,19.0000178957495,0.004965970311840619
1985-12-08,0.509703239,18.0000169743133,0.004704603458666426
1985-12-09,0.509703239,18.0000169743133,0.004704603458666426
1985-12-10,0.283168466,10.0000094262502,0.002613668587122449
1985-12-11,0.203881295,7.2000067685365,0.00188184137792852
1985-12-12,0.116099071,4.1000038626437005,0.0010716041201663993
1985-12-13,0.135920864,4.800004535900801,0.0012545609247724024
1985-12-14,0.096277278,3.4000031893866,0.000888647315560396
1985-12-15,0.07928717,2.8000026223990004,0.0007318271999638457
1985-12-16,0.050970324,1.8000017009628,0.00047046034678965083
1985-12-17,0.039643585,1.4000013111995002,0.00036591359998192286
1985-12-18,0.070792116,2.5000023389052,0.0006534171421655705
1985-12-19,0.124594125,4.4000041461375,0.0011500141779646744
1985-12-20,0.096277278,3.4000031893866,0.000888647315560396
1985-12-21,0.104772332,3.7000034728804,0.0009670573733586711
1985-12-22,0.04247527,1.5000014174690002,0.00039205028899137577
1985-12-23,0.104772332,3.7000034728804,0.0009670573733586711
1985-12-24,0.161406026,5.700005386382201,0.001489791098167228
1985-12-25,0.339802159,12.000011304437301,0.0031364023027009224
1985-12-26,0.396435852,14.0000131826244,0.003659136018279395
1985-12-27,0.339802159,12.000011304437301,0.0031364023027009224
1985-12-28,0.271841727,9.6000090364869,0.002509121840314721
1985-12-29,0.141584233,5.0000047131251,0.0013068342935612246
1985-12-30,0.08495054,3.0000028349380004,0.0007841005779827515
1985-12-31,0.424752699,15.0000141393753,0.003920502880683674
1986-01-01,0.396435852,14.0000131826244,0.003659136018279395
1986-01-02,0.566336932,20.0000188525004,0.005227337174244898
1986-01-03,0.311485313,11.0000103830011,0.0028750354495267272
1986-01-04,0.368119006,13.000012261188202,0.003397769165105201
1986-01-05,0.237861511,8.4000079025117,0.0021954816091216208
1986-01-06,0.237861511,8.4000079025117,0.0021954816091216208
1986-01-07,0.311485313,11.0000103830011,0.0028750354495267272
1986-01-08,0.424752699,15.0000141393753,0.003920502880683674
1986-01-09,0.368119006,13.000012261188202,0.003397769165105201
1986-01-10,0.424752699,15.0000141393753,0.003920502880683674
1986-01-11,0.509703239,18.0000169743133,0.004704603458666426
1986-01-12,0.538020085,19.0000178957495,0.004965970311840619
1986-01-13,0.424752699,15.0000141393753,0.003920502880683674
1986-01-14,0.283168466,10.0000094262502,0.002613668587122449
1986-01-15,0.283168466,10.0000094262502,0.002613668587122449
1986-01-16,0.283168466,10.0000094262502,0.002613668587122449
1986-01-17,0.283168466,10.0000094262502,0.002613668587122449
1986-01-18,0.283168466,10.0000094262502,0.002613668587122449
1986-01-19,0.283168466,10.0000094262502,0.002613668587122449
1986-01-20,0.283168466,10.0000094262502,0.002613668587122449
1986-01-21,0.283168466,10.0000094262502,0.002613668587122449
1986-01-22,0.283168466,10.0000094262502,0.002613668587122449
1986-01-23,0.150079287,5.300004996618901,0.0013852443513594998
1986-01-24,0.339802159,12.000011304437301,0.0031364023027009224
1986-01-25,0.368119006,13.000012261188202,0.003397769165105201
1986-01-26,0.311485313,11.0000103830011,0.0028750354495267272
1986-01-27,0.339802159,12.000011304437301,0.0031364023027009224
1986-01-28,0.481386392,17.0000160175624,0.004443236596262147
1986-01-29,0.260514989,9.2000086820383,0.0024045751027370766
1986-01-30,0.237861511,8.4000079025117,0.0021954816091216208
1986-01-31,0.396435852,14.0000131826244,0.003659136018279395
1986-02-01,0.096277278,3.4000031893866,0.000888647315560396
1986-02-02,0.005663369,0.2000001772243,5.227336878882226e-05
1986-02-03,0.008495054,0.30000028349380004,7.841005779827515e-05
1986-02-04,0.005663369,0.2000001772243,5.227336878882226e-05
1986-02-05,,,
1986-02-06,0.028316847,1.0000009567509,0.0002613668624042783
1986-02-07,0.028316847,1.0000009567509,0.0002613668624042783
1986-02-08,0.028316847,1.0000009567509,0.0002613668624042783
1986-02-09,0.028316847,1.0000009567509,0.0002613668624042783
1986-02-10,0.028316847,1.0000009567509,0.0002613668624042783
1986-02-11,0.028316847,1.0000009567509,0.0002613668624042783
1986-02-12,0.028316847,1.0000009567509,0.0002613668624042783
1986-02-13,0.08495054,3.0000028349380004,0.0007841005779827515
1986-02-14,0.141584233,5.0000047131251,0.0013068342935612246
1986-02-15,0.141584233,5.0000047131251,0.0013068342935612246
1986-02-16,0.141584233,5.0000047131251,0.0013068342935612246
1986-02-17,0.141584233,5.0000047131251,0.0013068342935612246
1986-02-18,0.141584233,5.0000047131251,0.0013068342935612246
1986-02-19,0.141584233,5.0000047131251,0.0013068342935612246
1986-02-20,0.141584233,5.0000047131251,0.0013068342935612246
1986-02-21,0.087782224,3.1000029058928003,0.0008102372577621209
1986-02-22,0.056633693,2.0000018781871,0.0005227337155784732
1986-02-23,0.124594125,4.4000041461375,0.0011500141779646744
1986-02-24,0.056633693,2.0000018781871,0.0005227337155784732
1986-02-25,0.070792116,2.5000023389052,0.0006534171421655705
1986-02-26,0.033980216,1.2000011339752001,0.0003136402311931006
1986-02-27,0.056633693,2.0000018781871,0.0005227337155784732
1986-02-28,0.062297063,2.2000020907261,0.000575007093597379
1986-03-01,0.056633693,2.0000018781871,0.0005227337155784732
1986-03-02,0.039643585,1.4000013111995002,0.00036591359998192286
1986-03-03,0.039643585,1.4000013111995002,0.00036591359998192286
1986-03-04,0.04247527,1.5000014174690002,0.00039205028899137577
1986-03-05,0.033980216,1.2000011339752001,0.0003136402311931006
1986-03-06,0.039643585,1.4000013111995002,0.00036591359998192286
1986-03-07,0.033980216,1.2000011339752001,0.0003136402311931006
1986-03-08,0.04247527,1.5000014174690002,0.00039205028899137577
1986-03-09,0.033980216,1.2000011339752001,0.0003136402311931006
1986-03-10,0.039643585,1.4000013111995002,0.00036591359998192286
1986-03-11,0.056633693,2.0000018781871,0.0005227337155784732
1986-03-12,0.056633693,2.0000018781871,0.0005227337155784732
1986-03-13,0.116099071,4.1000038626437005,0.0010716041201663993
1986-03-14,0.135920864,4.800004535900801,0.0012545609247724024
1986-03-15,0.184059503,6.500006130594101,0.0016988845825526005
1986-03-16,0.161406026,5.700005386382201,0.001489791098167228
1986-03-17,0.24918825,8.800008292275,0.002300028355929349
1986-03-18,0.203881295,7.2000067685365,0.00188184137792852
1986-03-19,0.195386241,6.9000064850427,0.0018034313201302447
1986-03-20,0.260514989,9.2000086820383,0.0024045751027370766
1986-03-21,0.150079287,5.300004996618901,0.0013852443513594998
1986-03-22,0.104772332,3.7000034728804,0.0009670573733586711
1986-03-23,0.056633693,2.0000018781871,0.0005227337155784732
1986-03-24,0.025485162,0.9000008504814,0.00023523017339482542
1986-03-25,0.022653477,0.8000007442119001,0.00020909348438537256
1986-03-26,0.014158423,0.5000004607181,0.00013068342658709742
1986-03-27,0.070792116,2.5000023389052,0.0006534171421655705
1986-03-28,0.033980216,1.2000011339752001,0.0003136402311931006
1986-03-29,0.028316847,1.0000009567509,0.0002613668624042783
1986-03-30,0.008495054,0.30000028349380004,7.841005779827515e-05
1986-03-31,0.008495054,0.30000028349380004,7.841005779827515e-05
1986-04-01,0.538020085,19.0000178957495,0.004965970311840619
1986-04-02,0.424752699,15.0000141393753,0.003920502880683674
1986-04-03,1.16099071,41.000038626437004,0.010716041201663994
1986-04-04,4.842180767,171.00016113237493,0.04469373282502575
1986-04-05,3.482972131,123.00011591462571,0.032148123614222056
1986-04-06,3.369704744,119.0001121229368,0.031102656173835026
1986-04-07,3.001585739,106.0000998970633,0.02770488701795991
1986-04-08,2.067129801,73.0000687833747,0.019079780678609812
1986-04-09,1.41584233,50.000047131251,0.013068342935612248
1986-04-10,1.132673864,40.0000377050008,0.010454674348489797
1986-04-11,0.594653778,21.0000197739366,0.005488704027419093
1986-04-12,0.509703239,18.0000169743133,0.004704603458666426
1986-04-13,0.150079287,5.300004996618901,0.0013852443513594998
1986-04-14,0.056633693,2.0000018781871,0.0005227337155784732
1986-04-15,0.031148531,1.1000010277057,0.0002875035421836477
1986-04-16,0.04247527,1.5000014174690002,0.00039205028899137577
1986-04-17,0.04247527,1.5000014174690002,0.00039205028899137577
1986-04-18,0.04247527,1.5000014174690002,0.00039205028899137577
1986-04-19,0.056633693,2.0000018781871,0.0005227337155784732
1986-04-20,0.056633693,2.0000018781871,0.0005227337155784732
1986-04-21,0.056633693,2.0000018781871,0.0005227337155784732
1986-04-22,0.070792116,2.5000023389052,0.0006534171421655705
1986-04-23,0.08495054,3.0000028349380004,0.0007841005779827515
1986-04-24,0.226534773,8.0000075480631,0.002090934871543976
1986-04-25,0.226534773,8.0000075480631,0.002090934871543976
1986-04-26,0.135920864,4.800004535900801,0.0012545609247724024
1986-04-27,0.481386392,17.0000160175624,0.004443236596262147
1986-04-28,0.566336932,20.0000188525004,0.005227337174244898
1986-04-29,0.226534773,8.0000075480631,0.002090934871543976
1986-04-30,0.135920864,4.800004535900801,0.0012545609247724024
1986-05-01,0.184059503,6.500006130594101,0.0016988845825526005
1986-05-02,0.271841727,9.6000090364869,0.002509121840314721
1986-05-03,0.396435852,14.0000131826244,0.003659136018279395
1986-05-04,0.339802159,12.000011304437301,0.0031364023027009224
1986-05-05,0.226534773,8.0000075480631,0.002090934871543976
1986-05-06,0.16990108,6.000005669876001,0.001568201155965503
1986-05-07,0.113267386,4.0000037563742,0.0010454674311569463
1986-05-08,0.056633693,2.0000018781871,0.0005227337155784732
1986-05-09,0.028316847,1.0000009567509,0.0002613668624042783
1986-05-10,0.014158423,0.5000004607181,0.00013068342658709742
1986-05-11,0.014158423,0.5000004607181,0.00013068342658709742
1986-05-12,0.014158423,0.5000004607181,0.00013068342658709742
1986-05-13,0.008495054,0.30000028349380004,7.841005779827515e-05
1986-05-14,0.008495054,0.30000028349380004,7.841005779827515e-05
1986-05-15,0.005663369,0.2000001772243,5.227336878882226e-05
1986-05-16,0.062297063,2.2000020907261,0.000575007093597379
1986-05-17,0.396435852,14.0000131826244,0.003659136018279395
1986-05-18,0.062297063,2.2000020907261,0.000575007093597379
1986-05-19,0.039643585,1.4000013111995002,0.00036591359998192286
1986-05-20,0.016990108,0.6000005669876001,0.0001568201155965503
1986-05-21,0.011326739,0.40000038976330005,0.00010454674680772804
1986-05-22,0.005663369,0.2000001772243,5.227336878882226e-05
1986-05-23,0.008495054,0.30000028349380004,7.841005779827515e-05
1986-05-24,0.011326739,0.40000038976330005,0.00010454674680772804
1986-05-25,0.008495054,0.30000028349380004,7.841005779827515e-05
1986-05-26,0.008495054,0.30000028349380004,7.841005779827515e-05
1986-05-27,0.005663369,0.2000001772243,5.227336878882226e-05
1986-05-28,0.005663369,0.2000001772243,5.227336878882226e-05
1986-05-29,0.005663369,0.2000001772243,5.227336878882226e-05
1986-05-30,0.002831685,0.10000010626950001,2.6136689009452884e-05
1986-05-31,0.005663369,0.2000001772243,5.227336878882226e-05
1986-06-01,0.005663369,0.2000001772243,5.227336878882226e-05
1986-06-02,0.002831685,0.10000010626950001,2.6136689009452884e-05
1986-06-03,,,
1986-06-04,,,
1986-06-05,,,
1986-06-06,,,
1986-06-07,,,
1986-06-08,,,
1986-06-09,,,
1986-06-10,,,
1986-06-11,,,
1986-06-12,,,
1986-06-13,,,
1986-06-14,,,
1986-06-15,,,
1986-06-16,,,
1986-06-17,,,
1986-06-18,,,
1986-06-19,,,
1986-06-20,,,
1986-06-21,,,
1986-06-22,,,
1986-06-23,,,
1986-06-24,,,
1986-06-25,,,
1986-06-26,,,
1986-06-27,,,
1986-06-28,,,
1986-06-29,,,
1986-06-30,,,
1986-07-01,,,
1986-07-02,,,
1986-07-03,,,
1986-07-04,,,
1986-07-05,1.302574943,46.000043339562104,0.012022875495225216
1986-07-06,0.481386392,17.0000160175624,0.004443236596262147
1986-07-07,0.050970324,1.8000017009628,0.00047046034678965083
1986-07-08,0.011326739,0.40000038976330005,0.00010454674680772804
1986-07-09,0.025485162,0.9000008504814,0.00023523017339482542
1986-07-10,0.011326739,0.40000038976330005,0.00010454674680772804
1986-07-11,,,
1986-07-12,,,
1986-07-13,,,
1986-07-14,,,
1986-07-15,,,
1986-07-16,0.538020085,19.0000178957495,0.004965970311840619
1986-07-17,0.271841727,9.6000090364869,0.002509121840314721
1986-07-18,0.014158423,0.5000004607181,0.00013068342658709742
1986-07-19,0.283168466,10.0000094262502,0.002613668587122449
1986-07-20,4.020992216,142.0001338103752,0.03711409392606267
1986-07-21,0.849505398,30.0000282787506,0.007841005761367347
1986-07-22,5.408517699,191.0001799848753,0.049921069999270644
1986-07-23,4.530695455,160.00015078468851,0.041818697384729105
1986-07-24,13.81862114,488.000459972758,0.12754702704419146
1986-07-25,3.511288977,124.0001168360619,0.03240949046739625
1986-07-26,0.339802159,12.000011304437301,0.0031364023027009224
1986-07-27,0.002831685,0.10000010626950001,2.6136689009452884e-05
1986-07-28,,,
1986-07-29,,,
1986-07-30,,,
1986-07-31,,,
1986-08-01,,,
1986-08-02,,,
1986-08-03,,,
1986-08-04,,,
1986-08-05,,,
1986-08-06,,,
1986-08-07,,,
1986-08-08,,,
1986-08-09,,,
1986-08-10,,,
1986-08-11,,,
1986-08-12,,,
1986-08-13,4.162576449,147.0001385235003,0.03842092821962391
1986-08-14,2.095446648,74.0000697401256,0.019341147541014087
1986-08-15,0.566336932,20.0000188525004,0.005227337174244898
1986-08-16,0.203881295,7.2000067685365,0.00188184137792852
1986-08-17,0.011326739,0.40000038976330005,0.00010454674680772804
1986-08-18,0.005663369,0.2000001772243,5.227336878882226e-05
1986-08-19,0.002831685,0.10000010626950001,2.6136689009452884e-05
1986-08-20,,,
1986-08-21,0.283168466,10.0000094262502,0.002613668587122449
1986-08-22,0.226534773,8.0000075480631,0.002090934871543976
1986-08-23,0.025485162,0.9000008504814,0.00023523017339482542
1986-08-24,0.538020085,19.0000178957495,0.004965970311840619
1986-08-25,12.34614511,436.000410716117,0.11395595032839016
1986-08-26,0.707921165,25.0000235656255,0.006534171467806124
1986-08-27,0.203881295,7.2000067685365,0.00188184137792852
1986-08-28,1.755644489,62.0000584356883,0.01620474523831317
1986-08-29,3.794457443,134.0001262623121,0.03502315905451871
1986-08-30,7.220795881,255.00024029875073,0.06664854895316229
1986-08-31,2.095446648,74.0000697401256,0.019341147541014087
1986-09-01,4.445744915,157.0001479497505,0.04103459680674635
1986-09-02,4.983765,176.00016584550002,0.04600056711858697
1986-09-03,3.766140597,133.0001253408759,0.03476179220134451
1986-09-04,3.114853125,110.00010365343749,0.028750354449116857
1986-09-05,0.481386392,17.0000160175624,0.004443236596262147
1986-09-06,0.594653778,21.0000197739366,0.005488704027419093
1986-09-07,1.24594125,44.000041461375005,0.011500141779646743
1986-09-08,4.162576449,147.0001385235003,0.03842092821962391
1986-09-09,16.42377102,580.0005464399941,0.15159277797926138
1986-09-10,21.83228872,771.0007264601841,0.20151384798776212
1986-09-11,5.351884006,189.0001781066882,0.04939833628369217
1986-09-12,1.755644489,62.0000584356883,0.01620474523831317
1986-09-13,0.594653778,21.0000197739366,0.005488704027419093
1986-09-14,0.424752699,15.0000141393753,0.003920502880683674
1986-09-15,0.237861511,8.4000079025117,0.0021954816091216208
1986-09-16,0.161406026,5.700005386382201,0.001489791098167228
1986-09-17,0.028316847,1.0000009567509,0.0002613668624042783
1986-09-18,0.028316847,1.0000009567509,0.0002613668624042783
1986-09-19,0.028316847,1.0000009567509,0.0002613668624042783
1986-09-20,0.028316847,1.0000009567509,0.0002613668624042783
1986-09-21,0.025485162,0.9000008504814,0.00023523017339482542
1986-09-22,0.025485162,0.9000008504814,0.00023523017339482542
1986-09-23,0.050970324,1.8000017009628,0.00047046034678965083
1986-09-24,4.247526989,150.0001413584383,0.03920502879760665
1986-09-25,21.74733818,768.000723625246,0.20072974740977936
1986-09-26,3.114853125,110.00010365343749,0.028750354449116857
1986-09-27,2.321981421,82.00007728818869,0.021432082412558066
1986-09-28,1.104357017,39.000036748249904,0.01019330748608552
1986-09-29,0.424752699,15.0000141393753,0.003920502880683674
1986-09-30,0.339802159,12.000011304437301,0.0031364023027009224
1986-10-01,0.311485313,11.0000103830011,0.0028750354495267272
1986-10-02,0.203881295,7.2000067685365,0.00188184137792852
1986-10-03,0.104772332,3.7000034728804,0.0009670573733586711
1986-10-04,0.050970324,1.8000017009628,0.00047046034678965083
1986-10-05,0.04247527,1.5000014174690002,0.00039205028899137577
1986-10-06,0.04247527,1.5000014174690002,0.00039205028899137577
1986-10-07,0.04247527,1.5000014174690002,0.00039205028899137577
1986-10-08,0.050970324,1.8000017009628,0.00047046034678965083
1986-10-09,0.039643585,1.4000013111995002,0.00036591359998192286
1986-10-10,0.050970324,1.8000017009628,0.00047046034678965083
1986-10-11,2.293664574,81.00007633143781,0.02117071555015379
1986-10-12,3.90772483,138.000130054001,0.03606862649490573
1986-10-13,4.530695455,160.00015078468851,0.041818697384729105
1986-10-14,2.633466733,93.0000876358751,0.024307117852854714
1986-10-15,1.274258097,45.0000424181259,0.011761508642051022
1986-10-16,0.962772784,34.0000320351248,0.008886473192524294
1986-10-17,0.821188551,29.000027321999703,0.0075796388989630694
1986-10-18,0.594653778,21.0000197739366,0.005488704027419093
1986-10-19,0.481386392,17.0000160175624,0.004443236596262147
1986-10-20,0.124594125,4.4000041461375,0.0011500141779646744
1986-10-21,0.096277278,3.4000031893866,0.000888647315560396
1986-10-22,0.070792116,2.5000023389052,0.0006534171421655705
1986-10-23,0.062297063,2.2000020907261,0.000575007093597379
1986-10-24,0.070792116,2.5000023389052,0.0006534171421655705
1986-10-25,0.087782224,3.1000029058928003,0.0008102372577621209
1986-10-26,0.096277278,3.4000031893866,0.000888647315560396
1986-10-27,0.07928717,2.8000026223990004,0.0007318271999638457
1986-10-28,0.033980216,1.2000011339752001,0.0003136402311931006
1986-10-29,0.070792116,2.5000023389052,0.0006534171421655705
1986-10-30,0.096277278,3.4000031893866,0.000888647315560396
1986-10-31,0.135920864,4.800004535900801,0.0012545609247724024
1986-11-01,0.215208034,7.600007158299801,0.001986388124736248
1986-11-02,8.098618125,286.0002694989375,0.07475092156770383
1986-11-03,5.323567159,188.00017714993731,0.0491369694212879
1986-11-04,2.378615114,84.00007916637581,0.02195481612813654
1986-11-05,5.210299773,184.0001733935631,0.04809150199013095
1986-11-06,2.180397188,77.00007257506361,0.020125248118996845
1986-11-07,2.803367813,99.00009330575111,0.025875319008820213
1986-11-08,6.597825256,233.00021956806322,0.060898478063338916
1986-11-09,2.944952046,104.0000980188762,0.02718215330238144
1986-11-10,1.670693949,59.0000556007503,0.015420644660330418
1986-11-11,1.24594125,44.000041461375005,0.011500141779646743
1986-11-12,0.792871705,28.000026400563502,0.007318272045788875
1986-11-13,0.707921165,25.0000235656255,0.006534171467806124
1986-11-14,0.566336932,20.0000188525004,0.005227337174244898
1986-11-15,0.509703239,18.0000169743133,0.004704603458666426
1986-11-16,0.509703239,18.0000169743133,0.004704603458666426
1986-11-17,0.509703239,18.0000169743133,0.004704603458666426
1986-11-18,3.313071051,117.0001102447497,0.030579922458256557
1986-11-19,11.44000602,404.000380594494,0.10559221086067441
1986-11-20,1.359208636,48.000045217749204,0.01254560921080369
1986-11-21,1.019406477,36.0000339133119,0.009409206908102768
1986-11-22,0.594653778,21.0000197739366,0.005488704027419093
1986-11-23,0.396435852,14.0000131826244,0.003659136018279395
1986-11-24,0.311485313,11.0000103830011,0.0028750354495267272
1986-11-25,0.368119006,13.000012261188202,0.003397769165105201
1986-11-26,0.311485313,11.0000103830011,0.0028750354495267272
1986-11-27,0.339802159,12.000011304437301,0.0031364023027009224
1986-11-28,0.453069545,16.000015060811503,0.004181869733857869
1986-11-29,0.339802159,12.000011304437301,0.0031364023027009224
1986-11-30,0.311485313,11.0000103830011,0.0028750354495267272
1986-12-01,0.311485313,11.0000103830011,0.0028750354495267272
1986-12-02,0.203881295,7.2000067685365,0.00188184137792852
1986-12-03,0.175564449,6.200005847100301,0.0016204745247543253
1986-12-04,0.135920864,4.800004535900801,0.0012545609247724024
1986-12-05,0.104772332,3.7000034728804,0.0009670573733586711
1986-12-06,0.087782224,3.1000029058928003,0.0008102372577621209
1986-12-07,0.175564449,6.200005847100301,0.0016204745247543253
1986-12-08,4.304160682,152.0001432366254,0.039727762513185126
1986-12-09,3.284754205,116.00010932331351,0.03031855560508236
1986-12-10,3.001585739,106.0000998970633,0.02770488701795991
1986-12-11,0.271841727,9.6000090364869,0.002509121840314721
1986-12-12,0.141584233,5.0000047131251,0.0013068342935612246
1986-12-13,0.141584233,5.0000047131251,0.0013068342935612246
1986-12-14,0.16990108,6.000005669876001,0.001568201155965503
1986-12-15,0.283168466,10.0000094262502,0.002613668587122449
1986-12-16,0.368119006,13.000012261188202,0.003397769165105201
1986-12-17,0.396435852,14.0000131826244,0.003659136018279395
1986-12-18,0.424752699,15.0000141393753,0.003920502880683674
1986-12-19,0.396435852,14.0000131826244,0.003659136018279395
1986-12-20,0.141584233,5.0000047131251,0.0013068342935612246
1986-12-21,0.16990108,6.000005669876001,0.001568201155965503
1986-12-22,0.198217926,7.0000065913122,0.0018295680091396974
1986-12-23,0.283168466,10.0000094262502,0.002613668587122449
1986-12-24,0.283168466,10.0000094262502,0.002613668587122449
1986-12-25,0.254851619,9.0000084694993,0.0023523017247181707
1986-12-26,0.226534773,8.0000075480631,0.002090934871543976
1986-12-27,0.198217926,7.0000065913122,0.0018295680091396974
1986-12-28,0.16990108,6.000005669876001,0.001568201155965503
1986-12-29,0.141584233,5.0000047131251,0.0013068342935612246
1986-12-30,0.141584233,5.0000047131251,0.0013068342935612246
1986-12-31,0.141584233,5.0000047131251,0.0013068342935612246
1987-01-01,0.141584233,5.0000047131251,0.0013068342935612246
1987-01-02,0.141584233,5.0000047131251,0.0013068342935612246
1987-01-03,0.141584233,5.0000047131251,0.0013068342935612246
1987-01-04,0.198217926,7.0000065913122,0.0018295680091396974
1987-01-05,0.283168466,10.0000094262502,0.002613668587122449
1987-01-06,0.424752699,15.0000141393753,0.003920502880683674
1987-01-07,0.424752699,15.0000141393753,0.003920502880683674
1987-01-08,0.283168466,10.0000094262502,0.002613668587122449
1987-01-09,0.198217926,7.0000065913122,0.0018295680091396974
1987-01-10,0.141584233,5.0000047131251,0.0013068342935612246
1987-01-11,0.113267386,4.0000037563742,0.0010454674311569463
1987-01-12,0.113267386,4.0000037563742,0.0010454674311569463
1987-01-13,0.113267386,4.0000037563742,0.0010454674311569463
1987-01-14,0.283168466,10.0000094262502,0.002613668587122449
1987-01-15,0.198217926,7.0000065913122,0.0018295680091396974
1987-01-16,0.141584233,5.0000047131251,0.0013068342935612246
1987-01-17,0.141584233,5.0000047131251,0.0013068342935612246
1987-01-18,0.028316847,1.0000009567509,0.0002613668624042783
1987-01-19,0.056633693,2.0000018781871,0.0005227337155784732
1987-01-20,0.070792116,2.5000023389052,0.0006534171421655705
1987-01-21,0.08495054,3.0000028349380004,0.0007841005779827515
1987-01-22,0.113267386,4.0000037563742,0.0010454674311569463
1987-01-23,0.141584233,5.0000047131251,0.0013068342935612246
1987-01-24,0.16990108,6.000005669876001,0.001568201155965503
1987-01-25,0.198217926,7.0000065913122,0.0018295680091396974
1987-01-26,0.226534773,8.0000075480631,0.002090934871543976
1987-01-27,0.254851619,9.0000084694993,0.0023523017247181707
1987-01-28,0.283168466,10.0000094262502,0.002613668587122449
1987-01-29,0.396435852,14.0000131826244,0.003659136018279395
1987-01-30,0.368119006,13.000012261188202,0.003397769165105201
1987-01-31,0.792871705,28.000026400563502,0.007318272045788875
1987-02-01,0.481386392,17.0000160175624,0.004443236596262147
1987-02-02,0.481386392,17.0000160175624,0.004443236596262147
1987-02-03,0.311485313,11.0000103830011,0.0028750354495267272
1987-02-04,0.509703239,18.0000169743133,0.004704603458666426
1987-02-05,0.509703239,18.0000169743133,0.004704603458666426
1987-02-06,0.764554858,27.0000254438126,0.007056905183384596
1987-02-07,0.877822244,31.000029200186802,0.008102372614541541
1987-02-08,0.679604318,24.000022608874602,0.006272804605401845
1987-02-09,0.396435852,14.0000131826244,0.003659136018279395
1987-02-10,0.396435852,14.0000131826244,0.003659136018279395
1987-02-11,0.311485313,11.0000103830011,0.0028750354495267272
1987-02-12,0.651287472,23.0000216874384,0.0060114377522276505
1987-02-13,0.622970625,22.000020730687503,0.005750070889823372
1987-02-14,0.424752699,15.0000141393753,0.003920502880683674
1987-02-15,0.283168466,10.0000094262502,0.002613668587122449
1987-02-16,0.254851619,9.0000084694993,0.0023523017247181707
1987-02-17,0.226534773,8.0000075480631,0.002090934871543976
1987-02-18,0.198217926,7.0000065913122,0.0018295680091396974
1987-02-19,0.16990108,6.000005669876001,0.001568201155965503
1987-02-20,0.141584233,5.0000047131251,0.0013068342935612246
1987-02-21,0.141584233,5.0000047131251,0.0013068342935612246
1987-02-22,0.141584233,5.0000047131251,0.0013068342935612246
1987-02-23,0.141584233,5.0000047131251,0.0013068342935612246
1987-02-24,0.198217926,7.0000065913122,0.0018295680091396974
1987-02-25,0.283168466,10.0000094262502,0.002613668587122449
1987-02-26,0.424752699,15.0000141393753,0.003920502880683674
1987-02-27,0.566336932,20.0000188525004,0.005227337174244898
1987-02-28,0.424752699,15.0000141393753,0.003920502880683674
1987-03-01,0.339802159,12.000011304437301,0.0031364023027009224
1987-03-02,0.283168466,10.0000094262502,0.002613668587122449
1987-03-03,0.254851619,9.0000084694993,0.0023523017247181707
1987-03-04,0.226534773,8.0000075480631,0.002090934871543976
1987-03-05,0.311485313,11.0000103830011,0.0028750354495267272
1987-03-06,0.566336932,20.0000188525004,0.005227337174244898
1987-03-07,1.699010796,60.0000565575012,0.015682011522734695
1987-03-08,0.707921165,25.0000235656255,0.006534171467806124
1987-03-09,0.651287472,23.0000216874384,0.0060114377522276505
1987-03-10,0.481386392,17.0000160175624,0.004443236596262147
1987-03-11,0.311485313,11.0000103830011,0.0028750354495267272
1987-03-12,0.311485313,11.0000103830011,0.0028750354495267272
1987-03-13,0.849505398,30.0000282787506,0.007841005761367347
1987-03-14,0.339802159,12.000011304437301,0.0031364023027009224
1987-03-15,0.215208034,7.600007158299801,0.001986388124736248
1987-03-16,0.135920864,4.800004535900801,0.0012545609247724024
1987-03-17,0.104772332,3.7000034728804,0.0009670573733586711
1987-03-18,0.311485313,11.0000103830011,0.0028750354495267272
1987-03-19,0.283168466,10.0000094262502,0.002613668587122449
1987-03-20,0.226534773,8.0000075480631,0.002090934871543976
1987-03-21,0.203881295,7.2000067685365,0.00188184137792852
1987-03-22,0.226534773,8.0000075480631,0.002090934871543976
1987-03-23,0.237861511,8.4000079025117,0.0021954816091216208
1987-03-24,0.226534773,8.0000075480631,0.002090934871543976
1987-03-25,0.161406026,5.700005386382201,0.001489791098167228
1987-03-26,0.031148531,1.1000010277057,0.0002875035421836477
1987-03-27,0.031148531,1.1000010277057,0.0002875035421836477
1987-03-28,0.017273276,0.6100005599572,0.00015943377988245384
1987-03-29,0.013025749,0.4600004182103,0.00012022875098331625
1987-03-30,0.02775051,0.9800009354970001,0.00025613952460238774
1987-03-31,0.015007929,0.5300005102563,0.00013852443790497503
1987-04-01,0.013025749,0.4600004182103,0.00012022875098331625
1987-04-02,0.019538624,0.6900006449728001,0.00018034313109001614
1987-04-03,0.014158423,0.5000004607181,0.00013068342658709742
1987-04-04,0.039643585,1.4000013111995002,0.00036591359998192286
1987-04-05,2.123763494,75.0000706615618,0.019602514394188284
1987-04-06,1.670693949,59.0000556007503,0.015420644660330418
1987-04-07,1.104357017,39.000036748249904,0.01019330748608552
1987-04-08,0.311485313,11.0000103830011,0.0028750354495267272
1987-04-09,0.150079287,5.300004996618901,0.0013852443513594998
1987-04-10,0.070792116,2.5000023389052,0.0006534171421655705
1987-04-11,0.04247527,1.5000014174690002,0.00039205028899137577
1987-04-12,0.033980216,1.2000011339752001,0.0003136402311931006
1987-04-13,0.283168466,10.0000094262502,0.002613668587122449
1987-04-14,0.311485313,11.0000103830011,0.0028750354495267272
1987-04-15,0.150079287,5.300004996618901,0.0013852443513594998
1987-04-16,0.096277278,3.4000031893866,0.000888647315560396
1987-04-17,1.670693949,59.0000556007503,0.015420644660330418
1987-04-18,8.97644037,317.000298734439,0.08285329419147547
1987-04-19,11.69485764,413.00038909930805,0.10794451259462268
1987-04-20,12.26119457,433.00040788117906,0.11317184975040741
1987-04-21,9.939213154,351.00033076956385,0.09173976738399976
1987-04-22,6.682775796,236.0002224030012,0.06168257864132167
1987-04-23,4.162576449,147.0001385235003,0.03842092821962391
1987-04-24,1.557426563,55.0000518443761,0.01437517722917347
1987-04-25,2.916635199,103.0000970621253,0.02692078643997716
1987-04-26,4.502378608,159.0001498279376,0.041557330522324826
1987-04-27,2.123763494,75.0000706615618,0.019602514394188284
1987-04-28,0.311485313,11.0000103830011,0.0028750354495267272
1987-04-29,0.226534773,8.0000075480631,0.002090934871543976
1987-04-30,0.141584233,5.0000047131251,0.0013068342935612246
1987-05-01,0.144415918,5.1000048193946,0.0013329709825706775
1987-05-02,0.368119006,13.000012261188202,0.003397769165105201
1987-05-03,1.104357017,39.000036748249904,0.01019330748608552
1987-05-04,0.339802159,12.000011304437301,0.0031364023027009224
1987-05-05,0.203881295,7.2000067685365,0.00188184137792852
1987-05-06,0.062297063,2.2000020907261,0.000575007093597379
1987-05-07,0.023786151,0.8400007867197,0.0002195481599891537
1987-05-08,0.017273276,0.6100005599572,0.00015943377988245384
1987-05-09,0.015007929,0.5300005102563,0.00013852443790497503
1987-05-10,0.015007929,0.5300005102563,0.00013852443790497503
1987-05-11,0.013025749,0.4600004182103,0.00012022875098331625
1987-05-12,0.013025749,0.4600004182103,0.00012022875098331625
1987-05-13,0.011326739,0.40000038976330005,0.00010454674680772804
1987-05-14,0.013025749,0.4600004182103,0.00012022875098331625
1987-05-15,0.155742656,5.500005173843201,0.0014375177201483222
1987-05-16,0.991089631,35.000032991875706,0.009147840054928573
1987-05-17,0.622970625,22.000020730687503,0.005750070889823372
1987-05-18,0.271841727,9.6000090364869,0.002509121840314721
1987-05-19,0.195386241,6.9000064850427,0.0018034313201302447
1987-05-20,0.067960432,2.4000022679504003,0.0006272804623862012
1987-05-21,0.02208714,0.780000722958,0.000203866146583482
1987-05-22,0.031148531,1.1000010277057,0.0002875035421836477
1987-05-23,0.024635657,0.8700008362579,0.00022738917130703132
1987-05-24,0.02208714,0.780000722958,0.000203866146583482
1987-05-25,0.010194065,0.3600003472555,9.409207120394688e-05
1987-05-26,0.010760402,0.38000036850940005,9.931940900583746e-05
1987-05-27,0.073623801,2.6000024451747,0.0006795538311750235
1987-05-28,0.062297063,2.2000020907261,0.000575007093597379
1987-05-29,0.010760402,0.38000036850940005,9.931940900583746e-05
1987-05-30,0.010194065,0.3600003472555,9.409207120394688e-05
1987-05-31,0.005097032,0.1800001559704,4.7046030986931686e-05
1987-06-01,0.003964359,0.1400001487773,3.659136461323404e-05
1987-06-02,0.002831685,0.10000010626950001,2.6136689009452884e-05
1987-06-03,0.003114853,0.11000009923910001,2.875035329535642e-05
1987-06-04,,,
1987-06-05,0.003114853,0.11000009923910001,2.875035329535642e-05
1987-06-06,0.004247527,0.15000014174690002,3.9205028899137574e-05
1987-06-07,0.003114853,0.11000009923910001,2.875035329535642e-05
1987-06-08,0.004813864,0.1700001630008,4.4432366701028156e-05
1987-06-09,0.158574341,5.6000052801127005,0.001463654409157775
1987-06-10,0.538020085,19.0000178957495,0.004965970311840619
1987-06-11,0.594653778,21.0000197739366,0.005488704027419093
1987-06-12,0.08495054,3.0000028349380004,0.0007841005779827515
1987-06-13,0.002548516,0.0900000779852,2.3523015493465843e-05
1987-06-14,,,
1987-06-15,,,
1987-06-16,0.003964359,0.1400001487773,3.659136461323404e-05
1987-06-17,0.000566337,0.0200000212539,5.2273378018905765e-06
1987-06-18,,,
1987-06-19,0.000849505,0.0300000142235,7.841002087794113e-06
1987-06-20,,,
1987-06-21,,,
1987-06-22,,,
1987-06-23,,,
1987-06-24,,,
1987-06-25,,,
1987-06-26,,,
1987-06-27,,,
1987-06-28,,,
1987-06-29,0.509703239,18.0000169743133,0.004704603458666426
1987-06-30,0.073623801,2.6000024451747,0.0006795538311750235
1987-07-01,0.001132674,0.0400000425078,1.0454675603781153e-05
1987-07-02,,,
1987-07-03,,,
1987-07-04,,,
1987-07-05,,,
1987-07-06,,,
1987-07-07,,,
1987-07-08,,,
1987-07-09,,,
1987-07-10,,,
1987-07-11,,,
1987-07-12,,,
1987-07-13,,,
1987-07-14,,,
1987-07-15,,,
1987-07-16,,,
1987-07-17,,,
1987-07-18,,,
1987-07-19,,,
1987-07-20,,,
1987-07-21,,,
1987-07-22,,,
1987-07-23,,,
1987-07-24,,,
1987-07-25,,,
1987-07-26,,,
1987-07-27,,,
1987-07-28,,,
1987-07-29,,,
1987-07-30,,,
1987-07-31,0.311485313,11.0000103830011,0.0028750354495267272
1987-08-01,1.07604017,38.000035791499,0.009931940623681239
1987-08-02,1.019406477,36.0000339133119,0.009409206908102768
1987-08-03,0.062297063,2.2000020907261,0.000575007093597379
1987-08-04,,,
1987-08-05,,,
1987-08-06,,,
1987-08-07,7.64554858,270.00025443812603,0.07056905183384597
1987-08-08,18.60416821,657.000619085687,0.1717180261167184
1987-08-09,4.785547074,169.00015925418782,0.04417099910944727
1987-08-10,0.651287472,23.0000216874384,0.0060114377522276505
1987-08-11,0.311485313,11.0000103830011,0.0028750354495267272
1987-08-12,0.184059503,6.500006130594101,0.0016988845825526005
1987-08-13,8.863172983,313.00029494275014,0.08180782675108843
1987-08-14,8.438420284,298.0002808033748,0.07788732387040474
1987-08-15,1.953862415,69.0000650270005,0.018034313247452863
1987-08-16,0.283168466,10.0000094262502,0.002613668587122449
1987-08-17,0.12742581,4.500004252407,0.0011761508669741272
1987-08-18,0.033980216,1.2000011339752001,0.0003136402311931006
1987-08-19,0.013875255,0.49000046774850003,0.00012806976230119387
1987-08-20,0.010760402,0.38000036850940005,9.931940900583746e-05
1987-08-21,0.023786151,0.8400007867197,0.0002195481599891537
1987-08-22,1.132673864,40.0000377050008,0.010454674348489797
1987-08-23,4.105942756,145.0001366453132,0.037898194504045433
1987-08-24,32.84754205,1160.0010932331352,0.3031855560508236
1987-08-25,16.53703841,584.000550337627,0.15263824544733867
1987-08-26,1.274258097,45.0000424181259,0.011761508642051022
1987-08-27,1.33089179,47.000044296313,0.012284242357629493
1987-08-28,0.339802159,12.000011304437301,0.0031364023027009224
1987-08-29,0.024918825,0.8800008292275,0.00023000283559293486
1987-08-30,0.022653477,0.8000007442119001,0.00020909348438537256
1987-08-31,0.019821793,0.7000006732571,0.0001829568046060032
1987-09-01,0.019821793,0.7000006732571,0.0001829568046060032
1987-09-02,0.019821793,0.7000006732571,0.0001829568046060032
1987-09-03,0.019821793,0.7000006732571,0.0001829568046060032
1987-09-04,0.019821793,0.7000006732571,0.0001829568046060032
1987-09-05,0.019821793,0.7000006732571,0.0001829568046060032
1987-09-06,0.019821793,0.7000006732571,0.0001829568046060032
1987-09-07,0.022653477,0.8000007442119001,0.00020909348438537256
1987-09-08,0.028316847,1.0000009567509,0.0002613668624042783
1987-09-09,0.022653477,0.8000007442119001,0.00020909348438537256
1987-09-10,0.019821793,0.7000006732571,0.0001829568046060032
1987-09-11,0.016990108,0.6000005669876001,0.0001568201155965503
1987-09-12,0.016990108,0.6000005669876001,0.0001568201155965503
1987-09-13,0.016990108,0.6000005669876001,0.0001568201155965503
1987-09-14,0.019821793,0.7000006732571,0.0001829568046060032
1987-09-15,0.025485162,0.9000008504814,0.00023523017339482542
1987-09-16,0.022653477,0.8000007442119001,0.00020909348438537256
1987-09-17,0.019821793,0.7000006732571,0.0001829568046060032
1987-09-18,0.022653477,0.8000007442119001,0.00020909348438537256
1987-09-19,0.019821793,0.7000006732571,0.0001829568046060032
1987-09-20,0.019821793,0.7000006732571,0.0001829568046060032
1987-09-21,0.016990108,0.6000005669876001,0.0001568201155965503
1987-09-22,0.014158423,0.5000004607181,0.00013068342658709742
1987-09-23,0.011326739,0.40000038976330005,0.00010454674680772804
1987-09-24,0.007928717,0.28000026223990004,7.318271999638457e-05
1987-09-25,0.008495054,0.30000028349380004,7.841005779827515e-05
1987-09-26,0.010194065,0.3600003472555,9.409207120394688e-05
1987-09-27,0.02038813,0.720000694511,0.00018818414240789376
1987-09-28,0.024635657,0.8700008362579,0.00022738917130703132
1987-09-29,0.011326739,0.40000038976330005,0.00010454674680772804
1987-09-30,0.015007929,0.5300005102563,0.00013852443790497503
1987-10-01,0.016990108,0.6000005669876001,0.0001568201155965503
1987-10-02,0.015007929,0.5300005102563,0.00013852443790497503
1987-10-03,0.010760402,0.38000036850940005,9.931940900583746e-05
1987-10-04,0.009061391,0.3200003047477,8.363739560016573e-05
1987-10-05,0.009627728,0.3400003260016,8.886473340205631e-05
1987-10-06,0.008495054,0.30000028349380004,7.841005779827515e-05
1987-10-07,0.006512875,0.2300002267625,6.011438010669987e-05
1987-10-08,0.009061391,0.3200003047477,8.363739560016573e-05
1987-10-09,0.008495054,0.30000028349380004,7.841005779827515e-05
1987-10-10,0.008495054,0.30000028349380004,7.841005779827515e-05
1987-10-11,0.008495054,0.30000028349380004,7.841005779827515e-05
1987-10-12,0.009061391,0.3200003047477,8.363739560016573e-05
1987-10-13,0.010760402,0.38000036850940005,9.931940900583746e-05
1987-10-14,1.444159176,51.000048052687205,0.013329709788786443
1987-10-15,1.217624403,43.0000405046241,0.011238774917242466
1987-10-16,0.991089631,35.000032991875706,0.009147840054928573
1987-10-17,0.396435852,14.0000131826244,0.003659136018279395
1987-10-18,0.226534773,8.0000075480631,0.002090934871543976
1987-10-19,0.195386241,6.9000064850427,0.0018034313201302447
1987-10-20,0.175564449,6.200005847100301,0.0016204745247543253
1987-10-21,0.150079287,5.300004996618901,0.0013852443513594998
1987-10-22,0.161406026,5.700005386382201,0.001489791098167228
1987-10-23,0.175564449,6.200005847100301,0.0016204745247543253
1987-10-24,0.215208034,7.600007158299801,0.001986388124736248
1987-10-25,0.24918825,8.800008292275,0.002300028355929349
1987-10-26,0.311485313,11.0000103830011,0.0028750354495267272
1987-10-27,0.252019935,8.9000083985445,0.002326165044938801
1987-10-28,0.135920864,4.800004535900801,0.0012545609247724024
1987-10-29,0.764554858,27.0000254438126,0.007056905183384596
1987-10-30,16.76357318,592.0005577797461,0.1547291802911924
1987-10-31,14.69644338,519.000489031686,0.13564939962181266
1987-11-01,5.012081847,177.0001668022509,0.04626193398099125
1987-11-02,35.67922671,1260.0011874956372,0.3293222419220481
1987-11-03,4.389111222,155.00014607156342,0.04051186309116789
1987-11-04,1.07604017,38.000035791499,0.009931940623681239
1987-11-05,3.086536279,109.00010273200131,0.028488987595942664
1987-11-06,47.28913381,1670.0015737600072,0.436482653938688
1987-11-07,18.26436605,645.000607745935,0.1685816238047874
1987-11-08,2.4918825,88.00008292275001,0.023000283559293486
1987-11-09,0.679604318,24.000022608874602,0.006272804605401845
1987-11-10,0.339802159,12.000011304437301,0.0031364023027009224
1987-11-11,0.203881295,7.2000067685365,0.00188184137792852
1987-11-12,0.135920864,4.800004535900801,0.0012545609247724024
1987-11-13,0.096277278,3.4000031893866,0.000888647315560396
1987-11-14,0.368119006,13.000012261188202,0.003397769165105201
1987-11-15,0.538020085,19.0000178957495,0.004965970311840619
1987-11-16,0.283168466,10.0000094262502,0.002613668587122449
1987-11-17,0.226534773,8.0000075480631,0.002090934871543976
1987-11-18,0.198217926,7.0000065913122,0.0018295680091396974
1987-11-19,0.198217926,7.0000065913122,0.0018295680091396974
1987-11-20,0.16990108,6.000005669876001,0.001568201155965503
1987-11-21,0.16990108,6.000005669876001,0.001568201155965503
1987-11-22,0.141584233,5.0000047131251,0.0013068342935612246
1987-11-23,0.141584233,5.0000047131251,0.0013068342935612246
1987-11-24,0.12742581,4.500004252407,0.0011761508669741272
1987-11-25,0.12742581,4.500004252407,0.0011761508669741272
1987-11-26,0.113267386,4.0000037563742,0.0010454674311569463
1987-11-27,0.424752699,15.0000141393753,0.003920502880683674
1987-11-28,0.283168466,10.0000094262502,0.002613668587122449
1987-11-29,0.198217926,7.0000065913122,0.0018295680091396974
1987-11-30,0.141584233,5.0000047131251,0.0013068342935612246
1987-12-01,0.08495054,3.0000028349380004,0.0007841005779827515
1987-12-02,0.056633693,2.0000018781871,0.0005227337155784732
1987-12-03,0.08495054,3.0000028349380004,0.0007841005779827515
1987-12-04,0.107604017,3.8000035791499003,0.000993194062368124
1987-12-05,0.237861511,8.4000079025117,0.0021954816091216208
1987-12-06,0.396435852,14.0000131826244,0.003659136018279395
1987-12-07,0.311485313,11.0000103830011,0.0028750354495267272
1987-12-08,0.226534773,8.0000075480631,0.002090934871543976
1987-12-09,0.150079287,5.300004996618901,0.0013852443513594998
1987-12-10,0.087782224,3.1000029058928003,0.0008102372577621209
1987-12-11,0.070792116,2.5000023389052,0.0006534171421655705
1987-12-12,0.067960432,2.4000022679504003,0.0006272804623862012
1987-12-13,0.099108963,3.5000032956561,0.0009147840045698487
1987-12-14,0.096277278,3.4000031893866,0.000888647315560396
1987-12-15,0.104772332,3.7000034728804,0.0009670573733586711
1987-12-16,0.070792116,2.5000023389052,0.0006534171421655705
1987-12-17,0.070792116,2.5000023389052,0.0006534171421655705
1987-12-18,0.070792116,2.5000023389052,0.0006534171421655705
1987-12-19,0.104772332,3.7000034728804,0.0009670573733586711
1987-12-20,0.087782224,3.1000029058928003,0.0008102372577621209
1987-12-21,0.082118855,2.9000027286685004,0.0007579638889732987
1987-12-22,0.07928717,2.8000026223990004,0.0007318271999638457
1987-12-23,0.087782224,3.1000029058928003,0.0008102372577621209
1987-12-24,0.096277278,3.4000031893866,0.000888647315560396
1987-12-25,0.056633693,2.0000018781871,0.0005227337155784732
1987-12-26,0.07928717,2.8000026223990004,0.0007318271999638457
1987-12-27,0.07928717,2.8000026223990004,0.0007318271999638457
1987-12-28,0.02775051,0.9800009354970001,0.00025613952460238774
1987-12-29,0.082118855,2.9000027286685004,0.0007579638889732987
1987-12-30,0.07928717,2.8000026223990004,0.0007318271999638457
1987-12-31,0.067960432,2.4000022679504003,0.0006272804623862012
1988-01-01,0.039643585,1.4000013111995002,0.00036591359998192286
1988-01-02,0.04247527,1.5000014174690002,0.00039205028899137577
1988-01-03,0.02775051,0.9800009354970001,0.00025613952460238774
1988-01-04,0.033980216,1.2000011339752001,0.0003136402311931006
1988-01-05,0.039643585,1.4000013111995002,0.00036591359998192286
1988-01-06,0.062297063,2.2000020907261,0.000575007093597379
1988-01-07,0.070792116,2.5000023389052,0.0006534171421655705
1988-01-08,0.538020085,19.0000178957495,0.004965970311840619
1988-01-09,1.557426563,55.0000518443761,0.01437517722917347
1988-01-10,2.520199347,89.0000838795009,0.02326165042169777
1988-01-11,2.038812955,72.0000678619385,0.01881841382543562
1988-01-12,2.775050966,98.0000923490002,0.025613952146415934
1988-01-13,1.500792869,53.000049930874304,0.013852443504364915
1988-01-14,1.557426563,55.0000518443761,0.01437517722917347
1988-01-15,1.41584233,50.000047131251,0.013068342935612248
1988-01-16,0.622970625,22.000020730687503,0.005750070889823372
1988-01-17,1.274258097,45.0000424181259,0.011761508642051022
1988-01-18,1.500792869,53.000049930874304,0.013852443504364915
1988-01-19,3.794457443,134.0001262623121,0.03502315905451871
1988-01-20,1.132673864,40.0000377050008,0.010454674348489797
1988-01-21,0.651287472,23.0000216874384,0.0060114377522276505
1988-01-22,0.141584233,5.0000047131251,0.0013068342935612246
1988-01-23,0.161406026,5.700005386382201,0.001489791098167228
1988-01-24,0.223703088,7.9000074417936,0.002064798182534523
1988-01-25,0.161406026,5.700005386382201,0.001489791098167228
1988-01-26,0.124594125,4.4000041461375,0.0011500141779646744
1988-01-27,0.130257494,4.600004323361801,0.0012022875467534964
1988-01-28,0.155742656,5.500005173843201,0.0014375177201483222
1988-01-29,0.237861511,8.4000079025117,0.0021954816091216208
1988-01-30,0.991089631,35.000032991875706,0.009147840054928573
1988-01-31,10.53386693,372.00035047287105,0.09722847139295868
1988-02-01,3.964358523,140.0001319321881,0.0365913602104842
1988-02-02,1.359208636,48.000045217749204,0.01254560921080369
1988-02-03,37.66140597,1330.0012534087589,0.34761792201344505
1988-02-04,41.62576449,1470.0013852350032,0.38420928219623907
1988-02-05,8.070301279,285.00026857750134,0.07448955471452964
1988-02-06,5.833270398,206.0001941242506,0.05384157287995432
1988-02-07,4.134259602,146.0001375667494,0.038159561357219624
1988-02-08,3.709506904,131.0001234626888,0.034239058485766034
1988-02-09,2.038812955,72.0000678619385,0.01881841382543562
1988-02-10,2.293664574,81.00007633143781,0.02117071555015379
1988-02-11,3.766140597,133.0001253408759,0.03476179220134451
1988-02-12,2.520199347,89.0000838795009,0.02326165042169777
1988-02-13,1.868911875,66.0000621920625,0.017250212669470116
1988-02-14,2.123763494,75.0000706615618,0.019602514394188284
1988-02-15,1.783961335,63.000059357124506,0.016466112091487364
1988-02-16,1.302574943,46.000043339562104,0.012022875495225216
1988-02-17,0.934455938,33.00003111368861,0.008625106339350099
1988-02-18,0.707921165,25.0000235656255,0.006534171467806124
1988-02-19,0.481386392,17.0000160175624,0.004443236596262147
1988-02-20,0.396435852,14.0000131826244,0.003659136018279395
1988-02-21,0.424752699,15.0000141393753,0.003920502880683674
1988-02-22,0.538020085,19.0000178957495,0.004965970311840619
1988-02-23,0.594653778,21.0000197739366,0.005488704027419093
1988-02-24,0.651287472,23.0000216874384,0.0060114377522276505
1988-02-25,0.566336932,20.0000188525004,0.005227337174244898
1988-02-26,0.622970625,22.000020730687503,0.005750070889823372
1988-02-27,0.792871705,28.000026400563502,0.007318272045788875
1988-02-28,4.077625909,144.0001356885623,0.03763682764164115
1988-02-29,4.134259602,146.0001375667494,0.038159561357219624
1988-03-01,3.114853125,110.00010365343749,0.028750354449116857
1988-03-02,2.718417273,96.0000904708131,0.02509121843083746
1988-03-03,2.803367813,99.00009330575111,0.025875319008820213
1988-03-04,1.840595028,65.0000612353116,0.016988845807065837
1988-03-05,1.104357017,39.000036748249904,0.01019330748608552
1988-03-06,1.472476023,52.0000490094381,0.01359107665119072
1988-03-07,1.727327642,61.00005747893741,0.015943378375908892
1988-03-08,1.982179261,70.0000659484367,0.01829568010062706
1988-03-09,1.642377102,58.000054643999405,0.015159277797926139
1988-03-10,0.877822244,31.000029200186802,0.008102372614541541
1988-03-11,0.594653778,21.0000197739366,0.005488704027419093
1988-03-12,0.453069545,16.000015060811503,0.004181869733857869
1988-03-13,0.260514989,9.2000086820383,0.0024045751027370766
1988-03-14,0.104772332,3.7000034728804,0.0009670573733586711
1988-03-15,0.124594125,4.4000041461375,0.0011500141779646744
1988-03-16,0.124594125,4.4000041461375,0.0011500141779646744
1988-03-17,0.07928717,2.8000026223990004,0.0007318271999638457
1988-03-18,0.062297063,2.2000020907261,0.000575007093597379
1988-03-19,0.050970324,1.8000017009628,0.00047046034678965083
1988-03-20,0.087782224,3.1000029058928003,0.0008102372577621209
1988-03-21,0.056633693,2.0000018781871,0.0005227337155784732
1988-03-22,0.04247527,1.5000014174690002,0.00039205028899137577
1988-03-23,0.02775051,0.9800009354970001,0.00025613952460238774
1988-03-24,0.02576833,0.910000843451,0.00023784383768072896
1988-03-25,0.024635657,0.8700008362579,0.00022738917130703132
1988-03-26,0.024635657,0.8700008362579,0.00022738917130703132
1988-03-27,0.026051499,0.9200008717353,0.000240457511196716
1988-03-28,0.019538624,0.6900006449728001,0.00018034313109001614
1988-03-29,0.016990108,0.6000005669876001,0.0001568201155965503
1988-03-30,0.024635657,0.8700008362579,0.00022738917130703132
1988-03-31,0.02775051,0.9800009354970001,0.00025613952460238774
1988-04-01,0.033980216,1.2000011339752001,0.0003136402311931006
1988-04-02,0.02775051,0.9800009354970001,0.00025613952460238774
1988-04-03,0.02775051,0.9800009354970001,0.00025613952460238774
1988-04-04,0.039643585,1.4000013111995002,0.00036591359998192286
1988-04-05,0.02775051,0.9800009354970001,0.00025613952460238774
1988-04-06,0.02208714,0.780000722958,0.000203866146583482
1988-04-07,0.019538624,0.6900006449728001,0.00018034313109001614
1988-04-08,0.011326739,0.40000038976330005,0.00010454674680772804
1988-04-09,0.011326739,0.40000038976330005,0.00010454674680772804
1988-04-10,1.217624403,43.0000405046241,0.011238774917242466
1988-04-11,1.585743409,56.000052765812306,0.014636544082347666
1988-04-12,0.906139091,32.000030156937704,0.008363739476945822
1988-04-13,0.877822244,31.000029200186802,0.008102372614541541
1988-04-14,0.396435852,14.0000131826244,0.003659136018279395
1988-04-15,0.24918825,8.800008292275,0.002300028355929349
1988-04-16,3.511288977,124.0001168360619,0.03240949046739625
1988-04-17,50.97032387,1800.0016963718892,0.47046034558974004
1988-04-18,35.96239517,1270.001196709999,0.33193591045379006
1988-04-19,13.08238313,462.000435521011,0.12075148873244121
1988-04-20,7.957033892,281.0002647858124,0.0734440872741426
1988-04-21,7.617231733,269.0002534813751,0.07030768497144169
1988-04-22,7.702182273,272.00025631631314,0.07109178554942444
1988-04-23,6.059805171,214.0002016723137,0.055932507751498294
1988-04-24,6.852676875,242.00022803756252,0.06325077978805708
1988-04-25,6.909310568,244.00022991574963,0.06377351350363557
1988-04-26,9.514460455,336.00031663018854,0.08781926450331608
1988-04-27,4.983765,176.00016584550002,0.04600056711858697
1988-04-28,3.171486818,112.00010553162461,0.029273088164695333
1988-04-29,2.718417273,96.0000904708131,0.02509121843083746
1988-04-30,2.775050966,98.0000923490002,0.025613952146415934
1988-05-01,2.265347727,80.0000753746869,0.02090934868774951
1988-05-02,2.237030881,79.0000744532507,0.020647981834575318
1988-05-03,2.321981421,82.00007728818869,0.021432082412558066
1988-05-04,1.642377102,58.000054643999405,0.015159277797926139
1988-05-05,1.132673864,40.0000377050008,0.010454674348489797
1988-05-06,0.962772784,34.0000320351248,0.008886473192524294
1988-05-07,0.651287472,23.0000216874384,0.0060114377522276505
1988-05-08,0.339802159,12.000011304437301,0.0031364023027009224
1988-05-09,0.116099071,4.1000038626437005,0.0010716041201663993
1988-05-10,0.024635657,0.8700008362579,0.00022738917130703132
1988-05-11,0.013025749,0.4600004182103,0.00012022875098331625
1988-05-12,0.010194065,0.3600003472555,9.409207120394688e-05
1988-05-13,0.009344559,0.33000029771730005,8.625105988606926e-05
1988-05-14,0.007928717,0.28000026223990004,7.318271999638457e-05
1988-05-15,0.008495054,0.30000028349380004,7.841005779827515e-05
1988-05-16,0.009061391,0.3200003047477,8.363739560016573e-05
1988-05-17,0.014158423,0.5000004607181,0.00013068342658709742
1988-05-18,0.04247527,1.5000014174690002,0.00039205028899137577
1988-05-19,0.02775051,0.9800009354970001,0.00025613952460238774
1988-05-20,0.045306955,1.6000015237385001,0.0004181869780008287
1988-05-21,0.010194065,0.3600003472555,9.409207120394688e-05
1988-05-22,0.007928717,0.28000026223990004,7.318271999638457e-05
1988-05-23,0.00736238,0.260000240986,6.7955382194494e-05
1988-05-24,0.007928717,0.28000026223990004,7.318271999638457e-05
1988-05-25,0.007928717,0.28000026223990004,7.318271999638457e-05
1988-05-26,0.006796043,0.2400002197321,6.272804439260342e-05
1988-05-27,0.00368119,0.130000120493,3.3977691097247e-05
1988-05-28,0.000283168,0.0099999929696,2.613664285903536e-06
1988-05-29,,,
1988-05-30,0.00736238,0.260000240986,6.7955382194494e-05
1988-05-31,0.009061391,0.3200003047477,8.363739560016573e-05
1988-06-01,0.006796043,0.2400002197321,6.272804439260342e-05
1988-06-02,0.004813864,0.1700001630008,4.4432366701028156e-05
1988-06-03,0.004247527,0.15000014174690002,3.9205028899137574e-05
1988-06-04,0.003398022,0.12000012752340002,3.136402681134346e-05
1988-06-05,,,
1988-06-06,,,
1988-06-07,,,
1988-06-08,,,
1988-06-09,,,
1988-06-10,,,
1988-06-11,,,
1988-06-12,,,
1988-06-13,,,
1988-06-14,,,
1988-06-15,,,
1988-06-16,,,
1988-06-17,,,
1988-06-18,,,
1988-06-19,0.594653778,21.0000197739366,0.005488704027419093
1988-06-20,1.217624403,43.0000405046241,0.011238774917242466
1988-06-21,1.047723324,37.0000348700628,0.009670573770507044
1988-06-22,0.396435852,14.0000131826244,0.003659136018279395
1988-06-23,0.130257494,4.600004323361801,0.0012022875467534964
1988-06-24,0.056633693,2.0000018781871,0.0005227337155784732
1988-06-25,1.585743409,56.000052765812306,0.014636544082347666
1988-06-26,5.181982926,183.0001724368122,0.04783013512772667
1988-06-27,5.663369318,200.0001884543746,0.05227337172398882
1988-06-28,13.36555159,472.00044473537304,0.12336515726418319
1988-06-29,21.40753602,756.0007122854939,0.19759334509784834
1988-06-30,3.624556364,128.00012062775082,0.033454957907783286
1988-07-01,0.736238011,26.0000244870617,0.006795538320980318
1988-07-02,0.254851619,9.0000084694993,0.0023523017247181707
1988-07-03,0.104772332,3.7000034728804,0.0009670573733586711
1988-07-04,0.453069545,16.000015060811503,0.004181869733857869
1988-07-05,3.313071051,117.0001102447497,0.030579922458256557
1988-07-06,0.538020085,19.0000178957495,0.004965970311840619
1988-07-07,0.215208034,7.600007158299801,0.001986388124736248
1988-07-08,0.062297063,2.2000020907261,0.000575007093597379
1988-07-09,0.009627728,0.3400003260016,8.886473340205631e-05
1988-07-10,0.004813864,0.1700001630008,4.4432366701028156e-05
1988-07-11,0.001132674,0.0400000425078,1.0454675603781153e-05
1988-07-12,0.087782224,3.1000029058928003,0.0008102372577621209
1988-07-13,0.679604318,24.000022608874602,0.006272804605401845
1988-07-14,0.368119006,13.000012261188202,0.003397769165105201
1988-07-15,0.215208034,7.600007158299801,0.001986388124736248
1988-07-16,0.036811901,1.3000012402447,0.0003397769202025535
1988-07-17,0.004247527,0.15000014174690002,3.9205028899137574e-05
1988-07-18,,,
1988-07-19,,,
1988-07-20,,,
1988-07-21,,,
1988-07-22,,,
1988-07-23,,,
1988-07-24,,,
1988-07-25,,,
1988-07-26,,,
1988-07-27,,,
1988-07-28,,,
1988-07-29,,,
1988-07-30,,,
1988-07-31,0.453069545,16.000015060811503,0.004181869733857869
1988-08-01,0.906139091,32.000030156937704,0.008363739476945822
1988-08-02,0.509703239,18.0000169743133,0.004704603458666426
1988-08-03,0.509703239,18.0000169743133,0.004704603458666426
1988-08-04,0.453069545,16.000015060811503,0.004181869733857869
1988-08-05,0.150079287,5.300004996618901,0.0013852443513594998
1988-08-06,0.104772332,3.7000034728804,0.0009670573733586711
1988-08-07,0.02576833,0.910000843451,0.00023784383768072896
1988-08-08,0.396435852,14.0000131826244,0.003659136018279395
1988-08-09,0.124594125,4.4000041461375,0.0011500141779646744
1988-08-10,0.04247527,1.5000014174690002,0.00039205028899137577
1988-08-11,0.02775051,0.9800009354970001,0.00025613952460238774
1988-08-12,0.099108963,3.5000032956561,0.0009147840045698487
1988-08-13,0.006796043,0.2400002197321,6.272804439260342e-05
1988-08-14,0.020954466,0.7400006804502001,0.00019341147097970085
1988-08-15,0.141584233,5.0000047131251,0.0013068342935612246
1988-08-16,0.167069395,5.9000055636065,0.00154206446695605
1988-08-17,0.707921165,25.0000235656255,0.006534171467806124
1988-08-18,0.339802159,12.000011304437301,0.0031364023027009224
1988-08-19,0.070792116,2.5000023389052,0.0006534171421655705
1988-08-20,0.033980216,1.2000011339752001,0.0003136402311931006
1988-08-21,0.010194065,0.3600003472555,9.409207120394688e-05
1988-08-22,0.150079287,5.300004996618901,0.0013852443513594998
1988-08-23,0.090613909,3.2000030121623,0.0008363739467715737
1988-08-24,6.739409489,238.0002242811883,0.06220531235690014
1988-08-25,16.50872156,583.000549274932,0.15237687855724416
1988-08-26,19.70852523,696.000655939881,0.18191133363049417
1988-08-27,29.73268892,1050.000989403124,0.27443520155555634
1988-08-28,14.04515591,496.00046741487705,0.1296379618880452
1988-08-29,3.851091137,136.0001281758139,0.03554589277932726
1988-08-30,2.860001506,101.00009518393821,0.02639805272439869
1988-08-31,8.608321364,304.0002864732508,0.07945552502637025
1988-09-01,13.05406628,461.000434458316,0.1204901218423467
1988-09-02,2.095446648,74.0000697401256,0.019341147541014087
1988-09-03,1.557426563,55.0000518443761,0.01437517722917347
1988-09-04,0.538020085,19.0000178957495,0.004965970311840619
1988-09-05,0.311485313,11.0000103830011,0.0028750354495267272
1988-09-06,0.184059503,6.500006130594101,0.0016988845825526005
1988-09-07,0.396435852,14.0000131826244,0.003659136018279395
1988-09-08,0.203881295,7.2000067685365,0.00188184137792852
1988-09-09,0.07928717,2.8000026223990004,0.0007318271999638457
1988-09-10,0.031148531,1.1000010277057,0.0002875035421836477
1988-09-11,0.039643585,1.4000013111995002,0.00036591359998192286
1988-09-12,2.067129801,73.0000687833747,0.019079780678609812
1988-09-13,18.49090082,653.0006151880541,0.17067255864864112
1988-09-14,1.41584233,50.000047131251,0.013068342935612248
1988-09-15,0.566336932,20.0000188525004,0.005227337174244898
1988-09-16,0.311485313,11.0000103830011,0.0028750354495267272
1988-09-17,0.215208034,7.600007158299801,0.001986388124736248
1988-09-18,0.175564449,6.200005847100301,0.0016204745247543253
1988-09-19,0.124594125,4.4000041461375,0.0011500141779646744
1988-09-20,0.104772332,3.7000034728804,0.0009670573733586711
1988-09-21,0.087782224,3.1000029058928003,0.0008102372577621209
1988-09-22,0.096277278,3.4000031893866,0.000888647315560396
1988-09-23,0.070792116,2.5000023389052,0.0006534171421655705
1988-09-24,0.07928717,2.8000026223990004,0.0007318271999638457
1988-09-25,0.087782224,3.1000029058928003,0.0008102372577621209
1988-09-26,0.135920864,4.800004535900801,0.0012545609247724024
1988-09-27,0.116099071,4.1000038626437005,0.0010716041201663993
1988-09-28,0.104772332,3.7000034728804,0.0009670573733586711
1988-09-29,0.144415918,5.1000048193946,0.0013329709825706775
1988-09-30,0.065128747,2.3000021616809003,0.0006011437733767482
1988-10-01,0.135920864,4.800004535900801,0.0012545609247724024
1988-10-02,0.116099071,4.1000038626437005,0.0010716041201663993
1988-10-03,0.107604017,3.8000035791499003,0.000993194062368124
1988-10-04,0.087782224,3.1000029058928003,0.0008102372577621209
1988-10-05,0.104772332,3.7000034728804,0.0009670573733586711
1988-10-06,0.116099071,4.1000038626437005,0.0010716041201663993
1988-10-07,0.232198142,8.200007725287401,0.0021432082403327985
1988-10-08,0.396435852,14.0000131826244,0.003659136018279395
1988-10-09,0.271841727,9.6000090364869,0.002509121840314721
1988-10-10,0.215208034,7.600007158299801,0.001986388124736248
1988-10-11,0.135920864,4.800004535900801,0.0012545609247724024
1988-10-12,0.101940648,3.6000034019256,0.0009409206935793017
1988-10-13,0.096277278,3.4000031893866,0.000888647315560396
1988-10-14,0.096277278,3.4000031893866,0.000888647315560396
1988-10-15,0.096277278,3.4000031893866,0.000888647315560396
1988-10-16,0.087782224,3.1000029058928003,0.0008102372577621209
1988-10-17,0.07928717,2.8000026223990004,0.0007318271999638457
1988-10-18,0.087782224,3.1000029058928003,0.0008102372577621209
1988-10-19,0.070792116,2.5000023389052,0.0006534171421655705
1988-10-20,0.07928717,2.8000026223990004,0.0007318271999638457
1988-10-21,0.07928717,2.8000026223990004,0.0007318271999638457
1988-10-22,0.07928717,2.8000026223990004,0.0007318271999638457
1988-10-23,0.062297063,2.2000020907261,0.000575007093597379
1988-10-24,0.028316847,1.0000009567509,0.0002613668624042783
1988-10-25,0.036811901,1.3000012402447,0.0003397769202025535
1988-10-26,0.056633693,2.0000018781871,0.0005227337155784732
1988-10-27,0.152910972,5.4000051028884,0.0014113810403689527
1988-10-28,0.104772332,3.7000034728804,0.0009670573733586711
1988-10-29,0.104772332,3.7000034728804,0.0009670573733586711
1988-10-30,0.07928717,2.8000026223990004,0.0007318271999638457
1988-10-31,0.087782224,3.1000029058928003,0.0008102372577621209
1988-11-01,0.124594125,4.4000041461375,0.0011500141779646744
1988-11-02,0.116099071,4.1000038626437005,0.0010716041201663993
1988-11-03,0.124594125,4.4000041461375,0.0011500141779646744
1988-11-04,0.116099071,4.1000038626437005,0.0010716041201663993
1988-11-05,0.116099071,4.1000038626437005,0.0010716041201663993
1988-11-06,0.116099071,4.1000038626437005,0.0010716041201663993
1988-11-07,0.104772332,3.7000034728804,0.0009670573733586711
1988-11-08,0.104772332,3.7000034728804,0.0009670573733586711
1988-11-09,0.096277278,3.4000031893866,0.000888647315560396
1988-11-10,0.096277278,3.4000031893866,0.000888647315560396
1988-11-11,0.135920864,4.800004535900801,0.0012545609247724024
1988-11-12,0.424752699,15.0000141393753,0.003920502880683674
1988-11-13,0.594653778,21.0000197739366,0.005488704027419093
1988-11-14,0.311485313,11.0000103830011,0.0028750354495267272
1988-11-15,0.237861511,8.4000079025117,0.0021954816091216208
1988-11-16,0.453069545,16.000015060811503,0.004181869733857869
1988-11-17,0.707921165,25.0000235656255,0.006534171467806124
1988-11-18,0.339802159,12.000011304437301,0.0031364023027009224
1988-11-19,0.203881295,7.2000067685365,0.00188184137792852
1988-11-20,0.175564449,6.200005847100301,0.0016204745247543253
1988-11-21,0.161406026,5.700005386382201,0.001489791098167228
1988-11-22,0.124594125,4.4000041461375,0.0011500141779646744
1988-11-23,0.116099071,4.1000038626437005,0.0010716041201663993
1988-11-24,0.195386241,6.9000064850427,0.0018034313201302447
1988-11-25,0.283168466,10.0000094262502,0.002613668587122449
1988-11-26,0.339802159,12.000011304437301,0.0031364023027009224
1988-11-27,0.283168466,10.0000094262502,0.002613668587122449
1988-11-28,0.226534773,8.0000075480631,0.002090934871543976
1988-11-29,0.104772332,3.7000034728804,0.0009670573733586711
1988-11-30,0.059465378,2.1000019844566,0.000548870404587926
1988-12-01,0.07928717,2.8000026223990004,0.0007318271999638457
1988-12-02,0.067960432,2.4000022679504003,0.0006272804623862012
1988-12-03,0.062297063,2.2000020907261,0.000575007093597379
1988-12-04,0.07928717,2.8000026223990004,0.0007318271999638457
1988-12-05,0.090613909,3.2000030121623,0.0008363739467715737
1988-12-06,0.070792116,2.5000023389052,0.0006534171421655705
1988-12-07,0.135920864,4.800004535900801,0.0012545609247724024
1988-12-08,0.311485313,11.0000103830011,0.0028750354495267272
1988-12-09,0.215208034,7.600007158299801,0.001986388124736248
1988-12-10,0.107604017,3.8000035791499003,0.000993194062368124
1988-12-11,0.099108963,3.5000032956561,0.0009147840045698487
1988-12-12,0.082118855,2.9000027286685004,0.0007579638889732987
1988-12-13,0.08495054,3.0000028349380004,0.0007841005779827515
1988-12-14,0.138752548,4.9000046068556005,0.0012806976045517716
1988-12-15,0.24918825,8.800008292275,0.002300028355929349
1988-12-16,0.260514989,9.2000086820383,0.0024045751027370766
1988-12-17,0.198217926,7.0000065913122,0.0018295680091396974
1988-12-18,0.215208034,7.600007158299801,0.001986388124736248
1988-12-19,0.260514989,9.2000086820383,0.0024045751027370766
1988-12-20,0.237861511,8.4000079025117,0.0021954816091216208
1988-12-21,0.260514989,9.2000086820383,0.0024045751027370766
1988-12-22,0.124594125,4.4000041461375,0.0011500141779646744
1988-12-23,0.184059503,6.500006130594101,0.0016988845825526005
1988-12-24,0.062297063,2.2000020907261,0.000575007093597379
1988-12-25,0.104772332,3.7000034728804,0.0009670573733586711
1988-12-26,0.184059503,6.500006130594101,0.0016988845825526005
1988-12-27,0.116099071,4.1000038626437005,0.0010716041201663993
1988-12-28,0.090613909,3.2000030121623,0.0008363739467715737
1988-12-29,0.167069395,5.9000055636065,0.00154206446695605
1988-12-30,0.053802009,1.9000018072323,0.0004965970357991037
1988-12-31,0.039643585,1.4000013111995002,0.00036591359998192286
1989-01-01,0.033980216,1.2000011339752001,0.0003136402311931006
1989-01-02,0.070792116,2.5000023389052,0.0006534171421655705
1989-01-03,0.087782224,3.1000029058928003,0.0008102372577621209
1989-01-04,0.087782224,3.1000029058928003,0.0008102372577621209
1989-01-05,0.104772332,3.7000034728804,0.0009670573733586711
1989-01-06,0.226534773,8.0000075480631,0.002090934871543976
1989-01-07,0.175564449,6.200005847100301,0.0016204745247543253
1989-01-08,0.096277278,3.4000031893866,0.000888647315560396
1989-01-09,0.087782224,3.1000029058928003,0.0008102372577621209
1989-01-10,0.07928717,2.8000026223990004,0.0007318271999638457
1989-01-11,0.07928717,2.8000026223990004,0.0007318271999638457
1989-01-12,0.087782224,3.1000029058928003,0.0008102372577621209
1989-01-13,0.096277278,3.4000031893866,0.000888647315560396
1989-01-14,0.096277278,3.4000031893866,0.000888647315560396
1989-01-15,0.116099071,4.1000038626437005,0.0010716041201663993
1989-01-16,0.124594125,4.4000041461375,0.0011500141779646744
1989-01-17,0.150079287,5.300004996618901,0.0013852443513594998
1989-01-18,0.150079287,5.300004996618901,0.0013852443513594998
1989-01-19,0.161406026,5.700005386382201,0.001489791098167228
1989-01-20,0.175564449,6.200005847100301,0.0016204745247543253
1989-01-21,0.195386241,6.9000064850427,0.0018034313201302447
1989-01-22,0.237861511,8.4000079025117,0.0021954816091216208
1989-01-23,0.195386241,6.9000064850427,0.0018034313201302447
1989-01-24,0.161406026,5.700005386382201,0.001489791098167228
1989-01-25,0.209544665,7.4000069810755,0.0019341147559474255
1989-01-26,0.283168466,10.0000094262502,0.002613668587122449
1989-01-27,0.283168466,10.0000094262502,0.002613668587122449
1989-01-28,0.311485313,11.0000103830011,0.0028750354495267272
1989-01-29,0.215208034,7.600007158299801,0.001986388124736248
1989-01-30,0.201049611,7.1000066975817,0.0018557046981491506
1989-01-31,0.184059503,6.500006130594101,0.0016988845825526005
1989-02-01,0.339802159,12.000011304437301,0.0031364023027009224
1989-02-02,0.339802159,12.000011304437301,0.0031364023027009224
1989-02-03,0.679604318,24.000022608874602,0.006272804605401845
1989-02-04,0.962772784,34.0000320351248,0.008886473192524294
1989-02-05,1.047723324,37.0000348700628,0.009670573770507044
1989-02-06,0.218039719,7.7000072645693,0.002012524813745701
1989-02-07,0.144415918,5.1000048193946,0.0013329709825706775
1989-02-08,0.12176244,4.300004039868,0.0011238774889552215
1989-02-09,0.096277278,3.4000031893866,0.000888647315560396
1989-02-10,0.138752548,4.9000046068556005,0.0012806976045517716
1989-02-11,0.622970625,22.000020730687503,0.005750070889823372
1989-02-12,0.538020085,19.0000178957495,0.004965970311840619
1989-02-13,1.557426563,55.0000518443761,0.01437517722917347
1989-02-14,2.548516193,90.00008480093712,0.023523017274871962
1989-02-15,1.444159176,51.000048052687205,0.013329709788786443
1989-02-16,0.877822244,31.000029200186802,0.008102372614541541
1989-02-17,0.906139091,32.000030156937704,0.008363739476945822
1989-02-18,0.877822244,31.000029200186802,0.008102372614541541
1989-02-19,0.962772784,34.0000320351248,0.008886473192524294
1989-02-20,2.4918825,88.00008292275001,0.023000283559293486
1989-02-21,1.132673864,40.0000377050008,0.010454674348489797
1989-02-22,0.764554858,27.0000254438126,0.007056905183384596
1989-02-23,0.707921165,25.0000235656255,0.006534171467806124
1989-02-24,0.594653778,21.0000197739366,0.005488704027419093
1989-02-25,0.566336932,20.0000188525004,0.005227337174244898
1989-02-26,0.622970625,22.000020730687503,0.005750070889823372
1989-02-27,0.594653778,21.0000197739366,0.005488704027419093
1989-02-28,0.509703239,18.0000169743133,0.004704603458666426
1989-03-01,0.481386392,17.0000160175624,0.004443236596262147
1989-03-02,0.424752699,15.0000141393753,0.003920502880683674
1989-03-03,0.311485313,11.0000103830011,0.0028750354495267272
1989-03-04,0.277505097,9.8000092490259,0.0025613952183336265
1989-03-05,0.283168466,10.0000094262502,0.002613668587122449
1989-03-06,0.212376349,7.5000070520303,0.001960251435726795
1989-03-07,0.237861511,8.4000079025117,0.0021954816091216208
1989-03-08,0.240693196,8.5000080087812,0.0022216182981310735
1989-03-09,0.215208034,7.600007158299801,0.001986388124736248
1989-03-10,0.209544665,7.4000069810755,0.0019341147559474255
1989-03-11,0.189722872,6.7000063078184,0.0017511579513414225
1989-03-12,0.184059503,6.500006130594101,0.0016988845825526005
1989-03-13,0.133089179,4.7000044296313,0.0012284242357629494
1989-03-14,0.07928717,2.8000026223990004,0.0007318271999638457
1989-03-15,0.087782224,3.1000029058928003,0.0008102372577621209
1989-03-16,0.099108963,3.5000032956561,0.0009147840045698487
1989-03-17,0.073623801,2.6000024451747,0.0006795538311750235
1989-03-18,0.067960432,2.4000022679504003,0.0006272804623862012
1989-03-19,0.067960432,2.4000022679504003,0.0006272804623862012
1989-03-20,0.073623801,2.6000024451747,0.0006795538311750235
1989-03-21,0.082118855,2.9000027286685004,0.0007579638889732987
1989-03-22,0.107604017,3.8000035791499003,0.000993194062368124
1989-03-23,0.050970324,1.8000017009628,0.00047046034678965083
1989-03-24,0.076455486,2.7000025514442,0.0007056905201844764
1989-03-25,0.04247527,1.5000014174690002,0.00039205028899137577
1989-03-26,0.053802009,1.9000018072323,0.0004965970357991037
1989-03-27,0.283168466,10.0000094262502,0.002613668587122449
1989-03-28,0.707921165,25.0000235656255,0.006534171467806124
1989-03-29,0.481386392,17.0000160175624,0.004443236596262147
1989-03-30,0.277505097,9.8000092490259,0.0025613952183336265
1989-03-31,0.186891188,6.600006236863601,0.0017250212715620534
1989-04-01,0.283168466,10.0000094262502,0.002613668587122449
1989-04-02,0.12176244,4.300004039868,0.0011238774889552215
1989-04-03,0.056633693,2.0000018781871,0.0005227337155784732
1989-04-04,0.045306955,1.6000015237385001,0.0004181869780008287
1989-04-05,0.050970324,1.8000017009628,0.00047046034678965083
1989-04-06,0.039643585,1.4000013111995002,0.00036591359998192286
1989-04-07,0.036811901,1.3000012402447,0.0003397769202025535
1989-04-08,0.036811901,1.3000012402447,0.0003397769202025535
1989-04-09,0.031148531,1.1000010277057,0.0002875035421836477
1989-04-10,0.033980216,1.2000011339752001,0.0003136402311931006
1989-04-11,0.033980216,1.2000011339752001,0.0003136402311931006
1989-04-12,0.033980216,1.2000011339752001,0.0003136402311931006
1989-04-13,0.036811901,1.3000012402447,0.0003397769202025535
1989-04-14,0.036811901,1.3000012402447,0.0003397769202025535
1989-04-15,0.033980216,1.2000011339752001,0.0003136402311931006
1989-04-16,0.028316847,1.0000009567509,0.0002613668624042783
1989-04-17,0.028316847,1.0000009567509,0.0002613668624042783
1989-04-18,0.031148531,1.1000010277057,0.0002875035421836477
1989-04-19,0.02775051,0.9800009354970001,0.00025613952460238774
1989-04-20,0.022936646,0.8100007724962001,0.00021170715790135963
1989-04-21,0.023786151,0.8400007867197,0.0002195481599891537
1989-04-22,0.018122782,0.6400006094954,0.00016727479120033146
1989-04-23,0.014158423,0.5000004607181,0.00013068342658709742
1989-04-24,0.012459413,0.44000043227110003,0.0001150014224115092
1989-04-25,0.011609907,0.4100003827329,0.00010716041109363156
1989-04-26,0.011609907,0.4100003827329,0.00010716041109363156
1989-04-27,0.013875255,0.49000046774850003,0.00012806976230119387
1989-04-28,0.016423771,0.5800005457337001,0.00015159277779465971
1989-04-29,0.016706939,0.5900005387033,0.00015420644208056326
1989-04-30,0.019821793,0.7000006732571,0.0001829568046060032
1989-05-01,0.018972287,0.6700006237189001,0.00017511579328812558
1989-05-02,0.022653477,0.8000007442119001,0.00020909348438537256
1989-05-03,0.015291097,0.5400005032259,0.00014113810219087858
1989-05-04,0.012176244,0.4300004039868,0.00011238774889552213
1989-05-05,0.010477233,0.37000034022510003,9.670573548985042e-05
1989-05-06,0.010194065,0.3600003472555,9.409207120394688e-05
1989-05-07,0.009627728,0.3400003260016,8.886473340205631e-05
1989-05-08,0.008495054,0.30000028349380004,7.841005779827515e-05
1989-05-09,0.007928717,0.28000026223990004,7.318271999638457e-05
1989-05-10,0.006796043,0.2400002197321,6.272804439260342e-05
1989-05-11,0.00368119,0.130000120493,3.3977691097247e-05
1989-05-12,0.004247527,0.15000014174690002,3.9205028899137574e-05
1989-05-13,0.006796043,0.2400002197321,6.272804439260342e-05
1989-05-14,0.023219814,0.8200007654658,0.00021432082218726312
1989-05-15,0.013308918,0.4700004464946,0.0001228424244993033
1989-05-16,0.012742581,0.4500004252407,0.00011761508669741271
1989-05-17,0.011893076,0.42000041101720004,0.00010977408460961861
1989-05-18,0.009061391,0.3200003047477,8.363739560016573e-05
1989-05-19,0.005380201,0.19000018425470003,4.965970450291873e-05
1989-05-20,0.007079212,0.25000024801640003,6.534171790859045e-05
1989-05-21,0.004530695,0.16000013471650001,4.181869318504111e-05
1989-05-22,,,
1989-05-23,,,
1989-05-24,,,
1989-05-25,,,
1989-05-26,,,
1989-05-27,,,
1989-05-28,,,
1989-05-29,,,
1989-05-30,,,
1989-05-31,,,
1989-06-01,,,
1989-06-02,,,
1989-06-03,,,
1989-06-04,,,
1989-06-05,,,
1989-06-06,,,
1989-06-07,,,
1989-06-08,,,
1989-06-09,,,
1989-06-10,,,
1989-06-11,,,
1989-06-12,,,
1989-06-13,,,
1989-06-14,,,
1989-06-15,,,
1989-06-16,,,
1989-06-17,,,
1989-06-18,,,
1989-06-19,,,
1989-06-20,,,
1989-06-21,,,
1989-06-22,,,
1989-06-23,,,
1989-06-24,,,
1989-06-25,,,
1989-06-26,,,
1989-06-27,,,
1989-06-28,,,
1989-06-29,,,
1989-06-30,,,
1989-07-01,,,
1989-07-02,,,
1989-07-03,,,
1989-07-04,,,
1989-07-05,,,
1989-07-06,,,
1989-07-07,,,
1989-07-08,,,
1989-07-09,,,
1989-07-10,,,
1989-07-11,,,
1989-07-12,,,
1989-07-13,,,
1989-07-14,,,
1989-07-15,,,
1989-07-16,,,
1989-07-17,,,
1989-07-18,,,
1989-07-19,,,
1989-07-20,,,
1989-07-21,,,
1989-07-22,,,
1989-07-23,,,
1989-07-24,0.396435852,14.0000131826244,0.003659136018279395
1989-07-25,0.104772332,3.7000034728804,0.0009670573733586711
1989-07-26,0.651287472,23.0000216874384,0.0060114377522276505
1989-07-27,2.973268892,105.00009894031241,0.027443520155555637
1989-07-28,2.888318352,102.00009610537441,0.026659419577572886
1989-07-29,8.325152898,294.0002770470006,0.07684185643924782
1989-07-30,6.796043182,240.00022615937542,0.06272804607247862
1989-07-31,0.622970625,22.000020730687503,0.005750070889823372
1989-08-01,0.764554858,27.0000254438126,0.007056905183384596
1989-08-02,3.058219432,108.0001017752504,0.028227620733538385
1989-08-03,0.538020085,19.0000178957495,0.004965970311840619
1989-08-04,0.186891188,6.600006236863601,0.0017250212715620534
1989-08-05,0.082118855,2.9000027286685004,0.0007579638889732987
1989-08-06,0.048138639,1.7000015946933,0.000444323657780198
1989-08-07,0.02406932,0.8500008150040002,0.00022216183350514076
1989-08-08,0.009344559,0.33000029771730005,8.625105988606926e-05
1989-08-09,0.002265348,0.0800000850156,2.0909351207562306e-05
1989-08-10,0.039643585,1.4000013111995002,0.00036591359998192286
1989-08-11,2.095446648,74.0000697401256,0.019341147541014087
1989-08-12,0.679604318,24.000022608874602,0.006272804605401845
1989-08-13,0.424752699,15.0000141393753,0.003920502880683674
1989-08-14,0.311485313,11.0000103830011,0.0028750354495267272
1989-08-15,0.12176244,4.300004039868,0.0011238774889552215
1989-08-16,0.053802009,1.9000018072323,0.0004965970357991037
1989-08-17,1.019406477,36.0000339133119,0.009409206908102768
1989-08-18,13.7336706,485.00045713782004,0.1267629264662087
1989-08-19,41.05942756,1450.0013664531323,0.37898194504045435
1989-08-20,13.33723474,471.000443672678,0.12310379037408864
1989-08-21,14.83802761,524.000493638867,0.13695623388768363
1989-08-22,0.821188551,29.000027321999703,0.0075796388989630694
1989-08-23,0.269010043,9.5000089655321,0.002482985160535352
1989-08-24,0.110435702,3.9000036854194002,0.0010193307513775768
1989-08-25,0.033980216,1.2000011339752001,0.0003136402311931006
1989-08-26,0.087782224,3.1000029058928003,0.0008102372577621209
1989-08-27,0.087782224,3.1000029058928003,0.0008102372577621209
1989-08-28,0.08495054,3.0000028349380004,0.0007841005779827515
1989-08-29,0.048138639,1.7000015946933,0.000444323657780198
1989-08-30,0.082118855,2.9000027286685004,0.0007579638889732987
1989-08-31,0.059465378,2.1000019844566,0.000548870404587926
1989-09-01,0.018972287,0.6700006237189001,0.00017511579328812558
1989-09-02,0.039643585,1.4000013111995002,0.00036591359998192286
1989-09-03,0.031148531,1.1000010277057,0.0002875035421836477
1989-09-04,0.065128747,2.3000021616809003,0.0006011437733767482
1989-09-05,0.065128747,2.3000021616809003,0.0006011437733767482
1989-09-06,0.124594125,4.4000041461375,0.0011500141779646744
1989-09-07,0.070792116,2.5000023389052,0.0006534171421655705
1989-09-08,0.039643585,1.4000013111995002,0.00036591359998192286
1989-09-09,0.024352488,0.8600008079736,0.00022477549779104425
1989-09-10,0.018122782,0.6400006094954,0.00016727479120033146
1989-09-11,0.019538624,0.6900006449728001,0.00018034313109001614
1989-09-12,0.015291097,0.5400005032259,0.00014113810219087858
1989-09-13,0.016706939,0.5900005387033,0.00015420644208056326
1989-09-14,0.016140603,0.5700005527641,0.0001489791135087562
1989-09-15,0.028316847,1.0000009567509,0.0002613668624042783
1989-09-16,0.017556445,0.6200005882415001,0.00016204745339844088
1989-09-17,0.015291097,0.5400005032259,0.00014113810219087858
1989-09-18,0.014441592,0.5100004890024,0.00013329710010308445
1989-09-19,0.013875255,0.49000046774850003,0.00012806976230119387
1989-09-20,0.033980216,1.2000011339752001,0.0003136402311931006
1989-09-21,0.02208714,0.780000722958,0.000203866146583482
1989-09-22,0.02038813,0.720000694511,0.00018818414240789376
1989-09-23,0.022370309,0.7900007512423001,0.00020647982009946902
1989-09-24,0.020104961,0.7100006662267001,0.00018557046889190672
1989-09-25,0.018122782,0.6400006094954,0.00016727479120033146
1989-09-26,0.020104961,0.7100006662267001,0.00018557046889190672
1989-09-27,0.021237635,0.7500007087345001,0.00019602514449568788
1989-09-28,0.02208714,0.780000722958,0.000203866146583482
1989-09-29,0.022936646,0.8100007724962001,0.00021170715790135963
1989-09-30,0.01472476,0.520000481972,0.000135910764388988
1989-10-01,0.016990108,0.6000005669876001,0.0001568201155965503
1989-10-02,0.011609907,0.4100003827329,0.00010716041109363156
1989-10-03,0.033980216,1.2000011339752001,0.0003136402311931006
1989-10-04,0.566336932,20.0000188525004,0.005227337174244898
1989-10-05,3.114853125,110.00010365343749,0.028750354449116857
1989-10-06,1.585743409,56.000052765812306,0.014636544082347666
1989-10-07,0.594653778,21.0000197739366,0.005488704027419093
1989-10-08,0.283168466,10.0000094262502,0.002613668587122449
1989-10-09,0.212376349,7.5000070520303,0.001960251435726795
1989-10-10,0.113267386,4.0000037563742,0.0010454674311569463
1989-10-11,0.07928717,2.8000026223990004,0.0007318271999638457
1989-10-12,0.050970324,1.8000017009628,0.00047046034678965083
1989-10-13,0.104772332,3.7000034728804,0.0009670573733586711
1989-10-14,0.096277278,3.4000031893866,0.000888647315560396
1989-10-15,0.065128747,2.3000021616809003,0.0006011437733767482
1989-10-16,0.053802009,1.9000018072323,0.0004965970357991037
1989-10-17,0.104772332,3.7000034728804,0.0009670573733586711
1989-10-18,0.087782224,3.1000029058928003,0.0008102372577621209
1989-10-19,0.082118855,2.9000027286685004,0.0007579638889732987
1989-10-20,0.082118855,2.9000027286685004,0.0007579638889732987
1989-10-21,0.087782224,3.1000029058928003,0.0008102372577621209
1989-10-22,0.101940648,3.6000034019256,0.0009409206935793017
1989-10-23,0.254851619,9.0000084694993,0.0023523017247181707
1989-10-24,0.16990108,6.000005669876001,0.001568201155965503
1989-10-25,0.08495054,3.0000028349380004,0.0007841005779827515
1989-10-26,0.056633693,2.0000018781871,0.0005227337155784732
1989-10-27,0.056633693,2.0000018781871,0.0005227337155784732
1989-10-28,0.056633693,2.0000018781871,0.0005227337155784732
1989-10-29,0.056633693,2.0000018781871,0.0005227337155784732
1989-10-30,0.056633693,2.0000018781871,0.0005227337155784732
1989-10-31,0.056633693,2.0000018781871,0.0005227337155784732
1989-11-01,0.056633693,2.0000018781871,0.0005227337155784732
1989-11-02,0.056633693,2.0000018781871,0.0005227337155784732
1989-11-03,0.053802009,1.9000018072323,0.0004965970357991037
1989-11-04,0.050970324,1.8000017009628,0.00047046034678965083
1989-11-05,0.082118855,2.9000027286685004,0.0007579638889732987
1989-11-06,0.067960432,2.4000022679504003,0.0006272804623862012
1989-11-07,0.053802009,1.9000018072323,0.0004965970357991037
1989-11-08,0.048138639,1.7000015946933,0.000444323657780198
1989-11-09,0.04247527,1.5000014174690002,0.00039205028899137577
1989-11-10,0.039643585,1.4000013111995002,0.00036591359998192286
1989-11-11,0.059465378,2.1000019844566,0.000548870404587926
1989-11-12,0.053802009,1.9000018072323,0.0004965970357991037
1989-11-13,0.056633693,2.0000018781871,0.0005227337155784732
1989-11-14,0.056633693,2.0000018781871,0.0005227337155784732
1989-11-15,0.056633693,2.0000018781871,0.0005227337155784732
1989-11-16,0.059465378,2.1000019844566,0.000548870404587926
1989-11-17,0.065128747,2.3000021616809003,0.0006011437733767482
1989-11-18,0.059465378,2.1000019844566,0.000548870404587926
1989-11-19,0.062297063,2.2000020907261,0.000575007093597379
1989-11-20,0.073623801,2.6000024451747,0.0006795538311750235
1989-11-21,0.070792116,2.5000023389052,0.0006534171421655705
1989-11-22,0.070792116,2.5000023389052,0.0006534171421655705
1989-11-23,0.062297063,2.2000020907261,0.000575007093597379
1989-11-24,0.067960432,2.4000022679504003,0.0006272804623862012
1989-11-25,0.065128747,2.3000021616809003,0.0006011437733767482
1989-11-26,0.067960432,2.4000022679504003,0.0006272804623862012
1989-11-27,0.065128747,2.3000021616809003,0.0006011437733767482
1989-11-28,0.050970324,1.8000017009628,0.00047046034678965083
1989-11-29,0.04247527,1.5000014174690002,0.00039205028899137577
1989-11-30,0.059465378,2.1000019844566,0.000548870404587926
1989-12-01,0.065128747,2.3000021616809003,0.0006011437733767482
1989-12-02,0.048138639,1.7000015946933,0.000444323657780198
1989-12-03,0.050970324,1.8000017009628,0.00047046034678965083
1989-12-04,0.056633693,2.0000018781871,0.0005227337155784732
1989-12-05,0.056633693,2.0000018781871,0.0005227337155784732
1989-12-06,0.056633693,2.0000018781871,0.0005227337155784732
1989-12-07,0.065128747,2.3000021616809003,0.0006011437733767482
1989-12-08,0.053802009,1.9000018072323,0.0004965970357991037
1989-12-09,0.050970324,1.8000017009628,0.00047046034678965083
1989-12-10,0.050970324,1.8000017009628,0.00047046034678965083
1989-12-11,0.036811901,1.3000012402447,0.0003397769202025535
1989-12-12,0.059465378,2.1000019844566,0.000548870404587926
1989-12-13,0.031148531,1.1000010277057,0.0002875035421836477
1989-12-14,0.036811901,1.3000012402447,0.0003397769202025535
1989-12-15,0.073623801,2.6000024451747,0.0006795538311750235
1989-12-16,0.070792116,2.5000023389052,0.0006534171421655705
1989-12-17,0.07928717,2.8000026223990004,0.0007318271999638457
1989-12-18,0.056633693,2.0000018781871,0.0005227337155784732
1989-12-19,0.048138639,1.7000015946933,0.000444323657780198
1989-12-20,0.053802009,1.9000018072323,0.0004965970357991037
1989-12-21,0.056633693,2.0000018781871,0.0005227337155784732
1989-12-22,0.053802009,1.9000018072323,0.0004965970357991037
1989-12-23,0.048138639,1.7000015946933,0.000444323657780198
1989-12-24,0.050970324,1.8000017009628,0.00047046034678965083
1989-12-25,0.059465378,2.1000019844566,0.000548870404587926
1989-12-26,0.076455486,2.7000025514442,0.0007056905201844764
1989-12-27,0.099108963,3.5000032956561,0.0009147840045698487
1989-12-28,0.053802009,1.9000018072323,0.0004965970357991037
1989-12-29,0.090613909,3.2000030121623,0.0008363739467715737
1989-12-30,0.070792116,2.5000023389052,0.0006534171421655705
1989-12-31,0.050970324,1.8000017009628,0.00047046034678965083
1990-01-01,0.062297063,2.2000020907261,0.000575007093597379
1990-01-02,0.093445594,3.3000031184318006,0.0008625106357810267
1990-01-03,0.076455486,2.7000025514442,0.0007056905201844764
1990-01-04,0.124594125,4.4000041461375,0.0011500141779646744
1990-01-05,0.101940648,3.6000034019256,0.0009409206935793017
1990-01-06,0.087782224,3.1000029058928003,0.0008102372577621209
1990-01-07,0.082118855,2.9000027286685004,0.0007579638889732987
1990-01-08,0.082118855,2.9000027286685004,0.0007579638889732987
1990-01-09,0.07928717,2.8000026223990004,0.0007318271999638457
1990-01-10,0.08495054,3.0000028349380004,0.0007841005779827515
1990-01-11,0.059465378,2.1000019844566,0.000548870404587926
1990-01-12,0.113267386,4.0000037563742,0.0010454674311569463
1990-01-13,0.12176244,4.300004039868,0.0011238774889552215
1990-01-14,0.130257494,4.600004323361801,0.0012022875467534964
1990-01-15,0.12742581,4.500004252407,0.0011761508669741272
1990-01-16,0.116099071,4.1000038626437005,0.0010716041201663993
1990-01-17,0.110435702,3.9000036854194002,0.0010193307513775768
1990-01-18,0.104772332,3.7000034728804,0.0009670573733586711
1990-01-19,0.135920864,4.800004535900801,0.0012545609247724024
1990-01-20,0.12742581,4.500004252407,0.0011761508669741272
1990-01-21,0.096277278,3.4000031893866,0.000888647315560396
1990-01-22,0.155742656,5.500005173843201,0.0014375177201483222
1990-01-23,0.155742656,5.500005173843201,0.0014375177201483222
1990-01-24,0.144415918,5.1000048193946,0.0013329709825706775
1990-01-25,0.101940648,3.6000034019256,0.0009409206935793017
1990-01-26,0.130257494,4.600004323361801,0.0012022875467534964
1990-01-27,0.104772332,3.7000034728804,0.0009670573733586711
1990-01-28,0.093445594,3.3000031184318006,0.0008625106357810267
1990-01-29,0.116099071,4.1000038626437005,0.0010716041201663993
1990-01-30,0.104772332,3.7000034728804,0.0009670573733586711
1990-01-31,0.104772332,3.7000034728804,0.0009670573733586711
1990-02-01,0.110435702,3.9000036854194002,0.0010193307513775768
1990-02-02,0.118930756,4.2000039689132,0.001097740809175852
1990-02-03,0.099108963,3.5000032956561,0.0009147840045698487
1990-02-04,0.107604017,3.8000035791499003,0.000993194062368124
1990-02-05,0.147247602,5.2000048903494,0.001359107662350047
1990-02-06,0.130257494,4.600004323361801,0.0012022875467534964
1990-02-07,0.138752548,4.9000046068556005,0.0012806976045517716
1990-02-08,0.175564449,6.200005847100301,0.0016204745247543253
1990-02-09,0.130257494,4.600004323361801,0.0012022875467534964
1990-02-10,0.133089179,4.7000044296313,0.0012284242357629494
1990-02-11,0.147247602,5.2000048903494,0.001359107662350047
1990-02-12,0.141584233,5.0000047131251,0.0013068342935612246
1990-02-13,0.155742656,5.500005173843201,0.0014375177201483222
1990-02-14,0.107604017,3.8000035791499003,0.000993194062368124
1990-02-15,0.082118855,2.9000027286685004,0.0007579638889732987
1990-02-16,0.050970324,1.8000017009628,0.00047046034678965083
1990-02-17,0.087782224,3.1000029058928003,0.0008102372577621209
1990-02-18,0.096277278,3.4000031893866,0.000888647315560396
1990-02-19,0.07928717,2.8000026223990004,0.0007318271999638457
1990-02-20,0.254851619,9.0000084694993,0.0023523017247181707
1990-02-21,0.130257494,4.600004323361801,0.0012022875467534964
1990-02-22,0.158574341,5.6000052801127005,0.001463654409157775
1990-02-23,0.147247602,5.2000048903494,0.001359107662350047
1990-02-24,0.152910972,5.4000051028884,0.0014113810403689527
1990-02-25,0.152910972,5.4000051028884,0.0014113810403689527
1990-02-26,0.161406026,5.700005386382201,0.001489791098167228
1990-02-27,0.12742581,4.500004252407,0.0011761508669741272
1990-02-28,0.12742581,4.500004252407,0.0011761508669741272
1990-03-01,0.113267386,4.0000037563742,0.0010454674311569463
1990-03-02,0.147247602,5.2000048903494,0.001359107662350047
1990-03-03,0.155742656,5.500005173843201,0.0014375177201483222
1990-03-04,0.118930756,4.2000039689132,0.001097740809175852
1990-03-05,0.076455486,2.7000025514442,0.0007056905201844764
1990-03-06,0.076455486,2.7000025514442,0.0007056905201844764
1990-03-07,0.067960432,2.4000022679504003,0.0006272804623862012
1990-03-08,0.082118855,2.9000027286685004,0.0007579638889732987
1990-03-09,0.07928717,2.8000026223990004,0.0007318271999638457
1990-03-10,0.073623801,2.6000024451747,0.0006795538311750235
1990-03-11,0.07928717,2.8000026223990004,0.0007318271999638457
1990-03-12,0.099108963,3.5000032956561,0.0009147840045698487
1990-03-13,0.110435702,3.9000036854194002,0.0010193307513775768
1990-03-14,0.110435702,3.9000036854194002,0.0010193307513775768
1990-03-15,0.116099071,4.1000038626437005,0.0010716041201663993
1990-03-16,0.133089179,4.7000044296313,0.0012284242357629494
1990-03-17,0.124594125,4.4000041461375,0.0011500141779646744
1990-03-18,0.090613909,3.2000030121623,0.0008363739467715737
1990-03-19,0.056633693,2.0000018781871,0.0005227337155784732
1990-03-20,0.053802009,1.9000018072323,0.0004965970357991037
1990-03-21,0.059465378,2.1000019844566,0.000548870404587926
1990-03-22,0.062297063,2.2000020907261,0.000575007093597379
1990-03-23,0.053802009,1.9000018072323,0.0004965970357991037
1990-03-24,0.062297063,2.2000020907261,0.000575007093597379
1990-03-25,0.059465378,2.1000019844566,0.000548870404587926
1990-03-26,0.050970324,1.8000017009628,0.00047046034678965083
1990-03-27,0.048138639,1.7000015946933,0.000444323657780198
1990-03-28,0.056633693,2.0000018781871,0.0005227337155784732
1990-03-29,0.070792116,2.5000023389052,0.0006534171421655705
1990-03-30,0.093445594,3.3000031184318006,0.0008625106357810267
1990-03-31,0.093445594,3.3000031184318006,0.0008625106357810267
1990-04-01,0.076455486,2.7000025514442,0.0007056905201844764
1990-04-02,0.070792116,2.5000023389052,0.0006534171421655705
1990-04-03,0.067960432,2.4000022679504003,0.0006272804623862012
1990-04-04,0.050970324,1.8000017009628,0.00047046034678965083
1990-04-05,0.053802009,1.9000018072323,0.0004965970357991037
1990-04-06,0.050970324,1.8000017009628,0.00047046034678965083
1990-04-07,0.050970324,1.8000017009628,0.00047046034678965083
1990-04-08,0.053802009,1.9000018072323,0.0004965970357991037
1990-04-09,0.050970324,1.8000017009628,0.00047046034678965083
1990-04-10,0.048138639,1.7000015946933,0.000444323657780198
1990-04-11,0.048138639,1.7000015946933,0.000444323657780198
1990-04-12,0.045306955,1.6000015237385001,0.0004181869780008287
1990-04-13,0.048138639,1.7000015946933,0.000444323657780198
1990-04-14,0.048138639,1.7000015946933,0.000444323657780198
1990-04-15,0.048138639,1.7000015946933,0.000444323657780198
1990-04-16,0.045306955,1.6000015237385001,0.0004181869780008287
1990-04-17,0.04247527,1.5000014174690002,0.00039205028899137577
1990-04-18,0.045306955,1.6000015237385001,0.0004181869780008287
1990-04-19,0.053802009,1.9000018072323,0.0004965970357991037
1990-04-20,0.056633693,2.0000018781871,0.0005227337155784732
1990-04-21,0.056633693,2.0000018781871,0.0005227337155784732
1990-04-22,0.053802009,1.9000018072323,0.0004965970357991037
1990-04-23,0.048138639,1.7000015946933,0.000444323657780198
1990-04-24,0.070792116,2.5000023389052,0.0006534171421655705
1990-04-25,0.099108963,3.5000032956561,0.0009147840045698487
1990-04-26,0.053802009,1.9000018072323,0.0004965970357991037
1990-04-27,0.045306955,1.6000015237385001,0.0004181869780008287
1990-04-28,0.033980216,1.2000011339752001,0.0003136402311931006
1990-04-29,0.028316847,1.0000009567509,0.0002613668624042783
1990-04-30,0.059465378,2.1000019844566,0.000548870404587926
1990-05-01,0.203881295,7.2000067685365,0.00188184137792852
1990-05-02,0.118930756,4.2000039689132,0.001097740809175852
1990-05-03,0.147247602,5.2000048903494,0.001359107662350047
1990-05-04,0.124594125,4.4000041461375,0.0011500141779646744
1990-05-05,0.045306955,1.6000015237385001,0.0004181869780008287
1990-05-06,0.033980216,1.2000011339752001,0.0003136402311931006
1990-05-07,0.028316847,1.0000009567509,0.0002613668624042783
1990-05-08,0.022370309,0.7900007512423001,0.00020647982009946902
1990-05-09,0.020954466,0.7400006804502001,0.00019341147097970085
1990-05-10,0.025485162,0.9000008504814,0.00023523017339482542
1990-05-11,0.022370309,0.7900007512423001,0.00020647982009946902
1990-05-12,0.022936646,0.8100007724962001,0.00021170715790135963
1990-05-13,0.020671298,0.7300006874806001,0.0001907978066937973
1990-05-14,0.017556445,0.6200005882415001,0.00016204745339844088
1990-05-15,0.01472476,0.520000481972,0.000135910764388988
1990-05-16,0.016990108,0.6000005669876001,0.0001568201155965503
1990-05-17,0.019821793,0.7000006732571,0.0001829568046060032
1990-05-18,0.016423771,0.5800005457337001,0.00015159277779465971
1990-05-19,0.016140603,0.5700005527641,0.0001489791135087562
1990-05-20,0.015291097,0.5400005032259,0.00014113810219087858
1990-05-21,0.019255456,0.6800006520032,0.00017772946680411262
1990-05-22,0.01840595,0.650000602465,0.000169888455486235
1990-05-23,0.013308918,0.4700004464946,0.0001228424244993033
1990-05-24,0.009627728,0.3400003260016,8.886473340205631e-05
1990-05-25,0.008495054,0.30000028349380004,7.841005779827515e-05
1990-05-26,0.009627728,0.3400003260016,8.886473340205631e-05
1990-05-27,0.012459413,0.44000043227110003,0.0001150014224115092
1990-05-28,0.012176244,0.4300004039868,0.00011238774889552213
1990-05-29,0.013308918,0.4700004464946,0.0001228424244993033
1990-05-30,0.01840595,0.650000602465,0.000169888455486235
1990-05-31,0.016706939,0.5900005387033,0.00015420644208056326
1990-06-01,0.010194065,0.3600003472555,9.409207120394688e-05
1990-06-02,0.010194065,0.3600003472555,9.409207120394688e-05
1990-06-03,0.015007929,0.5300005102563,0.00013852443790497503
1990-06-04,0.015291097,0.5400005032259,0.00014113810219087858
1990-06-05,0.009061391,0.3200003047477,8.363739560016573e-05
1990-06-06,0.00368119,0.130000120493,3.3977691097247e-05
1990-06-07,,,
1990-06-08,,,
1990-06-09,0.007928717,0.28000026223990004,7.318271999638457e-05
1990-06-10,0.015574266,0.5500005315102,0.0001437517757068656
1990-06-11,0.015857434,0.5600005244798001,0.00014636543999276913
1990-06-12,0.009627728,0.3400003260016,8.886473340205631e-05
1990-06-13,0.001699011,0.06000006376170001,1.568201340567173e-05
1990-06-14,,,
1990-06-15,,,
1990-06-16,,,
1990-06-17,,,
1990-06-18,,,
1990-06-19,,,
1990-06-20,,,
1990-06-21,,,
1990-06-22,,,
1990-06-23,,,
1990-06-24,,,
1990-06-25,,,
1990-06-26,,,
1990-06-27,,,
1990-06-28,,,
1990-06-29,,,
1990-06-30,,,
1990-07-01,,,
1990-07-02,,,
1990-07-03,,,
1990-07-04,1.642377102,58.000054643999405,0.015159277797926139
1990-07-05,0.509703239,18.0000169743133,0.004704603458666426
1990-07-06,0.150079287,5.300004996618901,0.0013852443513594998
1990-07-07,0.096277278,3.4000031893866,0.000888647315560396
1990-07-08,22.76674466,804.0007576445021,0.2101389543455724
1990-07-09,10.02416369,354.000333463243,0.09252386792506216
1990-07-10,0.792871705,28.000026400563502,0.007318272045788875
1990-07-11,0.263346673,9.300008752993099,0.002430711782516446
1990-07-12,0.172732764,6.100005740830801,0.0015943378357448725
1990-07-13,0.056633693,2.0000018781871,0.0005227337155784732
1990-07-14,0.013308918,0.4700004464946,0.0001228424244993033
1990-07-15,0.133089179,4.7000044296313,0.0012284242357629494
1990-07-16,0.424752699,15.0000141393753,0.003920502880683674
1990-07-17,0.223703088,7.9000074417936,0.002064798182534523
1990-07-18,5.097032387,180.0001696371889,0.047046034558974
1990-07-19,1.302574943,46.000043339562104,0.012022875495225216
1990-07-20,0.736238011,26.0000244870617,0.006795538320980318
1990-07-21,0.113267386,4.0000037563742,0.0010454674311569463
1990-07-22,0.005663369,0.2000001772243,5.227336878882226e-05
1990-07-23,0.000283168,0.0099999929696,2.613664285903536e-06
1990-07-24,,,
1990-07-25,,,
1990-07-26,0.001132674,0.0400000425078,1.0454675603781153e-05
1990-07-27,,,
1990-07-28,,,
1990-07-29,0.000566337,0.0200000212539,5.2273378018905765e-06
1990-07-30,0.003114853,0.11000009923910001,2.875035329535642e-05
1990-07-31,,,
1990-08-01,,,
1990-08-02,,,
1990-08-03,,,
1990-08-04,,,
1990-08-05,0.006512875,0.2300002267625,6.011438010669987e-05
1990-08-06,,,
1990-08-07,,,
1990-08-08,,,
1990-08-09,0.008495054,0.30000028349380004,7.841005779827515e-05
1990-08-10,0.003114853,0.11000009923910001,2.875035329535642e-05
1990-08-11,0.004530695,0.16000013471650001,4.181869318504111e-05
1990-08-12,0.005663369,0.2000001772243,5.227336878882226e-05
1990-08-13,0.017839613,0.6300005812111,0.0001646611176843444
1990-08-14,0.481386392,17.0000160175624,0.004443236596262147
1990-08-15,25.11704293,887.0008359600711,0.2318324036389949
1990-08-16,5.266933466,186.0001752717502,0.04861423570570943
1990-08-17,5.776636705,204.0001922460635,0.053318839164375846
1990-08-18,0.509703239,18.0000169743133,0.004704603458666426
1990-08-19,0.186891188,6.600006236863601,0.0017250212715620534
1990-08-20,0.08495054,3.0000028349380004,0.0007841005779827515
1990-08-21,0.028316847,1.0000009567509,0.0002613668624042783
1990-08-22,0.01840595,0.650000602465,0.000169888455486235
1990-08-23,0.006796043,0.2400002197321,6.272804439260342e-05
1990-08-24,0.00736238,0.260000240986,6.7955382194494e-05
1990-08-25,0.018122782,0.6400006094954,0.00016727479120033146
1990-08-26,0.00368119,0.130000120493,3.3977691097247e-05
1990-08-27,0.003964359,0.1400001487773,3.659136461323404e-05
1990-08-28,0.003114853,0.11000009923910001,2.875035329535642e-05
1990-08-29,0.004247527,0.15000014174690002,3.9205028899137574e-05
1990-08-30,0.003964359,0.1400001487773,3.659136461323404e-05
1990-08-31,0.002831685,0.10000010626950001,2.6136689009452884e-05
1990-09-01,0.004813864,0.1700001630008,4.4432366701028156e-05
1990-09-02,0.138752548,4.9000046068556005,0.0012806976045517716
1990-09-03,3.539605824,125.00011779281282,0.03267085732980053
1990-09-04,2.095446648,74.0000697401256,0.019341147541014087
1990-09-05,6.682775796,236.0002224030012,0.06168257864132167
1990-09-06,1.727327642,61.00005747893741,0.015943378375908892
1990-09-07,6.965944262,246.00023182925142,0.06429624722844411
1990-09-08,1.07604017,38.000035791499,0.009931940623681239
1990-09-09,0.339802159,12.000011304437301,0.0031364023027009224
1990-09-10,0.141584233,5.0000047131251,0.0013068342935612246
1990-09-11,0.07928717,2.8000026223990004,0.0007318271999638457
1990-09-12,0.045306955,1.6000015237385001,0.0004181869780008287
1990-09-13,0.019538624,0.6900006449728001,0.00018034313109001614
1990-09-14,0.015291097,0.5400005032259,0.00014113810219087858
1990-09-15,0.013025749,0.4600004182103,0.00012022875098331625
1990-09-16,0.012459413,0.44000043227110003,0.0001150014224115092
1990-09-17,0.020104961,0.7100006662267001,0.00018557046889190672
1990-09-18,0.16990108,6.000005669876001,0.001568201155965503
1990-09-19,12.77089781,451.000424890807,0.1178764532183039
1990-09-20,3.199803665,113.00010648837551,0.029534455027099612
1990-09-21,11.6099071,410.00038626437,0.10716041201663991
1990-09-22,3.256437358,115.0001083665626,0.03005718874267808
1990-09-23,0.934455938,33.00003111368861,0.008625106339350099
1990-09-24,2.010496108,71.0000669051876,0.018557046963031336
1990-09-25,0.764554858,27.0000254438126,0.007056905183384596
1990-09-26,0.424752699,15.0000141393753,0.003920502880683674
1990-09-27,0.254851619,9.0000084694993,0.0023523017247181707
1990-09-28,0.16990108,6.000005669876001,0.001568201155965503
1990-09-29,0.101940648,3.6000034019256,0.0009409206935793017
1990-09-30,0.045306955,1.6000015237385001,0.0004181869780008287
1990-10-01,0.021237635,0.7500007087345001,0.00019602514449568788
1990-10-02,0.20671298,7.300006874806,0.0019079780669379728
1990-10-03,1.217624403,43.0000405046241,0.011238774917242466
1990-10-04,1.302574943,46.000043339562104,0.012022875495225216
1990-10-05,0.368119006,13.000012261188202,0.003397769165105201
1990-10-06,0.150079287,5.300004996618901,0.0013852443513594998
1990-10-07,0.019538624,0.6900006449728001,0.00018034313109001614
1990-10-08,0.004247527,0.15000014174690002,3.9205028899137574e-05
1990-10-09,,,
1990-10-10,,,
1990-10-11,,,
1990-10-12,0.073623801,2.6000024451747,0.0006795538311750235
1990-10-13,0.00368119,0.130000120493,3.3977691097247e-05
1990-10-14,0.002831685,0.10000010626950001,2.6136689009452884e-05
1990-10-15,0.001415842,0.05000003547740001,1.306833988968469e-05
1990-10-16,0.000283168,0.0099999929696,2.613664285903536e-06
1990-10-17,0.000566337,0.0200000212539,5.2273378018905765e-06
1990-10-18,0.000849505,0.0300000142235,7.841002087794113e-06
1990-10-19,0.001415842,0.05000003547740001,1.306833988968469e-05
1990-10-20,2.548516193,90.00008480093712,0.023523017274871962
1990-10-21,1.925545568,68.0000640702496,0.017772946385048588
1990-10-22,0.237861511,8.4000079025117,0.0021954816091216208
1990-10-23,0.118930756,4.2000039689132,0.001097740809175852
1990-10-24,0.016140603,0.5700005527641,0.0001489791135087562
1990-10-25,0.007645549,0.2700002692703,7.056905571048104e-05
1990-10-26,0.007079212,0.25000024801640003,6.534171790859045e-05
1990-10-27,0.006796043,0.2400002197321,6.272804439260342e-05
1990-10-28,0.006512875,0.2300002267625,6.011438010669987e-05
1990-10-29,0.005946538,0.21000020550860002,5.4887042304809305e-05
1990-10-30,0.006512875,0.2300002267625,6.011438010669987e-05
1990-10-31,0.006796043,0.2400002197321,6.272804439260342e-05
1990-11-01,0.00736238,0.260000240986,6.7955382194494e-05
1990-11-02,0.00736238,0.260000240986,6.7955382194494e-05
1990-11-03,0.010477233,0.37000034022510003,9.670573548985042e-05
1990-11-04,0.008211886,0.2900002905242,7.57963935123716e-05
1990-11-05,0.008495054,0.30000028349380004,7.841005779827515e-05
1990-11-06,0.009344559,0.33000029771730005,8.625105988606926e-05
1990-11-07,0.009910896,0.35000031897120004,9.147839768795984e-05
1990-11-08,0.009910896,0.35000031897120004,9.147839768795984e-05
1990-11-09,0.009627728,0.3400003260016,8.886473340205631e-05
1990-11-10,0.010760402,0.38000036850940005,9.931940900583746e-05
1990-11-11,0.010760402,0.38000036850940005,9.931940900583746e-05
1990-11-12,0.010760402,0.38000036850940005,9.931940900583746e-05
1990-11-13,0.010760402,0.38000036850940005,9.931940900583746e-05
1990-11-14,0.01104357,0.390000361479,0.000101933073291741
1990-11-15,0.010194065,0.3600003472555,9.409207120394688e-05
1990-11-16,0.011326739,0.40000038976330005,0.00010454674680772804
1990-11-17,0.010760402,0.38000036850940005,9.931940900583746e-05
1990-11-18,0.012176244,0.4300004039868,0.00011238774889552213
1990-11-19,0.011609907,0.4100003827329,0.00010716041109363156
1990-11-20,0.011893076,0.42000041101720004,0.00010977408460961861
1990-11-21,0.013025749,0.4600004182103,0.00012022875098331625
1990-11-22,0.011893076,0.42000041101720004,0.00010977408460961861
1990-11-23,0.013025749,0.4600004182103,0.00012022875098331625
1990-11-24,0.012742581,0.4500004252407,0.00011761508669741271
1990-11-25,0.014441592,0.5100004890024,0.00013329710010308445
1990-11-26,0.01472476,0.520000481972,0.000135910764388988
1990-11-27,0.016706939,0.5900005387033,0.00015420644208056326
1990-11-28,0.015574266,0.5500005315102,0.0001437517757068656
1990-11-29,0.016706939,0.5900005387033,0.00015420644208056326
1990-11-30,0.01840595,0.650000602465,0.000169888455486235
1990-12-01,0.018972287,0.6700006237189001,0.00017511579328812558
1990-12-02,0.01840595,0.650000602465,0.000169888455486235
1990-12-03,0.020671298,0.7300006874806001,0.0001907978066937973
1990-12-04,0.022936646,0.8100007724962001,0.00021170715790135963
1990-12-05,0.028316847,1.0000009567509,0.0002613668624042783
1990-12-06,0.031148531,1.1000010277057,0.0002875035421836477
1990-12-07,0.031148531,1.1000010277057,0.0002875035421836477
1990-12-08,0.033980216,1.2000011339752001,0.0003136402311931006
1990-12-09,0.045306955,1.6000015237385001,0.0004181869780008287
1990-12-10,0.048138639,1.7000015946933,0.000444323657780198
1990-12-11,0.050970324,1.8000017009628,0.00047046034678965083
1990-12-12,0.104772332,3.7000034728804,0.0009670573733586711
1990-12-13,0.186891188,6.600006236863601,0.0017250212715620534
1990-12-14,0.189722872,6.7000063078184,0.0017511579513414225
1990-12-15,0.096277278,3.4000031893866,0.000888647315560396
1990-12-16,0.283168466,10.0000094262502,0.002613668587122449
1990-12-17,0.339802159,12.000011304437301,0.0031364023027009224
1990-12-18,0.201049611,7.1000066975817,0.0018557046981491506
1990-12-19,0.198217926,7.0000065913122,0.0018295680091396974
1990-12-20,0.16990108,6.000005669876001,0.001568201155965503
1990-12-21,0.116099071,4.1000038626437005,0.0010716041201663993
1990-12-22,0.033980216,1.2000011339752001,0.0003136402311931006
1990-12-23,0.02208714,0.780000722958,0.000203866146583482
1990-12-24,0.016990108,0.6000005669876001,0.0001568201155965503
1990-12-25,0.015007929,0.5300005102563,0.00013852443790497503
1990-12-26,0.015007929,0.5300005102563,0.00013852443790497503
1990-12-27,0.015007929,0.5300005102563,0.00013852443790497503
1990-12-28,6.342973637,224.0002110985639,0.05854617633862074
1990-12-29,0.087782224,3.1000029058928003,0.0008102372577621209
1990-12-30,0.07928717,2.8000026223990004,0.0007318271999638457
1990-12-31,0.039643585,1.4000013111995002,0.00036591359998192286
1991-01-01,0.04247527,1.5000014174690002,0.00039205028899137577
1991-01-02,0.062297063,2.2000020907261,0.000575007093597379
1991-01-03,0.056633693,2.0000018781871,0.0005227337155784732
1991-01-04,0.04247527,1.5000014174690002,0.00039205028899137577
1991-01-05,18.26436605,645.000607745935,0.1685816238047874
1991-01-06,36.81190057,1300.001225059379,0.33977691623361755
1991-01-07,7.050894801,249.00023462887472,0.06508034779719679
1991-01-08,4.870497614,172.0001620891258,0.04495509968743002
1991-01-09,2.690100426,95.0000895140622,0.024829851568433186
1991-01-10,1.132673864,40.0000377050008,0.010454674348489797
1991-01-11,0.736238011,26.0000244870617,0.006795538320980318
1991-01-12,0.792871705,28.000026400563502,0.007318272045788875
1991-01-13,0.396435852,14.0000131826244,0.003659136018279395
1991-01-14,0.339802159,12.000011304437301,0.0031364023027009224
1991-01-15,0.339802159,12.000011304437301,0.0031364023027009224
1991-01-16,0.311485313,11.0000103830011,0.0028750354495267272
1991-01-17,0.274673412,9.7000091427564,0.0025352585293241738
1991-01-18,0.509703239,18.0000169743133,0.004704603458666426
1991-01-19,0.424752699,15.0000141393753,0.003920502880683674
1991-01-20,0.283168466,10.0000094262502,0.002613668587122449
1991-01-21,0.424752699,15.0000141393753,0.003920502880683674
1991-01-22,0.218039719,7.7000072645693,0.002012524813745701
1991-01-23,0.107604017,3.8000035791499003,0.000993194062368124
1991-01-24,0.093445594,3.3000031184318006,0.0008625106357810267
1991-01-25,0.090613909,3.2000030121623,0.0008363739467715737
1991-01-26,0.113267386,4.0000037563742,0.0010454674311569463
1991-01-27,0.12742581,4.500004252407,0.0011761508669741272
1991-01-28,0.087782224,3.1000029058928003,0.0008102372577621209
1991-01-29,0.158574341,5.6000052801127005,0.001463654409157775
1991-01-30,0.135920864,4.800004535900801,0.0012545609247724024
1991-01-31,0.118930756,4.2000039689132,0.001097740809175852
1991-02-01,0.087782224,3.1000029058928003,0.0008102372577621209
1991-02-02,0.062297063,2.2000020907261,0.000575007093597379
1991-02-03,0.243524881,8.6000081150507,0.0022477549871405267
1991-02-04,0.186891188,6.600006236863601,0.0017250212715620534
1991-02-05,0.155742656,5.500005173843201,0.0014375177201483222
1991-02-06,0.223703088,7.9000074417936,0.002064798182534523
1991-02-07,0.254851619,9.0000084694993,0.0023523017247181707
1991-02-08,0.16990108,6.000005669876001,0.001568201155965503
1991-02-09,0.198217926,7.0000065913122,0.0018295680091396974
1991-02-10,0.189722872,6.7000063078184,0.0017511579513414225
1991-02-11,0.877822244,31.000029200186802,0.008102372614541541
1991-02-12,1.359208636,48.000045217749204,0.01254560921080369
1991-02-13,2.831684659,100.0000942271873,0.02613668586199441
1991-02-14,1.840595028,65.0000612353116,0.016988845807065837
1991-02-15,1.472476023,52.0000490094381,0.01359107665119072
1991-02-16,1.33089179,47.000044296313,0.012284242357629493
1991-02-17,1.302574943,46.000043339562104,0.012022875495225216
1991-02-18,0.877822244,31.000029200186802,0.008102372614541541
1991-02-19,0.764554858,27.0000254438126,0.007056905183384596
1991-02-20,0.396435852,14.0000131826244,0.003659136018279395
1991-02-21,0.339802159,12.000011304437301,0.0031364023027009224
1991-02-22,0.339802159,12.000011304437301,0.0031364023027009224
1991-02-23,0.339802159,12.000011304437301,0.0031364023027009224
1991-02-24,0.271841727,9.6000090364869,0.002509121840314721
1991-02-25,0.240693196,8.5000080087812,0.0022216182981310735
1991-02-26,0.192554557,6.8000064140879,0.0017772946403508752
1991-02-27,0.192554557,6.8000064140879,0.0017772946403508752
1991-02-28,0.203881295,7.2000067685365,0.00188184137792852
1991-03-01,0.181227818,6.4000060243246,0.0016727478935431475
1991-03-02,0.538020085,19.0000178957495,0.004965970311840619
1991-03-03,0.849505398,30.0000282787506,0.007841005761367347
1991-03-04,0.481386392,17.0000160175624,0.004443236596262147
1991-03-05,0.339802159,12.000011304437301,0.0031364023027009224
1991-03-06,0.271841727,9.6000090364869,0.002509121840314721
1991-03-07,0.266178358,9.4000088592626,0.002456848471525899
1991-03-08,0.311485313,11.0000103830011,0.0028750354495267272
1991-03-09,0.220871403,7.8000073355241,0.0020386614935250704
1991-03-10,0.181227818,6.4000060243246,0.0016727478935431475
1991-03-11,0.226534773,8.0000075480631,0.002090934871543976
1991-03-12,0.229366457,8.1000076190179,0.0021170715513233454
1991-03-13,0.283168466,10.0000094262502,0.002613668587122449
1991-03-14,0.226534773,8.0000075480631,0.002090934871543976
1991-03-15,0.16990108,6.000005669876001,0.001568201155965503
1991-03-16,0.198217926,7.0000065913122,0.0018295680091396974
1991-03-17,0.16990108,6.000005669876001,0.001568201155965503
1991-03-18,0.141584233,5.0000047131251,0.0013068342935612246
1991-03-19,0.113267386,4.0000037563742,0.0010454674311569463
1991-03-20,0.113267386,4.0000037563742,0.0010454674311569463
1991-03-21,0.113267386,4.0000037563742,0.0010454674311569463
1991-03-22,0.141584233,5.0000047131251,0.0013068342935612246
1991-03-23,0.141584233,5.0000047131251,0.0013068342935612246
1991-03-24,0.141584233,5.0000047131251,0.0013068342935612246
1991-03-25,0.113267386,4.0000037563742,0.0010454674311569463
1991-03-26,0.113267386,4.0000037563742,0.0010454674311569463
1991-03-27,0.141584233,5.0000047131251,0.0013068342935612246
1991-03-28,0.16990108,6.000005669876001,0.001568201155965503
1991-03-29,0.283168466,10.0000094262502,0.002613668587122449
1991-03-30,0.424752699,15.0000141393753,0.003920502880683674
1991-03-31,0.566336932,20.0000188525004,0.005227337174244898
1991-04-01,0.509703239,18.0000169743133,0.004704603458666426
1991-04-02,0.424752699,15.0000141393753,0.003920502880683674
1991-04-03,0.283168466,10.0000094262502,0.002613668587122449
1991-04-04,0.141584233,5.0000047131251,0.0013068342935612246
1991-04-05,0.113267386,4.0000037563742,0.0010454674311569463
1991-04-06,0.08495054,3.0000028349380004,0.0007841005779827515
1991-04-07,0.056633693,2.0000018781871,0.0005227337155784732
1991-04-08,0.04247527,1.5000014174690002,0.00039205028899137577
1991-04-09,0.028316847,1.0000009567509,0.0002613668624042783
1991-04-10,0.028316847,1.0000009567509,0.0002613668624042783
1991-04-11,0.033980216,1.2000011339752001,0.0003136402311931006
1991-04-12,0.039643585,1.4000013111995002,0.00036591359998192286
1991-04-13,0.039643585,1.4000013111995002,0.00036591359998192286
1991-04-14,0.039643585,1.4000013111995002,0.00036591359998192286
1991-04-15,0.053802009,1.9000018072323,0.0004965970357991037
1991-04-16,0.056633693,2.0000018781871,0.0005227337155784732
1991-04-17,0.062297063,2.2000020907261,0.000575007093597379
1991-04-18,0.028316847,1.0000009567509,0.0002613668624042783
1991-04-19,0.594653778,21.0000197739366,0.005488704027419093
1991-04-20,0.566336932,20.0000188525004,0.005227337174244898
1991-04-21,0.424752699,15.0000141393753,0.003920502880683674
1991-04-22,0.090613909,3.2000030121623,0.0008363739467715737
1991-04-23,0.028316847,1.0000009567509,0.0002613668624042783
1991-04-24,0.039643585,1.4000013111995002,0.00036591359998192286
1991-04-25,0.028316847,1.0000009567509,0.0002613668624042783
1991-04-26,0.020104961,0.7100006662267001,0.00018557046889190672
1991-04-27,0.019538624,0.6900006449728001,0.00018034313109001614
1991-04-28,0.016706939,0.5900005387033,0.00015420644208056326
1991-04-29,0.073623801,2.6000024451747,0.0006795538311750235
1991-04-30,0.045306955,1.6000015237385001,0.0004181869780008287
1991-05-01,0.031148531,1.1000010277057,0.0002875035421836477
1991-05-02,0.015291097,0.5400005032259,0.00014113810219087858
1991-05-03,0.018122782,0.6400006094954,0.00016727479120033146
1991-05-04,0.01840595,0.650000602465,0.000169888455486235
1991-05-05,0.019255456,0.6800006520032,0.00017772946680411262
1991-05-06,0.019538624,0.6900006449728001,0.00018034313109001614
1991-05-07,0.017273276,0.6100005599572,0.00015943377988245384
1991-05-08,0.014441592,0.5100004890024,0.00013329710010308445
1991-05-09,0.010477233,0.37000034022510003,9.670573548985042e-05
1991-05-10,0.015857434,0.5600005244798001,0.00014636543999276913
1991-05-11,0.01840595,0.650000602465,0.000169888455486235
1991-05-12,0.016423771,0.5800005457337001,0.00015159277779465971
1991-05-13,0.015007929,0.5300005102563,0.00013852443790497503
1991-05-14,0.009910896,0.35000031897120004,9.147839768795984e-05
1991-05-15,0.011893076,0.42000041101720004,0.00010977408460961861
1991-05-16,0.016140603,0.5700005527641,0.0001489791135087562
1991-05-17,0.01104357,0.390000361479,0.000101933073291741
1991-05-18,0.006512875,0.2300002267625,6.011438010669987e-05
1991-05-19,0.005380201,0.19000018425470003,4.965970450291873e-05
1991-05-20,0.004247527,0.15000014174690002,3.9205028899137574e-05
1991-05-21,0.01104357,0.390000361479,0.000101933073291741
1991-05-22,0.008778222,0.31000027646340006,8.102372208417869e-05
1991-05-23,0.010477233,0.37000034022510003,9.670573548985042e-05
1991-05-24,0.012742581,0.4500004252407,0.00011761508669741271
1991-05-25,0.017556445,0.6200005882415001,0.00016204745339844088
1991-05-26,0.012742581,0.4500004252407,0.00011761508669741271
1991-05-27,0.005380201,0.19000018425470003,4.965970450291873e-05
1991-05-28,0.000566337,0.0200000212539,5.2273378018905765e-06
1991-05-29,0.006512875,0.2300002267625,6.011438010669987e-05
1991-05-30,0.00368119,0.130000120493,3.3977691097247e-05
1991-05-31,0.001415842,0.05000003547740001,1.306833988968469e-05
1991-06-01,0.013025749,0.4600004182103,0.00012022875098331625
1991-06-02,0.065128747,2.3000021616809003,0.0006011437733767482
1991-06-03,0.017273276,0.6100005599572,0.00015943377988245384
1991-06-04,0.010194065,0.3600003472555,9.409207120394688e-05
1991-06-05,0.028316847,1.0000009567509,0.0002613668624042783
1991-06-06,0.021520803,0.7600007017041001,0.0001986388087815914
1991-06-07,0.015857434,0.5600005244798001,0.00014636543999276913
1991-06-08,0.012459413,0.44000043227110003,0.0001150014224115092
1991-06-09,0.00736238,0.260000240986,6.7955382194494e-05
1991-06-10,0.00736238,0.260000240986,6.7955382194494e-05
1991-06-11,0.007928717,0.28000026223990004,7.318271999638457e-05
1991-06-12,0.006229706,0.22000019847820002,5.750070659071284e-05
1991-06-13,0.006229706,0.22000019847820002,5.750070659071284e-05
1991-06-14,4.134259602,146.0001375667494,0.038159561357219624
1991-06-15,0.991089631,35.000032991875706,0.009147840054928573
1991-06-16,0.02208714,0.780000722958,0.000203866146583482
1991-06-17,,,
1991-06-18,,,
1991-06-19,,,
1991-06-20,,,
1991-06-21,,,
1991-06-22,,,
1991-06-23,,,
1991-06-24,,,
1991-06-25,,,
1991-06-26,,,
1991-06-27,,,
1991-06-28,,,
1991-06-29,,,
1991-06-30,,,
1991-07-01,,,
1991-07-02,,,
1991-07-03,,,
1991-07-04,,,
1991-07-05,,,
1991-07-06,,,
1991-07-07,,,
1991-07-08,,,
1991-07-09,,,
1991-07-10,,,
1991-07-11,,,
1991-07-12,,,
1991-07-13,,,
1991-07-14,,,
1991-07-15,,,
1991-07-16,,,
1991-07-17,,,
1991-07-18,,,
1991-07-19,,,
1991-07-20,,,
1991-07-21,,,
1991-07-22,,,
1991-07-23,0.02775051,0.9800009354970001,0.00025613952460238774
1991-07-24,0.006796043,0.2400002197321,6.272804439260342e-05
1991-07-25,0.368119006,13.000012261188202,0.003397769165105201
1991-07-26,0.021237635,0.7500007087345001,0.00019602514449568788
1991-07-27,0.000283168,0.0099999929696,2.613664285903536e-06
1991-07-28,,,
1991-07-29,,,
1991-07-30,,,
1991-07-31,,,
1991-08-01,0.011893076,0.42000041101720004,0.00010977408460961861
1991-08-02,0.027467341,0.9700009072127,0.0002535258510864007
1991-08-03,0.004247527,0.15000014174690002,3.9205028899137574e-05
1991-08-04,7.815449659,276.00026007268735,0.07213725298058139
1991-08-05,1.274258097,45.0000424181259,0.011761508642051022
1991-08-06,0.707921165,25.0000235656255,0.006534171467806124
1991-08-07,2.973268892,105.00009894031241,0.027443520155555637
1991-08-08,0.821188551,29.000027321999703,0.0075796388989630694
1991-08-09,0.218039719,7.7000072645693,0.002012524813745701
1991-08-10,0.113267386,4.0000037563742,0.0010454674311569463
1991-08-11,0.067960432,2.4000022679504003,0.0006272804623862012
1991-08-12,0.056633693,2.0000018781871,0.0005227337155784732
1991-08-13,6.767726335,239.0002252026245,0.06246667921007434
1991-08-14,1.047723324,37.0000348700628,0.009670573770507044
1991-08-15,0.062297063,2.2000020907261,0.000575007093597379
1991-08-16,0.059465378,2.1000019844566,0.000548870404587926
1991-08-17,0.023502983,0.8300007937501,0.00021693449570325018
1991-08-18,0.007928717,0.28000026223990004,7.318271999638457e-05
1991-08-19,0.006796043,0.2400002197321,6.272804439260342e-05
1991-08-20,0.006796043,0.2400002197321,6.272804439260342e-05
1991-08-21,0.005946538,0.21000020550860002,5.4887042304809305e-05
1991-08-22,0.005946538,0.21000020550860002,5.4887042304809305e-05
1991-08-23,0.005946538,0.21000020550860002,5.4887042304809305e-05
1991-08-24,0.006512875,0.2300002267625,6.011438010669987e-05
1991-08-25,0.009627728,0.3400003260016,8.886473340205631e-05
1991-08-26,0.025485162,0.9000008504814,0.00023523017339482542
1991-08-27,0.009061391,0.3200003047477,8.363739560016573e-05
1991-08-28,0.009061391,0.3200003047477,8.363739560016573e-05
1991-08-29,0.022370309,0.7900007512423001,0.00020647982009946902
1991-08-30,0.045306955,1.6000015237385001,0.0004181869780008287
1991-08-31,0.246356565,8.700008186005501,0.0022738916669198957
1991-09-01,0.622970625,22.000020730687503,0.005750070889823372
1991-09-02,5.125349233,181.0001705586251,0.047307401412148196
1991-09-03,0.679604318,24.000022608874602,0.006272804605401845
1991-09-04,0.124594125,4.4000041461375,0.0011500141779646744
1991-09-05,0.311485313,11.0000103830011,0.0028750354495267272
1991-09-06,3.284754205,116.00010932331351,0.03031855560508236
1991-09-07,4.842180767,171.00016113237493,0.04469373282502575
1991-09-08,2.40693196,85.00008008781201,0.022216182981310735
1991-09-09,0.424752699,15.0000141393753,0.003920502880683674
1991-09-10,0.031148531,1.1000010277057,0.0002875035421836477
1991-09-11,0.003964359,0.1400001487773,3.659136461323404e-05
1991-09-12,0.24918825,8.800008292275,0.002300028355929349
1991-09-13,0.906139091,32.000030156937704,0.008363739476945822
1991-09-14,0.130257494,4.600004323361801,0.0012022875467534964
1991-09-15,0.002265348,0.0800000850156,2.0909351207562306e-05
1991-09-16,,,
1991-09-17,,,
1991-09-18,,,
1991-09-19,,,
1991-09-20,,,
1991-09-21,,,
1991-09-22,,,
1991-09-23,,,
1991-09-24,0.000283168,0.0099999929696,2.613664285903536e-06
1991-09-25,0.000283168,0.0099999929696,2.613664285903536e-06
1991-09-26,0.000849505,0.0300000142235,7.841002087794113e-06
1991-09-27,0.002265348,0.0800000850156,2.0909351207562306e-05
1991-09-28,0.002548516,0.0900000779852,2.3523015493465843e-05
1991-09-29,0.002831685,0.10000010626950001,2.6136689009452884e-05
1991-09-30,0.260514989,9.2000086820383,0.0024045751027370766
1991-10-01,0.232198142,8.200007725287401,0.0021432082403327985
1991-10-02,0.339802159,12.000011304437301,0.0031364023027009224
1991-10-03,0.368119006,13.000012261188202,0.003397769165105201
1991-10-04,0.481386392,17.0000160175624,0.004443236596262147
1991-10-05,0.481386392,17.0000160175624,0.004443236596262147
1991-10-06,0.481386392,17.0000160175624,0.004443236596262147
1991-10-07,0.424752699,15.0000141393753,0.003920502880683674
1991-10-08,0.311485313,11.0000103830011,0.0028750354495267272
1991-10-09,0.339802159,12.000011304437301,0.0031364023027009224
1991-10-10,0.679604318,24.000022608874602,0.006272804605401845
1991-10-11,0.622970625,22.000020730687503,0.005750070889823372
1991-10-12,0.622970625,22.000020730687503,0.005750070889823372
1991-10-13,0.509703239,18.0000169743133,0.004704603458666426
1991-10-14,0.566336932,20.0000188525004,0.005227337174244898
1991-10-15,0.509703239,18.0000169743133,0.004704603458666426
1991-10-16,0.396435852,14.0000131826244,0.003659136018279395
1991-10-17,0.368119006,13.000012261188202,0.003397769165105201
1991-10-18,0.339802159,12.000011304437301,0.0031364023027009224
1991-10-19,0.339802159,12.000011304437301,0.0031364023027009224
1991-10-20,0.339802159,12.000011304437301,0.0031364023027009224
1991-10-21,0.339802159,12.000011304437301,0.0031364023027009224
1991-10-22,0.311485313,11.0000103830011,0.0028750354495267272
1991-10-23,0.311485313,11.0000103830011,0.0028750354495267272
1991-10-24,0.283168466,10.0000094262502,0.002613668587122449
1991-10-25,0.283168466,10.0000094262502,0.002613668587122449
1991-10-26,0.283168466,10.0000094262502,0.002613668587122449
1991-10-27,0.254851619,9.0000084694993,0.0023523017247181707
1991-10-28,0.339802159,12.000011304437301,0.0031364023027009224
1991-10-29,0.339802159,12.000011304437301,0.0031364023027009224
1991-10-30,0.339802159,12.000011304437301,0.0031364023027009224
1991-10-31,0.226534773,8.0000075480631,0.002090934871543976
1991-11-01,0.220871403,7.8000073355241,0.0020386614935250704
1991-11-02,0.368119006,13.000012261188202,0.003397769165105201
1991-11-03,0.424752699,15.0000141393753,0.003920502880683674
1991-11-04,0.424752699,15.0000141393753,0.003920502880683674
1991-11-05,0.453069545,16.000015060811503,0.004181869733857869
1991-11-06,0.453069545,16.000015060811503,0.004181869733857869
1991-11-07,0.453069545,16.000015060811503,0.004181869733857869
1991-11-08,0.424752699,15.0000141393753,0.003920502880683674
1991-11-09,0.424752699,15.0000141393753,0.003920502880683674
1991-11-10,0.453069545,16.000015060811503,0.004181869733857869
1991-11-11,0.566336932,20.0000188525004,0.005227337174244898
1991-11-12,0.566336932,20.0000188525004,0.005227337174244898
1991-11-13,0.538020085,19.0000178957495,0.004965970311840619
1991-11-14,0.566336932,20.0000188525004,0.005227337174244898
1991-11-15,0.651287472,23.0000216874384,0.0060114377522276505
1991-11-16,21.71902134,767.0007229156981,0.20046838061198569
1991-11-17,6.371290483,225.0002120200001,0.05880754319179494
1991-11-18,3.82277429,135.00012721906302,0.035284525916922986
1991-11-19,1.585743409,56.000052765812306,0.014636544082347666
1991-11-20,0.566336932,20.0000188525004,0.005227337174244898
1991-11-21,0.175564449,6.200005847100301,0.0016204745247543253
1991-11-22,0.067960432,2.4000022679504003,0.0006272804623862012
1991-11-23,0.031148531,1.1000010277057,0.0002875035421836477
1991-11-24,0.056633693,2.0000018781871,0.0005227337155784732
1991-11-25,0.031148531,1.1000010277057,0.0002875035421836477
1991-11-26,0.082118855,2.9000027286685004,0.0007579638889732987
1991-11-27,0.099108963,3.5000032956561,0.0009147840045698487
1991-11-28,0.184059503,6.500006130594101,0.0016988845825526005
1991-11-29,0.147247602,5.2000048903494,0.001359107662350047
1991-11-30,0.096277278,3.4000031893866,0.000888647315560396
1991-12-01,0.031148531,1.1000010277057,0.0002875035421836477
1991-12-02,0.025201993,0.8900008221971,0.0002326164998788384
1991-12-03,0.028316847,1.0000009567509,0.0002613668624042783
1991-12-04,0.026334667,0.9300008647049001,0.00024307117548261952
1991-12-05,0.016423771,0.5800005457337001,0.00015159277779465971
1991-12-06,0.011609907,0.4100003827329,0.00010716041109363156
1991-12-07,0.011326739,0.40000038976330005,0.00010454674680772804
1991-12-08,0.01840595,0.650000602465,0.000169888455486235
1991-12-09,0.022653477,0.8000007442119001,0.00020909348438537256
1991-12-10,0.033980216,1.2000011339752001,0.0003136402311931006
1991-12-11,0.212376349,7.5000070520303,0.001960251435726795
1991-12-12,1.274258097,45.0000424181259,0.011761508642051022
1991-12-13,5.097032387,180.0001696371889,0.047046034558974
1991-12-14,3.539605824,125.00011779281282,0.03267085732980053
1991-12-15,1.104357017,39.000036748249904,0.01019330748608552
1991-12-16,0.339802159,12.000011304437301,0.0031364023027009224
1991-12-17,0.260514989,9.2000086820383,0.0024045751027370766
1991-12-18,0.161406026,5.700005386382201,0.001489791098167228
1991-12-19,0.141584233,5.0000047131251,0.0013068342935612246
1991-12-20,3.114853125,110.00010365343749,0.028750354449116857
1991-12-21,7.022577955,248.00023370743853,0.0648189809440226
1991-12-22,1.755644489,62.0000584356883,0.01620474523831317
1991-12-23,0.962772784,34.0000320351248,0.008886473192524294
1991-12-24,0.679604318,24.000022608874602,0.006272804605401845
1991-12-25,0.566336932,20.0000188525004,0.005227337174244898
1991-12-26,0.368119006,13.000012261188202,0.003397769165105201
1991-12-27,0.195386241,6.9000064850427,0.0018034313201302447
1991-12-28,0.203881295,7.2000067685365,0.00188184137792852
1991-12-29,0.237861511,8.4000079025117,0.0021954816091216208
1991-12-30,0.175564449,6.200005847100301,0.0016204745247543253
1991-12-31,0.184059503,6.500006130594101,0.0016988845825526005
1992-01-01,0.167069395,5.9000055636065,0.00154206446695605
1992-01-02,0.135920864,4.800004535900801,0.0012545609247724024
1992-01-03,0.048138639,1.7000015946933,0.000444323657780198
1992-01-04,0.118930756,4.2000039689132,0.001097740809175852
1992-01-05,0.237861511,8.4000079025117,0.0021954816091216208
1992-01-06,0.263346673,9.300008752993099,0.002430711782516446
1992-01-07,0.821188551,29.000027321999703,0.0075796388989630694
1992-01-08,2.180397188,77.00007257506361,0.020125248118996845
1992-01-09,0.566336932,20.0000188525004,0.005227337174244898
1992-01-10,0.453069545,16.000015060811503,0.004181869733857869
1992-01-11,0.453069545,16.000015060811503,0.004181869733857869
1992-01-12,0.368119006,13.000012261188202,0.003397769165105201
1992-01-13,0.396435852,14.0000131826244,0.003659136018279395
1992-01-14,0.453069545,16.000015060811503,0.004181869733857869
1992-01-15,0.161406026,5.700005386382201,0.001489791098167228
1992-01-16,0.110435702,3.9000036854194002,0.0010193307513775768
1992-01-17,0.096277278,3.4000031893866,0.000888647315560396
1992-01-18,0.093445594,3.3000031184318006,0.0008625106357810267
1992-01-19,0.065128747,2.3000021616809003,0.0006011437733767482
1992-01-20,0.039643585,1.4000013111995002,0.00036591359998192286
1992-01-21,0.053802009,1.9000018072323,0.0004965970357991037
1992-01-22,0.067960432,2.4000022679504003,0.0006272804623862012
1992-01-23,0.099108963,3.5000032956561,0.0009147840045698487
1992-01-24,0.087782224,3.1000029058928003,0.0008102372577621209
1992-01-25,0.116099071,4.1000038626437005,0.0010716041201663993
1992-01-26,0.135920864,4.800004535900801,0.0012545609247724024
1992-01-27,0.124594125,4.4000041461375,0.0011500141779646744
1992-01-28,0.070792116,2.5000023389052,0.0006534171421655705
1992-01-29,0.056633693,2.0000018781871,0.0005227337155784732
1992-01-30,0.087782224,3.1000029058928003,0.0008102372577621209
1992-01-31,0.096277278,3.4000031893866,0.000888647315560396
1992-02-01,0.124594125,4.4000041461375,0.0011500141779646744
1992-02-02,0.260514989,9.2000086820383,0.0024045751027370766
1992-02-03,0.24918825,8.800008292275,0.002300028355929349
1992-02-04,0.906139091,32.000030156937704,0.008363739476945822
1992-02-05,1.755644489,62.0000584356883,0.01620474523831317
1992-02-06,3.709506904,131.0001234626888,0.034239058485766034
1992-02-07,3.228120511,114.00010740981172,0.02979582188027381
1992-02-08,0.962772784,34.0000320351248,0.008886473192524294
1992-02-09,4.785547074,169.00015925418782,0.04417099910944727
1992-02-10,9.372876222,331.0003119170634,0.08651243020975485
1992-02-11,12.96911574,458.000431623378,0.11970602126436393
1992-02-12,11.27010494,398.00037492461803,0.10402400970470892
1992-02-13,14.83802761,524.000493638867,0.13695623388768363
1992-02-14,21.71902134,767.0007229156981,0.20046838061198569
1992-02-15,11.58159026,409.00038555482206,0.10689904521884622
1992-02-16,3.879407983,137.00012909725012,0.03580725963250146
1992-02-17,1.24594125,44.000041461375005,0.011500141779646743
1992-02-18,0.792871705,28.000026400563502,0.007318272045788875
1992-02-19,0.764554858,27.0000254438126,0.007056905183384596
1992-02-20,0.792871705,28.000026400563502,0.007318272045788875
1992-02-21,0.622970625,22.000020730687503,0.005750070889823372
1992-02-22,0.509703239,18.0000169743133,0.004704603458666426
1992-02-23,0.538020085,19.0000178957495,0.004965970311840619
1992-02-24,0.538020085,19.0000178957495,0.004965970311840619
1992-02-25,0.453069545,16.000015060811503,0.004181869733857869
1992-02-26,0.396435852,14.0000131826244,0.003659136018279395
1992-02-27,0.274673412,9.7000091427564,0.0025352585293241738
1992-02-28,0.24918825,8.800008292275,0.002300028355929349
1992-02-29,0.243524881,8.6000081150507,0.0022477549871405267
1992-03-01,0.246356565,8.700008186005501,0.0022738916669198957
1992-03-02,0.246356565,8.700008186005501,0.0022738916669198957
1992-03-03,0.260514989,9.2000086820383,0.0024045751027370766
1992-03-04,0.263346673,9.300008752993099,0.002430711782516446
1992-03-05,0.481386392,17.0000160175624,0.004443236596262147
1992-03-06,0.339802159,12.000011304437301,0.0031364023027009224
1992-03-07,0.223703088,7.9000074417936,0.002064798182534523
1992-03-08,0.223703088,7.9000074417936,0.002064798182534523
1992-03-09,0.220871403,7.8000073355241,0.0020386614935250704
1992-03-10,0.235029827,8.3000078315569,0.0021693449293422513
1992-03-11,0.283168466,10.0000094262502,0.002613668587122449
1992-03-12,0.218039719,7.7000072645693,0.002012524813745701
1992-03-13,0.16423771,5.800005457337001,0.0015159277779465974
1992-03-14,0.133089179,4.7000044296313,0.0012284242357629494
1992-03-15,0.116099071,4.1000038626437005,0.0010716041201663993
1992-03-16,0.096277278,3.4000031893866,0.000888647315560396
1992-03-17,0.090613909,3.2000030121623,0.0008363739467715737
1992-03-18,0.096277278,3.4000031893866,0.000888647315560396
1992-03-19,0.087782224,3.1000029058928003,0.0008102372577621209
1992-03-20,0.087782224,3.1000029058928003,0.0008102372577621209
1992-03-21,0.076455486,2.7000025514442,0.0007056905201844764
1992-03-22,0.067960432,2.4000022679504003,0.0006272804623862012
1992-03-23,0.096277278,3.4000031893866,0.000888647315560396
1992-03-24,0.147247602,5.2000048903494,0.001359107662350047
1992-03-25,0.130257494,4.600004323361801,0.0012022875467534964
1992-03-26,0.12176244,4.300004039868,0.0011238774889552215
1992-03-27,0.130257494,4.600004323361801,0.0012022875467534964
1992-03-28,0.178396134,6.3000059533698005,0.0016466112137637782
1992-03-29,0.184059503,6.500006130594101,0.0016988845825526005
1992-03-30,0.368119006,13.000012261188202,0.003397769165105201
1992-03-31,1.359208636,48.000045217749204,0.01254560921080369
1992-04-01,0.509703239,18.0000169743133,0.004704603458666426
1992-04-02,1.585743409,56.000052765812306,0.014636544082347666
1992-04-03,0.566336932,20.0000188525004,0.005227337174244898
1992-04-04,0.252019935,8.9000083985445,0.002326165044938801
1992-04-05,0.12742581,4.500004252407,0.0011761508669741272
1992-04-06,0.059465378,2.1000019844566,0.000548870404587926
1992-04-07,0.082118855,2.9000027286685004,0.0007579638889732987
1992-04-08,0.08495054,3.0000028349380004,0.0007841005779827515
1992-04-09,0.053802009,1.9000018072323,0.0004965970357991037
1992-04-10,0.538020085,19.0000178957495,0.004965970311840619
1992-04-11,3.454655284,122.00011495787481,0.031886756751817784
1992-04-12,5.040398693,178.00016772368713,0.04652330083416545
1992-04-13,5.380200852,190.0001790281244,0.04965970313686637
1992-04-14,3.511288977,124.0001168360619,0.03240949046739625
1992-04-15,2.321981421,82.00007728818869,0.021432082412558066
1992-04-16,2.57683304,91.000085757688,0.023784384137276238
1992-04-17,1.953862415,69.0000650270005,0.018034313247452863
1992-04-18,0.849505398,30.0000282787506,0.007841005761367347
1992-04-19,0.651287472,23.0000216874384,0.0060114377522276505
1992-04-20,0.906139091,32.000030156937704,0.008363739476945822
1992-04-21,0.594653778,21.0000197739366,0.005488704027419093
1992-04-22,0.509703239,18.0000169743133,0.004704603458666426
1992-04-23,0.339802159,12.000011304437301,0.0031364023027009224
1992-04-24,0.08495054,3.0000028349380004,0.0007841005779827515
1992-04-25,0.033980216,1.2000011339752001,0.0003136402311931006
1992-04-26,0.028316847,1.0000009567509,0.0002613668624042783
1992-04-27,0.020104961,0.7100006662267001,0.00018557046889190672
1992-04-28,0.012176244,0.4300004039868,0.00011238774889552213
1992-04-29,0.011326739,0.40000038976330005,0.00010454674680772804
1992-04-30,0.009061391,0.3200003047477,8.363739560016573e-05
1992-05-01,0.006796043,0.2400002197321,6.272804439260342e-05
1992-05-02,0.006512875,0.2300002267625,6.011438010669987e-05
1992-05-03,0.01104357,0.390000361479,0.000101933073291741
1992-05-04,0.010760402,0.38000036850940005,9.931940900583746e-05
1992-05-05,0.009627728,0.3400003260016,8.886473340205631e-05
1992-05-06,0.008211886,0.2900002905242,7.57963935123716e-05
1992-05-07,0.013025749,0.4600004182103,0.00012022875098331625
1992-05-08,0.235029827,8.3000078315569,0.0021693449293422513
1992-05-09,0.396435852,14.0000131826244,0.003659136018279395
1992-05-10,0.396435852,14.0000131826244,0.003659136018279395
1992-05-11,0.481386392,17.0000160175624,0.004443236596262147
1992-05-12,1.047723324,37.0000348700628,0.009670573770507044
1992-05-13,0.509703239,18.0000169743133,0.004704603458666426
1992-05-14,0.198217926,7.0000065913122,0.0018295680091396974
1992-05-15,0.070792116,2.5000023389052,0.0006534171421655705
1992-05-16,0.022370309,0.7900007512423001,0.00020647982009946902
1992-05-17,0.017839613,0.6300005812111,0.0001646611176843444
1992-05-18,0.008778222,0.31000027646340006,8.102372208417869e-05
1992-05-19,0.007928717,0.28000026223990004,7.318271999638457e-05
1992-05-20,0.368119006,13.000012261188202,0.003397769165105201
1992-05-21,1.642377102,58.000054643999405,0.015159277797926139
1992-05-22,1.925545568,68.0000640702496,0.017772946385048588
1992-05-23,0.594653778,21.0000197739366,0.005488704027419093
1992-05-24,9.769312074,345.0003250996878,0.09017156622803425
1992-05-25,2.180397188,77.00007257506361,0.020125248118996845
1992-05-26,1.670693949,59.0000556007503,0.015420644660330418
1992-05-27,2.095446648,74.0000697401256,0.019341147541014087
1992-05-28,1.359208636,48.000045217749204,0.01254560921080369
1992-05-29,2.633466733,93.0000876358751,0.024307117852854714
1992-05-30,6.654458949,235.00022144625032,0.0614212117789174
1992-05-31,0.906139091,32.000030156937704,0.008363739476945822
1992-06-01,0.538020085,19.0000178957495,0.004965970311840619
1992-06-02,0.274673412,9.7000091427564,0.0025352585293241738
1992-06-03,0.116099071,4.1000038626437005,0.0010716041201663993
1992-06-04,0.070792116,2.5000023389052,0.0006534171421655705
1992-06-05,0.045306955,1.6000015237385001,0.0004181869780008287
1992-06-06,0.033980216,1.2000011339752001,0.0003136402311931006
1992-06-07,0.010477233,0.37000034022510003,9.670573548985042e-05
1992-06-08,0.006512875,0.2300002267625,6.011438010669987e-05
1992-06-09,0.011609907,0.4100003827329,0.00010716041109363156
1992-06-10,0.011609907,0.4100003827329,0.00010716041109363156
1992-06-11,0.007928717,0.28000026223990004,7.318271999638457e-05
1992-06-12,0.003114853,0.11000009923910001,2.875035329535642e-05
1992-06-13,,,
1992-06-14,,,
1992-06-15,,,
1992-06-16,,,
1992-06-17,,,
1992-06-18,,,
1992-06-19,,,
1992-06-20,,,
1992-06-21,,,
1992-06-22,,,
1992-06-23,,,
1992-06-24,,,
1992-06-25,,,
1992-06-26,,,
1992-06-27,,,
1992-06-28,,,
1992-06-29,,,
1992-06-30,,,
1992-07-01,,,
1992-07-02,,,
1992-07-03,,,
1992-07-04,,,
1992-07-05,,,
1992-07-06,,,
1992-07-07,,,
1992-07-08,,,
1992-07-09,,,
1992-07-10,,,
1992-07-11,,,
1992-07-12,8.268519205,292.0002751688135,0.07631912272366934
1992-07-13,31.71486818,1120.001055316246,0.2927308816469533
1992-07-14,9.344559375,330.0003109603125,0.08625106334735057
1992-07-15,0.934455938,33.00003111368861,0.008625106339350099
1992-07-16,0.481386392,17.0000160175624,0.004443236596262147
1992-07-17,0.192554557,6.8000064140879,0.0017772946403508752
1992-07-18,0.096277278,3.4000031893866,0.000888647315560396
1992-07-19,0.059465378,2.1000019844566,0.000548870404587926
1992-07-20,0.023786151,0.8400007867197,0.0002195481599891537
1992-07-21,0.012459413,0.44000043227110003,0.0001150014224115092
1992-07-22,0.062297063,2.2000020907261,0.000575007093597379
1992-07-23,0.053802009,1.9000018072323,0.0004965970357991037
1992-07-24,0.651287472,23.0000216874384,0.0060114377522276505
1992-07-25,0.566336932,20.0000188525004,0.005227337174244898
1992-07-26,2.265347727,80.0000753746869,0.02090934868774951
1992-07-27,4.445744915,157.0001479497505,0.04103459680674635
1992-07-28,0.509703239,18.0000169743133,0.004704603458666426
1992-07-29,0.257683304,9.1000085757688,0.002378438413727624
1992-07-30,0.070792116,2.5000023389052,0.0006534171421655705
1992-07-31,0.010194065,0.3600003472555,9.409207120394688e-05
1992-08-01,0.024635657,0.8700008362579,0.00022738917130703132
1992-08-02,0.013025749,0.4600004182103,0.00012022875098331625
1992-08-03,0.016990108,0.6000005669876001,0.0001568201155965503
1992-08-04,0.010760402,0.38000036850940005,9.931940900583746e-05
1992-08-05,0.019538624,0.6900006449728001,0.00018034313109001614
1992-08-06,0.203881295,7.2000067685365,0.00188184137792852
1992-08-07,21.69070449,766.0007218530031,0.20020701372189115
1992-08-08,3.001585739,106.0000998970633,0.02770488701795991
1992-08-09,1.019406477,36.0000339133119,0.009409206908102768
1992-08-10,0.622970625,22.000020730687503,0.005750070889823372
1992-08-11,0.396435852,14.0000131826244,0.003659136018279395
1992-08-12,0.155742656,5.500005173843201,0.0014375177201483222
1992-08-13,0.056633693,2.0000018781871,0.0005227337155784732
1992-08-14,0.048138639,1.7000015946933,0.000444323657780198
1992-08-15,0.02775051,0.9800009354970001,0.00025613952460238774
1992-08-16,0.104772332,3.7000034728804,0.0009670573733586711
1992-08-17,0.396435852,14.0000131826244,0.003659136018279395
1992-08-18,0.189722872,6.7000063078184,0.0017511579513414225
1992-08-19,0.07928717,2.8000026223990004,0.0007318271999638457
1992-08-20,0.065128747,2.3000021616809003,0.0006011437733767482
1992-08-21,0.019538624,0.6900006449728001,0.00018034313109001614
1992-08-22,0.07928717,2.8000026223990004,0.0007318271999638457
1992-08-23,1.783961335,63.000059357124506,0.016466112091487364
1992-08-24,7.815449659,276.00026007268735,0.07213725298058139
1992-08-25,15.85743409,560.000527658123,0.14636544082347666
1992-08-26,1.274258097,45.0000424181259,0.011761508642051022
1992-08-27,0.396435852,14.0000131826244,0.003659136018279395
1992-08-28,0.186891188,6.600006236863601,0.0017250212715620534
1992-08-29,0.067960432,2.4000022679504003,0.0006272804623862012
1992-08-30,0.020954466,0.7400006804502001,0.00019341147097970085
1992-08-31,0.107604017,3.8000035791499003,0.000993194062368124
1992-09-01,5.15366608,182.000171515376,0.047568768274552475
1992-09-02,1.274258097,45.0000424181259,0.011761508642051022
1992-09-03,0.651287472,23.0000216874384,0.0060114377522276505
1992-09-04,0.280336781,9.9000093199807,0.002587531898112996
1992-09-05,0.158574341,5.6000052801127005,0.001463654409157775
1992-09-06,0.110435702,3.9000036854194002,0.0010193307513775768
1992-09-07,0.08495054,3.0000028349380004,0.0007841005779827515
1992-09-08,0.045306955,1.6000015237385001,0.0004181869780008287
1992-09-09,0.050970324,1.8000017009628,0.00047046034678965083
1992-09-10,0.08495054,3.0000028349380004,0.0007841005779827515
1992-09-11,0.076455486,2.7000025514442,0.0007056905201844764
1992-09-12,0.101940648,3.6000034019256,0.0009409206935793017
1992-09-13,0.082118855,2.9000027286685004,0.0007579638889732987
1992-09-14,0.101940648,3.6000034019256,0.0009409206935793017
1992-09-15,0.16990108,6.000005669876001,0.001568201155965503
1992-09-16,0.283168466,10.0000094262502,0.002613668587122449
1992-09-17,0.821188551,29.000027321999703,0.0075796388989630694
1992-09-18,0.481386392,17.0000160175624,0.004443236596262147
1992-09-19,29.73268892,1050.000989403124,0.27443520155555634
1992-09-20,4.134259602,146.0001375667494,0.038159561357219624
1992-09-21,0.764554858,27.0000254438126,0.007056905183384596
1992-09-22,0.481386392,17.0000160175624,0.004443236596262147
1992-09-23,0.24918825,8.800008292275,0.002300028355929349
1992-09-24,0.311485313,11.0000103830011,0.0028750354495267272
1992-09-25,0.101940648,3.6000034019256,0.0009409206935793017
1992-09-26,0.026617836,0.9400008929892,0.0002456848489986066
1992-09-27,0.022370309,0.7900007512423001,0.00020647982009946902
1992-09-28,0.028316847,1.0000009567509,0.0002613668624042783
1992-09-29,0.04247527,1.5000014174690002,0.00039205028899137577
1992-09-30,0.053802009,1.9000018072323,0.0004965970357991037
1992-10-01,0.065128747,2.3000021616809003,0.0006011437733767482
1992-10-02,0.067960432,2.4000022679504003,0.0006272804623862012
1992-10-03,0.048138639,1.7000015946933,0.000444323657780198
1992-10-04,0.048138639,1.7000015946933,0.000444323657780198
1992-10-05,0.067960432,2.4000022679504003,0.0006272804623862012
1992-10-06,0.048138639,1.7000015946933,0.000444323657780198
1992-10-07,0.056633693,2.0000018781871,0.0005227337155784732
1992-10-08,0.133089179,4.7000044296313,0.0012284242357629494
1992-10-09,0.04247527,1.5000014174690002,0.00039205028899137577
1992-10-10,0.028316847,1.0000009567509,0.0002613668624042783
1992-10-11,0.028316847,1.0000009567509,0.0002613668624042783
1992-10-12,0.026051499,0.9200008717353,0.000240457511196716
1992-10-13,0.024635657,0.8700008362579,0.00022738917130703132
1992-10-14,0.039643585,1.4000013111995002,0.00036591359998192286
1992-10-15,0.033980216,1.2000011339752001,0.0003136402311931006
1992-10-16,0.031148531,1.1000010277057,0.0002875035421836477
1992-10-17,0.031148531,1.1000010277057,0.0002875035421836477
1992-10-18,0.028316847,1.0000009567509,0.0002613668624042783
1992-10-19,0.027467341,0.9700009072127,0.0002535258510864007
1992-10-20,0.031148531,1.1000010277057,0.0002875035421836477
1992-10-21,0.04247527,1.5000014174690002,0.00039205028899137577
1992-10-22,0.065128747,2.3000021616809003,0.0006011437733767482
1992-10-23,0.062297063,2.2000020907261,0.000575007093597379
1992-10-24,0.269010043,9.5000089655321,0.002482985160535352
1992-10-25,2.038812955,72.0000678619385,0.01881841382543562
1992-10-26,1.840595028,65.0000612353116,0.016988845807065837
1992-10-27,0.821188551,29.000027321999703,0.0075796388989630694
1992-10-28,0.481386392,17.0000160175624,0.004443236596262147
1992-10-29,0.311485313,11.0000103830011,0.0028750354495267272
1992-10-30,1.274258097,45.0000424181259,0.011761508642051022
1992-10-31,0.707921165,25.0000235656255,0.006534171467806124
1992-11-01,0.311485313,11.0000103830011,0.0028750354495267272
1992-11-02,0.368119006,13.000012261188202,0.003397769165105201
1992-11-03,0.283168466,10.0000094262502,0.002613668587122449
1992-11-04,0.189722872,6.7000063078184,0.0017511579513414225
1992-11-05,0.16990108,6.000005669876001,0.001568201155965503
1992-11-06,0.124594125,4.4000041461375,0.0011500141779646744
1992-11-07,0.082118855,2.9000027286685004,0.0007579638889732987
1992-11-08,0.104772332,3.7000034728804,0.0009670573733586711
1992-11-09,0.12742581,4.500004252407,0.0011761508669741272
1992-11-10,0.12742581,4.500004252407,0.0011761508669741272
1992-11-11,0.141584233,5.0000047131251,0.0013068342935612246
1992-11-12,0.07928717,2.8000026223990004,0.0007318271999638457
1992-11-13,0.339802159,12.000011304437301,0.0031364023027009224
1992-11-14,0.232198142,8.200007725287401,0.0021432082403327985
1992-11-15,0.229366457,8.1000076190179,0.0021170715513233454
1992-11-16,0.254851619,9.0000084694993,0.0023523017247181707
1992-11-17,0.24918825,8.800008292275,0.002300028355929349
1992-11-18,0.235029827,8.3000078315569,0.0021693449293422513
1992-11-19,0.229366457,8.1000076190179,0.0021170715513233454
1992-11-20,0.229366457,8.1000076190179,0.0021170715513233454
1992-11-21,0.215208034,7.600007158299801,0.001986388124736248
1992-11-22,0.198217926,7.0000065913122,0.0018295680091396974
1992-11-23,0.189722872,6.7000063078184,0.0017511579513414225
1992-11-24,0.24918825,8.800008292275,0.002300028355929349
1992-11-25,0.070792116,2.5000023389052,0.0006534171421655705
1992-11-26,0.020104961,0.7100006662267001,0.00018557046889190672
1992-11-27,0.008495054,0.30000028349380004,7.841005779827515e-05
1992-11-28,0.020104961,0.7100006662267001,0.00018557046889190672
1992-11-29,0.023219814,0.8200007654658,0.00021432082218726312
1992-11-30,0.023219814,0.8200007654658,0.00021432082218726312
1992-12-01,0.010194065,0.3600003472555,9.409207120394688e-05
1992-12-02,0.016990108,0.6000005669876001,0.0001568201155965503
1992-12-03,0.026901004,0.9500008859588001,0.00024829851328451015
1992-12-04,0.070792116,2.5000023389052,0.0006534171421655705
1992-12-05,0.036811901,1.3000012402447,0.0003397769202025535
1992-12-06,0.015574266,0.5500005315102,0.0001437517757068656
1992-12-07,0.070792116,2.5000023389052,0.0006534171421655705
1992-12-08,0.155742656,5.500005173843201,0.0014375177201483222
1992-12-09,0.099108963,3.5000032956561,0.0009147840045698487
1992-12-10,0.141584233,5.0000047131251,0.0013068342935612246
1992-12-11,0.229366457,8.1000076190179,0.0021170715513233454
1992-12-12,0.226534773,8.0000075480631,0.002090934871543976
1992-12-13,0.172732764,6.100005740830801,0.0015943378357448725
1992-12-14,0.198217926,7.0000065913122,0.0018295680091396974
1992-12-15,0.181227818,6.4000060243246,0.0016727478935431475
1992-12-16,0.311485313,11.0000103830011,0.0028750354495267272
1992-12-17,0.209544665,7.4000069810755,0.0019341147559474255
1992-12-18,0.283168466,10.0000094262502,0.002613668587122449
1992-12-19,0.090613909,3.2000030121623,0.0008363739467715737
1992-12-20,0.020104961,0.7100006662267001,0.00018557046889190672
1992-12-21,0.036811901,1.3000012402447,0.0003397769202025535
1992-12-22,0.028316847,1.0000009567509,0.0002613668624042783
1992-12-23,0.028316847,1.0000009567509,0.0002613668624042783
1992-12-24,0.028316847,1.0000009567509,0.0002613668624042783
1992-12-25,0.028316847,1.0000009567509,0.0002613668624042783
1992-12-26,1.982179261,70.0000659484367,0.01829568010062706
1992-12-27,0.849505398,30.0000282787506,0.007841005761367347
1992-12-28,0.566336932,20.0000188525004,0.005227337174244898
1992-12-29,0.283168466,10.0000094262502,0.002613668587122449
1992-12-30,0.283168466,10.0000094262502,0.002613668587122449
1992-12-31,0.283168466,10.0000094262502,0.002613668587122449
1993-01-01,0.283168466,10.0000094262502,0.002613668587122449
1993-01-02,0.283168466,10.0000094262502,0.002613668587122449
1993-01-03,0.198217926,7.0000065913122,0.0018295680091396974
1993-01-04,0.08495054,3.0000028349380004,0.0007841005779827515
1993-01-05,0.028316847,1.0000009567509,0.0002613668624042783
1993-01-06,0.283168466,10.0000094262502,0.002613668587122449
1993-01-07,0.849505398,30.0000282787506,0.007841005761367347
1993-01-08,28.31684659,1000.0009422718731,0.2613668586199441
1993-01-09,19.82179261,700.000659484367,0.1829568010062706
1993-01-10,8.495053978,300.0002827168766,0.0784100575952133
1993-01-11,2.831684659,100.0000942271873,0.02613668586199441
1993-01-12,1.41584233,50.000047131251,0.013068342935612248
1993-01-13,0.849505398,30.0000282787506,0.007841005761367347
1993-01-14,0.651287472,23.0000216874384,0.0060114377522276505
1993-01-15,0.764554858,27.0000254438126,0.007056905183384596
1993-01-16,0.877822244,31.000029200186802,0.008102372614541541
1993-01-17,7.673865426,271.00025535956223,0.07083041868702016
1993-01-18,24.29585438,858.0008086733861,0.22425276474926192
1993-01-19,18.26436605,645.000607745935,0.1685816238047874
1993-01-20,7.815449659,276.00026007268735,0.07213725298058139
1993-01-21,2.831684659,100.0000942271873,0.02613668586199441
1993-01-22,1.33089179,47.000044296313,0.012284242357629493
1993-01-23,0.906139091,32.000030156937704,0.008363739476945822
1993-01-24,0.821188551,29.000027321999703,0.0075796388989630694
1993-01-25,0.481386392,17.0000160175624,0.004443236596262147
1993-01-26,0.311485313,11.0000103830011,0.0028750354495267272
1993-01-27,0.283168466,10.0000094262502,0.002613668587122449
1993-01-28,0.277505097,9.8000092490259,0.0025613952183336265
1993-01-29,0.339802159,12.000011304437301,0.0031364023027009224
1993-01-30,0.424752699,15.0000141393753,0.003920502880683674
1993-01-31,0.481386392,17.0000160175624,0.004443236596262147
1993-02-01,0.594653778,21.0000197739366,0.005488704027419093
1993-02-02,0.538020085,19.0000178957495,0.004965970311840619
1993-02-03,0.453069545,16.000015060811503,0.004181869733857869
1993-02-04,0.396435852,14.0000131826244,0.003659136018279395
1993-02-05,0.368119006,13.000012261188202,0.003397769165105201
1993-02-06,0.277505097,9.8000092490259,0.0025613952183336265
1993-02-07,0.277505097,9.8000092490259,0.0025613952183336265
1993-02-08,0.368119006,13.000012261188202,0.003397769165105201
1993-02-09,1.614060256,57.0000537225632,0.014897910944751945
1993-02-10,1.557426563,55.0000518443761,0.01437517722917347
1993-02-11,1.104357017,39.000036748249904,0.01019330748608552
1993-02-12,0.962772784,34.0000320351248,0.008886473192524294
1993-02-13,0.622970625,22.000020730687503,0.005750070889823372
1993-02-14,0.453069545,16.000015060811503,0.004181869733857869
1993-02-15,0.339802159,12.000011304437301,0.0031364023027009224
1993-02-16,0.311485313,11.0000103830011,0.0028750354495267272
1993-02-17,0.283168466,10.0000094262502,0.002613668587122449
1993-02-18,0.263346673,9.300008752993099,0.002430711782516446
1993-02-19,0.283168466,10.0000094262502,0.002613668587122449
1993-02-20,24.01268591,848.000799105877,0.22163909612521912
1993-02-21,18.20773236,643.0006059736921,0.16805889011689917
1993-02-22,6.682775796,236.0002224030012,0.06168257864132167
1993-02-23,2.123763494,75.0000706615618,0.019602514394188284
1993-02-24,1.642377102,58.000054643999405,0.015159277797926139
1993-02-25,1.189307557,42.000039583187906,0.01097740806406827
1993-02-26,0.934455938,33.00003111368861,0.008625106339350099
1993-02-27,0.622970625,22.000020730687503,0.005750070889823372
1993-02-28,0.509703239,18.0000169743133,0.004704603458666426
1993-03-01,1.019406477,36.0000339133119,0.009409206908102768
1993-03-02,2.067129801,73.0000687833747,0.019079780678609812
1993-03-03,1.217624403,43.0000405046241,0.011238774917242466
1993-03-04,0.651287472,23.0000216874384,0.0060114377522276505
1993-03-05,0.622970625,22.000020730687503,0.005750070889823372
1993-03-06,0.396435852,14.0000131826244,0.003659136018279395
1993-03-07,0.538020085,19.0000178957495,0.004965970311840619
1993-03-08,0.424752699,15.0000141393753,0.003920502880683674
1993-03-09,0.339802159,12.000011304437301,0.0031364023027009224
1993-03-10,0.594653778,21.0000197739366,0.005488704027419093
1993-03-11,2.038812955,72.0000678619385,0.01881841382543562
1993-03-12,2.038812955,72.0000678619385,0.01881841382543562
1993-03-13,1.132673864,40.0000377050008,0.010454674348489797
1993-03-14,0.877822244,31.000029200186802,0.008102372614541541
1993-03-15,0.821188551,29.000027321999703,0.0075796388989630694
1993-03-16,0.764554858,27.0000254438126,0.007056905183384596
1993-03-17,1.444159176,51.000048052687205,0.013329709788786443
1993-03-18,3.199803665,113.00010648837551,0.029534455027099612
1993-03-19,3.171486818,112.00010553162461,0.029273088164695333
1993-03-20,3.567922671,126.0001187495637,0.03293222419220481
1993-03-21,2.916635199,103.0000970621253,0.02692078643997716
1993-03-22,0.792871705,28.000026400563502,0.007318272045788875
1993-03-23,1.24594125,44.000041461375005,0.011500141779646743
1993-03-24,0.538020085,19.0000178957495,0.004965970311840619
1993-03-25,0.368119006,13.000012261188202,0.003397769165105201
1993-03-26,0.311485313,11.0000103830011,0.0028750354495267272
1993-03-27,0.311485313,11.0000103830011,0.0028750354495267272
1993-03-28,2.152080341,76.0000716183127,0.019863881256592563
1993-03-29,3.794457443,134.0001262623121,0.03502315905451871
1993-03-30,2.775050966,98.0000923490002,0.025613952146415934
1993-03-31,1.189307557,42.000039583187906,0.01097740806406827
1993-04-01,0.679604318,24.000022608874602,0.006272804605401845
1993-04-02,1.132673864,40.0000377050008,0.010454674348489797
1993-04-03,0.538020085,19.0000178957495,0.004965970311840619
1993-04-04,0.311485313,11.0000103830011,0.0028750354495267272
1993-04-05,0.203881295,7.2000067685365,0.00188184137792852
1993-04-06,0.195386241,6.9000064850427,0.0018034313201302447
1993-04-07,2.321981421,82.00007728818869,0.021432082412558066
1993-04-08,2.605149886,92.00008667912421,0.02404575099045043
1993-04-09,1.104357017,39.000036748249904,0.01019330748608552
1993-04-10,0.736238011,26.0000244870617,0.006795538320980318
1993-04-11,0.877822244,31.000029200186802,0.008102372614541541
1993-04-12,4.077625909,144.0001356885623,0.03763682764164115
1993-04-13,9.514460455,336.00031663018854,0.08781926450331608
1993-04-14,8.72158875,308.000290229625,0.0805009924575272
1993-04-15,6.286339943,222.0002091850621,0.05802344261381218
1993-04-16,2.888318352,102.00009610537441,0.026659419577572886
1993-04-17,1.41584233,50.000047131251,0.013068342935612248
1993-04-18,1.783961335,63.000059357124506,0.016466112091487364
1993-04-19,4.502378608,159.0001498279376,0.041557330522324826
1993-04-20,5.15366608,182.000171515376,0.047568768274552475
1993-04-21,4.247526989,150.0001413584383,0.03920502879760665
1993-04-22,5.295250313,187.00017622850112,0.0488756025681137
1993-04-23,6.14475571,217.00020447193702,0.056716608320250966
1993-04-24,6.909310568,244.00022991574963,0.06377351350363557
1993-04-25,6.286339943,222.0002091850621,0.05802344261381218
1993-04-26,5.23861662,185.000174350314,0.04835286885253523
1993-04-27,3.936041676,139.0001309754372,0.03632999334807993
1993-04-28,3.964358523,140.0001319321881,0.0365913602104842
1993-04-29,3.454655284,122.00011495787481,0.031886756751817784
1993-04-30,3.114853125,110.00010365343749,0.028750354449116857
1993-05-01,2.435248807,86.0000810445629,0.02247754984371501
1993-05-02,2.435248807,86.0000810445629,0.02247754984371501
1993-05-03,2.237030881,79.0000744532507,0.020647981834575318
1993-05-04,1.755644489,62.0000584356883,0.01620474523831317
1993-05-05,1.047723324,37.0000348700628,0.009670573770507044
1993-05-06,1.670693949,59.0000556007503,0.015420644660330418
1993-05-07,1.897228722,67.0000631488134,0.017511579531874395
1993-05-08,1.500792869,53.000049930874304,0.013852443504364915
1993-05-09,0.736238011,26.0000244870617,0.006795538320980318
1993-05-10,0.622970625,22.000020730687503,0.005750070889823372
1993-05-11,0.566336932,20.0000188525004,0.005227337174244898
1993-05-12,0.509703239,18.0000169743133,0.004704603458666426
1993-05-13,0.481386392,17.0000160175624,0.004443236596262147
1993-05-14,0.509703239,18.0000169743133,0.004704603458666426
1993-05-15,0.538020085,19.0000178957495,0.004965970311840619
1993-05-16,0.707921165,25.0000235656255,0.006534171467806124
1993-05-17,0.792871705,28.000026400563502,0.007318272045788875
1993-05-18,0.622970625,22.000020730687503,0.005750070889823372
1993-05-19,0.481386392,17.0000160175624,0.004443236596262147
1993-05-20,0.453069545,16.000015060811503,0.004181869733857869
1993-05-21,0.311485313,11.0000103830011,0.0028750354495267272
1993-05-22,0.144415918,5.1000048193946,0.0013329709825706775
1993-05-23,0.031148531,1.1000010277057,0.0002875035421836477
1993-05-24,0.023219814,0.8200007654658,0.00021432082218726312
1993-05-25,0.014441592,0.5100004890024,0.00013329710010308445
1993-05-26,0.013025749,0.4600004182103,0.00012022875098331625
1993-05-27,0.018689119,0.6600006307493,0.00017250212900222201
1993-05-28,0.04247527,1.5000014174690002,0.00039205028899137577
1993-05-29,0.02406932,0.8500008150040002,0.00022216183350514076
1993-05-30,0.01104357,0.390000361479,0.000101933073291741
1993-05-31,0.008495054,0.30000028349380004,7.841005779827515e-05
1993-06-01,,,
1993-06-02,,,
1993-06-03,,,
1993-06-04,,,
1993-06-05,,,
1993-06-06,,,
1993-06-07,,,
1993-06-08,,,
1993-06-09,,,
1993-06-10,,,
1993-06-11,,,
1993-06-12,,,
1993-06-13,,,
1993-06-14,,,
1993-06-15,,,
1993-06-16,,,
1993-06-17,,,
1993-06-18,,,
1993-06-19,,,
1993-06-20,,,
1993-06-21,,,
1993-06-22,,,
1993-06-23,,,
1993-06-24,,,
1993-06-25,,,
1993-06-26,,,
1993-06-27,,,
1993-06-28,,,
1993-06-29,,,
1993-06-30,,,
1993-07-01,,,
1993-07-02,,,
1993-07-03,,,
1993-07-04,,,
1993-07-05,,,
1993-07-06,,,
1993-07-07,,,
1993-07-08,,,
1993-07-09,,,
1993-07-10,,,
1993-07-11,,,
1993-07-12,,,
1993-07-13,,,
1993-07-14,,,
1993-07-15,,,
1993-07-16,,,
1993-07-17,,,
1993-07-18,,,
1993-07-19,,,
1993-07-20,,,
1993-07-21,,,
1993-07-22,,,
1993-07-23,,,
1993-07-24,,,
1993-07-25,,,
1993-07-26,,,
1993-07-27,,,
1993-07-28,,,
1993-07-29,,,
1993-07-30,,,
1993-07-31,,,
1993-08-01,,,
1993-08-02,,,
1993-08-03,,,
1993-08-04,,,
1993-08-05,,,
1993-08-06,,,
1993-08-07,,,
1993-08-08,,,
1993-08-09,,,
1993-08-10,,,
1993-08-11,,,
1993-08-12,,,
1993-08-13,,,
1993-08-14,,,
1993-08-15,,,
1993-08-16,,,
1993-08-17,,,
1993-08-18,,,
1993-08-19,,,
1993-08-20,,,
1993-08-21,,,
1993-08-22,,,
1993-08-23,,,
1993-08-24,,,
1993-08-25,,,
1993-08-26,,,
1993-08-27,,,
1993-08-28,,,
1993-08-29,,,
1993-08-30,,,
1993-08-31,,,
1993-09-01,,,
1993-09-02,,,
1993-09-03,,,
1993-09-04,,,
1993-09-05,,,
1993-09-06,,,
1993-09-07,,,
1993-09-08,,,
1993-09-09,,,
1993-09-10,,,
1993-09-11,,,
1993-09-12,,,
1993-09-13,,,
1993-09-14,,,
1993-09-15,,,
1993-09-16,,,
1993-09-17,,,
1993-09-18,,,
1993-09-19,,,
1993-09-20,,,
1993-09-21,,,
1993-09-22,,,
1993-09-23,,,
1993-09-24,,,
1993-09-25,,,
1993-09-26,,,
1993-09-27,,,
1993-09-28,,,
1993-09-29,,,
1993-09-30,,,
1993-10-01,,,
1993-10-02,,,
1993-10-03,,,
1993-10-04,,,
1993-10-05,,,
1993-10-06,8.495053978,300.0002827168766,0.0784100575952133
1993-10-07,8.495053978,300.0002827168766,0.0784100575952133
1993-10-08,4.247526989,150.0001413584383,0.03920502879760665
1993-10-09,2.265347727,80.0000753746869,0.02090934868774951
1993-10-10,1.132673864,40.0000377050008,0.010454674348489797
1993-10-11,0.849505398,30.0000282787506,0.007841005761367347
1993-10-12,0.566336932,20.0000188525004,0.005227337174244898
1993-10-13,0.283168466,10.0000094262502,0.002613668587122449
1993-10-14,0.254851619,9.0000084694993,0.0023523017247181707
1993-10-15,0.16990108,6.000005669876001,0.001568201155965503
1993-10-16,0.226534773,8.0000075480631,0.002090934871543976
1993-10-17,0.198217926,7.0000065913122,0.0018295680091396974
1993-10-18,0.424752699,15.0000141393753,0.003920502880683674
1993-10-19,0.849505398,30.0000282787506,0.007841005761367347
1993-10-20,0.368119006,13.000012261188202,0.003397769165105201
1993-10-21,0.240693196,8.5000080087812,0.0022216182981310735
1993-10-22,0.16990108,6.000005669876001,0.001568201155965503
1993-10-23,0.062297063,2.2000020907261,0.000575007093597379
1993-10-24,0.045306955,1.6000015237385001,0.0004181869780008287
1993-10-25,0.090613909,3.2000030121623,0.0008363739467715737
1993-10-26,0.090613909,3.2000030121623,0.0008363739467715737
1993-10-27,0.082118855,2.9000027286685004,0.0007579638889732987
1993-10-28,0.076455486,2.7000025514442,0.0007056905201844764
1993-10-29,0.076455486,2.7000025514442,0.0007056905201844764
1993-10-30,0.070792116,2.5000023389052,0.0006534171421655705
1993-10-31,0.065128747,2.3000021616809003,0.0006011437733767482
1993-11-01,0.073623801,2.6000024451747,0.0006795538311750235
1993-11-02,0.065128747,2.3000021616809003,0.0006011437733767482
1993-11-03,0.048138639,1.7000015946933,0.000444323657780198
1993-11-04,0.096277278,3.4000031893866,0.000888647315560396
1993-11-05,0.07928717,2.8000026223990004,0.0007318271999638457
1993-11-06,0.065128747,2.3000021616809003,0.0006011437733767482
1993-11-07,0.065128747,2.3000021616809003,0.0006011437733767482
1993-11-08,0.067960432,2.4000022679504003,0.0006272804623862012
1993-11-09,0.056633693,2.0000018781871,0.0005227337155784732
1993-11-10,0.065128747,2.3000021616809003,0.0006011437733767482
1993-11-11,0.198217926,7.0000065913122,0.0018295680091396974
1993-11-12,0.218039719,7.7000072645693,0.002012524813745701
1993-11-13,0.235029827,8.3000078315569,0.0021693449293422513
1993-11-14,0.396435852,14.0000131826244,0.003659136018279395
1993-11-15,0.311485313,11.0000103830011,0.0028750354495267272
1993-11-16,0.24918825,8.800008292275,0.002300028355929349
1993-11-17,0.257683304,9.1000085757688,0.002378438413727624
1993-11-18,0.252019935,8.9000083985445,0.002326165044938801
1993-11-19,0.186891188,6.600006236863601,0.0017250212715620534
1993-11-20,0.155742656,5.500005173843201,0.0014375177201483222
1993-11-21,0.118930756,4.2000039689132,0.001097740809175852
1993-11-22,0.12176244,4.300004039868,0.0011238774889552215
1993-11-23,0.203881295,7.2000067685365,0.00188184137792852
1993-11-24,0.257683304,9.1000085757688,0.002378438413727624
1993-11-25,0.099108963,3.5000032956561,0.0009147840045698487
1993-11-26,0.07928717,2.8000026223990004,0.0007318271999638457
1993-11-27,0.076455486,2.7000025514442,0.0007056905201844764
1993-11-28,0.031148531,1.1000010277057,0.0002875035421836477
1993-11-29,0.07928717,2.8000026223990004,0.0007318271999638457
1993-11-30,0.036811901,1.3000012402447,0.0003397769202025535
1993-12-01,0.039643585,1.4000013111995002,0.00036591359998192286
1993-12-02,0.024635657,0.8700008362579,0.00022738917130703132
1993-12-03,0.024918825,0.8800008292275,0.00023000283559293486
1993-12-04,0.012742581,0.4500004252407,0.00011761508669741271
1993-12-05,0.012742581,0.4500004252407,0.00011761508669741271
1993-12-06,0.012742581,0.4500004252407,0.00011761508669741271
1993-12-07,0.070792116,2.5000023389052,0.0006534171421655705
1993-12-08,0.130257494,4.600004323361801,0.0012022875467534964
1993-12-09,0.048138639,1.7000015946933,0.000444323657780198
1993-12-10,0.015574266,0.5500005315102,0.0001437517757068656
1993-12-11,0.050970324,1.8000017009628,0.00047046034678965083
1993-12-12,0.036811901,1.3000012402447,0.0003397769202025535
1993-12-13,0.099108963,3.5000032956561,0.0009147840045698487
1993-12-14,0.110435702,3.9000036854194002,0.0010193307513775768
1993-12-15,0.133089179,4.7000044296313,0.0012284242357629494
1993-12-16,0.195386241,6.9000064850427,0.0018034313201302447
1993-12-17,0.133089179,4.7000044296313,0.0012284242357629494
1993-12-18,0.090613909,3.2000030121623,0.0008363739467715737
1993-12-19,0.08495054,3.0000028349380004,0.0007841005779827515
1993-12-20,0.031148531,1.1000010277057,0.0002875035421836477
1993-12-21,0.039643585,1.4000013111995002,0.00036591359998192286
1993-12-22,0.062297063,2.2000020907261,0.000575007093597379
1993-12-23,0.02406932,0.8500008150040002,0.00022216183350514076
1993-12-24,0.050970324,1.8000017009628,0.00047046034678965083
1993-12-25,0.045306955,1.6000015237385001,0.0004181869780008287
1993-12-26,0.039643585,1.4000013111995002,0.00036591359998192286
1993-12-27,0.087782224,3.1000029058928003,0.0008102372577621209
1993-12-28,0.110435702,3.9000036854194002,0.0010193307513775768
1993-12-29,0.099108963,3.5000032956561,0.0009147840045698487
1993-12-30,0.08495054,3.0000028349380004,0.0007841005779827515
1993-12-31,0.073623801,2.6000024451747,0.0006795538311750235
1994-01-01,0.093445594,3.3000031184318006,0.0008625106357810267
1994-01-02,0.070792116,2.5000023389052,0.0006534171421655705
1994-01-03,0.110435702,3.9000036854194002,0.0010193307513775768
1994-01-04,0.113267386,4.0000037563742,0.0010454674311569463
1994-01-05,0.198217926,7.0000065913122,0.0018295680091396974
1994-01-06,0.113267386,4.0000037563742,0.0010454674311569463
1994-01-07,0.08495054,3.0000028349380004,0.0007841005779827515
1994-01-08,0.133089179,4.7000044296313,0.0012284242357629494
1994-01-09,0.16990108,6.000005669876001,0.001568201155965503
1994-01-10,0.16990108,6.000005669876001,0.001568201155965503
1994-01-11,0.118930756,4.2000039689132,0.001097740809175852
1994-01-12,0.031148531,1.1000010277057,0.0002875035421836477
1994-01-13,0.062297063,2.2000020907261,0.000575007093597379
1994-01-14,0.062297063,2.2000020907261,0.000575007093597379
1994-01-15,0.070792116,2.5000023389052,0.0006534171421655705
1994-01-16,0.08495054,3.0000028349380004,0.0007841005779827515
1994-01-17,0.08495054,3.0000028349380004,0.0007841005779827515
1994-01-18,0.08495054,3.0000028349380004,0.0007841005779827515
1994-01-19,0.08495054,3.0000028349380004,0.0007841005779827515
1994-01-20,0.08495054,3.0000028349380004,0.0007841005779827515
1994-01-21,0.08495054,3.0000028349380004,0.0007841005779827515
1994-01-22,0.08495054,3.0000028349380004,0.0007841005779827515
1994-01-23,0.113267386,4.0000037563742,0.0010454674311569463
1994-01-24,0.113267386,4.0000037563742,0.0010454674311569463
1994-01-25,0.16990108,6.000005669876001,0.001568201155965503
1994-01-26,0.226534773,8.0000075480631,0.002090934871543976
1994-01-27,0.283168466,10.0000094262502,0.002613668587122449
1994-01-28,0.283168466,10.0000094262502,0.002613668587122449
1994-01-29,0.198217926,7.0000065913122,0.0018295680091396974
1994-01-30,0.113267386,4.0000037563742,0.0010454674311569463
1994-01-31,0.028316847,1.0000009567509,0.0002613668624042783
1994-02-01,0.031148531,1.1000010277057,0.0002875035421836477
1994-02-02,0.099108963,3.5000032956561,0.0009147840045698487
1994-02-03,0.090613909,3.2000030121623,0.0008363739467715737
1994-02-04,0.099108963,3.5000032956561,0.0009147840045698487
1994-02-05,0.070792116,2.5000023389052,0.0006534171421655705
1994-02-06,0.16990108,6.000005669876001,0.001568201155965503
1994-02-07,0.254851619,9.0000084694993,0.0023523017247181707
1994-02-08,0.311485313,11.0000103830011,0.0028750354495267272
1994-02-09,0.339802159,12.000011304437301,0.0031364023027009224
1994-02-10,0.311485313,11.0000103830011,0.0028750354495267272
1994-02-11,0.226534773,8.0000075480631,0.002090934871543976
1994-02-12,0.198217926,7.0000065913122,0.0018295680091396974
1994-02-13,0.16990108,6.000005669876001,0.001568201155965503
1994-02-14,0.056633693,2.0000018781871,0.0005227337155784732
1994-02-15,0.113267386,4.0000037563742,0.0010454674311569463
1994-02-16,0.113267386,4.0000037563742,0.0010454674311569463
1994-02-17,0.283168466,10.0000094262502,0.002613668587122449
1994-02-18,0.311485313,11.0000103830011,0.0028750354495267272
1994-02-19,0.311485313,11.0000103830011,0.0028750354495267272
1994-02-20,0.396435852,14.0000131826244,0.003659136018279395
1994-02-21,0.198217926,7.0000065913122,0.0018295680091396974
1994-02-22,0.226534773,8.0000075480631,0.002090934871543976
1994-02-23,0.311485313,11.0000103830011,0.0028750354495267272
1994-02-24,0.198217926,7.0000065913122,0.0018295680091396974
1994-02-25,0.141584233,5.0000047131251,0.0013068342935612246
1994-02-26,0.16990108,6.000005669876001,0.001568201155965503
1994-02-27,0.16990108,6.000005669876001,0.001568201155965503
1994-02-28,0.226534773,8.0000075480631,0.002090934871543976
1994-03-01,0.223703088,7.9000074417936,0.002064798182534523
1994-03-02,0.229366457,8.1000076190179,0.0021170715513233454
1994-03-03,0.215208034,7.600007158299801,0.001986388124736248
1994-03-04,0.20671298,7.300006874806,0.0019079780669379728
1994-03-05,0.229366457,8.1000076190179,0.0021170715513233454
1994-03-06,0.237861511,8.4000079025117,0.0021954816091216208
1994-03-07,0.20671298,7.300006874806,0.0019079780669379728
1994-03-08,0.226534773,8.0000075480631,0.002090934871543976
1994-03-09,0.195386241,6.9000064850427,0.0018034313201302447
1994-03-10,0.283168466,10.0000094262502,0.002613668587122449
1994-03-11,0.481386392,17.0000160175624,0.004443236596262147
1994-03-12,0.263346673,9.300008752993099,0.002430711782516446
1994-03-13,0.090613909,3.2000030121623,0.0008363739467715737
1994-03-14,0.133089179,4.7000044296313,0.0012284242357629494
1994-03-15,0.124594125,4.4000041461375,0.0011500141779646744
1994-03-16,0.036811901,1.3000012402447,0.0003397769202025535
1994-03-17,0.039643585,1.4000013111995002,0.00036591359998192286
1994-03-18,0.039643585,1.4000013111995002,0.00036591359998192286
1994-03-19,0.056633693,2.0000018781871,0.0005227337155784732
1994-03-20,0.223703088,7.9000074417936,0.002064798182534523
1994-03-21,0.099108963,3.5000032956561,0.0009147840045698487
1994-03-22,0.08495054,3.0000028349380004,0.0007841005779827515
1994-03-23,0.08495054,3.0000028349380004,0.0007841005779827515
1994-03-24,0.056633693,2.0000018781871,0.0005227337155784732
1994-03-25,0.056633693,2.0000018781871,0.0005227337155784732
1994-03-26,0.056633693,2.0000018781871,0.0005227337155784732
1994-03-27,0.028316847,1.0000009567509,0.0002613668624042783
1994-03-28,0.028316847,1.0000009567509,0.0002613668624042783
1994-03-29,0.028316847,1.0000009567509,0.0002613668624042783
1994-03-30,0.021237635,0.7500007087345001,0.00019602514449568788
1994-03-31,0.022653477,0.8000007442119001,0.00020909348438537256
1994-04-01,0.025485162,0.9000008504814,0.00023523017339482542
1994-04-02,0.031148531,1.1000010277057,0.0002875035421836477
1994-04-03,0.073623801,2.6000024451747,0.0006795538311750235
1994-04-04,0.070792116,2.5000023389052,0.0006534171421655705
1994-04-05,0.033980216,1.2000011339752001,0.0003136402311931006
1994-04-06,0.027184173,0.9600009142431,0.00025091218680049716
1994-04-07,0.026334667,0.9300008647049001,0.00024307117548261952
1994-04-08,0.028316847,1.0000009567509,0.0002613668624042783
1994-04-09,0.101940648,3.6000034019256,0.0009409206935793017
1994-04-10,0.107604017,3.8000035791499003,0.000993194062368124
1994-04-11,0.368119006,13.000012261188202,0.003397769165105201
1994-04-12,0.538020085,19.0000178957495,0.004965970311840619
1994-04-13,0.339802159,12.000011304437301,0.0031364023027009224
1994-04-14,0.269010043,9.5000089655321,0.002482985160535352
1994-04-15,0.220871403,7.8000073355241,0.0020386614935250704
1994-04-16,0.130257494,4.600004323361801,0.0012022875467534964
1994-04-17,0.096277278,3.4000031893866,0.000888647315560396
1994-04-18,0.090613909,3.2000030121623,0.0008363739467715737
1994-04-19,0.082118855,2.9000027286685004,0.0007579638889732987
1994-04-20,0.08495054,3.0000028349380004,0.0007841005779827515
1994-04-21,0.087782224,3.1000029058928003,0.0008102372577621209
1994-04-22,0.090613909,3.2000030121623,0.0008363739467715737
1994-04-23,0.082118855,2.9000027286685004,0.0007579638889732987
1994-04-24,0.076455486,2.7000025514442,0.0007056905201844764
1994-04-25,0.016140603,0.5700005527641,0.0001489791135087562
1994-04-26,0.028316847,1.0000009567509,0.0002613668624042783
1994-04-27,0.045306955,1.6000015237385001,0.0004181869780008287
1994-04-28,0.124594125,4.4000041461375,0.0011500141779646744
1994-04-29,0.237861511,8.4000079025117,0.0021954816091216208
1994-04-30,0.254851619,9.0000084694993,0.0023523017247181707
1994-05-01,0.08495054,3.0000028349380004,0.0007841005779827515
1994-05-02,0.028316847,1.0000009567509,0.0002613668624042783
1994-05-03,0.059465378,2.1000019844566,0.000548870404587926
1994-05-04,0.039643585,1.4000013111995002,0.00036591359998192286
1994-05-05,0.022936646,0.8100007724962001,0.00021170715790135963
1994-05-06,0.016140603,0.5700005527641,0.0001489791135087562
1994-05-07,0.011609907,0.4100003827329,0.00010716041109363156
1994-05-08,0.011893076,0.42000041101720004,0.00010977408460961861
1994-05-09,0.012459413,0.44000043227110003,0.0001150014224115092
1994-05-10,0.019538624,0.6900006449728001,0.00018034313109001614
1994-05-11,0.031148531,1.1000010277057,0.0002875035421836477
1994-05-12,0.036811901,1.3000012402447,0.0003397769202025535
1994-05-13,0.025201993,0.8900008221971,0.0002326164998788384
1994-05-14,0.050970324,1.8000017009628,0.00047046034678965083
1994-05-15,0.019255456,0.6800006520032,0.00017772946680411262
1994-05-16,0.008778222,0.31000027646340006,8.102372208417869e-05
1994-05-17,0.000566337,0.0200000212539,5.2273378018905765e-06
1994-05-18,,,
1994-05-19,,,
1994-05-20,,,
1994-05-21,0.005663369,0.2000001772243,5.227336878882226e-05
1994-05-22,0.008495054,0.30000028349380004,7.841005779827515e-05
1994-05-23,0.004530695,0.16000013471650001,4.181869318504111e-05
1994-05-24,0.005097032,0.1800001559704,4.7046030986931686e-05
1994-05-25,0.02576833,0.910000843451,0.00023784383768072896
1994-05-26,0.027467341,0.9700009072127,0.0002535258510864007
1994-05-27,0.263346673,9.300008752993099,0.002430711782516446
1994-05-28,0.368119006,13.000012261188202,0.003397769165105201
1994-05-29,0.110435702,3.9000036854194002,0.0010193307513775768
1994-05-30,0.016706939,0.5900005387033,0.00015420644208056326
1994-05-31,0.004813864,0.1700001630008,4.4432366701028156e-05
1994-06-01,,,
1994-06-02,,,
1994-06-03,,,
1994-06-04,,,
1994-06-05,,,
1994-06-06,,,
1994-06-07,,,
1994-06-08,,,
1994-06-09,,,
1994-06-10,,,
1994-06-11,,,
1994-06-12,,,
1994-06-13,,,
1994-06-14,,,
1994-06-15,,,
1994-06-16,,,
1994-06-17,,,
1994-06-18,,,
1994-06-19,,,
1994-06-20,,,
1994-06-21,,,
1994-06-22,,,
1994-06-23,,,
1994-06-24,,,
1994-06-25,,,
1994-06-26,,,
1994-06-27,,,
1994-06-28,,,
1994-06-29,,,
1994-06-30,,,
1994-07-01,,,
1994-07-02,,,
1994-07-03,,,
1994-07-04,,,
1994-07-05,,,
1994-07-06,,,
1994-07-07,,,
1994-07-08,,,
1994-07-09,,,
1994-07-10,,,
1994-07-11,,,
1994-07-12,,,
1994-07-13,,,
1994-07-14,,,
1994-07-15,,,
1994-07-16,,,
1994-07-17,,,
1994-07-18,,,
1994-07-19,,,
1994-07-20,,,
1994-07-21,,,
1994-07-22,,,
1994-07-23,,,
1994-07-24,,,
1994-07-25,,,
1994-07-26,,,
1994-07-27,,,
1994-07-28,,,
1994-07-29,,,
1994-07-30,,,
1994-07-31,,,
1994-08-01,,,
1994-08-02,,,
1994-08-03,,,
1994-08-04,,,
1994-08-05,,,
1994-08-06,,,
1994-08-07,,,
1994-08-08,,,
1994-08-09,,,
1994-08-10,,,
1994-08-11,,,
1994-08-12,,,
1994-08-13,,,
1994-08-14,,,
1994-08-15,,,
1994-08-16,,,
1994-08-17,,,
1994-08-18,,,
1994-08-19,,,
1994-08-20,,,
1994-08-21,0.20671298,7.300006874806,0.0019079780669379728
1994-08-22,2.152080341,76.0000716183127,0.019863881256592563
1994-08-23,0.189722872,6.7000063078184,0.0017511579513414225
1994-08-24,0.059465378,2.1000019844566,0.000548870404587926
1994-08-25,0.107604017,3.8000035791499003,0.000993194062368124
1994-08-26,0.007079212,0.25000024801640003,6.534171790859045e-05
1994-08-27,0.001699011,0.06000006376170001,1.568201340567173e-05
1994-08-28,0.000283168,0.0099999929696,2.613664285903536e-06
1994-08-29,0.000283168,0.0099999929696,2.613664285903536e-06
1994-08-30,0.158574341,5.6000052801127005,0.001463654409157775
1994-08-31,1.047723324,37.0000348700628,0.009670573770507044
1994-09-01,0.104772332,3.7000034728804,0.0009670573733586711
1994-09-02,0.116099071,4.1000038626437005,0.0010716041201663993
1994-09-03,0.566336932,20.0000188525004,0.005227337174244898
1994-09-04,3.029902585,107.0001008184995,0.027966253871134106
1994-09-05,0.934455938,33.00003111368861,0.008625106339350099
1994-09-06,0.339802159,12.000011304437301,0.0031364023027009224
1994-09-07,0.906139091,32.000030156937704,0.008363739476945822
1994-09-08,0.481386392,17.0000160175624,0.004443236596262147
1994-09-09,0.161406026,5.700005386382201,0.001489791098167228
1994-09-10,0.039643585,1.4000013111995002,0.00036591359998192286
1994-09-11,0.031148531,1.1000010277057,0.0002875035421836477
1994-09-12,0.017273276,0.6100005599572,0.00015943377988245384
1994-09-13,0.010194065,0.3600003472555,9.409207120394688e-05
1994-09-14,0.026334667,0.9300008647049001,0.00024307117548261952
1994-09-15,0.011326739,0.40000038976330005,0.00010454674680772804
1994-09-16,0.005663369,0.2000001772243,5.227336878882226e-05
1994-09-17,0.008211886,0.2900002905242,7.57963935123716e-05
1994-09-18,0.006229706,0.22000019847820002,5.750070659071284e-05
1994-09-19,0.011893076,0.42000041101720004,0.00010977408460961861
1994-09-20,0.036811901,1.3000012402447,0.0003397769202025535
1994-09-21,0.172732764,6.100005740830801,0.0015943378357448725
1994-09-22,0.113267386,4.0000037563742,0.0010454674311569463
1994-09-23,0.076455486,2.7000025514442,0.0007056905201844764
1994-09-24,0.031148531,1.1000010277057,0.0002875035421836477
1994-09-25,0.019821793,0.7000006732571,0.0001829568046060032
1994-09-26,0.011326739,0.40000038976330005,0.00010454674680772804
1994-09-27,0.013592086,0.4800004394642,0.00012545608878520683
1994-09-28,0.009627728,0.3400003260016,8.886473340205631e-05
1994-09-29,0.009910896,0.35000031897120004,9.147839768795984e-05
1994-09-30,0.04247527,1.5000014174690002,0.00039205028899137577
1994-10-01,0.048138639,1.7000015946933,0.000444323657780198
1994-10-02,0.240693196,8.5000080087812,0.0022216182981310735
1994-10-03,0.135920864,4.800004535900801,0.0012545609247724024
1994-10-04,0.059465378,2.1000019844566,0.000548870404587926
1994-10-05,0.039643585,1.4000013111995002,0.00036591359998192286
1994-10-06,0.033980216,1.2000011339752001,0.0003136402311931006
1994-10-07,0.027184173,0.9600009142431,0.00025091218680049716
1994-10-08,0.024352488,0.8600008079736,0.00022477549779104425
1994-10-09,0.02576833,0.910000843451,0.00023784383768072896
1994-10-10,0.026334667,0.9300008647049001,0.00024307117548261952
1994-10-11,0.02208714,0.780000722958,0.000203866146583482
1994-10-12,0.011609907,0.4100003827329,0.00010716041109363156
1994-10-13,0.050970324,1.8000017009628,0.00047046034678965083
1994-10-14,0.08495054,3.0000028349380004,0.0007841005779827515
1994-10-15,0.118930756,4.2000039689132,0.001097740809175852
1994-10-16,0.12176244,4.300004039868,0.0011238774889552215
1994-10-17,1.500792869,53.000049930874304,0.013852443504364915
1994-10-18,0.707921165,25.0000235656255,0.006534171467806124
1994-10-19,0.396435852,14.0000131826244,0.003659136018279395
1994-10-20,0.178396134,6.3000059533698005,0.0016466112137637782
1994-10-21,0.093445594,3.3000031184318006,0.0008625106357810267
1994-10-22,0.065128747,2.3000021616809003,0.0006011437733767482
1994-10-23,0.050970324,1.8000017009628,0.00047046034678965083
1994-10-24,0.04247527,1.5000014174690002,0.00039205028899137577
1994-10-25,0.036811901,1.3000012402447,0.0003397769202025535
1994-10-26,0.039643585,1.4000013111995002,0.00036591359998192286
1994-10-27,0.039643585,1.4000013111995002,0.00036591359998192286
1994-10-28,0.036811901,1.3000012402447,0.0003397769202025535
1994-10-29,0.036811901,1.3000012402447,0.0003397769202025535
1994-10-30,0.036811901,1.3000012402447,0.0003397769202025535
1994-10-31,0.036811901,1.3000012402447,0.0003397769202025535
1994-11-01,0.036811901,1.3000012402447,0.0003397769202025535
1994-11-02,0.048138639,1.7000015946933,0.000444323657780198
1994-11-03,0.050970324,1.8000017009628,0.00047046034678965083
1994-11-04,0.181227818,6.4000060243246,0.0016727478935431475
1994-11-05,0.073623801,2.6000024451747,0.0006795538311750235
1994-11-06,0.099108963,3.5000032956561,0.0009147840045698487
1994-11-07,0.101940648,3.6000034019256,0.0009409206935793017
1994-11-08,0.082118855,2.9000027286685004,0.0007579638889732987
1994-11-09,0.073623801,2.6000024451747,0.0006795538311750235
1994-11-10,0.070792116,2.5000023389052,0.0006534171421655705
1994-11-11,0.070792116,2.5000023389052,0.0006534171421655705
1994-11-12,0.070792116,2.5000023389052,0.0006534171421655705
1994-11-13,0.07928717,2.8000026223990004,0.0007318271999638457
1994-11-14,0.260514989,9.2000086820383,0.0024045751027370766
1994-11-15,0.192554557,6.8000064140879,0.0017772946403508752
1994-11-16,0.070792116,2.5000023389052,0.0006534171421655705
1994-11-17,0.07928717,2.8000026223990004,0.0007318271999638457
1994-11-18,0.096277278,3.4000031893866,0.000888647315560396
1994-11-19,0.133089179,4.7000044296313,0.0012284242357629494
1994-11-20,0.110435702,3.9000036854194002,0.0010193307513775768
1994-11-21,0.076455486,2.7000025514442,0.0007056905201844764
1994-11-22,0.053802009,1.9000018072323,0.0004965970357991037
1994-11-23,0.073623801,2.6000024451747,0.0006795538311750235
1994-11-24,0.175564449,6.200005847100301,0.0016204745247543253
1994-11-25,0.07928717,2.8000026223990004,0.0007318271999638457
1994-11-26,0.138752548,4.9000046068556005,0.0012806976045517716
1994-11-27,0.235029827,8.3000078315569,0.0021693449293422513
1994-11-28,0.152910972,5.4000051028884,0.0014113810403689527
1994-11-29,0.04247527,1.5000014174690002,0.00039205028899137577
1994-11-30,0.048138639,1.7000015946933,0.000444323657780198
1994-12-01,0.028316847,1.0000009567509,0.0002613668624042783
1994-12-02,0.022936646,0.8100007724962001,0.00021170715790135963
1994-12-03,0.017273276,0.6100005599572,0.00015943377988245384
1994-12-04,0.028316847,1.0000009567509,0.0002613668624042783
1994-12-05,0.107604017,3.8000035791499003,0.000993194062368124
1994-12-06,0.453069545,16.000015060811503,0.004181869733857869
1994-12-07,1.274258097,45.0000424181259,0.011761508642051022
1994-12-08,0.707921165,25.0000235656255,0.006534171467806124
1994-12-09,0.280336781,9.9000093199807,0.002587531898112996
1994-12-10,0.07928717,2.8000026223990004,0.0007318271999638457
1994-12-11,0.113267386,4.0000037563742,0.0010454674311569463
1994-12-12,0.118930756,4.2000039689132,0.001097740809175852
1994-12-13,0.062297063,2.2000020907261,0.000575007093597379
1994-12-14,0.039643585,1.4000013111995002,0.00036591359998192286
1994-12-15,0.062297063,2.2000020907261,0.000575007093597379
1994-12-16,0.033980216,1.2000011339752001,0.0003136402311931006
1994-12-17,0.031148531,1.1000010277057,0.0002875035421836477
1994-12-18,0.048138639,1.7000015946933,0.000444323657780198
1994-12-19,0.067960432,2.4000022679504003,0.0006272804623862012
1994-12-20,0.184059503,6.500006130594101,0.0016988845825526005
1994-12-21,0.065128747,2.3000021616809003,0.0006011437733767482
1994-12-22,0.062297063,2.2000020907261,0.000575007093597379
1994-12-23,0.093445594,3.3000031184318006,0.0008625106357810267
1994-12-24,0.138752548,4.9000046068556005,0.0012806976045517716
1994-12-25,0.280336781,9.9000093199807,0.002587531898112996
1994-12-26,0.509703239,18.0000169743133,0.004704603458666426
1994-12-27,0.424752699,15.0000141393753,0.003920502880683674
1994-12-28,0.24918825,8.800008292275,0.002300028355929349
1994-12-29,0.212376349,7.5000070520303,0.001960251435726795
1994-12-30,0.277505097,9.8000092490259,0.0025613952183336265
1994-12-31,0.240693196,8.5000080087812,0.0022216182981310735
1995-01-01,0.184059503,6.500006130594101,0.0016988845825526005
1995-01-02,0.195386241,6.9000064850427,0.0018034313201302447
1995-01-03,0.311485313,11.0000103830011,0.0028750354495267272
1995-01-04,0.144415918,5.1000048193946,0.0013329709825706775
1995-01-05,0.203881295,7.2000067685365,0.00188184137792852
1995-01-06,3.029902585,107.0001008184995,0.027966253871134106
1995-01-07,2.57683304,91.000085757688,0.023784384137276238
1995-01-08,0.877822244,31.000029200186802,0.008102372614541541
1995-01-09,2.40693196,85.00008008781201,0.022216182981310735
1995-01-10,1.189307557,42.000039583187906,0.01097740806406827
1995-01-11,0.849505398,30.0000282787506,0.007841005761367347
1995-01-12,0.651287472,23.0000216874384,0.0060114377522276505
1995-01-13,0.538020085,19.0000178957495,0.004965970311840619
1995-01-14,0.481386392,17.0000160175624,0.004443236596262147
1995-01-15,0.368119006,13.000012261188202,0.003397769165105201
1995-01-16,0.274673412,9.7000091427564,0.0025352585293241738
1995-01-17,0.254851619,9.0000084694993,0.0023523017247181707
1995-01-18,0.209544665,7.4000069810755,0.0019341147559474255
1995-01-19,0.053802009,1.9000018072323,0.0004965970357991037
1995-01-20,0.048138639,1.7000015946933,0.000444323657780198
1995-01-21,0.056633693,2.0000018781871,0.0005227337155784732
1995-01-22,0.039643585,1.4000013111995002,0.00036591359998192286
1995-01-23,0.067960432,2.4000022679504003,0.0006272804623862012
1995-01-24,0.172732764,6.100005740830801,0.0015943378357448725
1995-01-25,0.311485313,11.0000103830011,0.0028750354495267272
1995-01-26,0.311485313,11.0000103830011,0.0028750354495267272
1995-01-27,0.311485313,11.0000103830011,0.0028750354495267272
1995-01-28,0.453069545,16.000015060811503,0.004181869733857869
1995-01-29,0.260514989,9.2000086820383,0.0024045751027370766
1995-01-30,0.223703088,7.9000074417936,0.002064798182534523
1995-01-31,0.113267386,4.0000037563742,0.0010454674311569463
1995-02-01,0.110435702,3.9000036854194002,0.0010193307513775768
1995-02-02,0.220871403,7.8000073355241,0.0020386614935250704
1995-02-03,0.218039719,7.7000072645693,0.002012524813745701
1995-02-04,0.189722872,6.7000063078184,0.0017511579513414225
1995-02-05,0.172732764,6.100005740830801,0.0015943378357448725
1995-02-06,0.16423771,5.800005457337001,0.0015159277779465974
1995-02-07,0.16423771,5.800005457337001,0.0015159277779465974
1995-02-08,0.087782224,3.1000029058928003,0.0008102372577621209
1995-02-09,0.124594125,4.4000041461375,0.0011500141779646744
1995-02-10,0.147247602,5.2000048903494,0.001359107662350047
1995-02-11,0.220871403,7.8000073355241,0.0020386614935250704
1995-02-12,0.172732764,6.100005740830801,0.0015943378357448725
1995-02-13,0.087782224,3.1000029058928003,0.0008102372577621209
1995-02-14,0.141584233,5.0000047131251,0.0013068342935612246
1995-02-15,0.311485313,11.0000103830011,0.0028750354495267272
1995-02-16,0.821188551,29.000027321999703,0.0075796388989630694
1995-02-17,2.40693196,85.00008008781201,0.022216182981310735
1995-02-18,1.019406477,36.0000339133119,0.009409206908102768
1995-02-19,0.453069545,16.000015060811503,0.004181869733857869
1995-02-20,0.254851619,9.0000084694993,0.0023523017247181707
1995-02-21,0.110435702,3.9000036854194002,0.0010193307513775768
1995-02-22,0.090613909,3.2000030121623,0.0008363739467715737
1995-02-23,0.679604318,24.000022608874602,0.006272804605401845
1995-02-24,0.283168466,10.0000094262502,0.002613668587122449
1995-02-25,0.257683304,9.1000085757688,0.002378438413727624
1995-02-26,0.538020085,19.0000178957495,0.004965970311840619
1995-02-27,0.07928717,2.8000026223990004,0.0007318271999638457
1995-02-28,0.028316847,1.0000009567509,0.0002613668624042783
1995-03-01,0.024352488,0.8600008079736,0.00022477549779104425
1995-03-02,0.368119006,13.000012261188202,0.003397769165105201
1995-03-03,2.973268892,105.00009894031241,0.027443520155555637
1995-03-04,2.180397188,77.00007257506361,0.020125248118996845
1995-03-05,0.991089631,35.000032991875706,0.009147840054928573
1995-03-06,5.23861662,185.000174350314,0.04835286885253523
1995-03-07,4.870497614,172.0001620891258,0.04495509968743002
1995-03-08,4.643962841,164.0001545410627,0.04286416481588605
1995-03-09,3.398021591,120.00011307968771,0.03136402303623931
1995-03-10,2.690100426,95.0000895140622,0.024829851568433186
1995-03-11,2.718417273,96.0000904708131,0.02509121843083746
1995-03-12,2.265347727,80.0000753746869,0.02090934868774951
1995-03-13,2.067129801,73.0000687833747,0.019079780678609812
1995-03-14,1.812278182,64.00006031387541,0.016727478953891643
1995-03-15,1.557426563,55.0000518443761,0.01437517722917347
1995-03-16,1.302574943,46.000043339562104,0.012022875495225216
1995-03-17,1.047723324,37.0000348700628,0.009670573770507044
1995-03-18,0.792871705,28.000026400563502,0.007318272045788875
1995-03-19,0.622970625,22.000020730687503,0.005750070889823372
1995-03-20,0.424752699,15.0000141393753,0.003920502880683674
1995-03-21,0.339802159,12.000011304437301,0.0031364023027009224
1995-03-22,0.232198142,8.200007725287401,0.0021432082403327985
1995-03-23,0.099108963,3.5000032956561,0.0009147840045698487
1995-03-24,1.33089179,47.000044296313,0.012284242357629493
1995-03-25,1.047723324,37.0000348700628,0.009670573770507044
1995-03-26,1.189307557,42.000039583187906,0.01097740806406827
1995-03-27,1.33089179,47.000044296313,0.012284242357629493
1995-03-28,0.764554858,27.0000254438126,0.007056905183384596
1995-03-29,0.651287472,23.0000216874384,0.0060114377522276505
1995-03-30,0.424752699,15.0000141393753,0.003920502880683674
1995-03-31,0.096277278,3.4000031893866,0.000888647315560396
1995-04-01,0.04247527,1.5000014174690002,0.00039205028899137577
1995-04-02,0.036811901,1.3000012402447,0.0003397769202025535
1995-04-03,0.135920864,4.800004535900801,0.0012545609247724024
1995-04-04,0.04247527,1.5000014174690002,0.00039205028899137577
1995-04-05,0.141584233,5.0000047131251,0.0013068342935612246
1995-04-06,0.453069545,16.000015060811503,0.004181869733857869
1995-04-07,1.274258097,45.0000424181259,0.011761508642051022
1995-04-08,0.509703239,18.0000169743133,0.004704603458666426
1995-04-09,2.321981421,82.00007728818869,0.021432082412558066
1995-04-10,4.219210142,149.0001404016874,0.03894366193520237
1995-04-11,3.256437358,115.0001083665626,0.03005718874267808
1995-04-12,0.679604318,24.000022608874602,0.006272804605401845
1995-04-13,0.566336932,20.0000188525004,0.005227337174244898
1995-04-14,0.339802159,12.000011304437301,0.0031364023027009224
1995-04-15,0.311485313,11.0000103830011,0.0028750354495267272
1995-04-16,0.736238011,26.0000244870617,0.006795538320980318
1995-04-17,0.736238011,26.0000244870617,0.006795538320980318
1995-04-18,0.736238011,26.0000244870617,0.006795538320980318
1995-04-19,0.566336932,20.0000188525004,0.005227337174244898
1995-04-20,0.566336932,20.0000188525004,0.005227337174244898
1995-04-21,0.736238011,26.0000244870617,0.006795538320980318
1995-04-22,0.594653778,21.0000197739366,0.005488704027419093
1995-04-23,0.792871705,28.000026400563502,0.007318272045788875
1995-04-24,0.622970625,22.000020730687503,0.005750070889823372
1995-04-25,0.396435852,14.0000131826244,0.003659136018279395
1995-04-26,0.229366457,8.1000076190179,0.0021170715513233454
1995-04-27,0.093445594,3.3000031184318006,0.0008625106357810267
1995-04-28,0.110435702,3.9000036854194002,0.0010193307513775768
1995-04-29,3.65287321,129.000121549187,0.033716324760957476
1995-04-30,7.532281193,266.0002506464371,0.06952358439345893
1995-05-01,9.202975142,325.0003062471874,0.08494422905378936
1995-05-02,9.344559375,330.0003109603125,0.08625106334735057
1995-05-03,7.305746421,258.00024313368874,0.06743264953114504
1995-05-04,6.569508409,232.0002186113123,0.060637111200934644
1995-05-05,2.463565654,87.0000820013138,0.022738916706119293
1995-05-06,2.548516193,90.00008480093712,0.023523017274871962
1995-05-07,5.125349233,181.0001705586251,0.047307401412148196
1995-05-08,5.833270398,206.0001941242506,0.05384157287995432
1995-05-09,4.672279688,165.0001554978136,0.04312553167829032
1995-05-10,4.304160682,152.0001432366254,0.039727762513185126
1995-05-11,3.426338438,121.00011403643862,0.03162538989864359
1995-05-12,2.831684659,100.0000942271873,0.02613668586199441
1995-05-13,2.435248807,86.0000810445629,0.02247754984371501
1995-05-14,2.718417273,96.0000904708131,0.02509121843083746
1995-05-15,2.4918825,88.00008292275001,0.023000283559293486
1995-05-16,2.237030881,79.0000744532507,0.020647981834575318
1995-05-17,2.690100426,95.0000895140622,0.024829851568433186
1995-05-18,4.559012301,161.0001517061247,0.0420800642379033
1995-05-19,4.842180767,171.00016113237493,0.04469373282502575
1995-05-20,4.643962841,164.0001545410627,0.04286416481588605
1995-05-21,3.341387898,118.0001112015006,0.030841289320660836
1995-05-22,1.755644489,62.0000584356883,0.01620474523831317
1995-05-23,0.764554858,27.0000254438126,0.007056905183384596
1995-05-24,0.707921165,25.0000235656255,0.006534171467806124
1995-05-25,0.707921165,25.0000235656255,0.006534171467806124
1995-05-26,0.651287472,23.0000216874384,0.0060114377522276505
1995-05-27,0.566336932,20.0000188525004,0.005227337174244898
1995-05-28,0.821188551,29.000027321999703,0.0075796388989630694
1995-05-29,0.991089631,35.000032991875706,0.009147840054928573
1995-05-30,2.435248807,86.0000810445629,0.02247754984371501
1995-05-31,2.57683304,91.000085757688,0.023784384137276238
1995-06-01,0.821188551,29.000027321999703,0.0075796388989630694
1995-06-02,0.679604318,24.000022608874602,0.006272804605401845
1995-06-03,0.538020085,19.0000178957495,0.004965970311840619
1995-06-04,0.849505398,30.0000282787506,0.007841005761367347
1995-06-05,0.764554858,27.0000254438126,0.007056905183384596
1995-06-06,0.538020085,19.0000178957495,0.004965970311840619
1995-06-07,0.481386392,17.0000160175624,0.004443236596262147
1995-06-08,0.368119006,13.000012261188202,0.003397769165105201
1995-06-09,0.396435852,14.0000131826244,0.003659136018279395
1995-06-10,0.12176244,4.300004039868,0.0011238774889552215
1995-06-11,0.036811901,1.3000012402447,0.0003397769202025535
1995-06-12,0.011326739,0.40000038976330005,0.00010454674680772804
1995-06-13,0.004530695,0.16000013471650001,4.181869318504111e-05
1995-06-14,0.001132674,0.0400000425078,1.0454675603781153e-05
1995-06-15,,,
1995-06-16,,,
1995-06-17,,,
1995-06-18,,,
1995-06-19,,,
1995-06-20,,,
1995-06-21,,,
1995-06-22,,,
1995-06-23,,,
1995-06-24,,,
1995-06-25,,,
1995-06-26,,,
1995-06-27,,,
1995-06-28,,,
1995-06-29,,,
1995-06-30,,,
1995-07-01,,,
1995-07-02,,,
1995-07-03,,,
1995-07-04,,,
1995-07-05,,,
1995-07-06,,,
1995-07-07,,,
1995-07-08,,,
1995-07-09,,,
1995-07-10,,,
1995-07-11,,,
1995-07-12,,,
1995-07-13,,,
1995-07-14,0.00736238,0.260000240986,6.7955382194494e-05
1995-07-15,0.566336932,20.0000188525004,0.005227337174244898
1995-07-16,0.252019935,8.9000083985445,0.002326165044938801
1995-07-17,0.12176244,4.300004039868,0.0011238774889552215
1995-07-18,0.070792116,2.5000023389052,0.0006534171421655705
1995-07-19,0.062297063,2.2000020907261,0.000575007093597379
1995-07-20,0.04247527,1.5000014174690002,0.00039205028899137577
1995-07-21,0.031148531,1.1000010277057,0.0002875035421836477
1995-07-22,0.007079212,0.25000024801640003,6.534171790859045e-05
1995-07-23,0.001132674,0.0400000425078,1.0454675603781153e-05
1995-07-24,,,
1995-07-25,,,
1995-07-26,,,
1995-07-27,,,
1995-07-28,,,
1995-07-29,,,
1995-07-30,,,
1995-07-31,,,
1995-08-01,,,
1995-08-02,,,
1995-08-03,,,
1995-08-04,,,
1995-08-05,,,
1995-08-06,,,
1995-08-07,,,
1995-08-08,,,
1995-08-09,,,
1995-08-10,,,
1995-08-11,,,
1995-08-12,,,
1995-08-13,,,
1995-08-14,,,
1995-08-15,1.019406477,36.0000339133119,0.009409206908102768
1995-08-16,1.274258097,45.0000424181259,0.011761508642051022
1995-08-17,0.566336932,20.0000188525004,0.005227337174244898
1995-08-18,0.186891188,6.600006236863601,0.0017250212715620534
1995-08-19,0.130257494,4.600004323361801,0.0012022875467534964
1995-08-20,0.538020085,19.0000178957495,0.004965970311840619
1995-08-21,2.152080341,76.0000716183127,0.019863881256592563
1995-08-22,1.24594125,44.000041461375005,0.011500141779646743
1995-08-23,1.444159176,51.000048052687205,0.013329709788786443
1995-08-24,2.123763494,75.0000706615618,0.019602514394188284
1995-08-25,3.709506904,131.0001234626888,0.034239058485766034
1995-08-26,2.548516193,90.00008480093712,0.023523017274871962
1995-08-27,0.679604318,24.000022608874602,0.006272804605401845
1995-08-28,0.263346673,9.300008752993099,0.002430711782516446
1995-08-29,0.087782224,3.1000029058928003,0.0008102372577621209
1995-08-30,0.031148531,1.1000010277057,0.0002875035421836477
1995-08-31,0.020104961,0.7100006662267001,0.00018557046889190672
1995-09-01,0.036811901,1.3000012402447,0.0003397769202025535
1995-09-02,0.019821793,0.7000006732571,0.0001829568046060032
1995-09-03,0.009061391,0.3200003047477,8.363739560016573e-05
1995-09-04,0.011326739,0.40000038976330005,0.00010454674680772804
1995-09-05,0.014158423,0.5000004607181,0.00013068342658709742
1995-09-06,0.011326739,0.40000038976330005,0.00010454674680772804
1995-09-07,8.013667586,283.00026669931424,0.07396682099895116
1995-09-08,4.813863921,170.00016021093873,0.04443236597185155
1995-09-09,2.690100426,95.0000895140622,0.024829851568433186
1995-09-10,1.529109716,54.0000508876252,0.014113810366769192
1995-09-11,0.877822244,31.000029200186802,0.008102372614541541
1995-09-12,0.181227818,6.4000060243246,0.0016727478935431475
1995-09-13,0.031148531,1.1000010277057,0.0002875035421836477
1995-09-14,0.00736238,0.260000240986,6.7955382194494e-05
1995-09-15,0.002831685,0.10000010626950001,2.6136689009452884e-05
1995-09-16,0.001132674,0.0400000425078,1.0454675603781153e-05
1995-09-17,0.000283168,0.0099999929696,2.613664285903536e-06
1995-09-18,0.000283168,0.0099999929696,2.613664285903536e-06
1995-09-19,0.000283168,0.0099999929696,2.613664285903536e-06
1995-09-20,,,
1995-09-21,,,
1995-09-22,,,
1995-09-23,,,
1995-09-24,,,
1995-09-25,,,
1995-09-26,,,
1995-09-27,,,
1995-09-28,0.000283168,0.0099999929696,2.613664285903536e-06
1995-09-29,0.141584233,5.0000047131251,0.0013068342935612246
1995-09-30,0.339802159,12.000011304437301,0.0031364023027009224
1995-10-01,0.792871705,28.000026400563502,0.007318272045788875
1995-10-02,0.368119006,13.000012261188202,0.003397769165105201
1995-10-03,0.101940648,3.6000034019256,0.0009409206935793017
1995-10-04,0.027467341,0.9700009072127,0.0002535258510864007
1995-10-05,0.009910896,0.35000031897120004,9.147839768795984e-05
1995-10-06,0.00736238,0.260000240986,6.7955382194494e-05
1995-10-07,0.007079212,0.25000024801640003,6.534171790859045e-05
1995-10-08,0.008495054,0.30000028349380004,7.841005779827515e-05
1995-10-09,0.008211886,0.2900002905242,7.57963935123716e-05
1995-10-10,0.007928717,0.28000026223990004,7.318271999638457e-05
1995-10-11,0.007645549,0.2700002692703,7.056905571048104e-05
1995-10-12,0.010477233,0.37000034022510003,9.670573548985042e-05
1995-10-13,0.016423771,0.5800005457337001,0.00015159277779465971
1995-10-14,0.009061391,0.3200003047477,8.363739560016573e-05
1995-10-15,0.008778222,0.31000027646340006,8.102372208417869e-05
1995-10-16,0.010760402,0.38000036850940005,9.931940900583746e-05
1995-10-17,0.008211886,0.2900002905242,7.57963935123716e-05
1995-10-18,0.001982179,0.07000005673130001,1.8295677691575268e-05
1995-10-19,,,
1995-10-20,0.053802009,1.9000018072323,0.0004965970357991037
1995-10-21,0.01104357,0.390000361479,0.000101933073291741
1995-10-22,0.007928717,0.28000026223990004,7.318271999638457e-05
1995-10-23,0.02775051,0.9800009354970001,0.00025613952460238774
1995-10-24,0.015857434,0.5600005244798001,0.00014636543999276913
1995-10-25,0.012176244,0.4300004039868,0.00011238774889552213
1995-10-26,0.023502983,0.8300007937501,0.00021693449570325018
1995-10-27,0.021803972,0.7700007299884001,0.00020125248229757847
1995-10-28,0.048138639,1.7000015946933,0.000444323657780198
1995-10-29,0.04247527,1.5000014174690002,0.00039205028899137577
1995-10-30,0.036811901,1.3000012402447,0.0003397769202025535
1995-10-31,0.036811901,1.3000012402447,0.0003397769202025535
1995-11-01,0.045306955,1.6000015237385001,0.0004181869780008287
1995-11-02,0.08495054,3.0000028349380004,0.0007841005779827515
1995-11-03,0.090613909,3.2000030121623,0.0008363739467715737
1995-11-04,0.283168466,10.0000094262502,0.002613668587122449
1995-11-05,0.161406026,5.700005386382201,0.001489791098167228
1995-11-06,0.116099071,4.1000038626437005,0.0010716041201663993
1995-11-07,0.12742581,4.500004252407,0.0011761508669741272
1995-11-08,0.124594125,4.4000041461375,0.0011500141779646744
1995-11-09,0.093445594,3.3000031184318006,0.0008625106357810267
1995-11-10,0.07928717,2.8000026223990004,0.0007318271999638457
1995-11-11,0.070792116,2.5000023389052,0.0006534171421655705
1995-11-12,0.065128747,2.3000021616809003,0.0006011437733767482
1995-11-13,0.073623801,2.6000024451747,0.0006795538311750235
1995-11-14,0.087782224,3.1000029058928003,0.0008102372577621209
1995-11-15,0.093445594,3.3000031184318006,0.0008625106357810267
1995-11-16,0.093445594,3.3000031184318006,0.0008625106357810267
1995-11-17,0.118930756,4.2000039689132,0.001097740809175852
1995-11-18,0.118930756,4.2000039689132,0.001097740809175852
1995-11-19,0.113267386,4.0000037563742,0.0010454674311569463
1995-11-20,0.118930756,4.2000039689132,0.001097740809175852
1995-11-21,0.093445594,3.3000031184318006,0.0008625106357810267
1995-11-22,0.141584233,5.0000047131251,0.0013068342935612246
1995-11-23,0.138752548,4.9000046068556005,0.0012806976045517716
1995-11-24,0.104772332,3.7000034728804,0.0009670573733586711
1995-11-25,0.110435702,3.9000036854194002,0.0010193307513775768
1995-11-26,0.147247602,5.2000048903494,0.001359107662350047
1995-11-27,0.104772332,3.7000034728804,0.0009670573733586711
1995-11-28,0.093445594,3.3000031184318006,0.0008625106357810267
1995-11-29,0.124594125,4.4000041461375,0.0011500141779646744
1995-11-30,0.073623801,2.6000024451747,0.0006795538311750235
1995-12-01,0.101940648,3.6000034019256,0.0009409206935793017
1995-12-02,0.090613909,3.2000030121623,0.0008363739467715737
1995-12-03,0.12176244,4.300004039868,0.0011238774889552215
1995-12-04,0.184059503,6.500006130594101,0.0016988845825526005
1995-12-05,0.186891188,6.600006236863601,0.0017250212715620534
1995-12-06,0.110435702,3.9000036854194002,0.0010193307513775768
1995-12-07,0.033980216,1.2000011339752001,0.0003136402311931006
1995-12-08,0.070792116,2.5000023389052,0.0006534171421655705
1995-12-09,0.024635657,0.8700008362579,0.00022738917130703132
1995-12-10,0.031148531,1.1000010277057,0.0002875035421836477
1995-12-11,0.01840595,0.650000602465,0.000169888455486235
1995-12-12,0.033980216,1.2000011339752001,0.0003136402311931006
1995-12-13,0.036811901,1.3000012402447,0.0003397769202025535
1995-12-14,0.045306955,1.6000015237385001,0.0004181869780008287
1995-12-15,0.04247527,1.5000014174690002,0.00039205028899137577
1995-12-16,0.012459413,0.44000043227110003,0.0001150014224115092
1995-12-17,0.011609907,0.4100003827329,0.00010716041109363156
1995-12-18,0.031148531,1.1000010277057,0.0002875035421836477
1995-12-19,0.010760402,0.38000036850940005,9.931940900583746e-05
1995-12-20,0.009344559,0.33000029771730005,8.625105988606926e-05
1995-12-21,0.023502983,0.8300007937501,0.00021693449570325018
1995-12-22,0.023786151,0.8400007867197,0.0002195481599891537
1995-12-23,0.013592086,0.4800004394642,0.00012545608878520683
1995-12-24,0.002831685,0.10000010626950001,2.6136689009452884e-05
1995-12-25,0.008495054,0.30000028349380004,7.841005779827515e-05
1995-12-26,0.010194065,0.3600003472555,9.409207120394688e-05
1995-12-27,0.009910896,0.35000031897120004,9.147839768795984e-05
1995-12-28,0.010477233,0.37000034022510003,9.670573548985042e-05
1995-12-29,0.017839613,0.6300005812111,0.0001646611176843444
1995-12-30,0.067960432,2.4000022679504003,0.0006272804623862012
1995-12-31,0.062297063,2.2000020907261,0.000575007093597379
1996-01-01,0.059465378,2.1000019844566,0.000548870404587926
1996-01-02,0.039643585,1.4000013111995002,0.00036591359998192286
1996-01-03,0.04247527,1.5000014174690002,0.00039205028899137577
1996-01-04,0.031148531,1.1000010277057,0.0002875035421836477
1996-01-05,0.028316847,1.0000009567509,0.0002613668624042783
1996-01-06,0.036811901,1.3000012402447,0.0003397769202025535
1996-01-07,0.050970324,1.8000017009628,0.00047046034678965083
1996-01-08,0.04247527,1.5000014174690002,0.00039205028899137577
1996-01-09,0.039643585,1.4000013111995002,0.00036591359998192286
1996-01-10,0.031148531,1.1000010277057,0.0002875035421836477
1996-01-11,0.009344559,0.33000029771730005,8.625105988606926e-05
1996-01-12,0.026617836,0.9400008929892,0.0002456848489986066
1996-01-13,0.013025749,0.4600004182103,0.00012022875098331625
1996-01-14,0.04247527,1.5000014174690002,0.00039205028899137577
1996-01-15,0.031148531,1.1000010277057,0.0002875035421836477
1996-01-16,0.04247527,1.5000014174690002,0.00039205028899137577
1996-01-17,0.036811901,1.3000012402447,0.0003397769202025535
1996-01-18,0.059465378,2.1000019844566,0.000548870404587926
1996-01-19,0.124594125,4.4000041461375,0.0011500141779646744
1996-01-20,0.090613909,3.2000030121623,0.0008363739467715737
1996-01-21,0.02406932,0.8500008150040002,0.00022216183350514076
1996-01-22,0.059465378,2.1000019844566,0.000548870404587926
1996-01-23,0.036811901,1.3000012402447,0.0003397769202025535
1996-01-24,0.050970324,1.8000017009628,0.00047046034678965083
1996-01-25,0.04247527,1.5000014174690002,0.00039205028899137577
1996-01-26,0.026051499,0.9200008717353,0.000240457511196716
1996-01-27,0.04247527,1.5000014174690002,0.00039205028899137577
1996-01-28,0.059465378,2.1000019844566,0.000548870404587926
1996-01-29,0.031148531,1.1000010277057,0.0002875035421836477
1996-01-30,0.087782224,3.1000029058928003,0.0008102372577621209
1996-01-31,0.062297063,2.2000020907261,0.000575007093597379
1996-02-01,0.099108963,3.5000032956561,0.0009147840045698487
1996-02-02,0.107604017,3.8000035791499003,0.000993194062368124
1996-02-03,0.011609907,0.4100003827329,0.00010716041109363156
1996-02-04,0.073623801,2.6000024451747,0.0006795538311750235
1996-02-05,0.048138639,1.7000015946933,0.000444323657780198
1996-02-06,0.020104961,0.7100006662267001,0.00018557046889190672
1996-02-07,0.04247527,1.5000014174690002,0.00039205028899137577
1996-02-08,0.031148531,1.1000010277057,0.0002875035421836477
1996-02-09,0.031148531,1.1000010277057,0.0002875035421836477
1996-02-10,0.031148531,1.1000010277057,0.0002875035421836477
1996-02-11,0.036811901,1.3000012402447,0.0003397769202025535
1996-02-12,0.036811901,1.3000012402447,0.0003397769202025535
1996-02-13,0.036811901,1.3000012402447,0.0003397769202025535
1996-02-14,0.04247527,1.5000014174690002,0.00039205028899137577
1996-02-15,0.050970324,1.8000017009628,0.00047046034678965083
1996-02-16,0.026901004,0.9500008859588001,0.00024829851328451015
1996-02-17,0.036811901,1.3000012402447,0.0003397769202025535
1996-02-18,0.090613909,3.2000030121623,0.0008363739467715737
1996-02-19,0.155742656,5.500005173843201,0.0014375177201483222
1996-02-20,0.099108963,3.5000032956561,0.0009147840045698487
1996-02-21,0.110435702,3.9000036854194002,0.0010193307513775768
1996-02-22,0.031148531,1.1000010277057,0.0002875035421836477
1996-02-23,0.04247527,1.5000014174690002,0.00039205028899137577
1996-02-24,0.026901004,0.9500008859588001,0.00024829851328451015
1996-02-25,0.133089179,4.7000044296313,0.0012284242357629494
1996-02-26,0.181227818,6.4000060243246,0.0016727478935431475
1996-02-27,0.070792116,2.5000023389052,0.0006534171421655705
1996-02-28,0.096277278,3.4000031893866,0.000888647315560396
1996-02-29,0.048138639,1.7000015946933,0.000444323657780198
1996-03-01,0.118930756,4.2000039689132,0.001097740809175852
1996-03-02,0.246356565,8.700008186005501,0.0022738916669198957
1996-03-03,0.215208034,7.600007158299801,0.001986388124736248
1996-03-04,0.246356565,8.700008186005501,0.0022738916669198957
1996-03-05,0.150079287,5.300004996618901,0.0013852443513594998
1996-03-06,0.07928717,2.8000026223990004,0.0007318271999638457
1996-03-07,0.048138639,1.7000015946933,0.000444323657780198
1996-03-08,0.033980216,1.2000011339752001,0.0003136402311931006
1996-03-09,0.039643585,1.4000013111995002,0.00036591359998192286
1996-03-10,0.028316847,1.0000009567509,0.0002613668624042783
1996-03-11,0.056633693,2.0000018781871,0.0005227337155784732
1996-03-12,0.039643585,1.4000013111995002,0.00036591359998192286
1996-03-13,0.036811901,1.3000012402447,0.0003397769202025535
1996-03-14,0.033980216,1.2000011339752001,0.0003136402311931006
1996-03-15,0.04247527,1.5000014174690002,0.00039205028899137577
1996-03-16,0.062297063,2.2000020907261,0.000575007093597379
1996-03-17,0.050970324,1.8000017009628,0.00047046034678965083
1996-03-18,0.045306955,1.6000015237385001,0.0004181869780008287
1996-03-19,0.045306955,1.6000015237385001,0.0004181869780008287
1996-03-20,0.036811901,1.3000012402447,0.0003397769202025535
1996-03-21,0.02576833,0.910000843451,0.00023784383768072896
1996-03-22,0.026901004,0.9500008859588001,0.00024829851328451015
1996-03-23,0.013592086,0.4800004394642,0.00012545608878520683
1996-03-24,0.013025749,0.4600004182103,0.00012022875098331625
1996-03-25,0.015291097,0.5400005032259,0.00014113810219087858
1996-03-26,0.017273276,0.6100005599572,0.00015943377988245384
1996-03-27,0.015291097,0.5400005032259,0.00014113810219087858
1996-03-28,0.010477233,0.37000034022510003,9.670573548985042e-05
1996-03-29,0.012176244,0.4300004039868,0.00011238774889552213
1996-03-30,0.027184173,0.9600009142431,0.00025091218680049716
1996-03-31,0.020104961,0.7100006662267001,0.00018557046889190672
1996-04-01,0.015291097,0.5400005032259,0.00014113810219087858
1996-04-02,0.014441592,0.5100004890024,0.00013329710010308445
1996-04-03,0.014441592,0.5100004890024,0.00013329710010308445
1996-04-04,0.014441592,0.5100004890024,0.00013329710010308445
1996-04-05,0.01472476,0.520000481972,0.000135910764388988
1996-04-06,0.014441592,0.5100004890024,0.00013329710010308445
1996-04-07,0.015574266,0.5500005315102,0.0001437517757068656
1996-04-08,0.01472476,0.520000481972,0.000135910764388988
1996-04-09,0.014441592,0.5100004890024,0.00013329710010308445
1996-04-10,0.015574266,0.5500005315102,0.0001437517757068656
1996-04-11,0.013025749,0.4600004182103,0.00012022875098331625
1996-04-12,0.014441592,0.5100004890024,0.00013329710010308445
1996-04-13,0.021520803,0.7600007017041001,0.0001986388087815914
1996-04-14,0.017839613,0.6300005812111,0.0001646611176843444
1996-04-15,0.015007929,0.5300005102563,0.00013852443790497503
1996-04-16,0.016423771,0.5800005457337001,0.00015159277779465971
1996-04-17,0.012459413,0.44000043227110003,0.0001150014224115092
1996-04-18,0.013592086,0.4800004394642,0.00012545608878520683
1996-04-19,0.015007929,0.5300005102563,0.00013852443790497503
1996-04-20,0.014441592,0.5100004890024,0.00013329710010308445
1996-04-21,0.014441592,0.5100004890024,0.00013329710010308445
1996-04-22,0.015574266,0.5500005315102,0.0001437517757068656
1996-04-23,0.015574266,0.5500005315102,0.0001437517757068656
1996-04-24,0.015574266,0.5500005315102,0.0001437517757068656
1996-04-25,0.006796043,0.2400002197321,6.272804439260342e-05
1996-04-26,0.006229706,0.22000019847820002,5.750070659071284e-05
1996-04-27,0.006796043,0.2400002197321,6.272804439260342e-05
1996-04-28,0.005097032,0.1800001559704,4.7046030986931686e-05
1996-04-29,0.004247527,0.15000014174690002,3.9205028899137574e-05
1996-04-30,0.059465378,2.1000019844566,0.000548870404587926
1996-05-01,0.087782224,3.1000029058928003,0.0008102372577621209
1996-05-02,0.067960432,2.4000022679504003,0.0006272804623862012
1996-05-03,0.039643585,1.4000013111995002,0.00036591359998192286
1996-05-04,0.045306955,1.6000015237385001,0.0004181869780008287
1996-05-05,0.036811901,1.3000012402447,0.0003397769202025535
1996-05-06,0.021237635,0.7500007087345001,0.00019602514449568788
1996-05-07,0.017273276,0.6100005599572,0.00015943377988245384
1996-05-08,0.012742581,0.4500004252407,0.00011761508669741271
1996-05-09,0.013308918,0.4700004464946,0.0001228424244993033
1996-05-10,0.010194065,0.3600003472555,9.409207120394688e-05
1996-05-11,0.002548516,0.0900000779852,2.3523015493465843e-05
1996-05-12,,,
1996-05-13,0.036811901,1.3000012402447,0.0003397769202025535
1996-05-14,0.003398022,0.12000012752340002,3.136402681134346e-05
1996-05-15,0.001982179,0.07000005673130001,1.8295677691575268e-05
1996-05-16,0.001132674,0.0400000425078,1.0454675603781153e-05
1996-05-17,,,
1996-05-18,0.001132674,0.0400000425078,1.0454675603781153e-05
1996-05-19,,,
1996-05-20,,,
1996-05-21,,,
1996-05-22,,,
1996-05-23,,,
1996-05-24,,,
1996-05-25,0.059465378,2.1000019844566,0.000548870404587926
1996-05-26,0.015291097,0.5400005032259,0.00014113810219087858
1996-05-27,0.006796043,0.2400002197321,6.272804439260342e-05
1996-05-28,0.003398022,0.12000012752340002,3.136402681134346e-05
1996-05-29,0.005380201,0.19000018425470003,4.965970450291873e-05
1996-05-30,0.003398022,0.12000012752340002,3.136402681134346e-05
1996-05-31,0.000849505,0.0300000142235,7.841002087794113e-06
1996-06-01,0.000566337,0.0200000212539,5.2273378018905765e-06
1996-06-02,,,
1996-06-03,0.001415842,0.05000003547740001,1.306833988968469e-05
1996-06-04,,,
1996-06-05,,,
1996-06-06,,,
1996-06-07,,,
1996-06-08,,,
1996-06-09,,,
1996-06-10,,,
1996-06-11,,,
1996-06-12,,,
1996-06-13,,,
1996-06-14,0.022653477,0.8000007442119001,0.00020909348438537256
1996-06-15,0.009061391,0.3200003047477,8.363739560016573e-05
1996-06-16,0.003964359,0.1400001487773,3.659136461323404e-05
1996-06-17,,,
1996-06-18,,,
1996-06-19,,,
1996-06-20,,,
1996-06-21,,,
1996-06-22,,,
1996-06-23,,,
1996-06-24,,,
1996-06-25,,,
1996-06-26,,,
1996-06-27,,,
1996-06-28,,,
1996-06-29,,,
1996-06-30,,,
1996-07-01,,,
1996-07-02,,,
1996-07-03,0.007645549,0.2700002692703,7.056905571048104e-05
1996-07-04,0.004247527,0.15000014174690002,3.9205028899137574e-05
1996-07-05,,,
1996-07-06,,,
1996-07-07,,,
1996-07-08,,,
1996-07-09,0.000566337,0.0200000212539,5.2273378018905765e-06
1996-07-10,0.07928717,2.8000026223990004,0.0007318271999638457
1996-07-11,0.050970324,1.8000017009628,0.00047046034678965083
1996-07-12,0.015857434,0.5600005244798001,0.00014636543999276913
1996-07-13,0.004813864,0.1700001630008,4.4432366701028156e-05
1996-07-14,0.000849505,0.0300000142235,7.841002087794113e-06
1996-07-15,0.08495054,3.0000028349380004,0.0007841005779827515
1996-07-16,1.019406477,36.0000339133119,0.009409206908102768
1996-07-17,2.010496108,71.0000669051876,0.018557046963031336
1996-07-18,4.728913381,167.00015737600071,0.0436482653938688
1996-07-19,0.538020085,19.0000178957495,0.004965970311840619
1996-07-20,0.099108963,3.5000032956561,0.0009147840045698487
1996-07-21,0.017839613,0.6300005812111,0.0001646611176843444
1996-07-22,0.006229706,0.22000019847820002,5.750070659071284e-05
1996-07-23,0.001982179,0.07000005673130001,1.8295677691575268e-05
1996-07-24,,,
1996-07-25,,,
1996-07-26,,,
1996-07-27,,,
1996-07-28,,,
1996-07-29,,,
1996-07-30,,,
1996-07-31,,,
1996-08-01,,,
1996-08-02,,,
1996-08-03,,,
1996-08-04,,,
1996-08-05,,,
1996-08-06,,,
1996-08-07,,,
1996-08-08,,,
1996-08-09,,,
1996-08-10,,,
1996-08-11,,,
1996-08-12,,,
1996-08-13,,,
1996-08-14,,,
1996-08-15,,,
1996-08-16,,,
1996-08-17,,,
1996-08-18,,,
1996-08-19,,,
1996-08-20,,,
1996-08-21,0.014158423,0.5000004607181,0.00013068342658709742
1996-08-22,0.16990108,6.000005669876001,0.001568201155965503
1996-08-23,0.158574341,5.6000052801127005,0.001463654409157775
1996-08-24,0.792871705,28.000026400563502,0.007318272045788875
1996-08-25,0.368119006,13.000012261188202,0.003397769165105201
1996-08-26,17.27327642,610.000574789374,0.1594337837590889
1996-08-27,1.444159176,51.000048052687205,0.013329709788786443
1996-08-28,0.368119006,13.000012261188202,0.003397769165105201
1996-08-29,0.067960432,2.4000022679504003,0.0006272804623862012
1996-08-30,0.018122782,0.6400006094954,0.00016727479120033146
1996-08-31,0.012459413,0.44000043227110003,0.0001150014224115092
1996-09-01,0.01472476,0.520000481972,0.000135910764388988
1996-09-02,0.01104357,0.390000361479,0.000101933073291741
1996-09-03,0.009344559,0.33000029771730005,8.625105988606926e-05
1996-09-04,0.008778222,0.31000027646340006,8.102372208417869e-05
1996-09-05,0.009061391,0.3200003047477,8.363739560016573e-05
1996-09-06,0.277505097,9.8000092490259,0.0025613952183336265
1996-09-07,0.012742581,0.4500004252407,0.00011761508669741271
1996-09-08,0.020104961,0.7100006662267001,0.00018557046889190672
1996-09-09,0.215208034,7.600007158299801,0.001986388124736248
1996-09-10,0.039643585,1.4000013111995002,0.00036591359998192286
1996-09-11,0.01840595,0.650000602465,0.000169888455486235
1996-09-12,3.369704744,119.0001121229368,0.031102656173835026
1996-09-13,5.295250313,187.00017622850112,0.0488756025681137
1996-09-14,4.275843835,151.0001422798745,0.03946639565078085
1996-09-15,11.41168918,403.000379884946,0.10533084406288072
1996-09-16,5.351884006,189.0001781066882,0.04939833628369217
1996-09-17,0.679604318,24.000022608874602,0.006272804605401845
1996-09-18,0.20671298,7.300006874806,0.0019079780669379728
1996-09-19,4.077625909,144.0001356885623,0.03763682764164115
1996-09-20,0.906139091,32.000030156937704,0.008363739476945822
1996-09-21,0.283168466,10.0000094262502,0.002613668587122449
1996-09-22,0.070792116,2.5000023389052,0.0006534171421655705
1996-09-23,0.024918825,0.8800008292275,0.00023000283559293486
1996-09-24,0.013592086,0.4800004394642,0.00012545608878520683
1996-09-25,0.008211886,0.2900002905242,7.57963935123716e-05
1996-09-26,0.007079212,0.25000024801640003,6.534171790859045e-05
1996-09-27,0.005097032,0.1800001559704,4.7046030986931686e-05
1996-09-28,0.005946538,0.21000020550860002,5.4887042304809305e-05
1996-09-29,0.006512875,0.2300002267625,6.011438010669987e-05
1996-09-30,0.006796043,0.2400002197321,6.272804439260342e-05
1996-10-01,0.006512875,0.2300002267625,6.011438010669987e-05
1996-10-02,0.007079212,0.25000024801640003,6.534171790859045e-05
1996-10-03,4.219210142,149.0001404016874,0.03894366193520237
1996-10-04,12.14792719,429.00040433669307,0.11212638237463096
1996-10-05,1.217624403,43.0000405046241,0.011238774917242466
1996-10-06,0.229366457,8.1000076190179,0.0021170715513233454
1996-10-07,0.065128747,2.3000021616809003,0.0006011437733767482
1996-10-08,0.031148531,1.1000010277057,0.0002875035421836477
1996-10-09,0.023502983,0.8300007937501,0.00021693449570325018
1996-10-10,0.017839613,0.6300005812111,0.0001646611176843444
1996-10-11,0.013875255,0.49000046774850003,0.00012806976230119387
1996-10-12,0.012176244,0.4300004039868,0.00011238774889552213
1996-10-13,0.013592086,0.4800004394642,0.00012545608878520683
1996-10-14,0.013308918,0.4700004464946,0.0001228424244993033
1996-10-15,0.011609907,0.4100003827329,0.00010716041109363156
1996-10-16,0.010477233,0.37000034022510003,9.670573548985042e-05
1996-10-17,0.008495054,0.30000028349380004,7.841005779827515e-05
1996-10-18,0.010477233,0.37000034022510003,9.670573548985042e-05
1996-10-19,0.014158423,0.5000004607181,0.00013068342658709742
1996-10-20,0.013308918,0.4700004464946,0.0001228424244993033
1996-10-21,0.010760402,0.38000036850940005,9.931940900583746e-05
1996-10-22,0.010194065,0.3600003472555,9.409207120394688e-05
1996-10-23,0.012459413,0.44000043227110003,0.0001150014224115092
1996-10-24,0.012459413,0.44000043227110003,0.0001150014224115092
1996-10-25,0.01472476,0.520000481972,0.000135910764388988
1996-10-26,0.017556445,0.6200005882415001,0.00016204745339844088
1996-10-27,0.048138639,1.7000015946933,0.000444323657780198
1996-10-28,0.048138639,1.7000015946933,0.000444323657780198
1996-10-29,0.991089631,35.000032991875706,0.009147840054928573
1996-10-30,0.622970625,22.000020730687503,0.005750070889823372
1996-10-31,0.257683304,9.1000085757688,0.002378438413727624
1996-11-01,0.138752548,4.9000046068556005,0.0012806976045517716
1996-11-02,0.116099071,4.1000038626437005,0.0010716041201663993
1996-11-03,0.104772332,3.7000034728804,0.0009670573733586711
1996-11-04,0.090613909,3.2000030121623,0.0008363739467715737
1996-11-05,0.087782224,3.1000029058928003,0.0008102372577621209
1996-11-06,0.133089179,4.7000044296313,0.0012284242357629494
1996-11-07,0.124594125,4.4000041461375,0.0011500141779646744
1996-11-08,0.096277278,3.4000031893866,0.000888647315560396
1996-11-09,0.065128747,2.3000021616809003,0.0006011437733767482
1996-11-10,0.067960432,2.4000022679504003,0.0006272804623862012
1996-11-11,0.059465378,2.1000019844566,0.000548870404587926
1996-11-12,0.087782224,3.1000029058928003,0.0008102372577621209
1996-11-13,0.082118855,2.9000027286685004,0.0007579638889732987
1996-11-14,0.096277278,3.4000031893866,0.000888647315560396
1996-11-15,0.147247602,5.2000048903494,0.001359107662350047
1996-11-16,0.339802159,12.000011304437301,0.0031364023027009224
1996-11-17,0.138752548,4.9000046068556005,0.0012806976045517716
1996-11-18,0.150079287,5.300004996618901,0.0013852443513594998
1996-11-19,0.16990108,6.000005669876001,0.001568201155965503
1996-11-20,0.113267386,4.0000037563742,0.0010454674311569463
1996-11-21,0.065128747,2.3000021616809003,0.0006011437733767482
1996-11-22,0.093445594,3.3000031184318006,0.0008625106357810267
1996-11-23,0.215208034,7.600007158299801,0.001986388124736248
1996-11-24,0.339802159,12.000011304437301,0.0031364023027009224
1996-11-25,0.277505097,9.8000092490259,0.0025613952183336265
1996-11-26,0.138752548,4.9000046068556005,0.0012806976045517716
1996-11-27,0.070792116,2.5000023389052,0.0006534171421655705
1996-11-28,0.050970324,1.8000017009628,0.00047046034678965083
1996-11-29,0.053802009,1.9000018072323,0.0004965970357991037
1996-11-30,0.135920864,4.800004535900801,0.0012545609247724024
1996-12-01,0.090613909,3.2000030121623,0.0008363739467715737
1996-12-02,0.065128747,2.3000021616809003,0.0006011437733767482
1996-12-03,0.036811901,1.3000012402447,0.0003397769202025535
1996-12-04,0.04247527,1.5000014174690002,0.00039205028899137577
1996-12-05,0.031148531,1.1000010277057,0.0002875035421836477
1996-12-06,0.033980216,1.2000011339752001,0.0003136402311931006
1996-12-07,0.048138639,1.7000015946933,0.000444323657780198
1996-12-08,0.048138639,1.7000015946933,0.000444323657780198
1996-12-09,0.08495054,3.0000028349380004,0.0007841005779827515
1996-12-10,0.118930756,4.2000039689132,0.001097740809175852
1996-12-11,0.12176244,4.300004039868,0.0011238774889552215
1996-12-12,0.150079287,5.300004996618901,0.0013852443513594998
1996-12-13,0.175564449,6.200005847100301,0.0016204745247543253
1996-12-14,0.118930756,4.2000039689132,0.001097740809175852
1996-12-15,0.067960432,2.4000022679504003,0.0006272804623862012
1996-12-16,0.036811901,1.3000012402447,0.0003397769202025535
1996-12-17,0.031148531,1.1000010277057,0.0002875035421836477
1996-12-18,0.005380201,0.19000018425470003,4.965970450291873e-05
1996-12-19,0.00736238,0.260000240986,6.7955382194494e-05
1996-12-20,0.007645549,0.2700002692703,7.056905571048104e-05
1996-12-21,0.08495054,3.0000028349380004,0.0007841005779827515
1996-12-22,0.053802009,1.9000018072323,0.0004965970357991037
1996-12-23,0.065128747,2.3000021616809003,0.0006011437733767482
1996-12-24,0.022653477,0.8000007442119001,0.00020909348438537256
1996-12-25,0.021520803,0.7600007017041001,0.0001986388087815914
1996-12-26,0.026901004,0.9500008859588001,0.00024829851328451015
1996-12-27,0.031148531,1.1000010277057,0.0002875035421836477
1996-12-28,0.026051499,0.9200008717353,0.000240457511196716
1996-12-29,0.019821793,0.7000006732571,0.0001829568046060032
1996-12-30,0.050970324,1.8000017009628,0.00047046034678965083
1996-12-31,0.107604017,3.8000035791499003,0.000993194062368124
1997-01-01,0.070792116,2.5000023389052,0.0006534171421655705
1997-01-02,0.056633693,2.0000018781871,0.0005227337155784732
1997-01-03,0.067960432,2.4000022679504003,0.0006272804623862012
1997-01-04,0.073623801,2.6000024451747,0.0006795538311750235
1997-01-05,0.396435852,14.0000131826244,0.003659136018279395
1997-01-06,0.283168466,10.0000094262502,0.002613668587122449
1997-01-07,0.144415918,5.1000048193946,0.0013329709825706775
1997-01-08,0.070792116,2.5000023389052,0.0006534171421655705
1997-01-09,0.082118855,2.9000027286685004,0.0007579638889732987
1997-01-10,0.045306955,1.6000015237385001,0.0004181869780008287
1997-01-11,0.045306955,1.6000015237385001,0.0004181869780008287
1997-01-12,0.031148531,1.1000010277057,0.0002875035421836477
1997-01-13,0.036811901,1.3000012402447,0.0003397769202025535
1997-01-14,0.215208034,7.600007158299801,0.001986388124736248
1997-01-15,0.093445594,3.3000031184318006,0.0008625106357810267
1997-01-16,0.04247527,1.5000014174690002,0.00039205028899137577
1997-01-17,0.025201993,0.8900008221971,0.0002326164998788384
1997-01-18,0.07928717,2.8000026223990004,0.0007318271999638457
1997-01-19,0.056633693,2.0000018781871,0.0005227337155784732
1997-01-20,0.039643585,1.4000013111995002,0.00036591359998192286
1997-01-21,0.026334667,0.9300008647049001,0.00024307117548261952
1997-01-22,0.04247527,1.5000014174690002,0.00039205028899137577
1997-01-23,0.059465378,2.1000019844566,0.000548870404587926
1997-01-24,0.877822244,31.000029200186802,0.008102372614541541
1997-01-25,2.265347727,80.0000753746869,0.02090934868774951
1997-01-26,2.180397188,77.00007257506361,0.020125248118996845
1997-01-27,3.256437358,115.0001083665626,0.03005718874267808
1997-01-28,3.596239517,127.00011967099991,0.033193591045379
1997-01-29,1.16099071,41.000038626437004,0.010716041201663994
1997-01-30,0.877822244,31.000029200186802,0.008102372614541541
1997-01-31,0.509703239,18.0000169743133,0.004704603458666426
1997-02-01,0.339802159,12.000011304437301,0.0031364023027009224
1997-02-02,0.339802159,12.000011304437301,0.0031364023027009224
1997-02-03,0.311485313,11.0000103830011,0.0028750354495267272
1997-02-04,0.311485313,11.0000103830011,0.0028750354495267272
1997-02-05,0.283168466,10.0000094262502,0.002613668587122449
1997-02-06,0.277505097,9.8000092490259,0.0025613952183336265
1997-02-07,0.368119006,13.000012261188202,0.003397769165105201
1997-02-08,0.283168466,10.0000094262502,0.002613668587122449
1997-02-09,0.24918825,8.800008292275,0.002300028355929349
1997-02-10,0.223703088,7.9000074417936,0.002064798182534523
1997-02-11,0.240693196,8.5000080087812,0.0022216182981310735
1997-02-12,0.226534773,8.0000075480631,0.002090934871543976
1997-02-13,0.198217926,7.0000065913122,0.0018295680091396974
1997-02-14,0.235029827,8.3000078315569,0.0021693449293422513
1997-02-15,0.133089179,4.7000044296313,0.0012284242357629494
1997-02-16,0.141584233,5.0000047131251,0.0013068342935612246
1997-02-17,0.212376349,7.5000070520303,0.001960251435726795
1997-02-18,0.175564449,6.200005847100301,0.0016204745247543253
1997-02-19,0.12742581,4.500004252407,0.0011761508669741272
1997-02-20,0.099108963,3.5000032956561,0.0009147840045698487
1997-02-21,0.141584233,5.0000047131251,0.0013068342935612246
1997-02-22,0.12176244,4.300004039868,0.0011238774889552215
1997-02-23,0.056633693,2.0000018781871,0.0005227337155784732
1997-02-24,0.07928717,2.8000026223990004,0.0007318271999638457
1997-02-25,0.147247602,5.2000048903494,0.001359107662350047
1997-02-26,0.20671298,7.300006874806,0.0019079780669379728
1997-02-27,0.096277278,3.4000031893866,0.000888647315560396
1997-02-28,0.12176244,4.300004039868,0.0011238774889552215
1997-03-01,0.263346673,9.300008752993099,0.002430711782516446
1997-03-02,0.141584233,5.0000047131251,0.0013068342935612246
1997-03-03,0.138752548,4.9000046068556005,0.0012806976045517716
1997-03-04,0.223703088,7.9000074417936,0.002064798182534523
1997-03-05,0.20671298,7.300006874806,0.0019079780669379728
1997-03-06,0.195386241,6.9000064850427,0.0018034313201302447
1997-03-07,0.116099071,4.1000038626437005,0.0010716041201663993
1997-03-08,0.152910972,5.4000051028884,0.0014113810403689527
1997-03-09,0.158574341,5.6000052801127005,0.001463654409157775
1997-03-10,0.138752548,4.9000046068556005,0.0012806976045517716
1997-03-11,0.124594125,4.4000041461375,0.0011500141779646744
1997-03-12,0.101940648,3.6000034019256,0.0009409206935793017
1997-03-13,0.07928717,2.8000026223990004,0.0007318271999638457
1997-03-14,0.062297063,2.2000020907261,0.000575007093597379
1997-03-15,0.08495054,3.0000028349380004,0.0007841005779827515
1997-03-16,0.093445594,3.3000031184318006,0.0008625106357810267
1997-03-17,0.087782224,3.1000029058928003,0.0008102372577621209
1997-03-18,0.048138639,1.7000015946933,0.000444323657780198
1997-03-19,0.045306955,1.6000015237385001,0.0004181869780008287
1997-03-20,0.039643585,1.4000013111995002,0.00036591359998192286
1997-03-21,0.039643585,1.4000013111995002,0.00036591359998192286
1997-03-22,0.023219814,0.8200007654658,0.00021432082218726312
1997-03-23,0.020954466,0.7400006804502001,0.00019341147097970085
1997-03-24,0.017556445,0.6200005882415001,0.00016204745339844088
1997-03-25,0.015857434,0.5600005244798001,0.00014636543999276913
1997-03-26,0.028316847,1.0000009567509,0.0002613668624042783
1997-03-27,0.023786151,0.8400007867197,0.0002195481599891537
1997-03-28,0.015574266,0.5500005315102,0.0001437517757068656
1997-03-29,0.008495054,0.30000028349380004,7.841005779827515e-05
1997-03-30,0.039643585,1.4000013111995002,0.00036591359998192286
1997-03-31,0.02038813,0.720000694511,0.00018818414240789376
1997-04-01,0.031148531,1.1000010277057,0.0002875035421836477
1997-04-02,0.070792116,2.5000023389052,0.0006534171421655705
1997-04-03,1.670693949,59.0000556007503,0.015420644660330418
1997-04-04,1.699010796,60.0000565575012,0.015682011522734695
1997-04-05,4.162576449,147.0001385235003,0.03842092821962391
1997-04-06,3.143169972,111.0001046101884,0.029011721311521136
1997-04-07,1.868911875,66.0000621920625,0.017250212669470116
1997-04-08,1.24594125,44.000041461375005,0.011500141779646743
1997-04-09,1.302574943,46.000043339562104,0.012022875495225216
1997-04-10,0.934455938,33.00003111368861,0.008625106339350099
1997-04-11,0.821188551,29.000027321999703,0.0075796388989630694
1997-04-12,1.444159176,51.000048052687205,0.013329709788786443
1997-04-13,1.302574943,46.000043339562104,0.012022875495225216
1997-04-14,1.019406477,36.0000339133119,0.009409206908102768
1997-04-15,0.566336932,20.0000188525004,0.005227337174244898
1997-04-16,0.481386392,17.0000160175624,0.004443236596262147
1997-04-17,0.240693196,8.5000080087812,0.0022216182981310735
1997-04-18,1.104357017,39.000036748249904,0.01019330748608552
1997-04-19,1.642377102,58.000054643999405,0.015159277797926139
1997-04-20,1.925545568,68.0000640702496,0.017772946385048588
1997-04-21,2.690100426,95.0000895140622,0.024829851568433186
1997-04-22,3.199803665,113.00010648837551,0.029534455027099612
1997-04-23,3.681190057,130.0001225059379,0.033977691623361755
1997-04-24,3.511288977,124.0001168360619,0.03240949046739625
1997-04-25,4.105942756,145.0001366453132,0.037898194504045433
1997-04-26,3.90772483,138.000130054001,0.03606862649490573
1997-04-27,2.690100426,95.0000895140622,0.024829851568433186
1997-04-28,3.284754205,116.00010932331351,0.03031855560508236
1997-04-29,3.341387898,118.0001112015006,0.030841289320660836
1997-04-30,3.454655284,122.00011495787481,0.031886756751817784
1997-05-01,3.114853125,110.00010365343749,0.028750354449116857
1997-05-02,2.633466733,93.0000876358751,0.024307117852854714
1997-05-03,2.378615114,84.00007916637581,0.02195481612813654
1997-05-04,1.500792869,53.000049930874304,0.013852443504364915
1997-05-05,1.24594125,44.000041461375005,0.011500141779646743
1997-05-06,1.33089179,47.000044296313,0.012284242357629493
1997-05-07,0.651287472,23.0000216874384,0.0060114377522276505
1997-05-08,0.764554858,27.0000254438126,0.007056905183384596
1997-05-09,0.679604318,24.000022608874602,0.006272804605401845
1997-05-10,0.707921165,25.0000235656255,0.006534171467806124
1997-05-11,0.509703239,18.0000169743133,0.004704603458666426
1997-05-12,0.453069545,16.000015060811503,0.004181869733857869
1997-05-13,0.266178358,9.4000088592626,0.002456848471525899
1997-05-14,0.065128747,2.3000021616809003,0.0006011437733767482
1997-05-15,0.013308918,0.4700004464946,0.0001228424244993033
1997-05-16,0.01104357,0.390000361479,0.000101933073291741
1997-05-17,0.010194065,0.3600003472555,9.409207120394688e-05
1997-05-18,0.008211886,0.2900002905242,7.57963935123716e-05
1997-05-19,0.009344559,0.33000029771730005,8.625105988606926e-05
1997-05-20,0.016706939,0.5900005387033,0.00015420644208056326
1997-05-21,0.039643585,1.4000013111995002,0.00036591359998192286
1997-05-22,0.538020085,19.0000178957495,0.004965970311840619
1997-05-23,0.707921165,25.0000235656255,0.006534171467806124
1997-05-24,0.991089631,35.000032991875706,0.009147840054928573
1997-05-25,0.481386392,17.0000160175624,0.004443236596262147
1997-05-26,0.158574341,5.6000052801127005,0.001463654409157775
1997-05-27,0.04247527,1.5000014174690002,0.00039205028899137577
1997-05-28,0.014441592,0.5100004890024,0.00013329710010308445
1997-05-29,0.012459413,0.44000043227110003,0.0001150014224115092
1997-05-30,0.009344559,0.33000029771730005,8.625105988606926e-05
1997-05-31,0.008778222,0.31000027646340006,8.102372208417869e-05
1997-06-01,0.006512875,0.2300002267625,6.011438010669987e-05
1997-06-02,0.002265348,0.0800000850156,2.0909351207562306e-05
1997-06-03,0.001982179,0.07000005673130001,1.8295677691575268e-05
1997-06-04,0.004247527,0.15000014174690002,3.9205028899137574e-05
1997-06-05,,,
1997-06-06,,,
1997-06-07,0.003114853,0.11000009923910001,2.875035329535642e-05
1997-06-08,0.015291097,0.5400005032259,0.00014113810219087858
1997-06-09,0.008778222,0.31000027646340006,8.102372208417869e-05
1997-06-10,0.007645549,0.2700002692703,7.056905571048104e-05
1997-06-11,0.002265348,0.0800000850156,2.0909351207562306e-05
1997-06-12,,,
1997-06-13,,,
1997-06-14,,,
1997-06-15,,,
1997-06-16,,,
1997-06-17,,,
1997-06-18,,,
1997-06-19,,,
1997-06-20,,,
1997-06-21,,,
1997-06-22,,,
1997-06-23,,,
1997-06-24,,,
1997-06-25,,,
1997-06-26,,,
1997-06-27,,,
1997-06-28,,,
1997-06-29,,,
1997-06-30,,,
1997-07-01,,,
1997-07-02,,,
1997-07-03,,,
1997-07-04,,,
1997-07-05,,,
1997-07-06,,,
1997-07-07,,,
1997-07-08,,,
1997-07-09,,,
1997-07-10,,,
1997-07-11,,,
1997-07-12,,,
1997-07-13,,,
1997-07-14,,,
1997-07-15,,,
1997-07-16,,,
1997-07-17,,,
1997-07-18,,,
1997-07-19,,,
1997-07-20,,,
1997-07-21,,,
1997-07-22,,,
1997-07-23,0.237861511,8.4000079025117,0.0021954816091216208
1997-07-24,3.964358523,140.0001319321881,0.0365913602104842
1997-07-25,0.906139091,32.000030156937704,0.008363739476945822
1997-07-26,0.509703239,18.0000169743133,0.004704603458666426
1997-07-27,0.339802159,12.000011304437301,0.0031364023027009224
1997-07-28,0.087782224,3.1000029058928003,0.0008102372577621209
1997-07-29,0.481386392,17.0000160175624,0.004443236596262147
1997-07-30,0.396435852,14.0000131826244,0.003659136018279395
1997-07-31,0.07928717,2.8000026223990004,0.0007318271999638457
1997-08-01,0.050970324,1.8000017009628,0.00047046034678965083
1997-08-02,0.022653477,0.8000007442119001,0.00020909348438537256
1997-08-03,0.481386392,17.0000160175624,0.004443236596262147
1997-08-04,3.709506904,131.0001234626888,0.034239058485766034
1997-08-05,45.02378608,1590.0014982793762,0.4155733052232483
1997-08-06,21.91723926,774.000729295122,0.20229794856574485
1997-08-07,2.463565654,87.0000820013138,0.022738916706119293
1997-08-08,0.566336932,20.0000188525004,0.005227337174244898
1997-08-09,0.257683304,9.1000085757688,0.002378438413727624
1997-08-10,0.212376349,7.5000070520303,0.001960251435726795
1997-08-11,23.21981421,820.000772881887,0.21432082412558068
1997-08-12,23.6445669,835.0007867034301,0.2182413269231936
1997-08-13,3.171486818,112.00010553162461,0.029273088164695333
1997-08-14,0.821188551,29.000027321999703,0.0075796388989630694
1997-08-15,0.538020085,19.0000178957495,0.004965970311840619
1997-08-16,0.235029827,8.3000078315569,0.0021693449293422513
1997-08-17,0.144415918,5.1000048193946,0.0013329709825706775
1997-08-18,0.090613909,3.2000030121623,0.0008363739467715737
1997-08-19,0.033980216,1.2000011339752001,0.0003136402311931006
1997-08-20,0.016140603,0.5700005527641,0.0001489791135087562
1997-08-21,0.070792116,2.5000023389052,0.0006534171421655705
1997-08-22,0.110435702,3.9000036854194002,0.0010193307513775768
1997-08-23,0.048138639,1.7000015946933,0.000444323657780198
1997-08-24,0.16990108,6.000005669876001,0.001568201155965503
1997-08-25,0.189722872,6.7000063078184,0.0017511579513414225
1997-08-26,0.311485313,11.0000103830011,0.0028750354495267272
1997-08-27,8.211885512,290.0002732906264,0.07579638900809087
1997-08-28,6.796043182,240.00022615937542,0.06272804607247862
1997-08-29,2.123763494,75.0000706615618,0.019602514394188284
1997-08-30,0.566336932,20.0000188525004,0.005227337174244898
1997-08-31,0.566336932,20.0000188525004,0.005227337174244898
1997-09-01,1.217624403,43.0000405046241,0.011238774917242466
1997-09-02,3.398021591,120.00011307968771,0.03136402303623931
1997-09-03,1.189307557,42.000039583187906,0.01097740806406827
1997-09-04,1.189307557,42.000039583187906,0.01097740806406827
1997-09-05,1.33089179,47.000044296313,0.012284242357629493
1997-09-06,1.274258097,45.0000424181259,0.011761508642051022
1997-09-07,0.991089631,35.000032991875706,0.009147840054928573
1997-09-08,0.962772784,34.0000320351248,0.008886473192524294
1997-09-09,0.906139091,32.000030156937704,0.008363739476945822
1997-09-10,0.792871705,28.000026400563502,0.007318272045788875
1997-09-11,0.707921165,25.0000235656255,0.006534171467806124
1997-09-12,0.707921165,25.0000235656255,0.006534171467806124
1997-09-13,0.481386392,17.0000160175624,0.004443236596262147
1997-09-14,1.132673864,40.0000377050008,0.010454674348489797
1997-09-15,2.265347727,80.0000753746869,0.02090934868774951
1997-09-16,14.1584233,500.00047131251006,0.13068342935612248
1997-09-17,1.982179261,70.0000659484367,0.01829568010062706
1997-09-18,0.538020085,19.0000178957495,0.004965970311840619
1997-09-19,0.481386392,17.0000160175624,0.004443236596262147
1997-09-20,0.424752699,15.0000141393753,0.003920502880683674
1997-09-21,0.396435852,14.0000131826244,0.003659136018279395
1997-09-22,0.311485313,11.0000103830011,0.0028750354495267272
1997-09-23,0.283168466,10.0000094262502,0.002613668587122449
1997-09-24,0.271841727,9.6000090364869,0.002509121840314721
1997-09-25,0.229366457,8.1000076190179,0.0021170715513233454
1997-09-26,0.138752548,4.9000046068556005,0.0012806976045517716
1997-09-27,0.101940648,3.6000034019256,0.0009409206935793017
1997-09-28,0.070792116,2.5000023389052,0.0006534171421655705
1997-09-29,0.04247527,1.5000014174690002,0.00039205028899137577
1997-09-30,0.028316847,1.0000009567509,0.0002613668624042783
1997-10-01,0.107604017,3.8000035791499003,0.000993194062368124
1997-10-02,0.031148531,1.1000010277057,0.0002875035421836477
1997-10-03,6.739409489,238.0002242811883,0.06220531235690014
1997-10-04,7.107528495,251.00023654237654,0.06560308152200535
1997-10-05,4.105942756,145.0001366453132,0.037898194504045433
1997-10-06,3.794457443,134.0001262623121,0.03502315905451871
1997-10-07,4.219210142,149.0001404016874,0.03894366193520237
1997-10-08,6.031488324,213.0002007155628,0.05567114088909402
1997-10-09,2.831684659,100.0000942271873,0.02613668586199441
1997-10-10,1.104357017,39.000036748249904,0.01019330748608552
1997-10-11,0.481386392,17.0000160175624,0.004443236596262147
1997-10-12,0.339802159,12.000011304437301,0.0031364023027009224
1997-10-13,0.186891188,6.600006236863601,0.0017250212715620534
1997-10-14,0.147247602,5.2000048903494,0.001359107662350047
1997-10-15,0.116099071,4.1000038626437005,0.0010716041201663993
1997-10-16,0.178396134,6.3000059533698005,0.0016466112137637782
1997-10-17,0.155742656,5.500005173843201,0.0014375177201483222
1997-10-18,0.12176244,4.300004039868,0.0011238774889552215
1997-10-19,0.135920864,4.800004535900801,0.0012545609247724024
1997-10-20,0.152910972,5.4000051028884,0.0014113810403689527
1997-10-21,0.150079287,5.300004996618901,0.0013852443513594998
1997-10-22,0.144415918,5.1000048193946,0.0013329709825706775
1997-10-23,0.141584233,5.0000047131251,0.0013068342935612246
1997-10-24,0.141584233,5.0000047131251,0.0013068342935612246
1997-10-25,0.144415918,5.1000048193946,0.0013329709825706775
1997-10-26,0.138752548,4.9000046068556005,0.0012806976045517716
1997-10-27,0.158574341,5.6000052801127005,0.001463654409157775
1997-10-28,0.12176244,4.300004039868,0.0011238774889552215
1997-10-29,0.172732764,6.100005740830801,0.0015943378357448725
1997-10-30,0.155742656,5.500005173843201,0.0014375177201483222
1997-10-31,0.155742656,5.500005173843201,0.0014375177201483222
1997-11-01,0.158574341,5.6000052801127005,0.001463654409157775
1997-11-02,0.141584233,5.0000047131251,0.0013068342935612246
1997-11-03,0.133089179,4.7000044296313,0.0012284242357629494
1997-11-04,0.138752548,4.9000046068556005,0.0012806976045517716
1997-11-05,0.141584233,5.0000047131251,0.0013068342935612246
1997-11-06,0.144415918,5.1000048193946,0.0013329709825706775
1997-11-07,0.158574341,5.6000052801127005,0.001463654409157775
1997-11-08,0.16423771,5.800005457337001,0.0015159277779465974
1997-11-09,0.175564449,6.200005847100301,0.0016204745247543253
1997-11-10,0.172732764,6.100005740830801,0.0015943378357448725
1997-11-11,0.16990108,6.000005669876001,0.001568201155965503
1997-11-12,0.189722872,6.7000063078184,0.0017511579513414225
1997-11-13,0.223703088,7.9000074417936,0.002064798182534523
1997-11-14,0.237861511,8.4000079025117,0.0021954816091216208
1997-11-15,0.263346673,9.300008752993099,0.002430711782516446
1997-11-16,0.24918825,8.800008292275,0.002300028355929349
1997-11-17,0.209544665,7.4000069810755,0.0019341147559474255
1997-11-18,0.198217926,7.0000065913122,0.0018295680091396974
1997-11-19,0.184059503,6.500006130594101,0.0016988845825526005
1997-11-20,0.16990108,6.000005669876001,0.001568201155965503
1997-11-21,0.16990108,6.000005669876001,0.001568201155965503
1997-11-22,0.16990108,6.000005669876001,0.001568201155965503
1997-11-23,0.16990108,6.000005669876001,0.001568201155965503
1997-11-24,0.16423771,5.800005457337001,0.0015159277779465974
1997-11-25,0.167069395,5.9000055636065,0.00154206446695605
1997-11-26,0.192554557,6.8000064140879,0.0017772946403508752
1997-11-27,0.178396134,6.3000059533698005,0.0016466112137637782
1997-11-28,0.141584233,5.0000047131251,0.0013068342935612246
1997-11-29,0.12176244,4.300004039868,0.0011238774889552215
1997-11-30,0.116099071,4.1000038626437005,0.0010716041201663993
1997-12-01,0.116099071,4.1000038626437005,0.0010716041201663993
1997-12-02,0.110435702,3.9000036854194002,0.0010193307513775768
1997-12-03,0.110435702,3.9000036854194002,0.0010193307513775768
1997-12-04,0.090613909,3.2000030121623,0.0008363739467715737
1997-12-05,0.070792116,2.5000023389052,0.0006534171421655705
1997-12-06,0.067960432,2.4000022679504003,0.0006272804623862012
1997-12-07,0.096277278,3.4000031893866,0.000888647315560396
1997-12-08,0.133089179,4.7000044296313,0.0012284242357629494
1997-12-09,0.175564449,6.200005847100301,0.0016204745247543253
1997-12-10,0.226534773,8.0000075480631,0.002090934871543976
1997-12-11,0.155742656,5.500005173843201,0.0014375177201483222
1997-12-12,0.067960432,2.4000022679504003,0.0006272804623862012
1997-12-13,0.056633693,2.0000018781871,0.0005227337155784732
1997-12-14,0.059465378,2.1000019844566,0.000548870404587926
1997-12-15,0.039643585,1.4000013111995002,0.00036591359998192286
1997-12-16,0.039643585,1.4000013111995002,0.00036591359998192286
1997-12-17,0.024352488,0.8600008079736,0.00022477549779104425
1997-12-18,0.039643585,1.4000013111995002,0.00036591359998192286
1997-12-19,0.062297063,2.2000020907261,0.000575007093597379
1997-12-20,0.045306955,1.6000015237385001,0.0004181869780008287
1997-12-21,0.059465378,2.1000019844566,0.000548870404587926
1997-12-22,0.087782224,3.1000029058928003,0.0008102372577621209
1997-12-23,0.110435702,3.9000036854194002,0.0010193307513775768
1997-12-24,0.12742581,4.500004252407,0.0011761508669741272
1997-12-25,0.133089179,4.7000044296313,0.0012284242357629494
1997-12-26,0.12742581,4.500004252407,0.0011761508669741272
1997-12-27,0.12742581,4.500004252407,0.0011761508669741272
1997-12-28,0.065128747,2.3000021616809003,0.0006011437733767482
1997-12-29,0.099108963,3.5000032956561,0.0009147840045698487
1997-12-30,0.101940648,3.6000034019256,0.0009409206935793017
1997-12-31,0.07928717,2.8000026223990004,0.0007318271999638457
1998-01-01,0.138752548,4.9000046068556005,0.0012806976045517716
1998-01-02,0.147247602,5.2000048903494,0.001359107662350047
1998-01-03,0.195386241,6.9000064850427,0.0018034313201302447
1998-01-04,0.198217926,7.0000065913122,0.0018295680091396974
1998-01-05,0.311485313,11.0000103830011,0.0028750354495267272
1998-01-06,0.339802159,12.000011304437301,0.0031364023027009224
1998-01-07,0.538020085,19.0000178957495,0.004965970311840619
1998-01-08,0.622970625,22.000020730687503,0.005750070889823372
1998-01-09,0.20671298,7.300006874806,0.0019079780669379728
1998-01-10,0.212376349,7.5000070520303,0.001960251435726795
1998-01-11,0.209544665,7.4000069810755,0.0019341147559474255
1998-01-12,0.155742656,5.500005173843201,0.0014375177201483222
1998-01-13,0.16423771,5.800005457337001,0.0015159277779465974
1998-01-14,0.172732764,6.100005740830801,0.0015943378357448725
1998-01-15,0.090613909,3.2000030121623,0.0008363739467715737
1998-01-16,0.110435702,3.9000036854194002,0.0010193307513775768
1998-01-17,0.090613909,3.2000030121623,0.0008363739467715737
1998-01-18,0.110435702,3.9000036854194002,0.0010193307513775768
1998-01-19,0.118930756,4.2000039689132,0.001097740809175852
1998-01-20,0.130257494,4.600004323361801,0.0012022875467534964
1998-01-21,0.090613909,3.2000030121623,0.0008363739467715737
1998-01-22,0.050970324,1.8000017009628,0.00047046034678965083
1998-01-23,0.036811901,1.3000012402447,0.0003397769202025535
1998-01-24,0.036811901,1.3000012402447,0.0003397769202025535
1998-01-25,0.050970324,1.8000017009628,0.00047046034678965083
1998-01-26,0.050970324,1.8000017009628,0.00047046034678965083
1998-01-27,0.062297063,2.2000020907261,0.000575007093597379
1998-01-28,0.050970324,1.8000017009628,0.00047046034678965083
1998-01-29,0.082118855,2.9000027286685004,0.0007579638889732987
1998-01-30,0.062297063,2.2000020907261,0.000575007093597379
1998-01-31,0.087782224,3.1000029058928003,0.0008102372577621209
1998-02-01,0.07928717,2.8000026223990004,0.0007318271999638457
1998-02-02,0.087782224,3.1000029058928003,0.0008102372577621209
1998-02-03,0.090613909,3.2000030121623,0.0008363739467715737
1998-02-04,0.107604017,3.8000035791499003,0.000993194062368124
1998-02-05,0.118930756,4.2000039689132,0.001097740809175852
1998-02-06,0.110435702,3.9000036854194002,0.0010193307513775768
1998-02-07,0.104772332,3.7000034728804,0.0009670573733586711
1998-02-08,0.172732764,6.100005740830801,0.0015943378357448725
1998-02-09,0.181227818,6.4000060243246,0.0016727478935431475
1998-02-10,0.181227818,6.4000060243246,0.0016727478935431475
1998-02-11,0.181227818,6.4000060243246,0.0016727478935431475
1998-02-12,0.16990108,6.000005669876001,0.001568201155965503
1998-02-13,0.110435702,3.9000036854194002,0.0010193307513775768
1998-02-14,0.12176244,4.300004039868,0.0011238774889552215
1998-02-15,0.16990108,6.000005669876001,0.001568201155965503
1998-02-16,1.557426563,55.0000518443761,0.01437517722917347
1998-02-17,0.622970625,22.000020730687503,0.005750070889823372
1998-02-18,0.396435852,14.0000131826244,0.003659136018279395
1998-02-19,0.339802159,12.000011304437301,0.0031364023027009224
1998-02-20,0.271841727,9.6000090364869,0.002509121840314721
1998-02-21,0.283168466,10.0000094262502,0.002613668587122449
1998-02-22,0.311485313,11.0000103830011,0.0028750354495267272
1998-02-23,0.243524881,8.6000081150507,0.0022477549871405267
1998-02-24,0.209544665,7.4000069810755,0.0019341147559474255
1998-02-25,0.223703088,7.9000074417936,0.002064798182534523
1998-02-26,0.198217926,7.0000065913122,0.0018295680091396974
1998-02-27,0.189722872,6.7000063078184,0.0017511579513414225
1998-02-28,0.198217926,7.0000065913122,0.0018295680091396974
1998-03-01,0.184059503,6.500006130594101,0.0016988845825526005
1998-03-02,0.113267386,4.0000037563742,0.0010454674311569463
1998-03-03,0.107604017,3.8000035791499003,0.000993194062368124
1998-03-04,0.113267386,4.0000037563742,0.0010454674311569463
1998-03-05,0.110435702,3.9000036854194002,0.0010193307513775768
1998-03-06,0.073623801,2.6000024451747,0.0006795538311750235
1998-03-07,0.651287472,23.0000216874384,0.0060114377522276505
1998-03-08,1.557426563,55.0000518443761,0.01437517722917347
1998-03-09,0.764554858,27.0000254438126,0.007056905183384596
1998-03-10,0.481386392,17.0000160175624,0.004443236596262147
1998-03-11,0.311485313,11.0000103830011,0.0028750354495267272
1998-03-12,0.172732764,6.100005740830801,0.0015943378357448725
1998-03-13,0.07928717,2.8000026223990004,0.0007318271999638457
1998-03-14,0.050970324,1.8000017009628,0.00047046034678965083
1998-03-15,0.311485313,11.0000103830011,0.0028750354495267272
1998-03-16,1.16099071,41.000038626437004,0.010716041201663994
1998-03-17,0.934455938,33.00003111368861,0.008625106339350099
1998-03-18,0.311485313,11.0000103830011,0.0028750354495267272
1998-03-19,0.12176244,4.300004039868,0.0011238774889552215
1998-03-20,0.059465378,2.1000019844566,0.000548870404587926
1998-03-21,0.235029827,8.3000078315569,0.0021693449293422513
1998-03-22,0.113267386,4.0000037563742,0.0010454674311569463
1998-03-23,0.050970324,1.8000017009628,0.00047046034678965083
1998-03-24,0.036811901,1.3000012402447,0.0003397769202025535
1998-03-25,0.764554858,27.0000254438126,0.007056905183384596
1998-03-26,2.010496108,71.0000669051876,0.018557046963031336
1998-03-27,1.897228722,67.0000631488134,0.017511579531874395
1998-03-28,2.803367813,99.00009330575111,0.025875319008820213
1998-03-29,2.746734119,97.0000913922493,0.02535258528401166
1998-03-30,3.482972131,123.00011591462571,0.032148123614222056
1998-03-31,2.66178358,94.000088592626,0.024568484715258986
1998-04-01,1.868911875,66.0000621920625,0.017250212669470116
1998-04-02,1.897228722,67.0000631488134,0.017511579531874395
1998-04-03,2.66178358,94.000088592626,0.024568484715258986
1998-04-04,1.925545568,68.0000640702496,0.017772946385048588
1998-04-05,1.047723324,37.0000348700628,0.009670573770507044
1998-04-06,1.217624403,43.0000405046241,0.011238774917242466
1998-04-07,0.821188551,29.000027321999703,0.0075796388989630694
1998-04-08,1.047723324,37.0000348700628,0.009670573770507044
1998-04-09,1.302574943,46.000043339562104,0.012022875495225216
1998-04-10,1.925545568,68.0000640702496,0.017772946385048588
1998-04-11,1.500792869,53.000049930874304,0.013852443504364915
1998-04-12,1.104357017,39.000036748249904,0.01019330748608552
1998-04-13,1.07604017,38.000035791499,0.009931940623681239
1998-04-14,2.548516193,90.00008480093712,0.023523017274871962
1998-04-15,2.208714034,78.00007349649981,0.02038661497217104
1998-04-16,1.840595028,65.0000612353116,0.016988845807065837
1998-04-17,1.302574943,46.000043339562104,0.012022875495225216
1998-04-18,1.07604017,38.000035791499,0.009931940623681239
1998-04-19,0.594653778,21.0000197739366,0.005488704027419093
1998-04-20,0.424752699,15.0000141393753,0.003920502880683674
1998-04-21,0.283168466,10.0000094262502,0.002613668587122449
1998-04-22,0.070792116,2.5000023389052,0.0006534171421655705
1998-04-23,0.283168466,10.0000094262502,0.002613668587122449
1998-04-24,3.766140597,133.0001253408759,0.03476179220134451
1998-04-25,3.766140597,133.0001253408759,0.03476179220134451
1998-04-26,3.539605824,125.00011779281282,0.03267085732980053
1998-04-27,3.313071051,117.0001102447497,0.030579922458256557
1998-04-28,3.171486818,112.00010553162461,0.029273088164695333
1998-04-29,3.086536279,109.00010273200131,0.028488987595942664
1998-04-30,2.916635199,103.0000970621253,0.02692078643997716
1998-05-01,2.888318352,102.00009610537441,0.026659419577572886
1998-05-02,2.831684659,100.0000942271873,0.02613668586199441
1998-05-03,2.860001506,101.00009518393821,0.02639805272439869
1998-05-04,2.888318352,102.00009610537441,0.026659419577572886
1998-05-05,2.944952046,104.0000980188762,0.02718215330238144
1998-05-06,2.916635199,103.0000970621253,0.02692078643997716
1998-05-07,2.944952046,104.0000980188762,0.02718215330238144
1998-05-08,2.944952046,104.0000980188762,0.02718215330238144
1998-05-09,2.888318352,102.00009610537441,0.026659419577572886
1998-05-10,3.029902585,107.0001008184995,0.027966253871134106
1998-05-11,3.058219432,108.0001017752504,0.028227620733538385
1998-05-12,3.058219432,108.0001017752504,0.028227620733538385
1998-05-13,3.143169972,111.0001046101884,0.029011721311521136
1998-05-14,3.171486818,112.00010553162461,0.029273088164695333
1998-05-15,2.803367813,99.00009330575111,0.025875319008820213
1998-05-16,2.350298267,83.0000782096249,0.02169344926573226
1998-05-17,1.783961335,63.000059357124506,0.016466112091487364
1998-05-18,1.359208636,48.000045217749204,0.01254560921080369
1998-05-19,0.679604318,24.000022608874602,0.006272804605401845
1998-05-20,0.679604318,24.000022608874602,0.006272804605401845
1998-05-21,0.566336932,20.0000188525004,0.005227337174244898
1998-05-22,0.538020085,19.0000178957495,0.004965970311840619
1998-05-23,0.311485313,11.0000103830011,0.0028750354495267272
1998-05-24,0.076455486,2.7000025514442,0.0007056905201844764
1998-05-25,0.02208714,0.780000722958,0.000203866146583482
1998-05-26,0.011893076,0.42000041101720004,0.00010977408460961861
1998-05-27,0.008778222,0.31000027646340006,8.102372208417869e-05
1998-05-28,0.007928717,0.28000026223990004,7.318271999638457e-05
1998-05-29,0.006796043,0.2400002197321,6.272804439260342e-05
1998-05-30,0.005097032,0.1800001559704,4.7046030986931686e-05
1998-05-31,0.006796043,0.2400002197321,6.272804439260342e-05
1998-06-01,0.006229706,0.22000019847820002,5.750070659071284e-05
1998-06-02,0.002831685,0.10000010626950001,2.6136689009452884e-05
1998-06-03,,,
1998-06-04,,,
1998-06-05,,,
1998-06-06,,,
1998-06-07,,,
1998-06-08,,,
1998-06-09,,,
1998-06-10,,,
1998-06-11,,,
1998-06-12,,,
1998-06-13,,,
1998-06-14,,,
1998-06-15,,,
1998-06-16,,,
1998-06-17,,,
1998-06-18,,,
1998-06-19,,,
1998-06-20,,,
1998-06-21,,,
1998-06-22,,,
1998-06-23,,,
1998-06-24,,,
1998-06-25,,,
1998-06-26,,,
1998-06-27,,,
1998-06-28,,,
1998-06-29,,,
1998-06-30,,,
1998-07-01,,,
1998-07-02,,,
1998-07-03,,,
1998-07-04,,,
1998-07-05,,,
1998-07-06,,,
1998-07-07,,,
1998-07-08,,,
1998-07-09,,,
1998-07-10,0.000849505,0.0300000142235,7.841002087794113e-06
1998-07-11,0.017839613,0.6300005812111,0.0001646611176843444
1998-07-12,0.000283168,0.0099999929696,2.613664285903536e-06
1998-07-13,,,
1998-07-14,,,
1998-07-15,,,
1998-07-16,,,
1998-07-17,,,
1998-07-18,,,
1998-07-19,,,
1998-07-20,,,
1998-07-21,,,
1998-07-22,1.41584233,50.000047131251,0.013068342935612248
1998-07-23,0.707921165,25.0000235656255,0.006534171467806124
1998-07-24,0.424752699,15.0000141393753,0.003920502880683674
1998-07-25,0.368119006,13.000012261188202,0.003397769165105201
1998-07-26,0.141584233,5.0000047131251,0.0013068342935612246
1998-07-27,0.08495054,3.0000028349380004,0.0007841005779827515
1998-07-28,0.707921165,25.0000235656255,0.006534171467806124
1998-07-29,0.453069545,16.000015060811503,0.004181869733857869
1998-07-30,0.16990108,6.000005669876001,0.001568201155965503
1998-07-31,0.113267386,4.0000037563742,0.0010454674311569463
1998-08-01,0.08495054,3.0000028349380004,0.0007841005779827515
1998-08-02,0.028316847,1.0000009567509,0.0002613668624042783
1998-08-03,0.014158423,0.5000004607181,0.00013068342658709742
1998-08-04,0.002831685,0.10000010626950001,2.6136689009452884e-05
1998-08-05,,,
1998-08-06,,,
1998-08-07,,,
1998-08-08,,,
1998-08-09,,,
1998-08-10,,,
1998-08-11,,,
1998-08-12,,,
1998-08-13,,,
1998-08-14,,,
1998-08-15,0.025201993,0.8900008221971,0.0002326164998788384
1998-08-16,0.161406026,5.700005386382201,0.001489791098167228
1998-08-17,0.062297063,2.2000020907261,0.000575007093597379
1998-08-18,0.017273276,0.6100005599572,0.00015943377988245384
1998-08-19,0.006229706,0.22000019847820002,5.750070659071284e-05
1998-08-20,0.000566337,0.0200000212539,5.2273378018905765e-06
1998-08-21,,,
1998-08-22,0.005097032,0.1800001559704,4.7046030986931686e-05
1998-08-23,0.172732764,6.100005740830801,0.0015943378357448725
1998-08-24,0.028033678,0.9900009284666,0.00025875318888829126
1998-08-25,0.021803972,0.7700007299884001,0.00020125248229757847
1998-08-26,0.093445594,3.3000031184318006,0.0008625106357810267
1998-08-27,0.017556445,0.6200005882415001,0.00016204745339844088
1998-08-28,0.007079212,0.25000024801640003,6.534171790859045e-05
1998-08-29,0.004247527,0.15000014174690002,3.9205028899137574e-05
1998-08-30,0.001982179,0.07000005673130001,1.8295677691575268e-05
1998-08-31,0.000566337,0.0200000212539,5.2273378018905765e-06
1998-09-01,0.004813864,0.1700001630008,4.4432366701028156e-05
1998-09-02,0.013875255,0.49000046774850003,0.00012806976230119387
1998-09-03,0.008778222,0.31000027646340006,8.102372208417869e-05
1998-09-04,0.00368119,0.130000120493,3.3977691097247e-05
1998-09-05,0.02406932,0.8500008150040002,0.00022216183350514076
1998-09-06,0.076455486,2.7000025514442,0.0007056905201844764
1998-09-07,0.073623801,2.6000024451747,0.0006795538311750235
1998-09-08,0.067960432,2.4000022679504003,0.0006272804623862012
1998-09-09,0.073623801,2.6000024451747,0.0006795538311750235
1998-09-10,0.099108963,3.5000032956561,0.0009147840045698487
1998-09-11,8.495053978,300.0002827168766,0.0784100575952133
1998-09-12,4.247526989,150.0001413584383,0.03920502879760665
1998-09-13,15.85743409,560.000527658123,0.14636544082347666
1998-09-14,0.707921165,25.0000235656255,0.006534171467806124
1998-09-15,0.254851619,9.0000084694993,0.0023523017247181707
1998-09-16,0.113267386,4.0000037563742,0.0010454674311569463
1998-09-17,0.093445594,3.3000031184318006,0.0008625106357810267
1998-09-18,0.08495054,3.0000028349380004,0.0007841005779827515
1998-09-19,0.070792116,2.5000023389052,0.0006534171421655705
1998-09-20,0.056633693,2.0000018781871,0.0005227337155784732
1998-09-21,0.028316847,1.0000009567509,0.0002613668624042783
1998-09-22,0.014158423,0.5000004607181,0.00013068342658709742
1998-09-23,0.028316847,1.0000009567509,0.0002613668624042783
1998-09-24,0.04247527,1.5000014174690002,0.00039205028899137577
1998-09-25,0.056633693,2.0000018781871,0.0005227337155784732
1998-09-26,0.056633693,2.0000018781871,0.0005227337155784732
1998-09-27,0.04247527,1.5000014174690002,0.00039205028899137577
1998-09-28,0.04247527,1.5000014174690002,0.00039205028899137577
1998-09-29,0.04247527,1.5000014174690002,0.00039205028899137577
1998-09-30,0.056633693,2.0000018781871,0.0005227337155784732
1998-10-01,0.070792116,2.5000023389052,0.0006534171421655705
1998-10-02,0.059465378,2.1000019844566,0.000548870404587926
1998-10-03,0.08495054,3.0000028349380004,0.0007841005779827515
1998-10-04,0.059465378,2.1000019844566,0.000548870404587926
1998-10-05,0.036811901,1.3000012402447,0.0003397769202025535
1998-10-06,0.04247527,1.5000014174690002,0.00039205028899137577
1998-10-07,0.144415918,5.1000048193946,0.0013329709825706775
1998-10-08,0.110435702,3.9000036854194002,0.0010193307513775768
1998-10-09,0.090613909,3.2000030121623,0.0008363739467715737
1998-10-10,0.116099071,4.1000038626437005,0.0010716041201663993
1998-10-11,0.090613909,3.2000030121623,0.0008363739467715737
1998-10-12,0.082118855,2.9000027286685004,0.0007579638889732987
1998-10-13,0.065128747,2.3000021616809003,0.0006011437733767482
1998-10-14,0.04247527,1.5000014174690002,0.00039205028899137577
1998-10-15,0.023502983,0.8300007937501,0.00021693449570325018
1998-10-16,0.04247527,1.5000014174690002,0.00039205028899137577
1998-10-17,0.059465378,2.1000019844566,0.000548870404587926
1998-10-18,0.039643585,1.4000013111995002,0.00036591359998192286
1998-10-19,0.101940648,3.6000034019256,0.0009409206935793017
1998-10-20,0.056633693,2.0000018781871,0.0005227337155784732
1998-10-21,0.130257494,4.600004323361801,0.0012022875467534964
1998-10-22,9.910896307,350.00032981281294,0.09147840052159548
1998-10-23,1.699010796,60.0000565575012,0.015682011522734695
1998-10-24,0.424752699,15.0000141393753,0.003920502880683674
1998-10-25,0.283168466,10.0000094262502,0.002613668587122449
1998-10-26,8.495053978,300.0002827168766,0.0784100575952133
1998-10-27,1.699010796,60.0000565575012,0.015682011522734695
1998-10-28,0.707921165,25.0000235656255,0.006534171467806124
1998-10-29,0.396435852,14.0000131826244,0.003659136018279395
1998-10-30,0.283168466,10.0000094262502,0.002613668587122449
1998-10-31,2.831684659,100.0000942271873,0.02613668586199441
1998-11-01,0.849505398,30.0000282787506,0.007841005761367347
1998-11-02,0.198217926,7.0000065913122,0.0018295680091396974
1998-11-03,0.198217926,7.0000065913122,0.0018295680091396974
1998-11-04,0.141584233,5.0000047131251,0.0013068342935612246
1998-11-05,0.113267386,4.0000037563742,0.0010454674311569463
1998-11-06,0.113267386,4.0000037563742,0.0010454674311569463
1998-11-07,0.283168466,10.0000094262502,0.002613668587122449
1998-11-08,0.226534773,8.0000075480631,0.002090934871543976
1998-11-09,1.41584233,50.000047131251,0.013068342935612248
1998-11-10,0.849505398,30.0000282787506,0.007841005761367347
1998-11-11,0.424752699,15.0000141393753,0.003920502880683674
1998-11-12,0.283168466,10.0000094262502,0.002613668587122449
1998-11-13,0.283168466,10.0000094262502,0.002613668587122449
1998-11-14,0.226534773,8.0000075480631,0.002090934871543976
1998-11-15,0.198217926,7.0000065913122,0.0018295680091396974
1998-11-16,0.16990108,6.000005669876001,0.001568201155965503
1998-11-17,0.16990108,6.000005669876001,0.001568201155965503
1998-11-18,0.218039719,7.7000072645693,0.002012524813745701
1998-11-19,0.240693196,8.5000080087812,0.0022216182981310735
1998-11-20,0.218039719,7.7000072645693,0.002012524813745701
1998-11-21,0.155742656,5.500005173843201,0.0014375177201483222
1998-11-22,0.101940648,3.6000034019256,0.0009409206935793017
1998-11-23,0.133089179,4.7000044296313,0.0012284242357629494
1998-11-24,0.144415918,5.1000048193946,0.0013329709825706775
1998-11-25,0.167069395,5.9000055636065,0.00154206446695605
1998-11-26,0.158574341,5.6000052801127005,0.001463654409157775
1998-11-27,0.155742656,5.500005173843201,0.0014375177201483222
1998-11-28,0.138752548,4.9000046068556005,0.0012806976045517716
1998-11-29,0.16990108,6.000005669876001,0.001568201155965503
1998-11-30,0.178396134,6.3000059533698005,0.0016466112137637782
1998-12-01,0.186891188,6.600006236863601,0.0017250212715620534
1998-12-02,0.229366457,8.1000076190179,0.0021170715513233454
1998-12-03,0.223703088,7.9000074417936,0.002064798182534523
1998-12-04,0.220871403,7.8000073355241,0.0020386614935250704
1998-12-05,0.223703088,7.9000074417936,0.002064798182534523
1998-12-06,0.201049611,7.1000066975817,0.0018557046981491506
1998-12-07,0.161406026,5.700005386382201,0.001489791098167228
1998-12-08,0.062297063,2.2000020907261,0.000575007093597379
1998-12-09,0.116099071,4.1000038626437005,0.0010716041201663993
1998-12-10,0.067960432,2.4000022679504003,0.0006272804623862012
1998-12-11,0.067960432,2.4000022679504003,0.0006272804623862012
1998-12-12,0.073623801,2.6000024451747,0.0006795538311750235
1998-12-13,0.062297063,2.2000020907261,0.000575007093597379
1998-12-14,0.093445594,3.3000031184318006,0.0008625106357810267
1998-12-15,0.070792116,2.5000023389052,0.0006534171421655705
1998-12-16,0.065128747,2.3000021616809003,0.0006011437733767482
1998-12-17,0.056633693,2.0000018781871,0.0005227337155784732
1998-12-18,0.339802159,12.000011304437301,0.0031364023027009224
1998-12-19,0.283168466,10.0000094262502,0.002613668587122449
1998-12-20,0.453069545,16.000015060811503,0.004181869733857869
1998-12-21,0.481386392,17.0000160175624,0.004443236596262147
1998-12-22,0.167069395,5.9000055636065,0.00154206446695605
1998-12-23,0.08495054,3.0000028349380004,0.0007841005779827515
1998-12-24,0.056633693,2.0000018781871,0.0005227337155784732
1998-12-25,0.16990108,6.000005669876001,0.001568201155965503
1998-12-26,0.039643585,1.4000013111995002,0.00036591359998192286
1998-12-27,0.056633693,2.0000018781871,0.0005227337155784732
1998-12-28,0.070792116,2.5000023389052,0.0006534171421655705
1998-12-29,0.04247527,1.5000014174690002,0.00039205028899137577
1998-12-30,0.12742581,4.500004252407,0.0011761508669741272
1998-12-31,0.070792116,2.5000023389052,0.0006534171421655705
1999-01-01,0.070792116,2.5000023389052,0.0006534171421655705
1999-01-02,0.08495054,3.0000028349380004,0.0007841005779827515
1999-01-03,0.198217926,7.0000065913122,0.0018295680091396974
1999-01-04,0.141584233,5.0000047131251,0.0013068342935612246
1999-01-05,0.113267386,4.0000037563742,0.0010454674311569463
1999-01-06,0.113267386,4.0000037563742,0.0010454674311569463
1999-01-07,0.113267386,4.0000037563742,0.0010454674311569463
1999-01-08,0.08495054,3.0000028349380004,0.0007841005779827515
1999-01-09,0.090613909,3.2000030121623,0.0008363739467715737
1999-01-10,0.141584233,5.0000047131251,0.0013068342935612246
1999-01-11,0.141584233,5.0000047131251,0.0013068342935612246
1999-01-12,0.141584233,5.0000047131251,0.0013068342935612246
1999-01-13,0.113267386,4.0000037563742,0.0010454674311569463
1999-01-14,0.113267386,4.0000037563742,0.0010454674311569463
1999-01-15,0.113267386,4.0000037563742,0.0010454674311569463
1999-01-16,0.226534773,8.0000075480631,0.002090934871543976
1999-01-17,0.198217926,7.0000065913122,0.0018295680091396974
1999-01-18,0.138752548,4.9000046068556005,0.0012806976045517716
1999-01-19,0.269010043,9.5000089655321,0.002482985160535352
1999-01-20,0.481386392,17.0000160175624,0.004443236596262147
1999-01-21,0.311485313,11.0000103830011,0.0028750354495267272
1999-01-22,0.240693196,8.5000080087812,0.0022216182981310735
1999-01-23,0.12742581,4.500004252407,0.0011761508669741272
1999-01-24,0.141584233,5.0000047131251,0.0013068342935612246
1999-01-25,0.178396134,6.3000059533698005,0.0016466112137637782
1999-01-26,0.203881295,7.2000067685365,0.00188184137792852
1999-01-27,0.16423771,5.800005457337001,0.0015159277779465974
1999-01-28,0.12176244,4.300004039868,0.0011238774889552215
1999-01-29,0.059465378,2.1000019844566,0.000548870404587926
1999-01-30,0.028316847,1.0000009567509,0.0002613668624042783
1999-01-31,0.020954466,0.7400006804502001,0.00019341147097970085
1999-02-01,0.022936646,0.8100007724962001,0.00021170715790135963
1999-02-02,0.036811901,1.3000012402447,0.0003397769202025535
1999-02-03,0.212376349,7.5000070520303,0.001960251435726795
1999-02-04,0.175564449,6.200005847100301,0.0016204745247543253
1999-02-05,0.20671298,7.300006874806,0.0019079780669379728
1999-02-06,0.209544665,7.4000069810755,0.0019341147559474255
1999-02-07,0.161406026,5.700005386382201,0.001489791098167228
1999-02-08,0.161406026,5.700005386382201,0.001489791098167228
1999-02-09,0.16990108,6.000005669876001,0.001568201155965503
1999-02-10,0.16423771,5.800005457337001,0.0015159277779465974
1999-02-11,0.104772332,3.7000034728804,0.0009670573733586711
1999-02-12,0.048138639,1.7000015946933,0.000444323657780198
1999-02-13,0.036811901,1.3000012402447,0.0003397769202025535
1999-02-14,0.028316847,1.0000009567509,0.0002613668624042783
1999-02-15,0.07928717,2.8000026223990004,0.0007318271999638457
1999-02-16,0.212376349,7.5000070520303,0.001960251435726795
1999-02-17,0.240693196,8.5000080087812,0.0022216182981310735
1999-02-18,0.158574341,5.6000052801127005,0.001463654409157775
1999-02-19,0.116099071,4.1000038626437005,0.0010716041201663993
1999-02-20,0.12176244,4.300004039868,0.0011238774889552215
1999-02-21,0.07928717,2.8000026223990004,0.0007318271999638457
1999-02-22,0.056633693,2.0000018781871,0.0005227337155784732
1999-02-23,0.056633693,2.0000018781871,0.0005227337155784732
1999-02-24,0.070792116,2.5000023389052,0.0006534171421655705
1999-02-25,0.070792116,2.5000023389052,0.0006534171421655705
1999-02-26,0.113267386,4.0000037563742,0.0010454674311569463
1999-02-27,0.113267386,4.0000037563742,0.0010454674311569463
1999-02-28,0.076455486,2.7000025514442,0.0007056905201844764
1999-03-01,0.076455486,2.7000025514442,0.0007056905201844764
1999-03-02,0.056633693,2.0000018781871,0.0005227337155784732
1999-03-03,0.056633693,2.0000018781871,0.0005227337155784732
1999-03-04,0.056633693,2.0000018781871,0.0005227337155784732
1999-03-05,0.059465378,2.1000019844566,0.000548870404587926
1999-03-06,0.065128747,2.3000021616809003,0.0006011437733767482
1999-03-07,0.065128747,2.3000021616809003,0.0006011437733767482
1999-03-08,0.076455486,2.7000025514442,0.0007056905201844764
1999-03-09,0.07928717,2.8000026223990004,0.0007318271999638457
1999-03-10,0.067960432,2.4000022679504003,0.0006272804623862012
1999-03-11,0.116099071,4.1000038626437005,0.0010716041201663993
1999-03-12,0.130257494,4.600004323361801,0.0012022875467534964
1999-03-13,0.076455486,2.7000025514442,0.0007056905201844764
1999-03-14,0.050970324,1.8000017009628,0.00047046034678965083
1999-03-15,0.062297063,2.2000020907261,0.000575007093597379
1999-03-16,0.070792116,2.5000023389052,0.0006534171421655705
1999-03-17,0.08495054,3.0000028349380004,0.0007841005779827515
1999-03-18,0.07928717,2.8000026223990004,0.0007318271999638457
1999-03-19,0.062297063,2.2000020907261,0.000575007093597379
1999-03-20,0.039643585,1.4000013111995002,0.00036591359998192286
1999-03-21,0.059465378,2.1000019844566,0.000548870404587926
1999-03-22,0.059465378,2.1000019844566,0.000548870404587926
1999-03-23,0.04247527,1.5000014174690002,0.00039205028899137577
1999-03-24,0.033980216,1.2000011339752001,0.0003136402311931006
1999-03-25,0.02775051,0.9800009354970001,0.00025613952460238774
1999-03-26,0.024635657,0.8700008362579,0.00022738917130703132
1999-03-27,0.033980216,1.2000011339752001,0.0003136402311931006
1999-03-28,0.048138639,1.7000015946933,0.000444323657780198
1999-03-29,0.028316847,1.0000009567509,0.0002613668624042783
1999-03-30,0.031148531,1.1000010277057,0.0002875035421836477
1999-03-31,0.039643585,1.4000013111995002,0.00036591359998192286
1999-04-01,0.031148531,1.1000010277057,0.0002875035421836477
1999-04-02,0.070792116,2.5000023389052,0.0006534171421655705
1999-04-03,0.062297063,2.2000020907261,0.000575007093597379
1999-04-04,0.198217926,7.0000065913122,0.0018295680091396974
1999-04-05,0.509703239,18.0000169743133,0.004704603458666426
1999-04-06,0.566336932,20.0000188525004,0.005227337174244898
1999-04-07,0.201049611,7.1000066975817,0.0018557046981491506
1999-04-08,0.110435702,3.9000036854194002,0.0010193307513775768
1999-04-09,0.076455486,2.7000025514442,0.0007056905201844764
1999-04-10,0.053802009,1.9000018072323,0.0004965970357991037
1999-04-11,0.036811901,1.3000012402447,0.0003397769202025535
1999-04-12,0.039643585,1.4000013111995002,0.00036591359998192286
1999-04-13,0.039643585,1.4000013111995002,0.00036591359998192286
1999-04-14,0.025201993,0.8900008221971,0.0002326164998788384
1999-04-15,0.013875255,0.49000046774850003,0.00012806976230119387
1999-04-16,0.050970324,1.8000017009628,0.00047046034678965083
1999-04-17,0.02775051,0.9800009354970001,0.00025613952460238774
1999-04-18,0.024635657,0.8700008362579,0.00022738917130703132
1999-04-19,0.018689119,0.6600006307493,0.00017250212900222201
1999-04-20,0.028316847,1.0000009567509,0.0002613668624042783
1999-04-21,0.02038813,0.720000694511,0.00018818414240789376
1999-04-22,0.050970324,1.8000017009628,0.00047046034678965083
1999-04-23,0.133089179,4.7000044296313,0.0012284242357629494
1999-04-24,0.707921165,25.0000235656255,0.006534171467806124
1999-04-25,0.192554557,6.8000064140879,0.0017772946403508752
1999-04-26,0.141584233,5.0000047131251,0.0013068342935612246
1999-04-27,0.059465378,2.1000019844566,0.000548870404587926
1999-04-28,0.033980216,1.2000011339752001,0.0003136402311931006
1999-04-29,0.031148531,1.1000010277057,0.0002875035421836477
1999-04-30,0.02406932,0.8500008150040002,0.00022216183350514076
1999-05-01,0.02208714,0.780000722958,0.000203866146583482
1999-05-02,0.019538624,0.6900006449728001,0.00018034313109001614
1999-05-03,0.02576833,0.910000843451,0.00023784383768072896
1999-05-04,0.024635657,0.8700008362579,0.00022738917130703132
1999-05-05,0.016706939,0.5900005387033,0.00015420644208056326
1999-05-06,0.016140603,0.5700005527641,0.0001489791135087562
1999-05-07,0.031148531,1.1000010277057,0.0002875035421836477
1999-05-08,0.014158423,0.5000004607181,0.00013068342658709742
1999-05-09,0.009627728,0.3400003260016,8.886473340205631e-05
1999-05-10,0.011609907,0.4100003827329,0.00010716041109363156
1999-05-11,0.009061391,0.3200003047477,8.363739560016573e-05
1999-05-12,0.008211886,0.2900002905242,7.57963935123716e-05
1999-05-13,0.008211886,0.2900002905242,7.57963935123716e-05
1999-05-14,0.012742581,0.4500004252407,0.00011761508669741271
1999-05-15,0.016140603,0.5700005527641,0.0001489791135087562
1999-05-16,0.031148531,1.1000010277057,0.0002875035421836477
1999-05-17,0.033980216,1.2000011339752001,0.0003136402311931006
1999-05-18,0.039643585,1.4000013111995002,0.00036591359998192286
1999-05-19,0.045306955,1.6000015237385001,0.0004181869780008287
1999-05-20,0.04247527,1.5000014174690002,0.00039205028899137577
1999-05-21,0.04247527,1.5000014174690002,0.00039205028899137577
1999-05-22,0.039643585,1.4000013111995002,0.00036591359998192286
1999-05-23,0.045306955,1.6000015237385001,0.0004181869780008287
1999-05-24,0.045306955,1.6000015237385001,0.0004181869780008287
1999-05-25,0.056633693,2.0000018781871,0.0005227337155784732
1999-05-26,0.076455486,2.7000025514442,0.0007056905201844764
1999-05-27,0.04247527,1.5000014174690002,0.00039205028899137577
1999-05-28,0.062297063,2.2000020907261,0.000575007093597379
1999-05-29,0.07928717,2.8000026223990004,0.0007318271999638457
1999-05-30,0.067960432,2.4000022679504003,0.0006272804623862012
1999-05-31,0.020104961,0.7100006662267001,0.00018557046889190672
1999-06-01,0.014158423,0.5000004607181,0.00013068342658709742
1999-06-02,0.011326739,0.40000038976330005,0.00010454674680772804
1999-06-03,0.008495054,0.30000028349380004,7.841005779827515e-05
1999-06-04,0.004247527,0.15000014174690002,3.9205028899137574e-05
1999-06-05,0.005663369,0.2000001772243,5.227336878882226e-05
1999-06-06,0.011326739,0.40000038976330005,0.00010454674680772804
1999-06-07,0.007645549,0.2700002692703,7.056905571048104e-05
1999-06-08,0.00368119,0.130000120493,3.3977691097247e-05
1999-06-09,0.001699011,0.06000006376170001,1.568201340567173e-05
1999-06-10,0.001132674,0.0400000425078,1.0454675603781153e-05
1999-06-11,0.001982179,0.07000005673130001,1.8295677691575268e-05
1999-06-12,0.003964359,0.1400001487773,3.659136461323404e-05
1999-06-13,0.00368119,0.130000120493,3.3977691097247e-05
1999-06-14,0.003398022,0.12000012752340002,3.136402681134346e-05
1999-06-15,0.002548516,0.0900000779852,2.3523015493465843e-05
1999-06-16,,,
1999-06-17,,,
1999-06-18,0.001415842,0.05000003547740001,1.306833988968469e-05
1999-06-19,0.849505398,30.0000282787506,0.007841005761367347
1999-06-20,0.566336932,20.0000188525004,0.005227337174244898
1999-06-21,0.056633693,2.0000018781871,0.0005227337155784732
1999-06-22,0.006796043,0.2400002197321,6.272804439260342e-05
1999-06-23,,,
1999-06-24,,,
1999-06-25,,,
1999-06-26,,,
1999-06-27,,,
1999-06-28,,,
1999-06-29,,,
1999-06-30,,,
1999-07-01,,,
1999-07-02,,,
1999-07-03,,,
1999-07-04,,,
1999-07-05,,,
1999-07-06,,,
1999-07-07,,,
1999-07-08,,,
1999-07-09,1.953862415,69.0000650270005,0.018034313247452863
1999-07-10,11.52495656,407.000383429432,0.10637631143865715
1999-07-11,2.208714034,78.00007349649981,0.02038661497217104
1999-07-12,0.566336932,20.0000188525004,0.005227337174244898
1999-07-13,0.283168466,10.0000094262502,0.002613668587122449
1999-07-14,0.141584233,5.0000047131251,0.0013068342935612246
1999-07-15,1.982179261,70.0000659484367,0.01829568010062706
1999-07-16,1.41584233,50.000047131251,0.013068342935612248
1999-07-17,0.424752699,15.0000141393753,0.003920502880683674
1999-07-18,0.141584233,5.0000047131251,0.0013068342935612246
1999-07-19,0.056633693,2.0000018781871,0.0005227337155784732
1999-07-20,0.033980216,1.2000011339752001,0.0003136402311931006
1999-07-21,0.311485313,11.0000103830011,0.0028750354495267272
1999-07-22,0.218039719,7.7000072645693,0.002012524813745701
1999-07-23,0.764554858,27.0000254438126,0.007056905183384596
1999-07-24,6.767726335,239.0002252026245,0.06246667921007434
1999-07-25,0.024635657,0.8700008362579,0.00022738917130703132
1999-07-26,0.001982179,0.07000005673130001,1.8295677691575268e-05
1999-07-27,0.001415842,0.05000003547740001,1.306833988968469e-05
1999-07-28,20.55803063,726.0006842892611,0.18975233941032169
1999-07-29,23.72951744,838.000789538368,0.21902542750117635
1999-07-30,18.09446497,639.0006020760591,0.16701342264882188
1999-07-31,4.020992216,142.0001338103752,0.03711409392606267
1999-08-01,0.283168466,10.0000094262502,0.002613668587122449
1999-08-02,0.198217926,7.0000065913122,0.0018295680091396974
1999-08-03,0.566336932,20.0000188525004,0.005227337174244898
1999-08-04,1.982179261,70.0000659484367,0.01829568010062706
1999-08-05,2.265347727,80.0000753746869,0.02090934868774951
1999-08-06,0.424752699,15.0000141393753,0.003920502880683674
1999-08-07,0.141584233,5.0000047131251,0.0013068342935612246
1999-08-08,0.08495054,3.0000028349380004,0.0007841005779827515
1999-08-09,1.868911875,66.0000621920625,0.017250212669470116
1999-08-10,0.566336932,20.0000188525004,0.005227337174244898
1999-08-11,0.424752699,15.0000141393753,0.003920502880683674
1999-08-12,0.198217926,7.0000065913122,0.0018295680091396974
1999-08-13,0.198217926,7.0000065913122,0.0018295680091396974
1999-08-14,0.141584233,5.0000047131251,0.0013068342935612246
1999-08-15,0.141584233,5.0000047131251,0.0013068342935612246
1999-08-16,1.982179261,70.0000659484367,0.01829568010062706
1999-08-17,1.41584233,50.000047131251,0.013068342935612248
1999-08-18,0.849505398,30.0000282787506,0.007841005761367347
1999-08-19,1.727327642,61.00005747893741,0.015943378375908892
1999-08-20,18.46258398,652.0006144785061,0.17041119185084744
1999-08-21,12.20456088,431.00040610893603,0.11264911606251919
1999-08-22,13.13901682,464.00043729325404,0.12127422242032944
1999-08-23,3.82277429,135.00012721906302,0.035284525916922986
1999-08-24,0.821188551,29.000027321999703,0.0075796388989630694
1999-08-25,1.33089179,47.000044296313,0.012284242357629493
1999-08-26,1.24594125,44.000041461375005,0.011500141779646743
1999-08-27,1.444159176,51.000048052687205,0.013329709788786443
1999-08-28,11.89307557,420.000395831879,0.1097740806406827
1999-08-29,12.34614511,436.000410716117,0.11395595032839016
1999-08-30,17.10337534,604.000569119498,0.1578655826031234
1999-08-31,14.80971077,523.0004929293191,0.13669486708988995
1999-09-01,8.948123523,316.0002977776881,0.08259192732907118
1999-09-02,2.265347727,80.0000753746869,0.02090934868774951
1999-09-03,1.670693949,59.0000556007503,0.015420644660330418
1999-09-04,0.396435852,14.0000131826244,0.003659136018279395
1999-09-05,0.481386392,17.0000160175624,0.004443236596262147
1999-09-06,0.481386392,17.0000160175624,0.004443236596262147
1999-09-07,0.277505097,9.8000092490259,0.0025613952183336265
1999-09-08,0.107604017,3.8000035791499003,0.000993194062368124
1999-09-09,0.20671298,7.300006874806,0.0019079780669379728
1999-09-10,0.090613909,3.2000030121623,0.0008363739467715737
1999-09-11,2.265347727,80.0000753746869,0.02090934868774951
1999-09-12,1.699010796,60.0000565575012,0.015682011522734695
1999-09-13,0.566336932,20.0000188525004,0.005227337174244898
1999-09-14,0.424752699,15.0000141393753,0.003920502880683674
1999-09-15,0.283168466,10.0000094262502,0.002613668587122449
1999-09-16,0.283168466,10.0000094262502,0.002613668587122449
1999-09-17,5.351884006,189.0001781066882,0.04939833628369217
1999-09-18,1.132673864,40.0000377050008,0.010454674348489797
1999-09-19,0.594653778,21.0000197739366,0.005488704027419093
1999-09-20,0.736238011,26.0000244870617,0.006795538320980318
1999-09-21,0.263346673,9.300008752993099,0.002430711782516446
1999-09-22,0.104772332,3.7000034728804,0.0009670573733586711
1999-09-23,0.277505097,9.8000092490259,0.0025613952183336265
1999-09-24,8.749905597,309.00029118637593,0.08076235931993148
1999-09-25,5.210299773,184.0001733935631,0.04809150199013095
1999-09-26,0.311485313,11.0000103830011,0.0028750354495267272
1999-09-27,0.08495054,3.0000028349380004,0.0007841005779827515
1999-09-28,0.212376349,7.5000070520303,0.001960251435726795
1999-09-29,0.152910972,5.4000051028884,0.0014113810403689527
1999-09-30,0.110435702,3.9000036854194002,0.0010193307513775768
1999-10-01,0.201049611,7.1000066975817,0.0018557046981491506
1999-10-02,0.237861511,8.4000079025117,0.0021954816091216208
1999-10-03,0.161406026,5.700005386382201,0.001489791098167228
1999-10-04,0.101940648,3.6000034019256,0.0009409206935793017
1999-10-05,0.018689119,0.6600006307493,0.00017250212900222201
1999-10-06,0.02775051,0.9800009354970001,0.00025613952460238774
1999-10-07,0.006796043,0.2400002197321,6.272804439260342e-05
1999-10-08,0.026617836,0.9400008929892,0.0002456848489986066
1999-10-09,0.039643585,1.4000013111995002,0.00036591359998192286
1999-10-10,0.036811901,1.3000012402447,0.0003397769202025535
1999-10-11,0.130257494,4.600004323361801,0.0012022875467534964
1999-10-12,0.16423771,5.800005457337001,0.0015159277779465974
1999-10-13,0.175564449,6.200005847100301,0.0016204745247543253
1999-10-14,0.184059503,6.500006130594101,0.0016988845825526005
1999-10-15,0.181227818,6.4000060243246,0.0016727478935431475
1999-10-16,0.175564449,6.200005847100301,0.0016204745247543253
1999-10-17,0.181227818,6.4000060243246,0.0016727478935431475
1999-10-18,0.172732764,6.100005740830801,0.0015943378357448725
1999-10-19,0.175564449,6.200005847100301,0.0016204745247543253
1999-10-20,0.226534773,8.0000075480631,0.002090934871543976
1999-10-21,0.266178358,9.4000088592626,0.002456848471525899
1999-10-22,0.215208034,7.600007158299801,0.001986388124736248
1999-10-23,0.076455486,2.7000025514442,0.0007056905201844764
1999-10-24,0.036811901,1.3000012402447,0.0003397769202025535
1999-10-25,0.067960432,2.4000022679504003,0.0006272804623862012
1999-10-26,0.073623801,2.6000024451747,0.0006795538311750235
1999-10-27,0.045306955,1.6000015237385001,0.0004181869780008287
1999-10-28,0.04247527,1.5000014174690002,0.00039205028899137577
1999-10-29,0.056633693,2.0000018781871,0.0005227337155784732
1999-10-30,0.062297063,2.2000020907261,0.000575007093597379
1999-10-31,0.056633693,2.0000018781871,0.0005227337155784732
1999-11-01,0.053802009,1.9000018072323,0.0004965970357991037
1999-11-02,0.053802009,1.9000018072323,0.0004965970357991037
1999-11-03,0.048138639,1.7000015946933,0.000444323657780198
1999-11-04,0.033980216,1.2000011339752001,0.0003136402311931006
1999-11-05,0.039643585,1.4000013111995002,0.00036591359998192286
1999-11-06,0.04247527,1.5000014174690002,0.00039205028899137577
1999-11-07,0.059465378,2.1000019844566,0.000548870404587926
1999-11-08,0.062297063,2.2000020907261,0.000575007093597379
1999-11-09,0.053802009,1.9000018072323,0.0004965970357991037
1999-11-10,0.053802009,1.9000018072323,0.0004965970357991037
1999-11-11,0.059465378,2.1000019844566,0.000548870404587926
1999-11-12,0.062297063,2.2000020907261,0.000575007093597379
1999-11-13,0.065128747,2.3000021616809003,0.0006011437733767482
1999-11-14,0.062297063,2.2000020907261,0.000575007093597379
1999-11-15,0.053802009,1.9000018072323,0.0004965970357991037
1999-11-16,0.076455486,2.7000025514442,0.0007056905201844764
1999-11-17,0.096277278,3.4000031893866,0.000888647315560396
1999-11-18,0.076455486,2.7000025514442,0.0007056905201844764
1999-11-19,0.059465378,2.1000019844566,0.000548870404587926
1999-11-20,0.056633693,2.0000018781871,0.0005227337155784732
1999-11-21,0.062297063,2.2000020907261,0.000575007093597379
1999-11-22,0.073623801,2.6000024451747,0.0006795538311750235
1999-11-23,0.045306955,1.6000015237385001,0.0004181869780008287
1999-11-24,0.028316847,1.0000009567509,0.0002613668624042783
1999-11-25,0.033980216,1.2000011339752001,0.0003136402311931006
1999-11-26,0.039643585,1.4000013111995002,0.00036591359998192286
1999-11-27,0.036811901,1.3000012402447,0.0003397769202025535
1999-11-28,0.059465378,2.1000019844566,0.000548870404587926
1999-11-29,0.096277278,3.4000031893866,0.000888647315560396
1999-11-30,0.090613909,3.2000030121623,0.0008363739467715737
1999-12-01,0.08495054,3.0000028349380004,0.0007841005779827515
1999-12-02,0.082118855,2.9000027286685004,0.0007579638889732987
1999-12-03,0.07928717,2.8000026223990004,0.0007318271999638457
1999-12-04,0.067960432,2.4000022679504003,0.0006272804623862012
1999-12-05,0.036811901,1.3000012402447,0.0003397769202025535
1999-12-06,0.028033678,0.9900009284666,0.00025875318888829126
1999-12-07,0.04247527,1.5000014174690002,0.00039205028899137577
1999-12-08,0.039643585,1.4000013111995002,0.00036591359998192286
1999-12-09,0.031148531,1.1000010277057,0.0002875035421836477
1999-12-10,0.04247527,1.5000014174690002,0.00039205028899137577
1999-12-11,0.039643585,1.4000013111995002,0.00036591359998192286
1999-12-12,0.031148531,1.1000010277057,0.0002875035421836477
1999-12-13,0.031148531,1.1000010277057,0.0002875035421836477
1999-12-14,0.04247527,1.5000014174690002,0.00039205028899137577
1999-12-15,0.024352488,0.8600008079736,0.00022477549779104425
1999-12-16,0.039643585,1.4000013111995002,0.00036591359998192286
1999-12-17,0.031148531,1.1000010277057,0.0002875035421836477
1999-12-18,0.036811901,1.3000012402447,0.0003397769202025535
1999-12-19,0.028316847,1.0000009567509,0.0002613668624042783
1999-12-20,0.036811901,1.3000012402447,0.0003397769202025535
1999-12-21,0.033980216,1.2000011339752001,0.0003136402311931006
1999-12-22,0.036811901,1.3000012402447,0.0003397769202025535
1999-12-23,0.02208714,0.780000722958,0.000203866146583482
1999-12-24,0.070792116,2.5000023389052,0.0006534171421655705
1999-12-25,0.050970324,1.8000017009628,0.00047046034678965083
1999-12-26,0.067960432,2.4000022679504003,0.0006272804623862012
1999-12-27,0.053802009,1.9000018072323,0.0004965970357991037
1999-12-28,0.039643585,1.4000013111995002,0.00036591359998192286
1999-12-29,0.050970324,1.8000017009628,0.00047046034678965083
1999-12-30,0.065128747,2.3000021616809003,0.0006011437733767482
1999-12-31,0.070792116,2.5000023389052,0.0006534171421655705
2000-01-01,0.093445594,3.3000031184318006,0.0008625106357810267
2000-01-02,0.124594125,4.4000041461375,0.0011500141779646744
2000-01-03,0.033980216,1.2000011339752001,0.0003136402311931006
2000-01-04,0.067960432,2.4000022679504003,0.0006272804623862012
2000-01-05,0.056633693,2.0000018781871,0.0005227337155784732
2000-01-06,0.050970324,1.8000017009628,0.00047046034678965083
2000-01-07,0.045306955,1.6000015237385001,0.0004181869780008287
2000-01-08,0.039643585,1.4000013111995002,0.00036591359998192286
2000-01-09,0.039643585,1.4000013111995002,0.00036591359998192286
2000-01-10,0.04247527,1.5000014174690002,0.00039205028899137577
2000-01-11,0.045306955,1.6000015237385001,0.0004181869780008287
2000-01-12,0.053802009,1.9000018072323,0.0004965970357991037
2000-01-13,0.050970324,1.8000017009628,0.00047046034678965083
2000-01-14,0.065128747,2.3000021616809003,0.0006011437733767482
2000-01-15,0.135920864,4.800004535900801,0.0012545609247724024
2000-01-16,0.155742656,5.500005173843201,0.0014375177201483222
2000-01-17,0.178396134,6.3000059533698005,0.0016466112137637782
2000-01-18,0.181227818,6.4000060243246,0.0016727478935431475
2000-01-19,0.368119006,13.000012261188202,0.003397769165105201
2000-01-20,0.368119006,13.000012261188202,0.003397769165105201
2000-01-21,0.538020085,19.0000178957495,0.004965970311840619
2000-01-22,0.622970625,22.000020730687503,0.005750070889823372
2000-01-23,0.396435852,14.0000131826244,0.003659136018279395
2000-01-24,0.339802159,12.000011304437301,0.0031364023027009224
2000-01-25,0.453069545,16.000015060811503,0.004181869733857869
2000-01-26,0.453069545,16.000015060811503,0.004181869733857869
2000-01-27,0.396435852,14.0000131826244,0.003659136018279395
2000-01-28,0.20671298,7.300006874806,0.0019079780669379728
2000-01-29,0.12742581,4.500004252407,0.0011761508669741272
2000-01-30,0.036811901,1.3000012402447,0.0003397769202025535
2000-01-31,0.012742581,0.4500004252407,0.00011761508669741271
2000-02-01,0.260514989,9.2000086820383,0.0024045751027370766
2000-02-02,0.073623801,2.6000024451747,0.0006795538311750235
2000-02-03,0.082118855,2.9000027286685004,0.0007579638889732987
2000-02-04,0.368119006,13.000012261188202,0.003397769165105201
2000-02-05,0.311485313,11.0000103830011,0.0028750354495267272
2000-02-06,0.218039719,7.7000072645693,0.002012524813745701
2000-02-07,0.203881295,7.2000067685365,0.00188184137792852
2000-02-08,0.152910972,5.4000051028884,0.0014113810403689527
2000-02-09,0.155742656,5.500005173843201,0.0014375177201483222
2000-02-10,0.152910972,5.4000051028884,0.0014113810403689527
2000-02-11,0.150079287,5.300004996618901,0.0013852443513594998
2000-02-12,0.150079287,5.300004996618901,0.0013852443513594998
2000-02-13,0.150079287,5.300004996618901,0.0013852443513594998
2000-02-14,0.144415918,5.1000048193946,0.0013329709825706775
2000-02-15,0.130257494,4.600004323361801,0.0012022875467534964
2000-02-16,0.107604017,3.8000035791499003,0.000993194062368124
2000-02-17,0.107604017,3.8000035791499003,0.000993194062368124
2000-02-18,0.093445594,3.3000031184318006,0.0008625106357810267
2000-02-19,0.065128747,2.3000021616809003,0.0006011437733767482
2000-02-20,0.12176244,4.300004039868,0.0011238774889552215
2000-02-21,0.090613909,3.2000030121623,0.0008363739467715737
2000-02-22,0.070792116,2.5000023389052,0.0006534171421655705
2000-02-23,0.065128747,2.3000021616809003,0.0006011437733767482
2000-02-24,0.059465378,2.1000019844566,0.000548870404587926
2000-02-25,0.059465378,2.1000019844566,0.000548870404587926
2000-02-26,0.039643585,1.4000013111995002,0.00036591359998192286
2000-02-27,0.031148531,1.1000010277057,0.0002875035421836477
2000-02-28,0.028033678,0.9900009284666,0.00025875318888829126
2000-02-29,0.076455486,2.7000025514442,0.0007056905201844764
2000-03-01,0.059465378,2.1000019844566,0.000548870404587926
2000-03-02,0.056633693,2.0000018781871,0.0005227337155784732
2000-03-03,0.056633693,2.0000018781871,0.0005227337155784732
2000-03-04,0.062297063,2.2000020907261,0.000575007093597379
2000-03-05,0.065128747,2.3000021616809003,0.0006011437733767482
2000-03-06,0.059465378,2.1000019844566,0.000548870404587926
2000-03-07,0.076455486,2.7000025514442,0.0007056905201844764
2000-03-08,0.073623801,2.6000024451747,0.0006795538311750235
2000-03-09,0.073623801,2.6000024451747,0.0006795538311750235
2000-03-10,0.062297063,2.2000020907261,0.000575007093597379
2000-03-11,0.056633693,2.0000018781871,0.0005227337155784732
2000-03-12,0.048138639,1.7000015946933,0.000444323657780198
2000-03-13,0.036811901,1.3000012402447,0.0003397769202025535
2000-03-14,0.04247527,1.5000014174690002,0.00039205028899137577
2000-03-15,0.04247527,1.5000014174690002,0.00039205028899137577
2000-03-16,0.039643585,1.4000013111995002,0.00036591359998192286
2000-03-17,0.039643585,1.4000013111995002,0.00036591359998192286
2000-03-18,0.033980216,1.2000011339752001,0.0003136402311931006
2000-03-19,0.033980216,1.2000011339752001,0.0003136402311931006
2000-03-20,0.045306955,1.6000015237385001,0.0004181869780008287
2000-03-21,0.065128747,2.3000021616809003,0.0006011437733767482
2000-03-22,0.07928717,2.8000026223990004,0.0007318271999638457
2000-03-23,0.237861511,8.4000079025117,0.0021954816091216208
2000-03-24,0.566336932,20.0000188525004,0.005227337174244898
2000-03-25,0.277505097,9.8000092490259,0.0025613952183336265
2000-03-26,0.101940648,3.6000034019256,0.0009409206935793017
2000-03-27,0.059465378,2.1000019844566,0.000548870404587926
2000-03-28,0.101940648,3.6000034019256,0.0009409206935793017
2000-03-29,1.755644489,62.0000584356883,0.01620474523831317
2000-03-30,1.387525483,49.0000461745001,0.012806976073207967
2000-03-31,0.566336932,20.0000188525004,0.005227337174244898
2000-04-01,2.038812955,72.0000678619385,0.01881841382543562
2000-04-02,6.682775796,236.0002224030012,0.06168257864132167
2000-04-03,4.474061762,158.0001489065014,0.041295963669150636
2000-04-04,1.557426563,55.0000518443761,0.01437517722917347
2000-04-05,0.08495054,3.0000028349380004,0.0007841005779827515
2000-04-06,0.056633693,2.0000018781871,0.0005227337155784732
2000-04-07,0.033980216,1.2000011339752001,0.0003136402311931006
2000-04-08,0.031148531,1.1000010277057,0.0002875035421836477
2000-04-09,0.031148531,1.1000010277057,0.0002875035421836477
2000-04-10,0.031148531,1.1000010277057,0.0002875035421836477
2000-04-11,0.031148531,1.1000010277057,0.0002875035421836477
2000-04-12,0.16990108,6.000005669876001,0.001568201155965503
2000-04-13,0.311485313,11.0000103830011,0.0028750354495267272
2000-04-14,0.226534773,8.0000075480631,0.002090934871543976
2000-04-15,0.067960432,2.4000022679504003,0.0006272804623862012
2000-04-16,0.096277278,3.4000031893866,0.000888647315560396
2000-04-17,0.065128747,2.3000021616809003,0.0006011437733767482
2000-04-18,0.045306955,1.6000015237385001,0.0004181869780008287
2000-04-19,0.050970324,1.8000017009628,0.00047046034678965083
2000-04-20,0.053802009,1.9000018072323,0.0004965970357991037
2000-04-21,0.062297063,2.2000020907261,0.000575007093597379
2000-04-22,0.053802009,1.9000018072323,0.0004965970357991037
2000-04-23,0.050970324,1.8000017009628,0.00047046034678965083
2000-04-24,0.036811901,1.3000012402447,0.0003397769202025535
2000-04-25,0.031148531,1.1000010277057,0.0002875035421836477
2000-04-26,0.039643585,1.4000013111995002,0.00036591359998192286
2000-04-27,0.039643585,1.4000013111995002,0.00036591359998192286
2000-04-28,0.02775051,0.9800009354970001,0.00025613952460238774
2000-04-29,0.026051499,0.9200008717353,0.000240457511196716
2000-04-30,0.031148531,1.1000010277057,0.0002875035421836477
2000-05-01,0.027184173,0.9600009142431,0.00025091218680049716
2000-05-02,0.045306955,1.6000015237385001,0.0004181869780008287
2000-05-03,0.050970324,1.8000017009628,0.00047046034678965083
2000-05-04,0.048138639,1.7000015946933,0.000444323657780198
2000-05-05,0.045306955,1.6000015237385001,0.0004181869780008287
2000-05-06,0.082118855,2.9000027286685004,0.0007579638889732987
2000-05-07,0.087782224,3.1000029058928003,0.0008102372577621209
2000-05-08,0.067960432,2.4000022679504003,0.0006272804623862012
2000-05-09,0.019821793,0.7000006732571,0.0001829568046060032
2000-05-10,0.002831685,0.10000010626950001,2.6136689009452884e-05
2000-05-11,,,
2000-05-12,,,
2000-05-13,0.009061391,0.3200003047477,8.363739560016573e-05
2000-05-14,0.009061391,0.3200003047477,8.363739560016573e-05
2000-05-15,0.008495054,0.30000028349380004,7.841005779827515e-05
2000-05-16,0.003398022,0.12000012752340002,3.136402681134346e-05
2000-05-17,,,
2000-05-18,,,
2000-05-19,0.002831685,0.10000010626950001,2.6136689009452884e-05
2000-05-20,0.011609907,0.4100003827329,0.00010716041109363156
2000-05-21,0.00368119,0.130000120493,3.3977691097247e-05
2000-05-22,0.002831685,0.10000010626950001,2.6136689009452884e-05
2000-05-23,0.002265348,0.0800000850156,2.0909351207562306e-05
2000-05-24,,,
2000-05-25,,,
2000-05-26,0.002265348,0.0800000850156,2.0909351207562306e-05
2000-05-27,0.001415842,0.05000003547740001,1.306833988968469e-05
2000-05-28,0.001699011,0.06000006376170001,1.568201340567173e-05
2000-05-29,,,
2000-05-30,,,
2000-05-31,,,
2000-06-01,,,
2000-06-02,,,
2000-06-03,,,
2000-06-04,,,
2000-06-05,,,
2000-06-06,,,
2000-06-07,,,
2000-06-08,,,
2000-06-09,,,
2000-06-10,,,
2000-06-11,,,
2000-06-12,,,
2000-06-13,,,
2000-06-14,,,
2000-06-15,,,
2000-06-16,,,
2000-06-17,,,
2000-06-18,0.033980216,1.2000011339752001,0.0003136402311931006
2000-06-19,0.12176244,4.300004039868,0.0011238774889552215
2000-06-20,0.006512875,0.2300002267625,6.011438010669987e-05
2000-06-21,,,
2000-06-22,,,
2000-06-23,,,
2000-06-24,,,
2000-06-25,,,
2000-06-26,,,
2000-06-27,,,
2000-06-28,,,
2000-06-29,,,
2000-06-30,,,
2000-07-01,,,
2000-07-02,,,
2000-07-03,,,
2000-07-04,,,
2000-07-05,,,
2000-07-06,,,
2000-07-07,,,
2000-07-08,0.009344559,0.33000029771730005,8.625105988606926e-05
2000-07-09,,,
2000-07-10,,,
2000-07-11,,,
2000-07-12,,,
2000-07-13,,,
2000-07-14,,,
2000-07-15,,,
2000-07-16,,,
2000-07-17,,,
2000-07-18,,,
2000-07-19,,,
2000-07-20,,,
2000-07-21,,,
2000-07-22,,,
2000-07-23,,,
2000-07-24,,,
2000-07-25,,,
2000-07-26,,,
2000-07-27,,,
2000-07-28,,,
2000-07-29,,,
2000-07-30,,,
2000-07-31,,,
2000-08-01,,,
2000-08-02,,,
2000-08-03,,,
2000-08-04,,,
2000-08-05,,,
2000-08-06,,,
2000-08-07,,,
2000-08-08,,,
2000-08-09,,,
2000-08-10,,,
2000-08-11,,,
2000-08-12,,,
2000-08-13,,,
2000-08-14,,,
2000-08-15,,,
2000-08-16,,,
2000-08-17,,,
2000-08-18,,,
2000-08-19,,,
2000-08-20,,,
2000-08-21,,,
2000-08-22,,,
2000-08-23,,,
2000-08-24,,,
2000-08-25,,,
2000-08-26,0.12176244,4.300004039868,0.0011238774889552215
2000-08-27,0.509703239,18.0000169743133,0.004704603458666426
2000-08-28,0.277505097,9.8000092490259,0.0025613952183336265
2000-08-29,1.812278182,64.00006031387541,0.016727478953891643
2000-08-30,4.190893296,148.0001394802512,0.038682295082028174
2000-08-31,7.64554858,270.00025443812603,0.07056905183384597
2000-09-01,0.017556445,0.6200005882415001,0.00016204745339844088
2000-09-02,,,
2000-09-03,,,
2000-09-04,,,
2000-09-05,,,
2000-09-06,,,
2000-09-07,,,
2000-09-08,,,
2000-09-09,,,
2000-09-10,,,
2000-09-11,,,
2000-09-12,,,
2000-09-13,,,
2000-09-14,,,
2000-09-15,,,
2000-09-16,,,
2000-09-17,,,
2000-09-18,,,
2000-09-19,,,
2000-09-20,,,
2000-09-21,,,
2000-09-22,,,
2000-09-23,,,
2000-09-24,,,
2000-09-25,,,
2000-09-26,,,
2000-09-27,,,
2000-09-28,,,
2000-09-29,,,
2000-09-30,,,
2000-10-01,0.003398022,0.12000012752340002,3.136402681134346e-05
2000-10-02,0.003398022,0.12000012752340002,3.136402681134346e-05
2000-10-03,0.004247527,0.15000014174690002,3.9205028899137574e-05
2000-10-04,0.005097032,0.1800001559704,4.7046030986931686e-05
2000-10-05,0.004530695,0.16000013471650001,4.181869318504111e-05
2000-10-06,0.005097032,0.1800001559704,4.7046030986931686e-05
2000-10-07,0.005097032,0.1800001559704,4.7046030986931686e-05
2000-10-08,0.004813864,0.1700001630008,4.4432366701028156e-05
2000-10-09,2.463565654,87.0000820013138,0.022738916706119293
2000-10-10,0.481386392,17.0000160175624,0.004443236596262147
2000-10-11,0.339802159,12.000011304437301,0.0031364023027009224
2000-10-12,0.107604017,3.8000035791499003,0.000993194062368124
2000-10-13,0.08495054,3.0000028349380004,0.0007841005779827515
2000-10-14,0.045306955,1.6000015237385001,0.0004181869780008287
2000-10-15,0.028316847,1.0000009567509,0.0002613668624042783
2000-10-16,0.02576833,0.910000843451,0.00023784383768072896
2000-10-17,0.026051499,0.9200008717353,0.000240457511196716
2000-10-18,0.033980216,1.2000011339752001,0.0003136402311931006
2000-10-19,0.036811901,1.3000012402447,0.0003397769202025535
2000-10-20,0.04247527,1.5000014174690002,0.00039205028899137577
2000-10-21,0.073623801,2.6000024451747,0.0006795538311750235
2000-10-22,0.118930756,4.2000039689132,0.001097740809175852
2000-10-23,16.1689194,571.00053793518,0.14924047624531314
2000-10-24,7.362380114,260.0002450118758,0.06795538324672351
2000-10-25,6.512874716,230.0002167331252,0.06011437748535616
2000-10-26,3.539605824,125.00011779281282,0.03267085732980053
2000-10-27,0.679604318,24.000022608874602,0.006272804605401845
2000-10-28,0.311485313,11.0000103830011,0.0028750354495267272
2000-10-29,0.192554557,6.8000064140879,0.0017772946403508752
2000-10-30,0.243524881,8.6000081150507,0.0022477549871405267
2000-10-31,0.538020085,19.0000178957495,0.004965970311840619
2000-11-01,0.283168466,10.0000094262502,0.002613668587122449
2000-11-02,0.424752699,15.0000141393753,0.003920502880683674
2000-11-03,0.271841727,9.6000090364869,0.002509121840314721
2000-11-04,0.184059503,6.500006130594101,0.0016988845825526005
2000-11-05,0.147247602,5.2000048903494,0.001359107662350047
2000-11-06,0.124594125,4.4000041461375,0.0011500141779646744
2000-11-07,0.113267386,4.0000037563742,0.0010454674311569463
2000-11-08,0.104772332,3.7000034728804,0.0009670573733586711
2000-11-09,0.107604017,3.8000035791499003,0.000993194062368124
2000-11-10,0.090613909,3.2000030121623,0.0008363739467715737
2000-11-11,0.107604017,3.8000035791499003,0.000993194062368124
2000-11-12,0.144415918,5.1000048193946,0.0013329709825706775
2000-11-13,0.104772332,3.7000034728804,0.0009670573733586711
2000-11-14,0.065128747,2.3000021616809003,0.0006011437733767482
2000-11-15,0.138752548,4.9000046068556005,0.0012806976045517716
2000-11-16,0.144415918,5.1000048193946,0.0013329709825706775
2000-11-17,0.07928717,2.8000026223990004,0.0007318271999638457
2000-11-18,0.070792116,2.5000023389052,0.0006534171421655705
2000-11-19,0.073623801,2.6000024451747,0.0006795538311750235
2000-11-20,0.048138639,1.7000015946933,0.000444323657780198
2000-11-21,0.048138639,1.7000015946933,0.000444323657780198
2000-11-22,0.104772332,3.7000034728804,0.0009670573733586711
2000-11-23,0.161406026,5.700005386382201,0.001489791098167228
2000-11-24,0.203881295,7.2000067685365,0.00188184137792852
2000-11-25,0.192554557,6.8000064140879,0.0017772946403508752
2000-11-26,0.184059503,6.500006130594101,0.0016988845825526005
2000-11-27,0.110435702,3.9000036854194002,0.0010193307513775768
2000-11-28,0.152910972,5.4000051028884,0.0014113810403689527
2000-11-29,0.144415918,5.1000048193946,0.0013329709825706775
2000-11-30,0.201049611,7.1000066975817,0.0018557046981491506
2000-12-01,0.184059503,6.500006130594101,0.0016988845825526005
2000-12-02,0.172732764,6.100005740830801,0.0015943378357448725
2000-12-03,0.124594125,4.4000041461375,0.0011500141779646744
2000-12-04,0.08495054,3.0000028349380004,0.0007841005779827515
2000-12-05,0.076455486,2.7000025514442,0.0007056905201844764
2000-12-06,0.076455486,2.7000025514442,0.0007056905201844764
2000-12-07,0.116099071,4.1000038626437005,0.0010716041201663993
2000-12-08,0.147247602,5.2000048903494,0.001359107662350047
2000-12-09,0.172732764,6.100005740830801,0.0015943378357448725
2000-12-10,0.212376349,7.5000070520303,0.001960251435726795
2000-12-11,0.20671298,7.300006874806,0.0019079780669379728
2000-12-12,0.20671298,7.300006874806,0.0019079780669379728
2000-12-13,0.20671298,7.300006874806,0.0019079780669379728
2000-12-14,0.203881295,7.2000067685365,0.00188184137792852
2000-12-15,0.195386241,6.9000064850427,0.0018034313201302447
2000-12-16,0.215208034,7.600007158299801,0.001986388124736248
2000-12-17,0.158574341,5.6000052801127005,0.001463654409157775
2000-12-18,0.104772332,3.7000034728804,0.0009670573733586711
2000-12-19,0.056633693,2.0000018781871,0.0005227337155784732
2000-12-20,0.048138639,1.7000015946933,0.000444323657780198
2000-12-21,0.082118855,2.9000027286685004,0.0007579638889732987
2000-12-22,0.082118855,2.9000027286685004,0.0007579638889732987
2000-12-23,0.062297063,2.2000020907261,0.000575007093597379
2000-12-24,0.067960432,2.4000022679504003,0.0006272804623862012
2000-12-25,0.116099071,4.1000038626437005,0.0010716041201663993
2000-12-26,0.090613909,3.2000030121623,0.0008363739467715737
2000-12-27,0.070792116,2.5000023389052,0.0006534171421655705
2000-12-28,0.090613909,3.2000030121623,0.0008363739467715737
2000-12-29,0.08495054,3.0000028349380004,0.0007841005779827515
2000-12-30,0.090613909,3.2000030121623,0.0008363739467715737
2000-12-31,0.093445594,3.3000031184318006,0.0008625106357810267
2001-01-01,0.135920864,4.800004535900801,0.0012545609247724024
2001-01-02,0.113267386,4.0000037563742,0.0010454674311569463
2001-01-03,0.150079287,5.300004996618901,0.0013852443513594998
2001-01-04,0.076455486,2.7000025514442,0.0007056905201844764
2001-01-05,0.062297063,2.2000020907261,0.000575007093597379
2001-01-06,0.039643585,1.4000013111995002,0.00036591359998192286
2001-01-07,0.045306955,1.6000015237385001,0.0004181869780008287
2001-01-08,0.045306955,1.6000015237385001,0.0004181869780008287
2001-01-09,0.033980216,1.2000011339752001,0.0003136402311931006
2001-01-10,0.053802009,1.9000018072323,0.0004965970357991037
2001-01-11,0.082118855,2.9000027286685004,0.0007579638889732987
2001-01-12,0.093445594,3.3000031184318006,0.0008625106357810267
2001-01-13,0.152910972,5.4000051028884,0.0014113810403689527
2001-01-14,0.056633693,2.0000018781871,0.0005227337155784732
2001-01-15,0.113267386,4.0000037563742,0.0010454674311569463
2001-01-16,0.118930756,4.2000039689132,0.001097740809175852
2001-01-17,0.093445594,3.3000031184318006,0.0008625106357810267
2001-01-18,0.073623801,2.6000024451747,0.0006795538311750235
2001-01-19,0.067960432,2.4000022679504003,0.0006272804623862012
2001-01-20,0.096277278,3.4000031893866,0.000888647315560396
2001-01-21,0.067960432,2.4000022679504003,0.0006272804623862012
2001-01-22,0.050970324,1.8000017009628,0.00047046034678965083
2001-01-23,0.133089179,4.7000044296313,0.0012284242357629494
2001-01-24,0.144415918,5.1000048193946,0.0013329709825706775
2001-01-25,0.189722872,6.7000063078184,0.0017511579513414225
2001-01-26,0.158574341,5.6000052801127005,0.001463654409157775
2001-01-27,0.257683304,9.1000085757688,0.002378438413727624
2001-01-28,0.396435852,14.0000131826244,0.003659136018279395
2001-01-29,0.195386241,6.9000064850427,0.0018034313201302447
2001-01-30,0.181227818,6.4000060243246,0.0016727478935431475
2001-01-31,0.158574341,5.6000052801127005,0.001463654409157775
2001-02-01,0.065128747,2.3000021616809003,0.0006011437733767482
2001-02-02,0.065128747,2.3000021616809003,0.0006011437733767482
2001-02-03,0.073623801,2.6000024451747,0.0006795538311750235
2001-02-04,0.161406026,5.700005386382201,0.001489791098167228
2001-02-05,0.215208034,7.600007158299801,0.001986388124736248
2001-02-06,0.252019935,8.9000083985445,0.002326165044938801
2001-02-07,0.509703239,18.0000169743133,0.004704603458666426
2001-02-08,0.396435852,14.0000131826244,0.003659136018279395
2001-02-09,0.223703088,7.9000074417936,0.002064798182534523
2001-02-10,0.203881295,7.2000067685365,0.00188184137792852
2001-02-11,0.178396134,6.3000059533698005,0.0016466112137637782
2001-02-12,0.147247602,5.2000048903494,0.001359107662350047
2001-02-13,0.07928717,2.8000026223990004,0.0007318271999638457
2001-02-14,0.12742581,4.500004252407,0.0011761508669741272
2001-02-15,0.093445594,3.3000031184318006,0.0008625106357810267
2001-02-16,0.096277278,3.4000031893866,0.000888647315560396
2001-02-17,0.073623801,2.6000024451747,0.0006795538311750235
2001-02-18,0.138752548,4.9000046068556005,0.0012806976045517716
2001-02-19,0.110435702,3.9000036854194002,0.0010193307513775768
2001-02-20,0.050970324,1.8000017009628,0.00047046034678965083
2001-02-21,0.08495054,3.0000028349380004,0.0007841005779827515
2001-02-22,0.045306955,1.6000015237385001,0.0004181869780008287
2001-02-23,0.033980216,1.2000011339752001,0.0003136402311931006
2001-02-24,0.059465378,2.1000019844566,0.000548870404587926
2001-02-25,0.07928717,2.8000026223990004,0.0007318271999638457
2001-02-26,0.104772332,3.7000034728804,0.0009670573733586711
2001-02-27,0.062297063,2.2000020907261,0.000575007093597379
2001-02-28,0.113267386,4.0000037563742,0.0010454674311569463
2001-03-01,0.266178358,9.4000088592626,0.002456848471525899
2001-03-02,0.181227818,6.4000060243246,0.0016727478935431475
2001-03-03,0.181227818,6.4000060243246,0.0016727478935431475
2001-03-04,0.181227818,6.4000060243246,0.0016727478935431475
2001-03-05,0.152910972,5.4000051028884,0.0014113810403689527
2001-03-06,0.144415918,5.1000048193946,0.0013329709825706775
2001-03-07,0.152910972,5.4000051028884,0.0014113810403689527
2001-03-08,0.594653778,21.0000197739366,0.005488704027419093
2001-03-09,1.840595028,65.0000612353116,0.016988845807065837
2001-03-10,0.396435852,14.0000131826244,0.003659136018279395
2001-03-11,0.215208034,7.600007158299801,0.001986388124736248
2001-03-12,0.107604017,3.8000035791499003,0.000993194062368124
2001-03-13,0.16990108,6.000005669876001,0.001568201155965503
2001-03-14,0.240693196,8.5000080087812,0.0022216182981310735
2001-03-15,0.073623801,2.6000024451747,0.0006795538311750235
2001-03-16,0.056633693,2.0000018781871,0.0005227337155784732
2001-03-17,0.022370309,0.7900007512423001,0.00020647982009946902
2001-03-18,0.031148531,1.1000010277057,0.0002875035421836477
2001-03-19,0.031148531,1.1000010277057,0.0002875035421836477
2001-03-20,0.028033678,0.9900009284666,0.00025875318888829126
2001-03-21,0.133089179,4.7000044296313,0.0012284242357629494
2001-03-22,0.050970324,1.8000017009628,0.00047046034678965083
2001-03-23,0.053802009,1.9000018072323,0.0004965970357991037
2001-03-24,0.053802009,1.9000018072323,0.0004965970357991037
2001-03-25,0.07928717,2.8000026223990004,0.0007318271999638457
2001-03-26,0.076455486,2.7000025514442,0.0007056905201844764
2001-03-27,0.059465378,2.1000019844566,0.000548870404587926
2001-03-28,0.070792116,2.5000023389052,0.0006534171421655705
2001-03-29,0.12176244,4.300004039868,0.0011238774889552215
2001-03-30,0.147247602,5.2000048903494,0.001359107662350047
2001-03-31,0.178396134,6.3000059533698005,0.0016466112137637782
2001-04-01,0.201049611,7.1000066975817,0.0018557046981491506
2001-04-02,0.203881295,7.2000067685365,0.00188184137792852
2001-04-03,0.220871403,7.8000073355241,0.0020386614935250704
2001-04-04,0.229366457,8.1000076190179,0.0021170715513233454
2001-04-05,0.821188551,29.000027321999703,0.0075796388989630694
2001-04-06,1.104357017,39.000036748249904,0.01019330748608552
2001-04-07,0.906139091,32.000030156937704,0.008363739476945822
2001-04-08,0.764554858,27.0000254438126,0.007056905183384596
2001-04-09,0.849505398,30.0000282787506,0.007841005761367347
2001-04-10,0.651287472,23.0000216874384,0.0060114377522276505
2001-04-11,0.679604318,24.000022608874602,0.006272804605401845
2001-04-12,0.509703239,18.0000169743133,0.004704603458666426
2001-04-13,0.481386392,17.0000160175624,0.004443236596262147
2001-04-14,0.736238011,26.0000244870617,0.006795538320980318
2001-04-15,0.764554858,27.0000254438126,0.007056905183384596
2001-04-16,0.764554858,27.0000254438126,0.007056905183384596
2001-04-17,0.679604318,24.000022608874602,0.006272804605401845
2001-04-18,0.651287472,23.0000216874384,0.0060114377522276505
2001-04-19,0.651287472,23.0000216874384,0.0060114377522276505
2001-04-20,0.622970625,22.000020730687503,0.005750070889823372
2001-04-21,0.707921165,25.0000235656255,0.006534171467806124
2001-04-22,0.594653778,21.0000197739366,0.005488704027419093
2001-04-23,0.396435852,14.0000131826244,0.003659136018279395
2001-04-24,0.311485313,11.0000103830011,0.0028750354495267272
2001-04-25,0.220871403,7.8000073355241,0.0020386614935250704
2001-04-26,0.158574341,5.6000052801127005,0.001463654409157775
2001-04-27,0.096277278,3.4000031893866,0.000888647315560396
2001-04-28,0.048138639,1.7000015946933,0.000444323657780198
2001-04-29,0.018972287,0.6700006237189001,0.00017511579328812558
2001-04-30,0.004813864,0.1700001630008,4.4432366701028156e-05
2001-05-01,0.004247527,0.15000014174690002,3.9205028899137574e-05
2001-05-02,0.013592086,0.4800004394642,0.00012545608878520683
2001-05-03,0.023502983,0.8300007937501,0.00021693449570325018
2001-05-04,0.011893076,0.42000041101720004,0.00010977408460961861
2001-05-05,0.004530695,0.16000013471650001,4.181869318504111e-05
2001-05-06,0.004813864,0.1700001630008,4.4432366701028156e-05
2001-05-07,0.005946538,0.21000020550860002,5.4887042304809305e-05
2001-05-08,0.028316847,1.0000009567509,0.0002613668624042783
2001-05-09,0.082118855,2.9000027286685004,0.0007579638889732987
2001-05-10,0.133089179,4.7000044296313,0.0012284242357629494
2001-05-11,0.133089179,4.7000044296313,0.0012284242357629494
2001-05-12,0.124594125,4.4000041461375,0.0011500141779646744
2001-05-13,0.099108963,3.5000032956561,0.0009147840045698487
2001-05-14,0.263346673,9.300008752993099,0.002430711782516446
2001-05-15,1.132673864,40.0000377050008,0.010454674348489797
2001-05-16,0.20671298,7.300006874806,0.0019079780669379728
2001-05-17,0.368119006,13.000012261188202,0.003397769165105201
2001-05-18,0.082118855,2.9000027286685004,0.0007579638889732987
2001-05-19,0.073623801,2.6000024451747,0.0006795538311750235
2001-05-20,2.633466733,93.0000876358751,0.024307117852854714
2001-05-21,1.019406477,36.0000339133119,0.009409206908102768
2001-05-22,0.20671298,7.300006874806,0.0019079780669379728
2001-05-23,0.050970324,1.8000017009628,0.00047046034678965083
2001-05-24,0.028316847,1.0000009567509,0.0002613668624042783
2001-05-25,0.020954466,0.7400006804502001,0.00019341147097970085
2001-05-26,0.031148531,1.1000010277057,0.0002875035421836477
2001-05-27,0.113267386,4.0000037563742,0.0010454674311569463
2001-05-28,0.20671298,7.300006874806,0.0019079780669379728
2001-05-29,0.141584233,5.0000047131251,0.0013068342935612246
2001-05-30,0.04247527,1.5000014174690002,0.00039205028899137577
2001-05-31,0.004813864,0.1700001630008,4.4432366701028156e-05
2001-06-01,,,
2001-06-02,,,
2001-06-03,,,
2001-06-04,,,
2001-06-05,,,
2001-06-06,,,
2001-06-07,,,
2001-06-08,,,
2001-06-09,,,
2001-06-10,,,
2001-06-11,,,
2001-06-12,,,
2001-06-13,,,
2001-06-14,,,
2001-06-15,,,
2001-06-16,,,
2001-06-17,,,
2001-06-18,,,
2001-06-19,,,
2001-06-20,,,
2001-06-21,,,
2001-06-22,,,
2001-06-23,,,
2001-06-24,,,
2001-06-25,,,
2001-06-26,,,
2001-06-27,,,
2001-06-28,,,
2001-06-29,,,
2001-06-30,,,
2001-07-01,,,
2001-07-02,,,
2001-07-03,,,
2001-07-04,,,
2001-07-05,,,
2001-07-06,,,
2001-07-07,,,
2001-07-08,,,
2001-07-09,,,
2001-07-10,8.778222444,310.00029214312684,0.08102372618233578
2001-07-11,6.31465679,223.000210141813,0.05828480947621647
2001-07-12,2.66178358,94.000088592626,0.024568484715258986
2001-07-13,0.254851619,9.0000084694993,0.0023523017247181707
2001-07-14,0.424752699,15.0000141393753,0.003920502880683674
2001-07-15,0.821188551,29.000027321999703,0.0075796388989630694
2001-07-16,2.265347727,80.0000753746869,0.02090934868774951
2001-07-17,0.283168466,10.0000094262502,0.002613668587122449
2001-07-18,0.02775051,0.9800009354970001,0.00025613952460238774
2001-07-19,,,
2001-07-20,,,
2001-07-21,,,
2001-07-22,,,
2001-07-23,,,
2001-07-24,,,
2001-07-25,,,
2001-07-26,,,
2001-07-27,,,
2001-07-28,,,
2001-07-29,,,
2001-07-30,,,
2001-07-31,,,
2001-08-01,,,
2001-08-02,,,
2001-08-03,,,
2001-08-04,0.764554858,27.0000254438126,0.007056905183384596
2001-08-05,,,
2001-08-06,0.107604017,3.8000035791499003,0.000993194062368124
2001-08-07,0.220871403,7.8000073355241,0.0020386614935250704
2001-08-08,5.040398693,178.00016772368713,0.04652330083416545
2001-08-09,0.220871403,7.8000073355241,0.0020386614935250704
2001-08-10,1.24594125,44.000041461375005,0.011500141779646743
2001-08-11,0.339802159,12.000011304437301,0.0031364023027009224
2001-08-12,0.118930756,4.2000039689132,0.001097740809175852
2001-08-13,0.07928717,2.8000026223990004,0.0007318271999638457
2001-08-14,6.597825256,233.00021956806322,0.060898478063338916
2001-08-15,10.78871855,381.00035897768504,0.09958077312690694
2001-08-16,0.481386392,17.0000160175624,0.004443236596262147
2001-08-17,7.135845341,252.0002374638127,0.06586444837517953
2001-08-18,0.622970625,22.000020730687503,0.005750070889823372
2001-08-19,0.008211886,0.2900002905242,7.57963935123716e-05
2001-08-20,0.001699011,0.06000006376170001,1.568201340567173e-05
2001-08-21,,,
2001-08-22,1.614060256,57.0000537225632,0.014897910944751945
2001-08-23,0.707921165,25.0000235656255,0.006534171467806124
2001-08-24,0.424752699,15.0000141393753,0.003920502880683674
2001-08-25,0.141584233,5.0000047131251,0.0013068342935612246
2001-08-26,0.067960432,2.4000022679504003,0.0006272804623862012
2001-08-27,0.023219814,0.8200007654658,0.00021432082218726312
2001-08-28,0.001132674,0.0400000425078,1.0454675603781153e-05
2001-08-29,,,
2001-08-30,0.001982179,0.07000005673130001,1.8295677691575268e-05
2001-08-31,,,
2001-09-01,,,
2001-09-02,,,
2001-09-03,,,
2001-09-04,,,
2001-09-05,,,
2001-09-06,,,
2001-09-07,,,
2001-09-08,,,
2001-09-09,,,
2001-09-10,,,
2001-09-11,,,
2001-09-12,,,
2001-09-13,0.141584233,5.0000047131251,0.0013068342935612246
2001-09-14,0.006229706,0.22000019847820002,5.750070659071284e-05
2001-09-15,,,
2001-09-16,,,
2001-09-17,0.481386392,17.0000160175624,0.004443236596262147
2001-09-18,0.008495054,0.30000028349380004,7.841005779827515e-05
2001-09-19,0.002265348,0.0800000850156,2.0909351207562306e-05
2001-09-20,0.001132674,0.0400000425078,1.0454675603781153e-05
2001-09-21,0.000849505,0.0300000142235,7.841002087794113e-06
2001-09-22,0.000283168,0.0099999929696,2.613664285903536e-06
2001-09-23,,,
2001-09-24,,,
2001-09-25,,,
2001-09-26,,,
2001-09-27,,,
2001-09-28,,,
2001-09-29,,,
2001-09-30,,,
2001-10-01,,,
2001-10-02,,,
2001-10-03,,,
2001-10-04,,,
2001-10-05,,,
2001-10-06,,,
2001-10-07,,,
2001-10-08,,,
2001-10-09,,,
2001-10-10,,,
2001-10-11,,,
2001-10-12,,,
2001-10-13,,,
2001-10-14,,,
2001-10-15,0.002831685,0.10000010626950001,2.6136689009452884e-05
2001-10-16,0.004813864,0.1700001630008,4.4432366701028156e-05
2001-10-17,0.005380201,0.19000018425470003,4.965970450291873e-05
2001-10-18,0.005946538,0.21000020550860002,5.4887042304809305e-05
2001-10-19,0.005946538,0.21000020550860002,5.4887042304809305e-05
2001-10-20,0.004247527,0.15000014174690002,3.9205028899137574e-05
2001-10-21,0.000566337,0.0200000212539,5.2273378018905765e-06
2001-10-22,,,
2001-10-23,,,
2001-10-24,,,
2001-10-25,0.044174281,1.5600014812307001,0.0004077323023970475
2001-10-26,0.007928717,0.28000026223990004,7.318271999638457e-05
2001-10-27,0.008211886,0.2900002905242,7.57963935123716e-05
2001-10-28,0.01104357,0.390000361479,0.000101933073291741
2001-10-29,0.011893076,0.42000041101720004,0.00010977408460961861
2001-10-30,0.016706939,0.5900005387033,0.00015420644208056326
2001-10-31,0.028033678,0.9900009284666,0.00025875318888829126
2001-11-01,0.033130711,1.1700011197517002,0.0003057992291053065
2001-11-02,0.033697047,1.1900011056909001,0.0003110265576771135
2001-11-03,0.034263384,1.2100011269448,0.00031625389547900416
2001-11-04,0.037944574,1.3400012474378002,0.00035023158657625117
2001-11-05,0.04615646,1.6300015379620003,0.0004260279800886228
2001-11-06,0.045590123,1.6100015167081,0.0004208006422867322
2001-11-07,0.050403987,1.7800016797089,0.00046523300898776025
2001-11-08,0.052102998,1.8400017434706,0.000480915022393432
2001-11-09,0.066544589,2.3500021971583003,0.000614212113266433
2001-11-10,0.07022578,2.4800023529660002,0.0006481898135937635
2001-11-11,0.065695084,2.3200021829348003,0.0006063711111786389
2001-11-12,0.069659443,2.4600023317121003,0.0006429624757918729
2001-11-13,0.066544589,2.3500021971583003,0.000614212113266433
2001-11-14,0.073340633,2.5900024522051,0.0006769401668891199
2001-11-15,0.070792116,2.5000023389052,0.0006534171421655705
2001-11-16,0.053235672,1.8800017859784,0.0004913696979972132
2001-11-17,0.07192479,2.540002381413,0.0006638718177693518
2001-11-18,0.078154497,2.7600026152059,0.0007213725335901482
2001-11-19,0.076172317,2.6900025231599,0.0007030768466684893
2001-11-20,0.073623801,2.6000024451747,0.0006795538311750235
2001-11-21,0.067960432,2.4000022679504003,0.0006272804623862012
2001-11-22,0.067960432,2.4000022679504003,0.0006272804623862012
2001-11-23,0.069659443,2.4600023317121003,0.0006429624757918729
2001-11-24,0.056633693,2.0000018781871,0.0005227337155784732
2001-11-25,0.170184248,6.010005662845601,0.0015708148202514065
2001-11-26,0.070792116,2.5000023389052,0.0006534171421655705
2001-11-27,0.056633693,2.0000018781871,0.0005227337155784732
2001-11-28,0.058332704,2.0600019419488,0.0005384157289841448
2001-11-29,0.049271313,1.7400016372011,0.0004547783333839791
2001-11-30,0.07560598,2.670002501906,0.0006978495088665988
2001-12-01,0.065128747,2.3000021616809003,0.0006011437733767482
2001-12-02,0.061730726,2.1800020694722,0.0005697797557954883
2001-12-03,0.070792116,2.5000023389052,0.0006534171421655705
2001-12-04,0.143283244,5.0600047768868,0.0013225163069668965
2001-12-05,0.142716907,5.040004755632901,0.0013172889691650059
2001-12-06,0.093162425,3.2900030901475,0.0008598969622650395
2001-12-07,0.047855471,1.6900016017237,0.00044170999349429446
2001-12-08,0.02406932,0.8500008150040002,0.00022216183350514076
2001-12-09,0.018122782,0.6400006094954,0.00016727479120033146
2001-12-10,0.023219814,0.8200007654658,0.00021432082218726312
2001-12-11,0.011609907,0.4100003827329,0.00010716041109363156
2001-12-12,0.049554482,1.7500016654854,0.00045739200689996615
2001-12-13,0.037095069,1.3100012332143,0.000342390584488457
2001-12-14,0.026334667,0.9300008647049001,0.00024307117548261952
2001-12-15,0.033413879,1.1800011127213001,0.00030841289339121
2001-12-16,0.02576833,0.910000843451,0.00023784383768072896
2001-12-17,0.016706939,0.5900005387033,0.00015420644208056326
2001-12-18,0.013592086,0.4800004394642,0.00012545608878520683
2001-12-19,0.016990108,0.6000005669876001,0.0001568201155965503
2001-12-20,0.016423771,0.5800005457337001,0.00015159277779465971
2001-12-21,0.02208714,0.780000722958,0.000203866146583482
2001-12-22,0.019821793,0.7000006732571,0.0001829568046060032
2001-12-23,0.038227743,1.3500012757221,0.0003528452600922382
2001-12-24,0.018972287,0.6700006237189001,0.00017511579328812558
2001-12-25,0.014441592,0.5100004890024,0.00013329710010308445
2001-12-26,0.015857434,0.5600005244798001,0.00014636543999276913
2001-12-27,0.02576833,0.910000843451,0.00023784383768072896
2001-12-28,0.036811901,1.3000012402447,0.0003397769202025535
2001-12-29,0.106188175,3.7500035436725,0.0009801257224784394
2001-12-30,0.136770369,4.8300045501243005,0.0012624019268601965
2001-12-31,0.100241637,3.5400033381639,0.00092523868017363
2002-01-01,0.054934682,1.9400018144254,0.0005070517021728014
2002-01-02,0.07928717,2.8000026223990004,0.0007318271999638457
2002-01-03,0.095144605,3.3600031821935,0.0008781926491866983
2002-01-04,0.11440006,4.040003798882,0.0010559221067607276
2002-01-05,0.124877293,4.4100041391071,0.001152627842250578
2002-01-06,0.122611946,4.3300040894062,0.001131718500273099
2002-01-07,0.16423771,5.800005457337001,0.0015159277779465974
2002-01-08,0.099958468,3.5300033098796,0.0009226250066576429
2002-01-09,0.155459488,5.490005180873601,0.0014349040558624185
2002-01-10,0.183776334,6.490006102309801,0.0016962709090366135
2002-01-11,0.08495054,3.0000028349380004,0.0007841005779827515
2002-01-12,0.08495054,3.0000028349380004,0.0007841005779827515
2002-01-13,0.141584233,5.0000047131251,0.0013068342935612246
2002-01-14,0.141584233,5.0000047131251,0.0013068342935612246
2002-01-15,0.08495054,3.0000028349380004,0.0007841005779827515
2002-01-16,0.141017896,4.9800046918712,0.0013016069557593342
2002-01-17,0.082118855,2.9000027286685004,0.0007579638889732987
2002-01-18,0.066261421,2.3400022041887003,0.0006115984489805295
2002-01-19,0.04247527,1.5000014174690002,0.00039205028899137577
2002-01-20,0.056633693,2.0000018781871,0.0005227337155784732
2002-01-21,0.068809937,2.4300022821739002,0.0006351214644739953
2002-01-22,0.061447557,2.1700020411879,0.0005671660822795013
2002-01-23,0.07758816,2.740002593952,0.0007161451957882575
2002-01-24,0.058899041,2.0800019632027,0.0005436430667860355
2002-01-25,0.045590123,1.6100015167081,0.0004208006422867322
2002-01-26,0.050403987,1.7800016797089,0.00046523300898776025
2002-01-27,0.073340633,2.5900024522051,0.0006769401668891199
2002-01-28,0.126293136,4.4600042098992,0.0011656961913703461
2002-01-29,0.126293136,4.4600042098992,0.0011656961913703461
2002-01-30,0.088348561,3.1200029271467002,0.0008154645955640114
2002-01-31,0.077871328,2.7500025869216005,0.0007187588600741611
2002-02-01,0.071075285,2.5100023671895,0.0006560308156815576
2002-02-02,0.059748546,2.1100019774262,0.0005514840688738296
2002-02-03,0.050120818,1.7700016514246,0.0004626193354717732
2002-02-04,0.050687155,1.7900016726785,0.0004678466732736638
2002-02-05,0.056916862,2.0100019064714,0.0005253473890944601
2002-02-06,0.056916862,2.0100019064714,0.0005253473890944601
2002-02-07,0.056633693,2.0000018781871,0.0005227337155784732
2002-02-08,0.054934682,1.9400018144254,0.0005070517021728014
2002-02-09,0.058049536,2.0500019489792,0.0005358020646982413
2002-02-10,0.056633693,2.0000018781871,0.0005227337155784732
2002-02-11,0.085233708,3.0100028279076003,0.0007867142422686551
2002-02-12,0.085233708,3.0100028279076003,0.0007867142422686551
2002-02-13,0.085233708,3.0100028279076003,0.0007867142422686551
2002-02-14,0.126293136,4.4600042098992,0.0011656961913703461
2002-02-15,0.112417881,3.9700037421507,0.001037626429069152
2002-02-16,0.141301064,4.990004684840801,0.0013042206200452376
2002-02-17,0.283168466,10.0000094262502,0.002613668587122449
2002-02-18,0.283168466,10.0000094262502,0.002613668587122449
2002-02-19,0.26957638,9.520008986786001,0.0024882124983372426
2002-02-20,0.259948652,9.1800086607844,0.002399347764935186
2002-02-21,0.237295174,8.3800078812578,0.00219025427131973
2002-02-22,0.226534773,8.0000075480631,0.002090934871543976
2002-02-23,0.239560522,8.4600079662734,0.0022111636225272922
2002-02-24,0.192271388,6.7900063858036,0.0017746809668348882
2002-02-25,0.163954542,5.7900054643674,0.0015133141136606937
2002-02-26,0.114683229,4.0500038271663,0.0010585357802767145
2002-02-27,0.072207959,2.5500024096973,0.0006664854912853388
2002-02-28,0.084384203,2.9800028136841004,0.0007788732401808609
2002-03-01,0.107604017,3.8000035791499003,0.000993194062368124
2002-03-02,0.085800045,3.0300028491615003,0.0007919415800705456
2002-03-03,0.08495054,3.0000028349380004,0.0007841005779827515
2002-03-04,0.056916862,2.0100019064714,0.0005253473890944601
2002-03-05,0.085800045,3.0300028491615003,0.0007919415800705456
2002-03-06,0.138752548,4.9000046068556005,0.0012806976045517716
2002-03-07,0.200766442,7.0900066692974,0.0018530910246331634
2002-03-08,0.225402099,7.9600075055553,0.002080480195940195
2002-03-09,0.14215057,5.020004734379,0.0013120616313631152
2002-03-10,0.113833723,4.020003777628101,0.0010506947689588367
2002-03-11,0.143849581,5.080004798140701,0.001327743644768787
2002-03-12,0.16055652,5.670005336844,0.0014819500868493503
2002-03-13,0.160273352,5.660005343874401,0.0014793364225634466
2002-03-14,0.144982255,5.120004840648501,0.0013381983203725682
2002-03-15,0.11808125,4.1700039193750005,0.0010898997978579744
2002-03-16,0.099108963,3.5000032956561,0.0009147840045698487
2002-03-17,0.090613909,3.2000030121623,0.0008363739467715737
2002-03-18,0.078720834,2.7800026364598,0.0007265998713920386
2002-03-19,0.090613909,3.2000030121623,0.0008363739467715737
2002-03-20,0.108736691,3.8400036216577003,0.0010036487379719052
2002-03-21,0.159423846,5.6300052943362004,0.001471495411245569
2002-03-22,0.146964434,5.190004897379801,0.0013564939980641433
2002-03-23,0.137903043,4.8700045926321005,0.0012728566024639777
2002-03-24,0.119780261,4.2300039831367,0.0011055818112636461
2002-03-25,0.11440006,4.040003798882,0.0010559221067607276
2002-03-26,0.091463414,3.2300030263858006,0.0008442149488593678
2002-03-27,0.082118855,2.9000027286685004,0.0007579638889732987
2002-03-28,0.118930756,4.2000039689132,0.001097740809175852
2002-03-29,0.114116892,4.0300038059124,0.001053308442474824
2002-03-30,0.089481235,3.1600029696545002,0.0008259192711677927
2002-03-31,0.070792116,2.5000023389052,0.0006534171421655705
2002-04-01,0.054934682,1.9400018144254,0.0005070517021728014
2002-04-02,0.047005965,1.6600015521855,0.0004338689821764168
2002-04-03,0.044457449,1.5700014742003001,0.00041034596668295103
2002-04-04,0.041342596,1.4600013749612002,0.0003815956133875946
2002-04-05,0.040209922,1.4200013324534002,0.00037114093778381344
2002-04-06,0.038510911,1.3600012686917002,0.0003554589243781417
2002-04-07,0.038510911,1.3600012686917002,0.0003554589243781417
2002-04-08,0.031998037,1.1300010772439,0.00029534455350152533
2002-04-09,0.029732689,1.0500009922283,0.000274435202293963
2002-04-10,0.034829721,1.2300011481987,0.0003214812332808947
2002-04-11,0.065128747,2.3000021616809003,0.0006011437733767482
2002-04-12,0.045590123,1.6100015167081,0.0004208006422867322
2002-04-13,0.039643585,1.4000013111995002,0.00036591359998192286
2002-04-14,0.029166352,1.0300009709744,0.0002692078644920724
2002-04-15,0.026617836,0.9400008929892,0.0002456848489986066
2002-04-16,0.030582194,1.0800010064518,0.00028227620438175716
2002-04-17,0.028033678,0.9900009284666,0.00025875318888829126
2002-04-18,0.025485162,0.9000008504814,0.00023523017339482542
2002-04-19,0.050403987,1.7800016797089,0.00046523300898776025
2002-04-20,0.083534697,2.9500027641459003,0.0007710322288629834
2002-04-21,0.04247527,1.5000014174690002,0.00039205028899137577
2002-04-22,0.041342596,1.4600013749612002,0.0003815956133875946
2002-04-23,0.040209922,1.4200013324534002,0.00037114093778381344
2002-04-24,0.035396058,1.2500011694526,0.00032670857108278527
2002-04-25,0.0314317,1.11000105599,0.00029011721569963475
2002-04-26,0.025485162,0.9000008504814,0.00023523017339482542
2002-04-27,0.024918825,0.8800008292275,0.00023000283559293486
2002-04-28,0.028316847,1.0000009567509,0.0002613668624042783
2002-04-29,0.028600015,1.0100009497205,0.0002639805266901819
2002-04-30,0.022936646,0.8100007724962001,0.00021170715790135963
2002-05-01,0.015574266,0.5500005315102,0.0001437517757068656
2002-05-02,0.021803972,0.7700007299884001,0.00020125248229757847
2002-05-03,0.016706939,0.5900005387033,0.00015420644208056326
2002-05-04,0.024352488,0.8600008079736,0.00022477549779104425
2002-05-05,0.016140603,0.5700005527641,0.0001489791135087562
2002-05-06,0.00736238,0.260000240986,6.7955382194494e-05
2002-05-07,0.003964359,0.1400001487773,3.659136461323404e-05
2002-05-08,0.004247527,0.15000014174690002,3.9205028899137574e-05
2002-05-09,0.004247527,0.15000014174690002,3.9205028899137574e-05
2002-05-10,0.004247527,0.15000014174690002,3.9205028899137574e-05
2002-05-11,0.004530695,0.16000013471650001,4.181869318504111e-05
2002-05-12,0.005663369,0.2000001772243,5.227336878882226e-05
2002-05-13,0.006796043,0.2400002197321,6.272804439260342e-05
2002-05-14,0.005663369,0.2000001772243,5.227336878882226e-05
2002-05-15,0.004247527,0.15000014174690002,3.9205028899137574e-05
2002-05-16,0.004247527,0.15000014174690002,3.9205028899137574e-05
2002-05-17,0.004530695,0.16000013471650001,4.181869318504111e-05
2002-05-18,0.005380201,0.19000018425470003,4.965970450291873e-05
2002-05-19,0.003398022,0.12000012752340002,3.136402681134346e-05
2002-05-20,0.003398022,0.12000012752340002,3.136402681134346e-05
2002-05-21,,,
2002-05-22,,,
2002-05-23,,,
2002-05-24,0.001132674,0.0400000425078,1.0454675603781153e-05
2002-05-25,0.004530695,0.16000013471650001,4.181869318504111e-05
2002-05-26,0.003398022,0.12000012752340002,3.136402681134346e-05
2002-05-27,0.003114853,0.11000009923910001,2.875035329535642e-05
2002-05-28,0.002548516,0.0900000779852,2.3523015493465843e-05
2002-05-29,0.002548516,0.0900000779852,2.3523015493465843e-05
2002-05-30,0.002548516,0.0900000779852,2.3523015493465843e-05
2002-05-31,0.001699011,0.06000006376170001,1.568201340567173e-05
2002-06-01,0.001415842,0.05000003547740001,1.306833988968469e-05
2002-06-02,0.001132674,0.0400000425078,1.0454675603781153e-05
2002-06-03,,,
2002-06-04,,,
2002-06-05,,,
2002-06-06,,,
2002-06-07,,,
2002-06-08,,,
2002-06-09,,,
2002-06-10,,,
2002-06-11,,,
2002-06-12,,,
2002-06-13,,,
2002-06-14,,,
2002-06-15,,,
2002-06-16,,,
2002-06-17,,,
2002-06-18,,,
2002-06-19,,,
2002-06-20,,,
2002-06-21,,,
2002-06-22,,,
2002-06-23,,,
2002-06-24,,,
2002-06-25,,,
2002-06-26,,,
2002-06-27,,,
2002-06-28,,,
2002-06-29,,,
2002-06-30,,,
2002-07-01,,,
2002-07-02,,,
2002-07-03,,,
2002-07-04,,,
2002-07-05,,,
2002-07-06,,,
2002-07-07,,,
2002-07-08,,,
2002-07-09,,,
2002-07-10,,,
2002-07-11,,,
2002-07-12,,,
2002-07-13,,,
2002-07-14,,,
2002-07-15,,,
2002-07-16,,,
2002-07-17,,,
2002-07-18,,,
2002-07-19,14.5265423,513.00048336181,0.13408119846584715
2002-07-20,6.569508409,232.0002186113123,0.060637111200934644
2002-07-21,2.002001054,70.70006662169381,0.018478636905233065
2002-07-22,0.484218077,17.100016123831903,0.0044693732852716
2002-07-23,0.116948576,4.1300038768672005,0.0010794451222541932
2002-07-24,0.090047572,3.1800029909084,0.0008311466089696832
2002-07-25,0.081835687,2.8900027356989004,0.0007553502246873951
2002-07-26,0.017273276,0.6100005599572,0.00015943377988245384
2002-07-27,0.001132674,0.0400000425078,1.0454675603781153e-05
2002-07-28,,,
2002-07-29,,,
2002-07-30,,,
2002-07-31,,,
2002-08-01,,,
2002-08-02,0.001132674,0.0400000425078,1.0454675603781153e-05
2002-08-03,0.002265348,0.0800000850156,2.0909351207562306e-05
2002-08-04,0.002831685,0.10000010626950001,2.6136689009452884e-05
2002-08-05,0.003964359,0.1400001487773,3.659136461323404e-05
2002-08-06,2.670278634,94.30008887611982,0.024646894773057267
2002-08-07,1.41584233,50.000047131251,0.013068342935612248
2002-08-08,0.056633693,2.0000018781871,0.0005227337155784732
2002-08-09,,,
2002-08-10,,,
2002-08-11,,,
2002-08-12,,,
2002-08-13,,,
2002-08-14,,,
2002-08-15,,,
2002-08-16,,,
2002-08-17,,,
2002-08-18,,,
2002-08-19,,,
2002-08-20,,,
2002-08-21,1.019406477,36.0000339133119,0.009409206908102768
2002-08-22,0.478554707,16.9000159112929,0.004417099907252694
2002-08-23,0.001415842,0.05000003547740001,1.306833988968469e-05
2002-08-24,,,
2002-08-25,,,
2002-08-26,,,
2002-08-27,,,
2002-08-28,,,
2002-08-29,,,
2002-08-30,2.169070449,76.6000721853003,0.020020701372189115
2002-08-31,0.198217926,7.0000065913122,0.0018295680091396974
2002-09-01,,,
2002-09-02,,,
2002-09-03,,,
2002-09-04,,,
2002-09-05,,,
2002-09-06,,,
2002-09-07,7.192479034,254.00023934199982,0.066387182090758
2002-09-08,26.95763796,952.0008972660121,0.2488212494645209
2002-09-09,11.32673864,400.000377050008,0.10454674348489798
2002-09-10,1.132673864,40.0000377050008,0.010454674348489797
2002-09-11,43.04160682,1520.001432366254,0.3972776251318513
2002-09-12,70.79211648,2500.002355856256,0.6534171465960107
2002-09-13,6.796043182,240.00022615937542,0.06272804607247862
2002-09-14,0.283168466,10.0000094262502,0.002613668587122449
2002-09-15,,,
2002-09-16,,,
2002-09-17,,,
2002-09-18,,,
2002-09-19,0.566336932,20.0000188525004,0.005227337174244898
2002-09-20,0.001415842,0.05000003547740001,1.306833988968469e-05
2002-09-21,,,
2002-09-22,,,
2002-09-23,,,
2002-09-24,,,
2002-09-25,0.002831685,0.10000010626950001,2.6136689009452884e-05
2002-09-26,0.021803972,0.7700007299884001,0.00020125248229757847
2002-09-27,0.016706939,0.5900005387033,0.00015420644208056326
2002-09-28,0.082118855,2.9000027286685004,0.0007579638889732987
2002-09-29,0.229366457,8.1000076190179,0.0021170715513233454
2002-09-30,0.050970324,1.8000017009628,0.00047046034678965083
2002-10-01,0.011326739,0.40000038976330005,0.00010454674680772804
2002-10-02,0.016423771,0.5800005457337001,0.00015159277779465971
2002-10-03,0.022936646,0.8100007724962001,0.00021170715790135963
2002-10-04,0.171883259,6.070005726607301,0.0015864968336570782
2002-10-05,0.205013969,7.2400068110443,0.0018922960535323011
2002-10-06,0.09231292,3.2600030759240006,0.0008520559601772455
2002-10-07,0.051253492,1.8100016939324,0.00047307401107555446
2002-10-08,0.037661406,1.3300012544682,0.0003476179222903476
2002-10-09,0.055784188,1.9700018639636,0.0005148927134906791
2002-10-10,0.097693121,3.4500032601787,0.0009017156646801642
2002-10-11,0.094011931,3.3200031396857006,0.0008677379735829172
2002-10-12,0.121196103,4.2800040186141,0.0011186501511533309
2002-10-13,0.152627803,5.3900050746041,0.0014087673668529658
2002-10-14,0.167635732,5.920005584860401,0.0015472918047579407
2002-10-15,0.178112965,6.2900059250855005,0.001643997540247791
2002-10-16,0.163105036,5.760005414829201,0.001505473102342816
2002-10-17,0.166786226,5.8900055353222,0.0015394507934400632
2002-10-18,0.192554557,6.8000064140879,0.0017772946403508752
2002-10-19,0.209827833,7.4100069740451,0.001936728420233329
2002-10-20,0.205580306,7.2600068322982,0.0018975233913341917
2002-10-21,0.239277354,8.4500079733038,0.0022085499582413888
2002-10-22,0.250320924,8.8400083347828,0.0023104830315331297
2002-10-23,0.775881597,27.400025833575903,0.007161451930192324
2002-10-24,0.198217926,7.0000065913122,0.0018295680091396974
2002-10-25,0.113267386,4.0000037563742,0.0010454674311569463
2002-10-26,0.056633693,2.0000018781871,0.0005227337155784732
2002-10-27,0.849505398,30.0000282787506,0.007841005761367347
2002-10-28,0.198217926,7.0000065913122,0.0018295680091396974
2002-10-29,0.113267386,4.0000037563742,0.0010454674311569463
2002-10-30,0.424752699,15.0000141393753,0.003920502880683674
2002-10-31,0.283168466,10.0000094262502,0.002613668587122449
2002-11-01,0.226534773,8.0000075480631,0.002090934871543976
2002-11-02,0.113267386,4.0000037563742,0.0010454674311569463
2002-11-03,0.056633693,2.0000018781871,0.0005227337155784732
2002-11-04,0.056633693,2.0000018781871,0.0005227337155784732
2002-11-05,0.056633693,2.0000018781871,0.0005227337155784732
2002-11-06,0.04247527,1.5000014174690002,0.00039205028899137577
2002-11-07,0.02775051,0.9800009354970001,0.00025613952460238774
2002-11-08,0.046439628,1.6400015309316,0.00042864164437452624
2002-11-09,0.110152533,3.8900036571351,0.0010167170778615899
2002-11-10,0.148946613,5.260004954111101,0.0013747896757557185
2002-11-11,0.402099222,14.2000133951634,0.003711409396298301
2002-11-12,0.141017896,4.9800046918712,0.0013016069557593342
2002-11-13,0.066261421,2.3400022041887003,0.0006115984489805295
2002-11-14,0.04983765,1.760001658455,0.0004600056711858697
2002-11-15,0.037378238,1.3200012614986,0.00034500425800444403
2002-11-16,0.031714868,1.1200010489596002,0.00029273087998553827
2002-11-17,0.024352488,0.8600008079736,0.00022477549779104425
2002-11-18,0.013592086,0.4800004394642,0.00012545608878520683
2002-11-19,0.018689119,0.6600006307493,0.00017250212900222201
2002-11-20,0.026051499,0.9200008717353,0.000240457511196716
2002-11-21,0.032564374,1.1500010984978,0.0003005718913034159
2002-11-22,0.036528732,1.2900012119604,0.00033716324668656643
2002-11-23,0.043891112,1.5500014529464001,0.00040511862888106045
2002-11-24,0.023502983,0.8300007937501,0.00021693449570325018
2002-11-25,0.051536661,1.8200017222167,0.00047568768459154147
2002-11-26,0.048421808,1.7100016229776,0.00044693733129618505
2002-11-27,0.02944952,1.040000963944,0.000271821528777976
2002-11-28,0.021237635,0.7500007087345001,0.00019602514449568788
2002-11-29,0.022653477,0.8000007442119001,0.00020909348438537256
2002-11-30,0.022653477,0.8000007442119001,0.00020909348438537256
2002-12-01,0.080136676,2.8300026719372005,0.0007396682112817233
2002-12-02,0.124027788,4.3800041248836,0.0011447868401627836
2002-12-03,0.174148607,6.150005811622901,0.0016074061848646408
2002-12-04,0.132806011,4.690004436661701,0.001225810571477046
2002-12-05,0.080986181,2.8600026861607004,0.0007475092133695174
2002-12-06,0.060598052,2.1400020269644,0.0005593250801917072
2002-12-07,0.055501019,1.9600018356793,0.000512279039974692
2002-12-08,0.027467341,0.9700009072127,0.0002535258510864007
2002-12-09,0.045023786,1.5900014954542,0.0004155733044848416
2002-12-10,0.036811901,1.3000012402447,0.0003397769202025535
2002-12-11,0.026334667,0.9300008647049001,0.00024307117548261952
2002-12-12,0.02775051,0.9800009354970001,0.00025613952460238774
2002-12-13,0.030865363,1.0900010347361,0.00028488987789774417
2002-12-14,0.050120818,1.7700016514246,0.0004626193354717732
2002-12-15,0.041059428,1.4500013819916002,0.00037898194910169103
2002-12-16,0.066827758,2.3600022254426003,0.00061682578678242
2002-12-17,0.150079287,5.300004996618901,0.0013852443513594998
2002-12-18,0.19566941,6.910006513327,0.001806044993646232
2002-12-19,0.067394095,2.3800022466965003,0.0006220531245843107
2002-12-20,0.020671298,0.7300006874806001,0.0001907978066937973
2002-12-21,0.019538624,0.6900006449728001,0.00018034313109001614
2002-12-22,0.015574266,0.5500005315102,0.0001437517757068656
2002-12-23,0.016140603,0.5700005527641,0.0001489791135087562
2002-12-24,0.012742581,0.4500004252407,0.00011761508669741271
2002-12-25,0.009627728,0.3400003260016,8.886473340205631e-05
2002-12-26,0.003398022,0.12000012752340002,3.136402681134346e-05
2002-12-27,0.004813864,0.1700001630008,4.4432366701028156e-05
2002-12-28,0.002548516,0.0900000779852,2.3523015493465843e-05
2002-12-29,0.004813864,0.1700001630008,4.4432366701028156e-05
2002-12-30,0.006512875,0.2300002267625,6.011438010669987e-05
2002-12-31,0.005097032,0.1800001559704,4.7046030986931686e-05
2003-01-01,0.023786151,0.8400007867197,0.0002195481599891537
2003-01-02,0.01472476,0.520000481972,0.000135910764388988
2003-01-03,0.016990108,0.6000005669876001,0.0001568201155965503
2003-01-04,0.015857434,0.5600005244798001,0.00014636543999276913
2003-01-05,0.012459413,0.44000043227110003,0.0001150014224115092
2003-01-06,0.070792116,2.5000023389052,0.0006534171421655705
2003-01-07,0.077871328,2.7500025869216005,0.0007187588600741611
2003-01-08,0.050403987,1.7800016797089,0.00046523300898776025
2003-01-09,0.104489164,3.6900034799108,0.0009644437090727677
2003-01-10,0.137619874,4.8600045643478005,0.0012702429289479906
2003-01-11,0.37095069,13.100012332143002,0.0034239058448845704
2003-01-12,0.273823907,9.6700091285329,0.0025274175272363797
2003-01-13,0.158574341,5.6000052801127005,0.001463654409157775
2003-01-14,0.078437665,2.7700026081755005,0.0007239861978760516
2003-01-15,0.043041607,1.5200014387229002,0.00039727762679326635
2003-01-16,0.022653477,0.8000007442119001,0.00020909348438537256
2003-01-17,0.016990108,0.6000005669876001,0.0001568201155965503
2003-01-18,0.016990108,0.6000005669876001,0.0001568201155965503
2003-01-19,0.028316847,1.0000009567509,0.0002613668624042783
2003-01-20,0.028316847,1.0000009567509,0.0002613668624042783
2003-01-21,0.039643585,1.4000013111995002,0.00036591359998192286
2003-01-22,0.028316847,1.0000009567509,0.0002613668624042783
2003-01-23,0.029166352,1.0300009709744,0.0002692078644920724
2003-01-24,0.016990108,0.6000005669876001,0.0001568201155965503
2003-01-25,0.015007929,0.5300005102563,0.00013852443790497503
2003-01-26,0.030299026,1.0700010134822,0.0002796625400958536
2003-01-27,0.021520803,0.7600007017041001,0.0001986388087815914
2003-01-28,0.030865363,1.0900010347361,0.00028488987789774417
2003-01-29,0.038510911,1.3600012686917002,0.0003554589243781417
2003-01-30,0.047855471,1.6900016017237,0.00044170999349429446
2003-01-31,0.03879408,1.370001296976,0.00035807259789412876
2003-02-01,0.030865363,1.0900010347361,0.00028488987789774417
2003-02-02,0.03879408,1.370001296976,0.00035807259789412876
2003-02-03,0.038227743,1.3500012757221,0.0003528452600922382
2003-02-04,0.033697047,1.1900011056909001,0.0003110265576771135
2003-02-05,0.032564374,1.1500010984978,0.0003005718913034159
2003-02-06,0.026901004,0.9500008859588001,0.00024829851328451015
2003-02-07,0.019255456,0.6800006520032,0.00017772946680411262
2003-02-08,0.021237635,0.7500007087345001,0.00019602514449568788
2003-02-09,0.023219814,0.8200007654658,0.00021432082218726312
2003-02-10,0.020671298,0.7300006874806001,0.0001907978066937973
2003-02-11,0.025485162,0.9000008504814,0.00023523017339482542
2003-02-12,0.032564374,1.1500010984978,0.0003005718913034159
2003-02-13,0.062863399,2.2200020766653,0.000580234422169186
2003-02-14,0.048704976,1.7200016159472,0.0004495509955820885
2003-02-15,0.175847617,6.2100058400699005,0.001623088189040229
2003-02-16,0.130257494,4.600004323361801,0.0012022875467534964
2003-02-17,0.054651514,1.9300018214558001,0.0005044380378868979
2003-02-18,0.019821793,0.7000006732571,0.0001829568046060032
2003-02-19,0.008495054,0.30000028349380004,7.841005779827515e-05
2003-02-20,0.005663369,0.2000001772243,5.227336878882226e-05
2003-02-21,0.020104961,0.7100006662267001,0.00018557046889190672
2003-02-22,0.039360417,1.3900013182299,0.0003632999356960193
2003-02-23,0.028600015,1.0100009497205,0.0002639805266901819
2003-02-24,0.044174281,1.5600014812307001,0.0004077323023970475
2003-02-25,0.052102998,1.8400017434706,0.000480915022393432
2003-02-26,0.069942611,2.4700023246817002,0.0006455761400777764
2003-02-27,0.074473307,2.6300024947129,0.0006873948424929011
2003-02-28,0.07758816,2.740002593952,0.0007161451957882575
2003-03-01,0.094861436,3.3500031539092,0.0008755789756707112
2003-03-02,0.122611946,4.3300040894062,0.001131718500273099
2003-03-03,0.124594125,4.4000041461375,0.0011500141779646744
2003-03-04,0.122045609,4.3100040681523,0.0011264911624712084
2003-03-05,0.115249566,4.070003848420201,0.001063763118078605
2003-03-06,0.138186211,4.8800045856017,0.0012754702667498812
2003-03-07,0.134221853,4.7400044721391,0.0012388789113667307
2003-03-08,0.139885222,4.9400046493634004,0.0012911522801555529
2003-03-09,0.156025825,5.5100052021275,0.0014401313936643091
2003-03-10,0.156308993,5.5200051950971005,0.0014427450579502126
2003-03-11,0.162538699,5.7400053935753,0.0015002457645409257
2003-03-12,0.17896247,6.3200059393090005,0.0016518385423355854
2003-03-13,0.181227818,6.4000060243246,0.0016727478935431475
2003-03-14,0.201332779,7.1100066905513,0.001858318362435054
2003-03-15,0.239277354,8.4500079733038,0.0022085499582413888
2003-03-16,0.281752624,9.9500093907728,0.002600600247232765
2003-03-17,0.226534773,8.0000075480631,0.002090934871543976
2003-03-18,0.184342671,6.510006123563701,0.0017014982468385041
2003-03-19,0.353960582,12.500011765155401,0.00326708572928802
2003-03-20,0.563505247,19.900018746230902,0.005201200485235446
2003-03-21,0.614475571,21.700020447193705,0.0056716608320250975
2003-03-22,0.194253568,6.8600064778496,0.001792976653756547
2003-03-23,0.056633693,2.0000018781871,0.0005227337155784732
2003-03-24,0.04247527,1.5000014174690002,0.00039205028899137577
2003-03-25,0.038227743,1.3500012757221,0.0003528452600922382
2003-03-26,0.111285207,3.9300036996429,0.001027171753465371
2003-03-27,0.07928717,2.8000026223990004,0.0007318271999638457
2003-03-28,0.073057464,2.5800024239208,0.0006743264933731329
2003-03-29,0.057483199,2.0300019277253,0.0005305747268963507
2003-03-30,0.045306955,1.6000015237385001,0.0004181869780008287
2003-03-31,0.030582194,1.0800010064518,0.00028227620438175716
2003-04-01,0.017556445,0.6200005882415001,0.00016204745339844088
2003-04-02,0.009344559,0.33000029771730005,8.625105988606926e-05
2003-04-03,0.013025749,0.4600004182103,0.00012022875098331625
2003-04-04,0.020954466,0.7400006804502001,0.00019341147097970085
2003-04-05,0.019821793,0.7000006732571,0.0001829568046060032
2003-04-06,0.018972287,0.6700006237189001,0.00017511579328812558
2003-04-07,0.02038813,0.720000694511,0.00018818414240789376
2003-04-08,0.020104961,0.7100006662267001,0.00018557046889190672
2003-04-09,0.022936646,0.8100007724962001,0.00021170715790135963
2003-04-10,0.023786151,0.8400007867197,0.0002195481599891537
2003-04-11,0.024352488,0.8600008079736,0.00022477549779104425
2003-04-12,0.024635657,0.8700008362579,0.00022738917130703132
2003-04-13,0.027467341,0.9700009072127,0.0002535258510864007
2003-04-14,0.026617836,0.9400008929892,0.0002456848489986066
2003-04-15,0.025485162,0.9000008504814,0.00023523017339482542
2003-04-16,0.026334667,0.9300008647049001,0.00024307117548261952
2003-04-17,0.025485162,0.9000008504814,0.00023523017339482542
2003-04-18,0.019255456,0.6800006520032,0.00017772946680411262
2003-04-19,0.02406932,0.8500008150040002,0.00022216183350514076
2003-04-20,0.028033678,0.9900009284666,0.00025875318888829126
2003-04-21,0.025201993,0.8900008221971,0.0002326164998788384
2003-04-22,0.017839613,0.6300005812111,0.0001646611176843444
2003-04-23,0.019538624,0.6900006449728001,0.00018034313109001614
2003-04-24,0.027467341,0.9700009072127,0.0002535258510864007
2003-04-25,0.02208714,0.780000722958,0.000203866146583482
2003-04-26,0.011609907,0.4100003827329,0.00010716041109363156
2003-04-27,0.012459413,0.44000043227110003,0.0001150014224115092
2003-04-28,0.013875255,0.49000046774850003,0.00012806976230119387
2003-04-29,0.013875255,0.49000046774850003,0.00012806976230119387
2003-04-30,0.015574266,0.5500005315102,0.0001437517757068656
2003-05-01,0.016706939,0.5900005387033,0.00015420644208056326
2003-05-02,0.019255456,0.6800006520032,0.00017772946680411262
2003-05-03,0.015007929,0.5300005102563,0.00013852443790497503
2003-05-04,0.016990108,0.6000005669876001,0.0001568201155965503
2003-05-05,0.01840595,0.650000602465,0.000169888455486235
2003-05-06,0.020954466,0.7400006804502001,0.00019341147097970085
2003-05-07,0.018972287,0.6700006237189001,0.00017511579328812558
2003-05-08,0.014441592,0.5100004890024,0.00013329710010308445
2003-05-09,0.010477233,0.37000034022510003,9.670573548985042e-05
2003-05-10,0.019255456,0.6800006520032,0.00017772946680411262
2003-05-11,0.016423771,0.5800005457337001,0.00015159277779465971
2003-05-12,0.016990108,0.6000005669876001,0.0001568201155965503
2003-05-13,0.02208714,0.780000722958,0.000203866146583482
2003-05-14,0.016423771,0.5800005457337001,0.00015159277779465971
2003-05-15,0.02038813,0.720000694511,0.00018818414240789376
2003-05-16,0.014441592,0.5100004890024,0.00013329710010308445
2003-05-17,0.011609907,0.4100003827329,0.00010716041109363156
2003-05-18,0.005380201,0.19000018425470003,4.965970450291873e-05
2003-05-19,0.013875255,0.49000046774850003,0.00012806976230119387
2003-05-20,0.006229706,0.22000019847820002,5.750070659071284e-05
2003-05-21,0.013592086,0.4800004394642,0.00012545608878520683
2003-05-22,0.005380201,0.19000018425470003,4.965970450291873e-05
2003-05-23,0.00368119,0.130000120493,3.3977691097247e-05
2003-05-24,0.007079212,0.25000024801640003,6.534171790859045e-05
2003-05-25,0.002831685,0.10000010626950001,2.6136689009452884e-05
2003-05-26,0.003114853,0.11000009923910001,2.875035329535642e-05
2003-05-27,0.005097032,0.1800001559704,4.7046030986931686e-05
2003-05-28,0.001699011,0.06000006376170001,1.568201340567173e-05
2003-05-29,0.001699011,0.06000006376170001,1.568201340567173e-05
2003-05-30,0.002265348,0.0800000850156,2.0909351207562306e-05
2003-05-31,,,
2003-06-01,,,
2003-06-02,,,
2003-06-03,,,
2003-06-04,,,
2003-06-05,,,
2003-06-06,,,
2003-06-07,,,
2003-06-08,,,
2003-06-09,,,
2003-06-10,,,
2003-06-11,,,
2003-06-12,,,
2003-06-13,,,
2003-06-14,,,
2003-06-15,,,
2003-06-16,,,
2003-06-17,,,
2003-06-18,,,
2003-06-19,,,
2003-06-20,,,
2003-06-21,,,
2003-06-22,,,
2003-06-23,,,
2003-06-24,,,
2003-06-25,,,
2003-06-26,,,
2003-06-27,,,
2003-06-28,,,
2003-06-29,,,
2003-06-30,,,
2003-07-01,,,
2003-07-02,,,
2003-07-03,,,
2003-07-04,,,
2003-07-05,,,
2003-07-06,,,
2003-07-07,,,
2003-07-08,,,
2003-07-09,,,
2003-07-10,,,
2003-07-11,,,
2003-07-12,,,
2003-07-13,,,
2003-07-14,,,
2003-07-15,,,
2003-07-16,,,
2003-07-17,,,
2003-07-18,,,
2003-07-19,,,
2003-07-20,,,
2003-07-21,,,
2003-07-22,,,
2003-07-23,,,
2003-07-24,,,
2003-07-25,,,
2003-07-26,,,
2003-07-27,,,
2003-07-28,,,
2003-07-29,1.209129349,42.7000402211303,0.011160364859444188
2003-07-30,0.33413879,11.800011127213,0.0030841289339121
2003-07-31,0.654119156,23.100021758393204,0.006037574432007019
2003-08-01,0.251453598,8.8800083772906,0.0023209377071369106
2003-08-02,1.200634296,42.400039972951205,0.011081954810875998
2003-08-03,1.359208636,48.000045217749204,0.01254560921080369
2003-08-04,0.934455938,33.00003111368861,0.008625106339350099
2003-08-05,0.314316997,11.1000104539559,0.0029011721293060967
2003-08-06,0.136770369,4.8300045501243005,0.0012624019268601965
2003-08-07,0.019538624,0.6900006449728001,0.00018034313109001614
2003-08-08,,,
2003-08-09,,,
2003-08-10,,,
2003-08-11,,,
2003-08-12,0.074190138,2.6200024664286,0.000684781168976914
2003-08-13,0.000566337,0.0200000212539,5.2273378018905765e-06
2003-08-14,,,
2003-08-15,,,
2003-08-16,4.162576449,147.0001385235003,0.03842092821962391
2003-08-17,0.679604318,24.000022608874602,0.006272804605401845
2003-08-18,0.16990108,6.000005669876001,0.001568201155965503
2003-08-19,0.040776259,1.4400013537073002,0.000376368275585704
2003-08-20,0.004247527,0.15000014174690002,3.9205028899137574e-05
2003-08-21,,,
2003-08-22,,,
2003-08-23,0.719247903,25.4000239200741,0.006638718205383767
2003-08-24,0.002831685,0.10000010626950001,2.6136689009452884e-05
2003-08-25,0.014158423,0.5000004607181,0.00013068342658709742
2003-08-26,0.339802159,12.000011304437301,0.0031364023027009224
2003-08-27,0.152344635,5.380005081634501,0.001406153702567062
2003-08-28,0.048988145,1.7300016442315,0.0004521646690980756
2003-08-29,0.021520803,0.7600007017041001,0.0001986388087815914
2003-08-30,0.001132674,0.0400000425078,1.0454675603781153e-05
2003-08-31,,,
2003-09-01,0.018972287,0.6700006237189001,0.00017511579328812558
2003-09-02,0.010477233,0.37000034022510003,9.670573548985042e-05
2003-09-03,,,
2003-09-04,,,
2003-09-05,,,
2003-09-06,2.038812955,72.0000678619385,0.01881841382543562
2003-09-07,0.031148531,1.1000010277057,0.0002875035421836477
2003-09-08,0.018122782,0.6400006094954,0.00016727479120033146
2003-09-09,0.071358453,2.5200023601591,0.0006586444799674612
2003-09-10,45.30695455,1600.001507846885,0.41818697384729103
2003-09-11,17.92456389,633.0005964061831,0.1654452214928564
2003-09-12,0.648455787,22.9000215811689,0.0059853010632181965
2003-09-13,0.141584233,5.0000047131251,0.0013068342935612246
2003-09-14,0.056633693,2.0000018781871,0.0005227337155784732
2003-09-15,0.028316847,1.0000009567509,0.0002613668624042783
2003-09-16,0.028316847,1.0000009567509,0.0002613668624042783
2003-09-17,0.007928717,0.28000026223990004,7.318271999638457e-05
2003-09-18,0.002265348,0.0800000850156,2.0909351207562306e-05
2003-09-19,0.001132674,0.0400000425078,1.0454675603781153e-05
2003-09-20,0.000283168,0.0099999929696,2.613664285903536e-06
2003-09-21,,,
2003-09-22,,,
2003-09-23,,,
2003-09-24,,,
2003-09-25,,,
2003-09-26,,,
2003-09-27,,,
2003-09-28,,,
2003-09-29,,,
2003-09-30,,,
2003-10-01,,,
2003-10-02,,,
2003-10-03,14.1584233,500.00047131251006,0.13068342935612248
2003-10-04,2.916635199,103.0000970621253,0.02692078643997716
2003-10-05,0.962772784,34.0000320351248,0.008886473192524294
2003-10-06,0.566336932,20.0000188525004,0.005227337174244898
2003-10-07,0.424752699,15.0000141393753,0.003920502880683674
2003-10-08,0.283168466,10.0000094262502,0.002613668587122449
2003-10-09,0.212376349,7.5000070520303,0.001960251435726795
2003-10-10,0.16990108,6.000005669876001,0.001568201155965503
2003-10-11,0.139885222,4.9400046493634004,0.0012911522801555529
2003-10-12,0.113267386,4.0000037563742,0.0010454674311569463
2003-10-13,0.099108963,3.5000032956561,0.0009147840045698487
2003-10-14,0.070792116,2.5000023389052,0.0006534171421655705
2003-10-15,0.056633693,2.0000018781871,0.0005227337155784732
2003-10-16,0.045306955,1.6000015237385001,0.0004181869780008287
2003-10-17,0.04247527,1.5000014174690002,0.00039205028899137577
2003-10-18,0.036811901,1.3000012402447,0.0003397769202025535
2003-10-19,0.033980216,1.2000011339752001,0.0003136402311931006
2003-10-20,0.028316847,1.0000009567509,0.0002613668624042783
2003-10-21,0.025485162,0.9000008504814,0.00023523017339482542
2003-10-22,0.02406932,0.8500008150040002,0.00022216183350514076
2003-10-23,0.022653477,0.8000007442119001,0.00020909348438537256
2003-10-24,0.021237635,0.7500007087345001,0.00019602514449568788
2003-10-25,0.019538624,0.6900006449728001,0.00018034313109001614
2003-10-26,0.011609907,0.4100003827329,0.00010716041109363156
2003-10-27,0.00368119,0.130000120493,3.3977691097247e-05
2003-10-28,0.040209922,1.4200013324534002,0.00037114093778381344
2003-10-29,0.021803972,0.7700007299884001,0.00020125248229757847
2003-10-30,0.025485162,0.9000008504814,0.00023523017339482542
2003-10-31,0.021520803,0.7600007017041001,0.0001986388087815914
2003-11-01,0.045023786,1.5900014954542,0.0004155733044848416
2003-11-02,0.066827758,2.3600022254426003,0.00061682578678242
2003-11-03,0.055784188,1.9700018639636,0.0005148927134906791
2003-11-04,0.054368345,1.9200017931715,0.0005018243643709108
2003-11-05,0.063429736,2.2400020979192004,0.0005854617599710765
2003-11-06,0.074190138,2.6200024664286,0.000684781168976914
2003-11-07,0.080136676,2.8300026719372005,0.0007396682112817233
2003-11-08,0.087215888,3.0800029199536003,0.0008050099291903139
2003-11-09,0.092879257,3.2800030971779006,0.0008572832979791362
2003-11-10,0.106188175,3.7500035436725,0.0009801257224784394
2003-11-11,0.111851544,3.9500037208968,0.0010323990912672616
2003-11-12,0.099392132,3.5100033239404,0.000917397678085836
2003-11-13,3.426338438,121.00011403643862,0.03162538989864359
2003-11-14,4.077625909,144.0001356885623,0.03763682764164115
2003-11-15,0.424752699,15.0000141393753,0.003920502880683674
2003-11-16,0.198217926,7.0000065913122,0.0018295680091396974
2003-11-17,0.141584233,5.0000047131251,0.0013068342935612246
2003-11-18,0.08495054,3.0000028349380004,0.0007841005779827515
2003-11-19,0.076455486,2.7000025514442,0.0007056905201844764
2003-11-20,0.059182209,2.0900019561723,0.0005462567310719389
2003-11-21,0.065695084,2.3200021829348003,0.0006063711111786389
2003-11-22,0.061164389,2.1600020482183,0.0005645524179935977
2003-11-23,0.047289134,1.6700015804698,0.00043648265569240383
2003-11-24,0.034829721,1.2300011481987,0.0003214812332808947
2003-11-25,0.039077248,1.3800012899456002,0.0003606862621800323
2003-11-26,0.030582194,1.0800010064518,0.00028227620438175716
2003-11-27,0.024635657,0.8700008362579,0.00022738917130703132
2003-11-28,0.021237635,0.7500007087345001,0.00019602514449568788
2003-11-29,0.026334667,0.9300008647049001,0.00024307117548261952
2003-11-30,0.029166352,1.0300009709744,0.0002692078644920724
2003-12-01,0.028600015,1.0100009497205,0.0002639805266901819
2003-12-02,0.030299026,1.0700010134822,0.0002796625400958536
2003-12-03,0.029166352,1.0300009709744,0.0002692078644920724
2003-12-04,0.02775051,0.9800009354970001,0.00025613952460238774
2003-12-05,0.04615646,1.6300015379620003,0.0004260279800886228
2003-12-06,0.098542626,3.4800032744022,0.0009095566667679582
2003-12-07,0.116948576,4.1300038768672005,0.0010794451222541932
2003-12-08,0.131390168,4.640004365869601,0.0012127422223572777
2003-12-09,0.130540663,4.610004351646101,0.0012049012202694836
2003-12-10,0.066261421,2.3400022041887003,0.0006115984489805295
2003-12-11,0.050687155,1.7900016726785,0.0004678466732736638
2003-12-12,0.047289134,1.6700015804698,0.00043648265569240383
2003-12-13,0.033697047,1.1900011056909001,0.0003110265576771135
2003-12-14,0.033697047,1.1900011056909001,0.0003110265576771135
2003-12-15,0.04247527,1.5000014174690002,0.00039205028899137577
2003-12-16,0.025485162,0.9000008504814,0.00023523017339482542
2003-12-17,0.034829721,1.2300011481987,0.0003214812332808947
2003-12-18,0.032564374,1.1500010984978,0.0003005718913034159
2003-12-19,0.031714868,1.1200010489596002,0.00029273087998553827
2003-12-20,0.034829721,1.2300011481987,0.0003214812332808947
2003-12-21,0.041059428,1.4500013819916002,0.00037898194910169103
2003-12-22,0.034263384,1.2100011269448,0.00031625389547900416
2003-12-23,0.037378238,1.3200012614986,0.00034500425800444403
2003-12-24,0.034263384,1.2100011269448,0.00031625389547900416
2003-12-25,0.040493091,1.4300013607377002,0.0003737546112998005
2003-12-26,0.311485313,11.0000103830011,0.0028750354495267272
2003-12-27,0.196802084,6.9500065558348,0.001816499669250013
2003-12-28,0.122895114,4.3400040823758,0.0011343321645590025
2003-12-29,0.052669335,1.8600017647245,0.0004861423601953226
2003-12-30,0.061447557,2.1700020411879,0.0005671660822795013
2003-12-31,0.056067356,1.9800018569332,0.0005175063777765825
2004-01-01,0.045306955,1.6000015237385001,0.0004181869780008287
2004-01-02,0.054934682,1.9400018144254,0.0005070517021728014
2004-01-03,0.073340633,2.5900024522051,0.0006769401668891199
2004-01-04,0.062863399,2.2200020766653,0.000580234422169186
2004-01-05,0.041342596,1.4600013749612002,0.0003815956133875946
2004-01-06,0.046722797,1.6500015592159003,0.00043125531789051335
2004-01-07,0.055501019,1.9600018356793,0.000512279039974692
2004-01-08,0.043324775,1.5300014316925001,0.00039989129107916987
2004-01-09,0.036245564,1.2800012189908,0.0003345495824006629
2004-01-10,0.033697047,1.1900011056909001,0.0003110265576771135
2004-01-11,0.036811901,1.3000012402447,0.0003397769202025535
2004-01-12,0.034829721,1.2300011481987,0.0003214812332808947
2004-01-13,0.045590123,1.6100015167081,0.0004208006422867322
2004-01-14,0.067110926,2.3700022184122003,0.0006194394510683236
2004-01-15,0.059748546,2.1100019774262,0.0005514840688738296
2004-01-16,0.053235672,1.8800017859784,0.0004913696979972132
2004-01-17,0.052952503,1.8700017576941,0.0004887560244812262
2004-01-18,0.13846938,4.890004613886,0.0012780839402658682
2004-01-19,0.092879257,3.2800030971779006,0.0008572832979791362
2004-01-20,0.17896247,6.3200059393090005,0.0016518385423355854
2004-01-21,0.182926829,6.460006088086301,0.0016884299069488194
2004-01-22,0.207562486,7.3300069243442,0.0019158190782558504
2004-01-23,0.168485237,5.950005599083901,0.0015551328068457348
2004-01-24,0.120629766,4.2600039973602,0.0011134228133514404
2004-01-25,0.12912482,4.560004280854001,0.0011918328711497156
2004-01-26,0.116948576,4.1300038768672005,0.0010794451222541932
2004-01-27,0.067677263,2.3900022396661003,0.0006246667888702141
2004-01-28,0.086649551,3.0600028986997003,0.0007997825913884232
2004-01-29,0.080136676,2.8300026719372005,0.0007396682112817233
2004-01-30,0.081835687,2.8900027356989004,0.0007553502246873951
2004-01-31,0.133655516,4.720004450885201,0.00123365157356484
2004-02-01,0.107604017,3.8000035791499003,0.000993194062368124
2004-02-02,0.116382239,4.1100038556133,0.0010742177844523027
2004-02-03,0.110435702,3.9000036854194002,0.0010193307513775768
2004-02-04,0.109019859,3.8500036146273002,0.0010062624022578088
2004-02-05,0.101091142,3.5700033523874,0.0009330796822614242
2004-02-06,0.099392132,3.5100033239404,0.000917397678085836
2004-02-07,0.081835687,2.8900027356989004,0.0007553502246873951
2004-02-08,0.080136676,2.8300026719372005,0.0007396682112817233
2004-02-09,0.104772332,3.7000034728804,0.0009670573733586711
2004-02-10,0.080703013,2.8500026931911004,0.000744895549083614
2004-02-11,0.096277278,3.4000031893866,0.000888647315560396
2004-02-12,0.11440006,4.040003798882,0.0010559221067607276
2004-02-13,0.069376274,2.4500023034278002,0.0006403488022758858
2004-02-14,0.072774296,2.5700024309512,0.0006717128290872293
2004-02-15,0.062013894,2.1900020624418,0.0005723934200813918
2004-02-16,0.078437665,2.7700026081755005,0.0007239861978760516
2004-02-17,0.054368345,1.9200017931715,0.0005018243643709108
2004-02-18,0.094578268,3.3400031609396,0.0008729653113848077
2004-02-19,0.250604092,8.8500083277524,0.002313096695819033
2004-02-20,0.447406176,15.8000148835872,0.004129596365069046
2004-02-21,0.41342596,14.600013749612,0.0038159561338759456
2004-02-22,0.399267537,14.100013288893901,0.0036852727072888484
2004-02-23,0.410594276,14.5000136786572,0.0037898194540965766
2004-02-24,0.470059653,16.600015627799102,0.00433868984945442
2004-02-25,0.396435852,14.0000131826244,0.003659136018279395
2004-02-26,0.387940798,13.7000128991306,0.00358072596048112
2004-02-27,0.27693876,9.780009227772,0.0025561678805317363
2004-02-28,0.174431775,6.160005804592501,0.0016100198491505442
2004-02-29,0.286000151,10.1000095325197,0.002639805276131902
2004-03-01,0.336970474,11.900011198167801,0.0031102656136914697
2004-03-02,0.165936721,5.8600055210987,0.001531609791352269
2004-03-03,0.130257494,4.600004323361801,0.0012022875467534964
2004-03-04,0.127708978,4.5100042453766,0.0011787645312600309
2004-03-05,0.140734728,4.9700046989016,0.0012989932914734305
2004-03-06,0.125726799,4.4400041886453,0.0011604688535684553
2004-03-07,0.059748546,2.1100019774262,0.0005514840688738296
2004-03-08,0.080419844,2.8400026649068004,0.0007422818755676269
2004-03-09,0.078154497,2.7600026152059,0.0007213725335901482
2004-03-10,0.027467341,0.9700009072127,0.0002535258510864007
2004-03-11,0.041625764,1.4700013679308002,0.0003842092776734982
2004-03-12,0.051536661,1.8200017222167,0.00047568768459154147
2004-03-13,0.050403987,1.7800016797089,0.00046523300898776025
2004-03-14,0.061164389,2.1600020482183,0.0005645524179935977
2004-03-15,0.04983765,1.760001658455,0.0004600056711858697
2004-03-16,0.023502983,0.8300007937501,0.00021693449570325018
2004-03-17,0.064845579,2.2900021687113004,0.0005985301090908448
2004-03-18,0.032847542,1.1600010914674002,0.00030318555558931943
2004-03-19,0.026617836,0.9400008929892,0.0002456848489986066
2004-03-20,0.024635657,0.8700008362579,0.00022738917130703132
2004-03-21,0.02406932,0.8500008150040002,0.00022216183350514076
2004-03-22,0.02576833,0.910000843451,0.00023784383768072896
2004-03-23,0.024635657,0.8700008362579,0.00022738917130703132
2004-03-24,0.021520803,0.7600007017041001,0.0001986388087815914
2004-03-25,0.018972287,0.6700006237189001,0.00017511579328812558
2004-03-26,0.01472476,0.520000481972,0.000135910764388988
2004-03-27,0.02038813,0.720000694511,0.00018818414240789376
2004-03-28,0.022653477,0.8000007442119001,0.00020909348438537256
2004-03-29,0.022936646,0.8100007724962001,0.00021170715790135963
2004-03-30,0.02406932,0.8500008150040002,0.00022216183350514076
2004-03-31,0.024352488,0.8600008079736,0.00022477549779104425
2004-04-01,0.028883184,1.0200009780048,0.0002665942002061689
2004-04-02,0.037095069,1.3100012332143,0.000342390584488457
2004-04-03,0.521029977,18.4000173287619,0.00480915019624407
2004-04-04,0.142433738,5.030004727348601,0.001314675295649019
2004-04-05,0.08495054,3.0000028349380004,0.0007841005779827515
2004-04-06,0.150079287,5.300004996618901,0.0013852443513594998
2004-04-07,1.268594727,44.800042205586905,0.011709235264032116
2004-04-08,0.951446045,33.6000316453615,0.008781926445716567
2004-04-09,0.74756475,26.400024876825,0.006900085067788045
2004-04-10,0.159423846,5.6300052943362004,0.001471495411245569
2004-04-11,0.062297063,2.2000020907261,0.000575007093597379
2004-04-12,0.02775051,0.9800009354970001,0.00025613952460238774
2004-04-13,0.013592086,0.4800004394642,0.00012545608878520683
2004-04-14,0.008778222,0.31000027646340006,8.102372208417869e-05
2004-04-15,0.005663369,0.2000001772243,5.227336878882226e-05
2004-04-16,0.005097032,0.1800001559704,4.7046030986931686e-05
2004-04-17,0.004813864,0.1700001630008,4.4432366701028156e-05
2004-04-18,0.004530695,0.16000013471650001,4.181869318504111e-05
2004-04-19,0.005663369,0.2000001772243,5.227336878882226e-05
2004-04-20,0.005663369,0.2000001772243,5.227336878882226e-05
2004-04-21,0.005380201,0.19000018425470003,4.965970450291873e-05
2004-04-22,0.005380201,0.19000018425470003,4.965970450291873e-05
2004-04-23,0.787208335,27.8000261880245,0.007265998667769968
2004-04-24,0.608812202,21.5000202699694,0.005619387463236274
2004-04-25,0.165370384,5.840005499844801,0.0015263824535503784
2004-04-26,0.097126784,3.4300032389248,0.0008964883268782736
2004-04-27,0.02406932,0.8500008150040002,0.00022216183350514076
2004-04-28,0.007079212,0.25000024801640003,6.534171790859045e-05
2004-04-29,0.008778222,0.31000027646340006,8.102372208417869e-05
2004-04-30,0.005946538,0.21000020550860002,5.4887042304809305e-05
2004-05-01,,,
2004-05-02,0.004530695,0.16000013471650001,4.181869318504111e-05
2004-05-03,0.002548516,0.0900000779852,2.3523015493465843e-05
2004-05-04,,,
2004-05-05,0.042758438,1.5100014104386001,0.0003946639532772793
2004-05-06,0.001415842,0.05000003547740001,1.306833988968469e-05
2004-05-07,,,
2004-05-08,,,
2004-05-09,,,
2004-05-10,,,
2004-05-11,,,
2004-05-12,0.001132674,0.0400000425078,1.0454675603781153e-05
2004-05-13,0.00368119,0.130000120493,3.3977691097247e-05
2004-05-14,0.004247527,0.15000014174690002,3.9205028899137574e-05
2004-05-15,0.005380201,0.19000018425470003,4.965970450291873e-05
2004-05-16,0.003114853,0.11000009923910001,2.875035329535642e-05
2004-05-17,0.001982179,0.07000005673130001,1.8295677691575268e-05
2004-05-18,0.001699011,0.06000006376170001,1.568201340567173e-05
2004-05-19,,,
2004-05-20,,,
2004-05-21,,,
2004-05-22,,,
2004-05-23,,,
2004-05-24,,,
2004-05-25,,,
2004-05-26,,,
2004-05-27,,,
2004-05-28,,,
2004-05-29,,,
2004-05-30,,,
2004-05-31,,,
2004-06-01,,,
2004-06-02,,,
2004-06-03,,,
2004-06-04,,,
2004-06-05,,,
2004-06-06,,,
2004-06-07,,,
2004-06-08,,,
2004-06-09,,,
2004-06-10,,,
2004-06-11,,,
2004-06-12,,,
2004-06-13,,,
2004-06-14,,,
2004-06-15,,,
2004-06-16,,,
2004-06-17,,,
2004-06-18,,,
2004-06-19,,,
2004-06-20,,,
2004-06-21,,,
2004-06-22,,,
2004-06-23,,,
2004-06-24,,,
2004-06-25,,,
2004-06-26,,,
2004-06-27,,,
2004-06-28,,,
2004-06-29,0.198784263,7.0200066125661,0.0018347953469415883
2004-06-30,0.056916862,2.0100019064714,0.0005253473890944601
2004-07-01,0.001132674,0.0400000425078,1.0454675603781153e-05
2004-07-02,,,
2004-07-03,,,
2004-07-04,,,
2004-07-05,,,
2004-07-06,,,
2004-07-07,,,
2004-07-08,,,
2004-07-09,,,
2004-07-10,,,
2004-07-11,,,
2004-07-12,,,
2004-07-13,,,
2004-07-14,,,
2004-07-15,,,
2004-07-16,0.608812202,21.5000202699694,0.005619387463236274
2004-07-17,0.866495506,30.6000288457382,0.007997825876963897
2004-07-18,0.237578343,8.390007909542101,0.0021928679448357173
2004-07-19,0.077304991,2.7300025656677,0.0007135315222722705
2004-07-20,0.217190213,7.6700072150311005,0.0020046838024278236
2004-07-21,0.15687533,5.540005216351001,0.0014479723957521032
2004-07-22,0.02208714,0.780000722958,0.000203866146583482
2004-07-23,0.002831685,0.10000010626950001,2.6136689009452884e-05
2004-07-24,0.000849505,0.0300000142235,7.841002087794113e-06
2004-07-25,,,
2004-07-26,0.026051499,0.9200008717353,0.000240457511196716
2004-07-27,0.094578268,3.3400031609396,0.0008729653113848077
2004-07-28,0.976931207,34.5000324958429,0.009017156619111392
2004-07-29,0.305821943,10.8000101704621,0.0028227620715078217
2004-07-30,0.070792116,2.5000023389052,0.0006534171421655705
2004-07-31,0.005380201,0.19000018425470003,4.965970450291873e-05
2004-08-01,,,
2004-08-02,,,
2004-08-03,,,
2004-08-04,,,
2004-08-05,,,
2004-08-06,,,
2004-08-07,2.831684659,100.0000942271873,0.02613668586199441
2004-08-08,0.509703239,18.0000169743133,0.004704603458666426
2004-08-09,0.08495054,3.0000028349380004,0.0007841005779827515
2004-08-10,0.005663369,0.2000001772243,5.227336878882226e-05
2004-08-11,,,
2004-08-12,,,
2004-08-13,,,
2004-08-14,,,
2004-08-15,,,
2004-08-16,,,
2004-08-17,0.095427773,3.3700031751631,0.0008808063134726018
2004-08-18,0.971267838,34.300032318618605,0.008964883250322568
2004-08-19,0.421921014,14.9000140331058,0.003894366191674221
2004-08-20,0.159990183,5.650005315590101,0.0014767227490474597
2004-08-21,0.172449596,6.090005747861201,0.001591724171458969
2004-08-22,0.115532734,4.0800038413898,0.0010663767823645084
2004-08-23,0.066827758,2.3600022254426003,0.00061682578678242
2004-08-24,0.007928717,0.28000026223990004,7.318271999638457e-05
2004-08-25,,,
2004-08-26,,,
2004-08-27,,,
2004-08-28,,,
2004-08-29,,,
2004-08-30,,,
2004-08-31,,,
2004-09-01,,,
2004-09-02,,,
2004-09-03,,,
2004-09-04,0.068809937,2.4300022821739002,0.0006351214644739953
2004-09-05,1.682020688,59.4000559905136,0.015525191407138145
2004-09-06,0.141867401,5.0100047060947,0.001309447957847128
2004-09-07,,,
2004-09-08,,,
2004-09-09,,,
2004-09-10,,,
2004-09-11,,,
2004-09-12,,,
2004-09-13,0.036811901,1.3000012402447,0.0003397769202025535
2004-09-14,0.016990108,0.6000005669876001,0.0001568201155965503
2004-09-15,0.008211886,0.2900002905242,7.57963935123716e-05
2004-09-16,0.00368119,0.130000120493,3.3977691097247e-05
2004-09-17,0.002831685,0.10000010626950001,2.6136689009452884e-05
2004-09-18,0.001982179,0.07000005673130001,1.8295677691575268e-05
2004-09-19,4.955448154,175.0001649240638,0.045739200265412776
2004-09-20,22.28535827,787.0007416975691,0.2056957177677704
2004-09-21,7.249112728,256.00024125550163,0.06690991581556657
2004-09-22,0.679604318,24.000022608874602,0.006272804605401845
2004-09-23,0.197368421,6.9700065770887,0.0018217270070519037
2004-09-24,0.095427773,3.3700031751631,0.0008808063134726018
2004-09-25,0.037378238,1.3200012614986,0.00034500425800444403
2004-09-26,0.010760402,0.38000036850940005,9.931940900583746e-05
2004-09-27,0.006796043,0.2400002197321,6.272804439260342e-05
2004-09-28,0.003964359,0.1400001487773,3.659136461323404e-05
2004-09-29,5.380200852,190.0001790281244,0.04965970313686637
2004-09-30,24.918825,880.0008292274999,0.23000283559293486
2004-10-01,4.360794375,154.0001451148125,0.0402504962287636
2004-10-02,1.08170354,38.200036004038,0.009984214001700145
2004-10-03,0.302990259,10.7000100995073,0.0027966253917284523
2004-10-04,0.019821793,0.7000006732571,0.0001829568046060032
2004-10-05,0.001699011,0.06000006376170001,1.568201340567173e-05
2004-10-06,,,
2004-10-07,,,
2004-10-08,,,
2004-10-09,0.175564449,6.200005847100301,0.0016204745247543253
2004-10-10,0.000283168,0.0099999929696,2.613664285903536e-06
2004-10-11,0.048704976,1.7200016159472,0.0004495509955820885
2004-10-12,0.000283168,0.0099999929696,2.613664285903536e-06
2004-10-13,,,
2004-10-14,,,
2004-10-15,,,
2004-10-16,,,
2004-10-17,,,
2004-10-18,,,
2004-10-19,,,
2004-10-20,,,
2004-10-21,,,
2004-10-22,,,
2004-10-23,,,
2004-10-24,0.130257494,4.600004323361801,0.0012022875467534964
2004-10-25,0.020671298,0.7300006874806001,0.0001907978066937973
2004-10-26,0.015007929,0.5300005102563,0.00013852443790497503
2004-10-27,0.013592086,0.4800004394642,0.00012545608878520683
2004-10-28,0.040776259,1.4400013537073002,0.000376368275585704
2004-10-29,1.214792719,42.900040433669304,0.011212638237463097
2004-10-30,1.342218528,47.40004465076161,0.01238878909520714
2004-10-31,0.812693497,28.700027038505905,0.0075012288411647945
2004-11-01,0.464396284,16.400015450574802,0.004286416480665597
2004-11-02,0.257966472,9.110008568738401,0.0023810520780135273
2004-11-03,0.048988145,1.7300016442315,0.0004521646690980756
2004-11-04,0.012742581,0.4500004252407,0.00011761508669741271
2004-11-05,0.008211886,0.2900002905242,7.57963935123716e-05
2004-11-06,0.010194065,0.3600003472555,9.409207120394688e-05
2004-11-07,0.009910896,0.35000031897120004,9.147839768795984e-05
2004-11-08,0.070792116,2.5000023389052,0.0006534171421655705
2004-11-09,2.66178358,94.000088592626,0.024568484715258986
2004-11-10,0.331307105,11.700011020943501,0.003057992244902647
2004-11-11,0.198501095,7.0100066195965,0.0018321816826556848
2004-11-12,0.039926754,1.4100013394838002,0.0003685272734979099
2004-11-13,0.382277429,13.5000127219063,0.003528452591692298
2004-11-14,0.193120894,6.8200064353418,0.001782521978152766
2004-11-15,0.104772332,3.7000034728804,0.0009670573733586711
2004-11-16,0.082968361,2.9300027782067004,0.0007658049002911762
2004-11-17,0.052952503,1.8700017576941,0.0004887560244812262
2004-11-18,0.085233708,3.0100028279076003,0.0007867142422686551
2004-11-19,0.048421808,1.7100016229776,0.00044693733129618505
2004-11-20,0.054934682,1.9400018144254,0.0005070517021728014
2004-11-21,0.132806011,4.690004436661701,0.001225810571477046
2004-11-22,1.002416369,35.40003334632431,0.009252386792506218
2004-11-23,0.572000301,20.2000190297247,0.00527961054303372
2004-11-24,0.226817941,8.0100075410327,0.00209354853582988
2004-11-25,0.163954542,5.7900054643674,0.0015133141136606937
2004-11-26,0.160839689,5.6800053651283005,0.0014845637603653375
2004-11-27,0.154609982,5.4600051313354,0.001427063044544541
2004-11-28,0.145265423,5.1300048336181,0.0013408119846584716
2004-11-29,0.047855471,1.6900016017237,0.00044170999349429446
2004-11-30,0.022936646,0.8100007724962001,0.00021170715790135963
2004-12-01,0.01472476,0.520000481972,0.000135910764388988
2004-12-02,0.021803972,0.7700007299884001,0.00020125248229757847
2004-12-03,0.015007929,0.5300005102563,0.00013852443790497503
2004-12-04,0.007079212,0.25000024801640003,6.534171790859045e-05
2004-12-05,0.021803972,0.7700007299884001,0.00020125248229757847
2004-12-06,0.022936646,0.8100007724962001,0.00021170715790135963
2004-12-07,0.024352488,0.8600008079736,0.00022477549779104425
2004-12-08,0.028316847,1.0000009567509,0.0002613668624042783
2004-12-09,0.02406932,0.8500008150040002,0.00022216183350514076
2004-12-10,0.022936646,0.8100007724962001,0.00021170715790135963
2004-12-11,0.020671298,0.7300006874806001,0.0001907978066937973
2004-12-12,0.161406026,5.700005386382201,0.001489791098167228
2004-12-13,0.151211961,5.340005039126701,0.001395699026963281
2004-12-14,0.187457524,6.6200062228028,0.0017302486001338601
2004-12-15,0.192271388,6.7900063858036,0.0017746809668348882
2004-12-16,0.13478819,4.760004493393001,0.0012441062491686213
2004-12-17,0.068809937,2.4300022821739002,0.0006351214644739953
2004-12-18,0.039926754,1.4100013394838002,0.0003685272734979099
2004-12-19,0.025485162,0.9000008504814,0.00023523017339482542
2004-12-20,0.018972287,0.6700006237189001,0.00017511579328812558
2004-12-21,0.024352488,0.8600008079736,0.00022477549779104425
2004-12-22,0.010477233,0.37000034022510003,9.670573548985042e-05
2004-12-23,0.00736238,0.260000240986,6.7955382194494e-05
2004-12-24,0.01104357,0.390000361479,0.000101933073291741
2004-12-25,0.010477233,0.37000034022510003,9.670573548985042e-05
2004-12-26,0.01104357,0.390000361479,0.000101933073291741
2004-12-27,0.014441592,0.5100004890024,0.00013329710010308445
2004-12-28,0.022653477,0.8000007442119001,0.00020909348438537256
2004-12-29,0.078437665,2.7700026081755005,0.0007239861978760516
2004-12-30,8.438420284,298.0002808033748,0.07788732387040474
2004-12-31,1.843426713,65.1000613415811,0.01701498249607529
2005-01-01,0.770218227,27.2000256210369,0.007109178552173418
2005-01-02,0.484218077,17.100016123831903,0.0044693732852716
2005-01-03,0.353960582,12.500011765155401,0.00326708572928802
2005-01-04,0.26391301,9.320008774247,0.0024359391203183367
2005-01-05,0.26391301,9.320008774247,0.0024359391203183367
2005-01-06,0.199916937,7.0600066550739,0.0018452500225453693
2005-01-07,0.212659518,7.5100070803146,0.001962865109242782
2005-01-08,0.161406026,5.700005386382201,0.001489791098167228
2005-01-09,0.181510987,6.4100060526089,0.0016753615670591347
2005-01-10,0.267311032,9.440008901770401,0.00246730314712968
2005-01-11,0.351128898,12.400011694200602,0.0032409490495086506
2005-01-12,0.444574491,15.700014777317701,0.004103459676059593
2005-01-13,0.521029977,18.4000173287619,0.00480915019624407
2005-01-14,0.560673563,19.800018675276103,0.0051750638054560765
2005-01-15,0.481386392,17.0000160175624,0.004443236596262147
2005-01-16,0.2307823,8.15000768981,0.0021301399004431134
2005-01-17,0.300158574,10.600009993237801,0.0027704887027189995
2005-01-18,0.281752624,9.9500093907728,0.002600600247232765
2005-01-19,0.211243676,7.4600070448372,0.0019497967693530972
2005-01-20,0.1993506,7.04000663382,0.001840022684743479
2005-01-21,0.136770369,4.8300045501243005,0.0012624019268601965
2005-01-22,0.178396134,6.3000059533698005,0.0016466112137637782
2005-01-23,0.176413954,6.230005861323801,0.0016283155268421194
2005-01-24,0.14215057,5.020004734379,0.0013120616313631152
2005-01-25,0.15319414,5.410005095858001,0.0014139947046548562
2005-01-26,0.153477309,5.420005124142301,0.0014166083781708434
2005-01-27,0.194253568,6.8600064778496,0.001792976653756547
2005-01-28,0.450237861,15.900014989856702,0.0041557330540784995
2005-01-29,0.461564599,16.3000153443053,0.004260279791656144
2005-01-30,0.410594276,14.5000136786572,0.0037898194540965766
2005-01-31,0.29166352,10.300009709744002,0.0026920786449207246
2005-02-01,0.259382315,9.1600086395305,0.0023941204271332953
2005-02-02,0.137903043,4.8700045926321005,0.0012728566024639777
2005-02-03,0.112984218,3.9900037634046,0.0010428537668710428
2005-02-04,0.074473307,2.6300024947129,0.0006873948424929011
2005-02-05,0.101940648,3.6000034019256,0.0009409206935793017
2005-02-06,0.191138714,6.7500063432958,0.0017642262912311072
2005-02-07,0.297326889,10.5000098869683,0.0027443520137095463
2005-02-08,0.351128898,12.400011694200602,0.0032409490495086506
2005-02-09,0.430416068,15.200014316599601,0.003972776249472496
2005-02-10,0.351128898,12.400011694200602,0.0032409490495086506
2005-02-11,0.27127539,9.580009015233001,0.0025038945025128304
2005-02-12,0.982594577,34.7000327083819,0.009069429997130295
2005-02-13,17.35822696,613.000577624312,0.16021788433707165
2005-02-14,4.559012301,161.0001517061247,0.0420800642379033
2005-02-15,0.566336932,20.0000188525004,0.005227337174244898
2005-02-16,0.872158875,30.8000290229625,0.00805009924575272
2005-02-17,3.086536279,109.00010273200131,0.028488987595942664
2005-02-18,0.453069545,16.000015060811503,0.004181869733857869
2005-02-19,0.339802159,12.000011304437301,0.0031364023027009224
2005-02-20,13.70535375,484.00045607512504,0.12650155957611417
2005-02-21,5.181982926,183.0001724368122,0.04783013512772667
2005-02-22,0.050687155,1.7900016726785,0.0004678466732736638
2005-02-23,0.00368119,0.130000120493,3.3977691097247e-05
2005-02-24,0.218039719,7.7000072645693,0.002012524813745701
2005-02-25,0.588990409,20.8000195967123,0.005436430658630271
2005-02-26,0.509703239,18.0000169743133,0.004704603458666426
2005-02-27,0.424752699,15.0000141393753,0.003920502880683674
2005-02-28,0.311485313,11.0000103830011,0.0028750354495267272
2005-03-01,0.254851619,9.0000084694993,0.0023523017247181707
2005-03-02,0.190006041,6.7100063361027,0.0017537716248574096
2005-03-03,0.16990108,6.000005669876001,0.001568201155965503
2005-03-04,0.163105036,5.760005414829201,0.001505473102342816
2005-03-05,0.163954542,5.7900054643674,0.0015133141136606937
2005-03-06,0.19198822,6.780006392834,0.0017720673025489848
2005-03-07,0.170750585,6.030005684099501,0.0015760421580532972
2005-03-08,0.212093181,7.4900070590607,0.0019576377714408916
2005-03-09,0.161689194,5.7100053793518,0.0014924047624531314
2005-03-10,0.114683229,4.0500038271663,0.0010585357802767145
2005-03-11,0.09599411,3.390003196417,0.0008860336512744924
2005-03-12,0.091463414,3.2300030263858006,0.0008442149488593678
2005-03-13,0.080986181,2.8600026861607004,0.0007475092133695174
2005-03-14,0.061730726,2.1800020694722,0.0005697797557954883
2005-03-15,0.042758438,1.5100014104386001,0.0003946639532772793
2005-03-16,0.036528732,1.2900012119604,0.00033716324668656643
2005-03-17,0.041059428,1.4500013819916002,0.00037898194910169103
2005-03-18,0.04247527,1.5000014174690002,0.00039205028899137577
2005-03-19,0.043041607,1.5200014387229002,0.00039727762679326635
2005-03-20,0.056067356,1.9800018569332,0.0005175063777765825
2005-03-21,0.052386166,1.8500017364402,0.00048352868667933557
2005-03-22,0.054368345,1.9200017931715,0.0005018243643709108
2005-03-23,0.100241637,3.5400033381639,0.00092523868017363
2005-03-24,0.078437665,2.7700026081755005,0.0007239861978760516
2005-03-25,0.075889149,2.6800025301903,0.0007004631823825857
2005-03-26,0.07022578,2.4800023529660002,0.0006481898135937635
2005-03-27,0.090047572,3.1800029909084,0.0008311466089696832
2005-03-28,0.205297138,7.2500068393286,0.0018949097270482883
2005-03-29,0.093445594,3.3000031184318006,0.0008625106357810267
2005-03-30,0.155176319,5.4800051525893005,0.0014322903823464316
2005-03-31,0.308653628,10.900010276731601,0.002848898760517275
2005-04-01,0.201615948,7.1200067188356,0.001860932035951041
2005-04-02,0.105055501,3.7100035011647,0.0009696710468746582
2005-04-03,0.058615872,2.0700019349184,0.0005410293932700484
2005-04-04,0.039077248,1.3800012899456002,0.0003606862621800323
2005-04-05,0.031998037,1.1300010772439,0.00029534455350152533
2005-04-06,0.023219814,0.8200007654658,0.00021432082218726312
2005-04-07,0.024352488,0.8600008079736,0.00022477549779104425
2005-04-08,0.019538624,0.6900006449728001,0.00018034313109001614
2005-04-09,0.02038813,0.720000694511,0.00018818414240789376
2005-04-10,0.030015857,1.0600009851979,0.0002770488665798665
2005-04-11,0.023786151,0.8400007867197,0.0002195481599891537
2005-04-12,0.02208714,0.780000722958,0.000203866146583482
2005-04-13,0.023786151,0.8400007867197,0.0002195481599891537
2005-04-14,0.02208714,0.780000722958,0.000203866146583482
2005-04-15,0.021803972,0.7700007299884001,0.00020125248229757847
2005-04-16,1.251604619,44.2000416385993,0.011552415148435566
2005-04-17,3.511288977,124.0001168360619,0.03240949046739625
2005-04-18,3.511288977,124.0001168360619,0.03240949046739625
2005-04-19,5.210299773,184.0001733935631,0.04809150199013095
2005-04-20,6.22970625,220.00020730687498,0.057500708898233714
2005-04-21,3.058219432,108.0001017752504,0.028227620733538385
2005-04-22,1.911387145,67.50006360953151,0.017642262958461493
2005-04-23,3.398021591,120.00011307968771,0.03136402303623931
2005-04-24,2.673110318,94.40008894707461,0.024673031452836634
2005-04-25,4.275843835,151.0001422798745,0.03946639565078085
2005-04-26,4.105942756,145.0001366453132,0.037898194504045433
2005-04-27,2.582496409,91.20008593491231,0.02383665750606506
2005-04-28,2.973268892,105.00009894031241,0.027443520155555637
2005-04-29,2.299327943,81.20007650866211,0.02122298891894261
2005-04-30,1.781129651,62.90005928616971,0.016439975411707997
2005-05-01,1.840595028,65.0000612353116,0.016988845807065837
2005-05-02,1.585743409,56.000052765812306,0.014636544082347666
2005-05-03,0.860832136,30.400028633199202,0.007945552498944993
2005-05-04,0.336970474,11.900011198167801,0.0031102656136914697
2005-05-05,0.246356565,8.700008186005501,0.0022738916669198957
2005-05-06,0.152910972,5.4000051028884,0.0014113810403689527
2005-05-07,0.107604017,3.8000035791499003,0.000993194062368124
2005-05-08,0.08495054,3.0000028349380004,0.0007841005779827515
2005-05-09,0.056633693,2.0000018781871,0.0005227337155784732
2005-05-10,0.033980216,1.2000011339752001,0.0003136402311931006
2005-05-11,0.028316847,1.0000009567509,0.0002613668624042783
2005-05-12,0.016990108,0.6000005669876001,0.0001568201155965503
2005-05-13,0.011893076,0.42000041101720004,0.00010977408460961861
2005-05-14,0.032847542,1.1600010914674002,0.00030318555558931943
2005-05-15,0.032564374,1.1500010984978,0.0003005718913034159
2005-05-16,0.024352488,0.8600008079736,0.00022477549779104425
2005-05-17,0.009627728,0.3400003260016,8.886473340205631e-05
2005-05-18,0.013308918,0.4700004464946,0.0001228424244993033
2005-05-19,0.017839613,0.6300005812111,0.0001646611176843444
2005-05-20,0.015007929,0.5300005102563,0.00013852443790497503
2005-05-21,0.007645549,0.2700002692703,7.056905571048104e-05
2005-05-22,0.008211886,0.2900002905242,7.57963935123716e-05
2005-05-23,0.004813864,0.1700001630008,4.4432366701028156e-05
2005-05-24,0.001132674,0.0400000425078,1.0454675603781153e-05
2005-05-25,,,
2005-05-26,,,
2005-05-27,0.000283168,0.0099999929696,2.613664285903536e-06
2005-05-28,,,
2005-05-29,,,
2005-05-30,,,
2005-05-31,,,
2005-06-01,,,
2005-06-02,,,
2005-06-03,,,
2005-06-04,,,
2005-06-05,,,
2005-06-06,,,
2005-06-07,,,
2005-06-08,,,
2005-06-09,,,
2005-06-10,,,
2005-06-11,0.035396058,1.2500011694526,0.00032670857108278527
2005-06-12,0.00368119,0.130000120493,3.3977691097247e-05
2005-06-13,,,
2005-06-14,,,
2005-06-15,,,
2005-06-16,,,
2005-06-17,,,
2005-06-18,,,
2005-06-19,,,
2005-06-20,,,
2005-06-21,,,
2005-06-22,,,
2005-06-23,,,
2005-06-24,,,
2005-06-25,,,
2005-06-26,,,
2005-06-27,,,
2005-06-28,,,
2005-06-29,,,
2005-06-30,,,
2005-07-01,,,
2005-07-02,,,
2005-07-03,,,
2005-07-04,,,
2005-07-05,,,
2005-07-06,,,
2005-07-07,,,
2005-07-08,,,
2005-07-09,,,
2005-07-10,,,
2005-07-11,,,
2005-07-12,,,
2005-07-13,,,
2005-07-14,,,
2005-07-15,,,
2005-07-16,,,
2005-07-17,,,
2005-07-18,,,
2005-07-19,,,
2005-07-20,,,
2005-07-21,,,
2005-07-22,,,
2005-07-23,,,
2005-07-24,,,
2005-07-25,0.659782526,23.3000219709322,0.006089847810025925
2005-07-26,2.831684659,100.0000942271873,0.02613668586199441
2005-07-27,1.274258097,45.0000424181259,0.011761508642051022
2005-07-28,0.32847542,11.600010914674002,0.0030318555558931947
2005-07-29,0.137903043,4.8700045926321005,0.0012728566024639777
2005-07-30,0.096843615,3.4200032106405,0.0008938746533622865
2005-07-31,0.096843615,3.4200032106405,0.0008938746533622865
2005-08-01,0.096843615,3.4200032106405,0.0008938746533622865
2005-08-02,1.177980818,41.6000391934246,0.010872861317260542
2005-08-03,1.418674014,50.10004720220581,0.013094479615391617
2005-08-04,0.682436003,24.1000227151441,0.006298941294411297
2005-08-05,0.184909008,6.530006144817601,0.0017067255846403946
2005-08-06,0.212093181,7.4900070590607,0.0019576377714408916
2005-08-07,1.645208787,58.1000547502689,0.01518541448693559
2005-08-08,0.795703389,28.1000264715183,0.007344408725568245
2005-08-09,0.186608019,6.590006208579301,0.0017224075980460662
2005-08-10,1.699010796,60.0000565575012,0.015682011522734695
2005-08-11,8.948123523,316.0002977776881,0.08259192732907118
2005-08-12,9.825945767,347.0003269778749,0.09069429994361272
2005-08-13,3.228120511,114.00010740981172,0.02979582188027381
2005-08-14,0.036811901,1.3000012402447,0.0003397769202025535
2005-08-15,0.005380201,0.19000018425470003,4.965970450291873e-05
2005-08-16,0.002831685,0.10000010626950001,2.6136689009452884e-05
2005-08-17,3.851091137,136.0001281758139,0.03554589277932726
2005-08-18,0.185758514,6.560006194355801,0.0017145665959582724
2005-08-19,0.083817866,2.9600027924302004,0.0007736459023789704
2005-08-20,0.019821793,0.7000006732571,0.0001829568046060032
2005-08-21,0.039926754,1.4100013394838002,0.0003685272734979099
2005-08-22,0.027184173,0.9600009142431,0.00025091218680049716
2005-08-23,0.001982179,0.07000005673130001,1.8295677691575268e-05
2005-08-24,,,
2005-08-25,,,
2005-08-26,,,
2005-08-27,,,
2005-08-28,,,
2005-08-29,,,
2005-08-30,,,
2005-08-31,,,
2005-09-01,,,
2005-09-02,,,
2005-09-03,,,
2005-09-04,,,
2005-09-05,0.521029977,18.4000173287619,0.00480915019624407
2005-09-06,0.235596164,8.3200078528108,0.002174572267144142
2005-09-07,0.200483274,7.0800066763278,0.00185047736034726
2005-09-08,0.07022578,2.4800023529660002,0.0006481898135937635
2005-09-09,0.815525182,28.800027144775402,0.007527365530174248
2005-09-10,1.435664122,50.700047769193404,0.013251299730988165
2005-09-11,1.636713733,57.8000544667751,0.015107004429137316
2005-09-12,0.02038813,0.720000694511,0.00018818414240789376
2005-09-13,0.000283168,0.0099999929696,2.613664285903536e-06
2005-09-14,,,
2005-09-15,,,
2005-09-16,,,
2005-09-17,,,
2005-09-18,,,
2005-09-19,,,
2005-09-20,,,
2005-09-21,,,
2005-09-22,,,
2005-09-23,,,
2005-09-24,,,
2005-09-25,,,
2005-09-26,,,
2005-09-27,,,
2005-09-28,,,
2005-09-29,0.005097032,0.1800001559704,4.7046030986931686e-05
2005-09-30,,,
2005-10-01,,,
2005-10-02,,,
2005-10-03,,,
2005-10-04,,,
2005-10-05,,,
2005-10-06,,,
2005-10-07,,,
2005-10-08,,,
2005-10-09,0.004813864,0.1700001630008,4.4432366701028156e-05
2005-10-10,1.662198895,58.7000553172565,0.015342234602532142
2005-10-11,0.211526844,7.4700070378068,0.0019524104336390007
2005-10-12,,,
2005-10-13,,,
2005-10-14,,,
2005-10-15,,,
2005-10-16,,,
2005-10-17,,,
2005-10-18,,,
2005-10-19,17.21664273,608.000573017131,0.15891105007120068
2005-10-20,0.707921165,25.0000235656255,0.006534171467806124
2005-10-21,0.226534773,8.0000075480631,0.002090934871543976
2005-10-22,0.113267386,4.0000037563742,0.0010454674311569463
2005-10-23,0.08495054,3.0000028349380004,0.0007841005779827515
2005-10-24,0.08495054,3.0000028349380004,0.0007841005779827515
2005-10-25,0.08495054,3.0000028349380004,0.0007841005779827515
2005-10-26,0.08495054,3.0000028349380004,0.0007841005779827515
2005-10-27,0.08495054,3.0000028349380004,0.0007841005779827515
2005-10-28,0.08495054,3.0000028349380004,0.0007841005779827515
2005-10-29,0.08495054,3.0000028349380004,0.0007841005779827515
2005-10-30,0.08495054,3.0000028349380004,0.0007841005779827515
2005-10-31,0.08495054,3.0000028349380004,0.0007841005779827515
2005-11-01,0.08495054,3.0000028349380004,0.0007841005779827515
2005-11-02,0.08495054,3.0000028349380004,0.0007841005779827515
2005-11-03,0.08495054,3.0000028349380004,0.0007841005779827515
2005-11-04,0.08495054,3.0000028349380004,0.0007841005779827515
2005-11-05,0.056633693,2.0000018781871,0.0005227337155784732
2005-11-06,0.056633693,2.0000018781871,0.0005227337155784732
2005-11-07,0.056633693,2.0000018781871,0.0005227337155784732
2005-11-08,0.056633693,2.0000018781871,0.0005227337155784732
2005-11-09,0.056633693,2.0000018781871,0.0005227337155784732
2005-11-10,0.056633693,2.0000018781871,0.0005227337155784732
2005-11-11,0.08495054,3.0000028349380004,0.0007841005779827515
2005-11-12,0.08495054,3.0000028349380004,0.0007841005779827515
2005-11-13,0.08495054,3.0000028349380004,0.0007841005779827515
2005-11-14,0.08495054,3.0000028349380004,0.0007841005779827515
2005-11-15,0.08495054,3.0000028349380004,0.0007841005779827515
2005-11-16,0.087499056,3.0900029129232003,0.0008076235934762173
2005-11-17,0.075322812,2.6600025089364,0.0006952358445806952
2005-11-18,0.076455486,2.7000025514442,0.0007056905201844764
2005-11-19,0.063712905,2.2500021262035,0.0005880754334870636
2005-11-20,0.060031715,2.1200020057105,0.0005540977423898166
2005-11-21,0.091180246,3.2200030334162,0.0008416012845734644
2005-11-22,0.07758816,2.740002593952,0.0007161451957882575
2005-11-23,0.061730726,2.1800020694722,0.0005697797557954883
2005-11-24,0.088348561,3.1200029271467002,0.0008154645955640114
2005-11-25,0.083534697,2.9500027641459003,0.0007710322288629834
2005-11-26,0.092596088,3.2700030688936,0.0008546696244631489
2005-11-27,0.070792116,2.5000023389052,0.0006534171421655705
2005-11-28,0.045590123,1.6100015167081,0.0004208006422867322
2005-11-29,0.053235672,1.8800017859784,0.0004913696979972132
2005-11-30,0.035679227,1.2600011977369001,0.0003293222445987723
2005-12-01,0.039360417,1.3900013182299,0.0003632999356960193
2005-12-02,0.056633693,2.0000018781871,0.0005227337155784732
2005-12-03,0.088065393,3.1100029341771003,0.000812850931278108
2005-12-04,0.056633693,2.0000018781871,0.0005227337155784732
2005-12-05,0.060598052,2.1400020269644,0.0005593250801917072
2005-12-06,0.041059428,1.4500013819916002,0.00037898194910169103
2005-12-07,0.023219814,0.8200007654658,0.00021432082218726312
2005-12-08,0.013308918,0.4700004464946,0.0001228424244993033
2005-12-09,0.006229706,0.22000019847820002,5.750070659071284e-05
2005-12-10,0.001982179,0.07000005673130001,1.8295677691575268e-05
2005-12-11,0.001132674,0.0400000425078,1.0454675603781153e-05
2005-12-12,0.009344559,0.33000029771730005,8.625105988606926e-05
2005-12-13,0.026334667,0.9300008647049001,0.00024307117548261952
2005-12-14,0.009061391,0.3200003047477,8.363739560016573e-05
2005-12-15,0.002831685,0.10000010626950001,2.6136689009452884e-05
2005-12-16,,,
2005-12-17,0.005663369,0.2000001772243,5.227336878882226e-05
2005-12-18,0.000283168,0.0099999929696,2.613664285903536e-06
2005-12-19,0.013592086,0.4800004394642,0.00012545608878520683
2005-12-20,0.023219814,0.8200007654658,0.00021432082218726312
2005-12-21,0.033413879,1.1800011127213001,0.00030841289339121
2005-12-22,0.033130711,1.1700011197517002,0.0003057992291053065
2005-12-23,0.036811901,1.3000012402447,0.0003397769202025535
2005-12-24,0.034546553,1.2200011552291001,0.0003188675689949912
2005-12-25,0.084667371,2.9900028066537003,0.0007814869044667645
2005-12-26,0.08495054,3.0000028349380004,0.0007841005779827515
2005-12-27,0.141584233,5.0000047131251,0.0013068342935612246
2005-12-28,0.141584233,5.0000047131251,0.0013068342935612246
2005-12-29,0.141584233,5.0000047131251,0.0013068342935612246
2005-12-30,0.141584233,5.0000047131251,0.0013068342935612246
2005-12-31,0.141584233,5.0000047131251,0.0013068342935612246
2006-01-01,0.248621913,8.780008271021101,0.002294801018127458
2006-01-02,0.186324851,6.580006215609701,0.0017197939337601628
2006-01-03,0.238427848,8.420007923765601,0.0022007089469235114
2006-01-04,0.132806011,4.690004436661701,0.001225810571477046
2006-01-05,0.099108963,3.5000032956561,0.0009147840045698487
2006-01-06,0.065411916,2.3100021899652003,0.0006037574468927353
2006-01-07,0.052669335,1.8600017647245,0.0004861423601953226
2006-01-08,0.065695084,2.3200021829348003,0.0006063711111786389
2006-01-09,0.031714868,1.1200010489596002,0.00029273087998553827
2006-01-10,0.022936646,0.8100007724962001,0.00021170715790135963
2006-01-11,0.032847542,1.1600010914674002,0.00030318555558931943
2006-01-12,0.046722797,1.6500015592159003,0.00043125531789051335
2006-01-13,0.046439628,1.6400015309316,0.00042864164437452624
2006-01-14,0.055217851,1.9500018427097001,0.0005096653756887884
2006-01-15,0.037095069,1.3100012332143,0.000342390584488457
2006-01-16,0.026617836,0.9400008929892,0.0002456848489986066
2006-01-17,0.02944952,1.040000963944,0.000271821528777976
2006-01-18,0.021520803,0.7600007017041001,0.0001986388087815914
2006-01-19,0.029166352,1.0300009709744,0.0002692078644920724
2006-01-20,0.034546553,1.2200011552291001,0.0003188675689949912
2006-01-21,0.07928717,2.8000026223990004,0.0007318271999638457
2006-01-22,0.066261421,2.3400022041887003,0.0006115984489805295
2006-01-23,0.081835687,2.8900027356989004,0.0007553502246873951
2006-01-24,0.03879408,1.370001296976,0.00035807259789412876
2006-01-25,0.198217926,7.0000065913122,0.0018295680091396974
2006-01-26,0.849505398,30.0000282787506,0.007841005761367347
2006-01-27,0.270142716,9.5400089727252,0.0024934398269090496
2006-01-28,0.147247602,5.2000048903494,0.001359107662350047
2006-01-29,0.23814468,8.410007930796,0.0021980952826376075
2006-01-30,0.353960582,12.500011765155401,0.00326708572928802
2006-01-31,0.11071887,3.910003678389,0.0010219444156634803
2006-02-01,0.150928792,5.330005010842401,0.001393085353447294
2006-02-02,0.250037755,8.830008306498499,0.0023078693580171426
2006-02-03,0.339802159,12.000011304437301,0.0031364023027009224
2006-02-04,0.226534773,8.0000075480631,0.002090934871543976
2006-02-05,0.141584233,5.0000047131251,0.0013068342935612246
2006-02-06,0.113267386,4.0000037563742,0.0010454674311569463
2006-02-07,0.113267386,4.0000037563742,0.0010454674311569463
2006-02-08,0.096843615,3.4200032106405,0.0008938746533622865
2006-02-09,0.097976289,3.4600032531483,0.0009043293289660678
2006-02-10,0.094011931,3.3200031396857006,0.0008677379735829172
2006-02-11,0.155459488,5.490005180873601,0.0014349040558624185
2006-02-12,0.097693121,3.4500032601787,0.0009017156646801642
2006-02-13,0.08863173,3.1300029554310003,0.0008180782690799985
2006-02-14,0.081835687,2.8900027356989004,0.0007553502246873951
2006-02-15,0.123461451,4.3600041036297,0.0011395595023608932
2006-02-16,0.119213924,4.2100039618828005,0.0011003544734617557
2006-02-17,0.113267386,4.0000037563742,0.0010454674311569463
2006-02-18,0.119780261,4.2300039831367,0.0011055818112636461
2006-02-19,0.102790153,3.6300034161491,0.0009487616956670959
2006-02-20,0.07560598,2.670002501906,0.0006978495088665988
2006-02-21,0.067110926,2.3700022184122003,0.0006194394510683236
2006-02-22,0.072207959,2.5500024096973,0.0006664854912853388
2006-02-23,0.087499056,3.0900029129232003,0.0008076235934762173
2006-02-24,0.08495054,3.0000028349380004,0.0007841005779827515
2006-02-25,0.072207959,2.5500024096973,0.0006664854912853388
2006-02-26,0.10703768,3.7800035578960003,0.0009879667245662335
2006-02-27,0.115815903,4.0900038696741,0.0010689904558804956
2006-02-28,0.129974326,4.5900043303922,0.001199673882467593
2006-03-01,0.109586196,3.8700036358812,0.0010114897400596993
2006-03-02,0.102223816,3.6100033948952,0.0009435343578652052
2006-03-03,0.09599411,3.390003196417,0.0008860336512744924
2006-03-04,0.08126935,2.8700027144450004,0.0007501228868855046
2006-03-05,0.086649551,3.0600028986997003,0.0007997825913884232
2006-03-06,0.08126935,2.8700027144450004,0.0007501228868855046
2006-03-07,0.069093106,2.4400023104582003,0.0006377351379899823
2006-03-08,0.048704976,1.7200016159472,0.0004495509955820885
2006-03-09,0.045590123,1.6100015167081,0.0004208006422867322
2006-03-10,0.034263384,1.2100011269448,0.00031625389547900416
2006-03-11,0.039926754,1.4100013394838002,0.0003685272734979099
2006-03-12,0.051253492,1.8100016939324,0.00047307401107555446
2006-03-13,0.045023786,1.5900014954542,0.0004155733044848416
2006-03-14,0.043607944,1.5400014599768002,0.00040250496459515693
2006-03-15,0.031714868,1.1200010489596002,0.00029273087998553827
2006-03-16,0.028316847,1.0000009567509,0.0002613668624042783
2006-03-17,0.090897078,3.2100030404466002,0.0008389876202875608
2006-03-18,0.056350525,1.9900018852175,0.0005201200512925697
2006-03-19,0.047005965,1.6600015521855,0.0004338689821764168
2006-03-20,0.042192101,1.4900013891847002,0.00038943661547538876
2006-03-21,0.03879408,1.370001296976,0.00035807259789412876
2006-03-22,0.048704976,1.7200016159472,0.0004495509955820885
2006-03-23,0.044174281,1.5600014812307001,0.0004077323023970475
2006-03-24,0.037378238,1.3200012614986,0.00034500425800444403
2006-03-25,0.030015857,1.0600009851979,0.0002770488665798665
2006-03-26,0.02406932,0.8500008150040002,0.00022216183350514076
2006-03-27,0.021237635,0.7500007087345001,0.00019602514449568788
2006-03-28,0.026334667,0.9300008647049001,0.00024307117548261952
2006-03-29,0.030015857,1.0600009851979,0.0002770488665798665
2006-03-30,0.028033678,0.9900009284666,0.00025875318888829126
2006-03-31,0.019821793,0.7000006732571,0.0001829568046060032
2006-04-01,0.026334667,0.9300008647049001,0.00024307117548261952
2006-04-02,0.0314317,1.11000105599,0.00029011721569963475
2006-04-03,0.023219814,0.8200007654658,0.00021432082218726312
2006-04-04,0.018972287,0.6700006237189001,0.00017511579328812558
2006-04-05,0.02038813,0.720000694511,0.00018818414240789376
2006-04-06,0.01840595,0.650000602465,0.000169888455486235
2006-04-07,0.018972287,0.6700006237189001,0.00017511579328812558
2006-04-08,0.018689119,0.6600006307493,0.00017250212900222201
2006-04-09,0.016423771,0.5800005457337001,0.00015159277779465971
2006-04-10,0.014441592,0.5100004890024,0.00013329710010308445
2006-04-11,0.012176244,0.4300004039868,0.00011238774889552213
2006-04-12,0.013875255,0.49000046774850003,0.00012806976230119387
2006-04-13,0.013875255,0.49000046774850003,0.00012806976230119387
2006-04-14,0.015007929,0.5300005102563,0.00013852443790497503
2006-04-15,0.013025749,0.4600004182103,0.00012022875098331625
2006-04-16,0.011609907,0.4100003827329,0.00010716041109363156
2006-04-17,0.009344559,0.33000029771730005,8.625105988606926e-05
2006-04-18,0.006512875,0.2300002267625,6.011438010669987e-05
2006-04-19,0.011326739,0.40000038976330005,0.00010454674680772804
2006-04-20,0.014158423,0.5000004607181,0.00013068342658709742
2006-04-21,0.013875255,0.49000046774850003,0.00012806976230119387
2006-04-22,0.013592086,0.4800004394642,0.00012545608878520683
2006-04-23,0.009344559,0.33000029771730005,8.625105988606926e-05
2006-04-24,0.00736238,0.260000240986,6.7955382194494e-05
2006-04-25,0.013592086,0.4800004394642,0.00012545608878520683
2006-04-26,0.019255456,0.6800006520032,0.00017772946680411262
2006-04-27,0.01840595,0.650000602465,0.000169888455486235
2006-04-28,0.016423771,0.5800005457337001,0.00015159277779465971
2006-04-29,0.013308918,0.4700004464946,0.0001228424244993033
2006-04-30,0.016140603,0.5700005527641,0.0001489791135087562
2006-05-01,0.017273276,0.6100005599572,0.00015943377988245384
2006-05-02,0.016706939,0.5900005387033,0.00015420644208056326
2006-05-03,0.014441592,0.5100004890024,0.00013329710010308445
2006-05-04,0.009344559,0.33000029771730005,8.625105988606926e-05
2006-05-05,0.007645549,0.2700002692703,7.056905571048104e-05
2006-05-06,0.011326739,0.40000038976330005,0.00010454674680772804
2006-05-07,0.012176244,0.4300004039868,0.00011238774889552213
2006-05-08,0.010760402,0.38000036850940005,9.931940900583746e-05
2006-05-09,0.015291097,0.5400005032259,0.00014113810219087858
2006-05-10,0.020954466,0.7400006804502001,0.00019341147097970085
2006-05-11,0.014441592,0.5100004890024,0.00013329710010308445
2006-05-12,0.013025749,0.4600004182103,0.00012022875098331625
2006-05-13,0.011326739,0.40000038976330005,0.00010454674680772804
2006-05-14,0.00736238,0.260000240986,6.7955382194494e-05
2006-05-15,0.004813864,0.1700001630008,4.4432366701028156e-05
2006-05-16,0.00368119,0.130000120493,3.3977691097247e-05
2006-05-17,0.003964359,0.1400001487773,3.659136461323404e-05
2006-05-18,0.003398022,0.12000012752340002,3.136402681134346e-05
2006-05-19,0.001982179,0.07000005673130001,1.8295677691575268e-05
2006-05-20,0.001699011,0.06000006376170001,1.568201340567173e-05
2006-05-21,,,
2006-05-22,,,
2006-05-23,,,
2006-05-24,,,
2006-05-25,,,
2006-05-26,,,
2006-05-27,,,
2006-05-28,,,
2006-05-29,,,
2006-05-30,,,
2006-05-31,,,
2006-06-01,,,
2006-06-02,,,
2006-06-03,,,
2006-06-04,,,
2006-06-05,,,
2006-06-06,,,
2006-06-07,,,
2006-06-08,0.319980366,11.300010631180202,0.0029534454980949193
2006-06-09,0.778713281,27.500025904530702,0.007187588609971695
2006-06-10,,,
2006-06-11,,,
2006-06-12,,,
2006-06-13,,,
2006-06-14,,,
2006-06-15,,,
2006-06-16,,,
2006-06-17,,,
2006-06-18,,,
2006-06-19,,,
2006-06-20,,,
2006-06-21,,,
2006-06-22,,,
2006-06-23,,,
2006-06-24,,,
2006-06-25,,,
2006-06-26,,,
2006-06-27,,,
2006-06-28,,,
2006-06-29,,,
2006-06-30,,,
2006-07-01,,,
2006-07-02,,,
2006-07-03,,,
2006-07-04,,,
2006-07-05,,,
2006-07-06,,,
2006-07-07,,,
2006-07-08,0.008495054,0.30000028349380004,7.841005779827515e-05
2006-07-09,2.973268892,105.00009894031241,0.027443520155555637
2006-07-10,0.02944952,1.040000963944,0.000271821528777976
2006-07-11,,,
2006-07-12,,,
2006-07-13,,,
2006-07-14,,,
2006-07-15,,,
2006-07-16,0.008495054,0.30000028349380004,7.841005779827515e-05
2006-07-17,,,
2006-07-18,,,
2006-07-19,,,
2006-07-20,0.044457449,1.5700014742003001,0.00041034596668295103
2006-07-21,0.021237635,0.7500007087345001,0.00019602514449568788
2006-07-22,0.000283168,0.0099999929696,2.613664285903536e-06
2006-07-23,0.016990108,0.6000005669876001,0.0001568201155965503
2006-07-24,0.239843691,8.470007994557701,0.0022137772960432794
2006-07-25,0.100524805,3.5500033311335,0.0009278523444595334
2006-07-26,0.007645549,0.2700002692703,7.056905571048104e-05
2006-07-27,,,
2006-07-28,,,
2006-07-29,,,
2006-07-30,,,
2006-07-31,,,
2006-08-01,4.077625909,144.0001356885623,0.03763682764164115
2006-08-02,7.079211648,250.00023558562563,0.06534171465960106
2006-08-03,0.226534773,8.0000075480631,0.002090934871543976
2006-08-04,2.24269425,79.200074630475,0.020700255203364135
2006-08-05,9.287925682,328.0003090821254,0.0857283296317721
2006-08-06,3.964358523,140.0001319321881,0.0365913602104842
2006-08-07,3.029902585,107.0001008184995,0.027966253871134106
2006-08-08,2.548516193,90.00008480093712,0.023523017274871962
2006-08-09,1.132673864,40.0000377050008,0.010454674348489797
2006-08-10,0.280053613,9.8900093270111,0.0025849182338270925
2006-08-11,0.113267386,4.0000037563742,0.0010454674311569463
2006-08-12,3.964358523,140.0001319321881,0.0365913602104842
2006-08-13,0.294495205,10.4000098160135,0.002718215333930177
2006-08-14,,,
2006-08-15,,,
2006-08-16,,,
2006-08-17,0.048988145,1.7300016442315,0.0004521646690980756
2006-08-18,0.001132674,0.0400000425078,1.0454675603781153e-05
2006-08-19,,,
2006-08-20,,,
2006-08-21,0.034263384,1.2100011269448,0.00031625389547900416
2006-08-22,0.070792116,2.5000023389052,0.0006534171421655705
2006-08-23,0.004247527,0.15000014174690002,3.9205028899137574e-05
2006-08-24,,,
2006-08-25,3.624556364,128.00012062775082,0.033454957907783286
2006-08-26,0.188023861,6.6400062440567,0.0017354759379357508
2006-08-27,0.001699011,0.06000006376170001,1.568201340567173e-05
2006-08-28,0.000566337,0.0200000212539,5.2273378018905765e-06
2006-08-29,,,
2006-08-30,,,
2006-08-31,,,
2006-09-01,,,
2006-09-02,,,
2006-09-03,0.000283168,0.0099999929696,2.613664285903536e-06
2006-09-04,,,
2006-09-05,,,
2006-09-06,,,
2006-09-07,0.000283168,0.0099999929696,2.613664285903536e-06
2006-09-08,0.020671298,0.7300006874806001,0.0001907978066937973
2006-09-09,0.001699011,0.06000006376170001,1.568201340567173e-05
2006-09-10,0.000566337,0.0200000212539,5.2273378018905765e-06
2006-09-11,,,
2006-09-12,,,
2006-09-13,,,
2006-09-14,0.000283168,0.0099999929696,2.613664285903536e-06
2006-09-15,0.085233708,3.0100028279076003,0.0007867142422686551
2006-09-16,0.266461526,9.4100088522322,0.0024594621358118027
2006-09-17,,,
2006-09-18,,,
2006-09-19,,,
2006-09-20,,,
2006-09-21,,,
2006-09-22,,,
2006-09-23,,,
2006-09-24,,,
2006-09-25,,,
2006-09-26,,,
2006-09-27,,,
2006-09-28,,,
2006-09-29,,,
2006-09-30,,,
2006-10-01,,,
2006-10-02,,,
2006-10-03,,,
2006-10-04,,,
2006-10-05,,,
2006-10-06,10.16574793,359.000338423571,0.09383070228323398
2006-10-07,20.38812955,720.000678619385,0.18818413825435618
2006-10-08,0.906139091,32.000030156937704,0.008363739476945822
2006-10-09,19.53862415,690.000650270005,0.18034313247452866
2006-10-10,9.769312074,345.0003250996878,0.09017156622803425
2006-10-11,3.398021591,120.00011307968771,0.03136402303623931
2006-10-12,0.123461451,4.3600041036297,0.0011395595023608932
2006-10-13,0.017273276,0.6100005599572,0.00015943377988245384
2006-10-14,0.223703088,7.9000074417936,0.002064798182534523
2006-10-15,10.8170354,382.00036004038003,0.09984214001700145
2006-10-16,8.353469745,295.00027800375153,0.07710322330165209
2006-10-17,2.321981421,82.00007728818869,0.021432082412558066
2006-10-18,4.360794375,154.0001451148125,0.0402504962287636
2006-10-19,1.07604017,38.000035791499,0.009931940623681239
2006-10-20,0.509703239,18.0000169743133,0.004704603458666426
2006-10-21,0.098825795,3.4900033026865,0.0009121703402839452
2006-10-22,0.060314883,2.1300019986801,0.0005567114066757202
2006-10-23,0.048138639,1.7000015946933,0.000444323657780198
2006-10-24,0.041625764,1.4700013679308002,0.0003842092776734982
2006-10-25,0.038227743,1.3500012757221,0.0003528452600922382
2006-10-26,0.037661406,1.3300012544682,0.0003476179222903476
2006-10-27,0.036528732,1.2900012119604,0.00033716324668656643
2006-10-28,0.034263384,1.2100011269448,0.00031625389547900416
2006-10-29,0.030582194,1.0800010064518,0.00028227620438175716
2006-10-30,0.02944952,1.040000963944,0.000271821528777976
2006-10-31,0.025485162,0.9000008504814,0.00023523017339482542
2006-11-01,0.024352488,0.8600008079736,0.00022477549779104425
2006-11-02,0.024352488,0.8600008079736,0.00022477549779104425
2006-11-03,0.022936646,0.8100007724962001,0.00021170715790135963
2006-11-04,0.020104961,0.7100006662267001,0.00018557046889190672
2006-11-05,0.015574266,0.5500005315102,0.0001437517757068656
2006-11-06,0.013592086,0.4800004394642,0.00012545608878520683
2006-11-07,0.025485162,0.9000008504814,0.00023523017339482542
2006-11-08,0.018972287,0.6700006237189001,0.00017511579328812558
2006-11-09,0.016706939,0.5900005387033,0.00015420644208056326
2006-11-10,0.015007929,0.5300005102563,0.00013852443790497503
2006-11-11,0.014441592,0.5100004890024,0.00013329710010308445
2006-11-12,0.014158423,0.5000004607181,0.00013068342658709742
2006-11-13,0.013025749,0.4600004182103,0.00012022875098331625
2006-11-14,0.055217851,1.9500018427097001,0.0005096653756887884
2006-11-15,0.147247602,5.2000048903494,0.001359107662350047
2006-11-16,0.064845579,2.2900021687113004,0.0005985301090908448
2006-11-17,0.040493091,1.4300013607377002,0.0003737546112998005
2006-11-18,0.033413879,1.1800011127213001,0.00030841289339121
2006-11-19,0.025201993,0.8900008221971,0.0002326164998788384
2006-11-20,0.050403987,1.7800016797089,0.00046523300898776025
2006-11-21,0.048421808,1.7100016229776,0.00044693733129618505
2006-11-22,0.050120818,1.7700016514246,0.0004626193354717732
2006-11-23,0.04247527,1.5000014174690002,0.00039205028899137577
2006-11-24,0.058049536,2.0500019489792,0.0005358020646982413
2006-11-25,0.065128747,2.3000021616809003,0.0006011437733767482
2006-11-26,0.057766367,2.0400019206949,0.0005331883911822542
2006-11-27,0.051253492,1.8100016939324,0.00047307401107555446
2006-11-28,0.068526769,2.4200022892043003,0.0006325078001880917
2006-11-29,0.051253492,1.8100016939324,0.00047307401107555446
2006-11-30,0.016990108,0.6000005669876001,0.0001568201155965503
2006-12-01,0.012459413,0.44000043227110003,0.0001150014224115092
2006-12-02,0.01840595,0.650000602465,0.000169888455486235
2006-12-03,0.012459413,0.44000043227110003,0.0001150014224115092
2006-12-04,0.011609907,0.4100003827329,0.00010716041109363156
2006-12-05,0.011609907,0.4100003827329,0.00010716041109363156
2006-12-06,0.009910896,0.35000031897120004,9.147839768795984e-05
2006-12-07,0.013875255,0.49000046774850003,0.00012806976230119387
2006-12-08,0.013875255,0.49000046774850003,0.00012806976230119387
2006-12-09,0.01472476,0.520000481972,0.000135910764388988
2006-12-10,0.017839613,0.6300005812111,0.0001646611176843444
2006-12-11,0.016423771,0.5800005457337001,0.00015159277779465971
2006-12-12,0.009910896,0.35000031897120004,9.147839768795984e-05
2006-12-13,0.009344559,0.33000029771730005,8.625105988606926e-05
2006-12-14,0.009627728,0.3400003260016,8.886473340205631e-05
2006-12-15,0.009627728,0.3400003260016,8.886473340205631e-05
2006-12-16,0.036811901,1.3000012402447,0.0003397769202025535
2006-12-17,0.046439628,1.6400015309316,0.00042864164437452624
2006-12-18,0.044457449,1.5700014742003001,0.00041034596668295103
2006-12-19,0.041625764,1.4700013679308002,0.0003842092776734982
2006-12-20,0.035679227,1.2600011977369001,0.0003293222445987723
2006-12-21,0.033980216,1.2000011339752001,0.0003136402311931006
2006-12-22,0.016990108,0.6000005669876001,0.0001568201155965503
2006-12-23,0.016990108,0.6000005669876001,0.0001568201155965503
2006-12-24,0.014158423,0.5000004607181,0.00013068342658709742
2006-12-25,0.014158423,0.5000004607181,0.00013068342658709742
2006-12-26,0.019821793,0.7000006732571,0.0001829568046060032
2006-12-27,0.019821793,0.7000006732571,0.0001829568046060032
2006-12-28,0.019821793,0.7000006732571,0.0001829568046060032
2006-12-29,0.02576833,0.910000843451,0.00023784383768072896
2006-12-30,0.023786151,0.8400007867197,0.0002195481599891537
2006-12-31,0.021803972,0.7700007299884001,0.00020125248229757847
2007-01-01,0.020104961,0.7100006662267001,0.00018557046889190672
2007-01-02,0.018122782,0.6400006094954,0.00016727479120033146
2007-01-03,0.016140603,0.5700005527641,0.0001489791135087562
2007-01-04,0.017273276,0.6100005599572,0.00015943377988245384
2007-01-05,0.020954466,0.7400006804502001,0.00019341147097970085
2007-01-06,0.020954466,0.7400006804502001,0.00019341147097970085
2007-01-07,0.023786151,0.8400007867197,0.0002195481599891537
2007-01-08,0.02576833,0.910000843451,0.00023784383768072896
2007-01-09,0.026617836,0.9400008929892,0.0002456848489986066
2007-01-10,0.028600015,1.0100009497205,0.0002639805266901819
2007-01-11,0.028883184,1.0200009780048,0.0002665942002061689
2007-01-12,0.030299026,1.0700010134822,0.0002796625400958536
2007-01-13,0.033413879,1.1800011127213001,0.00030841289339121
2007-01-14,0.030299026,1.0700010134822,0.0002796625400958536
2007-01-15,0.02576833,0.910000843451,0.00023784383768072896
2007-01-16,0.023502983,0.8300007937501,0.00021693449570325018
2007-01-17,0.02038813,0.720000694511,0.00018818414240789376
2007-01-18,0.018122782,0.6400006094954,0.00016727479120033146
2007-01-19,0.014441592,0.5100004890024,0.00013329710010308445
2007-01-20,0.013025749,0.4600004182103,0.00012022875098331625
2007-01-21,0.019255456,0.6800006520032,0.00017772946680411262
2007-01-22,0.028316847,1.0000009567509,0.0002613668624042783
2007-01-23,0.022653477,0.8000007442119001,0.00020909348438537256
2007-01-24,0.022653477,0.8000007442119001,0.00020909348438537256
2007-01-25,0.022653477,0.8000007442119001,0.00020909348438537256
2007-01-26,0.025485162,0.9000008504814,0.00023523017339482542
2007-01-27,0.022653477,0.8000007442119001,0.00020909348438537256
2007-01-28,0.024635657,0.8700008362579,0.00022738917130703132
2007-01-29,0.028316847,1.0000009567509,0.0002613668624042783
2007-01-30,0.036811901,1.3000012402447,0.0003397769202025535
2007-01-31,0.031148531,1.1000010277057,0.0002875035421836477
2007-02-01,0.061447557,2.1700020411879,0.0005671660822795013
2007-02-02,0.101091142,3.5700033523874,0.0009330796822614242
2007-02-03,0.114966397,4.0600038201359006,0.001061149444562618
2007-02-04,0.141584233,5.0000047131251,0.0013068342935612246
2007-02-05,0.161972363,5.7200054076361,0.0014950184359691183
2007-02-06,0.161406026,5.700005386382201,0.001489791098167228
2007-02-07,0.154609982,5.4600051313354,0.001427063044544541
2007-02-08,0.148663445,5.2500049611415,0.001372176011469815
2007-02-09,0.146114928,5.1600048478416,0.0013486529867462657
2007-02-10,0.143566412,5.070004769856401,0.0013251299712528
2007-02-11,0.141301064,4.990004684840801,0.0013042206200452376
2007-02-12,0.142433738,5.030004727348601,0.001314675295649019
2007-02-13,0.142433738,5.030004727348601,0.001314675295649019
2007-02-14,0.139885222,4.9400046493634004,0.0012911522801555529
2007-02-15,0.141301064,4.990004684840801,0.0013042206200452376
2007-02-16,0.143566412,5.070004769856401,0.0013251299712528
2007-02-17,0.141301064,4.990004684840801,0.0013042206200452376
2007-02-18,0.141301064,4.990004684840801,0.0013042206200452376
2007-02-19,0.142433738,5.030004727348601,0.001314675295649019
2007-02-20,0.141301064,4.990004684840801,0.0013042206200452376
2007-02-21,0.141301064,4.990004684840801,0.0013042206200452376
2007-02-22,0.144415918,5.1000048193946,0.0013329709825706775
2007-02-23,0.169617911,5.990005641591701,0.0015655874824495161
2007-02-24,0.168202069,5.9400056061143,0.0015525191425598314
2007-02-25,0.120912935,4.2700040256445,0.0011160364868674274
2007-02-26,0.067394095,2.3800022466965003,0.0006220531245843107
2007-02-27,0.072491127,2.5600024026669,0.0006690991555712423
2007-02-28,0.143283244,5.0600047768868,0.0013225163069668965
2007-03-01,0.131107,4.6300043729,0.0012101285580713743
2007-03-02,0.08495054,3.0000028349380004,0.0007841005779827515
2007-03-03,0.034263384,1.2100011269448,0.00031625389547900416
2007-03-04,0.027184173,0.9600009142431,0.00025091218680049716
2007-03-05,0.03511289,1.2400011764830001,0.00032409490679688176
2007-03-06,0.076738654,2.7100025444138,0.0007083041844703798
2007-03-07,0.094861436,3.3500031539092,0.0008755789756707112
2007-03-08,0.147813939,5.220004911603301,0.0013643350001519376
2007-03-09,0.156025825,5.5100052021275,0.0014401313936643091
2007-03-10,0.136770369,4.8300045501243005,0.0012624019268601965
2007-03-11,0.20303179,7.170006754313,0.001874000375840726
2007-03-12,0.16055652,5.670005336844,0.0014819500868493503
2007-03-13,0.137053538,4.8400045784086005,0.0012650156003761834
2007-03-14,0.114683229,4.0500038271663,0.0010585357802767145
2007-03-15,0.078154497,2.7600026152059,0.0007213725335901482
2007-03-16,0.039077248,1.3800012899456002,0.0003606862621800323
2007-03-17,0.040493091,1.4300013607377002,0.0003737546112998005
2007-03-18,0.035679227,1.2600011977369001,0.0003293222445987723
2007-03-19,0.041059428,1.4500013819916002,0.00037898194910169103
2007-03-20,0.034263384,1.2100011269448,0.00031625389547900416
2007-03-21,0.02576833,0.910000843451,0.00023784383768072896
2007-03-22,0.038227743,1.3500012757221,0.0003528452600922382
2007-03-23,0.047572302,1.6800015734394,0.0004390963199783074
2007-03-24,1.189307557,42.000039583187906,0.01097740806406827
2007-03-25,0.999584685,35.3000332753695,0.009226250112726847
2007-03-26,0.512534923,18.100017045268103,0.004730740138445795
2007-03-27,0.261647663,9.2400087245461,0.0024150297783408574
2007-03-28,0.102790153,3.6300034161491,0.0009487616956670959
2007-03-29,0.036528732,1.2900012119604,0.00033716324668656643
2007-03-30,0.022936646,0.8100007724962001,0.00021170715790135963
2007-03-31,0.036811901,1.3000012402447,0.0003397769202025535
2007-04-01,0.175564449,6.200005847100301,0.0016204745247543253
2007-04-02,0.0996753,3.52000331691,0.0009200113423717395
2007-04-03,0.049271313,1.7400016372011,0.0004547783333839791
2007-04-04,0.0314317,1.11000105599,0.00029011721569963475
2007-04-05,0.019538624,0.6900006449728001,0.00018034313109001614
2007-04-06,0.015574266,0.5500005315102,0.0001437517757068656
2007-04-07,0.016140603,0.5700005527641,0.0001489791135087562
2007-04-08,0.015291097,0.5400005032259,0.00014113810219087858
2007-04-09,0.020671298,0.7300006874806001,0.0001907978066937973
2007-04-10,0.015574266,0.5500005315102,0.0001437517757068656
2007-04-11,0.013592086,0.4800004394642,0.00012545608878520683
2007-04-12,0.086083214,3.0400028774458003,0.0007945552535865327
2007-04-13,0.082685192,2.9200027499224004,0.0007631912267751892
2007-04-14,0.022936646,0.8100007724962001,0.00021170715790135963
2007-04-15,0.015007929,0.5300005102563,0.00013852443790497503
2007-04-16,0.015574266,0.5500005315102,0.0001437517757068656
2007-04-17,0.016990108,0.6000005669876001,0.0001568201155965503
2007-04-18,0.01472476,0.520000481972,0.000135910764388988
2007-04-19,0.013875255,0.49000046774850003,0.00012806976230119387
2007-04-20,0.016140603,0.5700005527641,0.0001489791135087562
2007-04-21,0.016140603,0.5700005527641,0.0001489791135087562
2007-04-22,0.01840595,0.650000602465,0.000169888455486235
2007-04-23,0.028883184,1.0200009780048,0.0002665942002061689
2007-04-24,0.04247527,1.5000014174690002,0.00039205028899137577
2007-04-25,0.168768406,5.960005627368201,0.0015577464803617218
2007-04-26,0.178112965,6.2900059250855005,0.001643997540247791
2007-04-27,0.08126935,2.8700027144450004,0.0007501228868855046
2007-04-28,0.007928717,0.28000026223990004,7.318271999638457e-05
2007-04-29,0.013875255,0.49000046774850003,0.00012806976230119387
2007-04-30,0.015857434,0.5600005244798001,0.00014636543999276913
2007-05-01,0.014441592,0.5100004890024,0.00013329710010308445
2007-05-02,0.047005965,1.6600015521855,0.0004338689821764168
2007-05-03,0.019821793,0.7000006732571,0.0001829568046060032
2007-05-04,0.000283168,0.0099999929696,2.613664285903536e-06
2007-05-05,0.010760402,0.38000036850940005,9.931940900583746e-05
2007-05-06,0.016706939,0.5900005387033,0.00015420644208056326
2007-05-07,0.013308918,0.4700004464946,0.0001228424244993033
2007-05-08,0.009344559,0.33000029771730005,8.625105988606926e-05
2007-05-09,0.01104357,0.390000361479,0.000101933073291741
2007-05-10,0.012459413,0.44000043227110003,0.0001150014224115092
2007-05-11,0.011326739,0.40000038976330005,0.00010454674680772804
2007-05-12,0.009910896,0.35000031897120004,9.147839768795984e-05
2007-05-13,0.006512875,0.2300002267625,6.011438010669987e-05
2007-05-14,0.004813864,0.1700001630008,4.4432366701028156e-05
2007-05-15,0.00368119,0.130000120493,3.3977691097247e-05
2007-05-16,0.003964359,0.1400001487773,3.659136461323404e-05
2007-05-17,0.00368119,0.130000120493,3.3977691097247e-05
2007-05-18,0.003398022,0.12000012752340002,3.136402681134346e-05
2007-05-19,0.004247527,0.15000014174690002,3.9205028899137574e-05
2007-05-20,0.004530695,0.16000013471650001,4.181869318504111e-05
2007-05-21,0.001415842,0.05000003547740001,1.306833988968469e-05
2007-05-22,0.003114853,0.11000009923910001,2.875035329535642e-05
2007-05-23,0.82685192,29.200027499224,0.007631912267751891
2007-05-24,0.526693347,18.600017541300904,0.004861423574262976
2007-05-25,0.003114853,0.11000009923910001,2.875035329535642e-05
2007-05-26,,,
2007-05-27,,,
2007-05-28,,,
2007-05-29,,,
2007-05-30,,,
2007-05-31,,,
2007-06-01,,,
2007-06-02,,,
2007-06-03,,,
2007-06-04,,,
2007-06-05,,,
2007-06-06,,,
2007-06-07,,,
2007-06-08,,,
2007-06-09,,,
2007-06-10,,,
2007-06-11,,,
2007-06-12,0.004247527,0.15000014174690002,3.9205028899137574e-05
2007-06-13,,,
2007-06-14,,,
2007-06-15,,,
2007-06-16,,,
2007-06-17,,,
2007-06-18,,,
2007-06-19,,,
2007-06-20,,,
2007-06-21,,,
2007-06-22,,,
2007-06-23,,,
2007-06-24,,,
2007-06-25,,,
2007-06-26,,,
2007-06-27,,,
2007-06-28,,,
2007-06-29,,,
2007-06-30,,,
2007-07-01,,,
2007-07-02,,,
2007-07-03,,,
2007-07-04,,,
2007-07-05,,,
2007-07-06,,,
2007-07-07,,,
2007-07-08,,,
2007-07-09,,,
2007-07-10,,,
2007-07-11,,,
2007-07-12,,,
2007-07-13,,,
2007-07-14,,,
2007-07-15,,,
2007-07-16,,,
2007-07-17,,,
2007-07-18,0.33413879,11.800011127213,0.0030841289339121
2007-07-19,0.048138639,1.7000015946933,0.000444323657780198
2007-07-20,,,
2007-07-21,,,
2007-07-22,,,
2007-07-23,,,
2007-07-24,2.239862565,79.10007452420551,0.02067411851435469
2007-07-25,2.350298267,83.0000782096249,0.02169344926573226
2007-07-26,0.727742957,25.700024203567903,0.006717128263182043
2007-07-27,0.549346824,19.4000182855128,0.0050705170586483475
2007-07-28,3.766140597,133.0001253408759,0.03476179220134451
2007-07-29,5.15366608,182.000171515376,0.047568768274552475
2007-07-30,2.256852673,79.7000750911931,0.020830938629951234
2007-07-31,1.061881747,37.5000353307809,0.009801257197094142
2007-08-01,0.880653929,31.1000293064563,0.008128509303550996
2007-08-02,0.74756475,26.400024876825,0.006900085067788045
2007-08-03,5.493468239,194.00018281981332,0.0507051705772534
2007-08-04,9.684361534,342.00032226474985,0.0893874656500515
2007-08-05,6.201389404,219.00020638543882,0.057239342045059524
2007-08-06,3.681190057,130.0001225059379,0.033977691623361755
2007-08-07,7.758815966,274.00025819450025,0.07161451926500292
2007-08-08,7.985350739,282.00026574256333,0.07370545413654689
2007-08-09,1.319565051,46.60004390654971,0.012179695610821767
2007-08-10,0.362455636,12.8000120486492,0.003345495787086295
2007-08-11,0.117798082,4.1600039264054,0.001087286133572071
2007-08-12,0.045873291,1.6200015096777,0.00042341430657263565
2007-08-13,0.012742581,0.4500004252407,0.00011761508669741271
2007-08-14,0.009910896,0.35000031897120004,9.147839768795984e-05
2007-08-15,0.257966472,9.110008568738401,0.0023810520780135273
2007-08-16,6.767726335,239.0002252026245,0.06246667921007434
2007-08-17,1.883070298,66.5000626527806,0.017380896096057214
2007-08-18,0.962772784,34.0000320351248,0.008886473192524294
2007-08-19,0.37661406,13.300012544682,0.003476179222903476
2007-08-20,0.176980291,6.2500058825777005,0.00163354286464401
2007-08-21,0.046439628,1.6400015309316,0.00042864164437452624
2007-08-22,0.016423771,0.5800005457337001,0.00015159277779465971
2007-08-23,0.004813864,0.1700001630008,4.4432366701028156e-05
2007-08-24,0.008778222,0.31000027646340006,8.102372208417869e-05
2007-08-25,0.003398022,0.12000012752340002,3.136402681134346e-05
2007-08-26,0.001132674,0.0400000425078,1.0454675603781153e-05
2007-08-27,2.256852673,79.7000750911931,0.020830938629951234
2007-08-28,6.456241023,228.0002148549381,0.05959164376977769
2007-08-29,1.407347276,49.70004684775721,0.012989932877813972
2007-08-30,0.37095069,13.100012332143002,0.0034239058448845704
2007-08-31,0.18830703,6.650006272341,0.001738089611451738
2007-09-01,0.045590123,1.6100015167081,0.0004208006422867322
2007-09-02,0.007645549,0.2700002692703,7.056905571048104e-05
2007-09-03,0.001132674,0.0400000425078,1.0454675603781153e-05
2007-09-04,2.033149585,71.8000676493995,0.018766140447416712
2007-09-05,0.387940798,13.7000128991306,0.00358072596048112
2007-09-06,0.300158574,10.600009993237801,0.0027704887027189995
2007-09-07,0.160839689,5.6800053651283005,0.0014845637603653375
2007-09-08,0.045590123,1.6100015167081,0.0004208006422867322
2007-09-09,0.013025749,0.4600004182103,0.00012022875098331625
2007-09-10,0.003114853,0.11000009923910001,2.875035329535642e-05
2007-09-11,0.000283168,0.0099999929696,2.613664285903536e-06
2007-09-12,,,
2007-09-13,,,
2007-09-14,,,
2007-09-15,,,
2007-09-16,,,
2007-09-17,0.263629842,9.3100087812774,0.0024333254560324332
2007-09-18,0.067394095,2.3800022466965003,0.0006220531245843107
2007-09-19,0.006796043,0.2400002197321,6.272804439260342e-05
2007-09-20,0.000849505,0.0300000142235,7.841002087794113e-06
2007-09-21,,,
2007-09-22,,,
2007-09-23,1.223287773,43.200040717163105,0.01129104829526137
2007-09-24,7.957033892,281.0002647858124,0.0734440872741426
2007-09-25,1.905723776,67.30006343230721,0.01758998958967267
2007-09-26,0.382277429,13.5000127219063,0.003528452591692298
2007-09-27,0.134221853,4.7400044721391,0.0012388789113667307
2007-09-28,0.02576833,0.910000843451,0.00023784383768072896
2007-09-29,0.016990108,0.6000005669876001,0.0001568201155965503
2007-09-30,0.007079212,0.25000024801640003,6.534171790859045e-05
2007-10-01,0.003964359,0.1400001487773,3.659136461323404e-05
2007-10-02,0.005097032,0.1800001559704,4.7046030986931686e-05
2007-10-03,0.286000151,10.1000095325197,0.002639805276131902
2007-10-04,0.294495205,10.4000098160135,0.002718215333930177
2007-10-05,0.143566412,5.070004769856401,0.0013251299712528
2007-10-06,0.17160009,6.060005698323001,0.0015838831601410913
2007-10-07,0.250604092,8.8500083277524,0.002313096695819033
2007-10-08,0.118930756,4.2000039689132,0.001097740809175852
2007-10-09,0.037661406,1.3300012544682,0.0003476179222903476
2007-10-10,0.020671298,0.7300006874806001,0.0001907978066937973
2007-10-11,0.010477233,0.37000034022510003,9.670573548985042e-05
2007-10-12,0.013308918,0.4700004464946,0.0001228424244993033
2007-10-13,0.01472476,0.520000481972,0.000135910764388988
2007-10-14,0.022936646,0.8100007724962001,0.00021170715790135963
2007-10-15,0.008211886,0.2900002905242,7.57963935123716e-05
2007-10-16,0.005663369,0.2000001772243,5.227336878882226e-05
2007-10-17,0.003398022,0.12000012752340002,3.136402681134346e-05
2007-10-18,0.002265348,0.0800000850156,2.0909351207562306e-05
2007-10-19,0.001699011,0.06000006376170001,1.568201340567173e-05
2007-10-20,0.002831685,0.10000010626950001,2.6136689009452884e-05
2007-10-21,0.001132674,0.0400000425078,1.0454675603781153e-05
2007-10-22,0.000566337,0.0200000212539,5.2273378018905765e-06
2007-10-23,,,
2007-10-24,0.063996073,2.2600021191731003,0.0005906890977729672
2007-10-25,0.015574266,0.5500005315102,0.0001437517757068656
2007-10-26,0.015857434,0.5600005244798001,0.00014636543999276913
2007-10-27,0.016140603,0.5700005527641,0.0001489791135087562
2007-10-28,0.030865363,1.0900010347361,0.00028488987789774417
2007-10-29,0.035396058,1.2500011694526,0.00032670857108278527
2007-10-30,0.042192101,1.4900013891847002,0.00038943661547538876
2007-10-31,0.032564374,1.1500010984978,0.0003005718913034159
2007-11-01,0.012742581,0.4500004252407,0.00011761508669741271
2007-11-02,0.076455486,2.7000025514442,0.0007056905201844764
2007-11-03,0.043607944,1.5400014599768002,0.00040250496459515693
2007-11-04,0.046722797,1.6500015592159003,0.00043125531789051335
2007-11-05,0.026051499,0.9200008717353,0.000240457511196716
2007-11-06,0.007645549,0.2700002692703,7.056905571048104e-05
2007-11-07,0.108736691,3.8400036216577003,0.0010036487379719052
2007-11-08,0.06456241,2.2800021404270003,0.0005959164355748578
2007-11-09,0.062297063,2.2000020907261,0.000575007093597379
2007-11-10,0.061164389,2.1600020482183,0.0005645524179935977
2007-11-11,0.063146568,2.2300021049496,0.0005828480956851731
2007-11-12,0.066827758,2.3600022254426003,0.00061682578678242
2007-11-13,0.070508948,2.4900023459356,0.0006508034778796671
2007-11-14,0.068526769,2.4200022892043003,0.0006325078001880917
2007-11-15,0.056067356,1.9800018569332,0.0005175063777765825
2007-11-16,0.062863399,2.2200020766653,0.000580234422169186
2007-11-17,0.062297063,2.2000020907261,0.000575007093597379
2007-11-18,0.060031715,2.1200020057105,0.0005540977423898166
2007-11-19,0.065695084,2.3200021829348003,0.0006063711111786389
2007-11-20,0.073623801,2.6000024451747,0.0006795538311750235
2007-11-21,0.068809937,2.4300022821739002,0.0006351214644739953
2007-11-22,0.059748546,2.1100019774262,0.0005514840688738296
2007-11-23,0.054651514,1.9300018214558001,0.0005044380378868979
2007-11-24,0.029166352,1.0300009709744,0.0002692078644920724
2007-11-25,0.041342596,1.4600013749612002,0.0003815956133875946
2007-11-26,0.022370309,0.7900007512423001,0.00020647982009946902
2007-11-27,0.020954466,0.7400006804502001,0.00019341147097970085
2007-11-28,0.018972287,0.6700006237189001,0.00017511579328812558
2007-11-29,0.015574266,0.5500005315102,0.0001437517757068656
2007-11-30,0.052386166,1.8500017364402,0.00048352868667933557
2007-12-01,1.078871855,38.10003589776851,0.009958077312690694
2007-12-02,7.362380114,260.0002450118758,0.06795538324672351
2007-12-03,1.820773236,64.3000605973692,0.016805889011689917
2007-12-04,0.605980517,21.4000201636999,0.005593250774226821
2007-12-05,0.396435852,14.0000131826244,0.003659136018279395
2007-12-06,0.288831835,10.2000096034745,0.0026659419559112714
2007-12-07,0.232481311,8.2100077535717,0.0021458219138487853
2007-12-08,0.209827833,7.4100069740451,0.001936728420233329
2007-12-09,0.255701125,9.0300085190375,0.0023601427360360485
2007-12-10,0.843842028,29.8000280662116,0.007788732383348442
2007-12-11,0.586158724,20.700019490442802,0.005410293969620819
2007-12-12,0.288831835,10.2000096034745,0.0026659419559112714
2007-12-13,0.207562486,7.3300069243442,0.0019158190782558504
2007-12-14,0.183493166,6.4800061093402,0.0016936572447507098
2007-12-15,0.087499056,3.0900029129232003,0.0008076235934762173
2007-12-16,0.115249566,4.070003848420201,0.001063763118078605
2007-12-17,0.118364419,4.1800039476593005,0.0010925134713739614
2007-12-18,0.108453522,3.8300035933734002,0.001001035064455918
2007-12-19,0.050403987,1.7800016797089,0.00046523300898776025
2007-12-20,0.079853507,2.8200026436529004,0.0007370545377657364
2007-12-21,0.057766367,2.0400019206949,0.0005331883911822542
2007-12-22,0.022653477,0.8000007442119001,0.00020909348438537256
2007-12-23,0.025201993,0.8900008221971,0.0002326164998788384
2007-12-24,0.027184173,0.9600009142431,0.00025091218680049716
2007-12-25,0.020954466,0.7400006804502001,0.00019341147097970085
2007-12-26,0.022370309,0.7900007512423001,0.00020647982009946902
2007-12-27,0.034546553,1.2200011552291001,0.0003188675689949912
2007-12-28,0.070508948,2.4900023459356,0.0006508034778796671
2007-12-29,0.059465378,2.1000019844566,0.000548870404587926
2007-12-30,0.021803972,0.7700007299884001,0.00020125248229757847
2007-12-31,0.017839613,0.6300005812111,0.0001646611176843444
2008-01-01,0.024352488,0.8600008079736,0.00022477549779104425
2008-01-02,0.015291097,0.5400005032259,0.00014113810219087858
2008-01-03,0.014158423,0.5000004607181,0.00013068342658709742
2008-01-04,0.01840595,0.650000602465,0.000169888455486235
2008-01-05,0.043324775,1.5300014316925001,0.00039989129107916987
2008-01-06,0.484218077,17.100016123831903,0.0044693732852716
2008-01-07,2.081288225,73.50006927940751,0.019210464114426996
2008-01-08,0.642792418,22.7000214039446,0.005933027694429375
2008-01-09,0.294495205,10.4000098160135,0.002718215333930177
2008-01-10,0.101940648,3.6000034019256,0.0009409206935793017
2008-01-11,0.0996753,3.52000331691,0.0009200113423717395
2008-01-12,0.094295099,3.3300031326553,0.0008703516378688207
2008-01-13,0.104489164,3.6900034799108,0.0009644437090727677
2008-01-14,0.157158499,5.550005244635301,0.0014505860692680902
2008-01-15,0.165370384,5.840005499844801,0.0015263824535503784
2008-01-16,0.174148607,6.150005811622901,0.0016074061848646408
2008-01-17,0.163388205,5.770005443113501,0.001508086775858803
2008-01-18,0.087499056,3.0900029129232003,0.0008076235934762173
2008-01-19,0.11808125,4.1700039193750005,0.0010898997978579744
2008-01-20,0.094295099,3.3300031326553,0.0008703516378688207
2008-01-21,0.022653477,0.8000007442119001,0.00020909348438537256
2008-01-22,0.020671298,0.7300006874806001,0.0001907978066937973
2008-01-23,0.01840595,0.650000602465,0.000169888455486235
2008-01-24,0.03511289,1.2400011764830001,0.00032409490679688176
2008-01-25,0.040776259,1.4400013537073002,0.000376368275585704
2008-01-26,0.04983765,1.760001658455,0.0004600056711858697
2008-01-27,0.052669335,1.8600017647245,0.0004861423601953226
2008-01-28,2.018991162,71.3000671886814,0.018635457020829613
2008-01-29,6.682775796,236.0002224030012,0.06168257864132167
2008-01-30,4.502378608,159.0001498279376,0.041557330522324826
2008-01-31,1.716000903,60.60005708917411,0.01583883162910116
2008-02-01,0.671109264,23.700022325380804,0.00619439454760357
2008-02-02,0.521029977,18.4000173287619,0.00480915019624407
2008-02-03,0.489881446,17.3000163010562,0.004521646654060422
2008-02-04,0.733406327,25.900024416106902,0.006769401641200948
2008-02-05,0.594653778,21.0000197739366,0.005488704027419093
2008-02-06,1.172317449,41.400039016200296,0.01082058794847172
2008-02-07,1.478139392,52.200049186662405,0.013643350019979543
2008-02-08,0.908970776,32.1000302632072,0.008389876165955273
2008-02-09,0.724911273,25.600024132613104,0.006690991583402674
2008-02-10,0.586158724,20.700019490442802,0.005410293969620819
2008-02-11,1.985010946,70.1000660547062,0.018321816789636514
2008-02-12,2.641961787,93.3000879193689,0.024385527910652988
2008-02-13,2.432417122,85.9000809382934,0.02245141315470556
2008-02-14,3.567922671,126.0001187495637,0.03293222419220481
2008-02-15,3.82277429,135.00012721906302,0.035284525916922986
2008-02-16,1.860416821,65.7000619085687,0.017171802611671838
2008-02-17,1.546099824,54.6000514546128,0.014270630482365742
2008-02-18,1.58008004,55.800052588588,0.014584270713558844
2008-02-19,1.350713582,47.7000449342554,0.012467199153005414
2008-02-20,1.322396736,46.7000440128192,0.01220583229983122
2008-02-21,1.379030429,48.7000458910063,0.012728566015409693
2008-02-22,2.803367813,99.00009330575111,0.025875319008820213
2008-02-23,2.531526085,89.4000842339495,0.023366197159275407
2008-02-24,1.894397037,66.9000630425439,0.01748544284286494
2008-02-25,1.503624554,53.1000500371438,0.013878580193374367
2008-02-26,1.738654381,61.4000578687007,0.016047925122716616
2008-02-27,1.650872156,58.3000549274932,0.015237687855724415
2008-02-28,1.478139392,52.200049186662405,0.013643350019979543
2008-02-29,1.599901832,56.500053226530405,0.014767227508934761
2008-03-01,3.058219432,108.0001017752504,0.028227620733538385
2008-03-02,3.964358523,140.0001319321881,0.0365913602104842
2008-03-03,6.059805171,214.0002016723137,0.055932507751498294
2008-03-04,3.65287321,129.000121549187,0.033716324760957476
2008-03-05,1.95103073,68.90006492073101,0.018008176558443414
2008-03-06,1.724495957,60.9000573726679,0.01591724168689944
2008-03-07,1.534773085,54.200051064849504,0.014166083735558017
2008-03-08,1.211961034,42.8000403273998,0.011186501548453642
2008-03-09,1.061881747,37.5000353307809,0.009801257197094142
2008-03-10,1.155327341,40.8000384492127,0.01066376783287517
2008-03-11,1.571584986,55.5000523050942,0.014505860655760568
2008-03-12,2.514535977,88.80008366696191,0.02320937704367886
2008-03-13,3.029902585,107.0001008184995,0.027966253871134106
2008-03-14,3.539605824,125.00011779281282,0.03267085732980053
2008-03-15,3.539605824,125.00011779281282,0.03267085732980053
2008-03-16,3.398021591,120.00011307968771,0.03136402303623931
2008-03-17,1.885901983,66.6000627590501,0.017407032785066667
2008-03-18,0.801366759,28.3000266840573,0.007396682103587149
2008-03-19,0.368119006,13.000012261188202,0.003397769165105201
2008-03-20,0.249754587,8.8200083135289,0.002305255693731239
2008-03-21,0.180661481,6.380006003070701,0.001667520555741257
2008-03-22,0.150079287,5.300004996618901,0.0013852443513594998
2008-03-23,0.246922902,8.7200082072594,0.0022791190047217864
2008-03-24,0.143283244,5.0600047768868,0.0013225163069668965
2008-03-25,0.083534697,2.9500027641459003,0.0007710322288629834
2008-03-26,0.073340633,2.5900024522051,0.0006769401668891199
2008-03-27,0.056350525,1.9900018852175,0.0005201200512925697
2008-03-28,0.048704976,1.7200016159472,0.0004495509955820885
2008-03-29,0.040493091,1.4300013607377002,0.0003737546112998005
2008-03-30,0.034263384,1.2100011269448,0.00031625389547900416
2008-03-31,0.031714868,1.1200010489596002,0.00029273087998553827
2008-04-01,0.033980216,1.2000011339752001,0.0003136402311931006
2008-04-02,0.923129199,32.6000307239253,0.008520559592542372
2008-04-03,0.781544966,27.600026010800203,0.007213725298981146
2008-04-04,2.002001054,70.70006662169381,0.018478636905233065
2008-04-05,1.279921466,45.200042595350205,0.011813782010839845
2008-04-06,0.580495355,20.500019313218502,0.005358020600831997
2008-04-07,1.279921466,45.200042595350205,0.011813782010839845
2008-04-08,1.030733216,36.4000343030752,0.009513753654910495
2008-04-09,1.002416369,35.40003334632431,0.009252386792506218
2008-04-10,1.030733216,36.4000343030752,0.009513753654910495
2008-04-11,0.821188551,29.000027321999703,0.0075796388989630694
2008-04-12,0.648455787,22.9000215811689,0.0059853010632181965
2008-04-13,0.481386392,17.0000160175624,0.004443236596262147
2008-04-14,0.286000151,10.1000095325197,0.002639805276131902
2008-04-15,0.189722872,6.7000063078184,0.0017511579513414225
2008-04-16,0.421921014,14.9000140331058,0.003894366191674221
2008-04-17,0.795703389,28.1000264715183,0.007344408725568245
2008-04-18,0.671109264,23.700022325380804,0.00619439454760357
2008-04-19,0.580495355,20.500019313218502,0.005358020600831997
2008-04-20,0.41342596,14.600013749612,0.0038159561338759456
2008-04-21,0.353960582,12.500011765155401,0.00326708572928802
2008-04-22,0.075322812,2.6600025089364,0.0006952358445806952
2008-04-23,0.063429736,2.2400020979192004,0.0005854617599710765
2008-04-24,0.038510911,1.3600012686917002,0.0003554589243781417
2008-04-25,0.027184173,0.9600009142431,0.00025091218680049716
2008-04-26,0.011893076,0.42000041101720004,0.00010977408460961861
2008-04-27,0.011326739,0.40000038976330005,0.00010454674680772804
2008-04-28,0.011609907,0.4100003827329,0.00010716041109363156
2008-04-29,0.011326739,0.40000038976330005,0.00010454674680772804
2008-04-30,0.009627728,0.3400003260016,8.886473340205631e-05
2008-05-01,0.008495054,0.30000028349380004,7.841005779827515e-05
2008-05-02,0.009910896,0.35000031897120004,9.147839768795984e-05
2008-05-03,0.010760402,0.38000036850940005,9.931940900583746e-05
2008-05-04,0.011609907,0.4100003827329,0.00010716041109363156
2008-05-05,0.010760402,0.38000036850940005,9.931940900583746e-05
2008-05-06,0.01104357,0.390000361479,0.000101933073291741
2008-05-07,0.01104357,0.390000361479,0.000101933073291741
2008-05-08,0.017839613,0.6300005812111,0.0001646611176843444
2008-05-09,0.009061391,0.3200003047477,8.363739560016573e-05
2008-05-10,0.008211886,0.2900002905242,7.57963935123716e-05
2008-05-11,0.008211886,0.2900002905242,7.57963935123716e-05
2008-05-12,0.007079212,0.25000024801640003,6.534171790859045e-05
2008-05-13,0.009627728,0.3400003260016,8.886473340205631e-05
2008-05-14,0.010477233,0.37000034022510003,9.670573548985042e-05
2008-05-15,0.008495054,0.30000028349380004,7.841005779827515e-05
2008-05-16,0.007079212,0.25000024801640003,6.534171790859045e-05
2008-05-17,0.008778222,0.31000027646340006,8.102372208417869e-05
2008-05-18,0.010760402,0.38000036850940005,9.931940900583746e-05
2008-05-19,0.007645549,0.2700002692703,7.056905571048104e-05
2008-05-20,0.006229706,0.22000019847820002,5.750070659071284e-05
2008-05-21,0.004247527,0.15000014174690002,3.9205028899137574e-05
2008-05-22,0.007645549,0.2700002692703,7.056905571048104e-05
2008-05-23,0.010760402,0.38000036850940005,9.931940900583746e-05
2008-05-24,0.009910896,0.35000031897120004,9.147839768795984e-05
2008-05-25,0.008778222,0.31000027646340006,8.102372208417869e-05
2008-05-26,0.006796043,0.2400002197321,6.272804439260342e-05
2008-05-27,0.005380201,0.19000018425470003,4.965970450291873e-05
2008-05-28,0.00368119,0.130000120493,3.3977691097247e-05
2008-05-29,0.001132674,0.0400000425078,1.0454675603781153e-05
2008-05-30,,,
2008-05-31,,,
2008-06-01,0.001982179,0.07000005673130001,1.8295677691575268e-05
2008-06-02,0.000566337,0.0200000212539,5.2273378018905765e-06
2008-06-03,,,
2008-06-04,,,
2008-06-05,,,
2008-06-06,0.001415842,0.05000003547740001,1.306833988968469e-05
2008-06-07,,,
2008-06-08,,,
2008-06-09,,,
2008-06-10,,,
2008-06-11,,,
2008-06-12,,,
2008-06-13,,,
2008-06-14,,,
2008-06-15,,,
2008-06-16,,,
2008-06-17,,,
2008-06-18,,,
2008-06-19,,,
2008-06-20,,,
2008-06-21,,,
2008-06-22,,,
2008-06-23,,,
2008-06-24,,,
2008-06-25,,,
2008-06-26,,,
2008-06-27,,,
2008-06-28,,,
2008-06-29,,,
2008-06-30,,,
2008-07-01,,,
2008-07-02,,,
2008-07-03,,,
2008-07-04,,,
2008-07-05,,,
2008-07-06,,,
2008-07-07,,,
2008-07-08,,,
2008-07-09,,,
2008-07-10,,,
2008-07-11,,,
2008-07-12,,,
2008-07-13,,,
2008-07-14,,,
2008-07-15,0.013025749,0.4600004182103,0.00012022875098331625
2008-07-16,4.757230227,168.0001582974369,0.043909632247042994
2008-07-17,1.268594727,44.800042205586905,0.011709235264032116
2008-07-18,0.70508948,24.900023459356003,0.006508034778796671
2008-07-19,0.270425885,9.5500090010095,0.0024960535004250363
2008-07-20,0.026901004,0.9500008859588001,0.00024829851328451015
2008-07-21,0.007928717,0.28000026223990004,7.318271999638457e-05
2008-07-22,1.939703992,68.5000645662824,0.01790362982086577
2008-07-23,5.125349233,181.0001705586251,0.047307401412148196
2008-07-24,2.395605222,84.6000797333634,0.02211163624373309
2008-07-25,0.57766367,20.400019206949,0.005331883911822543
2008-07-26,0.566336932,20.0000188525004,0.005227337174244898
2008-07-27,0.080986181,2.8600026861607004,0.0007475092133695174
2008-07-28,0.074190138,2.6200024664286,0.000684781168976914
2008-07-29,0.066261421,2.3400022041887003,0.0006115984489805295
2008-07-30,0.008778222,0.31000027646340006,8.102372208417869e-05
2008-07-31,0.00368119,0.130000120493,3.3977691097247e-05
2008-08-01,0.000566337,0.0200000212539,5.2273378018905765e-06
2008-08-02,,,
2008-08-03,,,
2008-08-04,,,
2008-08-05,,,
2008-08-06,,,
2008-08-07,1.803783128,63.70006003038161,0.016649068896093366
2008-08-08,3.681190057,130.0001225059379,0.033977691623361755
2008-08-09,6.371290483,225.0002120200001,0.05880754319179494
2008-08-10,2.888318352,102.00009610537441,0.026659419577572886
2008-08-11,1.115683756,39.4000371380132,0.010297854232893247
2008-08-12,0.586158724,20.700019490442802,0.005410293969620819
2008-08-13,0.113267386,4.0000037563742,0.0010454674311569463
2008-08-14,0.01104357,0.390000361479,0.000101933073291741
2008-08-15,0.002548516,0.0900000779852,2.3523015493465843e-05
2008-08-16,0.000283168,0.0099999929696,2.613664285903536e-06
2008-08-17,1.141168918,40.3000379884946,0.010533084406288072
2008-08-18,0.467227969,16.500015556844303,0.004312553169675049
2008-08-19,0.123178283,4.3500041106601,0.0011369458380749897
2008-08-20,0.024352488,0.8600008079736,0.00022477549779104425
2008-08-21,0.007645549,0.2700002692703,7.056905571048104e-05
2008-08-22,0.000849505,0.0300000142235,7.841002087794113e-06
2008-08-23,,,
2008-08-24,,,
2008-08-25,,,
2008-08-26,,,
2008-08-27,,,
2008-08-28,,,
2008-08-29,,,
2008-08-30,,,
2008-08-31,0.004247527,0.15000014174690002,3.9205028899137574e-05
2008-09-01,0.891980668,31.500029696219602,0.008233056050358723
2008-09-02,2.336139844,82.5000777489068,0.02156276583914516
2008-09-03,0.688099372,24.300022892368403,0.00635121466320012
2008-09-04,0.227667447,8.0400075905709,0.002101389547147757
2008-09-05,0.016990108,0.6000005669876001,0.0001568201155965503
2008-09-06,0.002831685,0.10000010626950001,2.6136689009452884e-05
2008-09-07,0.000566337,0.0200000212539,5.2273378018905765e-06
2008-09-08,,,
2008-09-09,,,
2008-09-10,0.22511893,7.950007477271,0.002077866522424208
2008-09-11,0.035679227,1.2600011977369001,0.0003293222445987723
2008-09-12,0.275806086,9.740009185264201,0.0025457132049279555
2008-09-13,0.236445669,8.3500078670343,0.0021824132692319356
2008-09-14,0.047572302,1.6800015734394,0.0004390963199783074
2008-09-15,0.012176244,0.4300004039868,0.00011238774889552213
2008-09-16,0.008495054,0.30000028349380004,7.841005779827515e-05
2008-09-17,0.006229706,0.22000019847820002,5.750070659071284e-05
2008-09-18,0.005663369,0.2000001772243,5.227336878882226e-05
2008-09-19,0.002831685,0.10000010626950001,2.6136689009452884e-05
2008-09-20,0.000849505,0.0300000142235,7.841002087794113e-06
2008-09-21,0.000283168,0.0099999929696,2.613664285903536e-06
2008-09-22,,,
2008-09-23,,,
2008-09-24,,,
2008-09-25,,,
2008-09-26,,,
2008-09-27,,,
2008-09-28,,,
2008-09-29,,,
2008-09-30,,,
2008-10-01,,,
2008-10-02,,,
2008-10-03,,,
2008-10-04,0.003114853,0.11000009923910001,2.875035329535642e-05
2008-10-05,0.021520803,0.7600007017041001,0.0001986388087815914
2008-10-06,0.009344559,0.33000029771730005,8.625105988606926e-05
2008-10-07,0.030865363,1.0900010347361,0.00028488987789774417
2008-10-08,0.001132674,0.0400000425078,1.0454675603781153e-05
2008-10-09,0.000566337,0.0200000212539,5.2273378018905765e-06
2008-10-10,,,
2008-10-11,,,
2008-10-12,,,
2008-10-13,,,
2008-10-14,,,
2008-10-15,,,
2008-10-16,,,
2008-10-17,,,
2008-10-18,,,
2008-10-19,,,
2008-10-20,,,
2008-10-21,,,
2008-10-22,,,
2008-10-23,,,
2008-10-24,,,
2008-10-25,,,
2008-10-26,,,
2008-10-27,0.004530695,0.16000013471650001,4.181869318504111e-05
2008-10-28,0.01104357,0.390000361479,0.000101933073291741
2008-10-29,0.010760402,0.38000036850940005,9.931940900583746e-05
2008-10-30,0.011326739,0.40000038976330005,0.00010454674680772804
2008-10-31,0.011326739,0.40000038976330005,0.00010454674680772804
2008-11-01,0.011326739,0.40000038976330005,0.00010454674680772804
2008-11-02,0.012459413,0.44000043227110003,0.0001150014224115092
2008-11-03,0.013875255,0.49000046774850003,0.00012806976230119387
2008-11-04,0.013592086,0.4800004394642,0.00012545608878520683
2008-11-05,0.011893076,0.42000041101720004,0.00010977408460961861
2008-11-06,0.009627728,0.3400003260016,8.886473340205631e-05
2008-11-07,0.024635657,0.8700008362579,0.00022738917130703132
2008-11-08,0.012176244,0.4300004039868,0.00011238774889552213
2008-11-09,0.004530695,0.16000013471650001,4.181869318504111e-05
2008-11-10,0.078720834,2.7800026364598,0.0007265998713920386
2008-11-11,0.055501019,1.9600018356793,0.000512279039974692
2008-11-12,0.02208714,0.780000722958,0.000203866146583482
2008-11-13,0.020671298,0.7300006874806001,0.0001907978066937973
2008-11-14,0.022936646,0.8100007724962001,0.00021170715790135963
2008-11-15,0.020104961,0.7100006662267001,0.00018557046889190672
2008-11-16,0.032564374,1.1500010984978,0.0003005718913034159
2008-11-17,0.0314317,1.11000105599,0.00029011721569963475
2008-11-18,0.025485162,0.9000008504814,0.00023523017339482542
2008-11-19,0.023219814,0.8200007654658,0.00021432082218726312
2008-11-20,0.02038813,0.720000694511,0.00018818414240789376
2008-11-21,0.02406932,0.8500008150040002,0.00022216183350514076
2008-11-22,0.025201993,0.8900008221971,0.0002326164998788384
2008-11-23,0.024352488,0.8600008079736,0.00022477549779104425
2008-11-24,0.024918825,0.8800008292275,0.00023000283559293486
2008-11-25,0.026051499,0.9200008717353,0.000240457511196716
2008-11-26,0.033130711,1.1700011197517002,0.0003057992291053065
2008-11-27,0.393604168,13.9000131116696,0.003632999338500026
2008-11-28,0.733406327,25.900024416106902,0.006769401641200948
2008-11-29,1.333723474,47.1000443672678,0.012310379037408864
2008-11-30,0.756059804,26.7000251603188,0.00697849512558632
2008-12-01,0.33413879,11.800011127213,0.0030841289339121
2008-12-02,0.119780261,4.2300039831367,0.0011055818112636461
2008-12-03,0.059748546,2.1100019774262,0.0005514840688738296
2008-12-04,0.037944574,1.3400012474378002,0.00035023158657625117
2008-12-05,0.022653477,0.8000007442119001,0.00020909348438537256
2008-12-06,0.016990108,0.6000005669876001,0.0001568201155965503
2008-12-07,0.016423771,0.5800005457337001,0.00015159277779465971
2008-12-08,0.018972287,0.6700006237189001,0.00017511579328812558
2008-12-09,0.195386241,6.9000064850427,0.0018034313201302447
2008-12-10,0.159707015,5.6400053226205005,0.0014741090847615562
2008-12-11,0.086932719,3.0700028916693003,0.0008023962556743268
2008-12-12,0.030865363,1.0900010347361,0.00028488987789774417
2008-12-13,0.077871328,2.7500025869216005,0.0007187588600741611
2008-12-14,0.08495054,3.0000028349380004,0.0007841005779827515
2008-12-15,0.08495054,3.0000028349380004,0.0007841005779827515
2008-12-16,0.106188175,3.7500035436725,0.0009801257224784394
2008-12-17,0.080419844,2.8400026649068004,0.0007422818755676269
2008-12-18,0.027467341,0.9700009072127,0.0002535258510864007
2008-12-19,0.075889149,2.6800025301903,0.0007004631823825857
2008-12-20,0.024635657,0.8700008362579,0.00022738917130703132
2008-12-21,0.027467341,0.9700009072127,0.0002535258510864007
2008-12-22,0.026617836,0.9400008929892,0.0002456848489986066
2008-12-23,0.06088122,2.150002019934,0.0005619387444776107
2008-12-24,0.067677263,2.3900022396661003,0.0006246667888702141
2008-12-25,0.107604017,3.8000035791499003,0.000993194062368124
2008-12-26,0.098825795,3.4900033026865,0.0009121703402839452
2008-12-27,0.08495054,3.0000028349380004,0.0007841005779827515
2008-12-28,0.08495054,3.0000028349380004,0.0007841005779827515
2008-12-29,0.113267386,4.0000037563742,0.0010454674311569463
2008-12-30,0.165087216,5.8300055068752,0.001523768789264475
2008-12-31,0.08495054,3.0000028349380004,0.0007841005779827515
2009-01-01,0.085516877,3.0200028561919003,0.0007893279157846422
2009-01-02,0.117231745,4.1400039051515005,0.0010820587957701803
2009-01-03,0.072207959,2.5500024096973,0.0006664854912853388
2009-01-04,0.109019859,3.8500036146273002,0.0010062624022578088
2009-01-05,0.06088122,2.150002019934,0.0005619387444776107
2009-01-06,0.065128747,2.3000021616809003,0.0006011437733767482
2009-01-07,0.06088122,2.150002019934,0.0005619387444776107
2009-01-08,0.059465378,2.1000019844566,0.000548870404587926
2009-01-09,0.053802009,1.9000018072323,0.0004965970357991037
2009-01-10,0.056633693,2.0000018781871,0.0005227337155784732
2009-01-11,0.056633693,2.0000018781871,0.0005227337155784732
2009-01-12,0.056633693,2.0000018781871,0.0005227337155784732
2009-01-13,0.065128747,2.3000021616809003,0.0006011437733767482
2009-01-14,0.064845579,2.2900021687113004,0.0005985301090908448
2009-01-15,0.065128747,2.3000021616809003,0.0006011437733767482
2009-01-16,0.067960432,2.4000022679504003,0.0006272804623862012
2009-01-17,0.067960432,2.4000022679504003,0.0006272804623862012
2009-01-18,0.065411916,2.3100021899652003,0.0006037574468927353
2009-01-19,0.06456241,2.2800021404270003,0.0005959164355748578
2009-01-20,0.05720003,2.020001899441,0.0005279610533803638
2009-01-21,0.05720003,2.020001899441,0.0005279610533803638
2009-01-22,0.094861436,3.3500031539092,0.0008755789756707112
2009-01-23,0.166219889,5.870005514068301,0.0015342234556381725
2009-01-24,0.900475722,31.800029979713404,0.008311466108156999
2009-01-25,1.427169068,50.4000474856996,0.013172889673189891
2009-01-26,1.291248205,45.600042985113504,0.011918328757647572
2009-01-27,0.883485614,31.200029412725804,0.008154645992560449
2009-01-28,0.438911122,15.500014600093401,0.0040511863072707705
2009-01-29,0.112701049,3.9800037351203,0.0010402400933550557
2009-01-30,0.06088122,2.150002019934,0.0005619387444776107
2009-01-31,0.02775051,0.9800009354970001,0.00025613952460238774
2009-02-01,0.081835687,2.8900027356989004,0.0007553502246873951
2009-02-02,0.271841727,9.6000090364869,0.002509121840314721
2009-02-03,0.252019935,8.9000083985445,0.002326165044938801
2009-02-04,0.161122857,5.690005358097901,0.001487177424651241
2009-02-05,0.152627803,5.3900050746041,0.0014087673668529658
2009-02-06,0.203881295,7.2000067685365,0.00188184137792852
2009-02-07,0.266178358,9.4000088592626,0.002456848471525899
2009-02-08,0.23814468,8.410007930796,0.0021980952826376075
2009-02-09,0.17160009,6.060005698323001,0.0015838831601410913
2009-02-10,0.223703088,7.9000074417936,0.002064798182534523
2009-02-11,0.246356565,8.700008186005501,0.0022738916669198957
2009-02-12,0.305821943,10.8000101704621,0.0028227620715078217
2009-02-13,0.286000151,10.1000095325197,0.002639805276131902
2009-02-14,0.311485313,11.0000103830011,0.0028750354495267272
2009-02-15,0.365287321,12.9000121549187,0.003371632476095748
2009-02-16,0.464396284,16.400015450574802,0.004286416480665597
2009-02-17,0.569168616,20.100018923455202,0.005253473854024268
2009-02-18,0.727742957,25.700024203567903,0.006717128263182043
2009-02-19,0.914634145,32.3000304404315,0.008442149534744096
2009-02-20,0.863663821,30.500028739468704,0.007971689187954446
2009-02-21,0.764554858,27.0000254438126,0.007056905183384596
2009-02-22,0.529525031,18.700017612255703,0.004887560254042345
2009-02-23,0.297326889,10.5000098869683,0.0027443520137095463
2009-02-24,0.129407989,4.570004309138301,0.0011944465446657026
2009-02-25,0.061447557,2.1700020411879,0.0005671660822795013
2009-02-26,0.047289134,1.6700015804698,0.00043648265569240383
2009-02-27,0.032847542,1.1600010914674002,0.00030318555558931943
2009-02-28,0.0314317,1.11000105599,0.00029011721569963475
2009-03-01,0.022936646,0.8100007724962001,0.00021170715790135963
2009-03-02,0.021237635,0.7500007087345001,0.00019602514449568788
2009-03-03,0.020104961,0.7100006662267001,0.00018557046889190672
2009-03-04,0.019538624,0.6900006449728001,0.00018034313109001614
2009-03-05,0.017273276,0.6100005599572,0.00015943377988245384
2009-03-06,0.018972287,0.6700006237189001,0.00017511579328812558
2009-03-07,0.02038813,0.720000694511,0.00018818414240789376
2009-03-08,0.022370309,0.7900007512423001,0.00020647982009946902
2009-03-09,0.021803972,0.7700007299884001,0.00020125248229757847
2009-03-10,0.022370309,0.7900007512423001,0.00020647982009946902
2009-03-11,0.084667371,2.9900028066537003,0.0007814869044667645
2009-03-12,0.029732689,1.0500009922283,0.000274435202293963
2009-03-13,0.025201993,0.8900008221971,0.0002326164998788384
2009-03-14,0.022936646,0.8100007724962001,0.00021170715790135963
2009-03-15,0.022936646,0.8100007724962001,0.00021170715790135963
2009-03-16,0.022936646,0.8100007724962001,0.00021170715790135963
2009-03-17,0.023219814,0.8200007654658,0.00021432082218726312
2009-03-18,0.023219814,0.8200007654658,0.00021432082218726312
2009-03-19,0.023219814,0.8200007654658,0.00021432082218726312
2009-03-20,0.023502983,0.8300007937501,0.00021693449570325018
2009-03-21,0.035679227,1.2600011977369001,0.0003293222445987723
2009-03-22,0.043891112,1.5500014529464001,0.00040511862888106045
2009-03-23,0.039077248,1.3800012899456002,0.0003606862621800323
2009-03-24,0.034546553,1.2200011552291001,0.0003188675689949912
2009-03-25,0.024635657,0.8700008362579,0.00022738917130703132
2009-03-26,0.022653477,0.8000007442119001,0.00020909348438537256
2009-03-27,0.033130711,1.1700011197517002,0.0003057992291053065
2009-03-28,0.030582194,1.0800010064518,0.00028227620438175716
2009-03-29,0.028316847,1.0000009567509,0.0002613668624042783
2009-03-30,0.054368345,1.9200017931715,0.0005018243643709108
2009-03-31,0.074473307,2.6300024947129,0.0006873948424929011
2009-04-01,0.031148531,1.1000010277057,0.0002875035421836477
2009-04-02,0.02406932,0.8500008150040002,0.00022216183350514076
2009-04-03,0.056916862,2.0100019064714,0.0005253473890944601
2009-04-04,0.208128822,7.3500069102834,0.0019210464068276573
2009-04-05,0.036528732,1.2900012119604,0.00033716324668656643
2009-04-06,0.023219814,0.8200007654658,0.00021432082218726312
2009-04-07,0.05351884,1.8900017789480001,0.0004939833622831167
2009-04-08,0.09599411,3.390003196417,0.0008860336512744924
2009-04-09,0.055784188,1.9700018639636,0.0005148927134906791
2009-04-10,0.03879408,1.370001296976,0.00035807259789412876
2009-04-11,0.024918825,0.8800008292275,0.00023000283559293486
2009-04-12,0.035679227,1.2600011977369001,0.0003293222445987723
2009-04-13,0.023219814,0.8200007654658,0.00021432082218726312
2009-04-14,0.021803972,0.7700007299884001,0.00020125248229757847
2009-04-15,0.118364419,4.1800039476593005,0.0010925134713739614
2009-04-16,0.075322812,2.6600025089364,0.0006952358445806952
2009-04-17,0.047855471,1.6900016017237,0.00044170999349429446
2009-04-18,0.034263384,1.2100011269448,0.00031625389547900416
2009-04-19,0.025201993,0.8900008221971,0.0002326164998788384
2009-04-20,0.020954466,0.7400006804502001,0.00019341147097970085
2009-04-21,0.019538624,0.6900006449728001,0.00018034313109001614
2009-04-22,0.019821793,0.7000006732571,0.0001829568046060032
2009-04-23,0.018972287,0.6700006237189001,0.00017511579328812558
2009-04-24,0.017273276,0.6100005599572,0.00015943377988245384
2009-04-25,0.014441592,0.5100004890024,0.00013329710010308445
2009-04-26,0.016140603,0.5700005527641,0.0001489791135087562
2009-04-27,0.017839613,0.6300005812111,0.0001646611176843444
2009-04-28,0.017273276,0.6100005599572,0.00015943377988245384
2009-04-29,0.017273276,0.6100005599572,0.00015943377988245384
2009-04-30,0.017273276,0.6100005599572,0.00015943377988245384
2009-05-01,0.017839613,0.6300005812111,0.0001646611176843444
2009-05-02,0.018689119,0.6600006307493,0.00017250212900222201
2009-05-03,0.019255456,0.6800006520032,0.00017772946680411262
2009-05-04,0.019538624,0.6900006449728001,0.00018034313109001614
2009-05-05,0.017839613,0.6300005812111,0.0001646611176843444
2009-05-06,0.015857434,0.5600005244798001,0.00014636543999276913
2009-05-07,0.015291097,0.5400005032259,0.00014113810219087858
2009-05-08,0.014158423,0.5000004607181,0.00013068342658709742
2009-05-09,0.013875255,0.49000046774850003,0.00012806976230119387
2009-05-10,0.013875255,0.49000046774850003,0.00012806976230119387
2009-05-11,0.013592086,0.4800004394642,0.00012545608878520683
2009-05-12,0.011893076,0.42000041101720004,0.00010977408460961861
2009-05-13,0.010194065,0.3600003472555,9.409207120394688e-05
2009-05-14,0.010760402,0.38000036850940005,9.931940900583746e-05
2009-05-15,0.011326739,0.40000038976330005,0.00010454674680772804
2009-05-16,0.01104357,0.390000361479,0.000101933073291741
2009-05-17,0.00736238,0.260000240986,6.7955382194494e-05
2009-05-18,0.003964359,0.1400001487773,3.659136461323404e-05
2009-05-19,0.017273276,0.6100005599572,0.00015943377988245384
2009-05-20,0.010760402,0.38000036850940005,9.931940900583746e-05
2009-05-21,0.010760402,0.38000036850940005,9.931940900583746e-05
2009-05-22,0.031998037,1.1300010772439,0.00029534455350152533
2009-05-23,2.916635199,103.0000970621253,0.02692078643997716
2009-05-24,3.794457443,134.0001262623121,0.03502315905451871
2009-05-25,1.158159026,40.900038555482205,0.010689904521884622
2009-05-26,0.430416068,15.200014316599601,0.003972776249472496
2009-05-27,0.167352563,5.910005556576101,0.0015446781312419538
2009-05-28,0.059465378,2.1000019844566,0.000548870404587926
2009-05-29,0.019255456,0.6800006520032,0.00017772946680411262
2009-05-30,0.015007929,0.5300005102563,0.00013852443790497503
2009-05-31,0.013308918,0.4700004464946,0.0001228424244993033
2009-06-01,0.008211886,0.2900002905242,7.57963935123716e-05
2009-06-02,0.095144605,3.3600031821935,0.0008781926491866983
2009-06-03,0.027467341,0.9700009072127,0.0002535258510864007
2009-06-04,0.011893076,0.42000041101720004,0.00010977408460961861
2009-06-05,0.00736238,0.260000240986,6.7955382194494e-05
2009-06-06,0.002831685,0.10000010626950001,2.6136689009452884e-05
2009-06-07,0.001699011,0.06000006376170001,1.568201340567173e-05
2009-06-08,0.000566337,0.0200000212539,5.2273378018905765e-06
2009-06-09,,,
2009-06-10,,,
2009-06-11,,,
2009-06-12,0.011326739,0.40000038976330005,0.00010454674680772804
2009-06-13,0.002265348,0.0800000850156,2.0909351207562306e-05
2009-06-14,,,
2009-06-15,,,
2009-06-16,,,
2009-06-17,,,
2009-06-18,,,
2009-06-19,,,
2009-06-20,,,
2009-06-21,,,
2009-06-22,,,
2009-06-23,,,
2009-06-24,,,
2009-06-25,,,
2009-06-26,,,
2009-06-27,,,
2009-06-28,,,
2009-06-29,,,
2009-06-30,,,
2009-07-01,,,
2009-07-02,,,
2009-07-03,,,
2009-07-04,,,
2009-07-05,,,
2009-07-06,,,
2009-07-07,,,
2009-07-08,,,
2009-07-09,,,
2009-07-10,,,
2009-07-11,0.005946538,0.21000020550860002,5.4887042304809305e-05
2009-07-12,0.001132674,0.0400000425078,1.0454675603781153e-05
2009-07-13,,,
2009-07-14,,,
2009-07-15,,,
2009-07-16,,,
2009-07-17,,,
2009-07-18,,,
2009-07-19,,,
2009-07-20,,,
2009-07-21,,,
2009-07-22,,,
2009-07-23,,,
2009-07-24,,,
2009-07-25,,,
2009-07-26,,,
2009-07-27,,,
2009-07-28,,,
2009-07-29,0.501208185,17.7000166908195,0.00462619340086815
2009-07-30,0.201049611,7.1000066975817,0.0018557046981491506
2009-07-31,0.00736238,0.260000240986,6.7955382194494e-05
2009-08-01,0.447406176,15.8000148835872,0.004129596365069046
2009-08-02,0.685267688,24.200022821413604,0.006325077983420751
2009-08-03,0.165087216,5.8300055068752,0.001523768789264475
2009-08-04,0.024918825,0.8800008292275,0.00023000283559293486
2009-08-05,0.008211886,0.2900002905242,7.57963935123716e-05
2009-08-06,0.005380201,0.19000018425470003,4.965970450291873e-05
2009-08-07,0.002265348,0.0800000850156,2.0909351207562306e-05
2009-08-08,0.000849505,0.0300000142235,7.841002087794113e-06
2009-08-09,,,
2009-08-10,,,
2009-08-11,,,
2009-08-12,,,
2009-08-13,,,
2009-08-14,,,
2009-08-15,,,
2009-08-16,,,
2009-08-17,,,
2009-08-18,,,
2009-08-19,,,
2009-08-20,,,
2009-08-21,,,
2009-08-22,,,
2009-08-23,,,
2009-08-24,,,
2009-08-25,,,
2009-08-26,,,
2009-08-27,,,
2009-08-28,,,
2009-08-29,,,
2009-08-30,,,
2009-08-31,,,
2009-09-01,,,
2009-09-02,,,
2009-09-03,,,
2009-09-04,,,
2009-09-05,0.001699011,0.06000006376170001,1.568201340567173e-05
2009-09-06,1.483802761,52.4000493638867,0.013695623388768364
2009-09-07,0.603148832,21.3000200574304,0.005567114085217369
2009-09-08,0.039360417,1.3900013182299,0.0003632999356960193
2009-09-09,0.006796043,0.2400002197321,6.272804439260342e-05
2009-09-10,0.001982179,0.07000005673130001,1.8295677691575268e-05
2009-09-11,0.000849505,0.0300000142235,7.841002087794113e-06
2009-09-12,,,
2009-09-13,,,
2009-09-14,,,
2009-09-15,0.023502983,0.8300007937501,0.00021693449570325018
2009-09-16,0.001699011,0.06000006376170001,1.568201340567173e-05
2009-09-17,0.000283168,0.0099999929696,2.613664285903536e-06
2009-09-18,,,
2009-09-19,,,
2009-09-20,,,
2009-09-21,,,
2009-09-22,,,
2009-09-23,,,
2009-09-24,,,
2009-09-25,,,
2009-09-26,,,
2009-09-27,,,
2009-09-28,,,
2009-09-29,,,
2009-09-30,,,
2009-10-01,,,
2009-10-02,,,
2009-10-03,,,
2009-10-04,,,
2009-10-05,,,
2009-10-06,,,
2009-10-07,,,
2009-10-08,,,
2009-10-09,,,
2009-10-10,,,
2009-10-11,,,
2009-10-12,,,
2009-10-13,,,
2009-10-14,,,
2009-10-15,,,
2009-10-16,,,
2009-10-17,,,
2009-10-18,,,
2009-10-19,,,
2009-10-20,,,
2009-10-21,,,
2009-10-22,,,
2009-10-23,,,
2009-10-24,,,
2009-10-25,,,
2009-10-26,,,
2009-10-27,,,
2009-10-28,,,
2009-10-29,,,
2009-10-30,,,
2009-10-31,,,
2009-11-01,,,
2009-11-02,,,
2009-11-03,0.000283168,0.0099999929696,2.613664285903536e-06
2009-11-04,0.000283168,0.0099999929696,2.613664285903536e-06
2009-11-05,0.002548516,0.0900000779852,2.3523015493465843e-05
2009-11-06,0.005097032,0.1800001559704,4.7046030986931686e-05
2009-11-07,0.003398022,0.12000012752340002,3.136402681134346e-05
2009-11-08,0.003964359,0.1400001487773,3.659136461323404e-05
2009-11-09,0.005097032,0.1800001559704,4.7046030986931686e-05
2009-11-10,0.004813864,0.1700001630008,4.4432366701028156e-05
2009-11-11,0.004813864,0.1700001630008,4.4432366701028156e-05
2009-11-12,0.005663369,0.2000001772243,5.227336878882226e-05
2009-11-13,0.005946538,0.21000020550860002,5.4887042304809305e-05
2009-11-14,0.006229706,0.22000019847820002,5.750070659071284e-05
2009-11-15,0.009627728,0.3400003260016,8.886473340205631e-05
2009-11-16,0.002548516,0.0900000779852,2.3523015493465843e-05
2009-11-17,0.004247527,0.15000014174690002,3.9205028899137574e-05
2009-11-18,0.004813864,0.1700001630008,4.4432366701028156e-05
2009-11-19,0.005380201,0.19000018425470003,4.965970450291873e-05
2009-11-20,0.005380201,0.19000018425470003,4.965970450291873e-05
2009-11-21,0.005380201,0.19000018425470003,4.965970450291873e-05
2009-11-22,0.006229706,0.22000019847820002,5.750070659071284e-05
2009-11-23,0.006229706,0.22000019847820002,5.750070659071284e-05
2009-11-24,0.002831685,0.10000010626950001,2.6136689009452884e-05
2009-11-25,0.005097032,0.1800001559704,4.7046030986931686e-05
2009-11-26,0.002548516,0.0900000779852,2.3523015493465843e-05
2009-11-27,0.004247527,0.15000014174690002,3.9205028899137574e-05
2009-11-28,0.006229706,0.22000019847820002,5.750070659071284e-05
2009-11-29,0.010477233,0.37000034022510003,9.670573548985042e-05
2009-11-30,0.009344559,0.33000029771730005,8.625105988606926e-05
2009-12-01,0.005946538,0.21000020550860002,5.4887042304809305e-05
2009-12-02,0.006512875,0.2300002267625,6.011438010669987e-05
2009-12-03,0.008211886,0.2900002905242,7.57963935123716e-05
2009-12-04,0.002548516,0.0900000779852,2.3523015493465843e-05
2009-12-05,0.002831685,0.10000010626950001,2.6136689009452884e-05
2009-12-06,0.005097032,0.1800001559704,4.7046030986931686e-05
2009-12-07,0.009910896,0.35000031897120004,9.147839768795984e-05
2009-12-08,0.011609907,0.4100003827329,0.00010716041109363156
2009-12-09,0.006229706,0.22000019847820002,5.750070659071284e-05
2009-12-10,0.003114853,0.11000009923910001,2.875035329535642e-05
2009-12-11,0.001699011,0.06000006376170001,1.568201340567173e-05
2009-12-12,0.009910896,0.35000031897120004,9.147839768795984e-05
2009-12-13,0.020671298,0.7300006874806001,0.0001907978066937973
2009-12-14,0.018122782,0.6400006094954,0.00016727479120033146
2009-12-15,0.009344559,0.33000029771730005,8.625105988606926e-05
2009-12-16,0.010194065,0.3600003472555,9.409207120394688e-05
2009-12-17,0.008778222,0.31000027646340006,8.102372208417869e-05
2009-12-18,0.012742581,0.4500004252407,0.00011761508669741271
2009-12-19,0.009627728,0.3400003260016,8.886473340205631e-05
2009-12-20,0.008778222,0.31000027646340006,8.102372208417869e-05
2009-12-21,0.009627728,0.3400003260016,8.886473340205631e-05
2009-12-22,0.015574266,0.5500005315102,0.0001437517757068656
2009-12-23,0.016706939,0.5900005387033,0.00015420644208056326
2009-12-24,0.01104357,0.390000361479,0.000101933073291741
2009-12-25,0.006229706,0.22000019847820002,5.750070659071284e-05
2009-12-26,0.008211886,0.2900002905242,7.57963935123716e-05
2009-12-27,0.009344559,0.33000029771730005,8.625105988606926e-05
2009-12-28,0.005663369,0.2000001772243,5.227336878882226e-05
2009-12-29,0.00736238,0.260000240986,6.7955382194494e-05
2009-12-30,0.009910896,0.35000031897120004,9.147839768795984e-05
2009-12-31,0.010477233,0.37000034022510003,9.670573548985042e-05
2010-01-01,0.011326739,0.40000038976330005,0.00010454674680772804
2010-01-02,0.012742581,0.4500004252407,0.00011761508669741271
2010-01-03,0.009627728,0.3400003260016,8.886473340205631e-05
2010-01-04,0.008495054,0.30000028349380004,7.841005779827515e-05
2010-01-05,0.007079212,0.25000024801640003,6.534171790859045e-05
2010-01-06,0.007645549,0.2700002692703,7.056905571048104e-05
2010-01-07,0.009910896,0.35000031897120004,9.147839768795984e-05
2010-01-08,0.038227743,1.3500012757221,0.0003528452600922382
2010-01-09,0.016990108,0.6000005669876001,0.0001568201155965503
2010-01-10,0.012176244,0.4300004039868,0.00011238774889552213
2010-01-11,0.005946538,0.21000020550860002,5.4887042304809305e-05
2010-01-12,0.005097032,0.1800001559704,4.7046030986931686e-05
2010-01-13,0.005380201,0.19000018425470003,4.965970450291873e-05
2010-01-14,0.012742581,0.4500004252407,0.00011761508669741271
2010-01-15,0.013592086,0.4800004394642,0.00012545608878520683
2010-01-16,0.013592086,0.4800004394642,0.00012545608878520683
2010-01-17,0.019538624,0.6900006449728001,0.00018034313109001614
2010-01-18,0.024352488,0.8600008079736,0.00022477549779104425
2010-01-19,0.098542626,3.4800032744022,0.0009095566667679582
2010-01-20,2.16340708,76.400072008076,0.01996842800340029
2010-01-21,7.249112728,256.00024125550163,0.06690991581556657
2010-01-22,5.23861662,185.000174350314,0.04835286885253523
2010-01-23,2.944952046,104.0000980188762,0.02718215330238144
2010-01-24,1.24594125,44.000041461375005,0.011500141779646743
2010-01-25,0.464396284,16.400015450574802,0.004286416480665597
2010-01-26,0.229083289,8.090007626048301,0.002114457887037442
2010-01-27,0.195952578,6.9200065062966,0.0018086586579321355
2010-01-28,0.190289209,6.7200063290723,0.001756385289143313
2010-01-29,0.236728838,8.360007895318601,0.0021850269427479228
2010-01-30,0.286000151,10.1000095325197,0.002639805276131902
2010-01-31,0.27325757,9.650009107279,0.0025221901894344895
2010-02-01,0.203598127,7.1900067755669,0.0018792277136426166
2010-02-02,0.178679302,6.310005946339401,0.0016492248780496817
2010-02-03,0.090047572,3.1800029909084,0.0008311466089696832
2010-02-04,0.107320849,3.7900035861803,0.0009905803980822204
2010-02-05,0.094861436,3.3500031539092,0.0008755789756707112
2010-02-06,0.175564449,6.200005847100301,0.0016204745247543253
2010-02-07,0.221154572,7.8100073638084,0.002041275167041057
2010-02-08,0.903307406,31.900030050668203,0.008337602787936368
2010-02-09,1.70184248,60.100056628456,0.015708148202514066
2010-02-10,0.996753,35.2000331691,0.009200113423717396
2010-02-11,0.608812202,21.5000202699694,0.005619387463236274
2010-02-12,0.387940798,13.7000128991306,0.00358072596048112
2010-02-13,0.227950615,8.0500075835405,0.0021040032114336606
2010-02-14,0.288831835,10.2000096034745,0.0026659419559112714
2010-02-15,0.308653628,10.900010276731601,0.002848898760517275
2010-02-16,0.266461526,9.4100088522322,0.0024594621358118027
2010-02-17,0.234746658,8.2900078032726,0.002166731255826264
2010-02-18,0.205863475,7.2700068605825,0.0019001370648501787
2010-02-19,0.223136751,7.8800074205397,0.0020595708447326325
2010-02-20,0.272124896,9.610009064771202,0.0025117355138307086
2010-02-21,0.348297213,12.3000115879311,0.003214812360499198
2010-02-22,0.441742807,15.600014706362902,0.0040773229962802245
2010-02-23,1.175149134,41.5000391224698,0.010846724637481172
2010-02-24,0.605980517,21.4000201636999,0.005593250774226821
2010-02-25,0.563505247,19.900018746230902,0.005201200485235446
2010-02-26,0.815525182,28.800027144775402,0.007527365530174248
2010-02-27,0.57766367,20.400019206949,0.005331883911822543
2010-02-28,0.478554707,16.9000159112929,0.004417099907252694
2010-03-01,0.32847542,11.600010914674002,0.0030318555558931947
2010-03-02,0.356792267,12.6000118714249,0.0032932224182974728
2010-03-03,0.373782375,13.2000124384125,0.0034500425338940227
2010-03-04,0.382277429,13.5000127219063,0.003528452591692298
2010-03-05,0.387940798,13.7000128991306,0.00358072596048112
2010-03-06,0.302990259,10.7000100995073,0.0027966253917284523
2010-03-07,0.461564599,16.3000153443053,0.004260279791656144
2010-03-08,2.237030881,79.0000744532507,0.020647981834575318
2010-03-09,1.883070298,66.5000626527806,0.017380896096057214
2010-03-10,1.257267989,44.400041851138305,0.011604688526454472
2010-03-11,2.095446648,74.0000697401256,0.019341147541014087
2010-03-12,1.390357168,49.100046280769604,0.01283311276221742
2010-03-13,0.812693497,28.700027038505905,0.0075012288411647945
2010-03-14,0.591822094,20.9000197029818,0.005462567347639724
2010-03-15,0.889148983,31.4000295899501,0.00820691936134927
2010-03-16,0.569168616,20.100018923455202,0.005253473854024268
2010-03-17,0.305821943,10.8000101704621,0.0028227620715078217
2010-03-18,0.300158574,10.600009993237801,0.0027704887027189995
2010-03-19,0.258532809,9.1300085899923,0.002386279415815418
2010-03-20,0.240410028,8.4900080158116,0.00221900463384517
2010-03-21,0.23446349,8.280007810303001,0.0021641175915403607
2010-03-22,0.087499056,3.0900029129232003,0.0008076235934762173
2010-03-23,0.076455486,2.7000025514442,0.0007056905201844764
2010-03-24,0.067960432,2.4000022679504003,0.0006272804623862012
2010-03-25,0.065411916,2.3100021899652003,0.0006037574468927353
2010-03-26,0.052386166,1.8500017364402,0.00048352868667933557
2010-03-27,0.026617836,0.9400008929892,0.0002456848489986066
2010-03-28,0.02038813,0.720000694511,0.00018818414240789376
2010-03-29,0.018122782,0.6400006094954,0.00016727479120033146
2010-03-30,0.016706939,0.5900005387033,0.00015420644208056326
2010-03-31,0.014158423,0.5000004607181,0.00013068342658709742
2010-04-01,1.093030278,38.600036358486605,0.010088760739277792
2010-04-02,1.925545568,68.0000640702496,0.017772946385048588
2010-04-03,0.572000301,20.2000190297247,0.00527961054303372
2010-04-04,0.242392207,8.560008072542901,0.002237300311536745
2010-04-05,0.094861436,3.3500031539092,0.0008755789756707112
2010-04-06,0.034829721,1.2300011481987,0.0003214812332808947
2010-04-07,0.016706939,0.5900005387033,0.00015420644208056326
2010-04-08,0.172732764,6.100005740830801,0.0015943378357448725
2010-04-09,0.050687155,1.7900016726785,0.0004678466732736638
2010-04-10,0.025485162,0.9000008504814,0.00023523017339482542
2010-04-11,0.015007929,0.5300005102563,0.00013852443790497503
2010-04-12,0.014158423,0.5000004607181,0.00013068342658709742
2010-04-13,0.017839613,0.6300005812111,0.0001646611176843444
2010-04-14,0.016423771,0.5800005457337001,0.00015159277779465971
2010-04-15,0.016706939,0.5900005387033,0.00015420644208056326
2010-04-16,0.016990108,0.6000005669876001,0.0001568201155965503
2010-04-17,0.532356716,18.8000177185252,0.004913696943051798
2010-04-18,2.044476324,72.20006803916282,0.018870687194224443
2010-04-19,2.220040773,78.4000738862631,0.020491161718978766
2010-04-20,2.610813256,92.2000868916632,0.02409802436846934
2010-04-21,2.523031031,89.1000839504557,0.023287787101477133
2010-04-22,2.511704293,88.70008359600712,0.02318324036389949
2010-04-23,2.387110168,84.3000794498696,0.022033226185934816
2010-04-24,1.636713733,57.8000544667751,0.015107004429137316
2010-04-25,0.707921165,25.0000235656255,0.006534171467806124
2010-04-26,0.2675942,9.45000889474,0.0024699168114155835
2010-04-27,0.433247753,15.3000144228691,0.003998912938481949
2010-04-28,0.829683605,29.300027605493504,0.007658048956761345
2010-04-29,0.880653929,31.1000293064563,0.008128509303550996
2010-04-30,1.483802761,52.4000493638867,0.013695623388768364
2010-05-01,1.826436605,64.5000607745935,0.016858162380478738
2010-05-02,1.602733517,56.60005333279991,0.014793364197944218
2010-05-03,1.851921767,65.40006162507491,0.017093392553873564
2010-05-04,1.41584233,50.000047131251,0.013068342935612248
2010-05-05,0.940119307,33.200031290912904,0.008677379708138921
2010-05-06,0.622970625,22.000020730687503,0.005750070889823372
2010-05-07,0.281186287,9.9300093695189,0.002595372909430874
2010-05-08,0.202748622,7.1600067613434,0.0018713867115548223
2010-05-09,0.176413954,6.230005861323801,0.0016283155268421194
2010-05-10,0.210960507,7.4500070165529,0.0019471830958371105
2010-05-11,0.04615646,1.6300015379620003,0.0004260279800886228
2010-05-12,0.141867401,5.0100047060947,0.001309447957847128
2010-05-13,0.039926754,1.4100013394838002,0.0003685272734979099
2010-05-14,0.029166352,1.0300009709744,0.0002692078644920724
2010-05-15,0.016140603,0.5700005527641,0.0001489791135087562
2010-05-16,0.015574266,0.5500005315102,0.0001437517757068656
2010-05-17,0.01472476,0.520000481972,0.000135910764388988
2010-05-18,0.010760402,0.38000036850940005,9.931940900583746e-05
2010-05-19,0.014158423,0.5000004607181,0.00013068342658709742
2010-05-20,0.013308918,0.4700004464946,0.0001228424244993033
2010-05-21,0.012742581,0.4500004252407,0.00011761508669741271
2010-05-22,0.004530695,0.16000013471650001,4.181869318504111e-05
2010-05-23,0.000849505,0.0300000142235,7.841002087794113e-06
2010-05-24,,,
2010-05-25,,,
2010-05-26,,,
2010-05-27,,,
2010-05-28,,,
2010-05-29,,,
2010-05-30,,,
2010-05-31,,,
2010-06-01,,,
2010-06-02,,,
2010-06-03,,,
2010-06-04,,,
2010-06-05,,,
2010-06-06,,,
2010-06-07,,,
2010-06-08,,,
2010-06-09,,,
2010-06-10,,,
2010-06-11,,,
2010-06-12,,,
2010-06-13,,,
2010-06-14,,,
2010-06-15,,,
2010-06-16,,,
2010-06-17,,,
2010-06-18,,,
2010-06-19,,,
2010-06-20,,,
2010-06-21,,,
2010-06-22,,,
2010-06-23,,,
2010-06-24,,,
2010-06-25,,,
2010-06-26,,,
2010-06-27,,,
2010-06-28,,,
2010-06-29,,,
2010-06-30,,,
2010-07-01,,,
2010-07-02,,,
2010-07-03,,,
2010-07-04,,,
2010-07-05,,,
2010-07-06,,,
2010-07-07,,,
2010-07-08,,,
2010-07-09,,,
2010-07-10,,,
2010-07-11,,,
2010-07-12,,,
2010-07-13,,,
2010-07-14,,,
2010-07-15,,,
2010-07-16,,,
2010-07-17,,,
2010-07-18,,,
2010-07-19,,,
2010-07-20,,,
2010-07-21,,,
2010-07-22,,,
2010-07-23,,,
2010-07-24,,,
2010-07-25,,,
2010-07-26,,,
2010-07-27,,,
2010-07-28,1.313901682,46.400043729325404,0.012127422242032945
2010-07-29,2.098278332,74.1000698110804,0.019367284220793462
2010-07-30,3.482972131,123.00011591462571,0.032148123614222056
2010-07-31,6.031488324,213.0002007155628,0.05567114088909402
2010-08-01,5.663369318,200.0001884543746,0.05227337172398882
2010-08-02,10.7604017,380.00035791499,0.09931940623681239
2010-08-03,6.059805171,214.0002016723137,0.055932507751498294
2010-08-04,4.842180767,171.00016113237493,0.04469373282502575
2010-08-05,10.08079739,356.00033558863305,0.09304660170525123
2010-08-06,5.408517699,191.0001799848753,0.049921069999270644
2010-08-07,2.367288375,83.60007877661249,0.02185026938132881
2010-08-08,3.398021591,120.00011307968771,0.03136402303623931
2010-08-09,1.653703841,58.400055033762705,0.015263824544733866
2010-08-10,0.379445744,13.4000126156368,0.003502315902682845
2010-08-11,0.173865438,6.140005783338601,0.0016047925113486536
2010-08-12,0.22880012,8.080007597764,0.002111844213521455
2010-08-13,0.475723023,16.8000158403381,0.004390963227473325
2010-08-14,0.173015933,6.110005769115101,0.0015969515092608595
2010-08-15,0.028883184,1.0200009780048,0.0002665942002061689
2010-08-16,0.685267688,24.200022821413604,0.006325077983420751
2010-08-17,6.116438864,216.0002035505008,0.05645524146707677
2010-08-18,0.58332704,20.600019419488003,0.005384157289841449
2010-08-19,4.587329148,162.00015266287562,0.04234143110030758
2010-08-20,8.013667586,283.00026669931424,0.07396682099895116
2010-08-21,1.328060105,46.9000441900435,0.012258105668620041
2010-08-22,0.265895189,9.3900088309783,0.0024542347980099116
2010-08-23,1.044891639,36.9000347637933,0.009644437081497594
2010-08-24,0.26957638,9.520008986786001,0.0024882124983372426
2010-08-25,0.02944952,1.040000963944,0.000271821528777976
2010-08-26,0.006796043,0.2400002197321,6.272804439260342e-05
2010-08-27,0.001415842,0.05000003547740001,1.306833988968469e-05
2010-08-28,0.000566337,0.0200000212539,5.2273378018905765e-06
2010-08-29,,,
2010-08-30,,,
2010-08-31,,,
2010-09-01,,,
2010-09-02,,,
2010-09-03,,,
2010-09-04,,,
2010-09-05,,,
2010-09-06,,,
2010-09-07,,,
2010-09-08,,,
2010-09-09,0.02208714,0.780000722958,0.000203866146583482
2010-09-10,0.001982179,0.07000005673130001,1.8295677691575268e-05
2010-09-11,0.000849505,0.0300000142235,7.841002087794113e-06
2010-09-12,0.000283168,0.0099999929696,2.613664285903536e-06
2010-09-13,,,
2010-09-14,,,
2010-09-15,,,
2010-09-16,,,
2010-09-17,,,
2010-09-18,,,
2010-09-19,,,
2010-09-20,,,
2010-09-21,,,
2010-09-22,0.512534923,18.100017045268103,0.004730740138445795
2010-09-23,5.380200852,190.0001790281244,0.04965970313686637
2010-09-24,2.755229173,97.3000916757431,0.025430995341809932
2010-09-25,0.852337082,30.100028349705404,0.007867142441146717
2010-09-26,0.26023182,9.190008653754001,0.0024019614292210894
2010-09-27,0.074756475,2.6400024876825,0.0006900085067788047
2010-09-28,0.017839613,0.6300005812111,0.0001646611176843444
2010-09-29,0.014158423,0.5000004607181,0.00013068342658709742
2010-09-30,0.012176244,0.4300004039868,0.00011238774889552213
2010-10-01,0.009910896,0.35000031897120004,9.147839768795984e-05
2010-10-02,0.007645549,0.2700002692703,7.056905571048104e-05
2010-10-03,0.002548516,0.0900000779852,2.3523015493465843e-05
2010-10-04,0.000849505,0.0300000142235,7.841002087794113e-06
2010-10-05,,,
2010-10-06,0.000566337,0.0200000212539,5.2273378018905765e-06
2010-10-07,2.092614963,73.9000696338561,0.019315010852004637
2010-10-08,1.265763043,44.7000421346321,0.011683098584252746
2010-10-09,0.365287321,12.9000121549187,0.003371632476095748
2010-10-10,0.078720834,2.7800026364598,0.0007265998713920386
2010-10-11,0.022653477,0.8000007442119001,0.00020909348438537256
2010-10-12,0.013308918,0.4700004464946,0.0001228424244993033
2010-10-13,0.011609907,0.4100003827329,0.00010716041109363156
2010-10-14,0.010760402,0.38000036850940005,9.931940900583746e-05
2010-10-15,0.009061391,0.3200003047477,8.363739560016573e-05
2010-10-16,0.006796043,0.2400002197321,6.272804439260342e-05
2010-10-17,0.00368119,0.130000120493,3.3977691097247e-05
2010-10-18,0.003398022,0.12000012752340002,3.136402681134346e-05
2010-10-19,0.002831685,0.10000010626950001,2.6136689009452884e-05
2010-10-20,0.148663445,5.2500049611415,0.001372176011469815
2010-10-21,2.423922068,85.6000806547996,0.022373003096907283
2010-10-22,2.888318352,102.00009610537441,0.026659419577572886
2010-10-23,2.44940723,86.500081505281,0.02260823327030211
2010-10-24,1.364872006,48.2000454302882,0.012597882588822594
2010-10-25,0.608812202,21.5000202699694,0.005619387463236274
2010-10-26,0.191421883,6.7600063715801,0.0017668399647470944
2010-10-27,0.208978328,7.3800069598216,0.0019288874181455353
2010-10-28,0.099108963,3.5000032956561,0.0009147840045698487
2010-10-29,0.038227743,1.3500012757221,0.0003528452600922382
2010-10-30,0.025201993,0.8900008221971,0.0002326164998788384
2010-10-31,0.022370309,0.7900007512423001,0.00020647982009946902
2010-11-01,0.016706939,0.5900005387033,0.00015420644208056326
2010-11-02,0.02038813,0.720000694511,0.00018818414240789376
2010-11-03,0.015574266,0.5500005315102,0.0001437517757068656
2010-11-04,0.01472476,0.520000481972,0.000135910764388988
2010-11-05,0.016990108,0.6000005669876001,0.0001568201155965503
2010-11-06,0.017556445,0.6200005882415001,0.00016204745339844088
2010-11-07,0.021237635,0.7500007087345001,0.00019602514449568788
2010-11-08,0.0314317,1.11000105599,0.00029011721569963475
2010-11-09,0.045023786,1.5900014954542,0.0004155733044848416
2010-11-10,0.038510911,1.3600012686917002,0.0003554589243781417
2010-11-11,0.028883184,1.0200009780048,0.0002665942002061689
2010-11-12,0.031148531,1.1000010277057,0.0002875035421836477
2010-11-13,0.043607944,1.5400014599768002,0.00040250496459515693
2010-11-14,0.02576833,0.910000843451,0.00023784383768072896
2010-11-15,0.048138639,1.7000015946933,0.000444323657780198
2010-11-16,0.035679227,1.2600011977369001,0.0003293222445987723
2010-11-17,0.077021823,2.7200025726981,0.0007109178579863669
2010-11-18,0.052102998,1.8400017434706,0.000480915022393432
2010-11-19,0.020104961,0.7100006662267001,0.00018557046889190672
2010-11-20,0.020954466,0.7400006804502001,0.00019341147097970085
2010-11-21,0.039360417,1.3900013182299,0.0003632999356960193
2010-11-22,0.054368345,1.9200017931715,0.0005018243643709108
2010-11-23,0.058049536,2.0500019489792,0.0005358020646982413
2010-11-24,0.084384203,2.9800028136841004,0.0007788732401808609
2010-11-25,0.012742581,0.4500004252407,0.00011761508669741271
2010-11-26,0.029732689,1.0500009922283,0.000274435202293963
2010-11-27,0.011609907,0.4100003827329,0.00010716041109363156
2010-11-28,0.010477233,0.37000034022510003,9.670573548985042e-05
2010-11-29,0.010477233,0.37000034022510003,9.670573548985042e-05
2010-11-30,0.006796043,0.2400002197321,6.272804439260342e-05
2010-12-01,0.007645549,0.2700002692703,7.056905571048104e-05
2010-12-02,0.008211886,0.2900002905242,7.57963935123716e-05
2010-12-03,0.011893076,0.42000041101720004,0.00010977408460961861
2010-12-04,0.01104357,0.390000361479,0.000101933073291741
2010-12-05,0.01104357,0.390000361479,0.000101933073291741
2010-12-06,0.009910896,0.35000031897120004,9.147839768795984e-05
2010-12-07,0.02038813,0.720000694511,0.00018818414240789376
2010-12-08,0.128275315,4.530004266630501,0.0011839918690619213
2010-12-09,0.149796118,5.290004968334601,0.0013826306778435128
2010-12-10,0.145265423,5.1300048336181,0.0013408119846584716
2010-12-11,0.136770369,4.8300045501243005,0.0012624019268601965
2010-12-12,0.136770369,4.8300045501243005,0.0012624019268601965
2010-12-13,0.184342671,6.510006123563701,0.0017014982468385041
2010-12-14,0.08495054,3.0000028349380004,0.0007841005779827515
2010-12-15,0.065695084,2.3200021829348003,0.0006063711111786389
2010-12-16,0.118930756,4.2000039689132,0.001097740809175852
2010-12-17,0.104205995,3.6800034516265,0.0009618300355567806
2010-12-18,0.104205995,3.6800034516265,0.0009618300355567806
2010-12-19,0.077871328,2.7500025869216005,0.0007187588600741611
2010-12-20,0.057766367,2.0400019206949,0.0005331883911822542
2010-12-21,0.1993506,7.04000663382,0.001840022684743479
2010-12-22,0.148946613,5.260004954111101,0.0013747896757557185
2010-12-23,0.058615872,2.0700019349184,0.0005410293932700484
2010-12-24,0.125160462,4.4200041673914,0.0011552415157665649
2010-12-25,0.210960507,7.4500070165529,0.0019471830958371105
2010-12-26,0.283168466,10.0000094262502,0.002613668587122449
2010-12-27,0.133089179,4.7000044296313,0.0012284242357629494
2010-12-28,0.032564374,1.1500010984978,0.0003005718913034159
2010-12-29,0.02576833,0.910000843451,0.00023784383768072896
2010-12-30,0.026617836,0.9400008929892,0.0002456848489986066
2010-12-31,0.012176244,0.4300004039868,0.00011238774889552213
2011-01-01,0.005663369,0.2000001772243,5.227336878882226e-05
2011-01-02,0.009910896,0.35000031897120004,9.147839768795984e-05
2011-01-03,0.008495054,0.30000028349380004,7.841005779827515e-05
2011-01-04,0.00736238,0.260000240986,6.7955382194494e-05
2011-01-05,0.006796043,0.2400002197321,6.272804439260342e-05
2011-01-06,0.006796043,0.2400002197321,6.272804439260342e-05
2011-01-07,0.00736238,0.260000240986,6.7955382194494e-05
2011-01-08,0.007645549,0.2700002692703,7.056905571048104e-05
2011-01-09,0.007928717,0.28000026223990004,7.318271999638457e-05
2011-01-10,0.007645549,0.2700002692703,7.056905571048104e-05
2011-01-11,0.007079212,0.25000024801640003,6.534171790859045e-05
2011-01-12,0.007645549,0.2700002692703,7.056905571048104e-05
2011-01-13,0.007928717,0.28000026223990004,7.318271999638457e-05
2011-01-14,0.007079212,0.25000024801640003,6.534171790859045e-05
2011-01-15,0.007928717,0.28000026223990004,7.318271999638457e-05
2011-01-16,0.009627728,0.3400003260016,8.886473340205631e-05
2011-01-17,0.010477233,0.37000034022510003,9.670573548985042e-05
2011-01-18,0.010477233,0.37000034022510003,9.670573548985042e-05
2011-01-19,0.012742581,0.4500004252407,0.00011761508669741271
2011-01-20,0.127708978,4.5100042453766,0.0011787645312600309
2011-01-21,0.127708978,4.5100042453766,0.0011787645312600309
2011-01-22,0.07390697,2.610002473459,0.0006821675046910106
2011-01-23,0.044174281,1.5600014812307001,0.0004077323023970475
2011-01-24,0.051819829,1.8300017151863,0.00047830134887744493
2011-01-25,0.039360417,1.3900013182299,0.0003632999356960193
2011-01-26,0.054934682,1.9400018144254,0.0005070517021728014
2011-01-27,0.051819829,1.8300017151863,0.00047830134887744493
2011-01-28,0.061447557,2.1700020411879,0.0005671660822795013
2011-01-29,0.04247527,1.5000014174690002,0.00039205028899137577
2011-01-30,0.07390697,2.610002473459,0.0006821675046910106
2011-01-31,0.07390697,2.610002473459,0.0006821675046910106
2011-02-01,0.067677263,2.3900022396661003,0.0006246667888702141
2011-02-02,0.04247527,1.5000014174690002,0.00039205028899137577
2011-02-03,0.009061391,0.3200003047477,8.363739560016573e-05
2011-02-04,0.004530695,0.16000013471650001,4.181869318504111e-05
2011-02-05,0.017839613,0.6300005812111,0.0001646611176843444
2011-02-06,0.015857434,0.5600005244798001,0.00014636543999276913
2011-02-07,0.02038813,0.720000694511,0.00018818414240789376
2011-02-08,0.013025749,0.4600004182103,0.00012022875098331625
2011-02-09,0.011893076,0.42000041101720004,0.00010977408460961861
2011-02-10,0.017273276,0.6100005599572,0.00015943377988245384
2011-02-11,0.013592086,0.4800004394642,0.00012545608878520683
2011-02-12,0.014441592,0.5100004890024,0.00013329710010308445
2011-02-13,0.121479272,4.2900040468984,0.001121263824669318
2011-02-14,0.069942611,2.4700023246817002,0.0006455761400777764
2011-02-15,0.171316922,6.050005705353401,0.0015812694958551878
2011-02-16,0.396435852,14.0000131826244,0.003659136018279395
2011-02-17,0.461564599,16.3000153443053,0.004260279791656144
2011-02-18,0.317148682,11.200010560225401,0.00292730881831555
2011-02-19,0.279204107,9.8600092774729,0.002577077222509215
2011-02-20,0.231914974,8.1900077323178,0.002140594576046895
2011-02-21,0.253152609,8.9400084410523,0.0023366197205425825
2011-02-22,0.29166352,10.300009709744002,0.0026920786449207246
2011-02-23,0.132239674,4.6700044154078,0.0012205832336751553
2011-02-24,0.160839689,5.6800053651283005,0.0014845637603653375
2011-02-25,0.044457449,1.5700014742003001,0.00041034596668295103
2011-02-26,0.035396058,1.2500011694526,0.00032670857108278527
2011-02-27,0.024352488,0.8600008079736,0.00022477549779104425
2011-02-28,0.063429736,2.2400020979192004,0.0005854617599710765
2011-03-01,0.018689119,0.6600006307493,0.00017250212900222201
2011-03-02,0.011893076,0.42000041101720004,0.00010977408460961861
2011-03-03,0.011893076,0.42000041101720004,0.00010977408460961861
2011-03-04,0.012459413,0.44000043227110003,0.0001150014224115092
2011-03-05,0.011326739,0.40000038976330005,0.00010454674680772804
2011-03-06,0.014441592,0.5100004890024,0.00013329710010308445
2011-03-07,0.02576833,0.910000843451,0.00023784383768072896
2011-03-08,0.015857434,0.5600005244798001,0.00014636543999276913
2011-03-09,0.014158423,0.5000004607181,0.00013068342658709742
2011-03-10,0.01472476,0.520000481972,0.000135910764388988
2011-03-11,0.01840595,0.650000602465,0.000169888455486235
2011-03-12,0.023786151,0.8400007867197,0.0002195481599891537
2011-03-13,0.015857434,0.5600005244798001,0.00014636543999276913
2011-03-14,0.023219814,0.8200007654658,0.00021432082218726312
2011-03-15,0.013592086,0.4800004394642,0.00012545608878520683
2011-03-16,0.013025749,0.4600004182103,0.00012022875098331625
2011-03-17,0.012459413,0.44000043227110003,0.0001150014224115092
2011-03-18,0.012459413,0.44000043227110003,0.0001150014224115092
2011-03-19,0.012742581,0.4500004252407,0.00011761508669741271
2011-03-20,0.012176244,0.4300004039868,0.00011238774889552213
2011-03-21,0.012742581,0.4500004252407,0.00011761508669741271
2011-03-22,0.012742581,0.4500004252407,0.00011761508669741271
2011-03-23,0.012742581,0.4500004252407,0.00011761508669741271
2011-03-24,0.013025749,0.4600004182103,0.00012022875098331625
2011-03-25,0.012459413,0.44000043227110003,0.0001150014224115092
2011-03-26,0.013025749,0.4600004182103,0.00012022875098331625
2011-03-27,0.015291097,0.5400005032259,0.00014113810219087858
2011-03-28,0.013875255,0.49000046774850003,0.00012806976230119387
2011-03-29,0.012176244,0.4300004039868,0.00011238774889552213
2011-03-30,0.012459413,0.44000043227110003,0.0001150014224115092
2011-03-31,0.012459413,0.44000043227110003,0.0001150014224115092
2011-04-01,0.012742581,0.4500004252407,0.00011761508669741271
2011-04-02,0.012176244,0.4300004039868,0.00011238774889552213
2011-04-03,0.011609907,0.4100003827329,0.00010716041109363156
2011-04-04,0.010477233,0.37000034022510003,9.670573548985042e-05
2011-04-05,0.011893076,0.42000041101720004,0.00010977408460961861
2011-04-06,0.012459413,0.44000043227110003,0.0001150014224115092
2011-04-07,0.014441592,0.5100004890024,0.00013329710010308445
2011-04-08,0.012742581,0.4500004252407,0.00011761508669741271
2011-04-09,0.012176244,0.4300004039868,0.00011238774889552213
2011-04-10,0.012742581,0.4500004252407,0.00011761508669741271
2011-04-11,0.012176244,0.4300004039868,0.00011238774889552213
2011-04-12,0.013025749,0.4600004182103,0.00012022875098331625
2011-04-13,0.012176244,0.4300004039868,0.00011238774889552213
2011-04-14,0.010760402,0.38000036850940005,9.931940900583746e-05
2011-04-15,0.010477233,0.37000034022510003,9.670573548985042e-05
2011-04-16,0.012176244,0.4300004039868,0.00011238774889552213
2011-04-17,0.012459413,0.44000043227110003,0.0001150014224115092
2011-04-18,0.011893076,0.42000041101720004,0.00010977408460961861
2011-04-19,0.012742581,0.4500004252407,0.00011761508669741271
2011-04-20,0.011326739,0.40000038976330005,0.00010454674680772804
2011-04-21,0.009910896,0.35000031897120004,9.147839768795984e-05
2011-04-22,0.009344559,0.33000029771730005,8.625105988606926e-05
2011-04-23,0.011326739,0.40000038976330005,0.00010454674680772804
2011-04-24,0.016706939,0.5900005387033,0.00015420644208056326
2011-04-25,0.016140603,0.5700005527641,0.0001489791135087562
2011-04-26,0.011893076,0.42000041101720004,0.00010977408460961861
2011-04-27,0.019821793,0.7000006732571,0.0001829568046060032
2011-04-28,0.020104961,0.7100006662267001,0.00018557046889190672
2011-04-29,0.010760402,0.38000036850940005,9.931940900583746e-05
2011-04-30,0.008495054,0.30000028349380004,7.841005779827515e-05
2011-05-01,0.009627728,0.3400003260016,8.886473340205631e-05
2011-05-02,0.010194065,0.3600003472555,9.409207120394688e-05
2011-05-03,0.009627728,0.3400003260016,8.886473340205631e-05
2011-05-04,0.010477233,0.37000034022510003,9.670573548985042e-05
2011-05-05,0.009910896,0.35000031897120004,9.147839768795984e-05
2011-05-06,0.009910896,0.35000031897120004,9.147839768795984e-05
2011-05-07,0.009910896,0.35000031897120004,9.147839768795984e-05
2011-05-08,0.008211886,0.2900002905242,7.57963935123716e-05
2011-05-09,0.005946538,0.21000020550860002,5.4887042304809305e-05
2011-05-10,0.007079212,0.25000024801640003,6.534171790859045e-05
2011-05-11,0.009910896,0.35000031897120004,9.147839768795984e-05
2011-05-12,0.010194065,0.3600003472555,9.409207120394688e-05
2011-05-13,0.008495054,0.30000028349380004,7.841005779827515e-05
2011-05-14,0.008495054,0.30000028349380004,7.841005779827515e-05
2011-05-15,0.007079212,0.25000024801640003,6.534171790859045e-05
2011-05-16,0.002548516,0.0900000779852,2.3523015493465843e-05
2011-05-17,0.000566337,0.0200000212539,5.2273378018905765e-06
2011-05-18,0.104772332,3.7000034728804,0.0009670573733586711
2011-05-19,0.034546553,1.2200011552291001,0.0003188675689949912
2011-05-20,0.012742581,0.4500004252407,0.00011761508669741271
2011-05-21,0.010477233,0.37000034022510003,9.670573548985042e-05
2011-05-22,0.010194065,0.3600003472555,9.409207120394688e-05
2011-05-23,0.005946538,0.21000020550860002,5.4887042304809305e-05
2011-05-24,0.001699011,0.06000006376170001,1.568201340567173e-05
2011-05-25,0.000849505,0.0300000142235,7.841002087794113e-06
2011-05-26,,,
2011-05-27,,,
2011-05-28,,,
2011-05-29,,,
2011-05-30,,,
2011-05-31,,,
2011-06-01,,,
2011-06-02,,,
2011-06-03,,,
2011-06-04,,,
2011-06-05,,,
2011-06-06,,,
2011-06-07,,,
2011-06-08,,,
2011-06-09,,,
2011-06-10,,,
2011-06-11,,,
2011-06-12,,,
2011-06-13,,,
2011-06-14,,,
2011-06-15,,,
2011-06-16,,,
2011-06-17,,,
2011-06-18,,,
2011-06-19,,,
2011-06-20,,,
2011-06-21,,,
2011-06-22,,,
2011-06-23,,,
2011-06-24,,,
2011-06-25,,,
2011-06-26,,,
2011-06-27,,,
2011-06-28,,,
2011-06-29,,,
2011-06-30,,,
2011-07-01,,,
2011-07-02,,,
2011-07-03,,,
2011-07-04,,,
2011-07-05,,,
2011-07-06,,,
2011-07-07,,,
2011-07-08,,,
2011-07-09,,,
2011-07-10,,,
2011-07-11,,,
2011-07-12,,,
2011-07-13,4.332477529,153.00014419337631,0.03998912937558941
2011-07-14,0.549346824,19.4000182855128,0.0050705170586483475
2011-07-15,0.02208714,0.780000722958,0.000203866146583482
2011-07-16,0.005380201,0.19000018425470003,4.965970450291873e-05
2011-07-17,0.000849505,0.0300000142235,7.841002087794113e-06
2011-07-18,0.005946538,0.21000020550860002,5.4887042304809305e-05
2011-07-19,0.016706939,0.5900005387033,0.00015420644208056326
2011-07-20,0.000849505,0.0300000142235,7.841002087794113e-06
2011-07-21,,,
2011-07-22,,,
2011-07-23,,,
2011-07-24,,,
2011-07-25,,,
2011-07-26,5.804953551,205.0001931674997,0.053580206017550036
2011-07-27,9.146341449,323.0003043690003,0.08442149533821088
2011-07-28,2.169070449,76.6000721853003,0.020020701372189115
2011-07-29,0.523861662,18.5000174350314,0.004835286885253522
2011-07-30,0.116099071,4.1000038626437005,0.0010716041201663993
2011-07-31,0.175847617,6.2100058400699005,0.001623088189040229
2011-08-01,3.482972131,123.00011591462571,0.032148123614222056
2011-08-02,3.681190057,130.0001225059379,0.033977691623361755
2011-08-03,1.010911423,35.7000336298181,0.009330796850304492
2011-08-04,0.356792267,12.6000118714249,0.0032932224182974728
2011-08-05,0.067394095,2.3800022466965003,0.0006220531245843107
2011-08-06,0.02038813,0.720000694511,0.00018818414240789376
2011-08-07,0.010194065,0.3600003472555,9.409207120394688e-05
2011-08-08,0.006796043,0.2400002197321,6.272804439260342e-05
2011-08-09,0.002831685,0.10000010626950001,2.6136689009452884e-05
2011-08-10,0.000849505,0.0300000142235,7.841002087794113e-06
2011-08-11,,,
2011-08-12,0.00736238,0.260000240986,6.7955382194494e-05
2011-08-13,0.001699011,0.06000006376170001,1.568201340567173e-05
2011-08-14,,,
2011-08-15,6.14475571,217.00020447193702,0.056716608320250966
2011-08-16,1.313901682,46.400043729325404,0.012127422242032945
2011-08-17,0.288831835,10.2000096034745,0.0026659419559112714
2011-08-18,0.063712905,2.2500021262035,0.0005880754334870636
2011-08-19,0.019255456,0.6800006520032,0.00017772946680411262
2011-08-20,0.174998112,6.180005825846401,0.0016152471869524346
2011-08-21,10.56218378,373.00035153556604,0.0974898382830532
2011-08-22,3.001585739,106.0000998970633,0.02770488701795991
2011-08-23,0.690931057,24.4000229986379,0.006377351352209573
2011-08-24,0.322812051,11.4000107374497,0.002979582187104372
2011-08-25,0.222004077,7.8400073780319,0.0020491161691288512
2011-08-26,0.098259458,3.4700032814326,0.0009069430024820547
2011-08-27,0.045873291,1.6200015096777,0.00042341430657263565
2011-08-28,0.089764404,3.1700029979388002,0.0008285329446837796
2011-08-29,1.446990861,51.1000481589567,0.013355846477795892
2011-08-30,0.91746583,32.400030546701004,0.008468286223753549
2011-08-31,0.202465453,7.1500067330591,0.001868773038038835
2011-09-01,0.050120818,1.7700016514246,0.0004626193354717732
2011-09-02,0.022936646,0.8100007724962001,0.00021170715790135963
2011-09-03,0.113833723,4.020003777628101,0.0010506947689588367
2011-09-04,0.069376274,2.4500023034278002,0.0006403488022758858
2011-09-05,0.022653477,0.8000007442119001,0.00020909348438537256
2011-09-06,0.013592086,0.4800004394642,0.00012545608878520683
2011-09-07,0.011326739,0.40000038976330005,0.00010454674680772804
2011-09-08,0.011893076,0.42000041101720004,0.00010977408460961861
2011-09-09,0.011893076,0.42000041101720004,0.00010977408460961861
2011-09-10,0.012742581,0.4500004252407,0.00011761508669741271
2011-09-11,4.049309063,143.0001347671261,0.03737546078846696
2011-09-12,5.521785085,195.00018374124951,0.050966537430427596
2011-09-13,4.672279688,165.0001554978136,0.04312553167829032
2011-09-14,2.568337986,90.70008547419421,0.02370597407947796
2011-09-15,5.295250313,187.00017622850112,0.0488756025681137
2011-09-16,9.571094148,338.00031850837564,0.08834199821889455
2011-09-17,7.758815966,274.00025819450025,0.07161451926500292
2011-09-18,2.341803213,82.7000779261311,0.021615039207933985
2011-09-19,0.654119156,23.100021758393204,0.006037574432007019
2011-09-20,0.265612021,9.380008838008699,0.002451621133724008
2011-09-21,0.173299101,6.120005762084701,0.001599565173546763
2011-09-22,0.092596088,3.2700030688936,0.0008546696244631489
2011-09-23,0.056350525,1.9900018852175,0.0005201200512925697
2011-09-24,0.02406932,0.8500008150040002,0.00022216183350514076
2011-09-25,0.017839613,0.6300005812111,0.0001646611176843444
2011-09-26,0.014441592,0.5100004890024,0.00013329710010308445
2011-09-27,0.013308918,0.4700004464946,0.0001228424244993033
2011-09-28,0.012459413,0.44000043227110003,0.0001150014224115092
2011-09-29,0.012742581,0.4500004252407,0.00011761508669741271
2011-09-30,0.011326739,0.40000038976330005,0.00010454674680772804
2011-10-01,0.008495054,0.30000028349380004,7.841005779827515e-05
2011-10-02,0.005946538,0.21000020550860002,5.4887042304809305e-05
2011-10-03,0.046439628,1.6400015309316,0.00042864164437452624
2011-10-04,0.016990108,0.6000005669876001,0.0001568201155965503
2011-10-05,0.017839613,0.6300005812111,0.0001646611176843444
2011-10-06,0.24182587,8.540008051289,0.0022320729737348548
2011-10-07,8.580004517,303.00028551649996,0.07919415816396598
2011-10-08,2.78354602,98.30009263249401,0.025692362204214215
2011-10-09,1.585743409,56.000052765812306,0.014636544082347666
2011-10-10,0.846673713,29.900028172481104,0.007814869072357896
2011-10-11,0.342633844,12.100011410706802,0.0031625389917103756
2011-10-12,0.17160009,6.060005698323001,0.0015838831601410913
2011-10-13,0.111851544,3.9500037208968,0.0010323990912672616
2011-10-14,0.088914898,3.1400029484006002,0.0008206919333659021
2011-10-15,0.071075285,2.5100023671895,0.0006560308156815576
2011-10-16,0.063146568,2.2300021049496,0.0005828480956851731
2011-10-17,0.052669335,1.8600017647245,0.0004861423601953226
2011-10-18,0.042192101,1.4900013891847002,0.00038943661547538876
2011-10-19,0.033413879,1.1800011127213001,0.00030841289339121
2011-10-20,0.037661406,1.3300012544682,0.0003476179222903476
2011-10-21,0.037661406,1.3300012544682,0.0003476179222903476
2011-10-22,0.041625764,1.4700013679308002,0.0003842092776734982
2011-10-23,0.048138639,1.7000015946933,0.000444323657780198
2011-10-24,0.062580231,2.2100020836957,0.0005776207578832824
2011-10-25,0.07022578,2.4800023529660002,0.0006481898135937635
2011-10-26,0.784376651,27.7000261170697,0.0072398619879906
2011-10-27,9.684361534,342.00032226474985,0.0893874656500515
2011-10-28,2.398436906,84.70007980431821,0.02213777292351246
2011-10-29,0.549346824,19.4000182855128,0.0050705170586483475
2011-10-30,0.199916937,7.0600066550739,0.0018452500225453693
2011-10-31,0.086366382,3.0500028704154003,0.0007971689178724363
2011-11-01,0.041342596,1.4600013749612002,0.0003815956133875946
2011-11-02,0.040209922,1.4200013324534002,0.00037114093778381344
2011-11-03,0.041342596,1.4600013749612002,0.0003815956133875946
2011-11-04,0.043607944,1.5400014599768002,0.00040250496459515693
2011-11-05,1.16665408,41.200038838976006,0.010768314579682898
2011-11-06,3.596239517,127.00011967099991,0.033193591045379
2011-11-07,1.33089179,47.000044296313,0.012284242357629493
2011-11-08,0.591822094,20.9000197029818,0.005462567347639724
2011-11-09,0.283168466,10.0000094262502,0.002613668587122449
2011-11-10,0.818356867,28.9000272510449,0.0075535022191837
2011-11-11,0.325643736,11.5000108437192,0.0030057188761138253
2011-11-12,0.150928792,5.330005010842401,0.001393085353447294
2011-11-13,0.135354527,4.7800045146469,0.0012493335869705117
2011-11-14,0.12006343,4.240004011421,0.0011081954847796333
2011-11-15,0.087499056,3.0900029129232003,0.0008076235934762173
2011-11-16,0.108170354,3.8200036004038003,0.0009984214001700145
2011-11-17,0.106188175,3.7500035436725,0.0009801257224784394
2011-11-18,0.061164389,2.1600020482183,0.0005645524179935977
2011-11-19,0.063996073,2.2600021191731003,0.0005906890977729672
2011-11-20,0.0682436,2.4100022609200002,0.0006298941266721048
2011-11-21,0.08863173,3.1300029554310003,0.0008180782690799985
2011-11-22,0.055217851,1.9500018427097001,0.0005096653756887884
2011-11-23,0.045873291,1.6200015096777,0.00042341430657263565
2011-11-24,0.061730726,2.1800020694722,0.0005697797557954883
2011-11-25,0.080703013,2.8500026931911004,0.000744895549083614
2011-11-26,0.085516877,3.0200028561919003,0.0007893279157846422
2011-11-27,0.062580231,2.2100020836957,0.0005776207578832824
2011-11-28,0.066544589,2.3500021971583003,0.000614212113266433
2011-11-29,0.03879408,1.370001296976,0.00035807259789412876
2011-11-30,0.045306955,1.6000015237385001,0.0004181869780008287
2011-12-01,0.07022578,2.4800023529660002,0.0006481898135937635
2011-12-02,0.090330741,3.1900030191927002,0.0008337602824856702
2011-12-03,0.105905006,3.7400035153882,0.0009775120489624524
2011-12-04,0.124027788,4.3800041248836,0.0011447868401627836
2011-12-05,0.137619874,4.8600045643478005,0.0012702429289479906
2011-12-06,0.048704976,1.7200016159472,0.0004495509955820885
2011-12-07,0.021520803,0.7600007017041001,0.0001986388087815914
2011-12-08,0.026617836,0.9400008929892,0.0002456848489986066
2011-12-09,0.015007929,0.5300005102563,0.00013852443790497503
2011-12-10,0.015857434,0.5600005244798001,0.00014636543999276913
2011-12-11,0.012459413,0.44000043227110003,0.0001150014224115092
2011-12-12,0.012459413,0.44000043227110003,0.0001150014224115092
2011-12-13,0.038510911,1.3600012686917002,0.0003554589243781417
2011-12-14,0.028033678,0.9900009284666,0.00025875318888829126
2011-12-15,0.020954466,0.7400006804502001,0.00019341147097970085
2011-12-16,0.02775051,0.9800009354970001,0.00025613952460238774
2011-12-17,0.048704976,1.7200016159472,0.0004495509955820885
2011-12-18,0.054934682,1.9400018144254,0.0005070517021728014
2011-12-19,0.062013894,2.1900020624418,0.0005723934200813918
2011-12-20,0.070508948,2.4900023459356,0.0006508034778796671
2011-12-21,0.070508948,2.4900023459356,0.0006508034778796671
2011-12-22,0.071641622,2.5300023884434,0.0006612581534834482
2011-12-23,0.070508948,2.4900023459356,0.0006508034778796671
2011-12-24,0.066544589,2.3500021971583003,0.000614212113266433
2011-12-25,0.026901004,0.9500008859588001,0.00024829851328451015
2011-12-26,0.02038813,0.720000694511,0.00018818414240789376
2011-12-27,0.042192101,1.4900013891847002,0.00038943661547538876
2011-12-28,0.019255456,0.6800006520032,0.00017772946680411262
2011-12-29,0.039643585,1.4000013111995002,0.00036591359998192286
2011-12-30,0.025201993,0.8900008221971,0.0002326164998788384
2011-12-31,0.041625764,1.4700013679308002,0.0003842092776734982
2012-01-01,0.070792116,2.5000023389052,0.0006534171421655705
2012-01-02,0.101940648,3.6000034019256,0.0009409206935793017
2012-01-03,0.098542626,3.4800032744022,0.0009095566667679582
2012-01-04,0.155742656,5.500005173843201,0.0014375177201483222
2012-01-05,0.054934682,1.9400018144254,0.0005070517021728014
2012-01-06,0.091746583,3.2400030546701,0.0008468286223753549
2012-01-07,0.048138639,1.7000015946933,0.000444323657780198
2012-01-08,0.091180246,3.2200030334162,0.0008416012845734644
2012-01-09,0.076738654,2.7100025444138,0.0007083041844703798
2012-01-10,0.075889149,2.6800025301903,0.0007004631823825857
2012-01-11,0.086083214,3.0400028774458003,0.0007945552535865327
2012-01-12,0.063712905,2.2500021262035,0.0005880754334870636
2012-01-13,0.060598052,2.1400020269644,0.0005593250801917072
2012-01-14,0.01840595,0.650000602465,0.000169888455486235
2012-01-15,0.029732689,1.0500009922283,0.000274435202293963
2012-01-16,0.02775051,0.9800009354970001,0.00025613952460238774
2012-01-17,0.048988145,1.7300016442315,0.0004521646690980756
2012-01-18,0.059182209,2.0900019561723,0.0005462567310719389
2012-01-19,0.061164389,2.1600020482183,0.0005645524179935977
2012-01-20,0.138186211,4.8800045856017,0.0012754702667498812
2012-01-21,0.150645624,5.3200050178728,0.0013904716891613904
2012-01-22,0.210677339,7.4400070235833,0.001944569431551207
2012-01-23,0.279204107,9.8600092774729,0.002577077222509215
2012-01-24,0.314316997,11.1000104539559,0.0029011721293060967
2012-01-25,0.216623876,7.6500071937772,0.0019994564646259325
2012-01-26,0.184342671,6.510006123563701,0.0017014982468385041
2012-01-27,0.237012006,8.3700078882882,0.0021876406070338262
2012-01-28,0.2307823,8.15000768981,0.0021301399004431134
2012-01-29,0.158291172,5.5900052518284005,0.001461040735641788
2012-01-30,0.126009967,4.4500041816149,0.0011630825178543592
2012-01-31,0.082402024,2.9100027569528004,0.0007605775624892856
2012-02-01,0.105905006,3.7400035153882,0.0009775120489624524
2012-02-02,0.20671298,7.300006874806,0.0019079780669379728
2012-02-03,0.255134788,9.0100084977836,0.0023549153982341583
2012-02-04,0.272691233,9.6300090860251,0.002516962851632599
2012-02-05,0.207562486,7.3300069243442,0.0019158190782558504
2012-02-06,0.186324851,6.580006215609701,0.0017197939337601628
2012-02-07,0.180095144,6.3600059818168,0.0016622932179393664
2012-02-08,0.17896247,6.3200059393090005,0.0016518385423355854
2012-02-09,0.144415918,5.1000048193946,0.0013329709825706775
2012-02-10,0.163105036,5.760005414829201,0.001505473102342816
2012-02-11,0.176980291,6.2500058825777005,0.00163354286464401
2012-02-12,0.178679302,6.310005946339401,0.0016492248780496817
2012-02-13,0.171883259,6.070005726607301,0.0015864968336570782
2012-02-14,0.16055652,5.670005336844,0.0014819500868493503
2012-02-15,0.171316922,6.050005705353401,0.0015812694958551878
2012-02-16,0.136204032,4.8100045288704,0.001257174589058306
2012-02-17,0.107887186,3.8100036074342,0.000995807735884111
2012-02-18,0.097693121,3.4500032601787,0.0009017156646801642
2012-02-19,0.116948576,4.1300038768672005,0.0010794451222541932
2012-02-20,0.128275315,4.530004266630501,0.0011839918690619213
2012-02-21,0.129407989,4.570004309138301,0.0011944465446657026
2012-02-22,0.130257494,4.600004323361801,0.0012022875467534964
2012-02-23,0.090330741,3.1900030191927002,0.0008337602824856702
2012-02-24,0.128275315,4.530004266630501,0.0011839918690619213
2012-02-25,0.123461451,4.3600041036297,0.0011395595023608932
2012-02-26,0.112417881,3.9700037421507,0.001037626429069152
2012-02-27,0.099392132,3.5100033239404,0.000917397678085836
2012-02-28,0.072774296,2.5700024309512,0.0006717128290872293
2012-02-29,0.063712905,2.2500021262035,0.0005880754334870636
2012-03-01,0.061164389,2.1600020482183,0.0005645524179935977
2012-03-02,0.091180246,3.2200030334162,0.0008416012845734644
2012-03-03,0.073623801,2.6000024451747,0.0006795538311750235
2012-03-04,0.095710941,3.3800031681327,0.0008834199777585053
2012-03-05,0.132522842,4.680004408377401,0.001223196897961059
2012-03-06,0.205297138,7.2500068393286,0.0018949097270482883
2012-03-07,0.193970399,6.8500064495653,0.00179036298024056
2012-03-08,0.124877293,4.4100041391071,0.001152627842250578
2012-03-09,0.129407989,4.570004309138301,0.0011944465446657026
2012-03-10,0.130823831,4.6200043446157,0.0012075148845553873
2012-03-11,0.135071358,4.7700044863626,0.0012467199134545248
2012-03-12,0.163954542,5.7900054643674,0.0015133141136606937
2012-03-13,0.188590198,6.6600062653106,0.0017407032757376414
2012-03-14,0.169617911,5.990005641591701,0.0015655874824495161
2012-03-15,0.162255531,5.730005400605701,0.001497632100255022
2012-03-16,0.138752548,4.9000046068556005,0.0012806976045517716
2012-03-17,0.089481235,3.1600029696545002,0.0008259192711677927
2012-03-18,0.103639659,3.6600034656873,0.0009566027069849735
2012-03-19,0.144982255,5.120004840648501,0.0013381983203725682
2012-03-20,0.143283244,5.0600047768868,0.0013225163069668965
2012-03-21,0.362455636,12.8000120486492,0.003345495787086295
2012-03-22,0.339802159,12.000011304437301,0.0031364023027009224
2012-03-23,0.220305066,7.7800073142702,0.0020334341557231798
2012-03-24,0.190006041,6.7100063361027,0.0017537716248574096
2012-03-25,0.192554557,6.8000064140879,0.0017772946403508752
2012-03-26,0.16055652,5.670005336844,0.0014819500868493503
2012-03-27,0.133655516,4.720004450885201,0.00123365157356484
2012-03-28,0.063429736,2.2400020979192004,0.0005854617599710765
2012-03-29,0.054085177,1.9100018002019001,0.0004992107000850073
2012-03-30,0.05351884,1.8900017789480001,0.0004939833622831167
2012-03-31,0.057483199,2.0300019277253,0.0005305747268963507
2012-04-01,0.045873291,1.6200015096777,0.00042341430657263565
2012-04-02,0.039643585,1.4000013111995002,0.00036591359998192286
2012-04-03,0.045306955,1.6000015237385001,0.0004181869780008287
2012-04-04,0.045306955,1.6000015237385001,0.0004181869780008287
2012-04-05,0.041059428,1.4500013819916002,0.00037898194910169103
2012-04-06,0.031148531,1.1000010277057,0.0002875035421836477
2012-04-07,0.021520803,0.7600007017041001,0.0001986388087815914
2012-04-08,0.018972287,0.6700006237189001,0.00017511579328812558
2012-04-09,0.016423771,0.5800005457337001,0.00015159277779465971
2012-04-10,0.012742581,0.4500004252407,0.00011761508669741271
2012-04-11,0.010477233,0.37000034022510003,9.670573548985042e-05
2012-04-12,0.010760402,0.38000036850940005,9.931940900583746e-05
2012-04-13,0.010477233,0.37000034022510003,9.670573548985042e-05
2012-04-14,0.01104357,0.390000361479,0.000101933073291741
2012-04-15,0.01104357,0.390000361479,0.000101933073291741
2012-04-16,0.006229706,0.22000019847820002,5.750070659071284e-05
2012-04-17,0.005380201,0.19000018425470003,4.965970450291873e-05
2012-04-18,0.109869365,3.8800036641655002,0.0010141034135756864
2012-04-19,0.031148531,1.1000010277057,0.0002875035421836477
2012-04-20,0.003114853,0.11000009923910001,2.875035329535642e-05
2012-04-21,0.000849505,0.0300000142235,7.841002087794113e-06
2012-04-22,,,
2012-04-23,,,
2012-04-24,,,
2012-04-25,0.000849505,0.0300000142235,7.841002087794113e-06
2012-04-26,0.004813864,0.1700001630008,4.4432366701028156e-05
2012-04-27,0.003964359,0.1400001487773,3.659136461323404e-05
2012-04-28,0.006796043,0.2400002197321,6.272804439260342e-05
2012-04-29,0.007079212,0.25000024801640003,6.534171790859045e-05
2012-04-30,0.012459413,0.44000043227110003,0.0001150014224115092
2012-05-01,0.010760402,0.38000036850940005,9.931940900583746e-05
2012-05-02,0.005946538,0.21000020550860002,5.4887042304809305e-05
2012-05-03,0.005380201,0.19000018425470003,4.965970450291873e-05
2012-05-04,0.005380201,0.19000018425470003,4.965970450291873e-05
2012-05-05,0.001699011,0.06000006376170001,1.568201340567173e-05
2012-05-06,0.003964359,0.1400001487773,3.659136461323404e-05
2012-05-07,0.00368119,0.130000120493,3.3977691097247e-05
2012-05-08,0.004247527,0.15000014174690002,3.9205028899137574e-05
2012-05-09,0.005097032,0.1800001559704,4.7046030986931686e-05
2012-05-10,0.004530695,0.16000013471650001,4.181869318504111e-05
2012-05-11,0.008211886,0.2900002905242,7.57963935123716e-05
2012-05-12,0.004247527,0.15000014174690002,3.9205028899137574e-05
2012-05-13,0.004813864,0.1700001630008,4.4432366701028156e-05
2012-05-14,0.003398022,0.12000012752340002,3.136402681134346e-05
2012-05-15,0.011326739,0.40000038976330005,0.00010454674680772804
2012-05-16,0.033130711,1.1700011197517002,0.0003057992291053065
2012-05-17,0.015291097,0.5400005032259,0.00014113810219087858
2012-05-18,0.008495054,0.30000028349380004,7.841005779827515e-05
2012-05-19,0.004530695,0.16000013471650001,4.181869318504111e-05
2012-05-20,0.002548516,0.0900000779852,2.3523015493465843e-05
2012-05-21,0.001415842,0.05000003547740001,1.306833988968469e-05
2012-05-22,0.000566337,0.0200000212539,5.2273378018905765e-06
2012-05-23,,,
2012-05-24,,,
2012-05-25,,,
2012-05-26,,,
2012-05-27,,,
2012-05-28,,,
2012-05-29,,,
2012-05-30,,,
2012-05-31,,,
2012-06-01,,,
2012-06-02,,,
2012-06-03,,,
2012-06-04,,,
2012-06-05,,,
2012-06-06,,,
2012-06-07,,,
2012-06-08,,,
2012-06-09,,,
2012-06-10,,,
2012-06-11,,,
2012-06-12,,,
2012-06-13,,,
2012-06-14,,,
2012-06-15,,,
2012-06-16,,,
2012-06-17,,,
2012-06-18,,,
2012-06-19,,,
2012-06-20,,,
2012-06-21,,,
2012-06-22,,,
2012-06-23,,,
2012-06-24,,,
2012-06-25,,,
2012-06-26,,,
2012-06-27,,,
2012-06-28,,,
2012-06-29,,,
2012-06-30,,,
2012-07-01,,,
2012-07-02,,,
2012-07-03,,,
2012-07-04,,,
2012-07-05,,,
2012-07-06,,,
2012-07-07,,,
2012-07-08,,,
2012-07-09,,,
2012-07-10,,,
2012-07-11,,,
2012-07-12,,,
2012-07-13,,,
2012-07-14,,,
2012-07-15,,,
2012-07-16,2.61930831,92.500087175157,0.024176434426267615
2012-07-17,0.21775655,7.690007236285,0.0020099111402297138
2012-07-18,0.004530695,0.16000013471650001,4.181869318504111e-05
2012-07-19,0.003114853,0.11000009923910001,2.875035329535642e-05
2012-07-20,0.000283168,0.0099999929696,2.613664285903536e-06
2012-07-21,,,
2012-07-22,1.177980818,41.6000391934246,0.010872861317260542
2012-07-23,2.831684659,100.0000942271873,0.02613668586199441
2012-07-24,0.385109114,13.6000128281758,0.0035545892807017504
2012-07-25,0.156308993,5.5200051950971005,0.0014427450579502126
2012-07-26,0.009627728,0.3400003260016,8.886473340205631e-05
2012-07-27,0.001699011,0.06000006376170001,1.568201340567173e-05
2012-07-28,0.047572302,1.6800015734394,0.0004390963199783074
2012-07-29,3.086536279,109.00010273200131,0.028488987595942664
2012-07-30,4.219210142,149.0001404016874,0.03894366193520237
2012-07-31,2.681605372,94.70008923056841,0.02475144151063491
2012-08-01,10.3922827,367.00034586569006,0.09592163712708772
2012-08-02,4.219210142,149.0001404016874,0.03894366193520237
2012-08-03,0.673940949,23.8000224316503,0.006220531236613023
2012-08-04,1.090198594,38.500036287531806,0.010062624059498423
2012-08-05,1.129842179,39.9000375987313,0.010428537659480343
2012-08-06,2.140753602,75.60007122854941,0.01975933450978484
2012-08-07,0.322812051,11.4000107374497,0.002979582187104372
2012-08-08,0.03511289,1.2400011764830001,0.00032409490679688176
2012-08-09,0.022936646,0.8100007724962001,0.00021170715790135963
2012-08-10,0.501208185,17.7000166908195,0.00462619340086815
2012-08-11,0.036245564,1.2800012189908,0.0003345495824006629
2012-08-12,0.006512875,0.2300002267625,6.011438010669987e-05
2012-08-13,0.003964359,0.1400001487773,3.659136461323404e-05
2012-08-14,0.000566337,0.0200000212539,5.2273378018905765e-06
2012-08-15,0.385109114,13.6000128281758,0.0035545892807017504
2012-08-16,0.580495355,20.500019313218502,0.005358020600831997
2012-08-17,0.094295099,3.3300031326553,0.0008703516378688207
2012-08-18,0.00736238,0.260000240986,6.7955382194494e-05
2012-08-19,0.030582194,1.0800010064518,0.00028227620438175716
2012-08-20,0.058615872,2.0700019349184,0.0005410293932700484
2012-08-21,0.011893076,0.42000041101720004,0.00010977408460961861
2012-08-22,0.07022578,2.4800023529660002,0.0006481898135937635
2012-08-23,1.067545117,37.700035543319906,0.00985353057511305
2012-08-24,10.64713432,376.000354370504,0.09827393886103594
2012-08-25,6.088122017,215.00020259374992,0.05619387460467249
2012-08-26,1.025069847,36.2000341258509,0.009461480286121673
2012-08-27,0.382277429,13.5000127219063,0.003528452591692298
2012-08-28,0.194819905,6.8800064991035,0.0017982039915584377
2012-08-29,0.08495054,3.0000028349380004,0.0007841005779827515
2012-08-30,0.224269425,7.9200074630475,0.002070025520336414
2012-08-31,0.069659443,2.4600023317121003,0.0006429624757918729
2012-09-01,0.156592162,5.5300052233814005,0.0014453587314661998
2012-09-02,0.390772483,13.800013005400102,0.003606862649490573
2012-09-03,0.183209997,6.470006081055901,0.0016910435712347229
2012-09-04,0.501208185,17.7000166908195,0.00462619340086815
2012-09-05,0.538020085,19.0000178957495,0.004965970311840619
2012-09-06,0.622970625,22.000020730687503,0.005750070889823372
2012-09-07,0.277505097,9.8000092490259,0.0025613952183336265
2012-09-08,0.044740618,1.5800015024846001,0.00041295964019893804
2012-09-09,0.008495054,0.30000028349380004,7.841005779827515e-05
2012-09-10,0.002831685,0.10000010626950001,2.6136689009452884e-05
2012-09-11,1.251604619,44.2000416385993,0.011552415148435566
2012-09-12,8.240202358,291.0002742120626,0.07605775586126505
2012-09-13,1.4951295,52.80004975365,0.01380017013557609
2012-09-14,0.985426261,34.8000327793367,0.009095566676909667
2012-09-15,0.475723023,16.8000158403381,0.004390963227473325
2012-09-16,0.231631805,8.1800077040335,0.002137980902530908
2012-09-17,0.099958468,3.5300033098796,0.0009226250066576429
2012-09-18,0.019538624,0.6900006449728001,0.00018034313109001614
2012-09-19,0.007645549,0.2700002692703,7.056905571048104e-05
2012-09-20,0.001132674,0.0400000425078,1.0454675603781153e-05
2012-09-21,,,
2012-09-22,,,
2012-09-23,,,
2012-09-24,,,
2012-09-25,,,
2012-09-26,,,
2012-09-27,,,
2012-09-28,,,
2012-09-29,,,
2012-09-30,,,
2012-10-01,,,
2012-10-02,,,
2012-10-03,,,
2012-10-04,,,
2012-10-05,,,
2012-10-06,,,
2012-10-07,,,
2012-10-08,,,
2012-10-09,,,
2012-10-10,,,
2012-10-11,,,
2012-10-12,,,
2012-10-13,,,
2012-10-14,,,
2012-10-15,0.096277278,3.4000031893866,0.000888647315560396
2012-10-16,0.059465378,2.1000019844566,0.000548870404587926
2012-10-17,0.012459413,0.44000043227110003,0.0001150014224115092
2012-10-18,,,
2012-10-19,,,
2012-10-20,,,
2012-10-21,,,
2012-10-22,,,
2012-10-23,,,
2012-10-24,,,
2012-10-25,,,
2012-10-26,,,
2012-10-27,,,
2012-10-28,,,
2012-10-29,,,
2012-10-30,,,
2012-10-31,,,
2012-11-01,0.053235672,1.8800017859784,0.0004913696979972132
2012-11-02,0.102223816,3.6100033948952,0.0009435343578652052
2012-11-03,0.022936646,0.8100007724962001,0.00021170715790135963
2012-11-04,0.02944952,1.040000963944,0.000271821528777976
2012-11-05,0.031998037,1.1300010772439,0.00029534455350152533
2012-11-06,0.034829721,1.2300011481987,0.0003214812332808947
2012-11-07,0.038510911,1.3600012686917002,0.0003554589243781417
2012-11-08,0.044174281,1.5600014812307001,0.0004077323023970475
2012-11-09,0.023502983,0.8300007937501,0.00021693449570325018
2012-11-10,0.06088122,2.150002019934,0.0005619387444776107
2012-11-11,0.06088122,2.150002019934,0.0005619387444776107
2012-11-12,0.01472476,0.520000481972,0.000135910764388988
2012-11-13,0.014158423,0.5000004607181,0.00013068342658709742
2012-11-14,0.016140603,0.5700005527641,0.0001489791135087562
2012-11-15,0.082685192,2.9200027499224004,0.0007631912267751892
2012-11-16,0.070792116,2.5000023389052,0.0006534171421655705
2012-11-17,0.096843615,3.4200032106405,0.0008938746533622865
2012-11-18,0.172732764,6.100005740830801,0.0015943378357448725
2012-11-19,0.213509023,7.5400070945381,0.0019707061113305763
2012-11-20,0.131673337,4.650004394153901,0.0012153558958732649
2012-11-21,0.106188175,3.7500035436725,0.0009801257224784394
2012-11-22,0.111285207,3.9300036996429,0.001027171753465371
2012-11-23,0.0996753,3.52000331691,0.0009200113423717395
2012-11-24,0.08863173,3.1300029554310003,0.0008180782690799985
2012-11-25,0.093445594,3.3000031184318006,0.0008625106357810267
2012-11-26,0.091180246,3.2200030334162,0.0008416012845734644
2012-11-27,0.076738654,2.7100025444138,0.0007083041844703798
2012-11-28,0.07390697,2.610002473459,0.0006821675046910106
2012-11-29,0.0682436,2.4100022609200002,0.0006298941266721048
2012-11-30,0.072207959,2.5500024096973,0.0006664854912853388
2012-12-01,0.086083214,3.0400028774458003,0.0007945552535865327
2012-12-02,0.11808125,4.1700039193750005,0.0010898997978579744
2012-12-03,0.095710941,3.3800031681327,0.0008834199777585053
2012-12-04,0.087215888,3.0800029199536003,0.0008050099291903139
2012-12-05,0.083251529,2.9400027711763004,0.0007684185645770797
2012-12-06,0.078154497,2.7600026152059,0.0007213725335901482
2012-12-07,0.086649551,3.0600028986997003,0.0007997825913884232
2012-12-08,0.075889149,2.6800025301903,0.0007004631823825857
2012-12-09,0.086366382,3.0500028704154003,0.0007971689178724363
2012-12-10,0.021520803,0.7600007017041001,0.0001986388087815914
2012-12-11,0.033980216,1.2000011339752001,0.0003136402311931006
2012-12-12,0.023786151,0.8400007867197,0.0002195481599891537
2012-12-13,0.014158423,0.5000004607181,0.00013068342658709742
2012-12-14,0.030865363,1.0900010347361,0.00028488987789774417
2012-12-15,0.044740618,1.5800015024846001,0.00041295964019893804
2012-12-16,0.055784188,1.9700018639636,0.0005148927134906791
2012-12-17,0.058049536,2.0500019489792,0.0005358020646982413
2012-12-18,0.073623801,2.6000024451747,0.0006795538311750235
2012-12-19,0.156025825,5.5100052021275,0.0014401313936643091
2012-12-20,0.073057464,2.5800024239208,0.0006743264933731329
2012-12-21,0.038510911,1.3600012686917002,0.0003554589243781417
2012-12-22,0.01840595,0.650000602465,0.000169888455486235
2012-12-23,0.008778222,0.31000027646340006,8.102372208417869e-05
2012-12-24,0.004530695,0.16000013471650001,4.181869318504111e-05
2012-12-25,0.002831685,0.10000010626950001,2.6136689009452884e-05
2012-12-26,0.001982179,0.07000005673130001,1.8295677691575268e-05
2012-12-27,0.002548516,0.0900000779852,2.3523015493465843e-05
2012-12-28,0.180378313,6.3700060101011005,0.0016649068914553534
2012-12-29,0.015574266,0.5500005315102,0.0001437517757068656
2012-12-30,0.074190138,2.6200024664286,0.000684781168976914
2012-12-31,0.059182209,2.0900019561723,0.0005462567310719389
2013-01-01,0.042192101,1.4900013891847002,0.00038943661547538876
2013-01-02,0.099392132,3.5100033239404,0.000917397678085836
2013-01-03,0.288831835,10.2000096034745,0.0026659419559112714
2013-01-04,0.129407989,4.570004309138301,0.0011944465446657026
2013-01-05,0.348297213,12.3000115879311,0.003214812360499198
2013-01-06,0.024918825,0.8800008292275,0.00023000283559293486
2013-01-07,0.022653477,0.8000007442119001,0.00020909348438537256
2013-01-08,0.00736238,0.260000240986,6.7955382194494e-05
2013-01-09,0.006796043,0.2400002197321,6.272804439260342e-05
2013-01-10,0.007928717,0.28000026223990004,7.318271999638457e-05
2013-01-11,0.007645549,0.2700002692703,7.056905571048104e-05
2013-01-12,0.00736238,0.260000240986,6.7955382194494e-05
2013-01-13,0.007645549,0.2700002692703,7.056905571048104e-05
2013-01-14,0.017273276,0.6100005599572,0.00015943377988245384
2013-01-15,0.010477233,0.37000034022510003,9.670573548985042e-05
2013-01-16,0.010477233,0.37000034022510003,9.670573548985042e-05
2013-01-17,0.007645549,0.2700002692703,7.056905571048104e-05
2013-01-18,0.007645549,0.2700002692703,7.056905571048104e-05
2013-01-19,0.00736238,0.260000240986,6.7955382194494e-05
2013-01-20,0.007928717,0.28000026223990004,7.318271999638457e-05
2013-01-21,0.007645549,0.2700002692703,7.056905571048104e-05
2013-01-22,0.00736238,0.260000240986,6.7955382194494e-05
2013-01-23,0.007645549,0.2700002692703,7.056905571048104e-05
2013-01-24,0.007928717,0.28000026223990004,7.318271999638457e-05
2013-01-25,0.018122782,0.6400006094954,0.00016727479120033146
2013-01-26,0.925960884,32.7000308301948,0.008546696281551825
2013-01-27,15.57426563,550.000518443761,0.1437517722917347
2013-01-28,3.313071051,117.0001102447497,0.030579922458256557
2013-01-29,1.220456088,43.1000406108936,0.011264911606251917
2013-01-30,0.877822244,31.000029200186802,0.008102372614541541
2013-01-31,0.605980517,21.4000201636999,0.005593250774226821
2013-02-01,0.461564599,16.3000153443053,0.004260279791656144
2013-02-02,0.441742807,15.600014706362902,0.0040773229962802245
2013-02-03,0.390772483,13.800013005400102,0.003606862649490573
2013-02-04,0.37095069,13.100012332143002,0.0034239058448845704
2013-02-05,0.331307105,11.700011020943501,0.003057992244902647
2013-02-06,0.311485313,11.0000103830011,0.0028750354495267272
2013-02-07,0.288831835,10.2000096034745,0.0026659419559112714
2013-02-08,0.280053613,9.8900093270111,0.0025849182338270925
2013-02-09,0.259665483,9.1700086325001,0.002396734091419199
2013-02-10,0.229366457,8.1000076190179,0.0021170715513233454
2013-02-11,0.239560522,8.4600079662734,0.0022111636225272922
2013-02-12,0.209261496,7.3900069527912,0.0019315010824314388
2013-02-13,0.219455561,7.7500073000467005,0.0020255931536353852
2013-02-14,0.219455561,7.7500073000467005,0.0020255931536353852
2013-02-15,0.199067432,7.0300066408504,0.0018374090204575754
2013-02-16,0.175847617,6.2100058400699005,0.001623088189040229
2013-02-17,0.148663445,5.2500049611415,0.001372176011469815
2013-02-18,0.128275315,4.530004266630501,0.0011839918690619213
2013-02-19,0.121479272,4.2900040468984,0.001121263824669318
2013-02-20,0.128558484,4.5400042949148,0.0011866055425779082
2013-02-21,0.124594125,4.4000041461375,0.0011500141779646744
2013-02-22,0.114116892,4.0300038059124,0.001053308442474824
2013-02-23,0.062580231,2.2100020836957,0.0005776207578832824
2013-02-24,0.085800045,3.0300028491615003,0.0007919415800705456
2013-02-25,0.061730726,2.1800020694722,0.0005697797557954883
2013-02-26,0.057766367,2.0400019206949,0.0005331883911822542
2013-02-27,0.063712905,2.2500021262035,0.0005880754334870636
2013-02-28,0.0682436,2.4100022609200002,0.0006298941266721048
2013-03-01,0.087215888,3.0800029199536003,0.0008050099291903139
2013-03-02,0.069942611,2.4700023246817002,0.0006455761400777764
2013-03-03,0.11808125,4.1700039193750005,0.0010898997978579744
2013-03-04,0.133938684,4.7300044438548,0.0012362652378507437
2013-03-05,0.099108963,3.5000032956561,0.0009147840045698487
2013-03-06,0.086083214,3.0400028774458003,0.0007945552535865327
2013-03-07,0.077871328,2.7500025869216005,0.0007187588600741611
2013-03-08,0.074190138,2.6200024664286,0.000684781168976914
2013-03-09,0.07022578,2.4800023529660002,0.0006481898135937635
2013-03-10,0.065695084,2.3200021829348003,0.0006063711111786389
2013-03-11,0.087782224,3.1000029058928003,0.0008102372577621209
2013-03-12,0.18094465,6.390006031355001,0.001670134229257244
2013-03-13,0.13846938,4.890004613886,0.0012780839402658682
2013-03-14,0.097409952,3.4400032318944,0.000899101991164177
2013-03-15,0.078437665,2.7700026081755005,0.0007239861978760516
2013-03-16,0.066261421,2.3400022041887003,0.0006115984489805295
2013-03-17,0.056067356,1.9800018569332,0.0005175063777765825
2013-03-18,0.042758438,1.5100014104386001,0.0003946639532772793
2013-03-19,0.034829721,1.2300011481987,0.0003214812332808947
2013-03-20,0.030582194,1.0800010064518,0.00028227620438175716
2013-03-21,0.031714868,1.1200010489596002,0.00029273087998553827
2013-03-22,0.02576833,0.910000843451,0.00023784383768072896
2013-03-23,0.019538624,0.6900006449728001,0.00018034313109001614
2013-03-24,0.018689119,0.6600006307493,0.00017250212900222201
2013-03-25,0.019821793,0.7000006732571,0.0001829568046060032
2013-03-26,0.020954466,0.7400006804502001,0.00019341147097970085
2013-03-27,0.023502983,0.8300007937501,0.00021693449570325018
2013-03-28,0.020954466,0.7400006804502001,0.00019341147097970085
2013-03-29,0.02038813,0.720000694511,0.00018818414240789376
2013-03-30,0.039077248,1.3800012899456002,0.0003606862621800323
2013-03-31,0.029732689,1.0500009922283,0.000274435202293963
2013-04-01,0.023502983,0.8300007937501,0.00021693449570325018
2013-04-02,0.019821793,0.7000006732571,0.0001829568046060032
2013-04-03,0.022370309,0.7900007512423001,0.00020647982009946902
2013-04-04,0.020671298,0.7300006874806001,0.0001907978066937973
2013-04-05,0.021803972,0.7700007299884001,0.00020125248229757847
2013-04-06,0.02038813,0.720000694511,0.00018818414240789376
2013-04-07,0.018689119,0.6600006307493,0.00017250212900222201
2013-04-08,0.021237635,0.7500007087345001,0.00019602514449568788
2013-04-09,0.030865363,1.0900010347361,0.00028488987789774417
2013-04-10,0.023219814,0.8200007654658,0.00021432082218726312
2013-04-11,0.023786151,0.8400007867197,0.0002195481599891537
2013-04-12,0.097409952,3.4400032318944,0.000899101991164177
2013-04-13,0.092879257,3.2800030971779006,0.0008572832979791362
2013-04-14,0.053235672,1.8800017859784,0.0004913696979972132
2013-04-15,0.028600015,1.0100009497205,0.0002639805266901819
2013-04-16,0.015007929,0.5300005102563,0.00013852443790497503
2013-04-17,0.018689119,0.6600006307493,0.00017250212900222201
2013-04-18,0.015857434,0.5600005244798001,0.00014636543999276913
2013-04-19,0.016706939,0.5900005387033,0.00015420644208056326
2013-04-20,0.018972287,0.6700006237189001,0.00017511579328812558
2013-04-21,0.018122782,0.6400006094954,0.00016727479120033146
2013-04-22,0.017839613,0.6300005812111,0.0001646611176843444
2013-04-23,0.013875255,0.49000046774850003,0.00012806976230119387
2013-04-24,0.013875255,0.49000046774850003,0.00012806976230119387
2013-04-25,0.016423771,0.5800005457337001,0.00015159277779465971
2013-04-26,0.016140603,0.5700005527641,0.0001489791135087562
2013-04-27,0.014441592,0.5100004890024,0.00013329710010308445
2013-04-28,0.013592086,0.4800004394642,0.00012545608878520683
2013-04-29,0.012742581,0.4500004252407,0.00011761508669741271
2013-04-30,0.010760402,0.38000036850940005,9.931940900583746e-05
2013-05-01,0.007079212,0.25000024801640003,6.534171790859045e-05
2013-05-02,0.005946538,0.21000020550860002,5.4887042304809305e-05
2013-05-03,0.009344559,0.33000029771730005,8.625105988606926e-05
2013-05-04,0.012742581,0.4500004252407,0.00011761508669741271
2013-05-05,0.011326739,0.40000038976330005,0.00010454674680772804
2013-05-06,0.016423771,0.5800005457337001,0.00015159277779465971
2013-05-07,0.020671298,0.7300006874806001,0.0001907978066937973
2013-05-08,0.016990108,0.6000005669876001,0.0001568201155965503
2013-05-09,0.016706939,0.5900005387033,0.00015420644208056326
2013-05-10,0.019821793,0.7000006732571,0.0001829568046060032
2013-05-11,0.017556445,0.6200005882415001,0.00016204745339844088
2013-05-12,0.013875255,0.49000046774850003,0.00012806976230119387
2013-05-13,0.010760402,0.38000036850940005,9.931940900583746e-05
2013-05-14,0.010760402,0.38000036850940005,9.931940900583746e-05
2013-05-15,0.00736238,0.260000240986,6.7955382194494e-05
2013-05-16,0.003114853,0.11000009923910001,2.875035329535642e-05
2013-05-17,0.00368119,0.130000120493,3.3977691097247e-05
2013-05-18,0.005380201,0.19000018425470003,4.965970450291873e-05
2013-05-19,0.007928717,0.28000026223990004,7.318271999638457e-05
2013-05-20,0.005097032,0.1800001559704,4.7046030986931686e-05
2013-05-21,0.003964359,0.1400001487773,3.659136461323404e-05
2013-05-22,0.006229706,0.22000019847820002,5.750070659071284e-05
2013-05-23,0.001132674,0.0400000425078,1.0454675603781153e-05
2013-05-24,,,
2013-05-25,,,
2013-05-26,,,
2013-05-27,,,
2013-05-28,,,
2013-05-29,,,
2013-05-30,,,
2013-05-31,,,
2013-06-01,,,
2013-06-02,,,
2013-06-03,,,
2013-06-04,,,
2013-06-05,,,
2013-06-06,,,
2013-06-07,,,
2013-06-08,,,
2013-06-09,,,
2013-06-10,,,
2013-06-11,,,
2013-06-12,,,
2013-06-13,,,
2013-06-14,,,
2013-06-15,,,
2013-06-16,,,
2013-06-17,,,
2013-06-18,,,
2013-06-19,,,
2013-06-20,,,
2013-06-21,,,
2013-06-22,,,
2013-06-23,,,
2013-06-24,,,
2013-06-25,,,
2013-06-26,,,
2013-06-27,,,
2013-06-28,,,
2013-06-29,,,
2013-06-30,,,
2013-07-01,,,
2013-07-02,,,
2013-07-03,,,
2013-07-04,,,
2013-07-05,,,
2013-07-06,1.716000903,60.60005708917411,0.01583883162910116
2013-07-07,0.880653929,31.1000293064563,0.008128509303550996
2013-07-08,0.137903043,4.8700045926321005,0.0012728566024639777
2013-07-09,0.024635657,0.8700008362579,0.00022738917130703132
2013-07-10,0.002265348,0.0800000850156,2.0909351207562306e-05
2013-07-11,0.002265348,0.0800000850156,2.0909351207562306e-05
2013-07-12,0.002265348,0.0800000850156,2.0909351207562306e-05
2013-07-13,0.000283168,0.0099999929696,2.613664285903536e-06
2013-07-14,,,
2013-07-15,0.308653628,10.900010276731601,0.002848898760517275
2013-07-16,2.392773537,84.50007962709391,0.022085499554723637
2013-07-17,0.959941099,33.900031928855306,0.00886033650351484
2013-07-18,0.170750585,6.030005684099501,0.0015760421580532972
2013-07-19,0.020671298,0.7300006874806001,0.0001907978066937973
2013-07-20,0.356792267,12.6000118714249,0.0032932224182974728
2013-07-21,0.707921165,25.0000235656255,0.006534171467806124
2013-07-22,1.934040622,68.3000643537434,0.017851356442846862
2013-07-23,1.86608019,65.900062085793,0.01722407598046066
2013-07-24,1.356376952,47.900045146794405,0.01251947253102432
2013-07-25,0.319980366,11.300010631180202,0.0029534454980949193
2013-07-26,0.062013894,2.1900020624418,0.0005723934200813918
2013-07-27,0.02576833,0.910000843451,0.00023784383768072896
2013-07-28,0.008211886,0.2900002905242,7.57963935123716e-05
2013-07-29,2.828852975,99.90009415623251,0.026110549182215042
2013-07-30,1.534773085,54.200051064849504,0.014166083735558017
2013-07-31,0.365287321,12.9000121549187,0.003371632476095748
2013-08-01,0.079570339,2.8100026506833005,0.0007344408734798328
2013-08-02,0.019538624,0.6900006449728001,0.00018034313109001614
2013-08-03,0.427584384,15.1000142456448,0.003946639569693127
2013-08-04,2.010496108,71.0000669051876,0.018557046963031336
2013-08-05,0.228516952,8.0700076047944,0.0021092305492355517
2013-08-06,0.008778222,0.31000027646340006,8.102372208417869e-05
2013-08-07,0.014441592,0.5100004890024,0.00013329710010308445
2013-08-08,0.001132674,0.0400000425078,1.0454675603781153e-05
2013-08-09,0.656950841,23.200021864662702,0.006063711121016472
2013-08-10,0.453069545,16.000015060811503,0.004181869733857869
2013-08-11,0.11808125,4.1700039193750005,0.0010898997978579744
2013-08-12,0.026901004,0.9500008859588001,0.00024829851328451015
2013-08-13,0.008211886,0.2900002905242,7.57963935123716e-05
2013-08-14,0.000283168,0.0099999929696,2.613664285903536e-06
2013-08-15,,,
2013-08-16,,,
2013-08-17,,,
2013-08-18,,,
2013-08-19,,,
2013-08-20,,,
2013-08-21,,,
2013-08-22,,,
2013-08-23,0.085800045,3.0300028491615003,0.0007919415800705456
2013-08-24,0.999584685,35.3000332753695,0.009226250112726847
2013-08-25,0.976931207,34.5000324958429,0.009017156619111392
2013-08-26,3.001585739,106.0000998970633,0.02770488701795991
2013-08-27,6.088122017,215.00020259374992,0.05619387460467249
2013-08-28,4.502378608,159.0001498279376,0.041557330522324826
2013-08-29,4.785547074,169.00015925418782,0.04417099910944727
2013-08-30,2.052971378,72.5000683226566,0.018949097252022717
2013-08-31,2.290832889,80.90007622516829,0.021144578861144334
2013-09-01,7.673865426,271.00025535956223,0.07083041868702016
2013-09-02,2.064298117,72.9000687124199,0.01905364399883044
2013-09-03,1.339386844,47.30004457980681,0.01236265241542777
2013-09-04,0.492713131,17.4000164073257,0.004547783343069876
2013-09-05,0.060598052,2.1400020269644,0.0005593250801917072
2013-09-06,0.843842028,29.8000280662116,0.007788732383348442
2013-09-07,0.631465679,22.3000210141813,0.0058284809476216465
2013-09-08,0.753228119,26.6000250540493,0.006952358436576868
2013-09-09,2.069961486,73.1000688896442,0.019105917367619265
2013-09-10,7.050894801,249.00023462887472,0.06508034779719679
2013-09-11,5.691686165,201.00018941112552,0.0525347385863931
2013-09-12,18.12278182,640.0006031387541,0.16727478953891642
2013-09-13,2.944952046,104.0000980188762,0.02718215330238144
2013-09-14,2.307822997,81.50007679215591,0.02130139897674089
2013-09-15,4.89881446,173.000163010562,0.04521646654060422
2013-09-16,2.664615264,94.1000886635808,0.024594621395038357
2013-09-17,1.679189003,59.3000558842441,0.015499054718128692
2013-09-18,0.920297514,32.5000306176558,0.008494422903532918
2013-09-19,0.356792267,12.6000118714249,0.0032932224182974728
2013-09-20,0.136204032,4.8100045288704,0.001257174589058306
2013-09-21,0.07192479,2.540002381413,0.0006638718177693518
2013-09-22,0.065978253,2.3300022112191003,0.0006089847846946259
2013-09-23,5.521785085,195.00018374124951,0.050966537430427596
2013-09-24,1.820773236,64.3000605973692,0.016805889011689917
2013-09-25,0.529525031,18.700017612255703,0.004887560254042345
2013-09-26,0.131956505,4.6600043871235,0.0012179695601591684
2013-09-27,0.050687155,1.7900016726785,0.0004678466732736638
2013-09-28,0.033697047,1.1900011056909001,0.0003110265576771135
2013-09-29,0.030015857,1.0600009851979,0.0002770488665798665
2013-09-30,0.026051499,0.9200008717353,0.000240457511196716
2013-10-01,0.041908933,1.4800013962151002,0.0003868229511894852
2013-10-02,0.028600015,1.0100009497205,0.0002639805266901819
2013-10-03,0.025485162,0.9000008504814,0.00023523017339482542
2013-10-04,0.021803972,0.7700007299884001,0.00020125248229757847
2013-10-05,0.015291097,0.5400005032259,0.00014113810219087858
2013-10-06,0.011609907,0.4100003827329,0.00010716041109363156
2013-10-07,0.02775051,0.9800009354970001,0.00025613952460238774
2013-10-08,0.018972287,0.6700006237189001,0.00017511579328812558
2013-10-09,0.017273276,0.6100005599572,0.00015943377988245384
2013-10-10,0.02038813,0.720000694511,0.00018818414240789376
2013-10-11,2.336139844,82.5000777489068,0.02156276583914516
2013-10-12,1.12417881,39.700037421507005,0.010376264290691523
2013-10-13,0.736238011,26.0000244870617,0.006795538320980318
2013-10-14,0.231348637,8.170007711063901,0.0021353672382450044
2013-10-15,0.094295099,3.3300031326553,0.0008703516378688207
2013-10-16,0.053802009,1.9000018072323,0.0004965970357991037
2013-10-17,0.039926754,1.4100013394838002,0.0003685272734979099
2013-10-18,0.038227743,1.3500012757221,0.0003528452600922382
2013-10-19,0.036245564,1.2800012189908,0.0003345495824006629
2013-10-20,0.045873291,1.6200015096777,0.00042341430657263565
2013-10-21,0.041342596,1.4600013749612002,0.0003815956133875946
2013-10-22,0.042758438,1.5100014104386001,0.0003946639532772793
2013-10-23,0.037095069,1.3100012332143,0.000342390584488457
2013-10-24,0.02775051,0.9800009354970001,0.00025613952460238774
2013-10-25,0.043041607,1.5200014387229002,0.00039727762679326635
2013-10-26,0.048421808,1.7100016229776,0.00044693733129618505
2013-10-27,0.04615646,1.6300015379620003,0.0004260279800886228
2013-10-28,0.036811901,1.3000012402447,0.0003397769202025535
2013-10-29,0.078154497,2.7600026152059,0.0007213725335901482
2013-10-30,0.07022578,2.4800023529660002,0.0006481898135937635
2013-10-31,0.051819829,1.8300017151863,0.00047830134887744493
2013-11-01,0.049271313,1.7400016372011,0.0004547783333839791
2013-11-02,0.063712905,2.2500021262035,0.0005880754334870636
2013-11-03,0.098825795,3.4900033026865,0.0009121703402839452
2013-11-04,0.07560598,2.670002501906,0.0006978495088665988
2013-11-05,0.067960432,2.4000022679504003,0.0006272804623862012
2013-11-06,0.051819829,1.8300017151863,0.00047830134887744493
2013-11-07,0.050120818,1.7700016514246,0.0004626193354717732
2013-11-08,0.047572302,1.6800015734394,0.0004390963199783074
2013-11-09,0.03511289,1.2400011764830001,0.00032409490679688176
2013-11-10,0.001699011,0.06000006376170001,1.568201340567173e-05
2013-11-11,0.140734728,4.9700046989016,0.0012989932914734305
2013-11-12,0.073623801,2.6000024451747,0.0006795538311750235
2013-11-13,0.068526769,2.4200022892043003,0.0006325078001880917
2013-11-14,0.063712905,2.2500021262035,0.0005880754334870636
2013-11-15,0.063146568,2.2300021049496,0.0005828480956851731
2013-11-16,0.082685192,2.9200027499224004,0.0007631912267751892
2013-11-17,0.086649551,3.0600028986997003,0.0007997825913884232
2013-11-18,0.094295099,3.3300031326553,0.0008703516378688207
2013-11-19,0.099958468,3.5300033098796,0.0009226250066576429
2013-11-20,0.106188175,3.7500035436725,0.0009801257224784394
2013-11-21,0.097126784,3.4300032389248,0.0008964883268782736
2013-11-22,0.889148983,31.4000295899501,0.00820691936134927
2013-11-23,3.681190057,130.0001225059379,0.033977691623361755
2013-11-24,2.511704293,88.70008359600712,0.02318324036389949
2013-11-25,2.831684659,100.0000942271873,0.02613668586199441
2013-11-26,1.390357168,49.100046280769604,0.01283311276221742
2013-11-27,1.005248054,35.5000334525938,0.009278523481515668
2013-11-28,0.603148832,21.3000200574304,0.005567114085217369
2013-11-29,0.37095069,13.100012332143002,0.0034239058448845704
2013-11-30,0.235029827,8.3000078315569,0.0021693449293422513
2013-12-01,0.222853583,7.8700074275701,0.002056957180446729
2013-12-02,0.161122857,5.690005358097901,0.001487177424651241
2013-12-03,0.135071358,4.7700044863626,0.0012467199134545248
2013-12-04,0.125726799,4.4400041886453,0.0011604688535684553
2013-12-05,0.470059653,16.600015627799102,0.00433868984945442
2013-12-06,0.351128898,12.400011694200602,0.0032409490495086506
2013-12-07,0.050970324,1.8000017009628,0.00047046034678965083
2013-12-08,0.035396058,1.2500011694526,0.00032670857108278527
2013-12-09,0.024352488,0.8600008079736,0.00022477549779104425
2013-12-10,0.008778222,0.31000027646340006,8.102372208417869e-05
2013-12-11,0.006229706,0.22000019847820002,5.750070659071284e-05
2013-12-12,0.006796043,0.2400002197321,6.272804439260342e-05
2013-12-13,0.013592086,0.4800004394642,0.00012545608878520683
2013-12-14,0.014158423,0.5000004607181,0.00013068342658709742
2013-12-15,0.016423771,0.5800005457337001,0.00015159277779465971
2013-12-16,0.020104961,0.7100006662267001,0.00018557046889190672
2013-12-17,0.014441592,0.5100004890024,0.00013329710010308445
2013-12-18,0.026334667,0.9300008647049001,0.00024307117548261952
2013-12-19,0.029166352,1.0300009709744,0.0002692078644920724
2013-12-20,0.030582194,1.0800010064518,0.00028227620438175716
2013-12-21,0.041908933,1.4800013962151002,0.0003868229511894852
2013-12-22,0.030015857,1.0600009851979,0.0002770488665798665
2013-12-23,0.039643585,1.4000013111995002,0.00036591359998192286
2013-12-24,0.036811901,1.3000012402447,0.0003397769202025535
2013-12-25,0.031148531,1.1000010277057,0.0002875035421836477
2013-12-26,0.039643585,1.4000013111995002,0.00036591359998192286
2013-12-27,0.031148531,1.1000010277057,0.0002875035421836477
2013-12-28,0.036811901,1.3000012402447,0.0003397769202025535
2013-12-29,0.039643585,1.4000013111995002,0.00036591359998192286
2013-12-30,0.033980216,1.2000011339752001,0.0003136402311931006
2013-12-31,0.028316847,1.0000009567509,0.0002613668624042783
2014-01-01,0.039643585,1.4000013111995002,0.00036591359998192286
2014-01-02,0.033980216,1.2000011339752001,0.0003136402311931006
2014-01-03,0.039643585,1.4000013111995002,0.00036591359998192286
2014-01-04,0.031148531,1.1000010277057,0.0002875035421836477
2014-01-05,0.028316847,1.0000009567509,0.0002613668624042783
2014-01-06,0.061164389,2.1600020482183,0.0005645524179935977
2014-01-07,0.052386166,1.8500017364402,0.00048352868667933557
2014-01-08,0.037661406,1.3300012544682,0.0003476179222903476
2014-01-09,0.032281205,1.1400010702135002,0.0002979582177874289
2014-01-10,0.045023786,1.5900014954542,0.0004155733044848416
2014-01-11,0.042758438,1.5100014104386001,0.0003946639532772793
2014-01-12,0.059748546,2.1100019774262,0.0005514840688738296
2014-01-13,0.040776259,1.4400013537073002,0.000376368275585704
2014-01-14,0.055217851,1.9500018427097001,0.0005096653756887884
2014-01-15,0.074756475,2.6400024876825,0.0006900085067788047
2014-01-16,0.086083214,3.0400028774458003,0.0007945552535865327
2014-01-17,0.078720834,2.7800026364598,0.0007265998713920386
2014-01-18,0.073623801,2.6000024451747,0.0006795538311750235
2014-01-19,0.070792116,2.5000023389052,0.0006534171421655705
2014-01-20,0.08495054,3.0000028349380004,0.0007841005779827515
2014-01-21,0.109303028,3.8600036429116003,0.0010088760757737958
2014-01-22,0.103639659,3.6600034656873,0.0009566027069849735
2014-01-23,0.09231292,3.2600030759240006,0.0008520559601772455
2014-01-24,0.105621838,3.7300035224186,0.0009748983846765486
2014-01-25,0.082118855,2.9000027286685004,0.0007579638889732987
2014-01-26,0.096843615,3.4200032106405,0.0008938746533622865
2014-01-27,0.136204032,4.8100045288704,0.001257174589058306
2014-01-28,0.163388205,5.770005443113501,0.001508086775858803
2014-01-29,0.153760477,5.4300051171119,0.0014192220424567468
2014-01-30,0.224835762,7.9400074843014,0.002075252858138304
2014-01-31,0.382277429,13.5000127219063,0.003528452591692298
2014-02-01,0.478554707,16.9000159112929,0.004417099907252694
2014-02-02,0.521029977,18.4000173287619,0.00480915019624407
2014-02-03,0.115532734,4.0800038413898,0.0010663767823645084
2014-02-04,0.109019859,3.8500036146273002,0.0010062624022578088
2014-02-05,0.075039643,2.6500024806521,0.0006926221710647081
2014-02-06,0.056633693,2.0000018781871,0.0005227337155784732
2014-02-07,0.074190138,2.6200024664286,0.000684781168976914
2014-02-08,0.143849581,5.080004798140701,0.001327743644768787
2014-02-09,0.220021898,7.7700073213006,0.0020308204914372763
2014-02-10,0.255984293,9.0400085120071,0.002362756400321952
2014-02-11,0.294495205,10.4000098160135,0.002718215333930177
2014-02-12,0.186324851,6.580006215609701,0.0017197939337601628
2014-02-13,0.150079287,5.300004996618901,0.0013852443513594998
2014-02-14,0.130257494,4.600004323361801,0.0012022875467534964
2014-02-15,0.124594125,4.4000041461375,0.0011500141779646744
2014-02-16,0.107604017,3.8000035791499003,0.000993194062368124
2014-02-17,0.099392132,3.5100033239404,0.000917397678085836
2014-02-18,0.094861436,3.3500031539092,0.0008755789756707112
2014-02-19,0.090047572,3.1800029909084,0.0008311466089696832
2014-02-20,0.076172317,2.6900025231599,0.0007030768466684893
2014-02-21,0.058899041,2.0800019632027,0.0005436430667860355
2014-02-22,0.053802009,1.9000018072323,0.0004965970357991037
2014-02-23,0.033980216,1.2000011339752001,0.0003136402311931006
2014-02-24,0.0314317,1.11000105599,0.00029011721569963475
2014-02-25,0.030865363,1.0900010347361,0.00028488987789774417
2014-02-26,0.032564374,1.1500010984978,0.0003005718913034159
2014-02-27,0.035679227,1.2600011977369001,0.0003293222445987723
2014-02-28,0.039926754,1.4100013394838002,0.0003685272734979099
2014-03-01,0.035962395,1.2700011907065,0.0003319359088846759
2014-03-02,1.022238162,36.10003401958141,0.009435343597112221
2014-03-03,2.20021898,77.700073213006,0.02030820491437276
2014-03-04,0.985426261,34.8000327793367,0.009095566676909667
2014-03-05,0.509703239,18.0000169743133,0.004704603458666426
2014-03-06,0.195103073,6.8900064920731,0.0018008176558443412
2014-03-07,0.100241637,3.5400033381639,0.00092523868017363
2014-03-08,0.053235672,1.8800017859784,0.0004913696979972132
2014-03-09,0.037095069,1.3100012332143,0.000342390584488457
2014-03-10,0.033413879,1.1800011127213001,0.00030841289339121
2014-03-11,0.030582194,1.0800010064518,0.00028227620438175716
2014-03-12,0.027467341,0.9700009072127,0.0002535258510864007
2014-03-13,0.028883184,1.0200009780048,0.0002665942002061689
2014-03-14,0.02576833,0.910000843451,0.00023784383768072896
2014-03-15,0.023502983,0.8300007937501,0.00021693449570325018
2014-03-16,0.02208714,0.780000722958,0.000203866146583482
2014-03-17,0.024635657,0.8700008362579,0.00022738917130703132
2014-03-18,0.022370309,0.7900007512423001,0.00020647982009946902
2014-03-19,0.022370309,0.7900007512423001,0.00020647982009946902
2014-03-20,0.02406932,0.8500008150040002,0.00022216183350514076
2014-03-21,0.025485162,0.9000008504814,0.00023523017339482542
2014-03-22,0.024918825,0.8800008292275,0.00023000283559293486
2014-03-23,0.024918825,0.8800008292275,0.00023000283559293486
2014-03-24,0.020671298,0.7300006874806001,0.0001907978066937973
2014-03-25,0.026051499,0.9200008717353,0.000240457511196716
2014-03-26,0.025201993,0.8900008221971,0.0002326164998788384
2014-03-27,0.025201993,0.8900008221971,0.0002326164998788384
2014-03-28,0.026051499,0.9200008717353,0.000240457511196716
2014-03-29,0.026334667,0.9300008647049001,0.00024307117548261952
2014-03-30,0.027184173,0.9600009142431,0.00025091218680049716
2014-03-31,0.026334667,0.9300008647049001,0.00024307117548261952
2014-04-01,0.027184173,0.9600009142431,0.00025091218680049716
2014-04-02,0.02775051,0.9800009354970001,0.00025613952460238774
2014-04-03,0.029732689,1.0500009922283,0.000274435202293963
2014-04-04,0.024918825,0.8800008292275,0.00023000283559293486
2014-04-05,0.024352488,0.8600008079736,0.00022477549779104425
2014-04-06,0.02406932,0.8500008150040002,0.00022216183350514076
2014-04-07,0.021803972,0.7700007299884001,0.00020125248229757847
2014-04-08,0.02208714,0.780000722958,0.000203866146583482
2014-04-09,0.022370309,0.7900007512423001,0.00020647982009946902
2014-04-10,0.021803972,0.7700007299884001,0.00020125248229757847
2014-04-11,0.021237635,0.7500007087345001,0.00019602514449568788
2014-04-12,0.022370309,0.7900007512423001,0.00020647982009946902
2014-04-13,0.021520803,0.7600007017041001,0.0001986388087815914
2014-04-14,0.019538624,0.6900006449728001,0.00018034313109001614
2014-04-15,0.019255456,0.6800006520032,0.00017772946680411262
2014-04-16,0.020671298,0.7300006874806001,0.0001907978066937973
2014-04-17,0.021803972,0.7700007299884001,0.00020125248229757847
2014-04-18,0.020671298,0.7300006874806001,0.0001907978066937973
2014-04-19,0.020671298,0.7300006874806001,0.0001907978066937973
2014-04-20,0.02038813,0.720000694511,0.00018818414240789376
2014-04-21,0.019538624,0.6900006449728001,0.00018034313109001614
2014-04-22,0.018972287,0.6700006237189001,0.00017511579328812558
2014-04-23,0.016990108,0.6000005669876001,0.0001568201155965503
2014-04-24,0.017273276,0.6100005599572,0.00015943377988245384
2014-04-25,0.017556445,0.6200005882415001,0.00016204745339844088
2014-04-26,0.018122782,0.6400006094954,0.00016727479120033146
2014-04-27,0.021803972,0.7700007299884001,0.00020125248229757847
2014-04-28,0.016990108,0.6000005669876001,0.0001568201155965503
2014-04-29,0.014158423,0.5000004607181,0.00013068342658709742
2014-04-30,0.014158423,0.5000004607181,0.00013068342658709742
2014-05-01,0.013875255,0.49000046774850003,0.00012806976230119387
2014-05-02,0.017839613,0.6300005812111,0.0001646611176843444
2014-05-03,0.017273276,0.6100005599572,0.00015943377988245384
2014-05-04,0.014158423,0.5000004607181,0.00013068342658709742
2014-05-05,0.013308918,0.4700004464946,0.0001228424244993033
2014-05-06,0.01104357,0.390000361479,0.000101933073291741
2014-05-07,0.011609907,0.4100003827329,0.00010716041109363156
2014-05-08,0.012742581,0.4500004252407,0.00011761508669741271
2014-05-09,0.013025749,0.4600004182103,0.00012022875098331625
2014-05-10,0.010760402,0.38000036850940005,9.931940900583746e-05
2014-05-11,0.01104357,0.390000361479,0.000101933073291741
2014-05-12,0.013025749,0.4600004182103,0.00012022875098331625
2014-05-13,0.011609907,0.4100003827329,0.00010716041109363156
2014-05-14,0.01104357,0.390000361479,0.000101933073291741
2014-05-15,0.012176244,0.4300004039868,0.00011238774889552213
2014-05-16,0.006512875,0.2300002267625,6.011438010669987e-05
2014-05-17,0.015007929,0.5300005102563,0.00013852443790497503
2014-05-18,0.010194065,0.3600003472555,9.409207120394688e-05
2014-05-19,0.005380201,0.19000018425470003,4.965970450291873e-05
2014-05-20,0.002831685,0.10000010626950001,2.6136689009452884e-05
2014-05-21,0.002548516,0.0900000779852,2.3523015493465843e-05
2014-05-22,0.003398022,0.12000012752340002,3.136402681134346e-05
2014-05-23,0.021520803,0.7600007017041001,0.0001986388087815914
2014-05-24,0.097976289,3.4600032531483,0.0009043293289660678
2014-05-25,0.0314317,1.11000105599,0.00029011721569963475
2014-05-26,0.020104961,0.7100006662267001,0.00018557046889190672
2014-05-27,0.014441592,0.5100004890024,0.00013329710010308445
2014-05-28,0.01104357,0.390000361479,0.000101933073291741
2014-05-29,0.008495054,0.30000028349380004,7.841005779827515e-05
2014-05-30,0.007928717,0.28000026223990004,7.318271999638457e-05
2014-05-31,0.006229706,0.22000019847820002,5.750070659071284e-05
2014-06-01,0.002548516,0.0900000779852,2.3523015493465843e-05
2014-06-02,0.001699011,0.06000006376170001,1.568201340567173e-05
2014-06-03,0.001132674,0.0400000425078,1.0454675603781153e-05
2014-06-04,0.000283168,0.0099999929696,2.613664285903536e-06
2014-06-05,0.000283168,0.0099999929696,2.613664285903536e-06
2014-06-06,0.000283168,0.0099999929696,2.613664285903536e-06
2014-06-07,,,
2014-06-08,,,
2014-06-09,,,
2014-06-10,,,
2014-06-11,,,
2014-06-12,,,
2014-06-13,,,
2014-06-14,,,
2014-06-15,,,
2014-06-16,,,
2014-06-17,,,
2014-06-18,,,
2014-06-19,,,
2014-06-20,,,
2014-06-21,,,
2014-06-22,,,
2014-06-23,,,
2014-06-24,,,
2014-06-25,,,
2014-06-26,,,
2014-06-27,,,
2014-06-28,,,
2014-06-29,,,
2014-06-30,,,
2014-07-01,,,
2014-07-02,,,
2014-07-03,,,
2014-07-04,,,
2014-07-05,0.001132674,0.0400000425078,1.0454675603781153e-05
2014-07-06,,,
2014-07-07,,,
2014-07-08,,,
2014-07-09,,,
2014-07-10,,,
2014-07-11,,,
2014-07-12,,,
2014-07-13,,,
2014-07-14,,,
2014-07-15,,,
2014-07-16,,,
2014-07-17,,,
2014-07-18,,,
2014-07-19,,,
2014-07-20,,,
2014-07-21,,,
2014-07-22,,,
2014-07-23,,,
2014-07-24,,,
2014-07-25,,,
2014-07-26,,,
2014-07-27,,,
2014-07-28,,,
2014-07-29,0.532356716,18.8000177185252,0.004913696943051798
2014-07-30,0.492713131,17.4000164073257,0.004547783343069876
2014-07-31,0.066261421,2.3400022041887003,0.0006115984489805295
2014-08-01,0.013308918,0.4700004464946,0.0001228424244993033
2014-08-02,0.08126935,2.8700027144450004,0.0007501228868855046
2014-08-03,0.062297063,2.2000020907261,0.000575007093597379
2014-08-04,0.01840595,0.650000602465,0.000169888455486235
2014-08-05,0.00368119,0.130000120493,3.3977691097247e-05
2014-08-06,0.000283168,0.0099999929696,2.613664285903536e-06
2014-08-07,0.043607944,1.5400014599768002,0.00040250496459515693
2014-08-08,0.007645549,0.2700002692703,7.056905571048104e-05
2014-08-09,0.000283168,0.0099999929696,2.613664285903536e-06
2014-08-10,,,
2014-08-11,,,
2014-08-12,,,
2014-08-13,1.885901983,66.6000627590501,0.017407032785066667
2014-08-14,3.596239517,127.00011967099991,0.033193591045379
2014-08-15,1.707505849,60.3000568056803,0.015760421571302887
2014-08-16,0.679604318,24.000022608874602,0.006272804605401845
2014-08-17,0.173299101,6.120005762084701,0.001599565173546763
2014-08-18,0.039077248,1.3800012899456002,0.0003606862621800323
2014-08-19,0.013592086,0.4800004394642,0.00012545608878520683
2014-08-20,0.087215888,3.0800029199536003,0.0008050099291903139
2014-08-21,0.07390697,2.610002473459,0.0006821675046910106
2014-08-22,0.079570339,2.8100026506833005,0.0007344408734798328
2014-08-23,0.203598127,7.1900067755669,0.0018792277136426166
2014-08-24,0.023786151,0.8400007867197,0.0002195481599891537
2014-08-25,0.008211886,0.2900002905242,7.57963935123716e-05
2014-08-26,0.001982179,0.07000005673130001,1.8295677691575268e-05
2014-08-27,0.004813864,0.1700001630008,4.4432366701028156e-05
2014-08-28,0.843842028,29.8000280662116,0.007788732383348442
2014-08-29,0.436079438,15.4000145291386,0.004025049627491402
2014-08-30,0.140734728,4.9700046989016,0.0012989932914734305
2014-08-31,0.045590123,1.6100015167081,0.0004208006422867322
2014-09-01,0.013875255,0.49000046774850003,0.00012806976230119387
2014-09-02,0.004530695,0.16000013471650001,4.181869318504111e-05
2014-09-03,0.001699011,0.06000006376170001,1.568201340567173e-05
2014-09-04,0.000283168,0.0099999929696,2.613664285903536e-06
2014-09-05,0.006229706,0.22000019847820002,5.750070659071284e-05
2014-09-06,0.003398022,0.12000012752340002,3.136402681134346e-05
2014-09-07,0.001132674,0.0400000425078,1.0454675603781153e-05
2014-09-08,0.758891489,26.800025266588303,0.0070046318145957735
2014-09-09,1.16099071,41.000038626437004,0.010716041201663994
2014-09-10,1.905723776,67.30006343230721,0.01758998958967267
2014-09-11,0.914634145,32.3000304404315,0.008442149534744096
2014-09-12,0.345465528,12.200011481661601,0.003188675671489745
2014-09-13,0.106471343,3.7600035366421,0.0009827393867643428
2014-09-14,0.030865363,1.0900010347361,0.00028488987789774417
2014-09-15,0.011609907,0.4100003827329,0.00010716041109363156
2014-09-16,0.004247527,0.15000014174690002,3.9205028899137574e-05
2014-09-17,0.29166352,10.300009709744002,0.0026920786449207246
2014-09-18,0.172449596,6.090005747861201,0.001591724171458969
2014-09-19,0.026901004,0.9500008859588001,0.00024829851328451015
2014-09-20,0.009344559,0.33000029771730005,8.625105988606926e-05
2014-09-21,0.001982179,0.07000005673130001,1.8295677691575268e-05
2014-09-22,0.097126784,3.4300032389248,0.0008964883268782736
2014-09-23,0.025485162,0.9000008504814,0.00023523017339482542
2014-09-24,0.003964359,0.1400001487773,3.659136461323404e-05
2014-09-25,0.000283168,0.0099999929696,2.613664285903536e-06
2014-09-26,,,
2014-09-27,0.001132674,0.0400000425078,1.0454675603781153e-05
2014-09-28,0.336970474,11.900011198167801,0.0031102656136914697
2014-09-29,3.709506904,131.0001234626888,0.034239058485766034
2014-09-30,1.231782827,43.5000410006569,0.011369458353059646
2014-10-01,0.546515139,19.300018179243303,0.005044380369638896
2014-10-02,0.178396134,6.3000059533698005,0.0016466112137637782
2014-10-03,0.053802009,1.9000018072323,0.0004965970357991037
2014-10-04,0.020954466,0.7400006804502001,0.00019341147097970085
2014-10-05,0.012176244,0.4300004039868,0.00011238774889552213
2014-10-06,0.006796043,0.2400002197321,6.272804439260342e-05
2014-10-07,0.005380201,0.19000018425470003,4.965970450291873e-05
2014-10-08,0.005380201,0.19000018425470003,4.965970450291873e-05
2014-10-09,0.008778222,0.31000027646340006,8.102372208417869e-05
2014-10-10,0.011326739,0.40000038976330005,0.00010454674680772804
2014-10-11,0.007928717,0.28000026223990004,7.318271999638457e-05
2014-10-12,0.004530695,0.16000013471650001,4.181869318504111e-05
2014-10-13,0.004530695,0.16000013471650001,4.181869318504111e-05
2014-10-14,0.014158423,0.5000004607181,0.00013068342658709742
2014-10-15,0.007928717,0.28000026223990004,7.318271999638457e-05
2014-10-16,0.006229706,0.22000019847820002,5.750070659071284e-05
2014-10-17,0.005380201,0.19000018425470003,4.965970450291873e-05
2014-10-18,0.00736238,0.260000240986,6.7955382194494e-05
2014-10-19,0.007645549,0.2700002692703,7.056905571048104e-05
2014-10-20,0.006796043,0.2400002197321,6.272804439260342e-05
2014-10-21,0.006796043,0.2400002197321,6.272804439260342e-05
2014-10-22,0.007079212,0.25000024801640003,6.534171790859045e-05
2014-10-23,0.006796043,0.2400002197321,6.272804439260342e-05
2014-10-24,0.010477233,0.37000034022510003,9.670573548985042e-05
2014-10-25,0.013592086,0.4800004394642,0.00012545608878520683
2014-10-26,0.012176244,0.4300004039868,0.00011238774889552213
2014-10-27,0.008211886,0.2900002905242,7.57963935123716e-05
2014-10-28,0.007079212,0.25000024801640003,6.534171790859045e-05
2014-10-29,0.007928717,0.28000026223990004,7.318271999638457e-05
2014-10-30,0.002548516,0.0900000779852,2.3523015493465843e-05
2014-10-31,0.001132674,0.0400000425078,1.0454675603781153e-05
2014-11-01,0.002265348,0.0800000850156,2.0909351207562306e-05
2014-11-02,0.018122782,0.6400006094954,0.00016727479120033146
2014-11-03,0.01104357,0.390000361479,0.000101933073291741
2014-11-04,0.008495054,0.30000028349380004,7.841005779827515e-05
2014-11-05,0.012742581,0.4500004252407,0.00011761508669741271
2014-11-06,0.015857434,0.5600005244798001,0.00014636543999276913
2014-11-07,0.021803972,0.7700007299884001,0.00020125248229757847
2014-11-08,0.036245564,1.2800012189908,0.0003345495824006629
2014-11-09,0.024352488,0.8600008079736,0.00022477549779104425
2014-11-10,0.033697047,1.1900011056909001,0.0003110265576771135
2014-11-11,0.043607944,1.5400014599768002,0.00040250496459515693
2014-11-12,0.051819829,1.8300017151863,0.00047830134887744493
2014-11-13,0.047289134,1.6700015804698,0.00043648265569240383
2014-11-14,0.038227743,1.3500012757221,0.0003528452600922382
2014-11-15,0.048988145,1.7300016442315,0.0004521646690980756
2014-11-16,0.045590123,1.6100015167081,0.0004208006422867322
2014-11-17,0.024918825,0.8800008292275,0.00023000283559293486
2014-11-18,0.021520803,0.7600007017041001,0.0001986388087815914
2014-11-19,0.02038813,0.720000694511,0.00018818414240789376
2014-11-20,0.020104961,0.7100006662267001,0.00018557046889190672
2014-11-21,0.019538624,0.6900006449728001,0.00018034313109001614
2014-11-22,0.017839613,0.6300005812111,0.0001646611176843444
2014-11-23,0.071075285,2.5100023671895,0.0006560308156815576
2014-11-24,0.169051574,5.9700056203378,0.0015603601446476255
2014-11-25,0.058049536,2.0500019489792,0.0005358020646982413
2014-11-26,0.034829721,1.2300011481987,0.0003214812332808947
2014-11-27,0.02406932,0.8500008150040002,0.00022216183350514076
2014-11-28,0.024918825,0.8800008292275,0.00023000283559293486
2014-11-29,0.028033678,0.9900009284666,0.00025875318888829126
2014-11-30,0.047289134,1.6700015804698,0.00043648265569240383
2014-12-01,0.085233708,3.0100028279076003,0.0007867142422686551
2014-12-02,0.08495054,3.0000028349380004,0.0007841005779827515
2014-12-03,0.05720003,2.020001899441,0.0005279610533803638
2014-12-04,0.082402024,2.9100027569528004,0.0007605775624892856
2014-12-05,1.503624554,53.1000500371438,0.013878580193374367
2014-12-06,1.554594878,54.900051738106605,0.014349040540164018
2014-12-07,0.736238011,26.0000244870617,0.006795538320980318
2014-12-08,0.294495205,10.4000098160135,0.002718215333930177
2014-12-09,0.167069395,5.9000055636065,0.00154206446695605
2014-12-10,0.12006343,4.240004011421,0.0011081954847796333
2014-12-11,0.092879257,3.2800030971779006,0.0008572832979791362
2014-12-12,0.079853507,2.8200026436529004,0.0007370545377657364
2014-12-13,0.09231292,3.2600030759240006,0.0008520559601772455
2014-12-14,0.102790153,3.6300034161491,0.0009487616956670959
2014-12-15,0.213225855,7.5300071015685,0.0019680924470446724
2014-12-16,0.111002039,3.9200037066733002,0.0010245580891794675
2014-12-17,0.128558484,4.5400042949148,0.0011866055425779082
2014-12-18,0.090047572,3.1800029909084,0.0008311466089696832
2014-12-19,0.126576304,4.4700042028688,0.0011683098556562496
2014-12-20,0.087782224,3.1000029058928003,0.0008102372577621209
2014-12-21,0.08495054,3.0000028349380004,0.0007841005779827515
2014-12-22,0.082118855,2.9000027286685004,0.0007579638889732987
2014-12-23,0.07928717,2.8000026223990004,0.0007318271999638457
2014-12-24,0.277505097,9.8000092490259,0.0025613952183336265
2014-12-25,0.112701049,3.9800037351203,0.0010402400933550557
2014-12-26,0.132522842,4.680004408377401,0.001223196897961059
2014-12-27,0.027184173,0.9600009142431,0.00025091218680049716
2014-12-28,0.026901004,0.9500008859588001,0.00024829851328451015
2014-12-29,0.028033678,0.9900009284666,0.00025875318888829126
2014-12-30,0.022370309,0.7900007512423001,0.00020647982009946902
2014-12-31,0.020954466,0.7400006804502001,0.00019341147097970085
2015-01-01,0.020104961,0.7100006662267001,0.00018557046889190672
2015-01-02,0.02406932,0.8500008150040002,0.00022216183350514076
2015-01-03,0.02406932,0.8500008150040002,0.00022216183350514076
2015-01-04,0.022653477,0.8000007442119001,0.00020909348438537256
2015-01-05,0.02208714,0.780000722958,0.000203866146583482
2015-01-06,0.022653477,0.8000007442119001,0.00020909348438537256
2015-01-07,0.024918825,0.8800008292275,0.00023000283559293486
2015-01-08,0.030582194,1.0800010064518,0.00028227620438175716
2015-01-09,0.031998037,1.1300010772439,0.00029534455350152533
2015-01-10,0.035962395,1.2700011907065,0.0003319359088846759
2015-01-11,0.037661406,1.3300012544682,0.0003476179222903476
2015-01-12,0.054651514,1.9300018214558001,0.0005044380378868979
2015-01-13,0.82685192,29.200027499224,0.007631912267751891
2015-01-14,2.568337986,90.70008547419421,0.02370597407947796
2015-01-15,2.225704142,78.60007406348741,0.02054343508776759
2015-01-16,1.101525332,38.9000366419804,0.010167170797076066
2015-01-17,0.727742957,25.700024203567903,0.006717128263182043
2015-01-18,0.255984293,9.0400085120071,0.002362756400321952
2015-01-19,0.186324851,6.580006215609701,0.0017197939337601628
2015-01-20,0.157158499,5.550005244635301,0.0014505860692680902
2015-01-21,0.14215057,5.020004734379,0.0013120616313631152
2015-01-22,0.125160462,4.4200041673914,0.0011552415157665649
2015-01-23,0.098542626,3.4800032744022,0.0009095566667679582
2015-01-24,0.067394095,2.3800022466965003,0.0006220531245843107
2015-01-25,0.057483199,2.0300019277253,0.0005305747268963507
2015-01-26,0.055217851,1.9500018427097001,0.0005096653756887884
2015-01-27,0.057766367,2.0400019206949,0.0005331883911822542
2015-01-28,0.163388205,5.770005443113501,0.001508086775858803
2015-01-29,0.147813939,5.220004911603301,0.0013643350001519376
2015-01-30,0.255417956,9.0200084907532,0.0023575290625200617
2015-01-31,2.262516043,79.90007530373211,0.020883212007970144
2015-02-01,2.916635199,103.0000970621253,0.02692078643997716
2015-02-02,1.28841652,45.500042878844,0.011892192068638119
2015-02-03,0.852337082,30.100028349705404,0.007867142441146717
2015-02-04,0.501208185,17.7000166908195,0.00462619340086815
2015-02-05,0.288831835,10.2000096034745,0.0026659419559112714
2015-02-06,0.175564449,6.200005847100301,0.0016204745247543253
2015-02-07,0.109019859,3.8500036146273002,0.0010062624022578088
2015-02-08,0.051536661,1.8200017222167,0.00047568768459154147
2015-02-09,0.040493091,1.4300013607377002,0.0003737546112998005
2015-02-10,0.078720834,2.7800026364598,0.0007265998713920386
2015-02-11,0.060598052,2.1400020269644,0.0005593250801917072
2015-02-12,0.033980216,1.2000011339752001,0.0003136402311931006
2015-02-13,0.032847542,1.1600010914674002,0.00030318555558931943
2015-02-14,0.031998037,1.1300010772439,0.00029534455350152533
2015-02-15,0.031714868,1.1200010489596002,0.00029273087998553827
2015-02-16,0.029166352,1.0300009709744,0.0002692078644920724
2015-02-17,0.028033678,0.9900009284666,0.00025875318888829126
2015-02-18,0.028316847,1.0000009567509,0.0002613668624042783
2015-02-19,0.02944952,1.040000963944,0.000271821528777976
2015-02-20,0.029732689,1.0500009922283,0.000274435202293963
2015-02-21,0.028883184,1.0200009780048,0.0002665942002061689
2015-02-22,0.033697047,1.1900011056909001,0.0003110265576771135
2015-02-23,0.046722797,1.6500015592159003,0.00043125531789051335
2015-02-24,0.067394095,2.3800022466965003,0.0006220531245843107
2015-02-25,0.052952503,1.8700017576941,0.0004887560244812262
2015-02-26,0.574831986,20.3000191359942,0.005305747232043173
2015-02-27,1.061881747,37.5000353307809,0.009801257197094142
2015-02-28,1.778297966,62.8000591799002,0.01641383872269854
2015-03-01,3.596239517,127.00011967099991,0.033193591045379
2015-03-02,5.550101932,196.0001846980004,0.05122790429283187
2015-03-03,3.482972131,123.00011591462571,0.032148123614222056
2015-03-04,2.07845654,73.40006917313801,0.01918432742541754
2015-03-05,1.223287773,43.200040717163105,0.01129104829526137
2015-03-06,0.702257795,24.8000233530865,0.006481898089787217
2015-03-07,0.404930906,14.3000134661182,0.00373754607607767
2015-03-08,0.255134788,9.0100084977836,0.0023549153982341583
2015-03-09,0.219172393,7.7400073070771,0.0020229794893494818
2015-03-10,0.166219889,5.870005514068301,0.0015342234556381725
2015-03-11,0.130540663,4.610004351646101,0.0012049012202694836
2015-03-12,0.119213924,4.2100039618828005,0.0011003544734617557
2015-03-13,0.109869365,3.8800036641655002,0.0010141034135756864
2015-03-14,0.110435702,3.9000036854194002,0.0010193307513775768
2015-03-15,0.115815903,4.0900038696741,0.0010689904558804956
2015-03-16,0.105621838,3.7300035224186,0.0009748983846765486
2015-03-17,0.090047572,3.1800029909084,0.0008311466089696832
2015-03-18,0.083534697,2.9500027641459003,0.0007710322288629834
2015-03-19,0.069942611,2.4700023246817002,0.0006455761400777764
2015-03-20,0.061730726,2.1800020694722,0.0005697797557954883
2015-03-21,0.052952503,1.8700017576941,0.0004887560244812262
2015-03-22,0.049554482,1.7500016654854,0.00045739200689996615
2015-03-23,0.047855471,1.6900016017237,0.00044170999349429446
2015-03-24,0.04247527,1.5000014174690002,0.00039205028899137577
2015-03-25,0.034829721,1.2300011481987,0.0003214812332808947
2015-03-26,0.02944952,1.040000963944,0.000271821528777976
2015-03-27,0.026901004,0.9500008859588001,0.00024829851328451015
2015-03-28,0.024918825,0.8800008292275,0.00023000283559293486
2015-03-29,0.024352488,0.8600008079736,0.00022477549779104425
2015-03-30,0.026617836,0.9400008929892,0.0002456848489986066
2015-03-31,0.025485162,0.9000008504814,0.00023523017339482542
2015-04-01,0.024635657,0.8700008362579,0.00022738917130703132
2015-04-02,0.021237635,0.7500007087345001,0.00019602514449568788
2015-04-03,0.021237635,0.7500007087345001,0.00019602514449568788
2015-04-04,0.025485162,0.9000008504814,0.00023523017339482542
2015-04-05,0.020954466,0.7400006804502001,0.00019341147097970085
2015-04-06,0.015007929,0.5300005102563,0.00013852443790497503
2015-04-07,0.014158423,0.5000004607181,0.00013068342658709742
2015-04-08,0.026051499,0.9200008717353,0.000240457511196716
2015-04-09,0.018972287,0.6700006237189001,0.00017511579328812558
2015-04-10,0.021803972,0.7700007299884001,0.00020125248229757847
2015-04-11,0.022370309,0.7900007512423001,0.00020647982009946902
2015-04-12,0.020954466,0.7400006804502001,0.00019341147097970085
2015-04-13,0.021520803,0.7600007017041001,0.0001986388087815914
2015-04-14,0.021520803,0.7600007017041001,0.0001986388087815914
2015-04-15,0.020671298,0.7300006874806001,0.0001907978066937973
2015-04-16,0.02208714,0.780000722958,0.000203866146583482
2015-04-17,0.028883184,1.0200009780048,0.0002665942002061689
2015-04-18,0.034263384,1.2100011269448,0.00031625389547900416
2015-04-19,0.030582194,1.0800010064518,0.00028227620438175716
2015-04-20,0.028316847,1.0000009567509,0.0002613668624042783
2015-04-21,0.027467341,0.9700009072127,0.0002535258510864007
2015-04-22,0.02406932,0.8500008150040002,0.00022216183350514076
2015-04-23,0.026901004,0.9500008859588001,0.00024829851328451015
2015-04-24,0.02944952,1.040000963944,0.000271821528777976
2015-04-25,0.028600015,1.0100009497205,0.0002639805266901819
2015-04-26,0.032564374,1.1500010984978,0.0003005718913034159
2015-04-27,0.028316847,1.0000009567509,0.0002613668624042783
2015-04-28,0.026051499,0.9200008717353,0.000240457511196716
2015-04-29,0.025485162,0.9000008504814,0.00023523017339482542
2015-04-30,0.024635657,0.8700008362579,0.00022738917130703132
2015-05-01,0.023219814,0.8200007654658,0.00021432082218726312
2015-05-02,0.021520803,0.7600007017041001,0.0001986388087815914
2015-05-03,0.021237635,0.7500007087345001,0.00019602514449568788
2015-05-04,0.069942611,2.4700023246817002,0.0006455761400777764
2015-05-05,0.066261421,2.3400022041887003,0.0006115984489805295
2015-05-06,0.041908933,1.4800013962151002,0.0003868229511894852
2015-05-07,0.02406932,0.8500008150040002,0.00022216183350514076
2015-05-08,0.07758816,2.740002593952,0.0007161451957882575
2015-05-09,0.042758438,1.5100014104386001,0.0003946639532772793
2015-05-10,0.022370309,0.7900007512423001,0.00020647982009946902
2015-05-11,0.020104961,0.7100006662267001,0.00018557046889190672
2015-05-12,0.01840595,0.650000602465,0.000169888455486235
2015-05-13,0.015291097,0.5400005032259,0.00014113810219087858
2015-05-14,0.013592086,0.4800004394642,0.00012545608878520683
2015-05-15,0.019255456,0.6800006520032,0.00017772946680411262
2015-05-16,0.028316847,1.0000009567509,0.0002613668624042783
2015-05-17,0.023786151,0.8400007867197,0.0002195481599891537
2015-05-18,0.026901004,0.9500008859588001,0.00024829851328451015
2015-05-19,0.050403987,1.7800016797089,0.00046523300898776025
2015-05-20,0.029166352,1.0300009709744,0.0002692078644920724
2015-05-21,0.018689119,0.6600006307493,0.00017250212900222201
2015-05-22,0.012459413,0.44000043227110003,0.0001150014224115092
2015-05-23,0.014158423,0.5000004607181,0.00013068342658709742
2015-05-24,1.030733216,36.4000343030752,0.009513753654910495
2015-05-25,4.190893296,148.0001394802512,0.038682295082028174
2015-05-26,1.461149284,51.6000486196748,0.013486529904382993
2015-05-27,0.642792418,22.7000214039446,0.005933027694429375
2015-05-28,0.168768406,5.960005627368201,0.0015577464803617218
2015-05-29,0.050403987,1.7800016797089,0.00046523300898776025
2015-05-30,0.009910896,0.35000031897120004,9.147839768795984e-05
2015-05-31,0.004813864,0.1700001630008,4.4432366701028156e-05
2015-06-01,0.002831685,0.10000010626950001,2.6136689009452884e-05
2015-06-02,0.000849505,0.0300000142235,7.841002087794113e-06
2015-06-03,,,
2015-06-04,,,
2015-06-05,,,
2015-06-06,2.528694401,89.30008416299471,0.02334006047949604
2015-06-07,4.445744915,157.0001479497505,0.04103459680674635
2015-06-08,0.951446045,33.6000316453615,0.008781926445716567
2015-06-09,0.203881295,7.2000067685365,0.00188184137792852
2015-06-10,0.529525031,18.700017612255703,0.004887560254042345
2015-06-11,3.539605824,125.00011779281282,0.03267085732980053
2015-06-12,5.06871554,179.000168680438,0.04678466769656973
2015-06-13,1.059050063,37.4000352598261,0.009775120517314773
2015-06-14,0.91180246,32.200030334162,0.008416012845734643
2015-06-15,0.475723023,16.8000158403381,0.004390963227473325
2015-06-16,0.047572302,1.6800015734394,0.0004390963199783074
2015-06-17,0.013025749,0.4600004182103,0.00012022875098331625
2015-06-18,0.003964359,0.1400001487773,3.659136461323404e-05
2015-06-19,0.001699011,0.06000006376170001,1.568201340567173e-05
2015-06-20,0.000849505,0.0300000142235,7.841002087794113e-06
2015-06-21,0.000283168,0.0099999929696,2.613664285903536e-06
2015-06-22,,,
2015-06-23,,,
2015-06-24,,,
2015-06-25,,,
2015-06-26,,,
2015-06-27,,,
2015-06-28,,,
2015-06-29,,,
2015-06-30,,,
2015-07-01,,,
2015-07-02,0.255134788,9.0100084977836,0.0023549153982341583
2015-07-03,0.356792267,12.6000118714249,0.0032932224182974728
2015-07-04,0.855168767,30.200028455974902,0.00789327913015617
2015-07-05,2.780714335,98.2000925262245,0.025666225515204758
2015-07-06,1.713169219,60.50005701821931,0.015812694949321793
2015-07-07,0.305821943,10.8000101704621,0.0028227620715078217
2015-07-08,1.503624554,53.1000500371438,0.013878580193374367
2015-07-09,2.469229023,87.20008217853811,0.022791190074908117
2015-07-10,1.362040321,48.1000453240187,0.012571745899813143
2015-07-11,0.841010344,29.7000279952568,0.0077625957035690725
2015-07-12,0.13478819,4.760004493393001,0.0012441062491686213
2015-07-13,0.107604017,3.8000035791499003,0.000993194062368124
2015-07-14,0.532356716,18.8000177185252,0.004913696943051798
2015-07-15,0.722079588,25.500024026343603,0.006664854894393221
2015-07-16,0.962772784,34.0000320351248,0.008886473192524294
2015-07-17,0.758891489,26.800025266588303,0.0070046318145957735
2015-07-18,0.22341992,7.890007448824,0.0020621845182486197
2015-07-19,0.067960432,2.4000022679504003,0.0006272804623862012
2015-07-20,0.012742581,0.4500004252407,0.00011761508669741271
2015-07-21,0.064845579,2.2900021687113004,0.0005985301090908448
2015-07-22,0.006512875,0.2300002267625,6.011438010669987e-05
2015-07-23,,,
2015-07-24,,,
2015-07-25,,,
2015-07-26,,,
2015-07-27,,,
2015-07-28,,,
2015-07-29,,,
2015-07-30,,,
2015-07-31,,,
2015-08-01,,,
2015-08-02,2.500377554,88.3000832062438,0.02307869361709176
2015-08-03,10.13743108,358.000337360876,0.09356933539313946
2015-08-04,4.332477529,153.00014419337631,0.03998912937558941
2015-08-05,0.809861813,28.600026967551102,0.007475092161385426
2015-08-06,0.151778298,5.3600050603806,0.0014009263647651714
2015-08-07,0.04983765,1.760001658455,0.0004600056711858697
2015-08-08,2.678773688,94.60008915961362,0.02472530483085554
2015-08-09,6.852676875,242.00022803756252,0.06325077978805708
2015-08-10,2.180397188,77.00007257506361,0.020125248118996845
2015-08-11,2.321981421,82.00007728818869,0.021432082412558066
2015-08-12,12.06297665,426.000401501755,0.1113422817966482
2015-08-13,3.964358523,140.0001319321881,0.0365913602104842
2015-08-14,0.993921315,35.100033062830505,0.00917397673470794
2015-08-15,0.176980291,6.2500058825777005,0.00163354286464401
2015-08-16,0.052386166,1.8500017364402,0.00048352868667933557
2015-08-17,0.049271313,1.7400016372011,0.0004547783333839791
2015-08-18,0.047855471,1.6900016017237,0.00044170999349429446
2015-08-19,0.047289134,1.6700015804698,0.00043648265569240383
2015-08-20,0.047289134,1.6700015804698,0.00043648265569240383
2015-08-21,0.047572302,1.6800015734394,0.0004390963199783074
2015-08-22,0.047289134,1.6700015804698,0.00043648265569240383
2015-08-23,0.047289134,1.6700015804698,0.00043648265569240383
2015-08-24,0.047572302,1.6800015734394,0.0004390963199783074
2015-08-25,0.047572302,1.6800015734394,0.0004390963199783074
2015-08-26,0.048421808,1.7100016229776,0.00044693733129618505
2015-08-27,3.228120511,114.00010740981172,0.02979582188027381
2015-08-28,2.228535827,78.7000741697569,0.02056957177677704
2015-08-29,0.240410028,8.4900080158116,0.00221900463384517
2015-08-30,0.053235672,1.8800017859784,0.0004913696979972132
2015-08-31,0.730574642,25.8000243098374,0.006743264952191496
2015-09-01,0.546515139,19.300018179243303,0.005044380369638896
2015-09-02,0.105338669,3.7200034941343,0.0009722847111605617
2015-09-03,2.126595179,75.10007076783131,0.01962865108319774
2015-09-04,8.89148983,314.000295899501,0.0820691936134927
2015-09-05,1.322396736,46.7000440128192,0.01220583229983122
2015-09-06,0.758891489,26.800025266588303,0.0070046318145957735
2015-09-07,0.122045609,4.3100040681523,0.0011264911624712084
2015-09-08,0.032564374,1.1500010984978,0.0003005718913034159
2015-09-09,0.016706939,0.5900005387033,0.00015420644208056326
2015-09-10,0.004813864,0.1700001630008,4.4432366701028156e-05
2015-09-11,0.002265348,0.0800000850156,2.0909351207562306e-05
2015-09-12,0.002548516,0.0900000779852,2.3523015493465843e-05
2015-09-13,0.002831685,0.10000010626950001,2.6136689009452884e-05
2015-09-14,0.002548516,0.0900000779852,2.3523015493465843e-05
2015-09-15,0.005097032,0.1800001559704,4.7046030986931686e-05
2015-09-16,0.006796043,0.2400002197321,6.272804439260342e-05
2015-09-17,0.004813864,0.1700001630008,4.4432366701028156e-05
2015-09-18,0.003398022,0.12000012752340002,3.136402681134346e-05
2015-09-19,0.013875255,0.49000046774850003,0.00012806976230119387
2015-09-20,0.007079212,0.25000024801640003,6.534171790859045e-05
2015-09-21,0.001415842,0.05000003547740001,1.306833988968469e-05
2015-09-22,0.010477233,0.37000034022510003,9.670573548985042e-05
2015-09-23,0.017556445,0.6200005882415001,0.00016204745339844088
2015-09-24,0.272408064,9.6200090577408,0.002514349178116612
2015-09-25,0.572000301,20.2000190297247,0.00527961054303372
2015-09-26,0.204164464,7.2100067968208,0.0018844550514445068
2015-09-27,0.075889149,2.6800025301903,0.0007004631823825857
2015-09-28,0.028883184,1.0200009780048,0.0002665942002061689
2015-09-29,0.023786151,0.8400007867197,0.0002195481599891537
2015-09-30,0.027467341,0.9700009072127,0.0002535258510864007
2015-10-01,0.039643585,1.4000013111995002,0.00036591359998192286
2015-10-02,0.020954466,0.7400006804502001,0.00019341147097970085
2015-10-03,0.016990108,0.6000005669876001,0.0001568201155965503
2015-10-04,0.046722797,1.6500015592159003,0.00043125531789051335
2015-10-05,2.792041074,98.60009291598782,0.02577077226201249
2015-10-06,9.174658296,324.00030532575124,0.08468286220061516
2015-10-07,3.313071051,117.0001102447497,0.030579922458256557
2015-10-08,1.517782977,53.6000504978619,0.014009263619961463
2015-10-09,1.424337384,50.3000474147448,0.01314675299341052
2015-10-10,0.753228119,26.6000250540493,0.006952358436576868
2015-10-11,0.270709053,9.5600089939791,0.0024986671647109398
2015-10-12,0.099958468,3.5300033098796,0.0009226250066576429
2015-10-13,0.056633693,2.0000018781871,0.0005227337155784732
2015-10-14,0.045873291,1.6200015096777,0.00042341430657263565
2015-10-15,0.041908933,1.4800013962151002,0.0003868229511894852
2015-10-16,0.062863399,2.2200020766653,0.000580234422169186
2015-10-17,0.080136676,2.8300026719372005,0.0007396682112817233
2015-10-18,0.651287472,23.0000216874384,0.0060114377522276505
2015-10-19,0.985426261,34.8000327793367,0.009095566676909667
2015-10-20,1.565921617,55.300052127869904,0.014453587286971747
2015-10-21,12.71426412,449.000423118564,0.11735371953041568
2015-10-22,12.4594125,440.00041461374997,0.11500141779646743
2015-10-23,2.511704293,88.70008359600712,0.02318324036389949
2015-10-24,1.08170354,38.200036004038,0.009984214001700145
2015-10-25,0.557841878,19.7000185690066,0.005148927116446623
2015-10-26,0.257966472,9.110008568738401,0.0023810520780135273
2015-10-27,0.136487201,4.8200045571547,0.001259788262574293
2015-10-28,0.092879257,3.2800030971779006,0.0008572832979791362
2015-10-29,0.096560447,3.4100032176709,0.000891260989076383
2015-10-30,0.093728762,3.3100031114014,0.0008651243000669301
2015-10-31,0.076738654,2.7100025444138,0.0007083041844703798
2015-11-01,0.166786226,5.8900055353222,0.0015394507934400632
2015-11-02,0.138752548,4.9000046068556005,0.0012806976045517716
2015-11-03,0.090613909,3.2000030121623,0.0008363739467715737
2015-11-04,0.209544665,7.4000069810755,0.0019341147559474255
2015-11-05,1.135505548,40.100037775955606,0.010480811028269168
2015-11-06,0.959941099,33.900031928855306,0.00886033650351484
2015-11-07,0.889148983,31.4000295899501,0.00820691936134927
2015-11-08,0.407762591,14.400013572387701,0.003763682765087124
2015-11-09,0.170184248,6.010005662845601,0.0015708148202514065
2015-11-10,0.112417881,3.9700037421507,0.001037626429069152
2015-11-11,0.092029751,3.2500030476397006,0.0008494422866612585
2015-11-12,0.093162425,3.2900030901475,0.0008598969622650395
2015-11-13,0.077021823,2.7200025726981,0.0007109178579863669
2015-11-14,0.068526769,2.4200022892043003,0.0006325078001880917
2015-11-15,0.078154497,2.7600026152059,0.0007213725335901482
2015-11-16,0.152344635,5.380005081634501,0.001406153702567062
2015-11-17,2.973268892,105.00009894031241,0.027443520155555637
2015-11-18,1.497961185,52.900049859919505,0.013826306824585546
2015-11-19,1.169485764,41.300038909930805,0.010794451259462266
2015-11-20,0.512534923,18.100017045268103,0.004730740138445795
2015-11-21,0.244940723,8.6500081505281,0.002260823327030211
2015-11-22,0.150928792,5.330005010842401,0.001393085353447294
2015-11-23,0.044740618,1.5800015024846001,0.00041295964019893804
2015-11-24,0.080136676,2.8300026719372005,0.0007396682112817233
2015-11-25,0.071641622,2.5300023884434,0.0006612581534834482
2015-11-26,0.055784188,1.9700018639636,0.0005148927134906791
2015-11-27,0.104205995,3.6800034516265,0.0009618300355567806
2015-11-28,0.06456241,2.2800021404270003,0.0005959164355748578
2015-11-29,0.048704976,1.7200016159472,0.0004495509955820885
2015-11-30,0.026334667,0.9300008647049001,0.00024307117548261952
2015-12-01,0.020104961,0.7100006662267001,0.00018557046889190672
2015-12-02,0.021237635,0.7500007087345001,0.00019602514449568788
2015-12-03,0.026617836,0.9400008929892,0.0002456848489986066
2015-12-04,0.030299026,1.0700010134822,0.0002796625400958536
2015-12-05,0.033130711,1.1700011197517002,0.0003057992291053065
2015-12-06,0.022653477,0.8000007442119001,0.00020909348438537256
2015-12-07,0.018972287,0.6700006237189001,0.00017511579328812558
2015-12-08,0.024635657,0.8700008362579,0.00022738917130703132
2015-12-09,0.034546553,1.2200011552291001,0.0003188675689949912
2015-12-10,0.077021823,2.7200025726981,0.0007109178579863669
2015-12-11,0.356792267,12.6000118714249,0.0032932224182974728
2015-12-12,0.651287472,23.0000216874384,0.0060114377522276505
2015-12-13,0.268160537,9.4700089159939,0.0024751441492174737
2015-12-14,0.092596088,3.2700030688936,0.0008546696244631489
2015-12-15,0.039643585,1.4000013111995002,0.00036591359998192286
2015-12-16,0.029166352,1.0300009709744,0.0002692078644920724
2015-12-17,0.029166352,1.0300009709744,0.0002692078644920724
2015-12-18,0.02944952,1.040000963944,0.000271821528777976
2015-12-19,0.028316847,1.0000009567509,0.0002613668624042783
2015-12-20,0.031714868,1.1200010489596002,0.00029273087998553827
2015-12-21,0.033980216,1.2000011339752001,0.0003136402311931006
2015-12-22,0.036811901,1.3000012402447,0.0003397769202025535
2015-12-23,0.053802009,1.9000018072323,0.0004965970357991037
2015-12-24,0.267877369,9.460008923024299,0.0024725304849315703
2015-12-25,0.217473382,7.6800072433154005,0.0020072974759438103
2015-12-26,0.281469455,9.9400093624885,0.0025979865737167773
2015-12-27,0.022653477,0.8000007442119001,0.00020909348438537256
2015-12-28,0.02038813,0.720000694511,0.00018818414240789376
2015-12-29,0.034263384,1.2100011269448,0.00031625389547900416
2015-12-30,0.032847542,1.1600010914674002,0.00030318555558931943
2015-12-31,0.02576833,0.910000843451,0.00023784383768072896
2016-01-01,0.022936646,0.8100007724962001,0.00021170715790135963
2016-01-02,0.023502983,0.8300007937501,0.00021693449570325018
2016-01-03,0.024918825,0.8800008292275,0.00023000283559293486
2016-01-04,0.026334667,0.9300008647049001,0.00024307117548261952
2016-01-05,0.035962395,1.2700011907065,0.0003319359088846759
2016-01-06,1.005248054,35.5000334525938,0.009278523481515668
2016-01-07,0.302990259,10.7000100995073,0.0027966253917284523
2016-01-08,0.147247602,5.2000048903494,0.001359107662350047
2016-01-09,0.118647587,4.1900039406289,0.001095127135659865
2016-01-10,0.09231292,3.2600030759240006,0.0008520559601772455
2016-01-11,0.071075285,2.5100023671895,0.0006560308156815576
2016-01-12,0.067960432,2.4000022679504003,0.0006272804623862012
2016-01-13,0.066261421,2.3400022041887003,0.0006115984489805295
2016-01-14,0.065978253,2.3300022112191003,0.0006089847846946259
2016-01-15,0.067677263,2.3900022396661003,0.0006246667888702141
2016-01-16,0.067960432,2.4000022679504003,0.0006272804623862012
2016-01-17,0.045306955,1.6000015237385001,0.0004181869780008287
2016-01-18,0.041908933,1.4800013962151002,0.0003868229511894852
2016-01-19,0.112701049,3.9800037351203,0.0010402400933550557
2016-01-20,0.127992147,4.5200042736609,0.0011813782047760178
2016-01-21,0.116099071,4.1000038626437005,0.0010716041201663993
2016-01-22,0.129691157,4.5800043021079,0.001197060208951606
2016-01-23,0.163671373,5.7800054360831,0.0015107004401447065
2016-01-24,0.144415918,5.1000048193946,0.0013329709825706775
2016-01-25,0.133372347,4.710004422600901,0.001231037900048853
2016-01-26,0.086649551,3.0600028986997003,0.0007997825913884232
2016-01-27,0.028316847,1.0000009567509,0.0002613668624042783
2016-01-28,0.035962395,1.2700011907065,0.0003319359088846759
2016-01-29,0.107604017,3.8000035791499003,0.000993194062368124
2016-01-30,0.135920864,4.800004535900801,0.0012545609247724024
2016-01-31,0.300158574,10.600009993237801,0.0027704887027189995
2016-02-01,0.679604318,24.000022608874602,0.006272804605401845
2016-02-02,0.914634145,32.3000304404315,0.008442149534744096
2016-02-03,0.351128898,12.400011694200602,0.0032409490495086506
2016-02-04,0.045023786,1.5900014954542,0.0004155733044848416
2016-02-05,0.055501019,1.9600018356793,0.000512279039974692
2016-02-06,0.05351884,1.8900017789480001,0.0004939833622831167
2016-02-07,0.043607944,1.5400014599768002,0.00040250496459515693
2016-02-08,0.044740618,1.5800015024846001,0.00041295964019893804
2016-02-09,0.240976364,8.510008001750801,0.002224231962416977
2016-02-10,0.433247753,15.3000144228691,0.003998912938481949
2016-02-11,0.359623952,12.700011977694402,0.003319359107306926
2016-02-12,0.300158574,10.600009993237801,0.0027704887027189995
2016-02-13,0.325643736,11.5000108437192,0.0030057188761138253
2016-02-14,0.339802159,12.000011304437301,0.0031364023027009224
2016-02-15,0.37095069,13.100012332143002,0.0034239058448845704
2016-02-16,0.311485313,11.0000103830011,0.0028750354495267272
2016-02-17,0.265045684,9.360008816754801,0.002446393795922118
2016-02-18,0.236445669,8.3500078670343,0.0021824132692319356
2016-02-19,0.209827833,7.4100069740451,0.001936728420233329
2016-02-20,0.200766442,7.0900066692974,0.0018530910246331634
2016-02-21,0.191421883,6.7600063715801,0.0017668399647470944
2016-02-22,0.169617911,5.990005641591701,0.0015655874824495161
2016-02-23,0.136487201,4.8200045571547,0.001259788262574293
2016-02-24,0.107320849,3.7900035861803,0.0009905803980822204
2016-02-25,0.100807974,3.5600033594178,0.0009304660179755205
2016-02-26,0.084667371,2.9900028066537003,0.0007814869044667645
2016-02-27,0.071641622,2.5300023884434,0.0006612581534834482
2016-02-28,0.054934682,1.9400018144254,0.0005070517021728014
2016-02-29,0.060598052,2.1400020269644,0.0005593250801917072
2016-03-01,0.067677263,2.3900022396661003,0.0006246667888702141
2016-03-02,0.069659443,2.4600023317121003,0.0006429624757918729
2016-03-03,0.070792116,2.5000023389052,0.0006534171421655705
2016-03-04,0.059182209,2.0900019561723,0.0005462567310719389
2016-03-05,0.053802009,1.9000018072323,0.0004965970357991037
2016-03-06,0.049271313,1.7400016372011,0.0004547783333839791
2016-03-07,0.026051499,0.9200008717353,0.000240457511196716
2016-03-08,0.02208714,0.780000722958,0.000203866146583482
2016-03-09,0.020954466,0.7400006804502001,0.00019341147097970085
2016-03-10,0.020104961,0.7100006662267001,0.00018557046889190672
2016-03-11,0.021237635,0.7500007087345001,0.00019602514449568788
2016-03-12,0.020671298,0.7300006874806001,0.0001907978066937973
2016-03-13,0.013875255,0.49000046774850003,0.00012806976230119387
2016-03-14,0.027184173,0.9600009142431,0.00025091218680049716
2016-03-15,0.017839613,0.6300005812111,0.0001646611176843444
2016-03-16,0.009910896,0.35000031897120004,9.147839768795984e-05
2016-03-17,0.028316847,1.0000009567509,0.0002613668624042783
2016-03-18,0.018972287,0.6700006237189001,0.00017511579328812558
2016-03-19,0.019255456,0.6800006520032,0.00017772946680411262
2016-03-20,0.019821793,0.7000006732571,0.0001829568046060032
2016-03-21,0.020671298,0.7300006874806001,0.0001907978066937973
2016-03-22,0.02208714,0.780000722958,0.000203866146583482
2016-03-23,0.016990108,0.6000005669876001,0.0001568201155965503
2016-03-24,0.016140603,0.5700005527641,0.0001489791135087562
2016-03-25,0.014158423,0.5000004607181,0.00013068342658709742
2016-03-26,0.02038813,0.720000694511,0.00018818414240789376
2016-03-27,0.018972287,0.6700006237189001,0.00017511579328812558
2016-03-28,0.018972287,0.6700006237189001,0.00017511579328812558
2016-03-29,0.020954466,0.7400006804502001,0.00019341147097970085
2016-03-30,0.020954466,0.7400006804502001,0.00019341147097970085
2016-03-31,0.019255456,0.6800006520032,0.00017772946680411262
2016-04-01,0.018972287,0.6700006237189001,0.00017511579328812558
2016-04-02,0.032847542,1.1600010914674002,0.00030318555558931943
2016-04-03,0.024918825,0.8800008292275,0.00023000283559293486
2016-04-04,0.019255456,0.6800006520032,0.00017772946680411262
2016-04-05,0.014441592,0.5100004890024,0.00013329710010308445
2016-04-06,0.01840595,0.650000602465,0.000169888455486235
2016-04-07,0.017556445,0.6200005882415001,0.00016204745339844088
2016-04-08,0.020954466,0.7400006804502001,0.00019341147097970085
2016-04-09,0.02576833,0.910000843451,0.00023784383768072896
2016-04-10,0.143566412,5.070004769856401,0.0013251299712528
2016-04-11,0.111002039,3.9200037066733002,0.0010245580891794675
2016-04-12,0.040209922,1.4200013324534002,0.00037114093778381344
2016-04-13,0.030582194,1.0800010064518,0.00028227620438175716
2016-04-14,0.027184173,0.9600009142431,0.00025091218680049716
2016-04-15,0.02406932,0.8500008150040002,0.00022216183350514076
2016-04-16,0.124594125,4.4000041461375,0.0011500141779646744
2016-04-17,3.058219432,108.0001017752504,0.028227620733538385
2016-04-18,1.110020386,39.2000369254742,0.01024558085487434
2016-04-19,0.710752849,25.100023636580303,0.006560308147585492
2016-04-20,0.259665483,9.1700086325001,0.002396734091419199
2016-04-21,0.082402024,2.9100027569528004,0.0007605775624892856
2016-04-22,0.040209922,1.4200013324534002,0.00037114093778381344
2016-04-23,0.023219814,0.8200007654658,0.00021432082218726312
2016-04-24,0.019821793,0.7000006732571,0.0001829568046060032
2016-04-25,0.018122782,0.6400006094954,0.00016727479120033146
2016-04-26,0.018689119,0.6600006307493,0.00017250212900222201
2016-04-27,0.022936646,0.8100007724962001,0.00021170715790135963
2016-04-28,0.021520803,0.7600007017041001,0.0001986388087815914
2016-04-29,0.023502983,0.8300007937501,0.00021693449570325018
2016-04-30,0.08495054,3.0000028349380004,0.0007841005779827515
2016-05-01,0.373782375,13.2000124384125,0.0034500425338940227
2016-05-02,1.497961185,52.900049859919505,0.013826306824585546
2016-05-03,0.914634145,32.3000304404315,0.008442149534744096
2016-05-04,0.396435852,14.0000131826244,0.003659136018279395
2016-05-05,0.229083289,8.090007626048301,0.002114457887037442
2016-05-06,0.066827758,2.3600022254426003,0.00061682578678242
2016-05-07,0.052102998,1.8400017434706,0.000480915022393432
2016-05-08,0.039077248,1.3800012899456002,0.0003606862621800323
2016-05-09,0.023786151,0.8400007867197,0.0002195481599891537
2016-05-10,0.01840595,0.650000602465,0.000169888455486235
2016-05-11,0.01840595,0.650000602465,0.000169888455486235
2016-05-12,0.017839613,0.6300005812111,0.0001646611176843444
2016-05-13,0.016990108,0.6000005669876001,0.0001568201155965503
2016-05-14,0.017556445,0.6200005882415001,0.00016204745339844088
2016-05-15,0.014158423,0.5000004607181,0.00013068342658709742
2016-05-16,0.011893076,0.42000041101720004,0.00010977408460961861
2016-05-17,0.016423771,0.5800005457337001,0.00015159277779465971
2016-05-18,0.023502983,0.8300007937501,0.00021693449570325018
2016-05-19,0.163105036,5.760005414829201,0.001505473102342816
2016-05-20,1.696179111,59.900056451231706,0.015655874833725242
2016-05-21,0.569168616,20.100018923455202,0.005253473854024268
2016-05-22,0.104489164,3.6900034799108,0.0009644437090727677
2016-05-23,0.023219814,0.8200007654658,0.00021432082218726312
2016-05-24,0.011609907,0.4100003827329,0.00010716041109363156
2016-05-25,0.008778222,0.31000027646340006,8.102372208417869e-05
2016-05-26,0.009061391,0.3200003047477,8.363739560016573e-05
2016-05-27,0.010194065,0.3600003472555,9.409207120394688e-05
2016-05-28,0.009910896,0.35000031897120004,9.147839768795984e-05
2016-05-29,0.009344559,0.33000029771730005,8.625105988606926e-05
2016-05-30,0.008211886,0.2900002905242,7.57963935123716e-05
2016-05-31,0.006796043,0.2400002197321,6.272804439260342e-05
2016-06-01,0.005946538,0.21000020550860002,5.4887042304809305e-05
2016-06-02,0.004530695,0.16000013471650001,4.181869318504111e-05
2016-06-03,0.001132674,0.0400000425078,1.0454675603781153e-05
2016-06-04,,,
2016-06-05,,,
2016-06-06,,,
2016-06-07,,,
2016-06-08,,,
2016-06-09,,,
2016-06-10,,,
2016-06-11,,,
2016-06-12,,,
2016-06-13,,,
2016-06-14,,,
2016-06-15,,,
2016-06-16,,,
2016-06-17,,,
2016-06-18,,,
2016-06-19,,,
2016-06-20,,,
2016-06-21,,,
2016-06-22,,,
2016-06-23,,,
2016-06-24,,,
2016-06-25,,,
2016-06-26,,,
2016-06-27,,,
2016-06-28,,,
2016-06-29,,,
2016-06-30,,,
2016-07-01,0.146964434,5.190004897379801,0.0013564939980641433
2016-07-02,0.036245564,1.2800012189908,0.0003345495824006629
2016-07-03,1.005248054,35.5000334525938,0.009278523481515668
2016-07-04,0.441742807,15.600014706362902,0.0040773229962802245
2016-07-05,0.044174281,1.5600014812307001,0.0004077323023970475
2016-07-06,0.00736238,0.260000240986,6.7955382194494e-05
2016-07-07,0.001699011,0.06000006376170001,1.568201340567173e-05
2016-07-08,,,
2016-07-09,,,
2016-07-10,,,
2016-07-11,,,
2016-07-12,,,
2016-07-13,,,
2016-07-14,,,
2016-07-15,,,
2016-07-16,,,
2016-07-17,,,
2016-07-18,,,
2016-07-19,0.305821943,10.8000101704621,0.0028227620715078217
2016-07-20,3.001585739,106.0000998970633,0.02770488701795991
2016-07-21,2.503209239,88.4000833125133,0.023104830306101214
2016-07-22,1.231782827,43.5000410006569,0.011369458353059646
2016-07-23,0.574831986,20.3000191359942,0.005305747232043173
2016-07-24,0.501208185,17.7000166908195,0.00462619340086815
2016-07-25,0.117231745,4.1400039051515005,0.0010820587957701803
2016-07-26,0.029732689,1.0500009922283,0.000274435202293963
2016-07-27,0.016423771,0.5800005457337001,0.00015159277779465971
2016-07-28,0.002548516,0.0900000779852,2.3523015493465843e-05
2016-07-29,,,
2016-07-30,,,
2016-07-31,,,
2016-08-01,,,
2016-08-02,,,
2016-08-03,2.129426864,75.2000708741008,0.01965478777220719
2016-08-04,3.114853125,110.00010365343749,0.028750354449116857
2016-08-05,4.672279688,165.0001554978136,0.04312553167829032
2016-08-06,7.277429574,257.00024217693783,0.06717128266874077
2016-08-07,2.57683304,91.000085757688,0.023784384137276238
2016-08-08,0.268160537,9.4700089159939,0.0024751441492174737
2016-08-09,0.043324775,1.5300014316925001,0.00039989129107916987
2016-08-10,0.013875255,0.49000046774850003,0.00012806976230119387
2016-08-11,0.010194065,0.3600003472555,9.409207120394688e-05
2016-08-12,1.265763043,44.7000421346321,0.011683098584252746
2016-08-13,0.356792267,12.6000118714249,0.0032932224182974728
2016-08-14,0.048421808,1.7100016229776,0.00044693733129618505
2016-08-15,0.01104357,0.390000361479,0.000101933073291741
2016-08-16,0.004813864,0.1700001630008,4.4432366701028156e-05
2016-08-17,0.001415842,0.05000003547740001,1.306833988968469e-05
2016-08-18,,,
2016-08-19,0.546515139,19.300018179243303,0.005044380369638896
2016-08-20,0.182360492,6.4400060668324,0.0016832025691469288
2016-08-21,0.019255456,0.6800006520032,0.00017772946680411262
2016-08-22,0.007645549,0.2700002692703,7.056905571048104e-05
2016-08-23,1.291248205,45.600042985113504,0.011918328757647572
2016-08-24,3.766140597,133.0001253408759,0.03476179220134451
2016-08-25,4.530695455,160.00015078468851,0.041818697384729105
2016-08-26,1.565921617,55.300052127869904,0.014453587286971747
2016-08-27,1.277089781,45.1000424890807,0.01178764532183039
2016-08-28,1.435664122,50.700047769193404,0.013251299730988165
2016-08-29,0.421921014,14.9000140331058,0.003894366191674221
2016-08-30,0.070508948,2.4900023459356,0.0006508034778796671
2016-08-31,0.043041607,1.5200014387229002,0.00039727762679326635
2016-09-01,0.025485162,0.9000008504814,0.00023523017339482542
2016-09-02,0.01472476,0.520000481972,0.000135910764388988
2016-09-03,0.038510911,1.3600012686917002,0.0003554589243781417
2016-09-04,1.175149134,41.5000391224698,0.010846724637481172
2016-09-05,0.169334743,5.9800056486221,0.0015629738181636124
2016-09-06,0.072207959,2.5500024096973,0.0006664854912853388
2016-09-07,0.024352488,0.8600008079736,0.00022477549779104425
2016-09-08,0.008211886,0.2900002905242,7.57963935123716e-05
2016-09-09,0.004247527,0.15000014174690002,3.9205028899137574e-05
2016-09-10,0.001699011,0.06000006376170001,1.568201340567173e-05
2016-09-11,,,
2016-09-12,,,
2016-09-13,,,
2016-09-14,,,
2016-09-15,,,
2016-09-16,,,
2016-09-17,,,
2016-09-18,,,
2016-09-19,,,
2016-09-20,,,
2016-09-21,,,
2016-09-22,0.001982179,0.07000005673130001,1.8295677691575268e-05
2016-09-23,0.001132674,0.0400000425078,1.0454675603781153e-05
2016-09-24,,,
2016-09-25,0.022370309,0.7900007512423001,0.00020647982009946902
2016-09-26,0.021237635,0.7500007087345001,0.00019602514449568788
2016-09-27,0.010477233,0.37000034022510003,9.670573548985042e-05
2016-09-28,0.006512875,0.2300002267625,6.011438010669987e-05
2016-09-29,0.116382239,4.1100038556133,0.0010742177844523027
2016-09-30,3.341387898,118.0001112015006,0.030841289320660836
2016-10-01,0.974099523,34.4000324248881,0.008991019939332023
2016-10-02,0.169617911,5.990005641591701,0.0015655874824495161
2016-10-03,0.046439628,1.6400015309316,0.00042864164437452624
2016-10-04,0.022370309,0.7900007512423001,0.00020647982009946902
2016-10-05,0.012742581,0.4500004252407,0.00011761508669741271
2016-10-06,0.009627728,0.3400003260016,8.886473340205631e-05
2016-10-07,0.008211886,0.2900002905242,7.57963935123716e-05
2016-10-08,0.008778222,0.31000027646340006,8.102372208417869e-05
2016-10-09,0.008778222,0.31000027646340006,8.102372208417869e-05
2016-10-10,0.008778222,0.31000027646340006,8.102372208417869e-05
2016-10-11,0.008495054,0.30000028349380004,7.841005779827515e-05
2016-10-12,0.008211886,0.2900002905242,7.57963935123716e-05
2016-10-13,0.007928717,0.28000026223990004,7.318271999638457e-05
2016-10-14,0.008211886,0.2900002905242,7.57963935123716e-05
2016-10-15,0.007645549,0.2700002692703,7.056905571048104e-05
2016-10-16,0.005946538,0.21000020550860002,5.4887042304809305e-05
2016-10-17,0.003964359,0.1400001487773,3.659136461323404e-05
2016-10-18,0.005663369,0.2000001772243,5.227336878882226e-05
2016-10-19,0.00736238,0.260000240986,6.7955382194494e-05
2016-10-20,0.006796043,0.2400002197321,6.272804439260342e-05
2016-10-21,0.007079212,0.25000024801640003,6.534171790859045e-05
2016-10-22,0.007928717,0.28000026223990004,7.318271999638457e-05
2016-10-23,0.008211886,0.2900002905242,7.57963935123716e-05
2016-10-24,0.008211886,0.2900002905242,7.57963935123716e-05
2016-10-25,0.009061391,0.3200003047477,8.363739560016573e-05
2016-10-26,0.009627728,0.3400003260016,8.886473340205631e-05
2016-10-27,0.010477233,0.37000034022510003,9.670573548985042e-05
2016-10-28,0.038510911,1.3600012686917002,0.0003554589243781417
2016-10-29,0.01840595,0.650000602465,0.000169888455486235
2016-10-30,0.011893076,0.42000041101720004,0.00010977408460961861
2016-10-31,0.010477233,0.37000034022510003,9.670573548985042e-05
2016-11-01,0.010194065,0.3600003472555,9.409207120394688e-05
2016-11-02,0.009344559,0.33000029771730005,8.625105988606926e-05
2016-11-03,0.009344559,0.33000029771730005,8.625105988606926e-05
2016-11-04,0.011326739,0.40000038976330005,0.00010454674680772804
2016-11-05,0.014158423,0.5000004607181,0.00013068342658709742
2016-11-06,0.015291097,0.5400005032259,0.00014113810219087858
2016-11-07,0.017556445,0.6200005882415001,0.00016204745339844088
2016-11-08,0.024352488,0.8600008079736,0.00022477549779104425
2016-11-09,0.022936646,0.8100007724962001,0.00021170715790135963
2016-11-10,0.018689119,0.6600006307493,0.00017250212900222201
2016-11-11,0.014441592,0.5100004890024,0.00013329710010308445
2016-11-12,0.014158423,0.5000004607181,0.00013068342658709742
2016-11-13,0.014158423,0.5000004607181,0.00013068342658709742
2016-11-14,0.014441592,0.5100004890024,0.00013329710010308445
2016-11-15,0.015007929,0.5300005102563,0.00013852443790497503
2016-11-16,0.016706939,0.5900005387033,0.00015420644208056326
2016-11-17,0.023502983,0.8300007937501,0.00021693449570325018
2016-11-18,0.02576833,0.910000843451,0.00023784383768072896
2016-11-19,0.018689119,0.6600006307493,0.00017250212900222201
2016-11-20,0.017556445,0.6200005882415001,0.00016204745339844088
2016-11-21,0.022653477,0.8000007442119001,0.00020909348438537256
2016-11-22,0.030299026,1.0700010134822,0.0002796625400958536
2016-11-23,0.040776259,1.4400013537073002,0.000376368275585704
2016-11-24,0.119780261,4.2300039831367,0.0011055818112636461
2016-11-25,0.143566412,5.070004769856401,0.0013251299712528
2016-11-26,0.02944952,1.040000963944,0.000271821528777976
2016-11-27,0.022936646,0.8100007724962001,0.00021170715790135963
2016-11-28,0.025201993,0.8900008221971,0.0002326164998788384
2016-11-29,0.027467341,0.9700009072127,0.0002535258510864007
2016-11-30,0.030582194,1.0800010064518,0.00028227620438175716
2016-12-01,0.032281205,1.1400010702135002,0.0002979582177874289
2016-12-02,0.018122782,0.6400006094954,0.00016727479120033146
2016-12-03,0.011893076,0.42000041101720004,0.00010977408460961861
2016-12-04,0.012459413,0.44000043227110003,0.0001150014224115092
2016-12-05,0.014158423,0.5000004607181,0.00013068342658709742
2016-12-06,0.015857434,0.5600005244798001,0.00014636543999276913
2016-12-07,0.015574266,0.5500005315102,0.0001437517757068656
2016-12-08,0.011326739,0.40000038976330005,0.00010454674680772804
2016-12-09,0.011326739,0.40000038976330005,0.00010454674680772804
2016-12-10,0.013875255,0.49000046774850003,0.00012806976230119387
2016-12-11,0.026051499,0.9200008717353,0.000240457511196716
2016-12-12,0.038227743,1.3500012757221,0.0003528452600922382
2016-12-13,0.362455636,12.8000120486492,0.003345495787086295
2016-12-14,0.093728762,3.3100031114014,0.0008651243000669301
2016-12-15,0.056916862,2.0100019064714,0.0005253473890944601
2016-12-16,0.047289134,1.6700015804698,0.00043648265569240383
2016-12-17,0.113550555,4.0100037846585,0.0010480811046729333
2016-12-18,0.447406176,15.8000148835872,0.004129596365069046
2016-12-19,0.515366608,18.2000171515376,0.004756876827455248
2016-12-20,0.028600015,1.0100009497205,0.0002639805266901819
2016-12-21,0.029166352,1.0300009709744,0.0002692078644920724
2016-12-22,0.082402024,2.9100027569528004,0.0007605775624892856
2016-12-23,3.086536279,109.00010273200131,0.028488987595942664
2016-12-24,2.064298117,72.9000687124199,0.01905364399883044
2016-12-25,1.251604619,44.2000416385993,0.011552415148435566
2016-12-26,0.959941099,33.900031928855306,0.00886033650351484
2016-12-27,0.770218227,27.2000256210369,0.007109178552173418
2016-12-28,0.042192101,1.4900013891847002,0.00038943661547538876
2016-12-29,0.028883184,1.0200009780048,0.0002665942002061689
2016-12-30,0.025485162,0.9000008504814,0.00023523017339482542
2016-12-31,0.032847542,1.1600010914674002,0.00030318555558931943
2017-01-01,0.205013969,7.2400068110443,0.0018922960535323011
2017-01-02,0.611643886,21.6000203409242,0.0056455241430156435
2017-01-03,0.521029977,18.4000173287619,0.00480915019624407
2017-01-04,0.212376349,7.5000070520303,0.001960251435726795
2017-01-05,0.12912482,4.560004280854001,0.0011918328711497156
2017-01-06,0.438911122,15.500014600093401,0.0040511863072707705
2017-01-07,0.061447557,2.1700020411879,0.0005671660822795013
2017-01-08,0.052669335,1.8600017647245,0.0004861423601953226
2017-01-09,0.041342596,1.4600013749612002,0.0003815956133875946
2017-01-10,0.801366759,28.3000266840573,0.007396682103587149
2017-01-11,1.217624403,43.0000405046241,0.011238774917242466
2017-01-12,0.572000301,20.2000190297247,0.00527961054303372
2017-01-13,0.504039869,17.8000167617743,0.00465233008064752
2017-01-14,0.262213999,9.2600087104853,0.002420257106912665
2017-01-15,0.356792267,12.6000118714249,0.0032932224182974728
2017-01-16,0.95427773,33.700031751631,0.00880806313472602
2017-01-17,0.639960733,22.600021297675102,0.005906891005419922
2017-01-18,0.268160537,9.4700089159939,0.0024751441492174737
2017-01-19,0.192271388,6.7900063858036,0.0017746809668348882
2017-01-20,0.143849581,5.080004798140701,0.001327743644768787
2017-01-21,0.127708978,4.5100042453766,0.0011787645312600309
2017-01-22,0.484218077,17.100016123831903,0.0044693732852716
2017-01-23,1.384693798,48.9000460682306,0.012780839384198515
2017-01-24,1.679189003,59.3000558842441,0.015499054718128692
2017-01-25,1.41017896,49.800046918712006,0.013016069557593341
2017-01-26,1.387525483,49.0000461745001,0.012806976073207967
2017-01-27,1.350713582,47.7000449342554,0.012467199153005414
2017-01-28,0.182360492,6.4400060668324,0.0016832025691469288
2017-01-29,0.077021823,2.7200025726981,0.0007109178579863669
2017-01-30,0.248905082,8.7900082993054,0.0022974146916434454
2017-01-31,0.108453522,3.8300035933734002,0.001001035064455918
2017-02-01,0.086083214,3.0400028774458003,0.0007945552535865327
2017-02-02,0.438911122,15.500014600093401,0.0040511863072707705
2017-02-03,0.504039869,17.8000167617743,0.00465233008064752
2017-02-04,0.484218077,17.100016123831903,0.0044693732852716
2017-02-05,0.294495205,10.4000098160135,0.002718215333930177
2017-02-06,0.250037755,8.830008306498499,0.0023078693580171426
2017-02-07,0.252303103,8.910008391514099,0.002328778709224705
2017-02-08,0.214358529,7.5700071440763,0.001978547122648454
2017-02-09,0.191705051,6.7700063645497,0.0017694536290329978
2017-02-10,0.226817941,8.0100075410327,0.00209354853582988
2017-02-11,0.193120894,6.8200064353418,0.001782521978152766
2017-02-12,0.161406026,5.700005386382201,0.001489791098167228
2017-02-13,0.155459488,5.490005180873601,0.0014349040558624185
2017-02-14,0.286000151,10.1000095325197,0.002639805276131902
2017-02-15,0.588990409,20.8000195967123,0.005436430658630271
2017-02-16,0.33413879,11.800011127213,0.0030841289339121
2017-02-17,0.382277429,13.5000127219063,0.003528452591692298
2017-02-18,0.264479347,9.3400087955009,0.002441166458120227
2017-02-19,0.152627803,5.3900050746041,0.0014087673668529658
2017-02-20,0.143283244,5.0600047768868,0.0013225163069668965
2017-02-21,0.188590198,6.6600062653106,0.0017407032757376414
2017-02-22,0.182077324,6.430006073862801,0.001680588904861025
2017-02-23,0.123178283,4.3500041106601,0.0011369458380749897
2017-02-24,0.072774296,2.5700024309512,0.0006717128290872293
2017-02-25,0.054368345,1.9200017931715,0.0005018243643709108
2017-02-26,0.045023786,1.5900014954542,0.0004155733044848416
2017-02-27,0.033980216,1.2000011339752001,0.0003136402311931006
2017-02-28,0.10335649,3.650003437403,0.0009539890334689864
2017-03-01,2.186060557,77.2000727522879,0.020177521487785663
2017-03-02,2.401268591,84.80007991058771,0.022163909612521914
2017-03-03,1.291248205,45.600042985113504,0.011918328757647572
2017-03-04,0.821188551,29.000027321999703,0.0075796388989630694
2017-03-05,0.699426111,24.7000232821317,0.006455761410007847
2017-03-06,0.399267537,14.100013288893901,0.0036852727072888484
2017-03-07,0.863663821,30.500028739468704,0.007971689187954446
2017-03-08,1.064713432,37.6000354370504,0.009827393886103595
2017-03-09,0.824020236,29.1000274282692,0.007605775587972522
2017-03-10,0.549346824,19.4000182855128,0.0050705170586483475
2017-03-11,1.013743108,35.8000337360876,0.009356933539313944
2017-03-12,0.637129048,22.5000211914056,0.005880754316410469
2017-03-13,0.168768406,5.960005627368201,0.0015577464803617218
2017-03-14,0.093445594,3.3000031184318006,0.0008625106357810267
2017-03-15,0.067677263,2.3900022396661003,0.0006246667888702141
2017-03-16,0.059748546,2.1100019774262,0.0005514840688738296
2017-03-17,0.052952503,1.8700017576941,0.0004887560244812262
2017-03-18,0.047855471,1.6900016017237,0.00044170999349429446
2017-03-19,1.172317449,41.400039016200296,0.01082058794847172
2017-03-20,1.883070298,66.5000626527806,0.017380896096057214
2017-03-21,1.53760477,54.300051171119,0.014192220424567466
2017-03-22,1.059050063,37.4000352598261,0.009775120517314773
2017-03-23,1.169485764,41.300038909930805,0.010794451259462266
2017-03-24,1.843426713,65.1000613415811,0.01701498249607529
2017-03-25,0.979762892,34.6000326021124,0.009043293308120844
2017-03-26,0.889148983,31.4000295899501,0.00820691936134927
2017-03-27,0.659782526,23.3000219709322,0.006089847810025925
2017-03-28,0.243241712,8.590008086766401,0.0022451413136245395
2017-03-29,0.362455636,12.8000120486492,0.003345495787086295
2017-03-30,0.614475571,21.700020447193705,0.0056716608320250975
2017-03-31,0.29166352,10.300009709744002,0.0026920786449207246
2017-04-01,0.136487201,4.8200045571547,0.001259788262574293
2017-04-02,0.083251529,2.9400027711763004,0.0007684185645770797
2017-04-03,0.535188401,18.900017824794702,0.004939833632061251
2017-04-04,1.772634597,62.6000590026759,0.01636156535390972
2017-04-05,3.284754205,116.00010932331351,0.03031855560508236
2017-04-06,1.325228421,46.8000441190887,0.012231968988840674
2017-04-07,0.883485614,31.200029412725804,0.008154645992560449
2017-04-08,0.470059653,16.600015627799102,0.00433868984945442
2017-04-09,0.265895189,9.3900088309783,0.0024542347980099116
2017-04-10,0.128841652,4.5500042878844,0.001189219206863812
2017-04-11,0.082402024,2.9100027569528004,0.0007605775624892856
2017-04-12,0.063429736,2.2400020979192004,0.0005854617599710765
2017-04-13,0.048421808,1.7100016229776,0.00044693733129618505
2017-04-14,0.039643585,1.4000013111995002,0.00036591359998192286
2017-04-15,0.039926754,1.4100013394838002,0.0003685272734979099
2017-04-16,0.039643585,1.4000013111995002,0.00036591359998192286
2017-04-17,0.039360417,1.3900013182299,0.0003632999356960193
2017-04-18,0.037378238,1.3200012614986,0.00034500425800444403
2017-04-19,0.035679227,1.2600011977369001,0.0003293222445987723
2017-04-20,0.036811901,1.3000012402447,0.0003397769202025535
2017-04-21,0.03511289,1.2400011764830001,0.00032409490679688176
2017-04-22,0.035679227,1.2600011977369001,0.0003293222445987723
2017-04-23,0.037095069,1.3100012332143,0.000342390584488457
2017-04-24,0.034263384,1.2100011269448,0.00031625389547900416
2017-04-25,0.041059428,1.4500013819916002,0.00037898194910169103
2017-04-26,0.039360417,1.3900013182299,0.0003632999356960193
2017-04-27,0.039926754,1.4100013394838002,0.0003685272734979099
2017-04-28,0.037378238,1.3200012614986,0.00034500425800444403
2017-04-29,0.037944574,1.3400012474378002,0.00035023158657625117
2017-04-30,0.038227743,1.3500012757221,0.0003528452600922382
2017-05-01,0.035679227,1.2600011977369001,0.0003293222445987723
2017-05-02,0.035679227,1.2600011977369001,0.0003293222445987723
2017-05-03,0.034263384,1.2100011269448,0.00031625389547900416
2017-05-04,0.033697047,1.1900011056909001,0.0003110265576771135
2017-05-05,0.033130711,1.1700011197517002,0.0003057992291053065
2017-05-06,0.034546553,1.2200011552291001,0.0003188675689949912
2017-05-07,0.041625764,1.4700013679308002,0.0003842092776734982
2017-05-08,0.037095069,1.3100012332143,0.000342390584488457
2017-05-09,0.436079438,15.4000145291386,0.004025049627491402
2017-05-10,0.563505247,19.900018746230902,0.005201200485235446
2017-05-11,0.050687155,1.7900016726785,0.0004678466732736638
2017-05-12,0.569168616,20.100018923455202,0.005253473854024268
2017-05-13,0.133938684,4.7300044438548,0.0012362652378507437
2017-05-14,0.015857434,0.5600005244798001,0.00014636543999276913
2017-05-15,0.00736238,0.260000240986,6.7955382194494e-05
2017-05-16,0.007079212,0.25000024801640003,6.534171790859045e-05
2017-05-17,0.010477233,0.37000034022510003,9.670573548985042e-05
2017-05-18,0.019538624,0.6900006449728001,0.00018034313109001614
2017-05-19,0.010194065,0.3600003472555,9.409207120394688e-05
2017-05-20,0.013875255,0.49000046774850003,0.00012806976230119387
2017-05-21,0.01840595,0.650000602465,0.000169888455486235
2017-05-22,0.010194065,0.3600003472555,9.409207120394688e-05
2017-05-23,0.007645549,0.2700002692703,7.056905571048104e-05
2017-05-24,0.007079212,0.25000024801640003,6.534171790859045e-05
2017-05-25,0.005663369,0.2000001772243,5.227336878882226e-05
2017-05-26,0.004247527,0.15000014174690002,3.9205028899137574e-05
2017-05-27,0.003114853,0.11000009923910001,2.875035329535642e-05
2017-05-28,0.003398022,0.12000012752340002,3.136402681134346e-05
2017-05-29,0.004247527,0.15000014174690002,3.9205028899137574e-05
2017-05-30,0.004247527,0.15000014174690002,3.9205028899137574e-05
2017-05-31,0.00368119,0.130000120493,3.3977691097247e-05
2017-06-01,0.003114853,0.11000009923910001,2.875035329535642e-05
2017-06-02,0.002831685,0.10000010626950001,2.6136689009452884e-05
2017-06-03,0.003964359,0.1400001487773,3.659136461323404e-05
2017-06-04,0.002831685,0.10000010626950001,2.6136689009452884e-05
2017-06-05,0.001132674,0.0400000425078,1.0454675603781153e-05
2017-06-06,,,
2017-06-07,,,
2017-06-08,,,
2017-06-09,0.004813864,0.1700001630008,4.4432366701028156e-05
2017-06-10,0.004813864,0.1700001630008,4.4432366701028156e-05
2017-06-11,0.004813864,0.1700001630008,4.4432366701028156e-05
2017-06-12,0.004813864,0.1700001630008,4.4432366701028156e-05
2017-06-13,0.004813864,0.1700001630008,4.4432366701028156e-05
2017-06-14,0.004813864,0.1700001630008,4.4432366701028156e-05
2017-06-15,0.004813864,0.1700001630008,4.4432366701028156e-05
2017-06-16,0.004813864,0.1700001630008,4.4432366701028156e-05
2017-06-17,0.004813864,0.1700001630008,4.4432366701028156e-05
2017-06-18,0.004813864,0.1700001630008,4.4432366701028156e-05
2017-06-19,0.004813864,0.1700001630008,4.4432366701028156e-05
2017-06-20,0.004813864,0.1700001630008,4.4432366701028156e-05
2017-06-21,0.004813864,0.1700001630008,4.4432366701028156e-05
2017-06-22,0.004813864,0.1700001630008,4.4432366701028156e-05
2017-06-23,0.004813864,0.1700001630008,4.4432366701028156e-05
2017-06-24,0.004813864,0.1700001630008,4.4432366701028156e-05
2017-06-25,0.004813864,0.1700001630008,4.4432366701028156e-05
2017-06-26,0.004813864,0.1700001630008,4.4432366701028156e-05
2017-06-27,0.004813864,0.1700001630008,4.4432366701028156e-05
2017-06-28,0.004813864,0.1700001630008,4.4432366701028156e-05
2017-06-29,0.004813864,0.1700001630008,4.4432366701028156e-05
2017-06-30,0.004813864,0.1700001630008,4.4432366701028156e-05
2017-07-01,0.004813864,0.1700001630008,4.4432366701028156e-05
2017-07-02,0.004813864,0.1700001630008,4.4432366701028156e-05
2017-07-03,0.002265348,0.0800000850156,2.0909351207562306e-05
2017-07-04,,,
2017-07-05,,,
2017-07-06,,,
2017-07-07,,,
2017-07-08,,,
2017-07-09,,,
2017-07-10,,,
2017-07-11,,,
2017-07-12,,,
2017-07-13,,,
2017-07-14,,,
2017-07-15,,,
2017-07-16,,,
2017-07-17,,,
2017-07-18,0.37661406,13.300012544682,0.003476179222903476
2017-07-19,1.435664122,50.700047769193404,0.013251299730988165
2017-07-20,3.228120511,114.00010740981172,0.02979582188027381
2017-07-21,1.180812503,41.700039299694104,0.010898998006269995
2017-07-22,0.586158724,20.700019490442802,0.005410293969620819
2017-07-23,0.205013969,7.2400068110443,0.0018922960535323011
2017-07-24,0.086366382,3.0500028704154003,0.0007971689178724363
2017-07-25,2.183228872,77.1000726460184,0.020151384798776213
2017-07-26,2.089783278,73.8000695275866,0.019288874162995188
2017-07-27,0.795703389,28.1000264715183,0.007344408725568245
2017-07-28,0.87499056,30.900029129232,0.008076235934762173
2017-07-29,2.497545869,88.20008309997431,0.02305255692808231
2017-07-30,4.870497614,172.0001620891258,0.04495509968743002
2017-07-31,2.398436906,84.70007980431821,0.02213777292351246
2017-08-01,0.883485614,31.200029412725804,0.008154645992560449
2017-08-02,0.345465528,12.200011481661601,0.003188675671489745
2017-08-03,0.094011931,3.3200031396857006,0.0008677379735829172
2017-08-04,0.052102998,1.8400017434706,0.000480915022393432
2017-08-05,0.203314959,7.1800067825973,0.0018766140493567127
2017-08-06,2.440912176,86.2000812217872,0.022529823212503835
2017-08-07,1.832099975,64.7000609871325,0.016910435758497645
2017-08-08,0.574831986,20.3000191359942,0.005305747232043173
2017-08-09,0.282035792,9.9600093837424,0.0026032139115186683
2017-08-10,0.111851544,3.9500037208968,0.0010323990912672616
2017-08-11,0.008495054,0.30000028349380004,7.841005779827515e-05
2017-08-12,0.000849505,0.0300000142235,7.841002087794113e-06
2017-08-13,,,
2017-08-14,,,
2017-08-15,0.19198822,6.780006392834,0.0017720673025489848
2017-08-16,0.089481235,3.1600029696545002,0.0008259192711677927
2017-08-17,0.017556445,0.6200005882415001,0.00016204745339844088
2017-08-18,0.028883184,1.0200009780048,0.0002665942002061689
2017-08-19,0.005663369,0.2000001772243,5.227336878882226e-05
2017-08-20,0.001415842,0.05000003547740001,1.306833988968469e-05
2017-08-21,0.000566337,0.0200000212539,5.2273378018905765e-06
2017-08-22,0.000283168,0.0099999929696,2.613664285903536e-06
2017-08-23,0.297326889,10.5000098869683,0.0027443520137095463
2017-08-24,0.137619874,4.8600045643478005,0.0012702429289479906
2017-08-25,0.925960884,32.7000308301948,0.008546696281551825
2017-08-26,0.393604168,13.9000131116696,0.003632999338500026
2017-08-27,0.091746583,3.2400030546701,0.0008468286223753549
2017-08-28,0.034546553,1.2200011552291001,0.0003188675689949912
2017-08-29,0.00368119,0.130000120493,3.3977691097247e-05
2017-08-30,0.001415842,0.05000003547740001,1.306833988968469e-05
2017-08-31,0.000849505,0.0300000142235,7.841002087794113e-06
2017-09-01,0.005097032,0.1800001559704,4.7046030986931686e-05
2017-09-02,0.001132674,0.0400000425078,1.0454675603781153e-05
2017-09-03,0.000566337,0.0200000212539,5.2273378018905765e-06
2017-09-04,0.000283168,0.0099999929696,2.613664285903536e-06
2017-09-05,,,
2017-09-06,,,
2017-09-07,,,
2017-09-08,,,
2017-09-09,0.202465453,7.1500067330591,0.001868773038038835
2017-09-10,0.821188551,29.000027321999703,0.0075796388989630694
2017-09-11,0.66827758,23.600022254426,0.0061682578678242
2017-09-12,0.116382239,4.1100038556133,0.0010742177844523027
2017-09-13,0.093445594,3.3000031184318006,0.0008625106357810267
2017-09-14,0.169334743,5.9800056486221,0.0015629738181636124
2017-09-15,3.851091137,136.0001281758139,0.03554589277932726
2017-09-16,0.880653929,31.1000293064563,0.008128509303550996
2017-09-17,0.237012006,8.3700078882882,0.0021876406070338262
2017-09-18,0.05351884,1.8900017789480001,0.0004939833622831167
2017-09-19,0.008495054,0.30000028349380004,7.841005779827515e-05
2017-09-20,0.000283168,0.0099999929696,2.613664285903536e-06
2017-09-21,,,
2017-09-22,,,
2017-09-23,,,
2017-09-24,,,
2017-09-25,,,
2017-09-26,,,
2017-09-27,0.096277278,3.4000031893866,0.000888647315560396
2017-09-28,2.916635199,103.0000970621253,0.02692078643997716
2017-09-29,1.194970926,42.2000397604122,0.011029681432857093
2017-09-30,0.342633844,12.100011410706802,0.0031625389917103756
2017-10-01,0.082685192,2.9200027499224004,0.0007631912267751892
2017-10-02,0.028600015,1.0100009497205,0.0002639805266901819
2017-10-03,0.005097032,0.1800001559704,4.7046030986931686e-05
2017-10-04,0.001699011,0.06000006376170001,1.568201340567173e-05
2017-10-05,0.001132674,0.0400000425078,1.0454675603781153e-05
2017-10-06,,,
2017-10-07,,,
2017-10-08,,,
2017-10-09,,,
2017-10-10,,,
2017-10-11,,,
2017-10-12,,,
2017-10-13,,,
2017-10-14,,,
2017-10-15,,,
2017-10-16,0.002548516,0.0900000779852,2.3523015493465843e-05
2017-10-17,0.001982179,0.07000005673130001,1.8295677691575268e-05
2017-10-18,0.002265348,0.0800000850156,2.0909351207562306e-05
2017-10-19,0.002548516,0.0900000779852,2.3523015493465843e-05
2017-10-20,0.005097032,0.1800001559704,4.7046030986931686e-05
2017-10-21,0.000566337,0.0200000212539,5.2273378018905765e-06
2017-10-22,,,
2017-10-23,0.00368119,0.130000120493,3.3977691097247e-05
2017-10-24,0.005097032,0.1800001559704,4.7046030986931686e-05
2017-10-25,0.003398022,0.12000012752340002,3.136402681134346e-05
2017-10-26,0.00368119,0.130000120493,3.3977691097247e-05
2017-10-27,0.004247527,0.15000014174690002,3.9205028899137574e-05
2017-10-28,0.003964359,0.1400001487773,3.659136461323404e-05
2017-10-29,0.004813864,0.1700001630008,4.4432366701028156e-05
2017-10-30,0.005663369,0.2000001772243,5.227336878882226e-05
2017-10-31,0.005663369,0.2000001772243,5.227336878882226e-05
2017-11-01,0.004813864,0.1700001630008,4.4432366701028156e-05
2017-11-02,0.004813864,0.1700001630008,4.4432366701028156e-05
2017-11-03,0.01104357,0.390000361479,0.000101933073291741
2017-11-04,0.009627728,0.3400003260016,8.886473340205631e-05
2017-11-05,0.011326739,0.40000038976330005,0.00010454674680772804
2017-11-06,0.010760402,0.38000036850940005,9.931940900583746e-05
2017-11-07,0.012459413,0.44000043227110003,0.0001150014224115092
2017-11-08,0.014158423,0.5000004607181,0.00013068342658709742
2017-11-09,0.016140603,0.5700005527641,0.0001489791135087562
2017-11-10,0.030299026,1.0700010134822,0.0002796625400958536
2017-11-11,0.043607944,1.5400014599768002,0.00040250496459515693
2017-11-12,0.052102998,1.8400017434706,0.000480915022393432
2017-11-13,0.052386166,1.8500017364402,0.00048352868667933557
2017-11-14,0.051819829,1.8300017151863,0.00047830134887744493
2017-11-15,0.04615646,1.6300015379620003,0.0004260279800886228
2017-11-16,0.047572302,1.6800015734394,0.0004390963199783074
2017-11-17,0.054934682,1.9400018144254,0.0005070517021728014
2017-11-18,0.054651514,1.9300018214558001,0.0005044380378868979
2017-11-19,0.039926754,1.4100013394838002,0.0003685272734979099
2017-11-20,0.033697047,1.1900011056909001,0.0003110265576771135
2017-11-21,0.032847542,1.1600010914674002,0.00030318555558931943
2017-11-22,0.025485162,0.9000008504814,0.00023523017339482542
2017-11-23,0.051253492,1.8100016939324,0.00047307401107555446
2017-11-24,0.084384203,2.9800028136841004,0.0007788732401808609
2017-11-25,0.073057464,2.5800024239208,0.0006743264933731329
2017-11-26,0.066544589,2.3500021971583003,0.000614212113266433
2017-11-27,0.063996073,2.2600021191731003,0.0005906890977729672
2017-11-28,0.067394095,2.3800022466965003,0.0006220531245843107
2017-11-29,0.066827758,2.3600022254426003,0.00061682578678242
2017-11-30,0.065128747,2.3000021616809003,0.0006011437733767482
2017-12-01,0.067394095,2.3800022466965003,0.0006220531245843107
2017-12-02,0.077304991,2.7300025656677,0.0007135315222722705
2017-12-03,0.077304991,2.7300025656677,0.0007135315222722705
2017-12-04,0.075322812,2.6600025089364,0.0006952358445806952
2017-12-05,0.095144605,3.3600031821935,0.0008781926491866983
2017-12-06,0.034546553,1.2200011552291001,0.0003188675689949912
2017-12-07,0.025485162,0.9000008504814,0.00023523017339482542
2017-12-08,0.029166352,1.0300009709744,0.0002692078644920724
2017-12-09,0.022370309,0.7900007512423001,0.00020647982009946902
2017-12-10,0.015574266,0.5500005315102,0.0001437517757068656
2017-12-11,0.009910896,0.35000031897120004,9.147839768795984e-05
2017-12-12,0.020954466,0.7400006804502001,0.00019341147097970085
2017-12-13,0.018972287,0.6700006237189001,0.00017511579328812558
2017-12-14,0.030299026,1.0700010134822,0.0002796625400958536
2017-12-15,0.021237635,0.7500007087345001,0.00019602514449568788
2017-12-16,0.019821793,0.7000006732571,0.0001829568046060032
2017-12-17,0.02944952,1.040000963944,0.000271821528777976
2017-12-18,0.025485162,0.9000008504814,0.00023523017339482542
2017-12-19,0.026617836,0.9400008929892,0.0002456848489986066
2017-12-20,0.029166352,1.0300009709744,0.0002692078644920724
2017-12-21,0.041059428,1.4500013819916002,0.00037898194910169103
2017-12-22,0.025201993,0.8900008221971,0.0002326164998788384
2017-12-23,0.02775051,0.9800009354970001,0.00025613952460238774
2017-12-24,0.035962395,1.2700011907065,0.0003319359088846759
2017-12-25,0.055217851,1.9500018427097001,0.0005096653756887884
2017-12-26,0.060031715,2.1200020057105,0.0005540977423898166
2017-12-27,0.041059428,1.4500013819916002,0.00037898194910169103
2017-12-28,0.057766367,2.0400019206949,0.0005331883911822542
2017-12-29,0.063429736,2.2400020979192004,0.0005854617599710765
2017-12-30,0.049554482,1.7500016654854,0.00045739200689996615
2017-12-31,0.103639659,3.6600034656873,0.0009566027069849735
2018-01-01,0.043607944,1.5400014599768002,0.00040250496459515693
2018-01-02,0.0314317,1.11000105599,0.00029011721569963475
2018-01-03,0.030865363,1.0900010347361,0.00028488987789774417
2018-01-04,0.028883184,1.0200009780048,0.0002665942002061689
2018-01-05,0.0682436,2.4100022609200002,0.0006298941266721048
2018-01-06,0.105905006,3.7400035153882,0.0009775120489624524
2018-01-07,0.04983765,1.760001658455,0.0004600056711858697
2018-01-08,0.054934682,1.9400018144254,0.0005070517021728014
2018-01-09,0.048421808,1.7100016229776,0.00044693733129618505
2018-01-10,0.05351884,1.8900017789480001,0.0004939833622831167
2018-01-11,0.05351884,1.8900017789480001,0.0004939833622831167
2018-01-12,0.05351884,1.8900017789480001,0.0004939833622831167
2018-01-13,0.062013894,2.1900020624418,0.0005723934200813918
2018-01-14,0.069659443,2.4600023317121003,0.0006429624757918729
2018-01-15,0.069659443,2.4600023317121003,0.0006429624757918729
2018-01-16,0.122045609,4.3100040681523,0.0011264911624712084
2018-01-17,0.054934682,1.9400018144254,0.0005070517021728014
2018-01-18,0.028600015,1.0100009497205,0.0002639805266901819
2018-01-19,0.050403987,1.7800016797089,0.00046523300898776025
2018-01-20,0.080703013,2.8500026931911004,0.000744895549083614
2018-01-21,0.09599411,3.390003196417,0.0008860336512744924
2018-01-22,0.112984218,3.9900037634046,0.0010428537668710428
2018-01-23,0.039077248,1.3800012899456002,0.0003606862621800323
2018-01-24,0.034546553,1.2200011552291001,0.0003188675689949912
2018-01-25,0.037944574,1.3400012474378002,0.00035023158657625117
2018-01-26,0.041342596,1.4600013749612002,0.0003815956133875946
2018-01-27,0.027467341,0.9700009072127,0.0002535258510864007
2018-01-28,0.031714868,1.1200010489596002,0.00029273087998553827
2018-01-29,0.041059428,1.4500013819916002,0.00037898194910169103
2018-01-30,0.037661406,1.3300012544682,0.0003476179222903476
2018-01-31,0.067960432,2.4000022679504003,0.0006272804623862012
2018-02-01,0.090897078,3.2100030404466002,0.0008389876202875608
2018-02-02,0.123178283,4.3500041106601,0.0011369458380749897
2018-02-03,0.118647587,4.1900039406289,0.001095127135659865
2018-02-04,0.07560598,2.670002501906,0.0006978495088665988
2018-02-05,0.068809937,2.4300022821739002,0.0006351214644739953
2018-02-06,0.06088122,2.150002019934,0.0005619387444776107
2018-02-07,0.061447557,2.1700020411879,0.0005671660822795013
2018-02-08,0.062580231,2.2100020836957,0.0005776207578832824
2018-02-09,0.054368345,1.9200017931715,0.0005018243643709108
2018-02-10,0.050687155,1.7900016726785,0.0004678466732736638
2018-02-11,0.053235672,1.8800017859784,0.0004913696979972132
2018-02-12,0.05720003,2.020001899441,0.0005279610533803638
2018-02-13,0.055217851,1.9500018427097001,0.0005096653756887884
2018-02-14,0.062013894,2.1900020624418,0.0005723934200813918
2018-02-15,0.092879257,3.2800030971779006,0.0008572832979791362
2018-02-16,0.103073322,3.6400034444334,0.0009513753691830829
2018-02-17,0.101657479,3.5900033736413,0.0009383070200633147
2018-02-18,0.073623801,2.6000024451747,0.0006795538311750235
2018-02-19,0.062297063,2.2000020907261,0.000575007093597379
2018-02-20,0.086932719,3.0700028916693003,0.0008023962556743268
2018-02-21,0.073623801,2.6000024451747,0.0006795538311750235
2018-02-22,0.117798082,4.1600039264054,0.001087286133572071
2018-02-23,0.043324775,1.5300014316925001,0.00039989129107916987
2018-02-24,0.030582194,1.0800010064518,0.00028227620438175716
2018-02-25,0.048704976,1.7200016159472,0.0004495509955820885
2018-02-26,0.027184173,0.9600009142431,0.00025091218680049716
2018-02-27,0.033697047,1.1900011056909001,0.0003110265576771135
2018-02-28,0.099958468,3.5300033098796,0.0009226250066576429
2018-03-01,0.127708978,4.5100042453766,0.0011787645312600309
2018-03-02,0.101091142,3.5700033523874,0.0009330796822614242
2018-03-03,0.082402024,2.9100027569528004,0.0007605775624892856
2018-03-04,0.071075285,2.5100023671895,0.0006560308156815576
2018-03-05,0.067960432,2.4000022679504003,0.0006272804623862012
2018-03-06,0.049554482,1.7500016654854,0.00045739200689996615
2018-03-07,0.042758438,1.5100014104386001,0.0003946639532772793
2018-03-08,0.035679227,1.2600011977369001,0.0003293222445987723
2018-03-09,0.025485162,0.9000008504814,0.00023523017339482542
2018-03-10,0.061164389,2.1600020482183,0.0005645524179935977
2018-03-11,0.069093106,2.4400023104582003,0.0006377351379899823
2018-03-12,0.068809937,2.4300022821739002,0.0006351214644739953
2018-03-13,0.13846938,4.890004613886,0.0012780839402658682
2018-03-14,0.175564449,6.200005847100301,0.0016204745247543253
2018-03-15,0.097126784,3.4300032389248,0.0008964883268782736
2018-03-16,0.069659443,2.4600023317121003,0.0006429624757918729
2018-03-17,0.058899041,2.0800019632027,0.0005436430667860355
2018-03-18,0.056350525,1.9900018852175,0.0005201200512925697
2018-03-19,0.054651514,1.9300018214558001,0.0005044380378868979
2018-03-20,0.059748546,2.1100019774262,0.0005514840688738296
2018-03-21,0.08495054,3.0000028349380004,0.0007841005779827515
2018-03-22,0.075889149,2.6800025301903,0.0007004631823825857
2018-03-23,0.06456241,2.2800021404270003,0.0005959164355748578
2018-03-24,0.057766367,2.0400019206949,0.0005331883911822542
2018-03-25,0.048988145,1.7300016442315,0.0004521646690980756
2018-03-26,0.039926754,1.4100013394838002,0.0003685272734979099
2018-03-27,0.044740618,1.5800015024846001,0.00041295964019893804
2018-03-28,0.034829721,1.2300011481987,0.0003214812332808947
2018-03-29,0.026051499,0.9200008717353,0.000240457511196716
2018-03-30,0.021520803,0.7600007017041001,0.0001986388087815914
2018-03-31,0.020671298,0.7300006874806001,0.0001907978066937973
2018-04-01,0.020954466,0.7400006804502001,0.00019341147097970085
2018-04-02,0.018689119,0.6600006307493,0.00017250212900222201
2018-04-03,0.013875255,0.49000046774850003,0.00012806976230119387
2018-04-04,0.016423771,0.5800005457337001,0.00015159277779465971
2018-04-05,0.02038813,0.720000694511,0.00018818414240789376
2018-04-06,0.021803972,0.7700007299884001,0.00020125248229757847
2018-04-07,0.023219814,0.8200007654658,0.00021432082218726312
2018-04-08,0.034829721,1.2300011481987,0.0003214812332808947
2018-04-09,0.019255456,0.6800006520032,0.00017772946680411262
2018-04-10,0.01840595,0.650000602465,0.000169888455486235
2018-04-11,0.02038813,0.720000694511,0.00018818414240789376
2018-04-12,0.013308918,0.4700004464946,0.0001228424244993033
2018-04-13,0.009344559,0.33000029771730005,8.625105988606926e-05
2018-04-14,0.014441592,0.5100004890024,0.00013329710010308445
2018-04-15,0.01840595,0.650000602465,0.000169888455486235
2018-04-16,0.018122782,0.6400006094954,0.00016727479120033146
2018-04-17,0.013875255,0.49000046774850003,0.00012806976230119387
2018-04-18,0.014158423,0.5000004607181,0.00013068342658709742
2018-04-19,0.020104961,0.7100006662267001,0.00018557046889190672
2018-04-20,0.019821793,0.7000006732571,0.0001829568046060032
2018-04-21,0.024352488,0.8600008079736,0.00022477549779104425
2018-04-22,0.021803972,0.7700007299884001,0.00020125248229757847
2018-04-23,0.016706939,0.5900005387033,0.00015420644208056326
2018-04-24,0.007928717,0.28000026223990004,7.318271999638457e-05
2018-04-25,0.02406932,0.8500008150040002,0.00022216183350514076
2018-04-26,0.013592086,0.4800004394642,0.00012545608878520683
2018-04-27,0.015574266,0.5500005315102,0.0001437517757068656
2018-04-28,0.016706939,0.5900005387033,0.00015420644208056326
2018-04-29,0.012742581,0.4500004252407,0.00011761508669741271
2018-04-30,0.008495054,0.30000028349380004,7.841005779827515e-05
2018-05-01,0.010760402,0.38000036850940005,9.931940900583746e-05
2018-05-02,0.021803972,0.7700007299884001,0.00020125248229757847
2018-05-03,0.044174281,1.5600014812307001,0.0004077323023970475
2018-05-04,0.026051499,0.9200008717353,0.000240457511196716
2018-05-05,0.016990108,0.6000005669876001,0.0001568201155965503
2018-05-06,0.045873291,1.6200015096777,0.00042341430657263565
2018-05-07,0.041908933,1.4800013962151002,0.0003868229511894852
2018-05-08,0.015291097,0.5400005032259,0.00014113810219087858
2018-05-09,0.009627728,0.3400003260016,8.886473340205631e-05
2018-05-10,0.003398022,0.12000012752340002,3.136402681134346e-05
2018-05-11,0.000849505,0.0300000142235,7.841002087794113e-06
2018-05-12,0.007645549,0.2700002692703,7.056905571048104e-05
2018-05-13,0.000849505,0.0300000142235,7.841002087794113e-06
2018-05-14,0.001415842,0.05000003547740001,1.306833988968469e-05
2018-05-15,0.001132674,0.0400000425078,1.0454675603781153e-05
2018-05-16,0.001699011,0.06000006376170001,1.568201340567173e-05
2018-05-17,0.001132674,0.0400000425078,1.0454675603781153e-05
2018-05-18,0.000283168,0.0099999929696,2.613664285903536e-06
2018-05-19,0.000283168,0.0099999929696,2.613664285903536e-06
2018-05-20,0.000566337,0.0200000212539,5.2273378018905765e-06
2018-05-21,0.000283168,0.0099999929696,2.613664285903536e-06
2018-05-22,,,
2018-05-23,0.000283168,0.0099999929696,2.613664285903536e-06
2018-05-24,0.000283168,0.0099999929696,2.613664285903536e-06
2018-05-25,,,
2018-05-26,,,
2018-05-27,,,
2018-05-28,,,
2018-05-29,,,
2018-05-30,,,
2018-05-31,,,
2018-06-01,,,
2018-06-02,,,
2018-06-03,,,
2018-06-04,,,
2018-06-05,,,
2018-06-06,,,
2018-06-07,,,
2018-06-08,,,
2018-06-09,,,
2018-06-10,,,
2018-06-11,,,
2018-06-12,,,
2018-06-13,,,
2018-06-14,,,
2018-06-15,,,
2018-06-16,,,
2018-06-17,,,
2018-06-18,,,
2018-06-19,,,
2018-06-20,,,
2018-06-21,,,
2018-06-22,,,
2018-06-23,,,
2018-06-24,,,
2018-06-25,,,
2018-06-26,,,
2018-06-27,,,
2018-06-28,,,
2018-06-29,,,
2018-06-30,,,
2018-07-01,,,
2018-07-02,,,
2018-07-03,,,
2018-07-04,,,
2018-07-05,,,
2018-07-06,,,
2018-07-07,,,
2018-07-08,,,
2018-07-09,,,
2018-07-10,,,
2018-07-11,,,
2018-07-12,,,
2018-07-13,,,
2018-07-14,0.487049761,17.200016194786702,0.00449550996505097
2018-07-15,9.287925682,328.0003090821254,0.0857283296317721
2018-07-16,2.28516952,80.70007604794401,0.021092305492355516
2018-07-17,6.39960733,226.00021297675102,0.059068910054199224
2018-07-18,0.563505247,19.900018746230902,0.005201200485235446
2018-07-19,3.709506904,131.0001234626888,0.034239058485766034
2018-07-20,1.710337534,60.400056911949804,0.01578655826031234
2018-07-21,0.716416219,25.3000238491193,0.006612581525604398
2018-07-22,0.396435852,14.0000131826244,0.003659136018279395
2018-07-23,0.515366608,18.2000171515376,0.004756876827455248
2018-07-24,0.122611946,4.3300040894062,0.001131718500273099
2018-07-25,0.11071887,3.910003678389,0.0010219444156634803
2018-07-26,1.064713432,37.6000354370504,0.009827393886103595
2018-07-27,1.033564901,36.50003440934471,0.009539890343919949
2018-07-28,0.707921165,25.0000235656255,0.006534171467806124
2018-07-29,0.656950841,23.200021864662702,0.006063711121016472
2018-07-30,0.080703013,2.8500026931911004,0.000744895549083614
2018-07-31,0.029166352,1.0300009709744,0.0002692078644920724
2018-08-01,0.000849505,0.0300000142235,7.841002087794113e-06
2018-08-02,0.003964359,0.1400001487773,3.659136461323404e-05
2018-08-03,0.000283168,0.0099999929696,2.613664285903536e-06
2018-08-04,0.12544363,4.430004160361,0.0011578551800524683
2018-08-05,0.046439628,1.6400015309316,0.00042864164437452624
2018-08-06,0.001982179,0.07000005673130001,1.8295677691575268e-05
2018-08-07,0.000849505,0.0300000142235,7.841002087794113e-06
2018-08-08,0.000283168,0.0099999929696,2.613664285903536e-06
2018-08-09,,,
2018-08-10,,,
2018-08-11,,,
2018-08-12,,,
2018-08-13,,,
2018-08-14,,,
2018-08-15,,,
2018-08-16,,,
2018-08-17,,,
2018-08-18,,,
2018-08-19,,,
2018-08-20,0.118930756,4.2000039689132,0.001097740809175852
2018-08-21,1.311069997,46.3000436230559,0.012101285553023491
2018-08-22,1.577248355,55.700052482318505,0.01455813402454939
2018-08-23,1.022238162,36.10003401958141,0.009435343597112221
2018-08-24,1.127010494,39.800037492461804,0.010402400970470892
2018-08-25,0.147247602,5.2000048903494,0.001359107662350047
2018-08-26,0.058615872,2.0700019349184,0.0005410293932700484
2018-08-27,0.011609907,0.4100003827329,0.00010716041109363156
2018-08-28,0.001132674,0.0400000425078,1.0454675603781153e-05
2018-08-29,0.000283168,0.0099999929696,2.613664285903536e-06
2018-08-30,,,
2018-08-31,,,
2018-09-01,,,
2018-09-02,,,
2018-09-03,1.500792869,53.000049930874304,0.013852443504364915
2018-09-04,0.282885297,9.990009397965899,0.002611054913606462
2018-09-05,0.073623801,2.6000024451747,0.0006795538311750235
2018-09-06,0.043607944,1.5400014599768002,0.00040250496459515693
2018-09-07,0.016140603,0.5700005527641,0.0001489791135087562
2018-09-08,0.008778222,0.31000027646340006,8.102372208417869e-05
2018-09-09,0.006512875,0.2300002267625,6.011438010669987e-05
2018-09-10,0.004813864,0.1700001630008,4.4432366701028156e-05
2018-09-11,0.003398022,0.12000012752340002,3.136402681134346e-05
2018-09-12,0.002265348,0.0800000850156,2.0909351207562306e-05
2018-09-13,0.001132674,0.0400000425078,1.0454675603781153e-05
2018-09-14,,,
2018-09-15,,,
2018-09-16,,,
2018-09-17,,,
2018-09-18,,,
2018-09-19,,,
2018-09-20,,,
2018-09-21,,,
2018-09-22,,,
2018-09-23,,,
2018-09-24,,,
2018-09-25,,,
2018-09-26,,,
2018-09-27,,,
2018-09-28,,,
2018-09-29,,,
2018-09-30,,,
2018-10-01,,,
2018-10-02,,,
2018-10-03,,,
2018-10-04,,,
2018-10-05,3.794457443,134.0001262623121,0.03502315905451871
2018-10-06,0.515366608,18.2000171515376,0.004756876827455248
2018-10-07,0.957109415,33.8000318579005,0.008834199823735471
2018-10-08,2.256852673,79.7000750911931,0.020830938629951234
2018-10-09,0.872158875,30.8000290229625,0.00805009924575272
2018-10-10,0.57766367,20.400019206949,0.005331883911822543
2018-10-11,0.247772408,8.750008256797601,0.0022869600160396637
2018-10-12,0.157441667,5.5600052376049005,0.0014531997335539939
2018-10-13,0.19198822,6.780006392834,0.0017720673025489848
2018-10-14,0.22511893,7.950007477271,0.002077866522424208
2018-10-15,0.10703768,3.7800035578960003,0.0009879667245662335
2018-10-16,0.067110926,2.3700022184122003,0.0006194394510683236
2018-10-17,0.846673713,29.900028172481104,0.007814869072357896
2018-10-18,1.333723474,47.1000443672678,0.012310379037408864
2018-10-19,0.433247753,15.3000144228691,0.003998912938481949
2018-10-20,0.209261496,7.3900069527912,0.0019315010824314388
2018-10-21,0.085233708,3.0100028279076003,0.0007867142422686551
2018-10-22,0.075322812,2.6600025089364,0.0006952358445806952
2018-10-23,1.200634296,42.400039972951205,0.011081954810875998
2018-10-24,2.432417122,85.9000809382934,0.02245141315470556
2018-10-25,2.112436756,74.60007030711321,0.019497967656610642
2018-10-26,0.286000151,10.1000095325197,0.002639805276131902
2018-10-27,0.074756475,2.6400024876825,0.0006900085067788047
2018-10-28,0.044457449,1.5700014742003001,0.00041034596668295103
2018-10-29,0.033130711,1.1700011197517002,0.0003057992291053065
2018-10-30,0.024635657,0.8700008362579,0.00022738917130703132
2018-10-31,0.043324775,1.5300014316925001,0.00039989129107916987
2018-11-01,0.297326889,10.5000098869683,0.0027443520137095463
2018-11-02,0.17896247,6.3200059393090005,0.0016518385423355854
2018-11-03,0.080419844,2.8400026649068004,0.0007422818755676269
2018-11-04,0.039643585,1.4000013111995002,0.00036591359998192286
2018-11-05,0.02944952,1.040000963944,0.000271821528777976
2018-11-06,0.027467341,0.9700009072127,0.0002535258510864007
2018-11-07,0.024635657,0.8700008362579,0.00022738917130703132
2018-11-08,0.016140603,0.5700005527641,0.0001489791135087562
2018-11-09,0.02208714,0.780000722958,0.000203866146583482
2018-11-10,0.014158423,0.5000004607181,0.00013068342658709742
2018-11-11,0.014158423,0.5000004607181,0.00013068342658709742
2018-11-12,0.006229706,0.22000019847820002,5.750070659071284e-05
2018-11-13,0.004247527,0.15000014174690002,3.9205028899137574e-05
2018-11-14,0.004813864,0.1700001630008,4.4432366701028156e-05
2018-11-15,0.001415842,0.05000003547740001,1.306833988968469e-05
2018-11-16,0.018972287,0.6700006237189001,0.00017511579328812558
2018-11-17,0.012742581,0.4500004252407,0.00011761508669741271
2018-11-18,0.040776259,1.4400013537073002,0.000376368275585704
2018-11-19,0.076172317,2.6900025231599,0.0007030768466684893
2018-11-20,0.047855471,1.6900016017237,0.00044170999349429446
2018-11-21,0.023786151,0.8400007867197,0.0002195481599891537
2018-11-22,0.016990108,0.6000005669876001,0.0001568201155965503
2018-11-23,0.022653477,0.8000007442119001,0.00020909348438537256
2018-11-24,0.02038813,0.720000694511,0.00018818414240789376
2018-11-25,0.191421883,6.7600063715801,0.0017668399647470944
2018-11-26,0.193404062,6.8300064283114,0.0017851356424386695
2018-11-27,0.23446349,8.280007810303001,0.0021641175915403607
2018-11-28,0.049271313,1.7400016372011,0.0004547783333839791
2018-11-29,0.023502983,0.8300007937501,0.00021693449570325018
2018-11-30,0.029732689,1.0500009922283,0.000274435202293963
2018-12-01,0.06088122,2.150002019934,0.0005619387444776107
2018-12-02,0.095144605,3.3600031821935,0.0008781926491866983
2018-12-03,0.210960507,7.4500070165529,0.0019471830958371105
2018-12-04,0.065695084,2.3200021829348003,0.0006063711111786389
2018-12-05,0.03511289,1.2400011764830001,0.00032409490679688176
2018-12-06,0.030582194,1.0800010064518,0.00028227620438175716
2018-12-07,0.031148531,1.1000010277057,0.0002875035421836477
2018-12-08,0.043041607,1.5200014387229002,0.00039727762679326635
2018-12-09,0.037944574,1.3400012474378002,0.00035023158657625117
2018-12-10,0.042758438,1.5100014104386001,0.0003946639532772793
2018-12-11,0.039643585,1.4000013111995002,0.00036591359998192286
2018-12-12,0.035962395,1.2700011907065,0.0003319359088846759
2018-12-13,0.033413879,1.1800011127213001,0.00030841289339121
2018-12-14,0.031148531,1.1000010277057,0.0002875035421836477
2018-12-15,0.029732689,1.0500009922283,0.000274435202293963
2018-12-16,0.028316847,1.0000009567509,0.0002613668624042783
2018-12-17,0.026617836,0.9400008929892,0.0002456848489986066
2018-12-18,0.024918825,0.8800008292275,0.00023000283559293486
2018-12-19,0.023219814,0.8200007654658,0.00021432082218726312
2018-12-20,0.021520803,0.7600007017041001,0.0001986388087815914
2018-12-21,0.019538624,0.6900006449728001,0.00018034313109001614
2018-12-22,0.017839613,0.6300005812111,0.0001646611176843444
2018-12-23,0.016140603,0.5700005527641,0.0001489791135087562
2018-12-24,0.014441592,0.5100004890024,0.00013329710010308445
2018-12-25,0.013025749,0.4600004182103,0.00012022875098331625
2018-12-26,0.012459413,0.44000043227110003,0.0001150014224115092
2018-12-27,0.011609907,0.4100003827329,0.00010716041109363156
2018-12-28,0.011326739,0.40000038976330005,0.00010454674680772804
2018-12-29,0.010477233,0.37000034022510003,9.670573548985042e-05
2018-12-30,0.009910896,0.35000031897120004,9.147839768795984e-05
2018-12-31,0.009344559,0.33000029771730005,8.625105988606926e-05
2019-01-01,0.017556445,0.6200005882415001,0.00016204745339844088
2019-01-02,0.010477233,0.37000034022510003,9.670573548985042e-05
2019-01-03,0.002265348,0.0800000850156,2.0909351207562306e-05
2019-01-04,,,
2019-01-05,,,
2019-01-06,,,
2019-01-07,0.000849505,0.0300000142235,7.841002087794113e-06
2019-01-08,1.565921617,55.300052127869904,0.014453587286971747
2019-01-09,0.87499056,30.900029129232,0.008076235934762173
2019-01-10,0.739069696,26.100024593331202,0.006821675009989771
2019-01-11,0.114966397,4.0600038201359006,0.001061149444562618
2019-01-12,0.042192101,1.4900013891847002,0.00038943661547538876
2019-01-13,0.030299026,1.0700010134822,0.0002796625400958536
2019-01-14,0.103922827,3.6700034586569,0.0009592163712708769
2019-01-15,0.071075285,2.5100023671895,0.0006560308156815576
2019-01-16,0.730574642,25.8000243098374,0.006743264952191496
2019-01-17,1.540436455,54.400051277388506,0.01421835711357692
2019-01-18,2.446575546,86.40008143432621,0.02258209659052274
2019-01-19,1.469644338,51.9000489031686,0.013564939962181265
2019-01-20,0.504039869,17.8000167617743,0.00465233008064752
2019-01-21,0.532356716,18.8000177185252,0.004913696943051798
2019-01-22,0.276372423,9.7600092065181,0.0025509405427298457
2019-01-23,0.146681265,5.180004869095501,0.0013538803245481564
2019-01-24,0.314316997,11.1000104539559,0.0029011721293060967
2019-01-25,0.139885222,4.9400046493634004,0.0012911522801555529
2019-01-26,0.133089179,4.7000044296313,0.0012284242357629494
2019-01-27,0.059182209,2.0900019561723,0.0005462567310719389
2019-01-28,0.171033753,6.040005677069101,0.0015786558223392006
2019-01-29,0.239560522,8.4600079662734,0.0022111636225272922
2019-01-30,0.149229782,5.270004982395401,0.0013774033492717059
2019-01-31,0.311485313,11.0000103830011,0.0028750354495267272
2019-02-01,0.634297364,22.400021120450802,0.0058546176366311
2019-02-02,0.41342596,14.600013749612,0.0038159561338759456
2019-02-03,0.302990259,10.7000100995073,0.0027966253917284523
2019-02-04,0.242675375,8.5700080655125,0.0022399139758226484
2019-02-05,0.268160537,9.4700089159939,0.0024751441492174737
2019-02-06,0.148946613,5.260004954111101,0.0013747896757557185
2019-02-07,0.109303028,3.8600036429116003,0.0010088760757737958
2019-02-08,0.067110926,2.3700022184122003,0.0006194394510683236
2019-02-09,0.062297063,2.2000020907261,0.000575007093597379
2019-02-10,0.030582194,1.0800010064518,0.00028227620438175716
2019-02-11,0.034546553,1.2200011552291001,0.0003188675689949912
2019-02-12,0.02208714,0.780000722958,0.000203866146583482
2019-02-13,0.026901004,0.9500008859588001,0.00024829851328451015
2019-02-14,0.277505097,9.8000092490259,0.0025613952183336265
2019-02-15,8.325152898,294.0002770470006,0.07684185643924782
2019-02-16,2.112436756,74.60007030711321,0.019497967656610642
2019-02-17,0.968436153,34.2000322123491,0.008938746561313115
2019-02-18,0.475723023,16.8000158403381,0.004390963227473325
2019-02-19,0.230499131,8.1400076615257,0.0021275262269271266
2019-02-20,0.325643736,11.5000108437192,0.0030057188761138253
2019-02-21,0.095144605,3.3600031821935,0.0008781926491866983
2019-02-22,0.094861436,3.3500031539092,0.0008755789756707112
2019-02-23,0.102506985,3.6200034231795,0.0009461480313811922
2019-02-24,0.052102998,1.8400017434706,0.000480915022393432
2019-02-25,0.331307105,11.700011020943501,0.003057992244902647
2019-02-26,0.45590123,16.100015167081,0.004208006422867321
2019-02-27,1.636713733,57.8000544667751,0.015107004429137316
2019-02-28,2.916635199,103.0000970621253,0.02692078643997716
2019-03-01,2.333308159,82.4000776426373,0.02153662915013571
2019-03-02,1.16099071,41.000038626437004,0.010716041201663994
2019-03-03,1.022238162,36.10003401958141,0.009435343597112221
2019-03-04,5.210299773,184.0001733935631,0.04809150199013095
2019-03-05,3.936041676,139.0001309754372,0.03632999334807993
2019-03-06,0.586158724,20.700019490442802,0.005410293969620819
2019-03-07,0.319980366,11.300010631180202,0.0029534454980949193
2019-03-08,0.164804047,5.8200054785909,0.0015211551157484878
2019-03-09,0.220021898,7.7700073213006,0.0020308204914372763
2019-03-10,0.41908933,14.800013962151,0.003868229511894851
2019-03-11,0.265612021,9.380008838008699,0.002451621133724008
2019-03-12,0.314316997,11.1000104539559,0.0029011721293060967
2019-03-13,5.691686165,201.00018941112552,0.0525347385863931
2019-03-14,10.36396585,366.000344802995,0.09566027023699317
2019-03-15,2.372951744,83.8000789538368,0.021902542750117632
2019-03-16,0.385109114,13.6000128281758,0.0035545892807017504
2019-03-17,0.16423771,5.800005457337001,0.0015159277779465974
2019-03-18,0.059182209,2.0900019561723,0.0005462567310719389
2019-03-19,0.044740618,1.5800015024846001,0.00041295964019893804
2019-03-20,0.02576833,0.910000843451,0.00023784383768072896
2019-03-21,0.165370384,5.840005499844801,0.0015263824535503784
2019-03-22,0.221720909,7.8300073850623,0.002046502504842948
2019-03-23,0.166503058,5.880005542352601,0.0015368371291541595
2019-03-24,0.080419844,2.8400026649068004,0.0007422818755676269
2019-03-25,0.046722797,1.6500015592159003,0.00043125531789051335
2019-03-26,0.033413879,1.1800011127213001,0.00030841289339121
2019-03-27,0.029166352,1.0300009709744,0.0002692078644920724
2019-03-28,0.022370309,0.7900007512423001,0.00020647982009946902
2019-03-29,0.015291097,0.5400005032259,0.00014113810219087858
2019-03-30,0.013875255,0.49000046774850003,0.00012806976230119387
2019-03-31,0.013308918,0.4700004464946,0.0001228424244993033
2019-04-01,0.013308918,0.4700004464946,0.0001228424244993033
2019-04-02,0.013308918,0.4700004464946,0.0001228424244993033
2019-04-03,0.013308918,0.4700004464946,0.0001228424244993033
2019-04-04,0.013308918,0.4700004464946,0.0001228424244993033
2019-04-05,0.012742581,0.4500004252407,0.00011761508669741271
2019-04-06,0.012742581,0.4500004252407,0.00011761508669741271
2019-04-07,0.012742581,0.4500004252407,0.00011761508669741271
2019-04-08,0.012459413,0.44000043227110003,0.0001150014224115092
2019-04-09,0.012176244,0.4300004039868,0.00011238774889552213
2019-04-10,0.019255456,0.6800006520032,0.00017772946680411262
2019-04-11,0.014441592,0.5100004890024,0.00013329710010308445
2019-04-12,0.013025749,0.4600004182103,0.00012022875098331625
2019-04-13,0.016990108,0.6000005669876001,0.0001568201155965503
2019-04-14,0.010477233,0.37000034022510003,9.670573548985042e-05
2019-04-15,0.009344559,0.33000029771730005,8.625105988606926e-05
2019-04-16,0.009344559,0.33000029771730005,8.625105988606926e-05
2019-04-17,0.009910896,0.35000031897120004,9.147839768795984e-05
2019-04-18,0.009344559,0.33000029771730005,8.625105988606926e-05
2019-04-19,0.009344559,0.33000029771730005,8.625105988606926e-05
2019-04-20,0.052386166,1.8500017364402,0.00048352868667933557
2019-04-21,0.088348561,3.1200029271467002,0.0008154645955640114
2019-04-22,0.054368345,1.9200017931715,0.0005018243643709108
2019-04-23,0.02775051,0.9800009354970001,0.00025613952460238774
2019-04-24,0.02775051,0.9800009354970001,0.00025613952460238774
2019-04-25,0.014158423,0.5000004607181,0.00013068342658709742
2019-04-26,0.011609907,0.4100003827329,0.00010716041109363156
2019-04-27,0.011326739,0.40000038976330005,0.00010454674680772804
2019-04-28,0.010477233,0.37000034022510003,9.670573548985042e-05
2019-04-29,0.011326739,0.40000038976330005,0.00010454674680772804
2019-04-30,0.013592086,0.4800004394642,0.00012545608878520683
2019-05-01,0.011326739,0.40000038976330005,0.00010454674680772804
2019-05-02,0.011326739,0.40000038976330005,0.00010454674680772804
2019-05-03,0.010194065,0.3600003472555,9.409207120394688e-05
2019-05-04,0.010194065,0.3600003472555,9.409207120394688e-05
2019-05-05,0.007645549,0.2700002692703,7.056905571048104e-05
2019-05-06,0.006512875,0.2300002267625,6.011438010669987e-05
2019-05-07,0.006796043,0.2400002197321,6.272804439260342e-05
2019-05-08,0.008495054,0.30000028349380004,7.841005779827515e-05
2019-05-09,0.01472476,0.520000481972,0.000135910764388988
2019-05-10,0.688099372,24.300022892368403,0.00635121466320012
2019-05-11,1.854753452,65.5000617313444,0.017119529242883017
2019-05-12,1.175149134,41.5000391224698,0.010846724637481172
2019-05-13,0.279204107,9.8600092774729,0.002577077222509215
2019-05-14,0.088914898,3.1400029484006002,0.0008206919333659021
2019-05-15,0.039360417,1.3900013182299,0.0003632999356960193
2019-05-16,0.012459413,0.44000043227110003,0.0001150014224115092
2019-05-17,0.004530695,0.16000013471650001,4.181869318504111e-05
2019-05-18,0.004813864,0.1700001630008,4.4432366701028156e-05
2019-05-19,0.004247527,0.15000014174690002,3.9205028899137574e-05
2019-05-20,0.033130711,1.1700011197517002,0.0003057992291053065
2019-05-21,0.041059428,1.4500013819916002,0.00037898194910169103
2019-05-22,0.028033678,0.9900009284666,0.00025875318888829126
2019-05-23,0.062863399,2.2200020766653,0.000580234422169186
2019-05-24,0.21039417,7.430006995299,0.0019419557580352199
2019-05-25,0.186041682,6.570006187325401,0.0017171802602441758
2019-05-26,0.090897078,3.2100030404466002,0.0008389876202875608
2019-05-27,0.045873291,1.6200015096777,0.00042341430657263565
2019-05-28,0.020671298,0.7300006874806001,0.0001907978066937973
2019-05-29,0.007079212,0.25000024801640003,6.534171790859045e-05
2019-05-30,0.030865363,1.0900010347361,0.00028488987789774417
2019-05-31,0.054085177,1.9100018002019001,0.0004992107000850073
2019-06-01,0.003114853,0.11000009923910001,2.875035329535642e-05
2019-06-02,0.000283168,0.0099999929696,2.613664285903536e-06
2019-06-03,,,
2019-06-04,,,
2019-06-05,,,
2019-06-06,,,
2019-06-07,,,
2019-06-08,,,
2019-06-09,,,
2019-06-10,,,
2019-06-11,,,
2019-06-12,,,
2019-06-13,,,
2019-06-14,,,
2019-06-15,,,
2019-06-16,,,
2019-06-17,,,
2019-06-18,,,
2019-06-19,,,
2019-06-20,,,
2019-06-21,,,
2019-06-22,,,
2019-06-23,,,
2019-06-24,,,
2019-06-25,,,
2019-06-26,,,
2019-06-27,,,
2019-06-28,,,
2019-06-29,,,
2019-06-30,,,
2019-07-01,,,
2019-07-02,1.650872156,58.3000549274932,0.015237687855724415
2019-07-03,0.004813864,0.1700001630008,4.4432366701028156e-05
2019-07-04,,,
2019-07-05,,,
2019-07-06,,,
2019-07-07,,,
2019-07-08,,,
2019-07-09,,,
2019-07-10,,,
2019-07-11,,,
2019-07-12,,,
2019-07-13,,,
2019-07-14,,,
2019-07-15,,,
2019-07-16,,,
2019-07-17,,,
2019-07-18,,,
2019-07-19,,,
2019-07-20,,,
2019-07-21,,,
2019-07-22,,,
2019-07-23,,,
2019-07-24,,,
2019-07-25,,,
2019-07-26,1.557426563,55.0000518443761,0.01437517722917347
2019-07-27,0.707921165,25.0000235656255,0.006534171467806124
2019-07-28,0.138752548,4.9000046068556005,0.0012806976045517716
2019-07-29,0.045306955,1.6000015237385001,0.0004181869780008287
2019-07-30,0.009910896,0.35000031897120004,9.147839768795984e-05
2019-07-31,0.004813864,0.1700001630008,4.4432366701028156e-05
2019-08-01,4.275843835,151.0001422798745,0.03946639565078085
2019-08-02,0.733406327,25.900024416106902,0.006769401641200948
2019-08-03,0.130257494,4.600004323361801,0.0012022875467534964
2019-08-04,0.048988145,1.7300016442315,0.0004521646690980756
2019-08-05,0.004247527,0.15000014174690002,3.9205028899137574e-05
2019-08-06,,,
2019-08-07,,,
2019-08-08,,,
2019-08-09,,,
2019-08-10,,,
2019-08-11,,,
2019-08-12,,,
2019-08-13,,,
2019-08-14,,,
2019-08-15,,,
2019-08-16,,,
2019-08-17,,,
2019-08-18,,,
2019-08-19,,,
2019-08-20,,,
2019-08-21,,,
2019-08-22,,,
2019-08-23,,,
2019-08-24,,,
2019-08-25,,,
2019-08-26,,,
2019-08-27,,,
2019-08-28,,,
2019-08-29,,,
2019-08-30,,,
2019-08-31,,,
2019-09-01,,,
2019-09-02,,,
2019-09-03,,,
2019-09-04,,,
2019-09-05,,,
2019-09-06,,,
2019-09-07,,,
2019-09-08,,,
2019-09-09,,,
2019-09-10,,,
2019-09-11,,,
2019-09-12,,,
2019-09-13,,,
2019-09-14,,,
2019-09-15,,,
2019-09-16,,,
2019-09-17,,,
2019-09-18,0.532356716,18.8000177185252,0.004913696943051798
2019-09-19,0.261081326,9.220008703292201,0.0024098024405389672
2019-09-20,0.064845579,2.2900021687113004,0.0005985301090908448
2019-09-21,0.033697047,1.1900011056909001,0.0003110265576771135
2019-09-22,0.010194065,0.3600003472555,9.409207120394688e-05
2019-09-23,0.006512875,0.2300002267625,6.011438010669987e-05
2019-09-24,15.63089932,552.000520216004,0.1442745059796229
2019-09-25,4.700596534,166.0001564192498,0.04338689853146452
2019-09-26,0.221154572,7.8100073638084,0.002041275167041057
2019-09-27,0.065411916,2.3100021899652003,0.0006037574468927353
2019-09-28,0.024635657,0.8700008362579,0.00022738917130703132
2019-09-29,0.001982179,0.07000005673130001,1.8295677691575268e-05
2019-09-30,,,
2019-10-01,,,
2019-10-02,,,
2019-10-03,,,
2019-10-04,,,
2019-10-05,,,
2019-10-06,,,
2019-10-07,,,
2019-10-08,,,
2019-10-09,,,
2019-10-10,,,
2019-10-11,,,
2019-10-12,,,
2019-10-13,,,
2019-10-14,,,
2019-10-15,,,
2019-10-16,,,
2019-10-17,,,
2019-10-18,,,
2019-10-19,,,
2019-10-20,,,
2019-10-21,,,
2019-10-22,,,
2019-10-23,,,
2019-10-24,,,
2019-10-25,,,
2019-10-26,,,
2019-10-27,,,
2019-10-28,,,
2019-10-29,,,
2019-10-30,,,
2019-10-31,,,
2019-11-01,,,
2019-11-02,,,
2019-11-03,,,
2019-11-04,,,
2019-11-05,,,
2019-11-06,,,
2019-11-07,,,
2019-11-08,,,
2019-11-09,,,
2019-11-10,0.001415842,0.05000003547740001,1.306833988968469e-05
2019-11-11,0.001415842,0.05000003547740001,1.306833988968469e-05
2019-11-12,0.001699011,0.06000006376170001,1.568201340567173e-05
2019-11-13,0.001699011,0.06000006376170001,1.568201340567173e-05
2019-11-14,0.003114853,0.11000009923910001,2.875035329535642e-05
2019-11-15,0.001699011,0.06000006376170001,1.568201340567173e-05
2019-11-16,0.00368119,0.130000120493,3.3977691097247e-05
2019-11-17,0.002831685,0.10000010626950001,2.6136689009452884e-05
2019-11-18,0.003398022,0.12000012752340002,3.136402681134346e-05
2019-11-19,0.007928717,0.28000026223990004,7.318271999638457e-05
2019-11-20,0.026334667,0.9300008647049001,0.00024307117548261952
2019-11-21,0.02944952,1.040000963944,0.000271821528777976
2019-11-22,0.037661406,1.3300012544682,0.0003476179222903476
2019-11-23,0.054085177,1.9100018002019001,0.0004992107000850073
2019-11-24,0.058899041,2.0800019632027,0.0005436430667860355
2019-11-25,0.050120818,1.7700016514246,0.0004626193354717732
2019-11-26,0.045306955,1.6000015237385001,0.0004181869780008287
2019-11-27,0.032564374,1.1500010984978,0.0003005718913034159
2019-11-28,0.036811901,1.3000012402447,0.0003397769202025535
2019-11-29,0.044740618,1.5800015024846001,0.00041295964019893804
2019-11-30,1.098693648,38.8000365710256,0.010141034117296695
2019-12-01,1.432832438,50.6000476982386,0.013225163051208796
2019-12-02,0.605980517,21.4000201636999,0.005593250774226821
2019-12-03,0.146964434,5.190004897379801,0.0013564939980641433
2019-12-04,0.181227818,6.4000060243246,0.0016727478935431475
2019-12-05,0.225402099,7.9600075055553,0.002080480195940195
2019-12-06,0.211810013,7.4800070660911,0.001955024107154988
2019-12-07,0.213225855,7.5300071015685,0.0019680924470446724
2019-12-08,0.387940798,13.7000128991306,0.00358072596048112
2019-12-09,0.676772634,23.9000225379198,0.006246667925622475
2019-12-10,0.787208335,27.8000261880245,0.007265998667769968
2019-12-11,0.402099222,14.2000133951634,0.003711409396298301
2019-12-12,0.172449596,6.090005747861201,0.001591724171458969
2019-12-13,0.12176244,4.300004039868,0.0011238774889552215
2019-12-14,0.154043645,5.440005110081501,0.0014218357067426505
2019-12-15,0.171316922,6.050005705353401,0.0015812694958551878
2019-12-16,0.124027788,4.3800041248836,0.0011447868401627836
2019-12-17,0.063146568,2.2300021049496,0.0005828480956851731
2019-12-18,0.054651514,1.9300018214558001,0.0005044380378868979
2019-12-19,0.028600015,1.0100009497205,0.0002639805266901819
2019-12-20,0.028033678,0.9900009284666,0.00025875318888829126
2019-12-21,0.028316847,1.0000009567509,0.0002613668624042783
2019-12-22,0.013875255,0.49000046774850003,0.00012806976230119387
2019-12-23,0.045590123,1.6100015167081,0.0004208006422867322
2019-12-24,0.055217851,1.9500018427097001,0.0005096653756887884
2019-12-25,0.059465378,2.1000019844566,0.000548870404587926
2019-12-26,0.045873291,1.6200015096777,0.00042341430657263565
2019-12-27,0.147813939,5.220004911603301,0.0013643350001519376
2019-12-28,0.143000075,5.0500047486025,0.0013199026334509093
2019-12-29,0.052669335,1.8600017647245,0.0004861423601953226
2019-12-30,0.064845579,2.2900021687113004,0.0005985301090908448
2019-12-31,0.095710941,3.3800031681327,0.0008834199777585053
2020-01-01,0.054651514,1.9300018214558001,0.0005044380378868979
2020-01-02,0.064279242,2.2700021474574,0.0005933027712889541
2020-01-03,0.072491127,2.5600024026669,0.0006690991555712423
2020-01-04,0.056916862,2.0100019064714,0.0005253473890944601
2020-01-05,0.05720003,2.020001899441,0.0005279610533803638
2020-01-06,0.055784188,1.9700018639636,0.0005148927134906791
2020-01-07,0.045873291,1.6200015096777,0.00042341430657263565
2020-01-08,0.037944574,1.3400012474378002,0.00035023158657625117
2020-01-09,0.039643585,1.4000013111995002,0.00036591359998192286
2020-01-10,0.032564374,1.1500010984978,0.0003005718913034159
2020-01-11,0.021237635,0.7500007087345001,0.00019602514449568788
2020-01-12,0.030582194,1.0800010064518,0.00028227620438175716
2020-01-13,0.034546553,1.2200011552291001,0.0003188675689949912
2020-01-14,0.037378238,1.3200012614986,0.00034500425800444403
2020-01-15,0.060314883,2.1300019986801,0.0005567114066757202
2020-01-16,0.052386166,1.8500017364402,0.00048352868667933557
2020-01-17,0.061730726,2.1800020694722,0.0005697797557954883
2020-01-18,0.04247527,1.5000014174690002,0.00039205028899137577
2020-01-19,0.042758438,1.5100014104386001,0.0003946639532772793
2020-01-20,0.060031715,2.1200020057105,0.0005540977423898166
2020-01-21,0.128558484,4.5400042949148,0.0011866055425779082
2020-01-22,2.916635199,103.0000970621253,0.02692078643997716
2020-01-23,1.364872006,48.2000454302882,0.012597882588822594
2020-01-24,0.543683455,19.200018108288504,0.005018243689859526
2020-01-25,0.410594276,14.5000136786572,0.0037898194540965766
2020-01-26,0.342633844,12.100011410706802,0.0031625389917103756
2020-01-27,0.342633844,12.100011410706802,0.0031625389917103756
2020-01-28,2.57683304,91.000085757688,0.023784384137276238
2020-01-29,0.795703389,28.1000264715183,0.007344408725568245
2020-01-30,0.294495205,10.4000098160135,0.002718215333930177
2020-01-31,0.13478819,4.760004493393001,0.0012441062491686213
2020-02-01,0.095427773,3.3700031751631,0.0008808063134726018
2020-02-02,0.070508948,2.4900023459356,0.0006508034778796671
2020-02-03,0.146114928,5.1600048478416,0.0013486529867462657
2020-02-04,0.132522842,4.680004408377401,0.001223196897961059
2020-02-05,0.031998037,1.1300010772439,0.00029534455350152533
2020-02-06,0.021520803,0.7600007017041001,0.0001986388087815914
2020-02-07,0.023502983,0.8300007937501,0.00021693449570325018
2020-02-08,0.023219814,0.8200007654658,0.00021432082218726312
2020-02-09,0.06088122,2.150002019934,0.0005619387444776107
2020-02-10,0.074190138,2.6200024664286,0.000684781168976914
2020-02-11,0.07192479,2.540002381413,0.0006638718177693518
2020-02-12,0.044740618,1.5800015024846001,0.00041295964019893804
2020-02-13,0.037661406,1.3300012544682,0.0003476179222903476
2020-02-14,0.030015857,1.0600009851979,0.0002770488665798665
2020-02-15,0.030015857,1.0600009851979,0.0002770488665798665
2020-02-16,0.049554482,1.7500016654854,0.00045739200689996615
2020-02-17,0.060598052,2.1400020269644,0.0005593250801917072
2020-02-18,0.050970324,1.8000017009628,0.00047046034678965083
2020-02-19,0.046722797,1.6500015592159003,0.00043125531789051335
2020-02-20,0.043891112,1.5500014529464001,0.00040511862888106045
2020-02-21,0.034829721,1.2300011481987,0.0003214812332808947
2020-02-22,0.039360417,1.3900013182299,0.0003632999356960193
2020-02-23,0.050970324,1.8000017009628,0.00047046034678965083
2020-02-24,0.065411916,2.3100021899652003,0.0006037574468927353
2020-02-25,0.087782224,3.1000029058928003,0.0008102372577621209
2020-02-26,0.069376274,2.4500023034278002,0.0006403488022758858
2020-02-27,0.04247527,1.5000014174690002,0.00039205028899137577
2020-02-28,0.041342596,1.4600013749612002,0.0003815956133875946
2020-02-29,0.039926754,1.4100013394838002,0.0003685272734979099
2020-03-01,0.056350525,1.9900018852175,0.0005201200512925697
2020-03-02,0.054934682,1.9400018144254,0.0005070517021728014
2020-03-03,0.050970324,1.8000017009628,0.00047046034678965083
2020-03-04,0.044740618,1.5800015024846001,0.00041295964019893804
2020-03-05,0.038227743,1.3500012757221,0.0003528452600922382
2020-03-06,0.032281205,1.1400010702135002,0.0002979582177874289
2020-03-07,0.025485162,0.9000008504814,0.00023523017339482542
2020-03-08,0.042758438,1.5100014104386001,0.0003946639532772793
2020-03-09,0.039077248,1.3800012899456002,0.0003606862621800323
2020-03-10,0.040493091,1.4300013607377002,0.0003737546112998005
2020-03-11,0.043891112,1.5500014529464001,0.00040511862888106045
2020-03-12,0.045590123,1.6100015167081,0.0004208006422867322
2020-03-13,0.080986181,2.8600026861607004,0.0007475092133695174
2020-03-14,0.237012006,8.3700078882882,0.0021876406070338262
2020-03-15,0.256267462,9.050008540291401,0.002365370073837939
2020-03-16,0.10335649,3.650003437403,0.0009539890334689864
2020-03-17,0.065978253,2.3300022112191003,0.0006089847846946259
2020-03-18,0.052386166,1.8500017364402,0.00048352868667933557
2020-03-19,0.052952503,1.8700017576941,0.0004887560244812262
2020-03-20,0.404930906,14.3000134661182,0.00373754607607767
2020-03-21,0.41908933,14.800013962151,0.003868229511894851
2020-03-22,0.143000075,5.0500047486025,0.0013199026334509093
2020-03-23,0.07390697,2.610002473459,0.0006821675046910106
2020-03-24,0.052669335,1.8600017647245,0.0004861423601953226
2020-03-25,0.041342596,1.4600013749612002,0.0003815956133875946
2020-03-26,0.036245564,1.2800012189908,0.0003345495824006629
2020-03-27,0.039360417,1.3900013182299,0.0003632999356960193
2020-03-28,0.02944952,1.040000963944,0.000271821528777976
2020-03-29,0.02944952,1.040000963944,0.000271821528777976
2020-03-30,0.028033678,0.9900009284666,0.00025875318888829126
2020-03-31,0.026901004,0.9500008859588001,0.00024829851328451015
2020-04-01,0.026901004,0.9500008859588001,0.00024829851328451015
2020-04-02,0.02775051,0.9800009354970001,0.00025613952460238774
2020-04-03,0.026051499,0.9200008717353,0.000240457511196716
2020-04-04,0.02576833,0.910000843451,0.00023784383768072896
2020-04-05,0.025485162,0.9000008504814,0.00023523017339482542
2020-04-06,0.02406932,0.8500008150040002,0.00022216183350514076
2020-04-07,0.022936646,0.8100007724962001,0.00021170715790135963
2020-04-08,0.024635657,0.8700008362579,0.00022738917130703132
2020-04-09,0.024918825,0.8800008292275,0.00023000283559293486
2020-04-10,0.02406932,0.8500008150040002,0.00022216183350514076
2020-04-11,0.024352488,0.8600008079736,0.00022477549779104425
2020-04-12,0.024635657,0.8700008362579,0.00022738917130703132
2020-04-13,0.02406932,0.8500008150040002,0.00022216183350514076
2020-04-14,0.022936646,0.8100007724962001,0.00021170715790135963
2020-04-15,0.023502983,0.8300007937501,0.00021693449570325018
2020-04-16,0.02406932,0.8500008150040002,0.00022216183350514076
2020-04-17,0.023502983,0.8300007937501,0.00021693449570325018
2020-04-18,0.023502983,0.8300007937501,0.00021693449570325018
2020-04-19,0.023786151,0.8400007867197,0.0002195481599891537
2020-04-20,0.024352488,0.8600008079736,0.00022477549779104425
2020-04-21,0.026334667,0.9300008647049001,0.00024307117548261952
2020-04-22,0.026334667,0.9300008647049001,0.00024307117548261952
2020-04-23,0.023786151,0.8400007867197,0.0002195481599891537
2020-04-24,0.022370309,0.7900007512423001,0.00020647982009946902
2020-04-25,0.021520803,0.7600007017041001,0.0001986388087815914
2020-04-26,0.022936646,0.8100007724962001,0.00021170715790135963
2020-04-27,0.022653477,0.8000007442119001,0.00020909348438537256
2020-04-28,0.019821793,0.7000006732571,0.0001829568046060032
2020-04-29,0.020104961,0.7100006662267001,0.00018557046889190672
2020-04-30,0.02038813,0.720000694511,0.00018818414240789376
2020-05-01,0.019255456,0.6800006520032,0.00017772946680411262
2020-05-02,0.01472476,0.520000481972,0.000135910764388988
2020-05-03,0.008778222,0.31000027646340006,8.102372208417869e-05
2020-05-04,0.013308918,0.4700004464946,0.0001228424244993033
2020-05-05,0.012459413,0.44000043227110003,0.0001150014224115092
2020-05-06,0.016140603,0.5700005527641,0.0001489791135087562
2020-05-07,0.01472476,0.520000481972,0.000135910764388988
2020-05-08,0.012176244,0.4300004039868,0.00011238774889552213
2020-05-09,0.009627728,0.3400003260016,8.886473340205631e-05
2020-05-10,0.009344559,0.33000029771730005,8.625105988606926e-05
2020-05-11,0.010477233,0.37000034022510003,9.670573548985042e-05
2020-05-12,0.009910896,0.35000031897120004,9.147839768795984e-05
2020-05-13,0.009061391,0.3200003047477,8.363739560016573e-05
2020-05-14,0.006229706,0.22000019847820002,5.750070659071284e-05
2020-05-15,0.004247527,0.15000014174690002,3.9205028899137574e-05
2020-05-16,0.003114853,0.11000009923910001,2.875035329535642e-05
2020-05-17,0.001982179,0.07000005673130001,1.8295677691575268e-05
2020-05-18,0.000849505,0.0300000142235,7.841002087794113e-06
2020-05-19,0.000283168,0.0099999929696,2.613664285903536e-06
2020-05-20,,,
2020-05-21,,,
2020-05-22,,,
2020-05-23,,,
2020-05-24,,,
2020-05-25,,,
2020-05-26,,,
2020-05-27,,,
2020-05-28,,,
2020-05-29,,,
2020-05-30,,,
2020-05-31,,,
2020-06-01,,,
2020-06-02,,,
2020-06-03,,,
2020-06-04,,,
2020-06-05,,,
2020-06-06,0.052386166,1.8500017364402,0.00048352868667933557
2020-06-07,0.038227743,1.3500012757221,0.0003528452600922382
2020-06-08,0.005663369,0.2000001772243,5.227336878882226e-05
2020-06-09,0.001699011,0.06000006376170001,1.568201340567173e-05
2020-06-10,0.000566337,0.0200000212539,5.2273378018905765e-06
2020-06-11,,,
2020-06-12,,,
2020-06-13,,,
2020-06-14,,,
2020-06-15,,,
2020-06-16,,,
2020-06-17,,,
2020-06-18,,,
2020-06-19,,,
2020-06-20,,,
2020-06-21,,,
2020-06-22,,,
2020-06-23,,,
2020-06-24,,,
2020-06-25,,,
2020-06-26,,,
2020-06-27,,,
2020-06-28,,,
2020-06-29,,,
2020-06-30,,,
2020-07-01,,,
2020-07-02,,,
2020-07-03,,,
2020-07-04,,,
2020-07-05,,,
2020-07-06,,,
2020-07-07,,,
2020-07-08,,,
2020-07-09,,,
2020-07-10,,,
2020-07-11,,,
2020-07-12,,,
2020-07-13,,,
2020-07-14,,,
2020-07-15,,,
2020-07-16,,,
2020-07-17,,,
2020-07-18,,,
2020-07-19,,,
2020-07-20,,,
2020-07-21,,,
2020-07-22,,,
2020-07-23,,,
2020-07-24,,,
2020-07-25,,,
2020-07-26,0.283168466,10.0000094262502,0.002613668587122449
2020-07-27,0.317148682,11.200010560225401,0.00292730881831555
2020-07-28,5.181982926,183.0001724368122,0.04783013512772667
2020-07-29,1.628218679,57.5000541832813,0.01502859437133904
2020-07-30,0.088348561,3.1200029271467002,0.0008154645955640114
2020-07-31,0.011893076,0.42000041101720004,0.00010977408460961861
2020-08-01,,,
2020-08-02,,,
2020-08-03,,,
2020-08-04,,,
2020-08-05,,,
2020-08-06,,,
2020-08-07,,,
2020-08-08,,,
2020-08-09,,,
2020-08-10,,,
2020-08-11,,,
2020-08-12,,,
2020-08-13,,,
2020-08-14,,,
2020-08-15,,,
2020-08-16,,,
2020-08-17,,,
2020-08-18,,,
2020-08-19,,,
2020-08-20,,,
2020-08-21,,,
2020-08-22,,,
2020-08-23,,,
2020-08-24,,,
2020-08-25,,,
2020-08-26,,,
2020-08-27,,,
2020-08-28,,,
2020-08-29,,,
2020-08-30,,,
2020-08-31,,,
2020-09-01,,,
2020-09-02,,,
2020-09-03,,,
2020-09-04,,,
2020-09-05,,,
2020-09-06,,,
2020-09-07,,,
2020-09-08,,,
2020-09-09,,,
2020-09-10,,,
2020-09-11,,,
2020-09-12,,,
2020-09-13,,,
2020-09-14,,,
2020-09-15,,,
2020-09-16,,,
2020-09-17,,,
2020-09-18,,,
2020-09-19,,,
2020-09-20,,,
2020-09-21,,,
2020-09-22,,,
2020-09-23,,,
2020-09-24,,,
2020-09-25,,,
2020-09-26,,,
2020-09-27,,,
2020-09-28,,,
2020-09-29,,,
2020-09-30,,,
2020-10-01,,,
2020-10-02,,,
2020-10-03,,,
2020-10-04,,,
2020-10-05,,,
2020-10-06,,,
2020-10-07,,,
2020-10-08,,,
2020-10-09,,,
2020-10-10,,,
2020-10-11,,,
2020-10-12,,,
2020-10-13,,,
2020-10-14,,,
2020-10-15,,,
2020-10-16,,,
2020-10-17,,,
2020-10-18,,,
2020-10-19,,,
2020-10-20,,,
2020-10-21,,,
2020-10-22,,,
2020-10-23,,,
2020-10-24,,,
2020-10-25,,,
2020-10-26,,,
2020-10-27,,,
2020-10-28,,,
2020-10-29,,,
2020-10-30,,,
2020-10-31,,,
2020-11-01,,,
2020-11-02,,,
2020-11-03,,,
2020-11-04,,,
2020-11-05,,,
2020-11-06,,,
2020-11-07,,,
2020-11-08,,,
2020-11-09,,,
2020-11-10,,,
2020-11-11,,,
2020-11-12,,,
2020-11-13,,,
2020-11-14,,,
2020-11-15,,,
2020-11-16,,,
2020-11-17,,,
2020-11-18,,,
2020-11-19,,,
2020-11-20,,,
2020-11-21,,,
2020-11-22,,,
2020-11-23,,,
2020-11-24,,,
2020-11-25,,,
2020-11-26,,,
2020-11-27,,,
2020-11-28,,,
2020-11-29,,,
2020-11-30,,,
2020-12-01,,,
2020-12-02,,,
2020-12-03,,,
2020-12-04,,,
2020-12-05,,,
2020-12-06,,,
2020-12-07,,,
2020-12-08,,,
2020-12-09,,,
2020-12-10,,,
2020-12-11,,,
2020-12-12,,,
2020-12-13,,,
2020-12-14,,,
2020-12-15,,,
2020-12-16,,,
2020-12-17,,,
2020-12-18,,,
2020-12-19,,,
2020-12-20,,,
2020-12-21,,,
2020-12-22,,,
2020-12-23,,,
2020-12-24,,,
2020-12-25,,,
2020-12-26,,,
2020-12-27,,,
2020-12-28,,,
2020-12-29,,,
2020-12-30,0.000566337,0.0200000212539,5.2273378018905765e-06
2020-12-31,0.019821793,0.7000006732571,0.0001829568046060032
2021-01-01,0.004813864,0.1700001630008,4.4432366701028156e-05
2021-01-02,0.002548516,0.0900000779852,2.3523015493465843e-05
2021-01-03,0.002831685,0.10000010626950001,2.6136689009452884e-05
2021-01-04,0.003398022,0.12000012752340002,3.136402681134346e-05
2021-01-05,0.004813864,0.1700001630008,4.4432366701028156e-05
2021-01-06,0.004530695,0.16000013471650001,4.181869318504111e-05
2021-01-07,0.005097032,0.1800001559704,4.7046030986931686e-05
2021-01-08,0.004247527,0.15000014174690002,3.9205028899137574e-05
2021-01-09,0.004813864,0.1700001630008,4.4432366701028156e-05
2021-01-10,0.004530695,0.16000013471650001,4.181869318504111e-05
2021-01-11,0.004813864,0.1700001630008,4.4432366701028156e-05
2021-01-12,0.004813864,0.1700001630008,4.4432366701028156e-05
2021-01-13,0.004530695,0.16000013471650001,4.181869318504111e-05
2021-01-14,0.005380201,0.19000018425470003,4.965970450291873e-05
2021-01-15,0.005663369,0.2000001772243,5.227336878882226e-05
2021-01-16,0.010477233,0.37000034022510003,9.670573548985042e-05
2021-01-17,0.012742581,0.4500004252407,0.00011761508669741271
2021-01-18,0.016990108,0.6000005669876001,0.0001568201155965503
2021-01-19,0.02038813,0.720000694511,0.00018818414240789376
2021-01-20,0.020104961,0.7100006662267001,0.00018557046889190672
2021-01-21,0.021520803,0.7600007017041001,0.0001986388087815914
2021-01-22,0.020954466,0.7400006804502001,0.00019341147097970085
2021-01-23,0.02944952,1.040000963944,0.000271821528777976
2021-01-24,0.100241637,3.5400033381639,0.00092523868017363
2021-01-25,0.14215057,5.020004734379,0.0013120616313631152
2021-01-26,0.399267537,14.100013288893901,0.0036852727072888484
2021-01-27,0.37661406,13.300012544682,0.003476179222903476
2021-01-28,0.075322812,2.6600025089364,0.0006952358445806952
2021-01-29,0.057483199,2.0300019277253,0.0005305747268963507
2021-01-30,0.032564374,1.1500010984978,0.0003005718913034159
2021-01-31,0.023502983,0.8300007937501,0.00021693449570325018
2021-02-01,0.059748546,2.1100019774262,0.0005514840688738296
2021-02-02,0.131673337,4.650004394153901,0.0012153558958732649
2021-02-03,0.144982255,5.120004840648501,0.0013381983203725682
2021-02-04,0.220305066,7.7800073142702,0.0020334341557231798
2021-02-05,0.244091218,8.6200081363046,0.002252982324942417
2021-02-06,0.122611946,4.3300040894062,0.001131718500273099
2021-02-07,0.119213924,4.2100039618828005,0.0011003544734617557
2021-02-08,0.101091142,3.5700033523874,0.0009330796822614242
2021-02-09,0.105055501,3.7100035011647,0.0009696710468746582
2021-02-10,0.091746583,3.2400030546701,0.0008468286223753549
2021-02-11,0.108736691,3.8400036216577003,0.0010036487379719052
2021-02-12,0.094295099,3.3300031326553,0.0008703516378688207
2021-02-13,0.045873291,1.6200015096777,0.00042341430657263565
2021-02-14,0.04615646,1.6300015379620003,0.0004260279800886228
2021-02-15,0.04615646,1.6300015379620003,0.0004260279800886228
2021-02-16,0.054934682,1.9400018144254,0.0005070517021728014
2021-02-17,0.048704976,1.7200016159472,0.0004495509955820885
2021-02-18,0.035396058,1.2500011694526,0.00032670857108278527
2021-02-19,0.032564374,1.1500010984978,0.0003005718913034159
2021-02-20,0.033413879,1.1800011127213001,0.00030841289339121
2021-02-21,0.02944952,1.040000963944,0.000271821528777976
2021-02-22,0.030582194,1.0800010064518,0.00028227620438175716
2021-02-23,0.038227743,1.3500012757221,0.0003528452600922382
2021-02-24,0.033697047,1.1900011056909001,0.0003110265576771135
2021-02-25,0.032847542,1.1600010914674002,0.00030318555558931943
2021-02-26,0.035396058,1.2500011694526,0.00032670857108278527
2021-02-27,0.026617836,0.9400008929892,0.0002456848489986066
2021-02-28,0.025201993,0.8900008221971,0.0002326164998788384
2021-03-01,0.024918825,0.8800008292275,0.00023000283559293486
2021-03-02,0.024635657,0.8700008362579,0.00022738917130703132
2021-03-03,0.02406932,0.8500008150040002,0.00022216183350514076
2021-03-04,0.024635657,0.8700008362579,0.00022738917130703132
2021-03-05,0.025201993,0.8900008221971,0.0002326164998788384
2021-03-06,0.028033678,0.9900009284666,0.00025875318888829126
2021-03-07,0.02944952,1.040000963944,0.000271821528777976
2021-03-08,0.028600015,1.0100009497205,0.0002639805266901819
2021-03-09,0.02406932,0.8500008150040002,0.00022216183350514076
2021-03-10,0.023786151,0.8400007867197,0.0002195481599891537
2021-03-11,0.02406932,0.8500008150040002,0.00022216183350514076
2021-03-12,0.023786151,0.8400007867197,0.0002195481599891537
2021-03-13,0.023786151,0.8400007867197,0.0002195481599891537
2021-03-14,0.02944952,1.040000963944,0.000271821528777976
2021-03-15,0.038510911,1.3600012686917002,0.0003554589243781417
2021-03-16,0.035679227,1.2600011977369001,0.0003293222445987723
2021-03-17,0.02775051,0.9800009354970001,0.00025613952460238774
2021-03-18,0.026051499,0.9200008717353,0.000240457511196716
2021-03-19,0.022370309,0.7900007512423001,0.00020647982009946902
2021-03-20,0.026617836,0.9400008929892,0.0002456848489986066
2021-03-21,0.022653477,0.8000007442119001,0.00020909348438537256
2021-03-22,0.022653477,0.8000007442119001,0.00020909348438537256
2021-03-23,0.022653477,0.8000007442119001,0.00020909348438537256
2021-03-24,0.026901004,0.9500008859588001,0.00024829851328451015
2021-03-25,0.023786151,0.8400007867197,0.0002195481599891537
2021-03-26,0.05351884,1.8900017789480001,0.0004939833622831167
2021-03-27,0.044457449,1.5700014742003001,0.00041034596668295103
2021-03-28,0.101940648,3.6000034019256,0.0009409206935793017
2021-03-29,0.063146568,2.2300021049496,0.0005828480956851731
2021-03-30,0.042192101,1.4900013891847002,0.00038943661547538876
2021-03-31,0.024635657,0.8700008362579,0.00022738917130703132
2021-04-01,0.017556445,0.6200005882415001,0.00016204745339844088
2021-04-02,0.014441592,0.5100004890024,0.00013329710010308445
2021-04-03,0.013025749,0.4600004182103,0.00012022875098331625
2021-04-04,0.011326739,0.40000038976330005,0.00010454674680772804
2021-04-05,0.009910896,0.35000031897120004,9.147839768795984e-05
2021-04-06,0.009344559,0.33000029771730005,8.625105988606926e-05
2021-04-07,0.009344559,0.33000029771730005,8.625105988606926e-05
2021-04-08,0.009061391,0.3200003047477,8.363739560016573e-05
2021-04-09,0.006512875,0.2300002267625,6.011438010669987e-05
2021-04-10,0.006512875,0.2300002267625,6.011438010669987e-05
2021-04-11,0.006796043,0.2400002197321,6.272804439260342e-05
2021-04-12,0.006796043,0.2400002197321,6.272804439260342e-05
2021-04-13,0.006512875,0.2300002267625,6.011438010669987e-05
2021-04-14,0.005380201,0.19000018425470003,4.965970450291873e-05
2021-04-15,0.003114853,0.11000009923910001,2.875035329535642e-05
2021-04-16,0.004247527,0.15000014174690002,3.9205028899137574e-05
2021-04-17,0.006512875,0.2300002267625,6.011438010669987e-05
2021-04-18,0.006512875,0.2300002267625,6.011438010669987e-05
2021-04-19,0.005663369,0.2000001772243,5.227336878882226e-05
2021-04-20,0.003398022,0.12000012752340002,3.136402681134346e-05
2021-04-21,0.008778222,0.31000027646340006,8.102372208417869e-05
2021-04-22,0.005663369,0.2000001772243,5.227336878882226e-05
2021-04-23,0.005097032,0.1800001559704,4.7046030986931686e-05
2021-04-24,0.006512875,0.2300002267625,6.011438010669987e-05
2021-04-25,0.004247527,0.15000014174690002,3.9205028899137574e-05
2021-04-26,0.00368119,0.130000120493,3.3977691097247e-05
2021-04-27,0.009627728,0.3400003260016,8.886473340205631e-05
2021-04-28,0.061730726,2.1800020694722,0.0005697797557954883
2021-04-29,0.009061391,0.3200003047477,8.363739560016573e-05
2021-04-30,0.005380201,0.19000018425470003,4.965970450291873e-05
2021-05-01,0.004813864,0.1700001630008,4.4432366701028156e-05
2021-05-02,0.003398022,0.12000012752340002,3.136402681134346e-05
2021-05-03,0.00368119,0.130000120493,3.3977691097247e-05
2021-05-04,0.005097032,0.1800001559704,4.7046030986931686e-05
2021-05-05,0.005097032,0.1800001559704,4.7046030986931686e-05
2021-05-06,0.002265348,0.0800000850156,2.0909351207562306e-05
2021-05-07,0.001699011,0.06000006376170001,1.568201340567173e-05
2021-05-08,0.001415842,0.05000003547740001,1.306833988968469e-05
2021-05-09,0.001132674,0.0400000425078,1.0454675603781153e-05
2021-05-10,0.001132674,0.0400000425078,1.0454675603781153e-05
2021-05-11,0.001132674,0.0400000425078,1.0454675603781153e-05
2021-05-12,0.001132674,0.0400000425078,1.0454675603781153e-05
2021-05-13,0.001132674,0.0400000425078,1.0454675603781153e-05
2021-05-14,0.001132674,0.0400000425078,1.0454675603781153e-05
2021-05-15,0.001132674,0.0400000425078,1.0454675603781153e-05
2021-05-16,0.001132674,0.0400000425078,1.0454675603781153e-05
2021-05-17,0.001132674,0.0400000425078,1.0454675603781153e-05
2021-05-18,0.001132674,0.0400000425078,1.0454675603781153e-05
2021-05-19,0.001415842,0.05000003547740001,1.306833988968469e-05
2021-05-20,0.001132674,0.0400000425078,1.0454675603781153e-05
2021-05-21,0.001415842,0.05000003547740001,1.306833988968469e-05
2021-05-22,0.001132674,0.0400000425078,1.0454675603781153e-05
2021-05-23,0.001132674,0.0400000425078,1.0454675603781153e-05
2021-05-24,0.001132674,0.0400000425078,1.0454675603781153e-05
2021-05-25,0.001132674,0.0400000425078,1.0454675603781153e-05
2021-05-26,0.001132674,0.0400000425078,1.0454675603781153e-05
2021-05-27,0.001132674,0.0400000425078,1.0454675603781153e-05
2021-05-28,0.001132674,0.0400000425078,1.0454675603781153e-05
2021-05-29,0.001132674,0.0400000425078,1.0454675603781153e-05
2021-05-30,0.001132674,0.0400000425078,1.0454675603781153e-05
2021-05-31,0.001132674,0.0400000425078,1.0454675603781153e-05
2021-06-01,0.001132674,0.0400000425078,1.0454675603781153e-05
2021-06-02,0.001132674,0.0400000425078,1.0454675603781153e-05
2021-06-03,0.001415842,0.05000003547740001,1.306833988968469e-05
2021-06-04,0.001415842,0.05000003547740001,1.306833988968469e-05
2021-06-05,0.001415842,0.05000003547740001,1.306833988968469e-05
2021-06-06,0.001415842,0.05000003547740001,1.306833988968469e-05
2021-06-07,0.001132674,0.0400000425078,1.0454675603781153e-05
2021-06-08,0.001132674,0.0400000425078,1.0454675603781153e-05
2021-06-09,0.001132674,0.0400000425078,1.0454675603781153e-05
2021-06-10,0.001132674,0.0400000425078,1.0454675603781153e-05
2021-06-11,0.001132674,0.0400000425078,1.0454675603781153e-05
2021-06-12,0.001415842,0.05000003547740001,1.306833988968469e-05
2021-06-13,0.001132674,0.0400000425078,1.0454675603781153e-05
2021-06-14,0.001132674,0.0400000425078,1.0454675603781153e-05
2021-06-15,0.001132674,0.0400000425078,1.0454675603781153e-05
2021-06-16,0.001132674,0.0400000425078,1.0454675603781153e-05
2021-06-17,0.001415842,0.05000003547740001,1.306833988968469e-05
2021-06-18,0.001415842,0.05000003547740001,1.306833988968469e-05
2021-06-19,0.001415842,0.05000003547740001,1.306833988968469e-05
2021-06-20,0.001415842,0.05000003547740001,1.306833988968469e-05
2021-06-21,0.001415842,0.05000003547740001,1.306833988968469e-05
2021-06-22,0.001415842,0.05000003547740001,1.306833988968469e-05
2021-06-23,0.001415842,0.05000003547740001,1.306833988968469e-05
2021-06-24,0.001415842,0.05000003547740001,1.306833988968469e-05
2021-06-25,0.001415842,0.05000003547740001,1.306833988968469e-05
2021-06-26,0.001415842,0.05000003547740001,1.306833988968469e-05
2021-06-27,0.001415842,0.05000003547740001,1.306833988968469e-05
2021-06-28,0.001415842,0.05000003547740001,1.306833988968469e-05
2021-06-29,0.001415842,0.05000003547740001,1.306833988968469e-05
2021-06-30,0.001415842,0.05000003547740001,1.306833988968469e-05
2021-07-01,0.001415842,0.05000003547740001,1.306833988968469e-05
2021-07-02,0.001415842,0.05000003547740001,1.306833988968469e-05
2021-07-03,0.001415842,0.05000003547740001,1.306833988968469e-05
2021-07-04,0.001699011,0.06000006376170001,1.568201340567173e-05
2021-07-05,0.001415842,0.05000003547740001,1.306833988968469e-05
2021-07-06,0.001415842,0.05000003547740001,1.306833988968469e-05
2021-07-07,0.001415842,0.05000003547740001,1.306833988968469e-05
2021-07-08,0.001415842,0.05000003547740001,1.306833988968469e-05
2021-07-09,0.001415842,0.05000003547740001,1.306833988968469e-05
2021-07-10,0.001415842,0.05000003547740001,1.306833988968469e-05
2021-07-11,0.001415842,0.05000003547740001,1.306833988968469e-05
2021-07-12,0.001415842,0.05000003547740001,1.306833988968469e-05
2021-07-13,0.001415842,0.05000003547740001,1.306833988968469e-05
2021-07-14,0.001415842,0.05000003547740001,1.306833988968469e-05
2021-07-15,0.001415842,0.05000003547740001,1.306833988968469e-05
2021-07-16,0.001415842,0.05000003547740001,1.306833988968469e-05
2021-07-17,0.001415842,0.05000003547740001,1.306833988968469e-05
2021-07-18,0.001415842,0.05000003547740001,1.306833988968469e-05
2021-07-19,0.001415842,0.05000003547740001,1.306833988968469e-05
2021-07-20,0.001415842,0.05000003547740001,1.306833988968469e-05
2021-07-21,,,
2021-07-22,,,
2021-07-23,1.217624403,43.0000405046241,0.011238774917242466
2021-07-24,2.245525935,79.3000747367445,0.02072639189237359
2021-07-25,3.73782375,132.000124384125,0.03450042533894023
2021-07-26,2.678773688,94.60008915961362,0.02472530483085554
2021-07-27,0.645624102,22.8000214748994,0.005959164374208744
2021-07-28,2.038812955,72.0000678619385,0.01881841382543562
2021-07-29,0.877822244,31.000029200186802,0.008102372614541541
2021-07-30,3.341387898,118.0001112015006,0.030841289320660836
2021-07-31,2.344634898,82.80007803240059,0.02164117589694344
2021-08-01,1.067545117,37.700035543319906,0.00985353057511305
2021-08-02,0.838178659,29.600027888987302,0.00773645901455962
2021-08-03,0.651287472,23.0000216874384,0.0060114377522276505
2021-08-04,0.071075285,2.5100023671895,0.0006560308156815576
2021-08-05,0.020954466,0.7400006804502001,0.00019341147097970085
2021-08-06,0.005663369,0.2000001772243,5.227336878882226e-05
2021-08-07,0.001415842,0.05000003547740001,1.306833988968469e-05
2021-08-08,0.001415842,0.05000003547740001,1.306833988968469e-05
2021-08-09,0.001415842,0.05000003547740001,1.306833988968469e-05
2021-08-10,0.001415842,0.05000003547740001,1.306833988968469e-05
2021-08-11,0.001415842,0.05000003547740001,1.306833988968469e-05
2021-08-12,0.001415842,0.05000003547740001,1.306833988968469e-05
2021-08-13,0.001415842,0.05000003547740001,1.306833988968469e-05
2021-08-14,0.001415842,0.05000003547740001,1.306833988968469e-05
2021-08-15,0.001415842,0.05000003547740001,1.306833988968469e-05
2021-08-16,0.001415842,0.05000003547740001,1.306833988968469e-05
2021-08-17,0.29166352,10.300009709744002,0.0026920786449207246
2021-08-18,2.888318352,102.00009610537441,0.026659419577572886
2021-08-19,4.049309063,143.0001347671261,0.03737546078846696
2021-08-20,0.32847542,11.600010914674002,0.0030318555558931947
2021-08-21,0.006229706,0.22000019847820002,5.750070659071284e-05
2021-08-22,0.001699011,0.06000006376170001,1.568201340567173e-05
2021-08-23,0.001415842,0.05000003547740001,1.306833988968469e-05
2021-08-24,0.001415842,0.05000003547740001,1.306833988968469e-05
2021-08-25,0.000283168,0.0099999929696,2.613664285903536e-06
2021-08-26,0.000283168,0.0099999929696,2.613664285903536e-06
2021-08-27,0.000283168,0.0099999929696,2.613664285903536e-06
2021-08-28,0.000283168,0.0099999929696,2.613664285903536e-06
2021-08-29,0.000283168,0.0099999929696,2.613664285903536e-06
2021-08-30,0.000283168,0.0099999929696,2.613664285903536e-06
2021-08-31,0.000283168,0.0099999929696,2.613664285903536e-06
2021-09-01,0.176697123,6.240005889608101,0.0016309292003581063
2021-09-02,7.050894801,249.00023462887472,0.06508034779719679
2021-09-03,5.436834546,192.0001809416262,0.05018243686167492
2021-09-04,0.084101034,2.9700027853998003,0.0007762595666648738
2021-09-05,0.007079212,0.25000024801640003,6.534171790859045e-05
2021-09-06,0.005097032,0.1800001559704,4.7046030986931686e-05
2021-09-07,0.002548516,0.0900000779852,2.3523015493465843e-05
2021-09-08,0.001699011,0.06000006376170001,1.568201340567173e-05
2021-09-09,0.001132674,0.0400000425078,1.0454675603781153e-05
2021-09-10,0.001132674,0.0400000425078,1.0454675603781153e-05
2021-09-11,0.001132674,0.0400000425078,1.0454675603781153e-05
2021-09-12,0.001132674,0.0400000425078,1.0454675603781153e-05
2021-09-13,0.001132674,0.0400000425078,1.0454675603781153e-05
2021-09-14,0.001132674,0.0400000425078,1.0454675603781153e-05
2021-09-15,0.001132674,0.0400000425078,1.0454675603781153e-05
2021-09-16,0.001132674,0.0400000425078,1.0454675603781153e-05
2021-09-17,0.001132674,0.0400000425078,1.0454675603781153e-05
2021-09-18,0.017839613,0.6300005812111,0.0001646611176843444
2021-09-19,0.001415842,0.05000003547740001,1.306833988968469e-05
2021-09-20,0.001132674,0.0400000425078,1.0454675603781153e-05
2021-09-21,0.001132674,0.0400000425078,1.0454675603781153e-05
2021-09-22,0.001132674,0.0400000425078,1.0454675603781153e-05
2021-09-23,0.001132674,0.0400000425078,1.0454675603781153e-05
2021-09-24,0.001132674,0.0400000425078,1.0454675603781153e-05
2021-09-25,0.001132674,0.0400000425078,1.0454675603781153e-05
2021-09-26,0.373782375,13.2000124384125,0.0034500425338940227
2021-09-27,1.500792869,53.000049930874304,0.013852443504364915
2021-09-28,1.461149284,51.6000486196748,0.013486529904382993
2021-09-29,1.854753452,65.5000617313444,0.017119529242883017
2021-09-30,8.211885512,290.0002732906264,0.07579638900809087
2021-10-01,2.469229023,87.20008217853811,0.022791190074908117
2021-10-02,0.809861813,28.600026967551102,0.007475092161385426
2021-10-03,0.037095069,1.3100012332143,0.000342390584488457
2021-10-04,0.003398022,0.12000012752340002,3.136402681134346e-05
2021-10-05,0.741901381,26.200024699600704,0.006847811698999224
2021-10-06,14.61149284,516.000486196748,0.1348652990438299
2021-10-07,11.12852071,393.00037031743705,0.10271717543883793
2021-10-08,0.894812352,31.6000297671744,0.008259192730138093
2021-10-09,0.041342596,1.4600013749612002,0.0003815956133875946
2021-10-10,0.005380201,0.19000018425470003,4.965970450291873e-05
2021-10-11,0.005380201,0.19000018425470003,4.965970450291873e-05
2021-10-12,0.005380201,0.19000018425470003,4.965970450291873e-05
2021-10-13,0.005380201,0.19000018425470003,4.965970450291873e-05
2021-10-14,0.005380201,0.19000018425470003,4.965970450291873e-05
2021-10-15,0.005380201,0.19000018425470003,4.965970450291873e-05
2021-10-16,0.005380201,0.19000018425470003,4.965970450291873e-05
2021-10-17,0.005380201,0.19000018425470003,4.965970450291873e-05
2021-10-18,0.005380201,0.19000018425470003,4.965970450291873e-05
2021-10-19,0.005380201,0.19000018425470003,4.965970450291873e-05
2021-10-20,0.005380201,0.19000018425470003,4.965970450291873e-05
2021-10-21,0.005380201,0.19000018425470003,4.965970450291873e-05
2021-10-22,0.005380201,0.19000018425470003,4.965970450291873e-05
2021-10-23,0.005380201,0.19000018425470003,4.965970450291873e-05
2021-10-24,0.005380201,0.19000018425470003,4.965970450291873e-05
2021-10-25,0.005380201,0.19000018425470003,4.965970450291873e-05
2021-10-26,0.005380201,0.19000018425470003,4.965970450291873e-05
2021-10-27,0.004530695,0.16000013471650001,4.181869318504111e-05
2021-10-28,0.003964359,0.1400001487773,3.659136461323404e-05
2021-10-29,0.004247527,0.15000014174690002,3.9205028899137574e-05
2021-10-30,0.004247527,0.15000014174690002,3.9205028899137574e-05
2021-10-31,0.004530695,0.16000013471650001,4.181869318504111e-05
2021-11-01,0.004530695,0.16000013471650001,4.181869318504111e-05
2021-11-02,0.004813864,0.1700001630008,4.4432366701028156e-05
2021-11-03,0.004813864,0.1700001630008,4.4432366701028156e-05
2021-11-04,0.004813864,0.1700001630008,4.4432366701028156e-05
2021-11-05,0.005097032,0.1800001559704,4.7046030986931686e-05
2021-11-06,0.005380201,0.19000018425470003,4.965970450291873e-05
2021-11-07,0.005380201,0.19000018425470003,4.965970450291873e-05
2021-11-08,0.005663369,0.2000001772243,5.227336878882226e-05
2021-11-09,0.005663369,0.2000001772243,5.227336878882226e-05
2021-11-10,0.005946538,0.21000020550860002,5.4887042304809305e-05
2021-11-11,0.005946538,0.21000020550860002,5.4887042304809305e-05
2021-11-12,0.006229706,0.22000019847820002,5.750070659071284e-05
2021-11-13,0.006512875,0.2300002267625,6.011438010669987e-05
2021-11-14,0.006229706,0.22000019847820002,5.750070659071284e-05
2021-11-15,0.000849505,0.0300000142235,7.841002087794113e-06
2021-11-16,0.113833723,4.020003777628101,0.0010506947689588367
2021-11-17,0.004530695,0.16000013471650001,4.181869318504111e-05
2021-11-18,,,
2021-11-19,0.000849505,0.0300000142235,7.841002087794113e-06
2021-11-20,0.134221853,4.7400044721391,0.0012388789113667307
2021-11-21,0.213509023,7.5400070945381,0.0019707061113305763
2021-11-22,0.190855546,6.7400063503262,0.0017616126269452035
2021-11-23,0.246639734,8.7100082142898,0.002276505340435883
2021-11-24,0.041625764,1.4700013679308002,0.0003842092776734982
2021-11-25,0.081552518,2.8800027074146004,0.000752736551171408
2021-11-26,0.005097032,0.1800001559704,4.7046030986931686e-05
2021-11-27,0.039360417,1.3900013182299,0.0003632999356960193
2021-11-28,0.09231292,3.2600030759240006,0.0008520559601772455
2021-11-29,0.006229706,0.22000019847820002,5.750070659071284e-05
2021-11-30,0.614475571,21.700020447193705,0.0056716608320250975
2021-12-01,0.067394095,2.3800022466965003,0.0006220531245843107
2021-12-02,0.002265348,0.0800000850156,2.0909351207562306e-05
2021-12-03,0.003114853,0.11000009923910001,2.875035329535642e-05
2021-12-04,,,
2021-12-05,,,
2021-12-06,0.000566337,0.0200000212539,5.2273378018905765e-06
2021-12-07,0.035962395,1.2700011907065,0.0003319359088846759
2021-12-08,0.084667371,2.9900028066537003,0.0007814869044667645
2021-12-09,0.021237635,0.7500007087345001,0.00019602514449568788
2021-12-10,0.154609982,5.4600051313354,0.001427063044544541
2021-12-11,0.835346974,29.5000277827178,0.007710322325550167
2021-12-12,0.33413879,11.800011127213,0.0030841289339121
2021-12-13,0.02208714,0.780000722958,0.000203866146583482
2021-12-14,,,
2021-12-15,0.009061391,0.3200003047477,8.363739560016573e-05
2021-12-16,0.222853583,7.8700074275701,0.002056957180446729
2021-12-17,0.679604318,24.000022608874602,0.006272804605401845
2021-12-18,0.002548516,0.0900000779852,2.3523015493465843e-05
2021-12-19,,,
2021-12-20,0.000283168,0.0099999929696,2.613664285903536e-06
2021-12-21,0.218039719,7.7000072645693,0.002012524813745701
2021-12-22,0.039926754,1.4100013394838002,0.0003685272734979099
2021-12-23,0.025485162,0.9000008504814,0.00023523017339482542
2021-12-24,0.025485162,0.9000008504814,0.00023523017339482542
2021-12-25,2.055803063,72.60006842892611,0.018975233941032166
2021-12-26,1.047723324,37.0000348700628,0.009670573770507044
2021-12-27,0.091463414,3.2300030263858006,0.0008442149488593678
2021-12-28,0.025485162,0.9000008504814,0.00023523017339482542
2021-12-29,0.026334667,0.9300008647049001,0.00024307117548261952
2021-12-30,0.026617836,0.9400008929892,0.0002456848489986066
2021-12-31,0.026334667,0.9300008647049001,0.00024307117548261952
2022-01-01,0.026051499,0.9200008717353,0.000240457511196716
2022-01-02,0.02576833,0.910000843451,0.00023784383768072896
2022-01-03,0.02576833,0.910000843451,0.00023784383768072896
2022-01-04,0.026051499,0.9200008717353,0.000240457511196716
2022-01-05,0.026051499,0.9200008717353,0.000240457511196716
2022-01-06,0.026334667,0.9300008647049001,0.00024307117548261952
2022-01-07,0.02775051,0.9800009354970001,0.00025613952460238774
2022-01-08,0.029166352,1.0300009709744,0.0002692078644920724
2022-01-09,0.026334667,0.9300008647049001,0.00024307117548261952
2022-01-10,0.07758816,2.740002593952,0.0007161451957882575
2022-01-11,0.02576833,0.910000843451,0.00023784383768072896
2022-01-12,0.02576833,0.910000843451,0.00023784383768072896
2022-01-13,0.02576833,0.910000843451,0.00023784383768072896
2022-01-14,0.026051499,0.9200008717353,0.000240457511196716
2022-01-15,0.026051499,0.9200008717353,0.000240457511196716
2022-01-16,0.02576833,0.910000843451,0.00023784383768072896
2022-01-17,0.025201993,0.8900008221971,0.0002326164998788384
2022-01-18,0.02576833,0.910000843451,0.00023784383768072896
2022-01-19,0.026051499,0.9200008717353,0.000240457511196716
2022-01-20,0.026334667,0.9300008647049001,0.00024307117548261952
2022-01-21,0.025485162,0.9000008504814,0.00023523017339482542
2022-01-22,0.026617836,0.9400008929892,0.0002456848489986066
2022-01-23,0.027467341,0.9700009072127,0.0002535258510864007
2022-01-24,0.026051499,0.9200008717353,0.000240457511196716
2022-01-25,0.025201993,0.8900008221971,0.0002326164998788384
2022-01-26,0.026617836,0.9400008929892,0.0002456848489986066
2022-01-27,0.025201993,0.8900008221971,0.0002326164998788384
2022-01-28,0.025201993,0.8900008221971,0.0002326164998788384
2022-01-29,0.025201993,0.8900008221971,0.0002326164998788384
2022-01-30,0.025201993,0.8900008221971,0.0002326164998788384
2022-01-31,0.025201993,0.8900008221971,0.0002326164998788384
2022-02-01,0.025485162,0.9000008504814,0.00023523017339482542
2022-02-02,0.026051499,0.9200008717353,0.000240457511196716
2022-02-03,0.025485162,0.9000008504814,0.00023523017339482542
2022-02-04,0.024918825,0.8800008292275,0.00023000283559293486
2022-02-05,0.024918825,0.8800008292275,0.00023000283559293486
2022-02-06,0.025485162,0.9000008504814,0.00023523017339482542
2022-02-07,0.025485162,0.9000008504814,0.00023523017339482542
2022-02-08,0.026051499,0.9200008717353,0.000240457511196716
2022-02-09,0.027467341,0.9700009072127,0.0002535258510864007
2022-02-10,0.028316847,1.0000009567509,0.0002613668624042783
2022-02-11,0.07022578,2.4800023529660002,0.0006481898135937635
2022-02-12,0.331307105,11.700011020943501,0.003057992244902647
2022-02-13,0.02576833,0.910000843451,0.00023784383768072896
2022-02-14,0.026051499,0.9200008717353,0.000240457511196716
2022-02-15,0.026617836,0.9400008929892,0.0002456848489986066
2022-02-16,0.026334667,0.9300008647049001,0.00024307117548261952
2022-02-17,0.026334667,0.9300008647049001,0.00024307117548261952
2022-02-18,0.026334667,0.9300008647049001,0.00024307117548261952
2022-02-19,0.026334667,0.9300008647049001,0.00024307117548261952
2022-02-20,0.026334667,0.9300008647049001,0.00024307117548261952
2022-02-21,0.026334667,0.9300008647049001,0.00024307117548261952
2022-02-22,0.026334667,0.9300008647049001,0.00024307117548261952
2022-02-23,0.026334667,0.9300008647049001,0.00024307117548261952
2022-02-24,0.026334667,0.9300008647049001,0.00024307117548261952
2022-02-25,0.026334667,0.9300008647049001,0.00024307117548261952
2022-02-26,0.026334667,0.9300008647049001,0.00024307117548261952
2022-02-27,0.026334667,0.9300008647049001,0.00024307117548261952
2022-02-28,0.026334667,0.9300008647049001,0.00024307117548261952
2022-03-01,0.026334667,0.9300008647049001,0.00024307117548261952
2022-03-02,0.026617836,0.9400008929892,0.0002456848489986066
2022-03-03,0.026617836,0.9400008929892,0.0002456848489986066
2022-03-04,0.026617836,0.9400008929892,0.0002456848489986066
2022-03-05,0.026617836,0.9400008929892,0.0002456848489986066
2022-03-06,0.026617836,0.9400008929892,0.0002456848489986066
2022-03-07,0.026617836,0.9400008929892,0.0002456848489986066
2022-03-08,0.026617836,0.9400008929892,0.0002456848489986066
2022-03-09,0.026617836,0.9400008929892,0.0002456848489986066
2022-03-10,0.026617836,0.9400008929892,0.0002456848489986066
2022-03-11,0.026617836,0.9400008929892,0.0002456848489986066
2022-03-12,0.026617836,0.9400008929892,0.0002456848489986066
2022-03-13,0.026617836,0.9400008929892,0.0002456848489986066
2022-03-14,0.026617836,0.9400008929892,0.0002456848489986066
2022-03-15,0.026617836,0.9400008929892,0.0002456848489986066
2022-03-16,0.026901004,0.9500008859588001,0.00024829851328451015
2022-03-17,0.026901004,0.9500008859588001,0.00024829851328451015
2022-03-18,0.026901004,0.9500008859588001,0.00024829851328451015
2022-03-19,0.026901004,0.9500008859588001,0.00024829851328451015
2022-03-20,0.026901004,0.9500008859588001,0.00024829851328451015
2022-03-21,0.026901004,0.9500008859588001,0.00024829851328451015
2022-03-22,0.026901004,0.9500008859588001,0.00024829851328451015
2022-03-23,0.02775051,0.9800009354970001,0.00025613952460238774
2022-03-24,0.028600015,1.0100009497205,0.0002639805266901819
2022-03-25,0.029732689,1.0500009922283,0.000274435202293963
2022-03-26,0.027467341,0.9700009072127,0.0002535258510864007
2022-03-27,0.028883184,1.0200009780048,0.0002665942002061689
2022-03-28,0.02775051,0.9800009354970001,0.00025613952460238774
2022-03-29,0.02775051,0.9800009354970001,0.00025613952460238774
2022-03-30,0.02775051,0.9800009354970001,0.00025613952460238774
2022-03-31,0.02775051,0.9800009354970001,0.00025613952460238774
2022-04-01,0.028316847,1.0000009567509,0.0002613668624042783
2022-04-02,0.030015857,1.0600009851979,0.0002770488665798665
2022-04-03,0.031998037,1.1300010772439,0.00029534455350152533
2022-04-04,0.035962395,1.2700011907065,0.0003319359088846759
2022-04-05,0.036245564,1.2800012189908,0.0003345495824006629
2022-04-06,0.035679227,1.2600011977369001,0.0003293222445987723
2022-04-07,0.034546553,1.2200011552291001,0.0003188675689949912
2022-04-08,0.03511289,1.2400011764830001,0.00032409490679688176
2022-04-09,0.030865363,1.0900010347361,0.00028488987789774417
2022-04-10,0.029732689,1.0500009922283,0.000274435202293963
2022-04-11,0.029732689,1.0500009922283,0.000274435202293963
2022-04-12,0.0314317,1.11000105599,0.00029011721569963475
2022-04-13,0.029732689,1.0500009922283,0.000274435202293963
2022-04-14,0.029166352,1.0300009709744,0.0002692078644920724
2022-04-15,0.027184173,0.9600009142431,0.00025091218680049716
2022-04-16,0.02576833,0.910000843451,0.00023784383768072896
2022-04-17,0.024635657,0.8700008362579,0.00022738917130703132
2022-04-18,0.024635657,0.8700008362579,0.00022738917130703132
2022-04-19,0.022370309,0.7900007512423001,0.00020647982009946902
2022-04-20,0.021520803,0.7600007017041001,0.0001986388087815914
2022-04-21,0.020671298,0.7300006874806001,0.0001907978066937973
2022-04-22,0.019538624,0.6900006449728001,0.00018034313109001614
2022-04-23,0.018689119,0.6600006307493,0.00017250212900222201
2022-04-24,0.018122782,0.6400006094954,0.00016727479120033146
2022-04-25,0.016990108,0.6000005669876001,0.0001568201155965503
2022-04-26,0.016140603,0.5700005527641,0.0001489791135087562
2022-04-27,0.015857434,0.5600005244798001,0.00014636543999276913
2022-04-28,0.015291097,0.5400005032259,0.00014113810219087858
2022-04-29,0.014441592,0.5100004890024,0.00013329710010308445
2022-04-30,0.013592086,0.4800004394642,0.00012545608878520683
2022-05-01,0.013308918,0.4700004464946,0.0001228424244993033
2022-05-02,0.012742581,0.4500004252407,0.00011761508669741271
2022-05-03,0.012459413,0.44000043227110003,0.0001150014224115092
2022-05-04,0.011609907,0.4100003827329,0.00010716041109363156
2022-05-05,0.010477233,0.37000034022510003,9.670573548985042e-05
2022-05-06,0.008211886,0.2900002905242,7.57963935123716e-05
2022-05-07,0.005946538,0.21000020550860002,5.4887042304809305e-05
2022-05-08,0.004247527,0.15000014174690002,3.9205028899137574e-05
2022-05-09,0.002831685,0.10000010626950001,2.6136689009452884e-05
2022-05-10,0.001982179,0.07000005673130001,1.8295677691575268e-05
2022-05-11,0.001982179,0.07000005673130001,1.8295677691575268e-05
2022-05-12,0.001982179,0.07000005673130001,1.8295677691575268e-05
2022-05-13,0.001699011,0.06000006376170001,1.568201340567173e-05
2022-05-14,0.001982179,0.07000005673130001,1.8295677691575268e-05
2022-05-15,0.001982179,0.07000005673130001,1.8295677691575268e-05
2022-05-16,0.001982179,0.07000005673130001,1.8295677691575268e-05
2022-05-17,0.001982179,0.07000005673130001,1.8295677691575268e-05
2022-05-18,0.001699011,0.06000006376170001,1.568201340567173e-05
2022-05-19,0.001699011,0.06000006376170001,1.568201340567173e-05
2022-05-20,0.001699011,0.06000006376170001,1.568201340567173e-05
2022-05-21,0.001699011,0.06000006376170001,1.568201340567173e-05
2022-05-22,0.001699011,0.06000006376170001,1.568201340567173e-05
2022-05-23,0.001699011,0.06000006376170001,1.568201340567173e-05
2022-05-24,0.001699011,0.06000006376170001,1.568201340567173e-05
2022-05-25,0.002265348,0.0800000850156,2.0909351207562306e-05
2022-05-26,0.001982179,0.07000005673130001,1.8295677691575268e-05
2022-05-27,0.001699011,0.06000006376170001,1.568201340567173e-05
2022-05-28,0.001699011,0.06000006376170001,1.568201340567173e-05
2022-05-29,0.001699011,0.06000006376170001,1.568201340567173e-05
2022-05-30,0.001982179,0.07000005673130001,1.8295677691575268e-05
2022-05-31,0.001982179,0.07000005673130001,1.8295677691575268e-05
2022-06-01,0.001982179,0.07000005673130001,1.8295677691575268e-05
2022-06-02,0.001982179,0.07000005673130001,1.8295677691575268e-05
2022-06-03,0.001982179,0.07000005673130001,1.8295677691575268e-05
2022-06-04,0.001982179,0.07000005673130001,1.8295677691575268e-05
2022-06-05,0.001982179,0.07000005673130001,1.8295677691575268e-05
2022-06-06,0.001982179,0.07000005673130001,1.8295677691575268e-05
2022-06-07,0.001982179,0.07000005673130001,1.8295677691575268e-05
2022-06-08,0.001699011,0.06000006376170001,1.568201340567173e-05
2022-06-09,0.001982179,0.07000005673130001,1.8295677691575268e-05
2022-06-10,0.001982179,0.07000005673130001,1.8295677691575268e-05
2022-06-11,0.001699011,0.06000006376170001,1.568201340567173e-05
2022-06-12,0.001699011,0.06000006376170001,1.568201340567173e-05
2022-06-13,0.001699011,0.06000006376170001,1.568201340567173e-05
2022-06-14,0.000849505,0.0300000142235,7.841002087794113e-06
2022-06-15,0.000566337,0.0200000212539,5.2273378018905765e-06
2022-06-16,0.000566337,0.0200000212539,5.2273378018905765e-06
2022-06-17,0.000566337,0.0200000212539,5.2273378018905765e-06
2022-06-18,0.000566337,0.0200000212539,5.2273378018905765e-06
2022-06-19,0.000566337,0.0200000212539,5.2273378018905765e-06
2022-06-20,0.000566337,0.0200000212539,5.2273378018905765e-06
2022-06-21,0.000566337,0.0200000212539,5.2273378018905765e-06
2022-06-22,0.000566337,0.0200000212539,5.2273378018905765e-06
2022-06-23,0.000283168,0.0099999929696,2.613664285903536e-06
2022-06-24,0.000283168,0.0099999929696,2.613664285903536e-06
2022-06-25,0.000283168,0.0099999929696,2.613664285903536e-06
2022-06-26,0.000283168,0.0099999929696,2.613664285903536e-06
2022-06-27,0.000566337,0.0200000212539,5.2273378018905765e-06
2022-06-28,0.022370309,0.7900007512423001,0.00020647982009946902
2022-06-29,0.000566337,0.0200000212539,5.2273378018905765e-06
2022-06-30,0.000566337,0.0200000212539,5.2273378018905765e-06
2022-07-01,0.000566337,0.0200000212539,5.2273378018905765e-06
2022-07-02,0.000566337,0.0200000212539,5.2273378018905765e-06
2022-07-03,0.000566337,0.0200000212539,5.2273378018905765e-06
2022-07-04,0.000566337,0.0200000212539,5.2273378018905765e-06
2022-07-05,0.000566337,0.0200000212539,5.2273378018905765e-06
2022-07-06,0.000566337,0.0200000212539,5.2273378018905765e-06
2022-07-07,0.000566337,0.0200000212539,5.2273378018905765e-06
2022-07-08,0.000566337,0.0200000212539,5.2273378018905765e-06
2022-07-09,0.000566337,0.0200000212539,5.2273378018905765e-06
2022-07-10,0.000566337,0.0200000212539,5.2273378018905765e-06
2022-07-11,0.000566337,0.0200000212539,5.2273378018905765e-06
2022-07-12,0.000566337,0.0200000212539,5.2273378018905765e-06
2022-07-13,0.000566337,0.0200000212539,5.2273378018905765e-06
2022-07-14,0.000566337,0.0200000212539,5.2273378018905765e-06
2022-07-15,0.000566337,0.0200000212539,5.2273378018905765e-06
2022-07-16,0.000566337,0.0200000212539,5.2273378018905765e-06
2022-07-17,0.000566337,0.0200000212539,5.2273378018905765e-06
2022-07-18,0.000566337,0.0200000212539,5.2273378018905765e-06
2022-07-19,0.000566337,0.0200000212539,5.2273378018905765e-06
2022-07-20,0.000566337,0.0200000212539,5.2273378018905765e-06
2022-07-21,0.000566337,0.0200000212539,5.2273378018905765e-06
2022-07-22,0.000566337,0.0200000212539,5.2273378018905765e-06
2022-07-23,0.000566337,0.0200000212539,5.2273378018905765e-06
2022-07-24,0.000566337,0.0200000212539,5.2273378018905765e-06
2022-07-25,0.000566337,0.0200000212539,5.2273378018905765e-06
2022-07-26,0.000566337,0.0200000212539,5.2273378018905765e-06
2022-07-27,0.365287321,12.9000121549187,0.003371632476095748
2022-07-28,11.32673864,400.000377050008,0.10454674348489798
2022-07-29,17.98119759,635.000598531573,0.16596795527304545
2022-07-30,17.13169219,605.000570182193,0.1581269494932179
2022-07-31,7.900400199,279.0002629076253,0.07292135355856413
2022-08-01,7.503964347,265.0002497250009,0.06926221754028475
2022-08-02,3.284754205,116.00010932331351,0.03031855560508236
2022-08-03,1.237446196,43.700041177881204,0.011421731721848467
2022-08-04,0.124310957,4.3900041531679,0.001147400513678771
2022-08-05,2.695763796,95.2000897266012,0.024882124946452092
2022-08-06,0.504039869,17.8000167617743,0.00465233008064752
2022-08-07,0.000566337,0.0200000212539,5.2273378018905765e-06
2022-08-08,0.000566337,0.0200000212539,5.2273378018905765e-06
2022-08-09,0.000283168,0.0099999929696,2.613664285903536e-06
2022-08-10,0.000283168,0.0099999929696,2.613664285903536e-06
2022-08-11,0.000283168,0.0099999929696,2.613664285903536e-06
2022-08-12,3.086536279,109.00010273200131,0.028488987595942664
2022-08-13,1.189307557,42.000039583187906,0.01097740806406827
2022-08-14,1.526278031,53.9000507813557,0.01408767367775974
2022-08-15,5.663369318,200.0001884543746,0.05227337172398882
2022-08-16,10.30733216,364.000343030752,0.09513753654910495
2022-08-17,12.48772935,441.000415676445,0.11526278468656198
2022-08-18,5.804953551,205.0001931674997,0.053580206017550036
2022-08-19,2.32764479,82.200077465413,0.02148435578134689
2022-08-20,3.029902585,107.0001008184995,0.027966253871134106
2022-08-21,0.141584233,5.0000047131251,0.0013068342935612246
2022-08-22,0.00368119,0.130000120493,3.3977691097247e-05
2022-08-23,0.000566337,0.0200000212539,5.2273378018905765e-06
2022-08-24,0.000283168,0.0099999929696,2.613664285903536e-06
2022-08-25,0.157158499,5.550005244635301,0.0014505860692680902
2022-08-26,0.108736691,3.8400036216577003,0.0010036487379719052
2022-08-27,7.56059804,267.000251603188,0.06978495125586322
2022-08-28,2.616476625,92.4000870688875,0.02415029773725816
2022-08-29,0.144699086,5.110004812364201,0.001335584646856581
2022-08-30,,,
2022-08-31,,,
2022-09-01,,,
2022-09-02,,,
2022-09-03,,,
2022-09-04,,,
2022-09-05,,,
2022-09-06,,,
2022-09-07,,,
2022-09-08,,,
2022-09-09,,,
2022-09-10,,,
2022-09-11,0.001699011,0.06000006376170001,1.568201340567173e-05
2022-09-12,,,
2022-09-13,0.447406176,15.8000148835872,0.004129596365069046
2022-09-14,1.851921767,65.40006162507491,0.017093392553873564
2022-09-15,0.286000151,10.1000095325197,0.002639805276131902
2022-09-16,0.020104961,0.7100006662267001,0.00018557046889190672
2022-09-17,,,
2022-09-18,,,
2022-09-19,,,
2022-09-20,,,
2022-09-21,,,
2022-09-22,9.514460455,336.00031663018854,0.08781926450331608
2022-09-23,7.503964347,265.0002497250009,0.06926221754028475
2022-09-24,1.36770369,48.300045501243,0.012624019268601966
2022-09-25,0.011609907,0.4100003827329,0.00010716041109363156
2022-09-26,,,
2022-09-27,,,
2022-09-28,,,
2022-09-29,,,
2022-09-30,,,
2022-10-01,,,
2022-10-02,,,
2022-10-03,9.514460455,336.00031663018854,0.08781926450331608
2022-10-04,2.378615114,84.00007916637581,0.02195481612813654
2022-10-05,0.099108963,3.5000032956561,0.0009147840045698487
2022-10-06,0.030582194,1.0800010064518,0.00028227620438175716
2022-10-07,0.005663369,0.2000001772243,5.227336878882226e-05
2022-10-08,,,
2022-10-09,,,
2022-10-10,,,
2022-10-11,,,
2022-10-12,,,
2022-10-13,,,
2022-10-14,,,
2022-10-15,,,
2022-10-16,,,
2022-10-17,0.104205995,3.6800034516265,0.0009618300355567806
2022-10-18,,,
2022-10-19,,,
2022-10-20,,,
2022-10-21,,,
2022-10-22,,,
2022-10-23,,,
2022-10-24,,,
2022-10-25,,,
2022-10-26,,,
2022-10-27,,,
2022-10-28,,,
2022-10-29,,,
2022-10-30,,,
2022-10-31,,,
2022-11-01,,,
2022-11-02,,,
2022-11-03,,,
2022-11-04,,,
2022-11-05,0.000283168,0.0099999929696,2.613664285903536e-06
2022-11-06,,,
2022-11-07,,,
2022-11-08,0.000283168,0.0099999929696,2.613664285903536e-06
2022-11-09,0.000283168,0.0099999929696,2.613664285903536e-06
2022-11-10,0.000566337,0.0200000212539,5.2273378018905765e-06
2022-11-11,0.000849505,0.0300000142235,7.841002087794113e-06
2022-11-12,0.001132674,0.0400000425078,1.0454675603781153e-05
2022-11-13,0.001132674,0.0400000425078,1.0454675603781153e-05
2022-11-14,0.001415842,0.05000003547740001,1.306833988968469e-05
2022-11-15,0.001982179,0.07000005673130001,1.8295677691575268e-05
2022-11-16,0.002548516,0.0900000779852,2.3523015493465843e-05
2022-11-17,0.002831685,0.10000010626950001,2.6136689009452884e-05
2022-11-18,0.003114853,0.11000009923910001,2.875035329535642e-05
2022-11-19,0.004247527,0.15000014174690002,3.9205028899137574e-05
2022-11-20,0.004530695,0.16000013471650001,4.181869318504111e-05
2022-11-21,0.018689119,0.6600006307493,0.00017250212900222201
2022-11-22,0.022936646,0.8100007724962001,0.00021170715790135963
2022-11-23,0.021237635,0.7500007087345001,0.00019602514449568788
2022-11-24,0.019821793,0.7000006732571,0.0001829568046060032
2022-11-25,0.017839613,0.6300005812111,0.0001646611176843444
2022-11-26,0.015857434,0.5600005244798001,0.00014636543999276913
2022-11-27,0.014441592,0.5100004890024,0.00013329710010308445
2022-11-28,0.013308918,0.4700004464946,0.0001228424244993033
2022-11-29,0.012176244,0.4300004039868,0.00011238774889552213
2022-11-30,0.011326739,0.40000038976330005,0.00010454674680772804
2022-12-01,0.010477233,0.37000034022510003,9.670573548985042e-05
2022-12-02,0.009627728,0.3400003260016,8.886473340205631e-05
2022-12-03,0.009061391,0.3200003047477,8.363739560016573e-05
2022-12-04,0.008495054,0.30000028349380004,7.841005779827515e-05
2022-12-05,0.008211886,0.2900002905242,7.57963935123716e-05
2022-12-06,0.007928717,0.28000026223990004,7.318271999638457e-05
2022-12-07,0.007928717,0.28000026223990004,7.318271999638457e-05
2022-12-08,0.007645549,0.2700002692703,7.056905571048104e-05
2022-12-09,0.00736238,0.260000240986,6.7955382194494e-05
2022-12-10,0.007079212,0.25000024801640003,6.534171790859045e-05
2022-12-11,0.006796043,0.2400002197321,6.272804439260342e-05
2022-12-12,0.006796043,0.2400002197321,6.272804439260342e-05
2022-12-13,0.006512875,0.2300002267625,6.011438010669987e-05
2022-12-14,0.006229706,0.22000019847820002,5.750070659071284e-05
2022-12-15,0.005946538,0.21000020550860002,5.4887042304809305e-05
2022-12-16,0.005946538,0.21000020550860002,5.4887042304809305e-05
2022-12-17,0.005663369,0.2000001772243,5.227336878882226e-05
2022-12-18,0.005380201,0.19000018425470003,4.965970450291873e-05
2022-12-19,0.005380201,0.19000018425470003,4.965970450291873e-05
2022-12-20,0.005097032,0.1800001559704,4.7046030986931686e-05
2022-12-21,0.004813864,0.1700001630008,4.4432366701028156e-05
2022-12-22,0.004813864,0.1700001630008,4.4432366701028156e-05
2022-12-23,0.004530695,0.16000013471650001,4.181869318504111e-05
2022-12-24,0.004530695,0.16000013471650001,4.181869318504111e-05
2022-12-25,0.004247527,0.15000014174690002,3.9205028899137574e-05
2022-12-26,0.003964359,0.1400001487773,3.659136461323404e-05
2022-12-27,0.003964359,0.1400001487773,3.659136461323404e-05
2022-12-28,0.001982179,0.07000005673130001,1.8295677691575268e-05
2022-12-29,0.222570414,7.8600073992858,0.002054343506930742
2022-12-30,0.000566337,0.0200000212539,5.2273378018905765e-06
2022-12-31,0.000849505,0.0300000142235,7.841002087794113e-06
2023-01-01,0.000849505,0.0300000142235,7.841002087794113e-06
2023-01-02,0.000849505,0.0300000142235,7.841002087794113e-06
2023-01-03,0.000849505,0.0300000142235,7.841002087794113e-06
2023-01-04,0.000849505,0.0300000142235,7.841002087794113e-06
2023-01-05,0.000849505,0.0300000142235,7.841002087794113e-06
2023-01-06,0.000849505,0.0300000142235,7.841002087794113e-06
2023-01-07,0.000849505,0.0300000142235,7.841002087794113e-06
2023-01-08,0.000566337,0.0200000212539,5.2273378018905765e-06
2023-01-09,0.000566337,0.0200000212539,5.2273378018905765e-06
2023-01-10,0.000566337,0.0200000212539,5.2273378018905765e-06
2023-01-11,0.000566337,0.0200000212539,5.2273378018905765e-06
2023-01-12,0.001132674,0.0400000425078,1.0454675603781153e-05
2023-01-13,0.001415842,0.05000003547740001,1.306833988968469e-05
2023-01-14,0.001415842,0.05000003547740001,1.306833988968469e-05
2023-01-15,0.001132674,0.0400000425078,1.0454675603781153e-05
2023-01-16,0.001132674,0.0400000425078,1.0454675603781153e-05
2023-01-17,0.001132674,0.0400000425078,1.0454675603781153e-05
2023-01-18,0.005946538,0.21000020550860002,5.4887042304809305e-05
2023-01-19,,,
2023-01-20,,,
2023-01-21,,,
2023-01-22,,,
2023-01-23,0.000283168,0.0099999929696,2.613664285903536e-06
2023-01-24,0.000283168,0.0099999929696,2.613664285903536e-06
2023-01-25,0.000283168,0.0099999929696,2.613664285903536e-06
2023-01-26,0.000283168,0.0099999929696,2.613664285903536e-06
2023-01-27,0.000283168,0.0099999929696,2.613664285903536e-06
2023-01-28,0.000283168,0.0099999929696,2.613664285903536e-06
2023-01-29,0.000283168,0.0099999929696,2.613664285903536e-06
2023-01-30,0.000283168,0.0099999929696,2.613664285903536e-06
2023-01-31,0.000283168,0.0099999929696,2.613664285903536e-06
2023-02-01,0.000283168,0.0099999929696,2.613664285903536e-06
2023-02-02,0.000283168,0.0099999929696,2.613664285903536e-06
2023-02-03,0.000283168,0.0099999929696,2.613664285903536e-06
2023-02-04,0.000283168,0.0099999929696,2.613664285903536e-06
2023-02-05,0.000283168,0.0099999929696,2.613664285903536e-06
2023-02-06,,,
2023-02-07,,,
2023-02-08,,,
2023-02-09,,,
2023-02-10,,,
2023-02-11,,,
2023-02-12,,,
2023-02-13,,,
2023-02-14,,,
2023-02-15,,,
2023-02-16,,,
2023-02-17,,,
2023-02-18,,,
2023-02-19,,,
2023-02-20,,,
2023-02-21,,,
2023-02-22,,,
2023-02-23,,,
2023-02-24,,,
2023-02-25,,,
2023-02-26,,,
2023-02-27,,,
2023-02-28,,,
2023-03-01,,,
2023-03-02,,,
2023-03-03,,,
2023-03-04,,,
2023-03-05,,,
2023-03-06,,,
2023-03-07,,,
2023-03-08,,,
2023-03-09,,,
2023-03-10,,,
2023-03-11,,,
2023-03-12,0.373782375,13.2000124384125,0.0034500425338940227
2023-03-13,0.172166427,6.080005719576901,0.001589110497942982
2023-03-14,0.232764479,8.2200077465413,0.0021484355781346887
2023-03-15,0.001699011,0.06000006376170001,1.568201340567173e-05
2023-03-16,4.615645994,163.00015358431182,0.04260279795348178
2023-03-17,11.75149134,415.000391224698,0.10846724637481171
2023-03-18,1.851921767,65.40006162507491,0.017093392553873564
2023-03-19,0.288831835,10.2000096034745,0.0026659419559112714
2023-03-20,0.039926754,1.4100013394838002,0.0003685272734979099
2023-03-21,0.07560598,2.670002501906,0.0006978495088665988
2023-03-22,5.210299773,184.0001733935631,0.04809150199013095
2023-03-23,11.07188702,391.000368545194,0.10219444175094972
2023-03-24,5.946537784,210.00019788062482,0.054887040311111274
2023-03-25,1.480971077,52.3000492929319,0.013669486708988994
2023-03-26,0.221154572,7.8100073638084,0.002041275167041057
2023-03-27,,,
2023-03-28,0.003398022,0.12000012752340002,3.136402681134346e-05
2023-03-29,,,
2023-03-30,,,
2023-03-31,,,
2023-04-01,,,
2023-04-02,,,
2023-04-03,,,
2023-04-04,0.004247527,0.15000014174690002,3.9205028899137574e-05
2023-04-05,1.277089781,45.1000424890807,0.01178764532183039
2023-04-06,0.021520803,0.7600007017041001,0.0001986388087815914
2023-04-07,0.016140603,0.5700005527641,0.0001489791135087562
2023-04-08,0.000566337,0.0200000212539,5.2273378018905765e-06
2023-04-09,0.000283168,0.0099999929696,2.613664285903536e-06
2023-04-10,0.022370309,0.7900007512423001,0.00020647982009946902
2023-04-11,0.018122782,0.6400006094954,0.00016727479120033146
2023-04-12,,,
2023-04-13,0.004530695,0.16000013471650001,4.181869318504111e-05
2023-04-14,0.006796043,0.2400002197321,6.272804439260342e-05
2023-04-15,,,
2023-04-16,,,
2023-04-17,,,
2023-04-18,,,
2023-04-19,0.733406327,25.900024416106902,0.006769401641200948
2023-04-20,2.222872457,78.5000739572179,0.020517298398758134
2023-04-21,1.874575244,66.20006236928681,0.017302486038258937
2023-04-22,0.716416219,25.3000238491193,0.006612581525604398
2023-04-23,0.137336706,4.8500045713782,0.0012676292646620869
2023-04-24,1.965189153,69.40006538144911,0.018138859985030512
2023-04-25,2.916635199,103.0000970621253,0.02692078643997716
2023-04-26,2.395605222,84.6000797333634,0.02211163624373309
2023-04-27,2.033149585,71.8000676493995,0.018766140447416712
2023-04-28,3.794457443,134.0001262623121,0.03502315905451871
2023-04-29,5.210299773,184.0001733935631,0.04809150199013095
2023-04-30,6.39960733,226.00021297675102,0.059068910054199224
2023-05-01,5.861587245,207.00019508100152,0.0541029397423586
2023-05-02,5.210299773,184.0001733935631,0.04809150199013095
2023-05-03,4.275843835,151.0001422798745,0.03946639565078085
2023-05-04,4.275843835,151.0001422798745,0.03946639565078085
2023-05-05,4.445744915,157.0001479497505,0.04103459680674635
2023-05-06,3.65287321,129.000121549187,0.033716324760957476
2023-05-07,3.65287321,129.000121549187,0.033716324760957476
2023-05-08,3.284754205,116.00010932331351,0.03031855560508236
2023-05-09,4.247526989,150.0001413584383,0.03920502879760665
2023-05-10,4.105942756,145.0001366453132,0.037898194504045433
2023-05-11,2.944952046,104.0000980188762,0.02718215330238144
2023-05-12,2.483387446,87.70008263925621,0.022921873501495212
2023-05-13,2.477724077,87.5000824620319,0.022869600132706388
2023-05-14,2.797704443,98.80009309321211,0.02582304563080131
2023-05-15,3.001585739,106.0000998970633,0.02770488701795991
2023-05-16,2.650456841,93.60008820286271,0.02446393796845126
2023-05-17,2.616476625,92.4000870688875,0.02415029773725816
2023-05-18,2.554179563,90.2000850134761,0.023575290652890865
2023-05-19,2.523031031,89.1000839504557,0.023287787101477133
2023-05-20,2.701427165,95.40008990382552,0.024934398315240913
2023-05-21,2.4918825,88.00008292275001,0.023000283559293486
2023-05-22,2.4550706,86.70008171782,0.022660506648321015
2023-05-23,2.341803213,82.7000779261311,0.021615039207933985
2023-05-24,2.310654682,81.6000768984254,0.02132753566575034
2023-05-25,2.271011097,80.20007558722591,0.020961622065768418
2023-05-26,2.16340708,76.400072008076,0.01996842800340029
2023-05-27,1.919882199,67.8000638930253,0.017720673016259764
2023-05-28,1.619723625,57.200053899787505,0.014950184313540765
2023-05-29,1.345050213,47.5000447570311,0.012414925784216593
2023-05-30,1.175149134,41.5000391224698,0.010846724637481172
2023-05-31,1.115683756,39.4000371380132,0.010297854232893247
2023-06-01,1.073208486,37.9000357205442,0.00990580394390187
2023-06-02,1.033564901,36.50003440934471,0.009539890343919949
2023-06-03,0.999584685,35.3000332753695,0.009226250112726847
2023-06-04,0.934455938,33.00003111368861,0.008625106339350099
2023-06-05,0.841010344,29.7000279952568,0.0077625957035690725
2023-06-06,0.756059804,26.7000251603188,0.00697849512558632
2023-06-07,0.685267688,24.200022821413604,0.006325077983420751
2023-06-08,0.631465679,22.3000210141813,0.0058284809476216465
2023-06-09,0.586158724,20.700019490442802,0.005410293969620819
2023-06-10,0.552178509,19.5000183917823,0.005096653747657801
2023-06-11,0.532356716,18.8000177185252,0.004913696943051798
2023-06-12,0.492713131,17.4000164073257,0.004547783343069876
2023-06-13,0.438911122,15.500014600093401,0.0040511863072707705
2023-06-14,0.387940798,13.7000128991306,0.00358072596048112
2023-06-15,0.356792267,12.6000118714249,0.0032932224182974728
2023-06-16,0.331307105,11.700011020943501,0.003057992244902647
2023-06-17,0.28061995,9.910009348265001,0.002590145571628983
2023-06-18,0.231631805,8.1800077040335,0.002137980902530908
2023-06-19,0.187174356,6.6100062298332,0.0017276349358479567
2023-06-20,0.151211961,5.340005039126701,0.001395699026963281
2023-06-21,0.132239674,4.6700044154078,0.0012205832336751553
2023-06-22,0.117231745,4.1400039051515005,0.0010820587957701803
2023-06-23,0.105905006,3.7400035153882,0.0009775120489624524
2023-06-24,0.097126784,3.4300032389248,0.0008964883268782736
2023-06-25,0.089481235,3.1600029696545002,0.0008259192711677927
2023-06-26,0.079004002,2.7900026294294005,0.0007292135356779423
2023-06-27,0.069659443,2.4600023317121003,0.0006429624757918729
2023-06-28,0.065695084,2.3200021829348003,0.0006063711111786389
2023-06-29,0.059182209,2.0900019561723,0.0005462567310719389
2023-06-30,0.048421808,1.7100016229776,0.00044693733129618505
2023-07-01,0.041625764,1.4700013679308002,0.0003842092776734982
2023-07-02,0.040776259,1.4400013537073002,0.000376368275585704
2023-07-03,0.040493091,1.4300013607377002,0.0003737546112998005
2023-07-04,0.037944574,1.3400012474378002,0.00035023158657625117
2023-07-05,0.033130711,1.1700011197517002,0.0003057992291053065
2023-07-06,0.02775051,0.9800009354970001,0.00025613952460238774
2023-07-07,0.025485162,0.9000008504814,0.00023523017339482542
2023-07-08,0.025201993,0.8900008221971,0.0002326164998788384
2023-07-09,0.02208714,0.780000722958,0.000203866146583482
2023-07-10,0.019255456,0.6800006520032,0.00017772946680411262
2023-07-11,0.016140603,0.5700005527641,0.0001489791135087562
2023-07-12,0.013592086,0.4800004394642,0.00012545608878520683
2023-07-13,0.01104357,0.390000361479,0.000101933073291741
2023-07-14,0.006796043,0.2400002197321,6.272804439260342e-05
2023-07-15,0.002831685,0.10000010626950001,2.6136689009452884e-05
2023-07-16,0.000566337,0.0200000212539,5.2273378018905765e-06
2023-07-17,,,
2023-07-18,,,
2023-07-19,,,
2023-07-20,,,
2023-07-21,,,
2023-07-22,,,
2023-07-23,,,
2023-07-24,,,
2023-07-25,,,
2023-07-26,,,
2023-07-27,,,
2023-07-28,,,
2023-07-29,,,
2023-07-30,,,
2023-07-31,,,
2023-08-01,,,
2023-08-02,,,
2023-08-03,,,
2023-08-04,,,
2023-08-05,,,
2023-08-06,,,
2023-08-07,,,
2023-08-08,,,
2023-08-09,,,
2023-08-10,,,
2023-08-11,,,
2023-08-12,,,
2023-08-13,0.00368119,0.130000120493,3.3977691097247e-05
2023-08-14,0.005946538,0.21000020550860002,5.4887042304809305e-05
2023-08-15,0.013308918,0.4700004464946,0.0001228424244993033
2023-08-16,0.100241637,3.5400033381639,0.00092523868017363
2023-08-17,1.70184248,60.100056628456,0.015708148202514066
2023-08-18,1.526278031,53.9000507813557,0.01408767367775974
2023-08-19,0.447406176,15.8000148835872,0.004129596365069046
2023-08-20,,,
2023-08-21,,,
2023-08-22,,,
2023-08-23,,,
2023-08-24,,,
2023-08-25,,,
2023-08-26,,,
2023-08-27,,,
2023-08-28,,,
2023-08-29,,,
2023-08-30,,,
2023-08-31,,,
2023-09-01,,,
2023-09-02,,,
2023-09-03,,,
2023-09-04,,,
2023-09-05,,,
2023-09-06,,,
2023-09-07,,,
2023-09-08,,,
2023-09-09,,,
2023-09-10,,,
2023-09-11,,,
2023-09-12,,,
2023-09-13,,,
2023-09-14,,,
2023-09-15,,,
2023-09-16,,,
2023-09-17,,,
2023-09-18,,,
2023-09-19,,,
2023-09-20,,,
2023-09-21,,,
2023-09-22,,,
2023-09-23,,,
2023-09-24,,,
2023-09-25,,,
2023-09-26,,,
2023-09-27,,,
2023-09-28,,,
2023-09-29,,,
2023-09-30,,,
2023-10-01,,,
2023-10-02,,,
2023-10-03,,,
2023-10-04,,,
2023-10-05,,,
2023-10-06,,,
2023-10-07,,,
2023-10-08,,,
2023-10-09,,,
2023-10-10,,,
2023-10-11,,,
2023-10-12,,,
2023-10-13,,,
2023-10-14,,,
2023-10-15,,,
2023-10-16,,,
2023-10-17,,,
2023-10-18,,,
2023-10-19,,,
2023-10-20,,,
2023-10-21,,,
2023-10-22,,,
2023-10-23,,,
2023-10-24,,,
2023-10-25,,,
2023-10-26,,,
2023-10-27,,,
2023-10-28,,,
2023-10-29,,,
2023-10-30,,,
2023-10-31,,,
2023-11-01,,,
2023-11-02,,,
2023-11-03,,,
2023-11-04,,,
2023-11-05,,,
2023-11-06,,,
2023-11-07,,,
2023-11-08,,,
2023-11-09,,,
2023-11-10,,,
2023-11-11,,,
2023-11-12,,,
2023-11-13,,,
2023-11-14,,,
2023-11-15,0.001982179,0.07000005673130001,1.8295677691575268e-05
2023-11-16,0.003114853,0.11000009923910001,2.875035329535642e-05
2023-11-17,0.003964359,0.1400001487773,3.659136461323404e-05
2023-11-18,0.005097032,0.1800001559704,4.7046030986931686e-05
2023-11-19,0.015007929,0.5300005102563,0.00013852443790497503
2023-11-20,0.009061391,0.3200003047477,8.363739560016573e-05
2023-11-21,0.121479272,4.2900040468984,0.001121263824669318
2023-11-22,0.224269425,7.9200074630475,0.002070025520336414
2023-11-23,0.141867401,5.0100047060947,0.001309447957847128
2023-11-24,0.091180246,3.2200030334162,0.0008416012845734644
2023-11-25,0.083251529,2.9400027711763004,0.0007684185645770797
2023-11-26,0.06088122,2.150002019934,0.0005619387444776107
2023-11-27,0.06456241,2.2800021404270003,0.0005959164355748578
2023-11-28,0.052386166,1.8500017364402,0.00048352868667933557
2023-11-29,0.073057464,2.5800024239208,0.0006743264933731329
2023-11-30,0.069942611,2.4700023246817002,0.0006455761400777764
2023-12-01,0.061730726,2.1800020694722,0.0005697797557954883
2023-12-02,0.142433738,5.030004727348601,0.001314675295649019
2023-12-03,0.259948652,9.1800086607844,0.002399347764935186
2023-12-04,0.136487201,4.8200045571547,0.001259788262574293
2023-12-05,0.120912935,4.2700040256445,0.0011160364868674274
2023-12-06,0.109869365,3.8800036641655002,0.0010141034135756864
2023-12-07,0.167635732,5.920005584860401,0.0015472918047579407
2023-12-08,0.10703768,3.7800035578960003,0.0009879667245662335
2023-12-09,0.07192479,2.540002381413,0.0006638718177693518
2023-12-10,0.06456241,2.2800021404270003,0.0005959164355748578
2023-12-11,0.041625764,1.4700013679308002,0.0003842092776734982
2023-12-12,0.02576833,0.910000843451,0.00023784383768072896
2023-12-13,0.013592086,0.4800004394642,0.00012545608878520683
2023-12-14,0.013025749,0.4600004182103,0.00012022875098331625
2023-12-15,0.013875255,0.49000046774850003,0.00012806976230119387
2023-12-16,0.010477233,0.37000034022510003,9.670573548985042e-05
2023-12-17,0.014158423,0.5000004607181,0.00013068342658709742
2023-12-18,0.023786151,0.8400007867197,0.0002195481599891537
2023-12-19,0.01840595,0.650000602465,0.000169888455486235
2023-12-20,0.030015857,1.0600009851979,0.0002770488665798665
2023-12-21,0.087499056,3.0900029129232003,0.0008076235934762173
2023-12-22,0.154043645,5.440005110081501,0.0014218357067426505
2023-12-23,0.133938684,4.7300044438548,0.0012362652378507437
2023-12-24,0.11440006,4.040003798882,0.0010559221067607276
2023-12-25,0.22880012,8.080007597764,0.002111844213521455
2023-12-26,0.068526769,2.4200022892043003,0.0006325078001880917
2023-12-27,0.043891112,1.5500014529464001,0.00040511862888106045
2023-12-28,0.026617836,0.9400008929892,0.0002456848489986066
2023-12-29,0.01840595,0.650000602465,0.000169888455486235
2023-12-30,0.014441592,0.5100004890024,0.00013329710010308445
2023-12-31,0.023219814,0.8200007654658,0.00021432082218726312
2024-01-01,0.019538624,0.6900006449728001,0.00018034313109001614
2024-01-02,0.016990108,0.6000005669876001,0.0001568201155965503
2024-01-03,0.020671298,0.7300006874806001,0.0001907978066937973
2024-01-04,0.040776259,1.4400013537073002,0.000376368275585704
2024-01-05,0.032564374,1.1500010984978,0.0003005718913034159
2024-01-06,0.027184173,0.9600009142431,0.00025091218680049716
2024-01-07,0.030865363,1.0900010347361,0.00028488987789774417
2024-01-08,0.020104961,0.7100006662267001,0.00018557046889190672
2024-01-09,0.010194065,0.3600003472555,9.409207120394688e-05
2024-01-10,0.020671298,0.7300006874806001,0.0001907978066937973
2024-01-11,0.023219814,0.8200007654658,0.00021432082218726312
2024-01-12,0.014441592,0.5100004890024,0.00013329710010308445
2024-01-13,0.02038813,0.720000694511,0.00018818414240789376
2024-01-14,0.03879408,1.370001296976,0.00035807259789412876
2024-01-15,0.029732689,1.0500009922283,0.000274435202293963
2024-01-16,0.019255456,0.6800006520032,0.00017772946680411262
2024-01-17,0.018689119,0.6600006307493,0.00017250212900222201
2024-01-18,0.020954466,0.7400006804502001,0.00019341147097970085
2024-01-19,0.030015857,1.0600009851979,0.0002770488665798665
2024-01-20,0.032281205,1.1400010702135002,0.0002979582177874289
2024-01-21,0.175847617,6.2100058400699005,0.001623088189040229
2024-01-22,0.430416068,15.200014316599601,0.003972776249472496
2024-01-23,0.368119006,13.000012261188202,0.003397769165105201
2024-01-24,0.314316997,11.1000104539559,0.0029011721293060967
2024-01-25,0.257683304,9.1000085757688,0.002378438413727624
2024-01-26,0.937287622,33.100031184643406,0.008651243019129468
2024-01-27,0.971267838,34.300032318618605,0.008964883250322568
2024-01-28,0.305821943,10.8000101704621,0.0028227620715078217
2024-01-29,0.163954542,5.7900054643674,0.0015133141136606937
2024-01-30,0.121196103,4.2800040186141,0.0011186501511533309
2024-01-31,0.083534697,2.9500027641459003,0.0007710322288629834
2024-02-01,0.0682436,2.4100022609200002,0.0006298941266721048
2024-02-02,0.063429736,2.2400020979192004,0.0005854617599710765
2024-02-03,0.062580231,2.2100020836957,0.0005776207578832824
2024-02-04,0.141301064,4.990004684840801,0.0013042206200452376
2024-02-05,0.113267386,4.0000037563742,0.0010454674311569463
2024-02-06,0.073623801,2.6000024451747,0.0006795538311750235
2024-02-07,0.062297063,2.2000020907261,0.000575007093597379
2024-02-08,0.06088122,2.150002019934,0.0005619387444776107
2024-02-09,0.070792116,2.5000023389052,0.0006534171421655705
2024-02-10,0.065128747,2.3000021616809003,0.0006011437733767482
2024-02-11,0.077871328,2.7500025869216005,0.0007187588600741611
2024-02-12,0.044457449,1.5700014742003001,0.00041034596668295103
2024-02-13,0.098259458,3.4700032814326,0.0009069430024820547
2024-02-14,0.100807974,3.5600033594178,0.0009304660179755205
2024-02-15,0.084101034,2.9700027853998003,0.0007762595666648738
2024-02-16,0.094861436,3.3500031539092,0.0008755789756707112
2024-02-17,0.053802009,1.9000018072323,0.0004965970357991037
2024-02-18,0.047855471,1.6900016017237,0.00044170999349429446
2024-02-19,0.043041607,1.5200014387229002,0.00039727762679326635
2024-02-20,0.044174281,1.5600014812307001,0.0004077323023970475
2024-02-21,0.045590123,1.6100015167081,0.0004208006422867322
2024-02-22,0.037378238,1.3200012614986,0.00034500425800444403
2024-02-23,0.035396058,1.2500011694526,0.00032670857108278527
2024-02-24,0.033130711,1.1700011197517002,0.0003057992291053065
2024-02-25,0.0314317,1.11000105599,0.00029011721569963475
2024-02-26,0.030582194,1.0800010064518,0.00028227620438175716
2024-02-27,0.032847542,1.1600010914674002,0.00030318555558931943
2024-02-28,0.035962395,1.2700011907065,0.0003319359088846759
2024-02-29,0.029732689,1.0500009922283,0.000274435202293963
2024-03-01,0.028600015,1.0100009497205,0.0002639805266901819
2024-03-02,0.025201993,0.8900008221971,0.0002326164998788384
2024-03-03,0.021237635,0.7500007087345001,0.00019602514449568788
2024-03-04,0.019538624,0.6900006449728001,0.00018034313109001614
2024-03-05,0.022370309,0.7900007512423001,0.00020647982009946902
2024-03-06,0.023502983,0.8300007937501,0.00021693449570325018
2024-03-07,0.025485162,0.9000008504814,0.00023523017339482542
2024-03-08,0.033130711,1.1700011197517002,0.0003057992291053065
2024-03-09,0.022370309,0.7900007512423001,0.00020647982009946902
2024-03-10,0.022370309,0.7900007512423001,0.00020647982009946902
2024-03-11,0.023219814,0.8200007654658,0.00021432082218726312
2024-03-12,0.028033678,0.9900009284666,0.00025875318888829126
2024-03-13,0.027184173,0.9600009142431,0.00025091218680049716
2024-03-14,0.023786151,0.8400007867197,0.0002195481599891537
2024-03-15,0.031998037,1.1300010772439,0.00029534455350152533
2024-03-16,1.067545117,37.700035543319906,0.00985353057511305
2024-03-17,0.673940949,23.8000224316503,0.006220531236613023
2024-03-18,0.168768406,5.960005627368201,0.0015577464803617218
2024-03-19,0.101940648,3.6000034019256,0.0009409206935793017
2024-03-20,0.077304991,2.7300025656677,0.0007135315222722705
2024-03-21,0.059182209,2.0900019561723,0.0005462567310719389
2024-03-22,0.05351884,1.8900017789480001,0.0004939833622831167
2024-03-23,0.03879408,1.370001296976,0.00035807259789412876
2024-03-24,0.038510911,1.3600012686917002,0.0003554589243781417
2024-03-25,0.045306955,1.6000015237385001,0.0004181869780008287
2024-03-26,0.030299026,1.0700010134822,0.0002796625400958536
2024-03-27,0.052669335,1.8600017647245,0.0004861423601953226
2024-03-28,0.047572302,1.6800015734394,0.0004390963199783074
2024-03-29,0.03511289,1.2400011764830001,0.00032409490679688176
2024-03-30,0.023502983,0.8300007937501,0.00021693449570325018
2024-03-31,0.02038813,0.720000694511,0.00018818414240789376
2024-04-01,0.023502983,0.8300007937501,0.00021693449570325018
2024-04-02,0.022370309,0.7900007512423001,0.00020647982009946902
2024-04-03,0.021237635,0.7500007087345001,0.00019602514449568788
2024-04-04,0.023786151,0.8400007867197,0.0002195481599891537
2024-04-05,0.033980216,1.2000011339752001,0.0003136402311931006
2024-04-06,0.024918825,0.8800008292275,0.00023000283559293486
2024-04-07,0.018122782,0.6400006094954,0.00016727479120033146
2024-04-08,0.018689119,0.6600006307493,0.00017250212900222201
2024-04-09,0.018122782,0.6400006094954,0.00016727479120033146
2024-04-10,0.016706939,0.5900005387033,0.00015420644208056326
2024-04-11,0.017839613,0.6300005812111,0.0001646611176843444
2024-04-12,0.018122782,0.6400006094954,0.00016727479120033146
2024-04-13,0.015007929,0.5300005102563,0.00013852443790497503
2024-04-14,0.013592086,0.4800004394642,0.00012545608878520683
2024-04-15,0.054651514,1.9300018214558001,0.0005044380378868979
2024-04-16,0.146681265,5.180004869095501,0.0013538803245481564
2024-04-17,0.0682436,2.4100022609200002,0.0006298941266721048
2024-04-18,0.044457449,1.5700014742003001,0.00041034596668295103
2024-04-19,0.046722797,1.6500015592159003,0.00043125531789051335
2024-04-20,0.03879408,1.370001296976,0.00035807259789412876
2024-04-21,0.026051499,0.9200008717353,0.000240457511196716
2024-04-22,0.024918825,0.8800008292275,0.00023000283559293486
2024-04-23,0.013592086,0.4800004394642,0.00012545608878520683
2024-04-24,0.008778222,0.31000027646340006,8.102372208417869e-05
2024-04-25,0.008211886,0.2900002905242,7.57963935123716e-05
2024-04-26,0.019255456,0.6800006520032,0.00017772946680411262
2024-04-27,0.024635657,0.8700008362579,0.00022738917130703132
2024-04-28,0.021803972,0.7700007299884001,0.00020125248229757847
2024-04-29,0.014158423,0.5000004607181,0.00013068342658709742
2024-04-30,0.010194065,0.3600003472555,9.409207120394688e-05
2024-05-01,0.017273276,0.6100005599572,0.00015943377988245384
2024-05-02,0.00736238,0.260000240986,6.7955382194494e-05
2024-05-03,0.006796043,0.2400002197321,6.272804439260342e-05
2024-05-04,0.005946538,0.21000020550860002,5.4887042304809305e-05
2024-05-05,0.004813864,0.1700001630008,4.4432366701028156e-05
2024-05-06,0.009910896,0.35000031897120004,9.147839768795984e-05
2024-05-07,0.005946538,0.21000020550860002,5.4887042304809305e-05
2024-05-08,0.002548516,0.0900000779852,2.3523015493465843e-05
2024-05-09,0.003114853,0.11000009923910001,2.875035329535642e-05
2024-05-10,0.004247527,0.15000014174690002,3.9205028899137574e-05
2024-05-11,0.004813864,0.1700001630008,4.4432366701028156e-05
2024-05-12,0.006229706,0.22000019847820002,5.750070659071284e-05
2024-05-13,0.004247527,0.15000014174690002,3.9205028899137574e-05
2024-05-14,0.002548516,0.0900000779852,2.3523015493465843e-05
2024-05-15,0.001699011,0.06000006376170001,1.568201340567173e-05
2024-05-16,0.001699011,0.06000006376170001,1.568201340567173e-05
2024-05-17,0.000849505,0.0300000142235,7.841002087794113e-06
2024-05-18,,,
2024-05-19,,,
2024-05-20,,,
2024-05-21,,,
2024-05-22,,,
2024-05-23,,,
2024-05-24,,,
2024-05-25,,,
2024-05-26,,,
2024-05-27,,,
2024-05-28,,,
2024-05-29,,,
2024-05-30,,,
2024-05-31,,,
2024-06-01,,,
2024-06-02,,,
2024-06-03,,,
2024-06-04,,,
2024-06-05,,,
2024-06-06,,,
2024-06-07,,,
2024-06-08,,,
2024-06-09,,,
2024-06-10,,,
2024-06-11,,,
2024-06-12,,,
2024-06-13,,,
2024-06-14,0.005380201,0.19000018425470003,4.965970450291873e-05
2024-06-15,,,
2024-06-16,,,
2024-06-17,,,
2024-06-18,,,
2024-06-19,,,
2024-06-20,0.009344559,0.33000029771730005,8.625105988606926e-05
2024-06-21,0.222853583,7.8700074275701,0.002056957180446729
2024-06-22,1.008079739,35.6000335588633,0.009304660170525123
2024-06-23,0.325643736,11.5000108437192,0.0030057188761138253
2024-06-24,0.086649551,3.0600028986997003,0.0007997825913884232
2024-06-25,0.199916937,7.0600066550739,0.0018452500225453693
2024-06-26,0.475723023,16.8000158403381,0.004390963227473325
2024-06-27,0.242109038,8.5500080442586,0.0022346866380207582
2024-06-28,2.423922068,85.6000806547996,0.022373003096907283
2024-06-29,1.953862415,69.0000650270005,0.018034313247452863
2024-06-30,0.385109114,13.6000128281758,0.0035545892807017504
2024-07-01,0.280053613,9.8900093270111,0.0025849182338270925
2024-07-02,0.104772332,3.7000034728804,0.0009670573733586711
2024-07-03,0.281469455,9.9400093624885,0.0025979865737167773
2024-07-04,0.060031715,2.1200020057105,0.0005540977423898166
2024-07-05,0.051253492,1.8100016939324,0.00047307401107555446
2024-07-06,0.018689119,0.6600006307493,0.00017250212900222201
2024-07-07,0.000849505,0.0300000142235,7.841002087794113e-06
2024-07-08,,,
2024-07-09,,,
2024-07-10,,,
2024-07-11,,,
2024-07-12,,,
2024-07-13,,,
2024-07-14,,,
2024-07-15,,,
2024-07-16,,,
2024-07-17,,,
2024-07-18,,,
2024-07-19,,,
2024-07-20,,,
2024-07-21,,,
2024-07-22,,,
2024-07-23,,,
2024-07-24,,,
2024-07-25,,,
2024-07-26,,,
2024-07-27,,,
2024-07-28,,,
2024-07-29,,,
2024-07-30,,,
2024-07-31,,,
2024-08-01,,,
2024-08-02,,,
2024-08-03,,,
2024-08-04,,,
2024-08-05,,,
2024-08-06,0.015007929,0.5300005102563,0.00013852443790497503
2024-08-07,0.001699011,0.06000006376170001,1.568201340567173e-05
2024-08-08,,,
2024-08-09,0.351128898,12.400011694200602,0.0032409490495086506
2024-08-10,3.058219432,108.0001017752504,0.028227620733538385
2024-08-11,2.404100276,84.9000800168572,0.022190046301531364
2024-08-12,1.087366909,38.4000361812623,0.010036487370488968
2024-08-13,0.645624102,22.8000214748994,0.005959164374208744
2024-08-14,4.134259602,146.0001375667494,0.038159561357219624
2024-08-15,1.608396886,56.8000535100242,0.014845637566733037
2024-08-16,0.220588235,7.7900073425545004,0.002036047829239167
2024-08-17,0.069376274,2.4500023034278002,0.0006403488022758858
2024-08-18,0.049554482,1.7500016654854,0.00045739200689996615
2024-08-19,0.004530695,0.16000013471650001,4.181869318504111e-05
2024-08-20,0.169617911,5.990005641591701,0.0015655874824495161
2024-08-21,0.569168616,20.100018923455202,0.005253473854024268
2024-08-22,1.053386693,37.2000350472871,0.009722847139295868
2024-08-23,3.454655284,122.00011495787481,0.031886756751817784
2024-08-24,3.313071051,117.0001102447497,0.030579922458256557
2024-08-25,0.923129199,32.6000307239253,0.008520559592542372
2024-08-26,0.219172393,7.7400073070771,0.0020229794893494818
2024-08-27,0.159707015,5.6400053226205005,0.0014741090847615562
2024-08-28,0.140734728,4.9700046989016,0.0012989932914734305
2024-08-29,0.039643585,1.4000013111995002,0.00036591359998192286
2024-08-30,0.005946538,0.21000020550860002,5.4887042304809305e-05
2024-08-31,0.000566337,0.0200000212539,5.2273378018905765e-06
2024-09-01,,,
2024-09-02,,,
2024-09-03,,,
2024-09-04,,,
2024-09-05,,,
2024-09-06,,,
2024-09-07,,,
2024-09-08,,,
2024-09-09,,,
2024-09-10,,,
2024-09-11,,,
2024-09-12,,,
2024-09-13,,,
2024-09-14,,,
2024-09-15,,,
2024-09-16,,,
2024-09-17,,,
2024-09-18,,,
2024-09-19,,,
2024-09-20,,,
2024-09-21,,,
2024-09-22,,,
2024-09-23,0.045023786,1.5900014954542,0.0004155733044848416
2024-09-24,0.03511289,1.2400011764830001,0.00032409490679688176
2024-09-25,0.002831685,0.10000010626950001,2.6136689009452884e-05
2024-09-26,,,
2024-09-27,,,
2024-09-28,,,
2024-09-29,,,
2024-09-30,,,
2024-10-01,,,
2024-10-02,,,
2024-10-03,,,
2024-10-04,,,
2024-10-05,,,
2024-10-06,,,
2024-10-07,,,
2024-10-08,,,
2024-10-09,,,
2024-10-10,,,
2024-10-11,,,
2024-10-12,,,
2024-10-13,,,
2024-10-14,,,
2024-10-15,,,
2024-10-16,,,
2024-10-17,,,
2024-10-18,0.628633994,22.2000209079118,0.005802344258612193
2024-10-19,4.559012301,161.0001517061247,0.0420800642379033
2024-10-20,5.521785085,195.00018374124951,0.050966537430427596
2024-10-21,1.313901682,46.400043729325404,0.012127422242032945
2024-10-22,0.325643736,11.5000108437192,0.0030057188761138253
2024-10-23,0.116948576,4.1300038768672005,0.0010794451222541932
2024-10-24,0.053235672,1.8800017859784,0.0004913696979972132
2024-10-25,0.036245564,1.2800012189908,0.0003345495824006629
2024-10-26,0.02775051,0.9800009354970001,0.00025613952460238774
2024-10-27,0.021803972,0.7700007299884001,0.00020125248229757847
2024-10-28,0.016423771,0.5800005457337001,0.00015159277779465971
2024-10-29,1.064713432,37.6000354370504,0.009827393886103595
2024-10-30,4.842180767,171.00016113237493,0.04469373282502575
2024-10-31,0.639960733,22.600021297675102,0.005906891005419922
2024-11-01,0.202748622,7.1600067613434,0.0018713867115548223
2024-11-02,0.074190138,2.6200024664286,0.000684781168976914
2024-11-03,0.052386166,1.8500017364402,0.00048352868667933557
2024-11-04,0.052952503,1.8700017576941,0.0004887560244812262
2024-11-05,0.017273276,0.6100005599572,0.00015943377988245384
2024-11-06,0.017839613,0.6300005812111,0.0001646611176843444
2024-11-07,0.015574266,0.5500005315102,0.0001437517757068656
2024-11-08,0.03879408,1.370001296976,0.00035807259789412876
2024-11-09,0.028600015,1.0100009497205,0.0002639805266901819
2024-11-10,0.032564374,1.1500010984978,0.0003005718913034159
2024-11-11,0.045023786,1.5900014954542,0.0004155733044848416
2024-11-12,0.037378238,1.3200012614986,0.00034500425800444403
2024-11-13,0.032281205,1.1400010702135002,0.0002979582177874289
2024-11-14,0.033413879,1.1800011127213001,0.00030841289339121
2024-11-15,0.026617836,0.9400008929892,0.0002456848489986066
2024-11-16,0.020104961,0.7100006662267001,0.00018557046889190672
2024-11-17,0.01840595,0.650000602465,0.000169888455486235
2024-11-18,0.016990108,0.6000005669876001,0.0001568201155965503
2024-11-19,0.013308918,0.4700004464946,0.0001228424244993033
2024-11-20,0.009910896,0.35000031897120004,9.147839768795984e-05
2024-11-21,0.010760402,0.38000036850940005,9.931940900583746e-05
2024-11-22,0.01104357,0.390000361479,0.000101933073291741
2024-11-23,0.015007929,0.5300005102563,0.00013852443790497503
2024-11-24,0.020671298,0.7300006874806001,0.0001907978066937973
2024-11-25,0.024918825,0.8800008292275,0.00023000283559293486
2024-11-26,0.018972287,0.6700006237189001,0.00017511579328812558
2024-11-27,0.058615872,2.0700019349184,0.0005410293932700484
2024-11-28,0.048704976,1.7200016159472,0.0004495509955820885
2024-11-29,0.031148531,1.1000010277057,0.0002875035421836477
2024-11-30,0.022936646,0.8100007724962001,0.00021170715790135963
2024-12-01,0.020104961,0.7100006662267001,0.00018557046889190672
2024-12-02,0.019255456,0.6800006520032,0.00017772946680411262
2024-12-03,0.021237635,0.7500007087345001,0.00019602514449568788
2024-12-04,0.02208714,0.780000722958,0.000203866146583482
2024-12-05,0.019821793,0.7000006732571,0.0001829568046060032
2024-12-06,0.021520803,0.7600007017041001,0.0001986388087815914
2024-12-07,0.020104961,0.7100006662267001,0.00018557046889190672
2024-12-08,0.019821793,0.7000006732571,0.0001829568046060032
2024-12-09,0.029732689,1.0500009922283,0.000274435202293963
2024-12-10,0.025485162,0.9000008504814,0.00023523017339482542
2024-12-11,0.019821793,0.7000006732571,0.0001829568046060032
2024-12-12,0.02208714,0.780000722958,0.000203866146583482
2024-12-13,0.023219814,0.8200007654658,0.00021432082218726312
2024-12-14,0.022370309,0.7900007512423001,0.00020647982009946902
2024-12-15,0.024918825,0.8800008292275,0.00023000283559293486
2024-12-16,0.021803972,0.7700007299884001,0.00020125248229757847
2024-12-17,0.022370309,0.7900007512423001,0.00020647982009946902
2024-12-18,0.019821793,0.7000006732571,0.0001829568046060032
2024-12-19,0.019255456,0.6800006520032,0.00017772946680411262
2024-12-20,0.017839613,0.6300005812111,0.0001646611176843444
2024-12-21,0.018689119,0.6600006307493,0.00017250212900222201
2024-12-22,0.021803972,0.7700007299884001,0.00020125248229757847
2024-12-23,0.035396058,1.2500011694526,0.00032670857108278527
2024-12-24,0.033980216,1.2000011339752001,0.0003136402311931006
2024-12-25,0.068809937,2.4300022821739002,0.0006351214644739953
2024-12-26,0.105055501,3.7100035011647,0.0009696710468746582
2024-12-27,0.093445594,3.3000031184318006,0.0008625106357810267
2024-12-28,0.079853507,2.8200026436529004,0.0007370545377657364
2024-12-29,0.125726799,4.4400041886453,0.0011604688535684553
2024-12-30,0.063712905,2.2500021262035,0.0005880754334870636
2024-12-31,0.131673337,4.650004394153901,0.0012153558958732649
2025-01-01,0.067110926,2.3700022184122003,0.0006194394510683236
2025-01-02,0.035679227,1.2600011977369001,0.0003293222445987723
2025-01-03,0.032847542,1.1600010914674002,0.00030318555558931943
2025-01-04,0.036245564,1.2800012189908,0.0003345495824006629
2025-01-05,0.023786151,0.8400007867197,0.0002195481599891537
2025-01-06,0.021803972,0.7700007299884001,0.00020125248229757847
2025-01-07,0.033697047,1.1900011056909001,0.0003110265576771135
2025-01-08,0.026617836,0.9400008929892,0.0002456848489986066
2025-01-09,0.023502983,0.8300007937501,0.00021693449570325018
2025-01-10,0.032564374,1.1500010984978,0.0003005718913034159
2025-01-11,0.037944574,1.3400012474378002,0.00035023158657625117
2025-01-12,0.023219814,0.8200007654658,0.00021432082218726312
2025-01-13,0.020104961,0.7100006662267001,0.00018557046889190672
2025-01-14,0.010477233,0.37000034022510003,9.670573548985042e-05
2025-01-15,0.026051499,0.9200008717353,0.000240457511196716
2025-01-16,0.018972287,0.6700006237189001,0.00017511579328812558
2025-01-17,0.021520803,0.7600007017041001,0.0001986388087815914
2025-01-18,0.021520803,0.7600007017041001,0.0001986388087815914
2025-01-19,0.014441592,0.5100004890024,0.00013329710010308445
2025-01-20,0.016140603,0.5700005527641,0.0001489791135087562
2025-01-21,0.009344559,0.33000029771730005,8.625105988606926e-05
2025-01-22,0.008495054,0.30000028349380004,7.841005779827515e-05
2025-01-23,0.006512875,0.2300002267625,6.011438010669987e-05
2025-01-24,0.006796043,0.2400002197321,6.272804439260342e-05
2025-01-25,0.006796043,0.2400002197321,6.272804439260342e-05
2025-01-26,0.008778222,0.31000027646340006,8.102372208417869e-05
2025-01-27,0.011893076,0.42000041101720004,0.00010977408460961861
2025-01-28,0.022370309,0.7900007512423001,0.00020647982009946902
2025-01-29,0.039077248,1.3800012899456002,0.0003606862621800323
2025-01-30,0.039926754,1.4100013394838002,0.0003685272734979099
2025-01-31,0.043041607,1.5200014387229002,0.00039727762679326635
2025-02-01,0.048704976,1.7200016159472,0.0004495509955820885
2025-02-02,0.048704976,1.7200016159472,0.0004495509955820885
2025-02-03,0.048704976,1.7200016159472,0.0004495509955820885
2025-02-04,0.201899116,7.1300067118052,0.001863545700236945
2025-02-05,0.489881446,17.3000163010562,0.004521646654060422
2025-02-06,0.62013894,21.900020624418,0.005723934200813919
2025-02-07,0.182926829,6.460006088086301,0.0016884299069488194
2025-02-08,0.149796118,5.290004968334601,0.0013826306778435128
2025-02-09,0.115815903,4.0900038696741,0.0010689904558804956
2025-02-10,0.082402024,2.9100027569528004,0.0007605775624892856
2025-02-11,0.079570339,2.8100026506833005,0.0007344408734798328
2025-02-12,0.058049536,2.0500019489792,0.0005358020646982413
2025-02-13,0.040209922,1.4200013324534002,0.00037114093778381344
2025-02-14,0.064845579,2.2900021687113004,0.0005985301090908448
2025-02-15,0.205863475,7.2700068605825,0.0019001370648501787
2025-02-16,0.362455636,12.8000120486492,0.003345495787086295
2025-02-17,0.181794155,6.420006045578501,0.0016779752313450381
2025-02-18,0.11071887,3.910003678389,0.0010219444156634803
2025-02-19,0.086932719,3.0700028916693003,0.0008023962556743268
2025-02-20,0.056633693,2.0000018781871,0.0005227337155784732
2025-02-21,0.07560598,2.670002501906,0.0006978495088665988
2025-02-22,0.062580231,2.2100020836957,0.0005776207578832824
2025-02-23,0.052386166,1.8500017364402,0.00048352868667933557
2025-02-24,0.051819829,1.8300017151863,0.00047830134887744493
2025-02-25,0.050120818,1.7700016514246,0.0004626193354717732
2025-02-26,0.050687155,1.7900016726785,0.0004678466732736638
2025-02-27,0.045306955,1.6000015237385001,0.0004181869780008287
2025-02-28,0.042192101,1.4900013891847002,0.00038943661547538876
2025-03-01,0.041625764,1.4700013679308002,0.0003842092776734982
2025-03-02,0.038510911,1.3600012686917002,0.0003554589243781417
2025-03-03,0.03879408,1.370001296976,0.00035807259789412876
2025-03-04,0.03879408,1.370001296976,0.00035807259789412876
2025-03-05,0.037944574,1.3400012474378002,0.00035023158657625117
2025-03-06,0.035962395,1.2700011907065,0.0003319359088846759
2025-03-07,0.054085177,1.9100018002019001,0.0004992107000850073
2025-03-08,0.06456241,2.2800021404270003,0.0005959164355748578
2025-03-09,0.05720003,2.020001899441,0.0005279610533803638
2025-03-10,0.051536661,1.8200017222167,0.00047568768459154147
2025-03-11,0.058049536,2.0500019489792,0.0005358020646982413
2025-03-12,0.048704976,1.7200016159472,0.0004495509955820885
2025-03-13,0.043891112,1.5500014529464001,0.00040511862888106045
2025-03-14,0.039643585,1.4000013111995002,0.00036591359998192286
2025-03-15,0.034546553,1.2200011552291001,0.0003188675689949912
2025-03-16,0.034263384,1.2100011269448,0.00031625389547900416
2025-03-17,0.075322812,2.6600025089364,0.0006952358445806952
2025-03-18,0.072207959,2.5500024096973,0.0006664854912853388
2025-03-19,0.050403987,1.7800016797089,0.00046523300898776025
2025-03-20,0.039360417,1.3900013182299,0.0003632999356960193
2025-03-21,0.036528732,1.2900012119604,0.00033716324668656643
2025-03-22,0.03511289,1.2400011764830001,0.00032409490679688176
2025-03-23,0.033697047,1.1900011056909001,0.0003110265576771135
2025-03-24,0.032564374,1.1500010984978,0.0003005718913034159
2025-03-25,0.031998037,1.1300010772439,0.00029534455350152533
2025-03-26,0.030015857,1.0600009851979,0.0002770488665798665
2025-03-27,0.031148531,1.1000010277057,0.0002875035421836477
2025-03-28,0.029732689,1.0500009922283,0.000274435202293963
2025-03-29,0.028883184,1.0200009780048,0.0002665942002061689
2025-03-30,0.02775051,0.9800009354970001,0.00025613952460238774
2025-03-31,0.027184173,0.9600009142431,0.00025091218680049716
2025-04-01,0.024635657,0.8700008362579,0.00022738917130703132
2025-04-02,0.025485162,0.9000008504814,0.00023523017339482542
2025-04-03,0.028883184,1.0200009780048,0.0002665942002061689
2025-04-04,0.027184173,0.9600009142431,0.00025091218680049716
2025-04-05,0.030015857,1.0600009851979,0.0002770488665798665
2025-04-06,0.033130711,1.1700011197517002,0.0003057992291053065
2025-04-07,0.052102998,1.8400017434706,0.000480915022393432
2025-04-08,0.041908933,1.4800013962151002,0.0003868229511894852
2025-04-09,0.031714868,1.1200010489596002,0.00029273087998553827
2025-04-10,0.025485162,0.9000008504814,0.00023523017339482542
2025-04-11,0.023786151,0.8400007867197,0.0002195481599891537
2025-04-12,0.021520803,0.7600007017041001,0.0001986388087815914
2025-04-13,0.018972287,0.6700006237189001,0.00017511579328812558
2025-04-14,0.01840595,0.650000602465,0.000169888455486235
2025-04-15,0.020954466,0.7400006804502001,0.00019341147097970085
2025-04-16,0.023219814,0.8200007654658,0.00021432082218726312
2025-04-17,0.018122782,0.6400006094954,0.00016727479120033146
2025-04-18,0.026617836,0.9400008929892,0.0002456848489986066
2025-04-19,0.030865363,1.0900010347361,0.00028488987789774417
2025-04-20,0.023786151,0.8400007867197,0.0002195481599891537
2025-04-21,0.023786151,0.8400007867197,0.0002195481599891537
2025-04-22,0.02208714,0.780000722958,0.000203866146583482
2025-04-23,0.020104961,0.7100006662267001,0.00018557046889190672
2025-04-24,0.015291097,0.5400005032259,0.00014113810219087858
2025-04-25,0.012742581,0.4500004252407,0.00011761508669741271
2025-04-26,0.010194065,0.3600003472555,9.409207120394688e-05
2025-04-27,0.009910896,0.35000031897120004,9.147839768795984e-05
2025-04-28,0.013592086,0.4800004394642,0.00012545608878520683
2025-04-29,0.01472476,0.520000481972,0.000135910764388988
2025-04-30,0.013025749,0.4600004182103,0.00012022875098331625
2025-05-01,0.01472476,0.520000481972,0.000135910764388988
2025-05-02,0.015574266,0.5500005315102,0.0001437517757068656
2025-05-03,0.013308918,0.4700004464946,0.0001228424244993033
2025-05-04,0.017839613,0.6300005812111,0.0001646611176843444
2025-05-05,0.29166352,10.300009709744002,0.0026920786449207246
2025-05-06,0.082968361,2.9300027782067004,0.0007658049002911762
2025-05-07,0.040776259,1.4400013537073002,0.000376368275585704
2025-05-08,0.053802009,1.9000018072323,0.0004965970357991037
2025-05-09,0.064845579,2.2900021687113004,0.0005985301090908448
2025-05-10,0.028600015,1.0100009497205,0.0002639805266901819
2025-05-11,0.041342596,1.4600013749612002,0.0003815956133875946
2025-05-12,0.009061391,0.3200003047477,8.363739560016573e-05
2025-05-13,0.001699011,0.06000006376170001,1.568201340567173e-05
2025-05-14,0.001132674,0.0400000425078,1.0454675603781153e-05
2025-05-15,0.001982179,0.07000005673130001,1.8295677691575268e-05
2025-05-16,0.009061391,0.3200003047477,8.363739560016573e-05
2025-05-17,0.004530695,0.16000013471650001,4.181869318504111e-05
2025-05-18,0.013308918,0.4700004464946,0.0001228424244993033
2025-05-19,0.055784188,1.9700018639636,0.0005148927134906791
2025-05-20,0.029732689,1.0500009922283,0.000274435202293963
2025-05-21,0.011326739,0.40000038976330005,0.00010454674680772804
2025-05-22,0.006512875,0.2300002267625,6.011438010669987e-05
2025-05-23,0.001982179,0.07000005673130001,1.8295677691575268e-05
2025-05-24,,,
2025-05-25,,,
2025-05-26,,,
2025-05-27,,,
2025-05-28,,,
2025-05-29,,,
2025-05-30,,,
2025-05-31,,,
2025-06-01,,,
2025-06-02,,,
2025-06-03,1.084535224,38.300036074992796,0.010010350681479515
2025-06-04,0.62580231,22.100020836957,0.005776207578832825
2025-06-05,0.267027863,9.4300088734861,0.002464689473613693
2025-06-06,0.693762742,24.500023104907402,0.006403488041219025
2025-06-07,0.302990259,10.7000100995073,0.0027966253917284523
2025-06-08,0.09599411,3.390003196417,0.0008860336512744924
2025-06-09,0.018689119,0.6600006307493,0.00017250212900222201
2025-06-10,0.001982179,0.07000005673130001,1.8295677691575268e-05
2025-06-11,0.000283168,0.0099999929696,2.613664285903536e-06
2025-06-12,,,
2025-06-13,,,
2025-06-14,,,
2025-06-15,,,
2025-06-16,,,
2025-06-17,,,
2025-06-18,,,
2025-06-19,,,
2025-06-20,,,
2025-06-21,,,
2025-06-22,,,
2025-06-23,,,
2025-06-24,,,
2025-06-25,,,
2025-06-26,,,
2025-06-27,,,
2025-06-28,,,
2025-06-29,,,
2025-06-30,,,
2025-07-01,0.000849505,0.0300000142235,7.841002087794113e-06
2025-07-02,0.017273276,0.6100005599572,0.00015943377988245384
2025-07-03,,,
2025-07-04,,,
2025-07-05,,,
2025-07-06,,,
2025-07-07,,,
2025-07-08,,,
2025-07-09,,,
2025-07-10,,,
2025-07-11,,,
2025-07-12,,,
2025-07-13,,,
2025-07-14,,,
2025-07-15,,,
2025-07-16,,,
2025-07-17,,,
2025-07-18,,,
2025-07-19,,,
2025-07-20,,,
2025-07-21,,,
2025-07-22,,,
2025-07-23,,,
2025-07-24,,,
2025-07-25,,,
2025-07-26,,,
2025-07-27,,,
2025-07-28,,,
2025-07-29,,,
2025-07-30,,,
2025-07-31,,,
2025-08-01,,,
2025-08-02,,,
2025-08-03,,,
2025-08-04,,,
2025-08-05,,,
2025-08-06,,,
2025-08-07,,,
2025-08-08,,,
2025-08-09,,,
2025-08-10,,,
2025-08-11,,,
2025-08-12,,,
2025-08-13,,,
2025-08-14,,,
2025-08-15,,,
2025-08-16,,,
2025-08-17,,,
2025-08-18,,,
2025-08-19,,,
2025-08-20,,,
2025-08-21,,,
2025-08-22,,,
2025-08-23,,,
2025-08-24,,,
2025-08-25,0.065978253,2.3300022112191003,0.0006089847846946259
2025-08-26,0.138186211,4.8800045856017,0.0012754702667498812
2025-08-27,1.608396886,56.8000535100242,0.014845637566733037
2025-08-28,1.138337233,40.2000378822251,0.01050694771727862
2025-08-29,0.302990259,10.7000100995073,0.0027966253917284523
2025-08-30,0.065695084,2.3200021829348003,0.0006063711111786389
2025-08-31,0.001982179,0.07000005673130001,1.8295677691575268e-05
2025-09-01,,,
2025-09-02,,,
2025-09-03,,,
2025-09-04,0.410594276,14.5000136786572,0.0037898194540965766
2025-09-05,0.325643736,11.5000108437192,0.0030057188761138253
2025-09-06,0.072774296,2.5700024309512,0.0006717128290872293
2025-09-07,1.435664122,50.700047769193404,0.013251299730988165
2025-09-08,0.656950841,23.200021864662702,0.006063711121016472
2025-09-09,0.133655516,4.720004450885201,0.00123365157356484
2025-09-10,0.042758438,1.5100014104386001,0.0003946639532772793
2025-09-11,0.00368119,0.130000120493,3.3977691097247e-05
2025-09-12,,,
2025-09-13,2.304991313,81.4000767212011,0.021275262296961518
2025-09-14,0.671109264,23.700022325380804,0.00619439454760357
2025-09-15,0.151778298,5.3600050603806,0.0014009263647651714
2025-09-16,0.052669335,1.8600017647245,0.0004861423601953226
2025-09-17,0.006796043,0.2400002197321,6.272804439260342e-05
2025-09-18,,,
2025-09-19,,,
2025-09-20,,,
2025-09-21,,,
2025-09-22,,,
2025-09-23,,,
2025-09-24,,,
2025-09-25,,,
2025-09-26,,,
2025-09-27,,,
2025-09-28,1.582911724,55.9000526595428,0.014610407393338212
2025-09-29,3.171486818,112.00010553162461,0.029273088164695333
2025-09-30,0.886317298,31.300029483680603,0.008180782672339819
